S00F00005A335377697463682E733337E6
S2140000000010002055170000B95E0000BD5E00001D
S2140000102DEA0200C15E0000C95E00002DEA020063
S2140000202DEA02002DEA02002DEA02002DEA020067
S214000030CD5E000098DF03002DEA02002DEA0200E4
S2140000402DEA0200415901002DEA02002DEA0200C5
S21400005081510100653E0300613E030061590100C5
S214000060593E0300E11E0000412000002DEA020078
S2140000709510000091E302002DEA02002DEA02002E
S2140000802DEA02002DEA02005D2000002DEA0200A3
S2140000902DEA02002DEA02002DEA02002DEA0200F7
S2140000A02DEA02002DEA02002DEA02002DEA0200E7
S2140000B0955901005D3E030005710000D15901000D
S2140000C02DEA0200F97C01002DEA02002DEA02006A
S2140000D02DEA02002DEA02002DEA02002DEA0200B7
S2140000E02DEA02002DEA02002DEA02002DEA0200A7
S2140000F02DEA02002DEA02002DEA02002DEA020097
S2140001002DEA02002DEA02002DEA0200000000009F
S214000110013800D0FCE770472DE9F04F93B0CDE9E9
S2140001200A329DED1C7BDDE91E530E9353EC172B14
S214000130CDE90801104619468DED067B209E2DF070
S214000140B5FC80B1DDE90601C94B4FF0FF322DF05A
S214000150D5FC40B9DDE906014FF0FF326FF480139D
S2140001602DF0AEFC80B10E9B2096CDE91E539DED82
S214000170067BDDE90A32DDE908018DED1C7B13B054
S214000180BDE8F04F00F08CB9DDE90601002200233F
S2140001902DF096FC002800F03681DDE906A303F179
S2140001A0004BCBF30A5016F48063A0F2FF3008BF72
S2140001B006250F932DF0A8F99DA3D3E900232DF073
S2140001C00DFA9DA3D3E900232DF052F8CBF31304C8
S2140001D0894644F07F518046A64B0022504641F4A3
S2140001E040112DF043F896A3D3E900232DF0F6F93D
S2140001F002460B46404649462DF03AF82DF088FC5C
S21400020004462DF081F990A3D3E900238046894661
S2140002102DF0E4F9984B00222DF02AF82DF078FC0A
S2140002208BA3D3E900230746494640462DF0D6F96E
S2140002308046384689462DF067F987A3D3E9002320
S2140002402DF0CCF902460B46404649462DF00EF8F6
S21400025002460B46CDE90C232DF0C0F9DDE90C2350
S21400026080468946104619462DF002F8834BCDE9A4
S21400027010010022404649462DF0DAFA804B002253
S2140002802CF0F6FF02460B46404649462DF0D0FAC3
S2140002907C4B00222CF0ECFF02460B4640464946BB
S2140002A02DF0C6FADDE90C238046894600204FF083
S2140002B080412CF0DBFF02460B46404649462CF0B8
S2140002C0D7FF02460B46DDE910012DF0B1FA07F222
S2140002D0FF376D4B00222CF0CBFF00223B052DF0A4
S2140002E07DF952465B46804689462DF007FC00287D
S2140002F040F08C80CDE90C8904F16303C72B34BF32
S2140003000427052731051ED555A3D3E900235046FB
S21400031059462DF0E9FB002800F0828052A3D3E96D
S2140003200023504659462DF0CBFB002878D0A54236
S214000330C8BF2C1B4FF00007CCBF04F1FF350025CB
S21400034046F480663C460E9B9F4234BFA3EB0708EC
S2140003504FF0000816F0020903D0002F18BF4FF028
S21400036000083CB150465946DDE90C232DF060FAF2
S21400037082468B46DDE90601002200232DF0A0FB15
S21400038010B10BF100439B4626F40063CDE90383CE
S214000390CDE900ABDDE90A32DDE90801029500F09F
S2140003A07FF802465FB316F0200F00F10105DDE985
S2140003B009130CBF65204520089EB047052305930A
S2140003C000220A23002CCDE9023207F1FF374FEA5C
S2140003D0D473B8BF644201932A46DDE908010A9B3C
S2140003E00497009432F03CFE0246B9F1000F06D0A6
S2140003F00B9BC41A0B9B1A190E9BA34246D8104699
S21400040013B0BDE8F08FDDE906ABCAE61C4B002250
S214000410404649462DF00CFA013CCDE90C016BE74D
S214000420002D90D00F9B002B8DD0013D8BE700BF99
S214000430FB799F501344D33FB3C8608B288AC63FCE
S21400044061436F63A787D23F71A379094F930A4030
S2140004501655B5BBB16B0240EF39FAFE422EE63FA9
S2140004602D431CEBE2361A3F0000000080842E412C
S214000470FFFFEF7F0000F83F0000E03F00002C4049
S21400048000002440000018400000F03FDDE909139A
S214000490089D2020A8470134ACE700BF00000000FC
S2140004A02DE9F04F97B0DDE920ABCDE90501CDE9A8
S2140004B00723504652465B465946DDE92257249E9E
S2140004C02DF0F4FA70B90323CDE922762193B44BCC
S2140004D02093DDE90501DDE9072317B0BDE8F04FFD
S2140004E032F0DEBC4FF0FF326FF4801350465946B0
S2140004F02DF0E6FA28B104232193CDE92276A94B04
S214000500E6E7A94B4FF0FF32504659462DF0F6FA73
S21400051068B1A64A06F00403002B08BF0322A44BCA
S2140005201CBF13460422CDE922762192D0E798A379
S214000530D3E90023504659462DF0E0FA38B996A381
S214000540D3E90023504659462DF0BAFA68B1DDE9E2
S2140005500723DDE90501CDE92376CDE920AB229519
S21400056017B0BDE8F04FFFF7D7BD00220023504676
S21400057059462DF0A5FA002800F09A805B465246B0
S214000580002000212CF072FE012382468B46099340
S21400059016F4806400F08E80092D40F28E800EAB3B
S2140005A0A5F10902002430210134202C03F8011B98
S2140005B0A5EB040901D09442F6D1594650462DF0D9
S2140005C0A7FA7C4B03EBC90393ED007B05468DED44
S2140005D00A7B2CF099FF02460B46504659462CF0F3
S2140005E045FEDDE90A232CF0F9FF02460B46CDE96D
S2140005F00C232DF0B5FA80462CF076FF02460B460B
S214000600DDE90C012CF032FE02460B46CDE90C2348
S214000610694B00222DF072FA002851D008F101082B
S21400062040462CF061FF02460B46DDE90A012DF03C
S21400063051FA10B101354FF00008B9F1000F50D152
S21400064028462CF061FF02460B46504659462CF0D1
S2140006500DFE594B0022804689462DF031FA30B106
S214000660554B0022404649462DF048FA10B1E8079F
S21400067000D501350EAB1A190A21202C0AD095FB9D
S214000680F1F001FB1055303502F8015B01340546E8
S2140006900028F2D106F00302012A5FD1002F5DD0B8
S2140006A0099A12B916F00C0F00D0013F302244E030
S2140006B009906DE74FF006097FE7A94600247CE71E
S2140006C0DDE90C013C4B00222DF0FAF90028B4D1EC
S2140006D0B8F1000F02D018F0010FAED008F10108F3
S2140006E0ABE70EAB23440A21202C0DD0B8FBF1F06B
S2140006F001FB10823032B8F1090F03F8012B09F123
S214000700FF3904F1010411D8A1440EAA3021202C8F
S214000710B0D0A14504F101030AD11C4609F15803E3
S2140007200DEB03092E2309F8203CA3E78046DBE700
S214000730A1541C46EBE71A550134A7420ED9202CCB
S214000740F9D1CDE90034CDE90276DDE90723DDE90C
S214000750050132F0A5FB17B0BDE8F08F202CF0D0D5
S214000760099A3AB104F158026A442D2102F8201C75
S2140007700134E6E7710704D504F158026A442B21D8
S214000780F4E73207DDD504F158026A442021EDE78C
S2140007900000000065CDCD410000000065CDCDC154
S2140007A0D9370400DD370400FFFFEF7FD0370400A1
S2140007B0D5370400E83704000000E03F00000000E2
S2140007C070B58EB02C22002103A836F0FAFF642301
S2140007D04FF00232CDE9052308930B238DF8343011
S2140007E0514B1B880121D8078DF8101000F1968018
S2140007F0084617F08FFC4D4B4D494E484E4C0A228A
S2140008001A704FF42873ADF8123016F043FD2060CE
S21400081020B94A4840F25B2105F04CFA20680521D1
S21400082033F06AFD20B1454840F26B2105F042FAEC
S214000830206800F03BFC424B2068196833F095F9BD
S21400084018F04AFB0C256843099018F045FB6843EE
S21400085007900DEB0501206812F06AF820B13748C2
S2140008604FF4207105F026FA36492068002233F04E
S21400087007FA20B1314840F2822105F01BFA324EC9
S214000880324D96F9000040F203532B807F284FF03C
S2140008900503AB7001D117F09BFD3378EB7018F0B1
S2140008A01BFB00EB80008000A88018F015FB0023DF
S2140008B0C000E880AB604FF0FF3019A3D3E90023F7
S2140008C04FF0FF3117F0E2FD2149206833F0E9FDD3
S2140008D0206802A933F0AEF920B1184840F2BB21D7
S2140008E005F0E8F9042220680DEB020133F02BF93D
S2140008F0042804D0114840F2BE2105F0DBF901A916
S214000900012033F002FF05F01BFB012018F082FDEA
S2140009102EF0D9FB18F0A8FD17F080FC0EB070BDC5
S2140009200A0020FF42030000D8430020204D00208C
S2140009303D81010080120020703A002062560400BB
S214000940081100202E4D002015160020643A0020C5
S214000950DD8201000348044B834202D0034B03B1FF
S2140009601847704768160020681600200000000030
S2140009700548064B1B1AD90F01EBA301491002D0FC
S214000980034B03B11847704768160020681600200E
S2140009900000000010B5064C237843B9FFF7DAFFD5
S2140009A0044B13B10448AFF300800123237010BD3D
S2140009B06E440020000000008C5A040008B5054B69
S2140009C01BB105490548AFF30080BDE80840FFF7B6
S2140009D0CFBF00BF00000000581900208C5A04004A
S2140009E0A3F5803A704700BF174B002B08BF134B88
S2140009F09D46FFF7F5FF00218B460F461348144A25
S214000A00121A36F0DEFE0E4B002B00D098470D4B28
S214000A10002B00D098470020002104000D000D4850
S214000A20002802D00C48AFF300802DF0E5FB200034
S214000A3029002DF06EFC2DF02BFA00BF00000800F8
S214000A4000000000000000000010002068160020D3
S214000A50AC4D00200000000000000000094A904253
S214000A6008B506D12EF029F8012801D1064B1870DA
S214000A7008BD064A9042FBD12EF01FF80128F7D198
S214000A80034BF4E760C603007044002048C603002A
S214000A906F44002070B52B4B1A7888B032B1002016
S214000AA0294918700EF038F800F0FEF8274B1A782F
S214000AB0002A44D000241C7030F01DFD022806D009
S214000AC02349204608B0BDE870400EF025B8214EF8
S214000AD0254604A9E0B235F0FDFCA0B99DF810301B
S214000AE08BB19DF81D2003929DF8142002929DF86C
S214000AF011200192BDF8122000920135224631469F
S214000B00EDB20EF009F801340A2CE2D115B91249FB
S214000B102846D7E70DF00CFF0346012002220621E7
S214000B2018710E4B0DF086FE31F088F80C4902461F
S214000B302B46002008B0BDE870400DF0EDBF08B0B1
S214000B4070BD00BF70440020207803006F44002072
S214000B503D7803005878030091780300A3C603008D
S214000B60DD78030013B530F0C6FC02280FD1094B20
S214000B701C7864B9012009F093FB074B1B7805210C
S214000B80024600910133054920460DF0C5FF02B02C
S214000B9010BD00BF72440020714400200D79030090
S214000BA010B530F0A8FC022803D10B4B00221A70B7
S214000BB010BD0AF02DFB09490446024600200DF040
S214000BC0ABFF002CF4D0BDE81040054842F210728E
S214000BD0FF212FF008BC00BF7444002046790300B4
S214000BE09019002008B5074B1B7853B106482DF026
S214000BF0F7FFBDE8084005484FF4FA72FF212FF0D2
S214000C00F2BB08BD7444002078C60300B01900206B
S214000C1013B5FF241B4A1C4800942346002108F005
S214000C2045FE1A4A1A4800942346002108F03EFE64
S214000C30184A194800942346002108F037FE35F07C
S214000C4058FC30F058FC0228144808D12DF0C2FF9A
S214000C501349002002B0BDE810400DF05DBF2DF036
S214000C60BCFF104B0A4801221A70214640F6B832E3
S214000C702FF0B9FB0448214602B0BDE810402FF023
S214000C80BBBB00BFE50B0000B0190020A10B0000A5
S214000C9090190020650B00007019002078C603002C
S214000CA0647903007444002008B530F024FC022860
S214000CB00BD1114B01221A7034F007FDBDE8084035
S214000CC002460E4900200DF027BF30F014FC012824
S214000CD0EFD00B4B0B4801221A702DF07EFF0A480E
S214000CE0FF2140F6B8322FF07EFBBDE808400748EB
S214000CF0FF212FF081BB00BF734400209B790300C7
S214000D007444002078C6030090190020B019002013
S214000D1010B5024604461B4900200DF0FDFE902C3F
S214000D2013D1194B19480024FF211C702FF06CFBBF
S214000D30FF2117482FF068FB16482DF04BFF204682
S214000D401549BDE810400DF0E7BE912C18D11148AA
S214000D502DF043FF114B00221A70114B197879B110
S214000D601A70094B0A4801221A70FF2140F6B83261
S214000D702FF039FBBDE810400448FF212FF03CBBA4
S214000D8010BD00BFBA79030074440020B0190020DB
S214000D909019002078C60300D3790300724400201F
S214000DA07344002010B502460446074900200DF0A3
S214000DB0B3FE3CB1BDE81040044842F21072FF2179
S214000DC02FF011BB10BD00BF127A0300901900204F
S214000DD038B5174D17492B780446024601330020D4
S214000DE00DF09AFE44B9144B144901221A7020469D
S214000DF0BDE838400DF090BE2B780133DBB2042BF3
S214000E002B700DD80E4943F6982200200DF084FE74
S214000E10BDE838400B4843F69822FF212FF0E3BA8E
S214000E20BDE838400849052200200DF075BE00BF19
S214000E3071440020337A0300724400206C7A030069
S214000E40A27A030070190020C07A030008B5FFF7E5
S214000E50DFFE2DF059FA30F04EFBBDE808400246A2
S214000E60014900200DF058BEE97A030030B50A4C5F
S214000E700A4B22680A4D1A6085B00A4B2B600A4B53
S214000E80019304F069F92B68029001A92068039386
S214000E902EF00EFB05B030BDA4100020AC270020BD
S214000EA0A8270020981000209DC50300014B186855
S214000EB02EF012BBA410002038B5084D04F04CF9F3
S214000EC02B680446D3F8B00204F03AF928682EF0EE
S214000ED016FB2046BDE8384004F032B9A4100020C6
S214000EE038B501F023FD0E480E4C012101F0A8F99B
S214000EF001221146002001F07DFC02250122114648
S214000F00C4F88050002001F075FC0122C4F884501B
S214000F101146002001F06EFCC4F88850002038BD51
S214000F2030253E0000400E4008B5224B01225A6490
S214000F3002F0DAFCA0B9204B4AF6E852C3F890213A
S214000F40D3F8982142F00402C3F89821C3F8900120
S214000F50194AD2F8643143F40053C2F8643101E010
S214000F600128F5D0154A136A23F4441343F4881372
S214000F701362A2F58042136843F48073136004F092
S214000F80C1F800F043FB04F05BF804F0A7F804F0A7
S214000F906DF8FFF7A5FF2EF016FE00F029FB00F017
S214000FA073FC04F0BDFB01F067F8BDE8084005F0EF
S214000FB015BA00BF00000E4000300E4000400E4044
S214000FC030B5204D0FCD97B00FAC0FC495E8070095
S214000FD01D4B84E807001D4ACDE903234FF08073BC
S214000FE0059303F1022306934FF0F0511E23CDE93B
S214000FF007130E2200210DF12E0036F0E2FB144BF3
S2140010004FF44020CDE909030C238DF82C300D2336
S2140010108DF82D300F4B0C9320230D9301238DF864
S21400102039300D4B00930FAA03AB09A90B4804F007
S214001030A3FA002104464FF4E1302DF0E9FC2046E7
S21400104017B030BD2CC6030000420400000001406B
S2140010501C000140754400208C1C0020E01C002071
S214001060012905D8034B1B68186808B1436A18475E
S214001070704700BFA810002008B50449044805F0D2
S2140010805BFABDE80840FFF79BBF00BFAC1000202E
S214001090041D002001482EF02CBF00BFE01C0020DD
S2140010A0014B1A6A18681047E01C002008B511F0BA
S2140010B06DFC024B00221A7008BD00BF954400204C
S2140010C008B504482DF0F4FCBDE8084002482DF0B1
S2140010D0EFBC00BF60C6030048C6030001482DF001
S2140010E076BD00BF78C603001FB50849034602AAAE
S2140010F00868097902908DF80C10009205210022EC
S214001100012007F06FFD05B05DF804FB90C60300F4
S2140011101FB50A4A03461068029002A99088927981
S214001120ADF80C008DF80E20009144224FF440716B
S214001130012007F057FD05B05DF804FB96C60300D6
S2140011401FB50849034602AA0868097902908DF877
S2140011500C10009205214222012007F043FD05B045
S2140011605DF804FB9EC603001FB50849034602AAA5
S2140011700868097902908DF80C100092052140222B
S214001180012007F02FFD05B05DF804FB90C60300B4
S2140011901FB5074A039203AA034600924FF4407114
S2140011A04122012007F01EFD05B05DF804FB00BFDC
S2140011B0010221211FB50949034602AA08680979D8
S2140011C002908DF80C1000924FF4407140220120DE
S2140011D007F008FD05B05DF804FB00BFA4C60300D9
S2140011E01FB50949034602AA0868097902908DF8D6
S2140011F00C1000924FF440714322012007F0F2FCDD
S21400120005B05DF804FB00BFA4C603001FB509497E
S214001210034602AA0868097902908DF80C1000921D
S2140012204FF440714222012007F0DCFC05B05DF867
S21400123004FB00BF98C603001FB5064A039203AA24
S2140012400092012203460821104607F0CBFC05B0A9
S2140012505DF804FB010121211FB5074A039203AA8A
S214001260034600924FF440710822012007F0BAFCB2
S21400127005B05DF804FB00BF121221211FB5094A14
S214001280034610689288ADF80C2002AA02900092DD
S2140012904FF440714B22012007F0A4FC05B05DF826
S2140012A004FB00BFAAC603001FB5074A039203AAA1
S2140012B00092012203464FF44071104607F092FC5C
S2140012C005B05DF804FB00BF010121211FB5074AE8
S2140012D0039203AA034600924FF4407104220120B1
S2140012E007F080FC05B05DF804FB00BF010121217A
S2140012F01FB50949034602AA0868097902908DF8C5
S2140013000C1000924FF440710722012007F06AFC8F
S21400131005B05DF804FB00BFABC603001FB5074A67
S214001320039203AA034600924FF440710A2201205A
S21400133007F058FC05B05DF804FB00BF020221214F
S2140013401FB50949034602AA0868097902908DF874
S2140013500C1000924FF440710022012007F042FC6E
S21400136005B05DF804FB00BFB1C603001FB5094910
S214001370034602AA0868097902908DF80C100092BC
S2140013804FF440710622012007F02CFC05B05DF8F2
S21400139004FB00BFB1C603001FB5064A039203AAAA
S2140013A00346009208210022012007F01BFC05B02E
S2140013B05DF804FB010221211FB5074A039203AA28
S2140013C0034600924FF440710322012007F00AFC06
S2140013D005B05DF804FB00BF010221211FB50949D5
S2140013E0034603AA08888978ADF80C008DF80E101D
S2140013F0009206214222012007F0F4FB05B05DF8BA
S21400140004FB00BFB7C603001FB5094903AA03467D
S214001410009208888978ADF80C0005228DF80E1029
S2140014200120114607F0DEFB05B05DF804FB00BFA7
S214001430BBC603001FB50849034602AA0868097917
S21400144002908DF80C10009208210222012007F06D
S214001450C9FB05B05DF804FBB1C603001FB509491A
S214001460034602AA0868097902908DF80C100092CB
S2140014704FF440710922012007F0B4FB05B05DF877
S21400148004FB00BFBFC603001FB50A4A0346106828
S214001490029002A990889279ADF80C008DF80E2083
S2140014A000914C224FF44071012007F09BFB05B0E1
S2140014B05DF804FBC5C603001FB50949034602AA2A
S2140014C00868097902908DF80C1000924FF440716C
S2140014D00222012007F086FB05B05DF804FB00BF82
S2140014E0CDC603001FB50949034602AA0868097954
S2140014F002908DF80C1000924FF4407105220120E6
S21400150007F070FB05B05DF804FB00BFCDC6030016
S2140015101FB50949034603AA08888978ADF80C0068
S2140015208DF80E10009208210622012007F05AFBC3
S21400153005B05DF804FB00BFD3C603000A460149A8
S2140015402DF0FEB875DF03000A4601492DF0F8B805
S21400155070DF03000A4601492DF0F2B86BDF030086
S2140015600A4601492DF0ECB864DF03000A4601493B
S2140015702DF0E6B85DDF03000A4601492DF0E0B81D
S21400158056DF03000A4601492DF0DAB84FDF0300A4
S2140015900A4601492DF0D4B848DF03000A4601493F
S2140015A02DF0CEB841DF03000A4601492DF0C8B839
S2140015B034DF03000A4601492DF0C2B827DF0300D6
S2140015C00A4601492DF0BCB824DF03000A4601494B
S2140015D02DF0B6B81DDF03000A4601492DF0B0B85D
S2140015E014DF03000A4601492DF0AAB80BDF0300FA
S2140015F008B50548012100F023FE2CF092FEBDE858
S214001600084000F01DB800BF00350A00014801215F
S21400161000F016BE00350A0007B508202DF0C0FA07
S214001620064B02226846CDE900232DF0B5F90820C6
S21400163003B05DF804EB2DF0BEBA00BF006A1810C8
S2140016402DE9F0433B4D3C4FDFF80091DFF8008179
S2140016500FCD89B001AC0FC495E8070084E80700F9
S214001660364C3748012100F0EBFD3846012100F0EA
S214001670E7FD0125334B039301A920468DF8125050
S2140016802DF0D1FC2B4604220621022001F0B4FEE8
S2140016902A4600230721022001F0AEFE2B46042234
S2140016A00821022001F0A8FE042211462B46002045
S2140016B001F0A2FE244BA3670B23636710264FF4AA
S2140016C0487005F0E1FFC9F80C60142005F0DCFF57
S2140016D0C8F80C60232005F0D7FFC9F80C60B921C4
S2140016E020462DF0DFFC00231A46C8F80C600621C1
S2140016F0022001F081FE00231A460721022001F095
S2140017007BFE2B4600220821022001F075FE0022F7
S21400171010462B46042101F06FFE204602F03CF9ED
S2140017200021A1673846616700F08AFD09B0BDE870
S214001730F08300BF7CDF0300005204000004014079
S21400174000350A0000127A000B0B000B00A00044C4
S21400175000A0004608B500F083F8124B12498B42F1
S21400176012D3124B124900208B4218D3FFF73CF9D4
S214001770186850F82240586840F8224001329868AD
S2140017808242F5D30C33EAE70022F8E71C6844F8F7
S214001790220001325C68A242F8D30833E4E7002254
S2140017A0F8E700BF945A0400A05A0400A05A0400A8
S2140017B0A05A04000048704700F04902104AD2F8C8
S2140017C0943003F00703023B032B13D8DFE803F043
S2140017D00C14020E0B4B1B68D2F80001C0F3042059
S2140017E00130B3FBF0F07047074BF4E7074B1B687C
S2140017F05B08F1E7054BEEE74FF40043ECE700BF6C
S21400180000400E40D8100020DC100020D010002031
S21400181008B5FFF7D3FF054BD3F80831C3F3082309
S2140018200133B0FBF3F0024B186008BD00400E40D9
S214001830D4100020014B1868704700BFDC10002051
S214001840054B1860054BD3F8943003F00703022BC2
S21400185001D1FFF7DDBF7047DC10002000400E40CE
S214001860044B054A9A60D3F8882042F47002C3F805
S2140018708820704700ED00E000000000014B18686B
S214001880704700BFD81000200F4BD3F82838A3F1BC
S2140018907E62A2F58432B2F5104F10B511D21968E7
S2140018A00A4A91420DD10A4C227812F0FD0F01D05F
S2140018B0002010BDDB6998470028FAD10123237069
S2140018C0F6E74FF48170F4E70000E10F07B0CD5E55
S2140018D09644002070B5D0B1C9B10E4E431E0139F2
S2140018E013F8014F325D02F00302012A11F8012FAE
S2140018F0B55C05F00305204608BF04F12000012D65
S21400190008BF2032801A01D1002CE9D170BD012019
S214001910FCE700BF8959040037B504680121054675
S214001920124800F08DFC002361792079012201F035
S21400193063FD617920792DF0C5F8B0FA80F35B0974
S2140019402370A379022B0ED100F01EFB08496079A4
S2140019502A4600F043FB0123617902462079CDE94F
S214001960003301F005FD002003B030BD00350A004D
S214001970DFEA020008B52948012100F061FC0123D6
S21400198004220221052001F037FD002001F0E4FCCE
S214001990234B0122C3F810281146042000F02AFF2A
S2140019A0204800F09FFD204BD3F8F02042F00102C3
S2140019B0C3F8F020D3F8FC2042F08072C3F8FC2075
S2140019C0A3F55D43194A1A6000F5D520184B00F2BE
S2140019D0FC40B0FBF3F0174B013802221861C3F845
S2140019E0F0204FF48072C3F804234FF06043124A8D
S2140019F0C3F8B02F114AC3F8802ED3F8002E42F455
S214001A008072C3F8002EFF2283F82020D3F8002E21
S214001A1022F48072C3F8002E002008BD00350A00AC
S214001A200080144206000E0000ED00E0FF030040B8
S214001A30F8590D00000004E055CEACC509000100C1
S214001A404FF0604330B5D3F8802ED20715D5012469
S214001A500B4D8440D5F8FC2042F08072C5F8FC207F
S214001A60D3F8002E2243C3F8002E53F82020002A75
S214001A70F0D003F82010002030BD1120FCE700BF96
S214001A8000ED00E010B501210446094800F0D8FB3F
S214001A900848012100F0D4FBA37820786178B3FAD7
S214001AA083F35B09042201F0A7FC002010BD00BFF1
S214001AB04041050000350A002DE9F04F9A46554B87
S214001AC085B01B78DDF83C909DF844B0DDF850807A
S214001AD006460F461546002B00F09680072A00F2B1
S214001AE095800E9B002B00F09180B9F1000F00F05E
S214001AF08D80129BB3F5006F00F38880012803D118
S214001B00109B002B00F08280434B03EB05131B7BDE
S214001B10002B7DD0414C10220021684635F051FE46
S214001B2004EB451410229FBB3946204635F049FE8B
S214001B3043F210036380BBF1000F03D1E37843F058
S214001B400303E370354A0E9BCDF800A002EB451C5C
S214001B50CCE90193129B581E9DF84C30690103F0A6
S214001B600303C0F30A009B0643EA001E53582C48A2
S214001B7018404EEA0003012E535017D0B8F1000F5C
S214001B802ED19CF8023068F304138CF8023027E05C
S214001B900021204635F015FE4FF444736380BBF1F8
S214001BA0000FCFD1E37843F03003CAE71323CCF815
S214001BB00C309CE80F000CF1100E8EE80F00DCF8DD
S214001BC01C20109BCCF814306FF0030161F39F02C9
S214001BD0012FCCF81C2003D1CCF81890CCF8043098
S214001BE00D4A290102EB051342F80180159A5A6046
S214001BF000272846224669469F605E7301F080FCF7
S214001C00384605B0BDE8F08F0648FAE70648F8E71C
S214001C100648F6E7974400200C1E00200C1D002006
S214001C200F80FFF3028000F0018000F0078000F0D4
S214001C3038B5124B1B780546DBB1E0B12DF07CF8C9
S214001C400F4A00231146147B54B92B601A0101EB8E
S214001C50031301258C501D732DF074F8204638BDF3
S214001C600133082B02F11002EDD12DF06BF8054878
S214001C70F5E70548F3E70548F1E700BF974400207D
S214001C800C1E0020048000F0028000F0018000F0AE
S214001C9038B52DF051F80C4A05460023147B6CB974
S214001CA00133082B02F11002F8D101F0DFFB074BDD
S214001CB028461C702DF046F8204603E028462DF0F6
S214001CC041F8034838BD00BF0C1E00209744002092
S214001CD0058000F00D4B1B7810B5044693B107281D
S214001CE012D82DF029F80A4B03EB04131A7B2AB1FD
S214001CF000241C732DF026F8204610BD2DF022F887
S214001D000448FAE70448F8E70448F6E79744002052
S214001D100C1E0020068000F0028000F0018000F01B
S214001D2013B5164B1868019000238DF804302DF07B
S214001D3003F8134B1C7824B12DF004F8114802B0B8
S214001D4010BD01221A702CF0FDFF0F4B1C731C7780
S214001D5083F82C4083F83C4083F84C4083F85C4082
S214001D6083F86C4083F87C4004230DEB03008DF869
S214001D70073001F09BFB2046E1E700BFE8DF0300E9
S214001D8097440020038000F00C1E00200A4A1278B8
S214001D9008B55AB107280BD8084A02EB00131B7B7C
S214001DA043B1002101F078FB002008BD0448FCE7A1
S214001DB00448FAE70448F8E7974400200C1E002081
S214001DC0028000F0018000F0078000F00A4A1278D6
S214001DD008B55AB107280BD8084A02EB00131B7B3C
S214001DE043B1012101F058FB002008BD0448FCE780
S214001DF00448FAE70448F8E7974400200C1E002041
S214001E00028000F0018000F0078000F00A4A127895
S214001E1008B552B107280AD8084A02EB00131B7B04
S214001E203BB101F0BDFB002008BD0548FCE70548B6
S214001E30FAE70548F8E700BF974400200C1E00208C
S214001E40028000F0018000F0078000F00D4B1B7848
S214001E5093B1072812D889B10B4B03EB00131B7BF9
S214001E6073B10A4B1A6E01238340134214BF012339
S214001E7000230B70002070470548704705487047E0
S214001E8005487047974400200C1E002000200E4096
S214001E90028000F0018000F0078000F00B4A127804
S214001EA010B50C4662B107280CD859B1084A02EBA7
S214001EB000131B7B43B101F089FB2070002010BD8E
S214001EC00448FCE70448FAE70448F8E7974400208B
S214001ED00C1E0020028000F0018000F0078000F059
S214001EE02DE9F041DFF86480D8F86070D8F86C30DF
S214001EF01F4000D5FEE7134C01260025374218D0B8
S214001F002368C8F86860A3B1A16862680131A1605F
S214001F1028469847637B012B0BD150B90A4B03EB3D
S214001F2045131A7B60F341021A731A7F60F341026D
S214001F301A770135082D4FEA460604F11004DDD164
S214001F40BDE8F0810C1E00200C1D002000200E4075
S214001F5070B50C4E0446012504B970BD94FAA4F081
S214001F60B0FA80F006EB001205FA00F324EA030448
S214001F705368002BF0D0117B11B191689847EBE7BE
S214001F809847E9E78C1E002008B5122000F086FD71
S214001F9028B1084B4FF48022C3F880211A600A202B
S214001FA000F07CFD28B1034B4FF48062C3F880211B
S214001FB01A6008BD00E100E038B505460C462CF076
S214001FC0BBFE054B03EB051300225C601A73BDE8ED
S214001FD038402CF0B7BE00BF8C1E0020F8B5054672
S214001FE00E4617462CF0A8FE134BD3F8282422FAE8
S214001FF005F3DB0705F0FC012C4612D50023013360
S214002000DBB2042B04D1FF242CF09CFE2046F8BD46
S214002010EC1804F003040C4422FA04FC1CF0010F34
S214002020EDD1FF2CF0D0054B03EB04130122C3E9DE
S21400203001671A73E8E700BF00A000408C1E00206E
S214002040054BD3F82804D3F81C24104000F0553074
S214002050C3F82404FFF77CBF00A00040054BD3F86C
S2140020602804D3F81C24104000F0AA30C3F8240437
S214002070FFF76EBF00A00040024B1968024B1868BD
S2140020800FF0F2BFE01000200011002070B59400A1
S214002090224605460E462CF07FFF431C0AD058B950
S2140020A022463146284635F062FB0028034808BF22
S2140020B0002070BD0248FCE70248FAE710E000F096
S2140020C021E000F024E000F010B5044601F02EFBFD
S2140020D0431C10D088B901F00FFC20F00300234603
S2140020E02044984201D1002010BD53F8042B013241
S2140020F0F7D00348F8E70348F6E70348F4E700BFDD
S2140021000EE000F021E000F024E000F008B52CF02E
S21400211008FE014B186008BD7C270020014B18689C
S2140021202CF003BE7C2700200C4B984205D90C4BA4
S214002130984210D80122012301E0002213460949E3
S2140021400B640949D1F8003123F0807343EA026337
S214002150C1F8003170470222EDE700BF0048E801F1
S2140021600090D0030000C84300400E400F4B5B6851
S2140021700F4B30B500221C46C9B21D798D4202D1E4
S2140021801D6885420DD20132052A03F10803F4D1F9
S2140021900321064A536823F0407343EA0163536001
S2140021A030BD04EBC2046179F3E700BF00000E40C7
S2140021B02CE0030038B5074C41F67133256C2364D8
S2140021C0FFF7F8FAADB20021FFF7D0FF0DB10023FC
S2140021D0236438BD00000E40044BDB6B5B0604D462
S2140021E0034AD2F8C830002BFBD1704700300E40AF
S2140021F00000C64308B5FFF7EFFF024B5868C0F370
S214002200014008BD00300E40044BD3F84421D207ED
S21400221003D4D3F840211042FBD1704700400E4053
S21400222038B5064C256C41F671332364ADB2FFF722
S2140022309DFF0DB10023236438BD00BF00000E4093
S21400224038B5C0F30323013B092B11D8DFE803F0B0
S214002250052710102B221D101511154DC0F3043440
S21400226005F1424505F5801504EBC50080000160C8
S21400227038BD104DC0F30434F2E70F4DC0F30434FC
S2140022804FF48030FFF7C0FFEAE7C0F304340B4D8D
S2140022901020F7E7C0F30434094D0120F2E7094D9A
S2140022A0C0F30434DCE7084DC0F30434D8E700BFBD
S2140022B000400E4050410E40F0400E40E8400E40B8
S2140022C0E0400E40C0400E40B0400E40C0F3031346
S2140022D0013B092B2AD8DFE803F0050B0F19292943
S2140022E01F23374B274BD3F80001C0F30420704759
S2140022F0244BD3F81401F8E7224BD3F80031C3F38C
S2140023000063013301209840013870471D4BD3F815
S2140023100C01C0F3082070471A4BD3F80801F8E701
S214002320194B984204D0194B984207D000207047AA
S214002330144BD3F8203103F00F03E3E7114BD3F827
S2140023402031C3F30113DDE7114B98420CD003F59F
S214002350B01303F580539842E8D10A4BD3F82831DE
S214002360C3F301230433CDE7064BD3F82831E8E75F
S214002370084B9842DAD1034BD3F8300100F0030043
S214002380704700BF00400E408006160080162E00E4
S21400239090171A00A009140000F00F000138072853
S2140023A050D8DFE800F00415244F34384F402B4B4C
S2140023B0D3F8943003F00703023B052B06D8DFE87A
S2140023C003F049243F0305430B2070470520704760
S2140023D0224BD3F8800000F0070002283DD00428E6
S2140023E036D0012808BF032018BF012070471B4BBA
S2140023F0D3F8843003F00703013B032B03D8DFE850
S21400240003F0041F25270120704703207047134B55
S214002410D3F88800DFE7114B1B6F13F0010F0CBFDA
S2140024200720092070470D4BD3F85C3103F03003CA
S214002430202B0FD0302B0FD0102B08BF0720D3E750
S21400244002207047002070470C2070470620704717
S2140024500A207047042070470820704700400E404E
S21400246008B50146FFF798FF1A4B994211D01A4B50
S214002470994212D0194B994204D1194BD3F88000D7
S21400248000F007000138032821D8DFE800F00A0E24
S2140024901612134BD3F88400F2E7114BD3F88800DA
S2140024A0EEE7BDE808402CF0C2BABDE80840FFF7EA
S2140024B0E5B9BDE808402CF0BDBAFFF77FF9084B38
S2140024C0D3F80031C3F300630133D84008BD0020C1
S2140024D0FCE700BF030020000500240002001E00E9
S2140024E000400E4000F47813B3F5B01F10B5044654
S2140024F074D025D8B3F5402F5ED010D8B3F5802F12
S21400250049D005D83BB1B3F5003F4FD0002010BDF1
S214002510B3F5202FFAD1BDE81040FFF74FB9B3F559
S214002520801F00F08480B3F5A01F4DD0B3F5602F58
S214002530ECD14A48FFF730FF072878D00928E9E7AA
S214002540B3F5381F53D013D8B3F5001F58D00AD8A8
S214002550B3F5D01F56D0B3F5F01FD7D14048BDE82D
S2140025601040FFF77DBFB3F5101FCFD13D48F6E70B
S214002570B3F5481F4DD0B3F5781F65D0B3F5401FAF
S214002580C4D13948FFF76CFF384BD3F82831C3F372
S2140025900123043320E0FFF711F9344BD3F80C3154
S2140025A0C3F308230133B0FBF3F0B0E7FFF706F9F7
S2140025B02E4BD3F80831F3E7FFF700F92B4BD3F88F
S2140025C01431C3F30423EDE72648FFF749FF274BF2
S2140025D0D3F8303103F00303D84098E72048FFF7DC
S2140025E03FFF224BD3F8203103F00F03F4E71C48DB
S2140025F0FFF736FF1D4BD3F82031C3F30113EBE78B
S2140026001948ACE71848FFF72BFF184BD3F82831CA
S214002610F3E71748FFF7C0FE072808D0082809D0B8
S21400262004287FF473AFBDE81040FFF703B9114BE1
S21400263018686CE7FFF7C2F80C4BD3F80031C3F309
S214002640042303FB000062E7FFF7B8F801462046C4
S2140026502CF062FBB1FBF0F059E700BF06000E005D
S21400266002001E00050024000300200000400E406B
S214002670B80032000411002010B5FFF79BFD094B8F
S21400268007225A67FFF79AF8FFF74EFDFFF7C0F8E4
S2140026900446FFF7AFFD01462046BDE81040FFF7B1
S2140026A0BFBD00BF00400E40014B1880704700BF02
S2140026B07E150020014B1880704700BF7C15002057
S2140026C010B5042813D8DFE800F047032F132100C5
S2140026D0294AC1F30801D2F86838002BFBD1274AF3
S2140026E0136A23F4FF7323F001030B43136210BD38
S2140026F0214A01F07F01D2F86038002BFBD11F4A37
S214002700136923F07F030B431361F0E71A4A01F0C5
S2140027107F01D2F86438002BFBD1184A936923F066
S2140027207F030B439361E2E7144AD2F89030536A72
S21400273023F0300343F010035362146B104BC1F3C5
S214002740C31003300F2803EA040328BF0F200B43EF
S21400275043EA00731363CAE74F29074A28BF4F218D
S214002760D2F87438002BFBD1044A936B23F07F0316
S2140027700B439363BBE700BF0020C84300400E40F6
S21400278000F8FF0F104A536A13F0300F18D02029B4
S21400279013D0302914D000290C4B08BF4FF4400347
S2140027A0D2F8901033EA0101FAD15B0246BFD2F8A4
S2140027B0A000C0F38020012070474FF40003EFE72D
S2140027C04FF44003ECE700BF00400E40FF33E10744
S2140027D002280AD129B1064B4FF48060C3F8A8003E
S2140027E0596612B10220FFF7CDBF0120704700BF27
S2140027F000400E400428F8B548D8304B13F800C007
S2140028002F4B1D5C2F4B33F810702F4B33F81040B6
S2140028102E4B002940D0022839D15C6A14F0300FC4
S21400282035D12B4CE46B5C6AE40705D55E6A26F06E
S214002830300646F010065E62264C244B25441F6682
S214002840AD002B68002BFCD002B36444A4002368C0
S214002850002BFCD0022819D1C1B11C4D696A11F0B9
S214002860010116D001222021FFF7B2FFD5F89C60A7
S214002870012200210220FFF7BDFFC6F30A01022055
S214002880FFF71EFF2F662368002BFCD0F8BD002143
S214002890D2E7FFF777FFE9E701211C66A940D3F8E6
S2140028A090000842FBD1002AF0D00123074903FA22
S2140028B00CF3D1F890201A42FBD1E7E727E003009B
S2140028C022E0030018E003000EE0030000400E4084
S2140028D000300E408004F21010B50246B8B901224E
S2140028E01146FFF787FFFFF765FC0F4B04225A6778
S2140028F0FEF764FFFFF718FCFEF78AFF0446FFF7B3
S21400290079FC01462046BDE81040FFF789BC012847
S21400291007D10146FFF76EFFFFF74CFC024B032280
S214002920E5E7FFF747FCE3E700400E4038B5FEF763
S21400293081FF0021044600F0B7FA1248FFF7F4FBC7
S214002940012211460220FFF755FFFFF733FC0CB1BA
S214002950FFF742FC0C4B02225A67FEF72FFFFFF7E9
S214002960E3FBFEF755FF0546FFF744FC0146284605
S214002970FFF756FC2CB920460121BDE8384000F090
S21400298093BA38BD0148E80100400E40012210B558
S21400299011460320FFF72EFFFFF70CFC084B05221D
S2140029A05A67FEF70BFFFFF7BFFBFEF731FF044643
S2140029B0FFF720FC01462046BDE81040FFF730BC7C
S2140029C000400E4010B504461120FFF7E5FC00213C
S2140029D001220220FFF70EFF184A217C536A23F0DB
S2140029E00103022908BF43F001035362144B217808
S2140029F0C3F8A014637AA18843EAC123D362136B99
S214002A00A07A217A03F07F630343E08843EAC02379
S214002A1043EAC11303310F2928BF0F2143EA01738C
S214002A201363A37B617B1B0143EA0133E17B0B430A
S214002A30217B43EA0143536310BD00BF00400E40B4
S214002A400000C84338B50E4D0E4C01461120FFF766
S214002A50A3FCAA6B4B7814400A78144344EAC324B8
S214002A608B7844EA0364CB7844EA0324AB6BA34236
S214002A7005D0002101220846FFF7BCFEAC6338BD36
S214002A8000400E4080E4FFF8034B5868C0F308008F
S214002A90003818BF0120704700ED00E04209054BE2
S214002AA053F8223000F01F0023FA00F0C04300F075
S214002AB00100704700E100E0034BD86B80F0400057
S214002AC0C0F38010704700BF00300E4042EA032279
S214002AD0B2F5007F10B5194C29D00AD8B2F5807F20
S214002AE022D040F201139A4215D062B9D4F81C32B3
S214002AF00BE0B2F5407F1DD040F201339A4210D071
S214002B00D4F8283201E0D4F82432C3F30722DBB22B
S214002B1003600A6010BDD4F824321A0EC3F30743CC
S214002B20F6E7D4F82832F8E7D4F81C32F5E7D4F8FC
S214002B302032EAE7D4F82032EFE700BF0081E00F4A
S214002B4008B5FFF7B9FF20B1024AD2F8C830002B0B
S214002B50FBD108BD0000C64308B5FFF7ADFF80B146
S214002B60FFF7EEFF074B19685A68C1F30121C2F35D
S214002B70014291421A688CBF42F0100222F0100205
S214002B801A6008BD00300E40064B1B68DB0608D5F1
S214002B90054B1B69C3F30443082B02BF034B044ACF
S214002BA01A60704700300E4000400E40D0100020E3
S214002BB0C0EA210170B5FFF77FFF38B12D4B1A78B8
S214002BC01023C2F1020293402B4A13612B492C4D6D
S214002BD0D1F8804145F60E03C1F880312B6823F00A
S214002BE0AA03DB05DB0D0B66FFF7AAFF224B1B686B
S214002BF0D80604F0010415D5D1F84031DA01FBD42B
S214002C00204B1B680B61204B1B78052B0AD11F4BF2
S214002C101E68FFF795FF184B59683046C1F301410F
S214002C20FFF7FEFA184B1B78023B0A2B0AD8DFE8A0
S214002C3003F00615170909090909091A1D000020DD
S214002C40FFF74AFE2B68DB075EBF0C4B02221A66B4
S214002C501CB10A4B0022C3F8802170BD0120EFE7AB
S214002C60FFF764FEEEE7FFF791FEEBE7FFF704FDE4
S214002C70E8E700BF9844002000300E4000400E40B9
S214002C80842700208027002099440020D0100020B0
S214002C9010B50B4C0B4BD4F890201A601120FFF7A0
S214002CA07BFB094B1870FFF74BFF084B084A5B6825
S214002CB0C3F301431370074B22691A6010BD00BFAF
S214002CC000400E40842700209944002000300E402B
S214002CD09844002080270020064942780B6823F499
S214002CE0407343EA0223022A0B6004BF024B5B6A6E
S214002CF0704700BF00300E4000400E4010B504463E
S214002D0008B1FFF7C5FFFFF727FF144A136943F022
S214002D10040313612CF02AF92CF029F9104B114A00
S214002D20C3F8242403F559231B68DB060ED52BF0C5
S214002D30F8FF34F061FD2BF0F8FF2CF019F903F0E2
S214002D40C7FD2CB1BDE81040FFF734BF30BFF4E735
S214002D50FFF71AFFBDE81040FEF75ABD00ED00E091
S214002D6000A000400000FFFF10B5044608B1FFF7C2
S214002D708FFFFFF7F1FE1A4BD3F8802145F60E01C0
S214002D80D207C3F8801148BF00224FF4207119669D
S214002D9048BFC3F88021134A136943F00403136144
S214002DA0114B124AC3F824242CF0E0F8104B1B6891
S214002DB0DB060CD52BF0B5FF34F01EFD2BF0B5FF6F
S214002DC003F086FD2CB1BDE81040FFF7F3BE30BF20
S214002DD0F6E7FFF7D9FEBDE81040FEF719BD00BFC5
S214002DE000400E4000ED00E000A000400000FFFFA5
S214002DF000300E400E4A0379916921F03F010B43E3
S214002E00017843EA8103417843EA4103817843EA43
S214002E10C103C178012908BF43F001039361136819
S214002E20417923F4403343EA01431360704700BFFF
S214002E3000300E402DE9F04104460D46FFF73CFEFB
S214002E4060B3DFF86080FFF77BFED8F80430C3F38A
S214002E5001439C4222D0124BD3F80031FEF7AEFC61
S214002E60022C07464FF0100609D12146FFF7D8F985
S214002E70C8F8106095B1BDE8F041FFF761BEC4F137
S214002E8002039E40C8F810600DB1FFF759FE2CB93A
S214002E9021463846BDE8F041FFF7C2B9BDE8F081EB
S214002EA000400E4000300E4038B505460C46FFF791
S214002EB003FEB8B145B90C4BD3F80051FEF77EFCC3
S214002EC0C5F3042505FB0005084B1B7821463BB1DE
S214002ED0074B9D4204D80220BDE83840FFF7AABF42
S214002EE00020F9E738BD00BF00400E409A4400209D
S214002EF0002D3101034B02781A7001210020FFF7E4
S214002F00D3BF00BF9A440020234B4AF6E85210B5C0
S214002F10596B5A639A6FD207FCD41B6C13F00303E9
S214002F2006D01E4A01249842C2F8B44A1AD110BDEF
S214002F30A0B1431E012B17D8174A4FF40023D362C3
S214002F40936FDB07FCD4136C23F0030343F00103F9
S214002F501364114A536A1C03FCD505E00F4BC3F8F3
S214002F60B40AE4E7032BE4D00B4B9A6FD207FCD4E9
S214002F701A6C22F0030202431A649A6F12F00102DE
S214002F80FBD10038054C18BF01200129C4F8B40A4B
S214002F9008BF5A63CBE700BF00300E400000C643B0
S214002FA02DE9F04F00238BB0CDE90433CDE906338D
S214002FB0CDE90833A0F5E163B3F5966F05460191B8
S214002FC0934603D900200BB0BDE8F08F624BDFF8C4
S214002FD08C81D3F81842B0F5E16F15BF4FEA146A3A
S214002FE0C4F3072AC4F30744E4B20694CDF824A039
S214002FF0D8F84C60C6F301768CBF01220022334617
S21400300007A904A815BF4FF4E1674FF496674FF47D
S21400301096694FF416790392FFF758FDD8F8EC300E
S214003020039AC3F3012308A905A80293FFF74EFDF0
S214003030A5EB070CAAEB04020CFB02F2B2FBF9F2BA
S21400304014445445079F0498089A0599BAD8A2EBE9
S214003050010E0CFB0EFEBEFBF9FE11EB0E012CBFA3
S2140030604FF0010E4FF0000E8A42ABD3BEF1000FB8
S214003070A8D13A1A0CFB02F2B2FBF9F280182CBF68
S2140030800122002287429DD3002A9BD1029BBBF1DE
S214003090000F0FD0D8F85C20B5F5E16722F4FE42A9
S2140030A018BF012722F0020242EA470242EA04223F
S2140030B0C8F85C20019A0AB9012084E7264A022E45
S2140030C0D2F830223ED0032E3FD0012E14BFD2B20B
S2140030D0C2F30722120312F4702F7FF473AF1F4E51
S2140030E0F46E24F470442243F2661B4A022BD2F894
S2140030F030222CD0032B2DD0012B14BFD2B2C2F31A
S2140031000722120312F4702F7FF45CAF134CD4F82E
S214003110EC3023F470431343C4F8EC30636E8842FB
S21400312038BF084623F4FF73E72823F0010328BFBF
S214003130E720B5F5E16F18BF43F0010343EA40030B
S2140031406366B9E7C2F30742C4E7120EC2E7C2F3EA
S2140031500742D6E7120ED4E70081E00F00300E409B
S2140031602F4B1A6FD96C11F0010F02F0060242D0F5
S214003170002A40D013284FD9143813288CBF1023A8
S21400318008232749013BCA6C180322F47F4240EA11
S21400319003231343CB64234BCA6C1B88C2F303225E
S2140031A02833013202EB820003EB5303B3FBF0F348
S2140031B0C86C013B072B28BF072320F0EE6040EACF
S2140031C0036343F48013CB64174BB3F90030002B32
S2140031D010DB2833500800EB420203EB5303B3FB2B
S2140031E0F2F30A6D072B28BF072322F0700242EA8B
S2140031F003130B657047D96C01F00101114304D12C
S214003200092809D90A380928B8E7DB6C13F0010346
S214003210B7D01AB92728B1E70423B2E70023B0E7EE
S21400322000300E40CC3D0020C83D0020064A074B2B
S214003230D3F88039136F23F0070303431367044B57
S2140032401888FFF78DBF00BF00300E400000C64351
S214003250CA3D0020394B02222DE9F0419A639B6B50
S21400326003F00F039342044603D000252846BDE82A
S214003270F081C288B0F808808588B0F90C6047787D
S2140032804A2A4ED9B2F5FA7F4DD340F6C3139A4276
S2140032908CBF4FF040524FF000522849CB6C23F0C1
S2140032A0405323F00103002EA8BF43F0010313434D
S2140032B0CB64D1F8EC3043F44073C1F8EC30204BCB
S2140032C01D80CB6E43F08073CB661E4BD3F880090F
S2140032D000B10420FFF7AAFF1B4BA3F800801B4B8E
S2140032E028461E80FFF73CFFA37BFBB1012B21D0B5
S2140032F0012260881146FFF753FE05460028B4D029
S2140033000E4AD36B43F48063D3633846FFF7FCFD65
S214003310A37AA3F12002534253410A4AC2F89437D3
S214003320A4E70022B9E74FF08052B6E7034B084AFD
S2140033309A65DDE7014B074AFAE700BF00300E400A
S214003340CA3D00200000C643CC3D0020C83D0020FA
S21400335077402057372110B7044AD2F8443423F078
S21400336003030343C2F84434704700BF00A0004084
S214003370072AF8B501F0030614461F464FF00F0162
S2140033801FD8950000FA05F2A94015482BF0F5FD68
S2140033900321144806FA05F2A9402BF0EEFD124967
S2140033A09DF81830114A214489000F60C1F880301A
S2140033B00123A340C2F824349DF81C30C1F8003322
S2140033C0F8BDA2F10805AD0000FA05F2A9400848CC
S2140033D02BF0D3FD0321074806FA05F2A940DCE7E7
S2140033E000A4004008A400408020851000A00040F3
S2140033F004A400400CA4004000EB4000F8B50D46C5
S2140034001F46040116463AB1154801238B40204456
S214003410C7B100F1C0600360072D4FF00F0114D84C
S214003420AB00104806FA03F2994020442BF0A5FDA5
S2140034303EB90B4A0123AB40224477B102F1C06289
S2140034401360F8BD00F18060E5E7A5F108039B0076
S214003450054806FA03F29940E7E702F18062EFE7D3
S2140034600CA0004004A0004008A00040084B4FF409
S2140034700072C3F88020BFF34F8FBFF36F8F054BEA
S2140034800021D9664FF4AA401962FEF7D9BE00BFE4
S21400349000E100E000200E40034B03449B0081F057
S2140034A001011960704700BFA001F11010B5044675
S2140034B001214FF4AA40FEF7C3FEB4F8013022788B
S2140034C05BBA9BB243EA02630B4A136000231362A3
S2140034D0D36253634FF00043D3664FF0FF339366D7
S2140034E0064A4FF40071C2F88011E3785B01DBB244
S2140034F082F80933116010BD00200E4000E100E0A4
S214003500F8B5254D8F7AD1F800C0C3B201269E408B
S2140035104FF0300ECB7A0EFB00500C461B05097B95
S214003520AE6643EA0743C0F880C094F80DC0C0F802
S21400353088C043EA415322F00302C0F88430C0F842
S21400354098202BF0F9FBEB6E3343EB66237A13B12E
S2140035506B6B33436B63637A13B1EB6A3343EB6293
S21400356023792A6823B1DB431B0263F47F431A40A6
S21400357063790BB142EA0322A3790BB122EA030274
S214003580E3791343044A1360044B9E62D663BDE896
S214003590F8402BF0D7BB00BF00200E4000200E44A2
S2140035A010B5C0B2012484402BF0C6FB054AD36E8A
S2140035B023EA0403D366044B1C62BDE810402BF0DC
S2140035C0C1BB00BF00200E4000200E4410B5C0B2A4
S2140035D0012484402BF0B0FB074B1A6A224208D124
S2140035E09B6A9C430CBF012400242BF0ABFB2046B7
S2140035F010BD0024F9E700BF00200E40054B5A68B6
S2140036005B68054B41F671321A649A6822F0010233
S2140036109A60704700300E4000000E40034B9A68D8
S21400362022F001029A6000221A64704700000E40E1
S214003630094A0A4BD969C90705D512B96FF00200C5
S2140036407047013AF6E7002AF8D001221861DA60DE
S214003650D86940F3800070478096980000000E40BE
S21400366070B509B9002070BD0E4A0023082550F831
S214003670234094610C4CD5600133D669F60705D516
S21400368014B96FF00200EEE7013CF6E7002CF8D024
S214003690D469A40702D49942E9D1E3E76FF00100A8
S2140036A0E1E700BF00000E40809698002DE9F84341
S2140036B01C4B0D4641F671311E6C19641A49804642
S2140036C048684968996841F00101B6B29960970860
S2140036D04FF00009B94501D3002005E008EB890446
S2140036E02046FFF7A5FF48B10E4B9A6822F001026C
S2140036F09A600EB100221A64BDE8F883C4F30A018A
S214003700C1F500618908A7EB0903994228BF19464D
S2140037102846FFF7A5FF0028E6D1894405EB81057A
S214003720D8E700BF00000E4000300E40234B41F6A5
S21400373071311A6C10B5196421494C68496899684A
S21400374041F00101996001211861D960D9694C07DF
S21400375092B209D5996821F0010199600AB1002258
S2140037601A644FF0FF3010BD0221D9601549D869A0
S214003770C00700D569B9D86910F002000BD0996867
S21400378021F0010199600AB100221A646FF001006D
S214003790E9E70139EBE741B9986820F00100986045
S2140037A002B119646FF00200DDE7996821F00101AB
S2140037B099600AB90020D6E71864FBE700000E40BF
S2140037C000300E4080969800014B01229A607047A8
S2140037D000500E40134B1449F0B500225D68134E9E
S2140037E01046D6F8E8714C680B687F070BD4B3F523
S2140037F0006F06D012D8B3F5007F02D0B3F5806F05
S21400380001D144F480742B4202D02C4208BF1843E6
S2140038100132092A01F10801E3D1F0BDB3F5803F7A
S214003820EEE700BF00500E4054E003000040E00FFB
S2140038308B784A789B0143EA82030A781343CA7856
S21400384043EA02130A7943EAC2234A7943EA023377
S2140038508A79043043EA42430001014A1350704714
S21400386000200440014B1860704700BF00008442EF
S214003870437882789B0043EA021302781343C278A7
S21400388043EA4213027943EA0223427943EA0233C7
S214003890827943EAC233C27943EA0243027A43EAB0
S2140038A04243014A13607047002004400D4AD2F894
S2140038B0E430D2F8E0109B0003F03C03C1F3811122
S2140038C00B438370D2F8E03003F03F034370D2F826
S2140038D0E830D2F8EC2003F0F003C2F303121343EF
S2140038E00370704700FF0FE0024BD3F8FC00000E99
S2140038F0704700BF0081E00F044BD3F8E4301B0E86
S2140039000A3303F01F030120984070470081E00F40
S21400391070B5054616461C4619B91448FEF7E2FD72
S2140039200146402C1BD003D8DCB1202C1BD070BD28
S214003930602CFCD1042303FB06F2530803EB41136F
S214003940B3FBF2F30A4A203B02EAC3032A6822F0DA
S21400395060022A602A6814432C606B61E7E706233E
S214003960E9E71023E7E70823E5E700BF4041050045
S214003970F8FF7F0038B50546144619B90548FEF726
S214003980B1FD014601396400B1FBF4F10902696139
S21400399038BD00BF4041050040F6AA63C36041F24F
S2140039A00502002303604260104A83604361C364DB
S2140039B082640F4A0366904243678367C3670DD0ED
S2140039C002F5806290420BD002F58062904205D0EC
S2140039D002F58062904203D0836570470365FBE77B
S2140039E0036583650023C365704700BFF9FF0100C8
S2140039F00000014038B5044630F0C8F80FCC044D3E
S214003A000FC594E80F0085E80F00002038BD00BF02
S214003A108827002047F6FF739A42F0B572D0062931
S214003A2072D83A4B5B5C022B6ED8394D05EBC3045B
S214003A30DF00A17815F83330012938BF0121012BAA
S214003A4013D1E0780025401AA84202D80844C0B234
S214003A50F0BD431BA0EB5303666836F9136096422D
S214003A60CCBF03F1FF301D46EEE760680028EFD0BC
S214003A70B0F90040944204DBB0F902409442B8BF6B
S214003A8014468388FF2B04BFB0F90620B0F908C09F
S214003A903D440FBF01260026C8224FF0280C131BFA
S214003AA093FBFCF333446E781BB29E4201DD002B81
S214003AB001DA731E1BB201339BB24FF47A7C071DEA
S214003AC05D1E2DB24FEAC50E00EBC5059E42EA8884
S214003AD0AD6814FB025222EAE27202F15C02B2FB0B
S214003AE0FCF205DD37F83350954203F10103E7D2C7
S214003AF000EB0E039888904228BF1046884238BFD5
S214003B000846A4E7FF20A3E70020A1E79CE0030007
S214003B10882700200629F0B561D8324B595C022967
S214003B205DD8314B13F83100012816D103EBC103E1
S214003B309C78D8785B68012C214638BF01219042DA
S214003B4094BFC1EB0001C1EB0201CAB2001B824266
S214003B50C8BF002233F91200F0BD002A3DD003EBA7
S214003B60C103596800293AD09878904202D3B1F937
S214003B700200F1E7DC78B1F900009442ECD95C78F9
S214003B808B88A3F1FF06013C734201F10405E4B201
S214003B90734101F10C07DEB2B44216D805EBC3033D
S214003BA04FF47A75B3F902405B686A43D21A04EBA5
S214003BB0D47302EB630292FBF4F29042CCDBB1F9D1
S214003BC002009042C8DC10B2C6E737F833C094450E
S214003BD003F10106E2D33346DDE70448BCE70448B8
S214003BE0BAE700BF9CE00300882700200CFEFFFF1A
S214003BF00080FFFF08B50448FFF7FCFEBDE808405C
S214003C0001202FF0E8BF00BFA4E003007FB5094BFA
S214003C1009490222CDE901234FF08373CDE903134E
S214003C204FF0FF300D2301A9059330F010F807B0D0
S214003C305DF804FB006A180006010C00024B0348FE
S214003C400122C3F8002670470010C84300000F404A
S214003C50094B98420ED003F58063984209D10122A1
S214003C60064B03EBC2035A68054B13449B00002225
S214003C701A6070470022F3E700000F4014E20300CA
S214003C808005F21010B504462369DB07FCD404F166
S214003C9080002BF09EF8014B236510BD51054501B1
S214003CA02DE9F043064689B0174698460C4600298B
S214003CB04DD1FFF7C3FF0146044630462BF010FAFD
S214003CC04FF0010996F86C5006F15C01C5F10F063D
S214003CD0C5F10E03F6B22A460DF1010001358DF846
S214003CE0003033F01CFD324600210DEB050033F0AA
S214003CF068FDC6F1100001233246002168448DF8A5
S214003D000F3033F05EFD2BF00CF804F1800605460C
S214003D10694630462BF05DF80E4B23652369DB07BA
S214003D20FCD404A930462BF071F828462AF0FDFF93
S214003D30424604A9384633F0F2FCB9F1000F02D02F
S214003D402046FFF785FF002009B0BDE8F0834FF05E
S214003D500009B7E7055101002DE9F04F89B0054687
S214003D60DDF8489016461F460C4639BBFFF766FF3F
S214003D700146044628462BF0B3F94FF0010B6B6C56
S214003D8033446B642AF0CDFF8246D6B950462AF0FB
S214003D90CCFFBBF1000F0ED02AF0C3FF05F14C019B
S214003DA0064604F184002BF031F830462AF0BDFFB9
S214003DB02046FFF74DFF09B0BDE8F08F4FF0000B2F
S214003DC0DDE72B79102EB04628BF4FF01008012BE8
S214003DD00DD110220021684633F0F3FC39464246E6
S214003DE0684633F09CFC69462046FFF74BFF394691
S214003DF004F18C002AF0EDFF124B23650123636566
S214003E002369DB07FCD404A904F180002AF0FEFF36
S214003E1004A94246484633F082FC297961B910224B
S214003E20684633F0CEFC49464246684633F077FC97
S214003E3069462046FFF726FFC1444744A6EB08061E
S214003E40A3E700BF4805590370B5048804F4E043AF
S214003E50B3F5005F05461ED1C4F30223042B1AD126
S214003E6081F0AA6383F4807333F47E13204821F430
S214003E707E1618D081F0AA6383F4007333F47E13A1
S214003E8011D0864230D1B4F5105F0CBF6FF08600BB
S214003E906FF0850070BDB4F5105F25D1144B21F48A
S214003EA07E119942F1E786424FEA1143C1F305417C
S214003EB01AD1B4F5105F17D104390C2911D813F0B4
S214003EC001000ED1073A062A0BD86B88C02B0BD000
S214003ED0B3F5807FDED0802B0CBF00206FF086000D
S214003EE0D8E76FF08600D5E76FF08500D2E700BF11
S214003EF0000140052DE9F04FA7B0DDE93475DDF887
S214003F00D880DDF8EC90089206461C468A4629B909
S214003F106FF08602104627B0BDE8F08F0028F7D075
S214003F20309B002BF4D0329B13B9339B002BEFD180
S214003F30002F7DD1002DEBD1389B002BE8D0B9F1B6
S214003F40000FE5D03A9B002BE2D0399B002BDFD048
S214003F50338803F4E042B2F5005F74D1C3F3022263
S214003F60042A70D184F0AA6383F4807333F47E133A
S214003F7006D084F0AA6383F4007333F47E136BD107
S214003F80C4F30543319AC9F80030214630460993F8
S214003F90FFF75AFF02460028BCD17288089BB3EB95
S214003FA0D20F4FEAD20BB3D3379B9D425FD83A9AD3
S214003FB0099B93425BD8474508D27B19984505D2A2
S214003FC039462A46404633F0E2FB47467022002137
S214003FD00AA833F0F6FB5A4651460DF12D00CDF8EF
S214003FE050B033F09CFB234B24F47E149C423BD110
S214003FF03388B3F5105F37D1D9F800300693399B74
S2140040000397CDE90483339B0293329B0193319B44
S21400401000932A46309B01210AA82BF07CF9024621
S214004020E0B9389B1D6070210AA82BF06CF971E787
S214004030002D81D0B8F1000F3FF46AAF379B002BFC
S2140040407FF47AAF64E742F20402934204D184F02C
S214004050052383F4801390E7002393E73899002321
S2140040600B60C9F80030DEE76FF08502DBE76FF023
S21400407089024FE7000140052DE9F04FABB0DDE9BE
S21400408038A4DDE93B65894609929846074600282C
S21400409000F0A280002900F09F80349B002B00F0E7
S2140040A09B80369B1BB9379B002B40F09580BAF15E
S2140040B0000F02D1002C40F08F801DB93D9B002BD5
S2140040C040F08A803E9B002B00F086803A9B002BB7
S2140040D000F08280359A41463846FFF7B5FE024624
S2140040E0002866D17A88099BB3EBD20F4FEAD20B31
S2140040F072D33D9B9C4272D8AA4509D20AEB0402B1
S214004100954205D251462246284633F040FBAA4641
S214004110702200210EA833F054FB5A4649460DF192
S2140041203D00CDF860B033F0FAFA2E4A28F47E1837
S21400413000219045CDE90A11CDE90C1149D13A8804
S214004140B2F5105F45D1379B0293369B01930AAFB9
S214004150359B00932246CDE90457349B0696CDF84E
S2140041600CA00EA82BF0D7F80246C8B93A9B3846E2
S21400417003EB060C90469C451FD11EB131463846CF
S2140041802BF0C1F8B8F1000F20D03E9A0023136040
S2140041901CB1214628462BF0B6F86FF0940204E0D6
S2140041A01EB1314638462BF0AEF870210EA82BF023
S2140041B0AAF810462BB0BDE8F08F10F8011B13F8D4
S2140041C001EB81EA0E0148EA0108D4E73E9B1C6039
S2140041D0EBE76FF08502E8E76FF08602E9E76FF03D
S2140041E08902E6E7000140052DE9F04F8FB09846BA
S2140041F0DDF86CA0049093460023B8F1000F16D0AB
S214004200D8F800401029CDE90633CDE908330CBFB5
S21400421008231023029300255D450AD3B8F1000F4A
S21400422001D0C8F8004000200FB0BDE8F08F44462B
S214004230E8E75CB1199B1A9A1B5D525D0134534046
S2140042400AF8053004F00F040135E5E7FFF7F6FC41
S2140042504FF440434460036006462AF062FD029A2B
S2140042600499074630462AF006FE06F184031846EF
S214004270189901932AF0ADFD3846ABEB05072AF0F6
S21400428054FD27F00F0706F1A0032F440593AAF16B
S2140042901009BD4234D11A9B3B440AAD03F1100C01
S2140042A0186859682A4603C2083363451546F7D18D
S2140042B00F2F0ED90AEB070306AD103B0DF1280CA5
S2140042C02A4603CA624518605960154603F108037A
S2140042D0F6D106F1800357440AEB0B0903934F45CA
S2140042E036D12AF01EFD1899054601982AF08EFD53
S2140042F028462AF01AFD3046FFF7AAFC5D468BE7F3
S2140043002AF00FFD224B039033653369DA07FCD49D
S2140043101A9B059859192AF05CFD0F2D0ED90DF140
S214004320180C09EB05020DF1280E634603CB734506
S214004330106051609C4602F10802F6D106A906F10B
S21400434080002AF063FD03982AF0EFFC1035A0E702
S21400435074B92AF0E6FC0E4B336505463369DB0775
S214004360FCD4039819992AF051FD28462AF0DDFC62
S21400437004F138030DEB0302199B12F8102C1B5D99
S2140043800134534007F8013B04F00F04A7E700BFD1
S214004390480503012DE9F74FDDF848A0DDE90E7466
S2140043A0DDE9106883461D46894621B96FF0860010
S2140043B003B0BDE8F08F002AF8D00FB9002CF5D175
S2140043C016B9B8F1000FF1D1BAF1000FEED02E4BAE
S2140043D09D4215D00BD82D4B25F4807199420FD0F5
S2140043E003F580639D420BD06FF08500E0E7284B15
S2140043F09D4205D025F40071A3F580739942F2E73B
S214004400BBF80030B3F5105FEED1BBF80230B2EB6C
S214004410D30FE9D3802B02D0B3F5807FE4D124B349
S214004420B7420AD23B199E4207D24445BED8394607
S2140044302246304633F0ABF93746164BBBF802B08F
S2140044409D424FEADB0BCFD14445AFD814F00F05A1
S214004450ACD17319009301227B19594648462AF0BD
S21400446093FF30B91035AC42F3D8CAF800400020AC
S2140044709EE742460021304633F0A3F90023CAF8EF
S21400448000306FF0920093E70010C0040040400434
S2140044900012C004004440042DE9F04F91B0DDE95D
S2140044A01A4ADDE91C56DDF8789007469B46884692
S2140044B029B96FF08608404611B0BDE8F08F002A93
S2140044C0F7D014B9BAF1000FF3D10DB9002EF0D120
S2140044D0B9F1000FEDD0574B9B4515D00BD8564B76
S2140044E02BF4807199420FD003F580639B450BD067
S2140044F06FF08508DFE7514B9B4505D02BF4007124
S214004500A3F580739942F2E73B88B3F5105FEFD1CD
S2140045107B88B2EBD30FEBD3802B02D0B3F5807F32
S214004520E6D1BAF1000F04D1C9F800A04FF0000898
S214004530C1E7AC420BD204EB0A039D4207D2B24558
S214004540B7D821465246284633F021F92C46394B37
S2140045507F889B454FEAD70758D003F540739B45A5
S21400456021D0374B9B45C3D1B245A2D81AF00F0BCA
S2140045709FD140463B4608AA39462AF03FFF804670
S214004580002898D105EB0B030093002204EB0B03E5
S214004590394608A82AF0F8FE804670BB0BF1100BCF
S2140045A0DA45EFD8C0E7AAF10D0AB2453FD8012395
S2140045B08DF810300DF11102234604F10C0153F86A
S2140045C0040B42F8040B8B42F9D11B7813704FF49E
S2140045D08073ADF81E300D3404ABCDE90033404691
S2140045E0CDE90245002352463946FFF7FDFDC9F8DE
S2140045F000A0804600283FF45EAF324600212846E1
S21400460033F0DFF80023C9F8003054E7AAF1100AA7
S214004610B2453FF64EAF04AA04F1100C206861685C
S214004620134603C3083464451A46F7D1D4E76FF03F
S214004630890840E70010C004004040040012C0048F
S2140046400044400410B54FF42F720446002133F0A6
S214004650B8F88023C4F88C30054BC4F884300123A6
S21400466084F8883004F19C00BDE810402AF0E5B9D3
S21400467024E2030010B5D0F8A0400A4684B92BF017
S214004680C8F8044610B90024204610BD2D2896BF51
S214004690064B074953F8201006482BF001FAF3E7BB
S2140046A0D0F8A4101046A047EDE700BFD0E2030004
S2140046B02EE20300B5080400F8B590F880600446C2
S2140046C016B100263046F8BD2AF0D4FE0028F8D1F0
S2140046D0012384F8803094F8883033B1D4F88410FD
S2140046E0194884F888602BF0DBF94FF0FF37D4F8D0
S2140046F0B402421C1CD0C4F8B47210F0FF0520D0DF
S21400470020462AF0B4FE2946204600F0AFFB0028DB
S214004710EDD020462AF0B9FE94F888306BB1D4F874
S214004720841009482BF0BCF9002384F8883004E094
S2140047302BF09BF9431CE0D10126002384F880303F
S214004740C0E70126D3E700BF4C050400F8B50B7898
S214004750302B04460D46164604D14B7803F0DF0393
S214004760582B11D0284F6A1E12F8011F002935D188
S21400477028460A2229F036FD202C03460D4632D163
S214004780B1FA81F040091BE04A1C1F4912F8013FAC
S21400479093B9284632F0E3FF1C4B2340032BA0F1CD
S2140047A0020012D10134A41084420AD1A878372816
S2140047B08CBF0020012003E0CB5C13F04400E5D161
S2140047C0F8BDCCBF01200020FAE7002CB8BF0334A8
S2140047D0B0EBA40FD4BF01200020F1E77B5C13F000
S2140047E00400C1D1ECE726B1084302D0013B61F1D9
S2140047F000050122A240013A1A40002D08BF9A4245
S2140048000CBF01200020DBE789590400030000806C
S214004810F0B503787B2B014617D10D4F06460224D0
S214004820002216F8015F7D2D05D10B5D6BB9D243D2
S21400483002F0010008E07B5D13F0440002D0013274
S2140048400134EEE7202DFBD0F0BD0020FCE700BFD2
S2140048508959040070B506460D4632F080FF0446BE
S21400486030462BF01DF9044EAC4200D370BD3046E6
S2140048702BF016F90134F7E780FC03002DE9F84F1A
S214004880044602216048FFF7E5FF1E212068FFF777
S214004890E1FF636858682BF003F95C482BF000F9D9
S2140048A067683B7BFD2B12D8D7F80880DFF8589155
S2140048B0DFF8B4A1DFF870B1404632F050FF0C3795
S2140048C006464FF0FF3417F8013BFF2B01D1BDE839
S2140048D0F88F212B14D8212B14D8DFE803F0178C7F
S2140048E08884807C78741313131313131313706C5B
S2140048F06864605C58541313131313131313504C4B
S214004900FE2B34D006B10134414D02E006B101342D
S214004910404D02214846FFF79DFF1E214846FFF7FF
S21400492099FF50462BF0BCF85946284632F0EDFE6B
S2140049303949002818BF294638482BF0B1F83B788B
S214004940202B02D12B202BF09FF835482BF0A8F80F
S2140049504EB118F804301F2B05D018F804001F2895
S21400496001D0B4424BDB29482BF09AF8ABE706B1EE
S21400497001342C4DCDE706B101342B4DC9E7002E8E
S214004980A1D001349FE706B10134284DC1E706B136
S2140049900134274DBDE706B10134264DB9E706B10F
S2140049A00134254DB5E706B10134244DB1E706B113
S2140049B00134234DADE706B10134224DA9E706B117
S2140049C00134214DA5E706B10134204DA1E706B11B
S2140049D001341F4D9DE706B101341E4D99E706B11F
S2140049E001341D4D95E706B101341C4D91E706B123
S2140049F001341B4D8DE706B101341A4D89E72BF0C3
S214004A0043F80134A9E700BFA3C6030007E8030084
S214004A1095E303008FE30300E6E303004C05040080
S214004A2010F70300F67C03009DE30300A6E30300F3
S214004A30ADE30300B8E30300C2E30300CCE30300E6
S214004A40B7E30300C1E30300CBE30300D4E30300B2
S214004A50D8E30300E0E3030089E3030090E30300E8
S214004A60DFE3030088E303001F0B04002DE9F04F8B
S214004A709BB005468B460092049332F070FE249F4E
S214004A80049B059000241C600AAA3C6009A92846DD
S214004A902BF027F8064658B90A9832F060FE049BB9
S214004AA01860D5F89C3003933446B146039B1BB977
S214004AB020461BB0BDE8F08F039B9B680193002B3C
S214004AC069D02E4416F8013B202B12D000260C236A
S214004AD0019A734302EB030AD3580293002B55D076
S214004AE0DDF82480C84551DB9AF808302BB1721CDB
S214004AF035E03B6801333B60E4E73B68D5F894203B
S214004B000299D21A049B1A601AAB03EB890353F876
S214004B10403C0693184632F010FE07900028E6D177
S214004B20029832F01CFEDAF80410079AD7F800A0B4
S214004B300346087BFE2816D108F1FF38C8452ED05C
S214004B400B6806980292019332F009FE0AF10103FF
S214004B50029A0344E95C21B13B6009F1010916465B
S214004B60B5E70133F6E7D5F89420A2EB0A029A429D
S214004B70BDDC5846069332F0F2FD069B03447B2BC1
S214004B801DD91F4A0099584629F07EFF059A2B46E4
S214004B902A449A422AD1039B1B68039386E7D5F8DA
S214004BA09420A2EB0A029A42E3DDD1F8008058F87E
S214004BB00C2B82B9059B3B60049B1A60E6E7029AC1
S214004BC00099584629F060FF0E4A0099584601346D
S214004BD029F05AFF8BE70099584629F055FF094AF5
S214004BE00099584629F050FF0134E0E713F8011BFE
S214004BF00029CED14FF0200103F8011CC9E700BF01
S214004C00E8E3030080FC03002DE9F04786B0DDE909
S214004C100EA800241C60064689468AF800401168E3
S214004C20154888F8004017461D468DF81740FCF7D3
S214004C3051FE18B92B6801332B600124D6F89C600E
S214004C40002036B914B1012388F8003006B0BDE85C
S214004C50F087B06868B14B46CDE902A8CDE900758B
S214004C600DF1170200212AF073FD9DF81730002B76
S214004C70E8D13668E5E700BFEDE303002DE9F04331
S214004C800026ADF5457D04467C22314605A802AFD8
S214004C90049632F096FD009703AB802204A92046C6
S214004CA0FFF7E4FE01283ED104A832F058FD039930
S214004CB03B68A0EB01080B44234428EAE878054645
S214004CC004A801444246184632F029FD00F8086060
S214004CD0D4F89060039B3968D4F890201944B14208
S214004CE012DCD4F89410E81A0244C4F89020014468
S214004CF004AAC4F89410D41825182B1B002B0DDC1E
S214004D000DF5457DBDE8F083A05C2AF0BDFED4F825
S214004D1090300133C4F890300136DBE714F8010B0D
S214004D202AF0B2FEE9E7EBDD24AD802231462846C4
S214004D3032F047FD44AB4FF400723146184632F06D
S214004D4040FD0DF1100903464A464FF00108314672
S214004D5012F8016B002E49D104A843F8281032F04F
S214004D60FEFC2946334619F8016B0DF5887C5CF885
S214004D70042B824243D10133984501F8016BF2DAE5
S214004D80D4F89060039BB34242DC364A364823464A
S214004D9004A92AF085FE284632F0E1FC039B3F6812
S214004DA006461F44F61AE0191D4426EAE67204F188
S214004DB098031744984204EB07014ED204F190037F
S214004DC099424AD96A1E81190B1A002B39DD12F84E
S214004DD0013F00F8013BD4F890300133C4F890301E
S214004DE0D4F894300133C4F89430EDE7202E01F166
S214004DF0010104BF43F8281008F10108A8E70DF1E7
S214004E00100E7244D25CB242B1D00022EA54B7E728
S214004E10D4F89030E05C2AF037FED4F890300133B6
S214004E20C4F890300136ADE7D4F890200132C4F8CB
S214004E309020D4F894200132C4F89420013B002B33
S214004E40F2DC0023E3552E44731B002B7FF758AF8C
S214004E5015F8010B2AF018FEF6E7294632F05FFC3B
S214004E603346ECE724E20300F2E303002DE9F843BF
S214004E70D0E9245604460F46002294F89830012BB9
S214004E8007D10A2F07D1002384F898300020BDE808
S214004E90F88300F29F801B2F01D10223F4E70D2F29
S214004EA00DD1012384F898300D202AF0EDFD0A205C
S214004EB02AF0EAFD0023C4E924330120E7E74FF097
S214004EC00008082F84F8988034D1454530DDB54277
S214004ED00FD138462AF0D8FD013D20202AF0D4FD17
S214004EE038462AF0D1FD04F80580013EC4E9245670
S214004EF0CCE7FBDA05F1FF3938462AF0C5FD04EBAE
S214004F000903A6EB09026119184632F040FC04F8C2
S214004F100680014648482AF0C3FD013E35464D4509
S214004F2001DC4D46E2E708202AF0AEFD013DF6E73B
S214004F30ACD0DBE77F2F1CD1002EA7DDB542A5DA6B
S214004F406319691C2144721B184632F020FC04F8D1
S214004F500680014639482AF0A3FD0820013E2AF0C3
S214004F6093FDB542F9D1D4F89430013BC4F894309F
S214004F708CE70A2F98D0092F03D12046FFF77EFE34
S214004F8084E7D4F88C30013BB3427FF77FAFB5425D
S214004F9004EB050805F101090CDB88F80070D4F86D
S214004FA09430C4F890900133C4F8943038462AF010
S214004FB06BFD6BE7721B414604EB090032F0E7FB22
S214004FC040462AF06DFD0820013E2AF05DFDB54200
S214004FD0F9DDE2E7022B06D15B2F01D1032353E76D
S214004FE084F8982049E7032B7FF450AF413F84F8BC
S214004FF09820032F3FF64AAFDFE807F002070A16AD
S214005000012120462AF0F1FC40E74FF0FF31F8E797
S214005010B542BFF63BAF605D2AF036FDD4F890305F
S2140050200133C4F8903031E7002D7FF72FAF013DF4
S214005030C4F890500820BAE7FBE30300F5F7030036
S2140050407FB5094B6A4603F110061546186859687D
S214005050144603C40833B3422246F7D12846FEF767
S214005060F9F8002004B070BD00E4030070B5184BDA
S21400507086B001AA03F1100615461868596814464A
S21400508003C40833B3422246F7D11B882380114B52
S214005090D3F8B420120316D5A3F500434FF6FF72DB
S2140050A01B88934208BF4FF4A5730B48ADF80A302F
S2140050B0FCF7C6FB2846FDF785FC3220FDF7FAFA1A
S2140050C0002006B070BDD3F8B830C3F30803ECE791
S2140050D010E403000081E00F00F0490207B5084B1A
S2140050E018680190202301A88DF80430FDF7AAFC6B
S2140050F03220FDF7D9FA002003B05DF804FB00BFAC
S21400510022E4030010B50C480C4C6FF00403A021F9
S21400511013F0800F03F1010207D12344332A83F8EA
S21400512000131346F4D1002010BD03F00F03043B18
S214005130034419761346EBE700ED00E000E100E0DB
S21400514010B5044629F0EDFD024B1C6029F0EDFD7C
S214005150002010BDB027002010B529F0E2FD034B5B
S2140051601C6829F0E2FD204610BD00BFB0270020D5
S21400517038B50C461546014610B9FFF7EDFF014657
S2140051802B46224603480BF03DFE0028D4BF3720AE
S214005190002038BD4BFC020030B5144687B00546EB
S2140051A010462AF084FD636983423CBFD4E903318C
S2140051B05B181B1A02467BB10F4903910021CDE90B
S2140051C00131012304940093D4E90013284629F002
S2140051D058FD002007B030BD0122627694F82D20DD
S2140051E0002AF6D084F835301321E3692046984724
S2140051F0636A20469847ECE7995100002DE9F0478E
S21400520088B004460F461646984629F095FD814616
S214005210002E7BD0237E03F0FF02002B00F0A3803D
S21400522020462AF044FD6569A84205D1637ED4E98C
S214005230033213445D1B01E0F9D9451BB54228BF74
S214005240354629F079FD94F82D308246002B6ED134
S21400525061692A46384632F062FA63692B44636114
S2140052602E4621E0037803F0FD0111295CD1216B65
S214005270814205D1A3F111014B424B4184F83430F1
S214005280013E6369216B8B4203F1010308BF236370
S2140052906361013295426069E4D1D4E90323216B4E
S2140052A01344994200D12263D4E903236169207A2A
S2140052B0134499424FF0000508BF62616576FCF71B
S2140052C065FD20462AF0F3FC6369834232D194F8E8
S2140052D02D302576E568656103B12563636A20464F
S2140052E09847224B03930023049402932369019367
S2140052F00123009363682168207A2A4629F0C1FCBE
S214005300207AFCF763FD504629F01CFD4846C8F895
S214005310006029F017FDD8F80030002B0CBF1B20CA
S214005320002008B0BDE8F08707F8013BA9E72E4645
S2140053300022AFE701232376207A0DF11E01FCF749
S214005340ADFD9DF81E30002BDAD00DF11F01207A3E
S214005350FCF77CFD9DF81F100029D1D1207A22464B
S214005360FFF71AFFCCE71646D0E700BF99510000BA
S214005370002807DB044A4109012300F01F00834090
S21400538042F82130704700BF00E100E0002808DB4B
S2140053904309044900F01F0001226033824041F8AF
S2140053A02320704700E100E070B504460568FFF76B
S2140053B0D3FE844202D10020FFF7C2FE95F9366084
S2140053C03046FFF7E3FF002E0CDB7309194906F0A1
S2140053D01F0620330122B24041F82320BFF34F8F2F
S2140053E0BFF36F8F95F937603046FFF7CFFF002E7B
S2140053F00CDB73090F4906F01F0620330122B2406A
S21400540041F82320BFF34F8FBFF36F8F287AFCF746
S214005410FDFC287AFCF75EFCFCF73AFC0023C4E9A6
S2140054200033C4E90433A3602846AB6ABDE8704085
S214005430184700BF00E100E02DE9F0430C46154692
S214005440064687B04022002120461F4632F0B9F9B2
S214005450002395E803002A692376EB68E360C4E935
S21400546004232A7D84F82C20AA7D2363012384F854
S214005470343084F835300E9B236284E803000F9B9B
S2140054806362109B84F82D20E761A3622B7A84F870
S21400549036306B7A84F837302D4B73602D4BB36003
S2140054A02D4B33612D4B346073612D4BF360FCF74D
S2140054B037FC38B12B4B984204D01024204607B056
S2140054C0BDE8F083002104F10800FCF7B1FB0746B5
S2140054D00028F2D1244B33624FF00108234B84F8A6
S2140054E03C80B361224BF3619DF8483084F83B3032
S2140054F09DF8443084F83A30697D84F8390084F8A1
S214005500388020462AF0E4FB95F909904846FFF7D4
S2140055103DFF4846FFF72CFF164B0494CDE9027377
S2140055202369CDE900836368E2682168207A29F060
S214005530A8FB04460028C0D195F908502846FFF776
S21400554025FF2846FFF714FF3046FFF7F9FDB5E7BD
S21400555021FD0200FD5100009DFC0200A3FC02009C
S214005560A9530000038000F077FC0200D1FC020083
S214005570A9FC0200995100002DE9F04186B01C46B6
S214005580524B0C9D0293524B01930126514B0093B4
S214005590CDE90366504B90460A462946FFF74CFF76
S2140055A00746002856D123682B6463686B64637AC9
S2140055B085F84930237A85F84830E37A85F84B3009
S2140055C0A37A85F84A30637B85F84D30237B85F8CF
S2140055D04C30E37B85F84F30A37B85F84E303F4850
S2140055E03146FCF72DFE3E483146FCF729FE617A2F
S2140055F0207A33460422FDF7FFFE33460222E17A84
S214005600A07AFDF7F9FE60683146FCF719FE88F8C7
S21400561000704146206829F0C8FC2268536F43F0AA
S21400562003035367936F617C23F4F85323F01F033F
S21400563043EA0123A17C0B4393670323536785F852
S214005640507098F81920202A28D007D8E2B1102ADE
S21400565038D02327384606B0BDE8F081302AF8D186
S21400566085F8503002220023617B207BFDF7C4FEC4
S2140056702368E27CDA675A6E42F004025A665A6F72
S21400568042F010025A6766B92A6C2068D36C43F061
S2140056900403D364052129F081FCDBE7022385F8A7
S2140056A05030E17BA07B00230422FDF7A5FE236893
S2140056B0217DDA6F42EA0122DA675A6F42F0200251
S2140056C05A67E1E733463E46CAE700BF4DFE020092
S2140056D041FE0200D9FE0200CDFE02004041050058
S2140056E000350A0007B501F019FB6A4601F07CFB9D
S2140056F018B10448522100F0DDFADDE9000103B0DC
S2140057005DF804FB26E4030008B501F03BFA18B187
S21400571002487A2100F0CEFA002008BD26E40300F5
S21400572008B500F025FA0D4A536A43F4E0235362A5
S214005730EFF308830A4A043B4FF0CD31934209D277
S214005740084B01221A61FFF7DFFFBDE80840064854
S214005750FEF750B943F80419F0E700BF00ED00E08B
S2140057600000002000300E405CE1030007B5042274
S2140057700DEB020100202EF0E6F9042804D00548BF
S21400578040F2671100F096FA019800F0D9FB03B0DA
S2140057905DF804FB26E4030010B50A0A41400748FA
S2140057A0C9B2082301F00104490804B14140013B95
S2140057B013F0FF03F6D181EA020010BD2083B8ED96
S2140057C02DE9F843134C144EDFF85480134FDFF8DE
S2140057D05490002523780BB9BDE8F88356F8043BAF
S2140057E02246414600202AF039FA22782346013420
S2140057F0002AFAD15B7853B105F00303032B0CBFE4
S2140058003946494600202AF029FA0135E2E73946AA
S214005810F8E700BF9EE903000010002006E803003A
S21400582083E40300282A04006B4B1B8840F60522FD
S21400583093422DE9F0410ED8B3F5206F0DD840F213
S2140058400252934218D040F20172934220D040F2A6
S214005850015293420AD0BDE8F081A3F602235F4CC2
S214005860032B1ED8DFE803F0376396B25C490020AE
S214005870BDE8F0412AF0F2B95A4900202AF0EEF9C4
S214005880564B1A6C5849BDE8F04100202AF0E6B99C
S214005890524A5649BDE8F041D2E9242300202AF0B6
S2140058A0DDB9534900202AF0D9F994F868309E07EC
S2140058B003D5504900202AF0D1F994F86B305D06E4
S2140058C003D54D4900202AF0C9F994F96B30002B16
S2140058D0C1DA4A49CBE74A4900202AF0BFF994F8D2
S2140058E06430980704D0226C3F4900202AF0B6F9AD
S2140058F094F96430002B04DA226F424900202AF023
S214005900ADF9414FDFF80C8100250126626E06FADC
S21400591005F3134207D057F8252013781BB14146EC
S21400592000202AF09BF90135082DEFD193E737497F
S21400593000202AF093F92C49226C00202AF08EF9D8
S21400594094F86530590703D5314900202AF086F9C6
S21400595094F96530002B04DA226F2A4900202AF0D9
S2140059607DF9294E2B4F0825636EEB40DA0707D5E5
S21400597056F8252013781BB1394600202AF06EF918
S2140059800135102DF0D194F8640000287FF463AF41
S21400599021496DE721491C4E1E4F00202AF05EF972
S2140059A0226C114900202AF059F91025636EEB404D
S2140059B0DB0707D556F8252013781BB1394600209B
S2140059C02AF04CF901351A2DF0D144E7144900208D
S2140059D02AF044F9226C55E7CE3D00200010002046
S2140059E08DE40300CBE40300FCE4030017E50300AA
S2140059F033E503004CE5030087E50300BBE5030041
S214005A00F8E503001EE60300F8F0030045E6030091
S214005A105DE603003CE60300A4E60300D5E60300CB
S214005A20EFE603002DE9F04F424CD4E90D32D4E9FD
S214005A30121B580748BF0026D4F83CA05DBFD4F818
S214005A4050803D4EDFF81C91DFF81C915ABF8B4604
S214005A509246B04613F0080F384B394A394918BFFA
S214005A601A46B6EB080718BF7D0885B01BBF64232F
S214005A7003FB0B553D46B5FBF7F54B4618BFADB2DD
S214005A80CDE9016ACDF800800020BFB22AF0E6F822
S214005A90CDE900972C492B461FFA8BF200202AF0FE
S214005AA0DDF8B24501D8C24504D228494A4600204E
S214005AB02AF0D4F8D4E91703184338D02449254FE0
S214005AC0DFF8A88000202AF0C9F800250126E26D3C
S214005AD006FA05F3134207D057F8252013781BB1B2
S214005AE0414600202AF0BAF80135202DEFD11A4F92
S214005AF0DFF8788000250126226E06FA05F31342A9
S214005B0007D057F8252013781BB1414600202AF00D
S214005B10A5F80135122DEFD1104900202AF09EF885
S214005B200E49002005B0BDE8F04F2AF097B80C49A2
S214005B30F4E700BF001000200010002016E7030066
S214005B401DE7030025E7030057E7030091E703007E
S214005B50B0E7030030F00300B0F0030007E80300EE
S214005B60E0E7030011E703001E1504004B050400E0
S214005B7010B5FDF72FFE0446FDF726FEE30721D4F9
S214005B8001221046114600FA01F3234002F10102F9
S214005B901AD0214B33F811302049062B19D040F289
S214005BA00722934212D14FF000524FF20F00548852
S214005BB084420BD11088984208D14CF23C33538073
S214005BC0088010BD0021E4E7112ADBD1134A1380B8
S214005BD012E04FF000534FF20F025888904218D14F
S214005BE01B88B3F5406F28BF4FF4C0630B804FF09F
S214005BF000534CF23C325A80084B1A8840F201732C
S214005C009A4201BF064A074BD2E90001C3E90001E8
S214005C10D7E74FF4C063E9E77CE90300CE3D0020F8
S214005C2090100020B4270020014B1888704700BF52
S214005C30CE3D0020014B1888000A7047CE3D00205C
S214005C40044B05481B881A0AB3F5406F38BF00EBB3
S214005C5082007047CE3D00204CE90300044B1888B4
S214005C60044B020AC0B253F8223003EB80007047A0
S214005C70CE3D00201CE9030010B5044629F058F874
S214005C804FF000534FF20F021C805A80BFF35F8F15
S214005C90BFF34F8F0549064BCA6802F4E062134310
S214005CA0CB60BFF34F8F00BFFDE700BF00ED00E005
S214005CB00400FA0538B504460D462EF0B8FC08492F
S214005CC02B462246002029F0C9FF2AF0A7F929F022
S214005CD02FF829462046BDE838402AF085B900BF8F
S214005CE0F6E703006B4A6C4B2DE9F04155685D659D
S214005CF0516A996569496A4CD1F80002D865D1F8AD
S214005D0004121966916A5966D16A9966116BD9664A
S214005D10516B1967D26B586B5A67D3E90E1210F0A5
S214005D20040F18BF11465F4A1A6500209142D864D6
S214005D305DD301F12000A04259D888691864C5F3E4
S214005D400805CE695E64062D55D1574DA84252D33C
S214005D50564DA8424FD205884DF6426085424AD13C
S214005D601868C3F890005868C3F8940040F20170B1
S214005D70A242154605D22E68B6F1CD3F02F10402C6
S214005D80F6D00022C3E91E22C3E92022C3E922225C
S214005D90641BDFF814C1424DDFF810E19C648D42AD
S214005DA02CD8D3E91EC7D3E92065D3E922414FF0AA
S214005DB0000E013AD2B2FF2A3BD1BEF1000F05D049
S214005DC0C3E91EC7C3E92065C3E92241B3F85430CE
S214005DD0C3F30803DA1E0F2A52D8DFE802F034585D
S214005DE0414451515151514E515151515138002158
S214005DF0C3E910112B494FF42060B9E755F8044D5C
S214005E006445CCD37445CAD2E607C8D5284F0026C9
S214005E1057F8048FA045C2D00136062EF8D132B10D
S214005E20013AD2B202F11E0643F82640B7E7052231
S214005E30F8E7E0464FF0010EBC4637462E462546AC
S214005E400C464146B5E740F60120BDE8F081194B07
S214005E50DB6913F0020F40F2025318BF1846F4E74E
S214005E6040F60320F1E740F2017240F60423B0F555
S214005E70206F14BF10461846E7E740F60520E4E713
S214005E80013B40F60722412B98BF1046DDE740F65F
S214005E900220DAE700ED00E00010002000E100E05C
S214005EA000100020000000200C010000E077030036
S214005EB0741000200020054000F00CB800F00AB86E
S214005EC000F008B800F006B800F004B800F002B819
S214005ED000F000B872B61EF0080F09D01EF0040FCE
S214005EE00DD0DFF850E0AEE8FF1F6FF002000CE0C8
S214005EF0DFF840E0AEE8FF1F6FF00E0005E0DFF8C9
S214005F0034E0AEE8FF1F6FF006006946EFF3098243
S214005F108EE8070086460848084C854501D3A54507
S214005F2001D384F30888FFF7DDFE84F30888FFF7C3
S214005F30A3FE0000001000204000002000100020FB
S214005F4083B24BF6EF62002B08BF1346044A000CE0
S214005F5013804FF6CE2308BF1846024B18807047B2
S214005F6082150020801500200B4BB3F900201888FE
S214005F70002AB8BF80F0620042001A80074AB2F9D1
S214005F80001013880029BCBF83F4805383F00B03F2
S214005F905900118058407047821500208015002057
S214005FA008B501F00DF960B10A4B0344072B0DD874
S214005FB0072B0BD8DFE803F00C060A080A0A0A04C7
S214005FC0C12008BDC320FCE7C420FAE7C520F8E7D7
S214005FD0C220F6E7FF1FFF0FF0B551B1002807DA21
S214005FE02D23B0F1004F137000D04042012100E095
S214005FF0002100250E4F2C4657F8046B002301E0C5
S214006000801B6346864203F1010CF9D913F0FF03A7
S21400601000D125B14D1C30335354E9B2012501346B
S214006020E4B2092CE8D130305054481CC0B2F0BD60
S21400603068F103002DE9F04F002495B02146804614
S214006040164603A8442202949A4631F0BAFBA146AB
S214006050274602AC2546317859B9641BE4B222467D
S21400606029460020C047002840F08F803819C0B26B
S2140060708CE0252918D0B9F1000F19D104F8011BBE
S21400608012AB9C42C0F0D380641BE4B22946224681
S2140060900020C0470146002877D13C4448222846C5
S2140060A0E7B231F08EFBC1E0B9F1000F00D1013646
S2140060B03278622A47D021D8252A3ED004D8002A32
S2140060C0CBD04FF00009DBE7392A15D82F2AF8D9AC
S2140060D0717801F0DF01582940F0D880322A06F1A5
S2140060E0010940F0C08020463AF8041B042229F03B
S2140060F09CFF04464E46E4E7582A15E0632A6BD018
S214006100A2F1640C5FFA8CFCBCF1140FD9D8614B79
S214006110012101FA0CF010EA030940F08A8010F41D
S214006120104060D1BCF1140FCBD120461AF8041BE6
S214006130022229F07AFF0446C3E7214601F8022B23
S21400614062700C46BDE7DAF800300193DAF80430E6
S21400615000934FF000090DF1480B009B994502D1C2
S2140061600AF1080AADE7019B204613F8091002223F
S21400617029F05BFF5845044612D3441BE4B2294677
S21400618022460020C047014618B1002015B0BDE8E1
S214006190F08F4822284631F014FB3C44E7B22C46E8
S2140061A0009B5A1E4A4584BF202204F8012B5C45FA
S2140061B00FD3641BE4B2294622460020C04701469E
S2140061C00028E2D14822284631F0FBFA3C44E7B2E8
S2140061D02C4609F10109C0E7534653F8042B04F88E
S2140061E0012B9A466DE7641BE4B2224629464846D0
S2140061F05AF804BBC0470028C7D13C444822494649
S2140062002846E4B231F0DDFA5FFA89F34F461BF810
S214006210030009F101090028F6D1FFB23A465946B3
S214006220C0470028B1D13C44E7B281462C4601362F
S21400623011E76C2ADAF800000AF104090FD1737826
S214006240752B01D0642B04D1B3F1750118BF012161
S21400625001362246FFF7C0FECA46044431E7752AD7
S21400626008BF0021F5E7342A10D15646042256F816
S21400627004AB20464FEA1A4129F0D7FE1FFA8AF1EE
S214006280042229F0D2FEB246044633E74FF0010955
S214006290F6E600BF0101020008B5054813460A46A7
S2140062A00021FFF7C7FEB0FA80F0400908BD00BF26
S2140062B01F000300054B1A782AB95B78002B0CBF29
S2140062C00320022070470120704700BFA44400202E
S2140062D00329F8B598BF134B054698BF5C5C0E467D
S2140062E088BF0024032805D8DFE800F002080B0E5C
S2140062F044F002040C4B1F684FB9F8BD44F0080484
S214006300F8E744F02004F5E744F08004F2E77B6801
S2140063101A68144203D05B683146284698473F689F
S214006320EAE700BF8CF10300E827002038B5104DDF
S2140063302B78ABB10F4C23781BB129F097FE0023C6
S2140063402370002029F093FE0B4C50B100F0DEFACB
S214006350002320782B700121FFF7BAFF012323705A
S21400636038BD064B01221A70054B22781A70F7E7E3
S214006370A04400209E440020A6440020A144002003
S214006380A244002010B528F0CCFC064B1B7804462F
S2140063901BB1BDE8104028F0C8BCFFF7C7FF204679
S2140063A0F7E700BF9D440020094A137830B1013357
S2140063B01370084B1B78012B03D87047013B1370F2
S2140063C07047054B1B780BB9FFF7B0BF704700BF8F
S2140063D0A4440020A6440020A144002070B5144E1A
S2140063E028F09FFC33780546ABB900F0CBFB04469B
S2140063F020B1284628F099FC204670BDAFF30080F7
S2140064000C4828F01AFB00F09BFE0B4B1C6000F0BB
S2140064109FFC0A4B186000F0EFF929F02AFE084BA3
S2140064201860012328463370002428F07EFCE3E73A
S214006430A7440020E8270020BC270020E4270020EF
S214006440C02700202DE9F843284A0138135C39B1EB
S214006450274F397801330129135404D8BDE8F8834F
S214006460013B1354FAE7FFF725FF0128044635D809
S214006470DFF8888028F055FC98F80030054613B3FE
S2140064801C4E33781BB9012232701B4A1370DFF89A
S214006490709099F8003023B129F0E8FD002389F8C0
S2140064A00030284628F041FC012029F0E0FD28F0C5
S2140064B038FC337805461BB100F028FA0023337009
S2140064C0002388F80030284628F02FFC38788442CD
S2140064D0C4D02146FFF7FCFE3C70BFE70329F5D188
S2140064E00228F3D100F05EFAF0E700BFA4440020D3
S2140064F0A64400209D440020A1440020A044002083
S2140065009E44002038B528F00CFC094B1B78012B64
S214006510054604D828F009FC0024204638BD054B63
S2140065201C6800F031FA0444284628F0FEFBF4E725
S214006530A6440020BC27002038B54160044628F059
S214006540F0FB21460546044828F07AFA2846BDE8BE
S214006550384028F0EABB00BFE8270020054B1B6840
S214006560584300F57420044B00F23F20B0FBF3F0D4
S214006570704700BFE427002040420F002DE9FF4788
S214006580EFF3108772B6AFF3008027F007FF0028FE
S21400659071D0714EDFF8E481337823B10020FFF725
S2140065A003FF00233370FFF785FE0446002869D0FA
S2140065B0841EE4B2012C6CD9FFF77CFE0128674CE0
S2140065C0DFF8BC91054600F28E802078A84205D000
S2140065D099F80030002B00F0B2802570207800F08B
S2140065E0BDF999F8003013B15D4B1B782370AFF3FB
S2140065F0008007B962B6EFF3108772B6594B1A7867
S21400660052B100221A70564B20781B78984203D15C
S21400661001212170FFF75CFE534800F0EDFA27F0E9
S214006620D1FE05460028B7D1DFF8588198F800302B
S214006630A3B189F80000DFF8409199F800301BB14B
S21400664029F014FD89F80050002029F010FD0028DC
S21400665079D000F05BF9002388F80030337823B156
S2140066600020FFF7A1FE0023337020780021FFF7FB
S2140066702FFE00232370AFF3008007B962B604B084
S214006680BDE8F0873378002B96D0FFF78DFE347088
S21400669092E703A9002000F0FDFA044600288BD1FB
S2140066A0D8F80030039A9A4205D80120FFF77CFEFE
S2140066B00123337080E72D4B1D6800F065F9039BBE
S2140066C005449D42F1D200F083F9820003992648E2
S2140066D042F0020292B2CDE900422346244A491B08
S2140066E029F0CBFC68E7DFF89CA09AF80030CBB91D
S2140066F029F0B9FC2078854203D099F80030D3B150
S21400670025709AF80030002B7FF468AF194B1B7881
S21400671023B929F0AAFC184B01221A7001238AF823
S21400672000305BE7207885423FF458AF99F8003098
S214006730002B7FF452AF2946FFF7CAFDE0E7294653
S214006740FFF7C6FD49E7012000F008F907B962B671
S214006750EFF3108772B677E79F440020A644002028
S214006760A24400209B440020C4270020BC27002011
S21400677085630000A34400209E440020C02700201C
S214006780A1440020A044002010B528F0CAFA054B0A
S21400679000221C781A7028F0C8FA00F0F1FB20439B
S2140067A0C0B210BD9C44002073B5114E33788342AE
S2140067B004460ED000230F4DADF8043058B101A8A2
S2140067C0FCF78AFA1E20FFF7C9FE2B681B1A2B60FF
S2140067D0347002B070BD022301A88DF80530FCF7B6
S2140067E07BFA1E20FFF7BAFE2B680344EFE700BFD4
S2140067F0C3150020F027002073B52D4C002501A8F6
S214006800636A636A8DF80450FCF774FB2846FFF74A
S214006810CBFFD4F8903003F00403AB42254B14BFF3
S21400682001222A461A70D4F89030234CC3F3003362
S214006830237005D04FF41670FFF790FE1F4B1860BC
S21400684023781F4DEBB11120FBF74CFE1849D1F809
S2140068500031C3F3042303FB000292B14C6C194EC3
S214006860C4F30B44002301341946501E04EB840481
S214006870E4FB060127F094F9FFF770FE2B6803444B
S2140068802B60114B1B680120C3F303239840C0F113
S214006890010000EB80006430FFF760FE2B680344C5
S2140068A02B60034BD3F89020084B1A6002B070BDE3
S2140068B000400E40AA440020A8440020F8270020EC
S2140068C0F027002040420F0000200440EC27002064
S2140068D008B50B4B1B7893B1022000F003FC70B197
S2140068E000F008FA58B1002201210220FBF782FFCF
S2140068F029F006FC034B1860034B01221A7008BDF2
S214006900AA440020F4270020A944002038B50E4CE5
S2140069100E4D23782BB92B781BB129F0F1FB0C4BCD
S214006920186028F028FB2B786BB10A4AD2F8903012
S2140069301B07FBD529F0E4FB054B1B68C01A064B6A
S21400694018600023237038BDA9440020AA44002004
S214006950F427002000400E40F827002002280AD026
S21400696003280BD001280CD1064A136923F0040330
S214006970136130BF70470020FCF7C0B90020FCF759
S214006980F3B9704700ED00E0044B1B680BB103EB56
S214006990D303034A10681844704700BFF827002046
S2140069A0F0270020084B45F60E02D3F88011C3F8F6
S2140069B08021064A126802F4A0721A66CA0744BF0B
S2140069C00022C3F88021704700400E40EC270020CC
S2140069D0014B1878704700BFAA44002038B500F075
S2140069E01FFB094C094B1A6823680025C31A2AB1F5
S2140069F023B15169994203D3C91A5161206038BD49
S214006A0055615B1A9268F2E70028002004280020EF
S214006A10C38870B504460D463BB9FFF773FD854243
S214006A20064602D229F013FB35460E4965610B680F
S214006A308BB90C60A3600DE0AD1A9A6865611846C4
S214006A406AB113465A69AA42F6D930B18460521B1D
S214006A50A3605A6170BD0020F4E70C60F7E79C6005
S214006A60A260F7E70428002038B5134D2B685B6951
S214006A7093B1124A146802201C4400F005FB20461D
S214006A8000F0D4FA0E492A6800230B70D0888007DD
S214006A9009D501230B7038BD022000F0F5FA02205C
S214006AA000F018FBEEE79268002AF4D05069034421
S214006AB0012BEBD9EFE700BF0428002000280020B8
S214006AC0AC44002070B516469DF814200271049A56
S214006AD00260C0E903360022BDF818308260044622
S214006AE00D46C380EEB900F09BFA2844A0619DB124
S214006AF02E4628F016F90546FFF770FF3146204669
S214006B00FFF786FF104B1B68A34201D1FFF7ACFFCF
S214006B10284628F00AF902E0E36865617BB90020A0
S214006B2070BD00F07DFA3044A061002DE0D1E3682E
S214006B306561002BDDD0216820469847D9E721689B
S214006B4020469847EBE700BF042800200C490B6856
S214006B5000227BB183420AD183687AB1936083684E
S214006B601BB15A6941690A445A61002070471A46A7
S214006B709B68EEE70028EFD0022070470B60EEE738
S214006B800428002070B5154E28F0D6F8347805464F
S214006B90FCB9134B1C60134B1C60134B1C8000F09D
S214006BA0FBF9012000F070FA00F0C4FA0F4B024621
S214006BB0186020B9284628F0C5F8232070BD234663
S214006BC00B4840F2E73126F0EBFF0A4B1860012332
S214006BD03370284628F0B6F80020EFE7AD440020D2
S214006BE00428002000280020D03D0020082800208F
S214006BF018FCFFFFFC27002070B5044640B328F0C1
S214006C0090F8144E0546FFF7E9FE3068A04209D01A
S214006C102046FFF79BFF0446B0B1284628F085F8CB
S214006C20204670BDFFF792FF04460028F5D1336872
S214006C303BB9022000F036FA284628F076F8002401
S214006C40EEE7FFF711FFF7E73368002BF4D1F0E724
S214006C502224E5E70428002038B50C460546A8B1EE
S214006C60A1B100230B7028F067F8094B1B680121BF
S214006C7033B928F067F8002038BD9D4204D1217052
S214006C802278002AF9D0F4E79B68F1E72220F3E7A0
S214006C9004280020F8B506460F4628F04DF8134B9A
S214006CA01B680446002523B9204628F04BF81B2015
S214006CB011E05A691544DA88B2420DD10C4E00F044
S214006CC0AFF93368C01AA8420AD3002320463B60B7
S214006CD028F038F80020F8BDFF2EEFD09B68E2E7DA
S214006CE000F09EF933682B441B1AEFE704280020B7
S214006CF00028002008B5074B187848B129F000FA9C
S214006D00054B1B689B69C01A02288CBF0020012017
S214006D1008BD00BFAC4400200428002070B528F051
S214006D200BF8064600F07CF9084B1D880446012047
S214006D30ADB200F0D7F918B100F072F9013504468B
S214006D40304627F0FFFF2046294670BDD03D002084
S214006D50014B1868704700BF08280020F8B50C4B98
S214006D601B68834205460E460FD30A4B00241F6855
S214006D7040F2E73021464FF47A720023E5FB070124
S214006D8026F00EFF30602046F8BD2120FCE700BF4D
S214006D90FC27002008280020014B1868704700BF19
S214006DA0FC2700200F4B1A6810B59AB1531E4FF4FB
S214006DB07A711342A0FB01010ED1B2FA82F2C2F13F
S214006DC01F04531CE040D24301FA03F3184321FA90
S214006DD002F20243104610BD002326F0E1FE0246F2
S214006DE0F8E700BF0828002038B5154B8342154B3E
S214006DF08B41144621D3144B1A68F2B14FF47A75BE
S214006E00A0FB050305FB0131531E134211D1B2FA54
S214006E1082F2C2F11F05531C01FA03F3D243E84085
S214006E2021FA02F218431043E940C4E900010020A9
S214006E3038BD002326F0B4FEF7E72120F8E700BFB0
S214006E40EFA7C64B3789410008280020C2072DE966
S214006E50F84304460BD5474A138801339BB2138088
S214006E60FFF7BCFD444B1B680BB1FFF7FDFDA30706
S214006E707DD527F061FF0546FFF7B0FD4FF000080F
S214006E803D4F46463C680CB163698BB13B4B0022D4
S214006E90012E1A7003D118F0020F18BF1E70002CB6
S214006EA061D0FFF7E1FD2846BDE8F84327F04ABF6A
S214006EB023465A693AB91A792179914288BF1C4605
S214006EC09B68002BF5D1284627F03CFF2569DDB1ED
S214006ED000F0A6F8A269A0EB02084FEAE873A845FE
S214006EE073F1000311DB23691344A361E368B4F86C
S214006EF00680013613B121682046984727F01CFF0C
S214006F000546FFF76BFDBDE7A84627F015FF81464F
S214006F102046FFF71BFE484627F014FF2369002B88
S214006F20E4D0A38BB5EB080533B1E28B13449BB2D8
S214006F30B3F57A7F0FD2E38327F0FEFE294680461C
S214006F402046FFF765FDA36922691344A361404606
S214006F5027F0F8FECAE7A3F57A73E383A369013B3B
S214006F60013DA361E8E7022000F09CF89BE7BDE83E
S214006F70F88300BFD03D002004280020AB4400204A
S214006F8010B527F0D9FE034B1C7827F0DBFE204611
S214006F9010BD00BFAB44002010B51D4B86B018686E
S214006FA0596803AA03C2197AD3F809001170019030
S214006FB0B3F80D201748DB7BADF8082001218DF8CB
S214006FC00A300024FBF73CF903A88DF80C408DF836
S214006FD01040FCF74DFC01A901208DF80440FCF799
S214006FE027FC0D4A536A23F4FF6323F0070353621A
S214006FF040F2FF73136201209460FCF733FC074BEA
S2140070004FF08042C3F880211A6006B010BD00BF62
S21400701090F10300A00914000020044000E100E005
S214007020014B9868704700BF0020044010B5044626
S21400703027F077FE124A9368516D9269520704D47E
S214007040CA1A032A01D899420DD1E21A022A98BF19
S214007050DC1C0B4BB4F1FF3F38BF013C5C655A6A41
S21400706042F004025A6227F060FE064A137833B1F3
S21400707003490B6D43F002030B650023137010BD2C
S21400708000200440C41500208207054A00F00103D2
S214007090516A48BF43F004030B435362704700BF76
S2140070A000200440820700F0010309D5074A0121A9
S2140070B0117007490A6D22F0030243F004030A65C3
S2140070C003494A6A22EA03034B627047C41500204C
S2140070D000200440830742BF014B0422DA61704758
S2140070E000200440064B01289B6904D0022805D1E5
S2140070F0C3F38000704703F001007047002070471C
S2140071000020044010B527F017FE094A936904468C
S214007110590703F0010003F0070348BF40F00200E0
S2140071201362FFF793FE2046BDE8104027F00ABE24
S214007130002004400148FBF7D5B900BFA0091400A1
S2140071400A4BD3F8883003F00703013B012B10B538
S2140071500BD827F0E6FD012104460220FFF772F95E
S2140071602046BDE8104027F0E0BD10BD00400E40B0
S2140071701F282DE9F341054604D82C46204602B0C8
S214007180BDE8F0810B4E0C4FDFF830800024002362
S214007190CDF8008038681A4619462CF03AFB84422F
S2140071A0EBD2202CE9D056F8043BAB42E6D00134B3
S2140071B0EDE700BF74F4030000110020FFFF0F008E
S2140071C02DE9F04F644E654D3168286889B00AF0A5
S2140071D04BFF0446002827D033689A69D3E900019C
S2140071E01268904733689B6904A89B689847336881
S2140071F09B690220DB68984700243268059853682C
S214007200B3FBF0F3E7B2BB42916904F101044DD839
S214007210CB680020984733689B695B68984731685D
S21400722028680AF021FF0446DFF84C914C4FDFF83F
S2140072304C81DFF84CA10026F4B94A4B28689B5DC8
S214007240002B00F08380D7F800B002AB03AA5946A3
S2140072500BF04CF9504507D070B9039B012B0BD0AF
S214007260286859460BF086F9D9F8003028681A685D
S21400727059460BF06BF804460136202E09F1040936
S21400728007F1040708F10108D6D1374AB4FA84F3A7
S2140072905B0913702B681B7C23B134484FF48B7149
S2140072A0FEF708FD204609B0BDE8F08F12680B69AE
S2140072B007FB00209847A0E73B6803AA194402ABE7
S2140072C001910BF013F95045019903462ED028681A
S2140072D02BB30BF1010B009B28685FFA8BF19942E8
S2140072E0EAD3234B9B5D002BC6D0DDF800B02868A0
S2140072F05FFA8BF37E2BBFD8396802AB594403AADA
S21400730000910BF0F3F85045B6D0009928680BF0C2
S21400731031F90BF1010B04460028E8D0ACE7039BDB
S2140073207BB998F80020029B9A42D2D098F8003099
S214007330D9F8002028680AF071FF0028C9D0044652
S214007340CFE701910BF016F90199EFE7094B9B5D2A
S2140073500093A346BFE700BFE01000200011002006
S21400736074F4030052F40300AE440020F4F4030067
S21400737032F40300F2F30300A0F1030012F403005A
S2140073800BE000F0F8B50D4616461F46FFF7F0FE78
S2140073901F2804461CD8174B1B780BB3164B1868CF
S2140073A0164B53F82410164B1B5D3BB132460BF0C0
S2140073B019F80446A0B128F0C7FE12E07F2D08BFDA
S2140073C000253B46324651FA85F10AF071FFF0E798
S2140073D0FF2808D981B23B46EAB2304628F013FEB1
S2140073E000242046F8BD07484FF4A671FEF762FC5D
S2140073F0F6E700BFAE4400200011002074F403003E
S21400740052F40300F4F40300F8B50D4616461F4682
S214007410FFF7AEFE1F2804461CD8164B1B7803B396
S214007420154B1868154B53F82410154B1B5D3BB1D4
S21400743032680AF08BFF044698B128F085FE11E00A
S2140074407F2D08BF00253B46324651FA85F10AF0EB
S214007450E5FEF0E7FF2807D93A46314680B228F025
S214007460DBFD00242046F8BD06484FF4C371FEF746
S21400747021FCF6E7AE4400200011002074F403005F
S21400748052F40300F4F4030010B5FFF771FE0A4B44
S2140074901B7813B90024204610BD084B53F8201063
S2140074A0074B002218680AF0DBFF04460028F1D0DC
S2140074B028F04AFEEFE700BFAE44002074F4030055
S2140074C00011002073B516461D46002B73D04BF2F4
S2140074D03463984210D1082D28BF082537492A461C
S2140074E0304630F01CF936492A46304630F03FF92F
S2140074F030B3002002B070BDC9B27F2980B208BF89
S2140075000021984218D17F2241F2020168460823E2
S21400751028F079FD2A490822684630F028F930B963
S21400752008237F2241F2F011684628F06CFD6B4676
S21400753003CB30607160DCE741F2F01398421ED155
S214007540204B701ED3F8F010D3F8F4202C1F2B46D7
S214007550013B9C4200F8011F4FEA11210CD1002C80
S214007560C7D00423D9B20729F2544FEA1222C0D05A
S21400757001339D42F6D1BCE7002BE9D1B9E700F410
S2140075807043B3F5805F0AD1C0F30B0404F17E6448
S2140075902A4605FB0141304630F0C1F8A9E700F461
S2140075A06043B3F5005FA4D1C0F30B0404F17E641E
S2140075B004F58044ECE721209CE700BF0200E00FC2
S2140075C0BAF503000081E00F2DE9F8431646C2071E
S2140075D004460F4604D52A4840F2D311FEF76AFB4C
S2140075E0F30704D526484FF4EA71FEF763FB04F46C
S2140075F07043B3F5805F24D1C4F30B04214A04F131
S2140076007E64731E2344934215D82546DFF8709097
S21400761005EB0608A84529D156B17208394620461A
S21400762028F0AAFD20B116484FF40271FEF742FB7F
S2140076300020BDE8F883124840F2D911FEF73AFB65
S214007640E3E704F46043B3F5005F06D1C4F30B042C
S21400765004F17E6404F58044D7E709484FF4F071DE
S214007660FEF728FB6FF00F050024CFE715F8013B67
S214007670FF2BCFD04FF4F5714846FEF71BFBC9E74A
S21400768054F50300FF07E00F10B50446FAF7C0F8FC
S2140076900B4BA0F57A729A4210D84FF47A735C437B
S2140076A0B0FBF3F0074BB3FBF0F3B4FBF3F00328A7
S2140076B004D9BDE810408008F8F72ABD10BD00BF09
S2140076C0FFC99A3B40420F0010B514F039F82CF071
S2140076D0C6FABDE810400346024A0121022002F025
S2140076E00FBC00BFCCF5030013B5D0E9023253F847
S2140076F022301C7820462DF05EFC044A009023467B
S2140077000121022002F0FCFB02B010BDE0F50300F0
S214007710014B18782AF030BBAF4400202DE9F04F1B
S2140077208FB0FF2308A88DF8133029F05AFDB34A0E
S21400773008AB0021022002F0E3FBB14A41F202034B
S2140077400121022002F0DCFB06A806F0A7F908A932
S2140077500DF1130029F00BFF0220AA4A002102F0C7
S214007760CFFB00202AF03AFB10B106A807F060F91C
S2140077709DF92A30A44A009301219DF82B3002205F
S21400778002F0BEFB2DF01EFC831EDBB2FC2B054672
S2140077902DD89E4A9E4E9F4FDFF8E08201210220A0
S2140077A002F0AEFB0124234632460021022002F0FE
S2140077B0A7FB05A9E0B213F09FFE00F0FD02912A98
S2140077C0034600F0A780002840F0AA809DF91430F8
S2140077D001939DF8163000938F4A9DF815300121CD
S2140077E0022002F08DFB0134E3B29D42DBD8BDF8E7
S2140077F0284029F07CFE894A00902346002102207A
S21400780002F07EFB0220864A002102F079FB00206F
S2140078102AF0E4FA10B108A807F00AF9814A012113
S214007820022002F06DFB1AF0B3FA04461AF0AAFA28
S21400783023467D4A00900121022002F061FB06F0FB
S21400784033F97A4A0021022002F05AFB9DF81330E1
S214007850FF2B6BD0764A0021022002F051FB714AC2
S214007860DFF81C820121022002F04AFB29F08BFE81
S214007870704A03460121022002F042FB13F0D8FDB5
S2140078806D4A03460021022002F03AFB29F081FEF1
S214007890044629F084FE694A00902346012102200E
S2140078A002F02EFB28F0BAFB06F07EF9644A034687
S2140078B00121022002F024FB002506F075F9ECB247
S2140078C0A04239D828F0AAFB012319465D4A5E4C2F
S2140078D0022002F015FB00202AF04EFA5B4B0093C4
S2140078E05B4A00230121022002F00AFB236863B1F1
S2140078F01B78584A0121022002F002FB2368564AF0
S2140079005B780121022002F0FBFA2AF03BFA0FB066
S214007910BDE8F08F3A460121022002F0F1FA62E754
S21400792042460121022002F0EBFA5CE74B4A0021B6
S214007930022002F0E5FA92E7494B4A4F03EB0416A1
S2140079402046D6F8089006F0C5FA8246204606F08D
S21400795031F900280CBFC346BB46204606F0BAFAEB
S21400796008F06CF8002808BF4746CDE900B73E4A45
S214007970DFF810B153460021022002F0C1FAB379B5
S2140079800293B388019373880093337B374A0121AF
S214007990022002F0B5FA002699F80430F4B2A342A9
S2140079A003D828F03BFB013587E7D9F8007014238D
S2140079B05C4307EB040A3A5B9AF90C3000922C4AB7
S2140079C032EA230228BF5A4613460220294A0021DB
S2140079D002F096FA00202AF001FA38B150463C5BD5
S2140079E029F021FE0146204608F074F8224A0121BB
S2140079F0022002F085FA0136CEE700BF10F603003B
S214007A001FF603003BF6030067F6030042F603008A
S214007A1058F603007CF603005FF6030093F60300B7
S214007A20B3F60300B6D60300BCF60300DEF603008A
S214007A3008F90300E9F60300FDF6030013F7030058
S214007A4022F7030099F70300CC2A0020B1F70300C1
S214007A50A5F70300BFF70300D3F7030095E3030081
S214007A60A02A0020A52404002DF703004DF70300EC
S214007A7004F6030081F70300A3C6030087F603009D
S214007A80BA240400F8F503002DE9F743134EDFF897
S214007A905C80002506F088F8ECB2A04202D803B05D
S214007AA0BDE8F0832701204616F8079006F082F816
S214007AB00B4A002808BF42464B460021009202208F
S214007AC0084A02F01DFAF05D29F071FD064A012110
S214007AD0022002F015FA0135DCE700BFA02A0020DC
S214007AE0A6350400EEF70300A3C60300B035040075
S214007AF008B583685A681178C26853F82230A1F135
S214007B00650251425141187806F0EEFA30B9BDE8E8
S214007B100840034A0121022002F0F2B908BD00BF66
S214007B20F9F70300024A0021022002F0E9B900BF7B
S214007B3013F80300024A0021022002F0E1B900BF58
S214007B4041F8030010B586B00446182200216846A6
S214007B502FF037FE68462AF0A0F8D4E9022052F843
S214007B60203002EB80021B788DF80B30516891F9BB
S214007B7000108DF80A1091680988ADF80810616841
S214007B80091A032907DDD268127803F01F0343EAB7
S214007B9042138DF80B30684605F030FC034A034666
S214007BA00021022002F0ACF906B010BD5DF803001B
S214007BB007B52DF08AFD054B0090054A00210220EE
S214007BC002F09EF903B05DF804FB00BF177C0300CB
S214007BD06AF8030007B5D0E9023253F8221003EB27
S214007BE0820308785B681968094B002908BF1946A4
S214007BF0003818BF0120A22215F0A8FF054B009000
S214007C00054A0121042002F07BF903B05DF804FB6D
S214007C1000F8FF073327040075F8030013B5D0E912
S214007C20023203EB820153F82230D1E901141878AE
S214007C3022780968003818BF01202DF0C3FC044BD9
S214007C400090044A0121042002F05AF902B010BD47
S214007C507FF8030094F8030008B50D4A01230021BD
S214007C602AF071FA0A482AF03CF80020094906F082
S214007C706DFF00202AF0B2F810B1054806F0D8FED5
S214007C80BDE80840044A0121042002F039B900BFCB
S214007C90584C00209CF80300A3C6030010B529F03A
S214007CA084FC034630B1BDE81040064A012104209A
S214007CB002F026B9BDE81040034A0121042002F074
S214007CC01FB900BFAAF80300BBF8030010B52AF0DE
S214007CD00AF8BDE810400346024A0121022002F0DD
S214007CE00FB900BFC6F8030010B529F0CCFFBDE8F9
S214007CF010400346024A0121022002F001B900BFEB
S214007D00DCF8030037B5D0E9023253F822301D788C
S214007D10012404FA05F10023FE224FF6FF701EF040
S214007D20FFFF044A00902B462146042002F0E8F8A4
S214007D3003B030BDF0F80300D0E9023253F8223029
S214007D401B7823B1034A0121022002F0D9B8024A67
S214007D50137070470FF90300AF44002007B568465C
S214007D6005F09CFE29F0C3FB094A034601210220C8
S214007D7002F0C6F8684606F05BFE29F0BAFB054A34
S214007D8003460121022002F0BBF803B05DF804FBB5
S214007D9025F903003FF9030037B5D0E902454068EE
S214007DA054F8253004EB8504401B032819786368D3
S214007DB0C8BFE0681A78A368C8BF007893F9003097
S214007DC0D8BF0020009001202DF0B0F838B9094A3D
S214007DD00121022003B0BDE8304002F091B8064B06
S214007DE001900093054A064B0121022002F088F814
S214007DF003B030BD50F9030058F903006CF90300D6
S214007E00BB7E030007B501202DF092F848B900901C
S214007E10094B0A4A0121022002F072F803B05DF80D
S214007E2004FB054B01900093054A064B01210220F6
S214007E3002F066F8F2E700BF58F9030083F9030082
S214007E406CF90300A1C8030008B5D0E9023253F864
S214007E502230187817F058FB30B9044ABDE80840BD
S214007E600121042002F04CB8014AF7E798F9030014
S214007E70B4F9030008B5D0E9023253F82230188866
S214007E8017F03CFB30B9044ABDE808400121042045
S214007E9002F036B8014AF7E7D3F9030003FA030005
S214007EA073B5037813F0050F04460ED04588062DEB
S214007EB017D18368184A5B681B7801938388009300
S214007EC00121164B042002F01BF82378012B20D04A
S214007ED0124B134A0121042002B0BDE8704002F0A4
S214007EE00FB835B983880F4A0121042002F008F83C
S214007EF0EBE7012DE9D186680B49002006F026FE47
S214007F00304606F095FD094A2946042001F0F8FFA0
S214007F10DBE702B070BD00BF39FA030030FA030099
S214007F208BFA030056FA030073FA0300A3C6030095
S214007F302DE9F04F374DDFF8F8900FCD8FB009AC34
S214007F400FC42B68344A23600121022001F0D8FFB9
S214007F500026344629F01BFBF5B2A8420BD829F0C0
S214007F6016FB2E4A009023460121022001F0C8FF8E
S214007F700FB0BDE8F08F05A928462EF0ABFA0346F1
S214007F80002841D19DF81430032B39D904238DF8ED
S214007F901430234A2B460021022001F0B1FF9DF841
S214007FA014300EAA02EB8303002153F8143C4A4611
S214007FB0022001F0A5FF28469DF821A09DF815B0E7
S214007FC09DF81870BDF816801DF0F6FECDE900B7D6
S214007FD0CDE90280134A02205346002101F090FFAB
S214007FE001340020E4B229F0F9FE18B10DF11900B1
S214007FF006F01EFD0C4A0021022001F081FF01E080
S214008000002BC6D10136A5E7084A0021022001F060
S21400801077FFF7E714FC03009DFA03000FFB03004D
S2140080205AF60300CAFA030007E80300F1FA030051
S2140080304C050400C3688268013BDBB2022052F89C
S21400804023301B78652B064B0BBF064A0022012106
S2140080501A701ABF0121044A197001F051BF00BFFF
S214008060E815002026FB030034FB0300D0E90232AB
S21400807053F822301A88014B1A8070478415002066
S21400808007B5D0E9023103EB810253F8213052687C
S21400809019880548054B128800930088012307F0CD
S2140080A0D5F903B05DF804FB84150020A17E00001E
S2140080B0C3688268013BDBB252F823305B78A3F1D9
S2140080C0660253425341014A13707047EB15002075
S2140080D030B5D0E9023253F8223089B01D7801233A
S2140080E0194602AA04462AF02EF80123009310230C
S2140080F00DEB0302204602212AF006F804AA02A984
S21400810028462AF0C6FC00284FF0000014BFB3240F
S214008110002429F063FE18B10548214605F050F901
S214008120044A0121042001F0EBFE09B030BD00BF77
S21400813043FB0300A3C6030070B58EB000261223CF
S21400814009AA02210096054629F0DEFF05AA014687
S21400815009A804F029FF044698B1BD2805D1154AA0
S2140081600121042001F0CCFE09E0022801D1124AC8
S214008170F6E70346114A0121042001F0C1FE0EB0C5
S21400818070BD0123194603AA284629F0DCFF2246C3
S21400819005A903A82AF095FC0028304618BF182425
S2140081A029F01CFE18B10648214605F009F9054AD3
S2140081B0D6E700BF50FB030073FB0300AEFB0300D3
S2140081C0CDFB0300A3C60300D0E90232F0B553F896
S2140081D0221003EB820387B09B680E781F78054653
S2140081E0384629F0DBFD044608BBD5E90221012309
S2140081F019448DF8083052F8210002EB81020088FD
S2140082008DF809709268ADF80A0012788DF80C2087
S21400821004210DF10D02284629F095FF02A93046EB
S2140082208DF815401DF032FE044629F0ABFD044AD9
S214008230009433460121042001F062FE07B0F0BD31
S214008240E2FB03002DE9F041284A294E294FDFF8CA
S214008250B4808EB00121022001F052FE05AB01AAC7
S21400826009A900202AF070FD002504461CB1284606
S2140082700EB0BDE8F08102202B463246214601F0C2
S2140082803FFE204629F0AAFD10B10AA806F0D0FB52
S2140082909DF830303A460021022001F031FE079B5F
S2140082A042460021022001F02BFEBDF82030124A83
S2140082B00021022001F024FEBDF814300F4A0021F0
S2140082C0022001F01DFE013501A829F082FDEDB265
S2140082D00B4A0121022001F013FE05AB01AA09A9F1
S2140082E028462AF031FD0446C0E700BF28FC0300FC
S2140082F06EFC030076FC030049F903008BFC0300C8
S214008300A3C6030082FC03002DE9F04F064699B091
S214008310C0B929F03AF907460EA82AF0DBF8404A19
S214008320DFF80481DFF80491DFF804A101210220C0
S21400833001F0E6FD00252C46BC4205D3284619B0C0
S214008340BDE8F08F0127E7E713A82AF0C3F8002E50
S2140083504BD04FF0020B06A913A88DF84CB02AF0AC
S2140083606EFB0446002859D102A913A82AF057FC30
S2140083709DF859302B4A43F00103214658468DF8A4
S214008380593001F0BDFDFE249DF859300AA943F08E
S214008390010313A88DF859302AF041FC002029F07B
S2140083A01DFD10B114A806F043FB0C9B42460021AD
S2140083B0022001F0A5FDBDF8282012F4007F14BFAE
S2140083C041234C2312F0100F0CBF6E22792200922C
S2140083D000214A46022001F093FD06A829F0F9FC88
S2140083E00135EDB20134E4B2A6E70AAB06AA13A93A
S2140083F020462AF037FC0028F4D102A913A82AF058
S2140084000EFC9DF8593043F001038DF85930524662
S21400841023463146022001F073FDB5E7FE24E1E76E
S21400842095FC0300CAFC030082FC0300D1FC030099
S2140084306EFC030030B599B00EA82AF04BF8012464
S21400844013A88DF838401AF0C1FAC0B9BDF84C1020
S21400845011EA040513D1454A2146022001F050FDD9
S214008460434A2946022001F04BFD404A214602209D
S21400847001F046FD3D4A2146022001F041FD06A9D5
S2140084800EA82AF0DCFA20B11022FF2106A82FF051
S21400849098F904A82AF080FA059B364A0093012131
S2140084A0354B022001F02CFD9DF81230334A009324
S2140084B00121314B022001F023FD2F4B304A0021D1
S2140084C0022001F01DFD06A829F083FC13A82AF05F
S2140084D001F802230AA913A88DF84C302AF09FFB56
S2140084E000283FD10B9B0093264A274B01210220F0
S2140084F001F006FD244B254A0121022001F000FD73
S2140085000120FFF701FF204B214A0121022001F044
S214008510F7FC0020FFF7F8FE044629F036F823465D
S21400852000901C4A0121022001F0EAFC1A4B184A6E
S2140085300121022001F0E4FCFFF784FE1749184AE7
S21400854002280346174828BF0A460849009228BF53
S2140085500146CDE90131144A0121022001F0D0FC88
S21400856019B030BD4FF0FF33BDE700BFA3C6030010
S214008570E4FC030022FD03001AFD030032FD0300A5
S21400858043FD030048FD03003015040058FD0300BA
S2140085905FFD030068FD03007CFD0300E0FC0300B4
S2140085A02F8203004D0504008AFD0300D0E9023245
S2140085B010B553F822301C78201E18BF012016F084
S2140085C055F9054A054B0649002C18BF1A460020E7
S2140085D0BDE8104006F0A0BAB7FD0300B2FD0300E8
S2140085E0C0FD0300D0E9023253F8223003491A884E
S2140085F0034B00201A8006F08FBA00BF01FE03006E
S214008600A2150020D0E9023253F822100878044957
S21400861003EB820308705B681A78024B1A70704787
S214008620714C0020704C002037B5044612F000FF55
S214008630014638B10D4A0E49002003B0BDE830406F
S21400864006F06ABAE368A2680A48013BDBB252F851
S2140086502330094A1D78012300936C2D08BF02467B
S2140086601023204629F050FD03B030BD4FFE030016
S21400867057FE0300D5150020C515002013B58368E6
S2140086809A681278672A22D101A81AF09FF9044640
S214008690A8B9BDF80420174906F03EFABDF8043024
S2140086A0DA070AD413F0020F134B144A18BF1A46FF
S2140086B01349002006F030FA19E0124AF8E702469D
S2140086C01149002006F028FA10492246F1E7C26850
S2140086D053F8220003EB820300685B6801A91B685D
S2140086E0ADF804301AF042F904460028ECD102B086
S2140086F010BD00BF8FFE030082FE03006DFE030068
S214008700A8FE030072FE0300BAFE0300E6FE0300A6
S214008710034A04491388C85401331380704700BFC6
S214008720E03D0020B544002073B5164D164E2B785C
S214008730164A13F0040F4FF001040CBF0223042363
S214008740147032880192EB5C0093114B114A5B88DF
S2140087502146022001F0D4FB0F4A0021022001F03E
S214008760CFFB0E4B0093328829462346022001F0A9
S21400877011FC0B4A2146022002B0BDE8704001F011
S214008780BFBB00BFB5440020E03D0020B44400203D
S214008790D23D0020F5FE03001AFF03003CFF030055
S2140087A0A3C60300134B70B516464FF48A52DA8000
S2140087B05980114B114D1B881A1E18BF012240EA22
S2140087C082000F4A1278003A18BF012240EA0210CF
S2140087D0287063B16B701B0AAB70032407F0A2F914
S2140087E0631C2855EE54074B02341C8070BD0124D0
S2140087F0F4E700BFD23D0020DE3D0020B544002057
S214008800B3440020E03D002038B5D1E9023253F8E9
S21400881022300C4619880D4B024605461878FFF79D
S214008820C1FFE368A268013352F82330188827F0A6
S21400883017FD4DB1E368A268023352F8233018786A
S214008840BDE83840FFF764BF38BD00BFB044002025
S214008850F0B5054685B0EB68AA68264E264F02336B
S214008860084652F823301C782946FFF7CDFF2046ED
S21400887028F0C5FE78B3204628F0CDFE03AA441C97
S2140088800321284626F0F8FD32880399E4B2C2F1A7
S21400889052031B1B9BB28B4222443CBFC2F15203C5
S2140088A003930123032100933A449DF80C30284695
S2140088B029F02AFC039A3388022C08BF0F48FA5482
S2140088C004BF110AC15413441C44348005B0BDE8EB
S2140088D0F040FFF729BF204605F0EEF83288012366
S2140088E00093044603463A440321284629F00CFC2C
S2140088F03388E9E7E03D0020B5440020B644002078
S21400890007B505230093054A054B0121022001F017
S214008910F7FA03B05DF804EBFFF78CBD2AFF0300FF
S21400892023FF030013B504462AF092FA38B1CDE9C6
S2140089300040044B044A0121022001F0E1FA02B093
S21400894010BD00BF4FFE030041FF0300194B1B780C
S21400895037B53BB9184A0121022003B0BDE83040C4
S21400896001F0CEBAD0E9023253F82230134C1D780B
S21400897063880093124A2B460121022001F0C0FAB8
S214008980104B25711B78104D63B1104A012102204F
S21400899001F0B6FA0E4A2988204603B0BDE83040FA
S2140089A028F02EBB0A4A2988204603B0BDE830408E
S2140089B028F0DABBB444002058FF0300D23D002064
S2140089C066FF0300B1440020E03D00207DFF030069
S2140089D0B5440020D0E9023253F8221003EB82039C
S2140089E0F0B55A680C7816889A68DB6817881D7880
S2140089F0344A354B97B0CDE9016700940021022038
S214008A0001F07EFA8DB37923304A0121022001F06D
S214008A1077FA40230DF11302029205AD432201922C
S214008A20204600953A46314629F042F8044600288A
S214008A303FD19DF8130028F0E8FD0646E8B1284629
S214008A4029F07FF94128224B0093A8BF41202346F6
S214008A5082B20DF11501022001F09CFA1D4A012197
S214008A60022001F04DFA17B0F0BD6E23174A01211F
S214008A70022001F045FA8023CCE79DF8130028F089
S214008A80CAFD60B1284629F061F94128104B0093D1
S214008A90A8BF4120334682B20DF11601DBE79DF8F0
S214008AA0130005F009F80C4B0093024601232946F3
S214008AB0D1E70090094B0A4A0121022001F020FA72
S214008AC0D1E700BF97FF03001E160400BCFF03009B
S214008AD0C3FF0300A3C603003CFF0300080704000F
S214008AE0C6FF0300D0E9023253F8221003EB8203DC
S214008AF02DE9F04F5A680F78B2F800809A68B2F8FD
S214008B000090DA681B6992F800A01D78314A324B53
S214008B1099B00021CDE9018904460097022001F0B2
S214008B20EFF9BAF1000F14BF79236E232B4A009594
S214008B30012102200DF11C0B01F0E2F94322002175
S214008B4058462EF03EFE284628F05FFD064610B337
S214008B50002300930DF11D0241230521204629F034
S214008B60D3FA8DF81C00BAF1000F0CBF8023402307
S214008B704A464146CDE900B5384628F066FF01462C
S214008B80154804F01DFC164A0121022001F0B8F930
S214008B9019B0BDE8F08F284628F03DFD60B100967C
S214008BA041230DF11E020521204629F0ADFA8DF86D
S214008BB01D608DF81C00D6E70590284604F07CFF63
S214008BC0059A009203465A460521204629F09CFA4B
S214008BD0C9E700BF97FF030011160400D7FF030084
S214008BE0A3C603002DE9FF475F681C46DB68002527
S214008BF0FF1A0395FFF7D6FDFFB2A846EBB29F42D9
S214008C0045D90C9B13F80830A3F12102D1B20729ED
S214008C1025D9A3F1310013280BD8DFE800F0515A0C
S214008C20637D383838380A0A0A0A0A0A0A0A0A0A1B
S214008C30AA9008F10108142B5FFA88F825D833B3F8
S214008C40013B132B23D8DFE803F03B444D272222B9
S214008C50222222222222222222223B444D67232A3B
S214008C6015D8DFE802F02D363F1914141414141426
S214008C701414141414142D363F5914141414141404
S214008C80141414141414866C866C2329E7D9FFF781
S214008C904BFD04B0BDE8F087E368A2682B444FF0B4
S214008CA0040952F823301E68F0B209F1FF39FFF7C5
S214008CB02FFD19F0FF094FEA1626F5D101359DE77D
S214008CC0E368A2682B4452F823301878FFF720FD9B
S214008CD0F4E7E368A2682B4452F82330188827F09C
S214008CE0BFFAEBE7E368A2682B4452F823301E680D
S214008CF0B6F1807F09D2F0B2FFF70AFDC6F307206F
S214008D00FFF706FDC6F30740E0E7274A2B4601219A
S214008D10082001F0F5F8BAE7E368A2682B444FF0A4
S214008D20040952F823301E68F0B209F1FF39FFF744
S214008D30EFFC19F0FF094FEA1626F5D1BEE71B4EE9
S214008D4003AA2946204626F097FB3388184ADDF802
S214008D500C90002102EB030CCAB2914501F101010F
S214008D6002D84B443380A9E710F802A00CF802A002
S214008D70F2E70E4EDFF838A03288C2F151039BB2FC
S214008D80FF2B28BFFF23002101320091DBB25244A3
S214008D9069B2204629F094F933880AF803000133B3
S214008DA0184430808AE700BFF0FF0300E03D002053
S214008DB0B5440020094B1B7823B1094A012108203D
S214008DC001F09EB8D0E9023253F82230054A1B88DB
S214008DD013800121044A082001F092B8B444002010
S214008DE016000400DE3D002058000400D0E90232E0
S214008DF053F82230054A1B78003B18BF0123137036
S214008E000121034A082001F07BB800BFB2440020CD
S214008E107E000400D0E9023253F82230034A1B7861
S214008E2013700121024A082001F06AB8B3440020FA
S214008E30AD000400D0E9023210B553F8223019888C
S214008E400C4B044613221878FFF7ACFCE368A268C4
S214008E50013352F823301878FFF75AFCE368A2680B
S214008E60023352F823301878FFF752FCBDE8104062
S214008E70FFF75ABCB0440020D0E9023210B553F8D0
S214008E80223019880C4B044611221878FFF78AFC0A
S214008E90E368A268013352F823301878FFF738FCED
S214008EA0E368A268023352F823301878FFF730FCE4
S214008EB0BDE81040FFF738BCB0440020D0E90232CD
S214008EC053F82230034A1B78003B18BF0123DB000F
S214008ED013707047B0440020D0E9023210B553F842
S214008EE0223019880E4B044606221878FFF75AFCE3
S214008EF00120FFF70DFCE368A268034452F8233014
S214008F00188827F0ADF9E368A268023352F82330D8
S214008F10188827F0A5F9BDE81040FFF705BC00BF8C
S214008F20B0440020D0E9023201322DE9F04153F876
S214008F30221003EB820396B05A680D8817889A6849
S214008F4053F8043C14781878002C0DF113034FF0F6
S214008F50410805AE0293CDF804800CBF8023402361
S214008F6000963A46294628F0A3FD034638B1194A2A
S214008F700121082000F0C4FF16B0BDE8F081201ED5
S214008F8018BF01200A222946C000FFF70BFC38460E
S214008F9027F066F99DF81300FFF7BAFB9DF813005B
S214008FA04246314628F006FB044628B10A4F3D8863
S214008FB0C5F15203984202DD084A2346D8E7024626
S214008FC007483146284425442EF0A9FB3D80FFF78C
S214008FD0ABFBD1E7E3000400E03D0020FF00040007
S214008FE0B5440020D0E9023210B553F82230198873
S214008FF00C4B044608221878FFF7D4FBE368A268F7
S214009000023352F823301878FFF782FBE368A26831
S214009010013352F82330188827F022F9BDE81040B3
S214009020FFF782BBB0440020D0E90232023273B5AB
S21400903053F8221003EB82030C7853F8042C53F8F1
S214009040083C16881988234B054606221878FFF731
S214009050A9FB0020FFF75CFB304627F001F920460D
S214009060FFF756FBEB68AA68033352F823301888DC
S21400907027F0F6F8EB68AA68043352F8233018880D
S21400908027F0EEF8204606F03FFFE8B9204604F049
S21400909013FD05210446019001AA284626F0ECF9A6
S2140090A0019B9C42014606D0224631460A4807F0FC
S2140090B087FE02B070BD094D09482E88224630440E
S2140090C034442EF064FB2C8002B0BDE87040FFF7FD
S2140090D02BBB00BFB04400202B010400E03D002065
S2140090E0B5440020D0E9023273B553F82230114D52
S2140090F01A88114B4FF48A51D9805A800023009366
S2140091002A465223012128F0FFFF2B7813F0040F84
S2140091100A4B1B7804460CBF0126032613B106F043
S21400912001FDA855064B1C8002B0BDE87040FFF755
S214009130FBBA00BFB5440020D23D0020B244002058
S214009140E03D0020D0E9023253F82230034A1B7873
S214009150003B18BF01231370704700BFB1440020C6
S21400916010B50C4608B905F03FFC024B18715C714F
S21400917010BD00BFD23D00202DE9F341D0E90253D7
S214009180024655F8231052680C882A4E05EB8301D8
S214009190D21A013BDBB2022A4868C8BF8A6855F873
S2140091A0238033780078CCBF1178FF213BB9224A60
S2140091B00121022002B0BDE8F04100F0A1BEFFF799
S2140091C0CFFF1E4F1E4D28F092F93B8800930146B4
S2140091D02B461C48224628F069FDB0B998F80430A2
S2140091E03A885F2B14D117492B46204627F001FFFB
S2140091F028B10346144A0121022000F081FE134ADA
S21400920000231380124A3370137002B0BDE8F08159
S2140092104FF6FB739C4205D90A492B46204627F099
S2140092203AFFE5E713460095064A214627F05DFF1C
S214009230DEE700BFB444002076010400E03D0020D5
S214009240B5440020D23D00207D010400DE3D002014
S214009250B344002010B5002204460A211046FFF74A
S214009260A1FA002026F0FCFF044B01221A70FFF73B
S2140092705BFA2046BDE81040FFF77EBF564C002044
S21400928038B51C4615460123224628F05CFF28B94F
S2140092902146284612F076FA044610B900242046E5
S2140092A038BD034A0121042000F02AFEF7E700BF7C
S2140092B0A40104002DE9F04315461F46D0E9022319
S2140092C00C4652F8231002EB83020E88936893F83C
S2140092D00080D3688BB0B3F80090324606AB01210D
S2140092E0FFF7CEFFF0B90DF1200CF4B12A88012368
S2140092F04021CDE90471CDE902C2CDE9009306AA6A
S21400930043462221304628F055FF0B4B0B4A00936C
S2140093100B4B0190002C08BF13460121094A04207C
S21400932000F0EEFD0BB0BDE8F08328686968624681
S21400933003C203232246DBE7FB010400E20104002C
S21400934016D70300EA01040007B501236A46002188
S21400935028F0F9FE0349684606F024F903B05DF8E4
S21400936004FB00BFA17E0000D0E9023253F8223091
S2140093700149188806F0E8B8A17E0000D0E902325C
S21400938010B503EB820153F8223049681888097833
S2140093904FF48A5228F0FEFEBDE810400346024A0B
S2140093A00121042000F0ACBD05020400D0E9023221
S2140093B053F8223010B518884FF48A52022128F04C
S2140093C0DBFEBDE810400346024A0121042000F0FF
S2140093D097BD00BF1E020400D0E902322DE9F0431B
S2140093E053F8221003EB82030E885A6817789A689F
S2140093F0DB6892F80090B3F800808BB006AB32467C
S21400940004210446FFF73CFF28BB08AD01232A468B
S2140094100521204628F097FE38B904200F4A01217E
S21400942000F06EFD284604F039FB4FF48A53CDE970
S21400943004930023CDE902530323CDE9008306AA53
S2140094403B462121304628F0B5FE054A0346012159
S214009450042000F055FD0BB0BDE8F0833502040093
S2140094606402040038B5D0E9024303F18043023BAE
S2140094700F4954F8230002229D002EF078F960B9B7
S2140094800C4B0D491A78042A0BD82C44A068008887
S21400949021F8120001321A7038BD084B08491A78B4
S2140094A0F1E7BDE83840074A0121042000F028BD56
S2140094B013E7030008450020EC3D00200745002088
S2140094C0E23D00207602040008B5C36880680849BB
S2140094D003F18043023B022250F823002EF047F9A6
S2140094E010B9044B187008BD034B00221A70FAE737
S2140094F013E70300084500200745002037B5D0E9EC
S214009500023153F8212015784268521A012A4FEA90
S214009510810410DD234429465B681C78204628F029
S214009520A9FDD0B1164A009523460121042000F07B
S214009530E7FC03B030BD6C0944F0180405F01F05C5
S2140095402946204628F096FD0028EBD10121A940A7
S2140095500023FE2241EAC46105E00121A940002C57
S214009560F4D12346FE224FF6FF701DF0D9FB054AC4
S21400957003460121042003B0BDE8304000F0C0BC23
S2140095808C020400AC02040070B5D0E9021551F854
S214009590253001EB8501044618884B681A788B68DD
S2140095A0052A1B8802D85E1E072E0BD90D4A0121FC
S2140095B0042000F0A5FCBDE870400B4A0121042001
S2140095C000F09EBC6468641B032CCABFC9680749C8
S2140095D009681DF0A5FBBDE870400246044900205E
S2140095E005F0B4BACA020400EA02040000F8FF0755
S2140095F00703040008B5D0E9023253F8220003EB53
S2140096008203FF225968038809684FF6FF701DF031
S21400961087FBBDE8084002460149002005F096BADF
S2140096201803040008B5D0E9023253F822300521A9
S2140096301888402228F0A0FDBDE8084002460249EE
S214009640002005F083BA00BF3703040008B5D0E950
S214009650023203EB8201486853F822100278098828
S2140096604023312028F0DBFDBDE8084002460249D1
S214009670002005F06BBA00BF5603040008B5D0E919
S214009680023203EB8201486853F8221002780988F8
S2140096904023332028F0C3FDBDE8084002460249B7
S2140096A0002005F053BA00BF6E0304001FB5D0E9D2
S2140096B0023253F8221003EB82030C889B680C4995
S2140096C01A7808684968003A18BF012202AB03C33B
S2140096D0D20102A94023204628F0B0FD054B009099
S2140096E0054A0121042000F00BFC04B010BD00BFA9
S2140096F009040400FB0104008A03040007B5D0E94E
S214009700023253F8223003211888402228F034FD14
S214009710044B0090044A0121042000F0F1FB03B042
S2140097205DF804FBFB01040097030400C36837B52B
S2140097300533826852F8233004211D786A460123D7
S214009740044628F000FD38B90420074A012100F03D
S214009750D7FB684604F0A2F92B466A46002120464D
S214009760FFF7A8FD03B030BDAF03040007B5D0E98E
S214009770023203EB8201486853F822100278098807
S2140097804023322028F04BFD044B0090044A012170
S214009790042000F0B5FB03B05DF804FBFB010400F9
S2140097A0E00304001FB5D0E9023203EB820153F850
S2140097B022304968188809880A4A4FF48A53029367
S2140097C0094B0193094B0093094B12781B7826F03E
S2140097D0BDFD084A03460121042005B05DF804EBF0
S2140097E000F08EBB08450020E23D0020EC3D002046
S2140097F007450020F3030400836970B513F00106E3
S214009800044603F0020509D1EDB9C3695BB311F054
S214009810A3FCE3692046BDE8704018471DB11B480D
S2140098209B21FCF747FAA069C0F3810028F0A4FA50
S214009830E3691BB91548A321FCF73CFA204611F052
S2140098408BFC4DB916E0C3F3072028F0A7FAE369AE
S214009850B3B1204611F080FCE369607E9847BDE80E
S214009860704028F08FBA0948A321FCF723FA204657
S21400987011F072FCE36920469847002EEFD170BDC8
S2140098800248A321FCF716FAE3E700BF1104040020
S21400989008B511F05FFE28B1BDE8084002483F2138
S2140098A0FCF708BA08BD00BF110404002DE9F84F04
S2140098B0FF2B9DF82870DFF868B0DFF868A0044634
S2140098C0884691461D464FF0000612D1C0E900BA00
S2140098D0C0E9066206618660C160FF2F07D0A369F3
S2140098E043F0020323F47F4343EA0723A361BDE862
S2140098F0F88FFF2F03D00948BE21FCF7DBF9AD0037
S21400990045F00105EDB2C4E900BA2661A660C4F8C8
S2140099101C90C4F80C80A561DFE700BF11040400AA
S2140099200C280020F997000010B5064C0460064C81
S214009930C2610023C0E9014303610123C160836162
S21400994010BD00BF0C280020F9970000826938B5CA
S21400995002F00203D20704460D4620D553B9FF296C
S21400996021D1A36913F00C0F17D01148FC21FCF786
S214009970A1F912E00E48ED21FCF79CF9FF2DF0D07E
S214009980284627F0B9FEFF28054603D10848F521EA
S214009990FCF790F92DB204EB4514204638BDFF299C
S2140099A0FBD0002BECD10248F221FCF783F9E7E765
S2140099B01104040001482BF07EBA00BF0C280020DA
S2140099C001482BF084BA00BF0C28002013B51648B7
S2140099D02BF046FAF7F73AFA24F042FF24F05BFF42
S2140099E024F062FFFCF720F90446FCF737F90F4A2B
S2140099F0009023460121042000F082FAFCF71AF9B1
S214009A000123834040F2A17213420BD00020FCF7E2
S214009A1009F80020FBF708FF002002B0BDE8104060
S214009A20FBF7CEBE02B010BD0C2800207E0404005A
S214009A30022808B503D126F0AAFA014B186008BD23
S214009A403C28002008B509F00FF9074B01201870D4
S214009A5026F0FBFC022026F0F8FCBDE8084003498F
S214009A600348FCF769BD00BF0A4500200C11002022
S214009A7040280020014B1870704700BF09450020A1
S214009A8038B50E4B1C786CB9204638BD27F033FD30
S214009A9004280FD027F02FFD054628F073F9052D72
S214009AA00AD0F1E7002028F067F928B927F023FD4F
S214009AB00228EBD128F066F90024E5E7E51500203A
S214009AC008B5074B1B780BB1002008BDFFF7D8FF81
S214009AD00028F9D103F004FF023818BF0120F4E78C
S214009AE00945002070B511F09DFD0446FFF7E8FF1C
S214009AF014F0070F204D0CD158B111F093FD10BB98
S214009B004FF0FF34FFF756FF844228BF0446042C6C
S214009B101DD82B7823B9012026F097FC01232B7043
S214009B2026F0A1FC044628B32B781BB91348F9216C
S214009B30FCF7C0F811F08EFC0446FFF73BFF8442AA
S214009B4028BF044616E011F085FC0446DAE72046F6
S214009B5026F08BFC0028DCD02B785BB125F0E1F8F2
S214009B60002106460120FCF76DFC304625F0DDF8A6
S214009B7000232B70204670BD0A4500209E0404007A
S214009B801FB5FFF7AFFF0446FDF706F9A04228BF52
S214009B90204688B103A9FDF7E1F8034638B9CDE9B8
S214009BA00000064A0399064826F067FA18B10548E9
S214009BB09221FCF77FF8012004B010BD4904030091
S214009BC01C2800209E0404000D4B0E4A1B7870B51E
S214009BD00D4D0E4C0121002B0CBF2B4623460220B8
S214009BE000F08EF90A4B0B4A1B780121002B0CBFA4
S214009BF02B4623460220BDE8704000F081B900BF26
S214009C00E5150020110504000E0504000A050400F1
S214009C10094500203005040010B5D0E9023253F89B
S214009C2022301B78002B14BF012400244FF00200C2
S214009C3014BF054A054A012100F062F92046BDE836
S214009C401040FFF717BF00BF4F0504006C05040067
S214009C50D0E9023253F82230034A1B78003B18BF83
S214009C6001231370704700BFE515002010B50A4C9D
S214009C700A49002004F050FF23681B68587927F033
S214009C8077FD23681B68587926F03FFF002028F0F0
S214009C903CF9012010BD00BF902B00208B0504006E
S214009CA02DE9F3410C4E0D4DDFF838800C4F0024A3
S214009CB056F8043B0BB9D8F8003035F8022B009262
S214009CC0394622460020013404F026FF292CEFD125
S214009CD002B0BDE8F08100BF18110020CC3E002085
S214009CE0AE0504001411002007B5D0E9023253F87F
S214009CF022301A78282A0DD8084B53F822300BB990
S214009D00074B1B68074931F81210009100200649DE
S214009D1004F002FF03B05DF804FB00BF181100203A
S214009D2014110020CC3E0020AE05040038B5D0E962
S214009D30023253F8221003EB82030C785B68054965
S214009D401D88002004F0E8FE29462046BDE838407D
S214009D5000F0BAB8B90504002DE9F3410C4E0D4DDC
S214009D60DFF838800C4F002456F8043B0BB9D8F8BF
S214009D70003035F8022B0092394622460020013486
S214009D8004F0CAFE292CEFD102B0BDE8F08100BF76
S214009D90181100207A3E0020AE05040014110020A1
S214009DA02DE9F34102AB03E906000446904611F0A4
S214009DB0B9FA0546204611F0C5FA384F9DF80060FE
S214009DC0374BFDB1202C98F8002033F8141037F8E4
S214009DD0140008D9814253D34FF6FF7291421DD129
S214009DE002B0BDE8F081012A32D802EB42122D48BB
S214009DF022444FF6FF7530F81210A94202D0013106
S214009E0020F8121033F8141037F81400814237D3B4
S214009E104FF6FF7291424FF0010502D0013123F850
S214009E20141004F0FD02092A2CD19A8AB98A324409
S214009E308A42B4BF9A82998233F814308342CFD3D1
S214009E40002DCDD1204602B0BDE8F04126F06DBE13
S214009E50022AD7D1134A32F814104FF6FF70814207
S214009E6004F121001CBF013122F8141032F8101042
S214009E704FF6FF75A9421CBF013122F81010C1E74A
S214009E800025CBE71D2CD7D15A8F91198142BDBF33
S214009E9002F1FF32B6185E875887CDE77A3E00207B
S214009EA0CC3E0020F63D00200248522200212DF034
S214009EB088BC00BFCC3E002002485222FF212DF075
S214009EC080BC00BF7A3E0020014B23F8101070477C
S214009ED07A3E002008280ED84FF48B73C340DB0769
S214009EE009D5064A136819B103431360002070476A
S214009EF023EA0003F9E72120704700BFC0110020C5
S214009F000CB4082813B50C4611D84FF48B73C34015
S214009F10DB070CD5084B1B68184208D005A9049827
S214009F20019106F061FF14B1044829F034F902B03B
S214009F30BDE8104002B07047C0110020A108040020
S214009F40034610B5D3E9023253F822301C7808468F
S214009F50211E18BF0121FFF7BDFF014650B9094A6F
S214009F60094B0220002C08BF1346BDE81040074AE4
S214009F70FFF7C6BFBDE81040054A00210220FFF7E4
S214009F80BFBF00BFBA240400A5240400A308040031
S214009F90B90804002DE9F041DFF8308005461F4679
S214009FA00C468E18B44201D1BDE8F08114F8013B8E
S214009FB0069A00212846FFF7A3FF002FF2D042465C
S214009FC000212846FFF79CFFECE700BF80FC03005B
S214009FD010B5244C2448FF2126F016FA20780228D3
S214009FE014D0032830D0012804D00220BDE8104049
S214009FF0F6F7EEBE1D4B19780029F7D01C4A02234F
S21400A00023701378052B08D100231370184B1B7888
S21400A010052B0ED103232370E7E70133DBB2994209
S21400A020137003D1052313700020DFE7052BEDD155
S21400A030FAE7104A104932F8230005F085FA0323A0
S21400A04023700028D2D110BD094B0C4A1878094B52
S21400A05003EB800133F82000897805F045FA0123E8
S21400A060EEE700BF0B4500204828002014450020DE
S21400A070E71500201E3F00206DA2000011A2000080
S21400A0802DE9F04F95B00D4604901446002111229C
S21400A0900FA80293DFF870B1DFF870812DF091FB06
S21400A0A004EB45030393029B1B78B42B02D0039B5F
S21400A0B0A34202D115B0BDE8F08F0123DFF844912A
S21400A0C08DF81C302388ADF81E3099F800304B4AC6
S21400A0D09BF800008DF81D0008EB83039B788DF835
S21400A0E020301368CDF821305368CDF8253027F09E
S21400A0F04BFE049B8DF8290021889BF80000002B5E
S21400A1004AD127F020FB002844D099F800300FAA47
S21400A11038F8230007A926F02DFD00283AD027F0AE
S21400A12036FA4FF0000A07460646B4255FFA8AF26A
S21400A130974234D8B7422BD99DF81C30032B1AD13E
S21400A1400FAB0193BDF82130009300222C4B042165
S21400A150012004F06FFB99F800309BF8000008EB34
S21400A1608303997804F0EAFB99F80030002038F869
S21400A170231027F066FD5DB107A930461BF086FE6A
S21400A180204B1B78054638F8231030461BF03AFE65
S21400A190029B1D70023486E727F0CCFAB3E70BA9C2
S21400A1A0104605922CF096F930B99DF82C1031B96E
S21400A1B0059AB74208BF16460AF1010AB6E7BDF887
S21400A1C02E00BDF81E209042F6D19DF830009DF876
S21400A1D020209042F0D19DF81C208A42ECD1032A20
S21400A1E014BF082202220DF121010DF131002DF0DD
S21400A1F0BEFA002808BF0025DEE700BF0C45002099
S21400A200CA080400E7150020E61500201E3F0020BF
S21400A21013B5144A12780346052A4FF000009C68CE
S21400A2208DF8070003D01B78032B00D12CB9012032
S21400A23002B0BDE81040F6F7CBBD626821780DF19C
S21400A2400703FFF71DFF217AE2680DF107030120DF
S21400A250FFF716FF0448FF2102B0BDE8104026F0C5
S21400A260CBB800BFE715002048280020094B1B7814
S21400A270052B02D00378032B02D00120F6F7A8BDE9
S21400A2808168054A0B68136004484B685360FF21D9
S21400A29026F0B2B8E71500200C450020482800201C
S21400A2A038B5114B114A124D1870FF210023137058
S21400A2B02B7004F043FB01220E4B0321104604F0E2
S21400A2C0B9FA4FF6FF7027F0BFFC044648B90A48B3
S21400A2D040F6B832FF2126F086F801232B70204680
S21400A2E038BDF6F775FDFAE7E615002014450020A0
S21400A2F00B450020A3C6030048280020F8B5164BDF
S21400A30016491A6809781368587988420BD1144D93
S21400A31014491E792B78D78808460022D4B2A34267
S21400A32006D8052C0DD1002027F0EFFD0120F8BD42
S21400A3300C88BC4202D18C78B442F4D0013204318D
S21400A340ECE7A342EFD120F8227000EB8200013345
S21400A35086702B70E7E700BF902B0020E6150020E4
S21400A360144500201E3F002007B5FF23044A054879
S21400A37000930021FFF79AFA03B05DF804FB00BFD4
S21400A380D19F00004828002013B501A9F7F7D6F89A
S21400A390044660B9BDF806309DF80420054904F06F
S21400A3A0BBFB204627F0B1FD012002B010BD002007
S21400A3B0FBE700BFCD08040013B56946F7F7D0F8F1
S21400A3C00446A0B9BDF802309DF80020094904F003
S21400A3D0BDFB0199204604F01BFB0749204604F00C
S21400A3E09BFB204627F091FD012002B010BD002007
S21400A3F0FBE700BFEE080400BDC6030037B569469C
S21400A400F7F7E4F8044630BB9DF801309DF80020CD
S21400A4101249134D04F09AFB9DF80120E3B29A42CC
S21400A42009D81049002004F077FB002027F06DFDC6
S21400A430012003B030BD0198630003F4FF730222CD
S21400A4400021184427F077FC29460246002004F035
S21400A4507DFB0134E0E70020EBE700BF13090400B2
S21400A4603E090400A3C6030013B501A9F7F76CF86C
S21400A470044660B9BDF806309DF80420054904F08E
S21400A4804BFB204627F041FD012002B010BD002006
S21400A490FBE700BF470904002DE9F0410E4E0F4FC1
S21400A4A0DFF83C80002403F07FFBE5B2A84201D829
S21400A4B0BDE8F081284603F00DFD054627F0FFFCB9
S21400A4C02A4600280CBF33463B464146002004F08F
S21400A4D023FB0134E7E700BF700904006B090400A2
S21400A4E07609040030B585B002230025CDE9013594
S21400A4F0009140232A46032127F0DAFA044620B1C9
S21400A50002460349284604F007FB204605B030BD46
S21400A510970904001FB5212301930DF10E03ADF832
S21400A5200E10009300224023032127F08EFA0446E3
S21400A53020B102460349002004F0EEFA204604B09B
S21400A54010BD00BFB509040073B50321044627F00B
S21400A55009F9FF2805461DD00DF106012046FFF734
S21400A560C1FF134EC0B916F8253053B9012306F8BB
S21400A570253006EB8503BDF806105980204626F0E8
S21400A5802DFBBDF806303BB14FF47A72032120460E
S21400A59026F0A2FE02B070BD0023204606F8253045
S21400A5A026F01DFB0321204626F0AAFEF2E700BF98
S21400A5B0323F002013B501A9F7F702F80446C8B9E0
S21400A5C0BDF804200C4904F0A7FA0C4BBDF80410A3
S21400A5D01B681B685879FFF79DFF27F096FC03461B
S21400A5E010B9012002B010BD054A0649204604F005
S21400A5F093FAF6E70020F5E7D3090400902B002035
S21400A600977D0300EE0904001FB51749002004F0EB
S21400A61083FA164B1B681B680DF10E015879FFF77D
S21400A62061FF044610B9BDF80E3063B9204627F026
S21400A6306CFC034620B10E4A0E49002004F06CFA6A
S21400A640012004B010BD0246009303210A4B0920E6
S21400A65004F0F0F827F056FC03460028F0D0074A2E
S21400A66004492046EAE700BF190A0400902B0020A0
S21400A670977D0300EE0904008B1E0400A6C80300A5
S21400A6802DE9F043D0E9023253F82230DFF89C80FF
S21400A6901D8887B001230446194604AA27F053FDF7
S21400A6A0D4E902320232002653F8221003EB82036A
S21400A6B00F885B681C8840F2DC539C4228BF1C460F
S21400A6C0C146B3B29C4221D822461349002004F06A
S21400A6D03DFA1249002004F039FA40F20913CDE998
S21400A6E0007304A9CDE9024900234FF6FF722846FD
S21400A6F026F03DFD0A490B4A031E08BF0A46002005
S21400A700094904F009FA07B0BDE8F083FBF72CFC12
S21400A710013608F8010BD4E73B0A0400630A04007C
S21400A7202B0A0400330A0400790A040015450020A9
S21400A7300149002004F0F0B9830A040010B5194B53
S21400A7400446187886B028B9174906B0BDE8104008
S21400A75004F0E2B91622002168462DF032F8D4E95A
S21400A760022352F8231002EB8303098858689B687B
S21400A7700088ADF80C001B88ADF80E300B4B5B88DC
S21400A780ADF8103093680A4A1B78672B094B0CBF4C
S21400A790ADF81210ADF80A106846198800F07EF879
S21400A7A006B010BDB444002076010400D23D00205F
S21400A7B0B5440020E03D002010B51B4B0446187839
S21400A7C086B028B9194906B0BDE8104004F0A4B90F
S21400A7D01622002168462CF0F4FFD4E9023201323A
S21400A7E0204653F8221003EB820309885A68ADF816
S21400A7F00C1012889B68ADF80E201B8843F00203ED
S21400A800ADF814300A4B5B88ADF8103001230DEB21
S21400A8100302002127F097FC064B074A1988684672
S21400A82000F03CF806B010BDB444002076010400E9
S21400A830D23D0020E03D0020B544002010B528B1F0
S21400A840094811F08DF8034660B910BD11F088F87C
S21400A85003460028F9D0054A0549BDE81040002007
S21400A86004F05AB9034AF7E7EE0A0400B90A0400EE
S21400A870C30A0400B00A0400012804BF014B187084
S21400A880704700BFF14A0020034A1178814202D087
S21400A8901070FFF7D3BF7047F14A0020F0B50E46A0
S21400A8A04549174602780978002AA3B004460CBF2B
S21400A8B01E23202300297AD033447D2B79DC838A1B
S21400A8C013F0020F4CF601434CF6010518BF1D4667
S21400A8D00AB945F02005684603F0E0F8A3898DF82C
S21400A8E00B301B0A8DF80C30A38AADF808509A0777
S21400A8F050D5D4F80130CDF80D30D4F80530CDF869
S21400A90011300DF1150526F0F4FD6B462870000A8F
S21400A910687003CB0B23AB720023EB722378C5F869
S21400A920020043F003020C2B2A7311BF05F10D033E
S21400A93005F10F03628AA5F80D20C5F806101D461E
S21400A940228A25F8042BE2895A8039463246284660
S21400A9502CF0E5FEA38ADB0705EB060023D402A94C
S21400A960401AC0B226F07DF90446E8B927F0A5FAE9
S21400A970334602461149204604F0E8F83246394686
S21400A9802046012304F036F80D492246204604F0FE
S21400A990C3F809E063898DF80D301B0A8DF80E3078
S21400A9A00DF10F05AFE7B724204623B0F0BD7024A5
S21400A9B0FAE77424F8E700BFF14A0020080B040009
S21400A9C0210B0400F0B50E4689B01622002105467C
S21400A9D002A82CF0F6FE33884CF6014123F0200343
S21400A9E08B429AB228D106F10D02114631F8023B8D
S21400A9F0ADF814300223ADF81C30D2F80230CDF892
S21400AA0009304B68CDF80D3002F10A01891B691A2E
S21400AA10C9B206290DD953890B2B0AD1177B27F00B
S21400AA202C03032B0ED0714A71493B46002004F0DC
S21400AA3073F8002009B0F0BD4CF601039A42F8D135
S21400AA40F21DD2E707F00C03082B8DF8083002D071
S21400AA500C2B02D0DBB90D3207E002390629E8D903
S21400AA60B2F80D30ADF81A300F321388ADF8183042
S21400AA7017F020075388ADF8163002F1040209D00B
S21400AA800323ADF81C30594A5A49B723CEE7574A34
S21400AA905949CBE7941B14F0FF04CAD038465749EF
S21400AAA004F054F89DF8080000284ED1544904F0EC
S21400AAB04DF85449002004F02FF80020BDF814206B
S21400AAC0514904F029F8BDF81C0010F0020045D0EA
S21400AAD04E49002004F03AF80DF1090003F0A8FFF3
S21400AAE04B49002004F018F8BDF81620494900200C
S21400AAF004F012F80020BDF81820474904F026F8A4
S21400AB00002027F06BF938B1BDF8187005F002F890
S21400AB100146384604F0DEFF3D49002003F0FCFF06
S21400AB209DF808300C2B05D1BDF81A203B490020B3
S21400AB3003F0F2FF2D1B3719EDB23A46294602A85C
S21400AB4026F078F880B1012074E7082802D134494D
S21400AB503846ACE70C28ACD13249F9E7BDF81220EC
S21400AB60314903F0D9FFBFE73A46294602A801F06B
S21400AB701BFA0028E7D1BDF816304CF25E0293426D
S21400AB8004D1BDF81820B2F5805FDCD0022D08D8BD
S21400AB9003230093154A25492B46002003F0BCFFEB
S21400ABA047E7BDF81C0010F001007FF442AF325DAD
S21400ABB012F0020404D00D4A1D4903F0ADFF38E739
S21400ABC0520710D5042D03D8084A1A492046F4E740
S21400ABD03A790192BDF8182000921749034A0020DE
S21400ABE003F09AFF25E7BA78F3E700BF290B0400C5
S21400ABF0390B04006F0B0400560B04008F0B040087
S21400AC00A60B0400B60B0400BD0B0400D10B040019
S21400AC10A3C60300F70B04000B0C0400200C040072
S21400AC20AA0B0400B00B0400E10B0400320C040075
S21400AC30510C04006F0C0400840C0400034B1B68CA
S21400AC401878012808BF0220704700BFCC2A0020D1
S21400AC50D0E9023253F822301A78024B1A7000F00C
S21400AC60D7BA00BFF24A002070B5D0E902456B1E85
S21400AC70DBB21D4954F8230003222CF078FD54F86B
S21400AC80253004EB8504197863681A78A2F10B0363
S21400AC900F2B05D91549BDE87040002003F03CBFD6
S21400ACA001290FD1124C9140236840B90B43114A39
S21400ACB02360BDE870401049002003F02DBF23EA52
S21400ACC00103F4E702290CD10C49012303FA02F22E
S21400ACD00B6818B913430A4A0B60EAE723EA020333
S21400ACE0F9E70A460749D6E74FC80300BF0C040039
S21400ACF0C8110020D50C0400DD0C0400C41100208F
S21400AD00EF0C0400F90C040007B5D0E9023103EBA0
S21400AD10810253F821300B491B785268012B0A4BED
S21400AD20126808BF0B464FF000001A600092074AF0
S21400AD30074B084918BF1346074A03F0EDFE03B059
S21400AD405DF804FBC8110020C4110020140D040097
S21400AD500C0D04001E0D04001712040038B5254A19
S21400AD60254B264C2649274D002003F0D5FE2649C4
S21400AD70002003F0D1FE22682449002003F0E6FEFE
S21400AD802068234C03F0A2FE2146002003F0C4FEF8
S21400AD902A682049002003F0D9FE286803F096FEB2
S21400ADA02146002003F0B8FE1B4B1C491A781C4BAA
S21400ADB0002053F8223003F0AFFE00F027F91949BF
S21400ADC00246002003F0A8FE174B18491A78002008
S21400ADD003F0A2FE164B17491A78002003F09CFEDB
S21400ADE026F089FBBDE8384002461349002003F0F0
S21400ADF093BE00BF17120400370D0400C8110020D0
S21400AE003E0D0400C4110020460D0400540D04003D
S21400AE10B6D60300640D04000E4B0020740D04002B
S21400AE20CC110020850D0400044B0020990D040071
S21400AE30034B0020AB0D0400BD0D040007B500F069
S21400AE408FF8054B0090054A0549002003F064FE84
S21400AE5003B05DF804FB00BFB7CA03001712040076
S21400AE60D10D04000149002003F056BEDE0D04009B
S21400AE7001480FF0C9BC00BF3A3F0020F8B50C4FA0
S21400AE800C4E0D4D0D4A0E490446002003F044FEBC
S21400AE903B78297832782046F5F784FF00233B700C
S21400AEA033702B70BDE8F8400648FF2125F0ACBA99
S21400AEB00E4B0020034B0020044B0020171204000A
S21400AEC07D0E04006828002037B51948FF2125F0BC
S21400AED09BFA184B1B7813F0200013D000F0B2FD3D
S21400AEE02AF0F3FB0020144B144A154903F014FE15
S21400AEF00120FFF7C3FF4FF4806003B0BDE8304089
S21400AF0026F0EBBE13F0100404D003B0BDE83040CA
S21400AF1000F0A0BD0121B42002F012FB094B009006
S21400AF200546064A0849204603F0F6FD2846E0E7AF
S21400AF30682800200E4B0020940E04001712040010
S21400AF40BD0E0400C40E0400DD0E0400024A0348D1
S21400AF500021FEF7E9BC00BFC9AE0000682800204B
S21400AF6008B5054B1B7823B19420FFF787FF002018
S21400AF7008BD7020FCE700BF0E4B002037B51E4C06
S21400AF802378DB0605462FD500901C4B1C4A1D492E
S21400AF90002003F0C1FD1E2D10D0652D0ED0032D10
S21400AFA024D12378184843F0200341F28832FF2149
S21400AFB0237003B0BDE8304025F015BA237823F09F
S21400AFC020032370FAF7D0FF4FF4FA63B0FBF3F2D6
S21400AFD002FB1300C21892B20B48FF2125F003FAB9
S21400AFE0237823F01003237003B030BD2AF06DFBE6
S21400AFF0AE20FFF743FFF3E70E4B0020EA0E0400F7
S21400B00017120400DD0E040068280020014B187A91
S21400B010704700BF8828002070B5424E3378DD1F89
S21400B020012B8EB0EDB258D0042B56D0032B41F630
S21400B030041255D0991F4B424B415B0013433A48CC
S21400B040ADF80C3025F025FE48B9384B364A03F1EA
S21400B050100153F8040B42F8040B8B42F9D13378F5
S21400B060032B3FD0062B3DD0314B0DF10E0203F1E2
S21400B070100153F8040B42F8040B8B42F9D103A8D5
S21400B08019F0B0FFB728044610D1012D36D8294A4A
S21400B0902949002003F040FDBDF80C3003A823F436
S21400B0A00053ADF80C3019F09DFF04467CBB3020F1
S21400B0B019F072FE044650BB25F0D0FE012D26D8AE
S21400B0C01E4A1068516801AB03C322461C4901A8FA
S21400B0D027F0F7FCF0B1182419E043F60412A9E7AC
S21400B0E00223ABE7104A0DF10E0302F1100152F8ED
S21400B0F0040B43F8040B8A42F9D1C0E73378012BDE
S21400B10001D0042B03D10F49002003F005FD204693
S21400B1100EB070BD0449224601A827F0D2FC0028D4
S21400B120D9D1F4E70E4B0020F34A0020AF0F0400FD
S21400B130C00F0400171204000E0F0400D10F040005
S21400B14007120400610F040030B5044687B02520BE
S21400B15013F04AFC1C22002114482CF032FB144B3E
S21400B1601878FFF76BFD022814BF01230423032081
S21400B1708DF8083029F0EEFE04238DF8103002A872
S21400B1800C4B0593039400F0A3FA0B4B0B4A19687B
S21400B1900B4B0094A14218BF13460546094A0A49BC
S21400B1A0002003F0B9FC284607B030BD88280020F0
S21400B1B00E4B00204DB40000C8110020140D0400F2
S21400B1C00C0D040017120400DA0F040008B50E492F
S21400B1D00A78531CDBB2072B0B7001D0092B04D165
S21400B1E09420FFF74BFE942008BD02F0FB02032AD2
S21400B1F007D1064B18680028F2D0FFF7A5FF3D20C0
S21400B200F2E70020F0E700BF0E4B0020C41100203C
S21400B21073B51C4C1C4E23683268134330D01B4B4E
S21400B2201B6833B31A4D2B781BBB26F064F9D8B9CC
S21400B2304FF4806026F00BFD24688CB101232B7040
S21400B24000F000FC2046FFF77FFF0446114B124A31
S21400B25012490094002003F05FFC204602B070BD47
S21400B260042334682B70EBE70121B42002F068F960
S21400B270EBE7094A0A49002003F04EFC7024E5E794
S21400B2807024EAE7C8110020C4110020CC2A002050
S21400B2900E4B00202110040017120400D10D0400EC
S21400B2A0071004002DE9F341374C3849227AA38869
S21400B2B0002003F031FC2268207A22FA00F010F019
S21400B2C0010002D1324903F027FC324D287838B10C
S21400B2D03149324808222CF04AFA003818BF0120BB
S21400B2E02F4E2D4F06F10E0807E00822394640463D
S21400B2F02CF03DFA003818BF0120227A2368D3408C
S21400B300DB0700D560B1304613F03AFB00282DD19C
S21400B3102B78002BE9D1227A2368D340DA07F2D5BE
S21400B320237A0093A3881F4A1F49002003F0F4FBEA
S21400B3301E4B1878FFF782FC01230322184912F0EF
S21400B34045FD1B4A137801331370044610B902B04A
S21400B350BDE8F081134A17492346002003F0DCFBC2
S21400B360204602B0BDE8F041FFF788BD1249002034
S21400B37003F0D2FBFFF72AFF0028E8D102B0BDE8B1
S21400B380F04100F01BB800BF8828002027100400FA
S21400B390571004000D4B0020054B00209A28002073
S21400B3A08C28002017120400231104000E4B0020E6
S21400B3B0034B0020C6100400ED10040070B51B4CB3
S21400B3C01B4B22781B4953F822301B4A1A4D1B4E42
S21400B3D0002003F0A1FBFFF71FFE034683B9237886
S21400B3E0032B19D8D3B1164B16481B6840F8043BFC
S21400B3F013F0A4FAA0B1BDE870400120FFF73EBDEF
S21400B4002A463146002003F087FBFFF7DFFE58B9D7
S21400B410FFF702FE0346E1E7072BE4D00A4BE3E71B
S21400B420BDE87040FFF73EBF70BD00BF0E4B00206A
S21400B430CC11002042110400171204004F11040022
S21400B440C811002088280020C411002070B51A4CAE
S21400B450237883B3838913F4407F2CD0056835B1F5
S21400B4602A461649BDE87040002003F055BB13F08D
S21400B470B5FA134E134A307003461349284603F0B4
S21400B4804BFB33781BB1BDE87040FFF797BF2378BE
S21400B490062B06D8032B06D9BDE87040AB20FFF775
S21400B4A0EDBC082BF8D004232370084BBDE8704091
S21400B4B01868FFF749BE70BD0E4B002078110400D7
S21400B4C0044B002017120400A3110400C41100202E
S21400B4D030B5434D434A4449034687B004460020EE
S21400B4E003F01AFB2B782BBB01A826F0F3FF0223F0
S21400B4F001A88DF8043027F00FFAB0B93B4901A82F
S21400B50027F071FA88B1902C0FD1FAF72DFD47F28B
S21400B5103153B0FBF3F202FB130000F51C50103061
S21400B52080B200F097FA07B030BD912CFBD100F046
S21400B530CBFAF8E7902C2AD12A4A2D49002003F0AE
S21400B540EBFA2B78032B11D0062B0FD0294B1B7848
S21400B550DA070BD401A819F041FC18B9BDF804307D
S21400B5609B0703D42B7843F010032B70FAF7FCFCF0
S21400B5704FF4FA63B0FBF3F202FB1300C2181E4846
S21400B58092B2FF2107B0BDE8304024F02CBF0FF088
S21400B59057FF04460028C6D12B78013B072B19D845
S21400B5A0104A164903F0B8FA154813F0E9F960B1E5
S21400B5B01449204603F0B0FAFFF708FE0028B2D17F
S21400B5C007B0BDE83040FFF7F9BE07B0BDE8304031
S21400B5D0FFF768BEAE2007B0BDE83040FFF74EBCB0
S21400B5E00E4B002017120400C711040007120400B7
S21400B5F0DC110400F24A002068280020EF11040045
S21400B6008C280020ED1004001FB50F4C2478C4B120
S21400B61042EA03229DF818308DF8051042EA4322CC
S21400B6200A4BADF80C201A78094B8DF8061003EB80
S21400B6300213079900908DF80400DB6802916846B3
S21400B640984704B010BD00BF0F4B0020114B0020E0
S21400B650A428002073B51A4D1A48FF2124F0D4FE02
S21400B6602B7853B3184C194E2378180106EB0313A6
S21400B670305C1A7A596810F0DFFC4D281DD0E0B116
S21400B680227801230021CDE900311201C0B2B25C5C
S21400B690FFF7BAFF23780B4801330A22DBB2B3FB6D
S21400B6A0F2F102FB113323702B78FF21013B2B7044
S21400B6B002B0BDE8704024F09FBE02B070BD00BF6F
S21400B6C00F4B002044290020114B0020A428002006
S21400B6D0F8B5104F3E780A2E1AD00FC8DFF840C0D3
S21400B6E00D4D9CF8004005EB0415013485E80F006D
S21400B6F0E4B20A230948B4FBF3F2013603FB124412
S21400B700FF218CF800403E7024F076FE0020F8BD45
S21400B7100120FCE70F4B0020A4280020442900202D
S21400B720104B0020024A03480021FEF7FDB800BF78
S21400B73055B600004429002037B5134D00232A785B
S21400B740CDE900330C461201104901238A5C0146FC
S21400B7502046FFF759FFA4B90D490A788AB12B781D
S21400B76001330A20DBB2013AB3FBF0F400FB1433DA
S21400B77008480A70FF212B7003B0BDE8304024F063
S21400B7803BBE03B030BD00BF114B0020A4280020F4
S21400B7900F4B0020442900201FB502A9F5F7ECFE48
S21400B7A0044678B99DF80C309DF8082006490093A9
S21400B7B0BDF80A3003F0B0F9204626F0A6FB0120BB
S21400B7C004B010BD0020FBE7DF13040013B501A989
S21400B7D0F5F7C0FE044660B9BDF806309DF80420B3
S21400B7E0054903F099F9204626F08FFB012002B0A8
S21400B7F010BD0020FBE700BF091404001FB502A916
S21400B800F5F7C0FE044678B99DF80C309DF8082080
S21400B81006490093BDF80A3003F07EF9204626F06C
S21400B82074FB012004B010BD0020FBE731140400B7
S21400B83030B587B003A922F0DBFF50BBBDF80E3051
S21400B84000939DF80C209DF80D30134903F07EF907
S21400B8509DF80C404CB11149002003F05DF9002022
S21400B86026F053FB012007B030BD9DF810200C4990
S21400B8700C4D204603F06AF99DF81020E3B29A4278
S21400B880E9D9059A2946D25C002003F05FF9013415
S21400B890F2E70020E7E700BF5A140400A3C603003F
S21400B8A0A920040079F7030013B50446C07CCDE94F
S21400B8B000230B46074A0849402808BF0A4607499E
S21400B8C0002003F029F90021204626F021FB012064
S21400B8D002B010BDA3C603008B1404009414040029
S21400B8E02DE9F74F0C460646C07CCDE900232F4ACB
S21400B8F00B462F49412808BF0A462E490020DDE99D
S21400B9000D8703F023F914BB2B4BDFF8B8A01B6898
S21400B91040469D8993F8149026F013FA073DA5EB50
S21400B9200905BDF830202549DFF89C902D1A2046E1
S21400B93003F00CF94146204603F06AF820492046F9
S21400B94003F004F9ADB204F10208A8450BDB174971
S21400B950002003F0E1F80021304626F0D9FA012055
S21400B96003B0BDE8F08F21462A4638461FFA88F80D
S21400B97026F0E1F9033417F808801FFA84FB024624
S21400B9804346494600200BEB080403F0DFF8AC42C0
S21400B99006DC0023424607EB0B01184603F02AF8A4
S21400B9A05146002003F0D2F8A4B2CCE7A3C60300A9
S21400B9B08B140400BD140400902B0020080904001A
S21400B9C0E7140400B6D60300EA140400086808B5B5
S21400B9D0C37B0BB1812008BDC37C062BFAD801A21D
S21400B9E052F823F001BA000025BA000019BA000088
S21400B9F013BA00001FBA0000D5B900000DBA000047
S21400BA0025F062F90028E5D00020E4E7FFF710FFF4
S21400BA10F8E7FFF7DBFEF5E7FFF7BEFEF2E7FFF716
S21400BA20EDFEEFE725F063F9ECE700BF08B503206D
S21400BA3018F090FB10B9024B01221A7008BD00BF27
S21400BA40124B0020024B002218781A70704700BF75
S21400BA50124B00200246FF21014824F0C4BC00BF60
S21400BA6064290020114B37B51D78BDB9FF21104859
S21400BA7024F0CAFCFFF7DAFF0E4B009004460E4A8D
S21400BA800E49284603F048F844B10D4B1B78DB06F8
S21400BA9004D529F01AFE204625F0FDF8094B186853
S21400BAA003B0BDE83040FFF7D5BF00BF124B002003
S21400BAB064290020F814040026150400DD0E040096
S21400BAC00E4B0020F01100200148FF2124F09CBC02
S21400BAD06429002070B5194E337805460C4663B3CA
S21400BAE0174A1849002003F031F8032C01D0652CC2
S21400BAF01FD11549002003F029F8224613490020DB
S21400BB0003F00AF81249002003F020F80123294622
S21400BB100822002002F06EFF00200E4902F0FCFF13
S21400BB20032C84BF002333702046BDE87040FFF727
S21400BB3025BA012CE1D00849DCE770BD124B002085
S21400BB4026150400420D040039150400D32804000D
S21400BB5057150400A3C603004F150400014B1860D8
S21400BB60704700BFF0110020024A03480021FDF78D
S21400BB70DBBE00BF65BA000064290020F8B5084B9C
S21400BB80084E1D68084F0024E3B29D4204F10104EC
S21400BB9000D8F8BD56F82300394623F02DFEF3E70B
S21400BBA0B4C50300B8C50300B410002013B5114C8B
S21400BBB001902369009306220F4B4FF48051112009
S21400BBC002F038FE4CF25E034FF6FF72009304F16B
S21400BBD01C010023104602F091FE044630B100908E
S21400BBE0064B074A0749002002F096FF204602B09F
S21400BBF010BD00BFA42900208A1E04008D1E04006C
S21400BC009E1E0400A61E0400034B1B780BB120F0FA
S21400BC1007BC20F00BBC00BF154B0020F0B5264E2D
S21400BC20338803F08F0387B0054643B1234A24497F
S21400BC30002002F071FF7024204607B0F0BD02A875
S21400BC402BF0F6FB029B13F0020002D11B4A1D49A3
S21400BC50EFE700F077FF29F0A2F91B4B1B4F187097
S21400BC6001233B70FFF7D0FF044620B93870FFF77A
S21400BC70CBFF0446B8B100F04FFF03210246204632
S21400BC801FF0BAFF044620B9114B358001221A7006
S21400BC90D2E7104B01900093084A0F4B0F49002043
S21400BCA002F03AFFC8E70E4B0093044A0A4B0D49D0
S21400BCB002F032FFBFE700BF3C3F00209E1E04009C
S21400BCC0B71E0400D31E0400174B0020154B00209F
S21400BCD0144B0020121F0400F01E0400071F04006F
S21400BCE0291F0400091F0400204B73B500251D8082
S21400BCF01F4B0446FF211F481D7024F08CFB68B1C3
S21400BD001D4E1C48FF2124F07FFB33781BB1012019
S21400BD102BF056FB35700020FFF748FF0FF088FB2E
S21400BD200228164D16D1287811F0B8FE034640B109
S21400BD302A780192124A00921249134A002002F011
S21400BD40EBFE0A2C0ED100F0B9FE02B0BDE8704042
S21400BD501FF0D4BF0FF06CFB0328E4D0287811F056
S21400BD60C5FEE3E7204624F0E4FFEEE73C3F002074
S21400BD70144B002084290020184B0020174B00206D
S21400BD80501F0400451F04009E1E040073B56C4D32
S21400BD906C48FF2124F038FB2B8803F08F03002B20
S21400BDA000F08480684C2378023B032B7ED8DFE8C3
S21400BDB003F0023D4557654B654D1B7801932B6993
S21400BDC000930222634B4FF48051112002F032FDA3
S21400BDD04CF25E034FF6FF72009305F11C01002340
S21400BDE0104602F08BFD054650B9032355482370D4
S21400BDF04FF47A72FF2102B0BDE8704024F0F3BA27
S21400BE00554B564A56490090002002F085FE554B89
S21400BE100093524A544B55490195002002F07CFE8F
S21400BE20062002B0BDE87040FFF75EBF504B00939F
S21400BE3000204D4B494A4D490190EFE74D4B18887D
S21400BE40FFF7B4FE08B90523D0E74B4B01900093EB
S21400BE500020454B414A454902F05EFE0720E0E7D8
S21400BE600020FFF7A3FE2B8813F0010631D024F044
S21400BE7076FFE8B9414B1B78354EB37000F062FE92
S21400BE8024F06DFF3E4B3F4A00933F4B3F4900284E
S21400BE9018BF134600203E4A02F03EFE3D4B0025EA
S21400BEA030461D7020F01CF820B9207002B070BD1E
S21400BEB00023E1E7BA2801D10A20B2E7364B019009
S21400BEC000932846284B254A284902F025FE0520DF
S21400BED0A7E71B0731D51E4D2B69009307222F4B72
S21400BEE04FF48051112002F0A5FC4CF25E034FF691
S21400BEF0FF72009305F11C013346104602F0FEFC6B
S21400BF00054640B91D4B187811F0C8FD00F0D6FD67
S21400BF1000232370CAE7224B104A1149009030468E
S21400BF2002F0FAFD1F4B009330460F4B0B4A0F49A9
S21400BF30019502F0F1FD082073E70028E2D0B5E78E
S21400BF403C3F002084290020144B0020134B002087
S21400BF50A4290020721F0400751F04009E1E040002
S21400BF60A61E0400901F0400F01E0400071F040015
S21400BF70BC1F040086150020E51F0400174B002098
S21400BF8017200400BB7E03001827040010200400BE
S21400BF9007200400194B00202A200400167B03000B
S21400BFA046200400632004002DE9F04F1446C289A1
S21400BFB04CF25E039A428DB00546884603D00020B8
S21400BFC00DB0BDE8F08F038AB3F5805FF7D1037834
S21400BFD0002BF4D1838A9B07F1D50629EFD9237865
S21400BFE0A7780BB1192BEAD142460321204625F04B
S21400BFF09FFE032F0646E2D1B8F1090F46D9677AAD
S21400C0000A2303EB0713984540DBE3794D48059375
S21400C010FF2104F10A03069394F8088024F0F4F94B
S21400C02049483B01079303699E4231D1691C0822A7
S21400C0301C302BF09CFBB0FA80F56D09CDE900872B
S21400C040059B4249DFF810A13246002002F07EFD33
S21400C0504FF000095FFA89F39F421BD83C49002045
S21400C06002F05AFD3B4B002D60D03B4A1278002A66
S21400C0705CD1059A002A59D0384AB84482F8008024
S21400C08002221A702F48FF2124F0B6F9012097E704
S21400C0900025D3E74FEA091B08AE1FFA8BF2DDE94D
S21400C0A006012F4B009624F0EAFE04F11903002047
S21400C0B02C4913F80BB002F049FD002025F08EFE47
S21400C0C010B1304602F0B4FC9DF82F3002939DF874
S21400C0D02E300193BDF82C3000939DF82820BDF833
S21400C0E02A302149CDF80CB0002002F02FFDC5B152
S21400C0F09AF80030ABB91D4A0DF1300C334603CB2D
S21400C1006345106051601E4602F10802F6D1012315
S21400C1108AF800301649002002F018FD09F10109DE
S21400C12098E71449002002F011FDF3E7124C0422B0
S21400C1301A702378002BA5D001202BF041F900239C
S21400C14023709FE784290020A42900207A20040079
S21400C150A3C60300144B00201A4B0020134B0020EC
S21400C160782104001E0B0400B12004003E3F00208E
S21400C170B6D60300D2200400184B002013B5104C8E
S21400C180238803F08F03C3B10E4B0F4A00930F4969
S21400C1900F4B002002F0C0FC23885A0605D500206D
S21400C1A002B0BDE81040FFF79FBD43F02003238098
S21400C1B002B0BDE810400FF0EBBF02B010BD00BFEC
S21400C1C03C3F0020DD2004009E1E040010200400DA
S21400C1D0F01E0400F0B5374D2B8803F08F038BB0AC
S21400C1E004460F4603B390F82830EBB10FF020F961
S21400C1F00238C0B2012819D801A818F0EFFD98B986
S21400C2002B8803F00903C3B1BDF804309E0714D48D
S21400C21004A90DF1030025F0AAF928B90822211D6A
S21400C22004A82BF0A4FA40B10BB0F0BD2B88D807B9
S21400C23003D500F071FC02281DD104A81BF05EFD9A
S21400C2402E88F1061CD421461B481C4C2C222BF0B1
S21400C2509EFA0023237037B11948102239462BF076
S21400C26096FA01232370174B9DF810201A7046F09B
S21400C27010062E80D8E794F82830022BD4D1DCE7BD
S21400C2800D49E28CCB8C920603F020030FD5002BD1
S21400C290D9D094F82B309DF9102091F82B101A4421
S21400C2A0084B93F900300B449A42BDDDCBE7002BD8
S21400C2B0EFD0B9E73C3F0020A42900201A4B00200D
S21400C2C03E3F0020164B002073B5444C00284DD04E
S21400C2D0434B444A44490090002002F01DFC0420D1
S21400C2E0FFF702FD2BF075F8012803D142F210701B
S21400C2F01FF00AFD238803F08F03002B6CD03B4B06
S21400C3001A78AAB100261E70FFF77EFC054678B1A3
S21400C31000F002FC0321024628461FF06DFC0028B0
S21400C3205AD00090324B2F4A2F49304602F0F4FB89
S21400C330238843F0400323801FF0E0FC208810F0A1
S21400C340100040D02B4DA87811F0D0FBA0B12A4B9E
S21400C350019000930020294B224A294902F0DCFB79
S21400C360012002B0BDE87040FFF7BEBC23889A06E5
S21400C370C0D5FFF7B9FCBDE723889B0721D095F809
S21400C3802930012B1DD02BF024F80128044606D1B5
S21400C39024F0E5FC80B141F288301FF0B5FC194B63
S21400C3A000221A700223184A18481370FF2102B0A0
S21400C3B0BDE8704024F020B82BF002F8144B1C7037
S21400C3C0EDE70423EFE7134B0093064A0B4B1249A5
S21400C3D002F0A2FB0320C4E702B070BD3C3F002081
S21400C3E0F42004009E1E0400091F0400154B0020C4
S21400C3F01D210400A429002046210400F01E04008C
S21400C400071F0400134B0020144B00208429002033
S21400C410184B00206121040010200400044B1B88E8
S21400C42003F08F0313B1034B02889A84704700BF52
S21400C4303C3F0020A429002007B5FF23044A0548F6
S21400C44000930021FDF732FA03B05DF804FB00BF4D
S21400C4508DBD00008429002008B50020144A154927
S21400C46002F074FB002025F0B9FC18B11FF0D8FFCD
S21400C47002F02CFB1FF0D4FF0F490246002002F00A
S21400C4804BFB00200D4A0B4902F060FB002025F014
S21400C490A5FC18B11FF0CAFF02F018FB1FF0C6FF7C
S21400C4A0BDE8084002460449002002F035BB00BF44
S21400C4B0D50C04008521040093210400EF0C040031
S21400C4C0D0E9023210B503EB8201D1E9011053F82E
S21400C4D0223091F900100288187800F06FFBBDE852
S21400C4E010400346024A0349002002F015BB00BF75
S21400C4F0397E03009C21040070B5C3684468E41AC2
S21400C50017D0012C1FD02549002002F005FB244936
S21400C510002002F001FB2349002002F0FDFA224928
S21400C520002002F0F9FABDE870402049002002F031
S21400C530F3BA24F0FFFB1E4A034620461D49BDE819
S21400C540704002F0E9BA03F1804382681A49013B61
S21400C55052F82350062228462BF009F9044620B943
S21400C56024F0EBFB154A0346E7E715490822284660
S21400C5702BF0FDF8044620B924F0E2FB104A0346EF
S21400C580DBE71049052228462BF0F1F80446002880
S21400C590B9D124F0D8FB0C4A0346CEE7D7210400D5
S21400C5A0DE210400FC2104002122040048220400AD
S21400C5B0A42104009C210400B7820300AF210400DC
S21400C5C03F22040066220400C2210400C368826879
S21400C5D0174903F18043013B70B552F823500622F9
S21400C5E028462BF0C4F8044648B924F0A6FB114AA6
S21400C5F0034620461049BDE8704002F08DBA0F4948
S21400C600082228462BF0B3F8044620B924F098FBFD
S21400C6100A4A0346EDE70A49052228462BF0A7F802
S21400C620044620B924F08FFB064A0346E1E770BDB6
S21400C630B7820300AF2104009C2104003F220400BF
S21400C64066220400C221040008B5FFF797FDBDE886
S21400C6500840024A0249002002F05EBA6C2204003A
S21400C6604C110400C36882682DE9F04701338CB092
S21400C67052F823301F780446384625F03DF8012846
S21400C68041D8224E06EB00154FEA001908A895F887
S21400C69006A02AF0CDFE089B1B0648BFB5F8028010
S21400C6A006AD28464E4458BF4CF25E0801F0F6F937
S21400C6B024F01DFFCDF814A0B3880095CDE90383C0
S21400C6C0CDE90107124B40224FF48051092002F0B9
S21400C6D0B1F8E368A2680233384652F82330197876
S21400C6E002F02CF9D4E9023253F8223000201988DF
S21400C6F025F0A7FA0346074A0749002002F00CFA7D
S21400C7000CB0BDE8F087A323F5E700BFA02A002001
S21400C7107F220400862204009C210400C36837B5EB
S21400C7200133826852F823301D780446284624F0E8
S21400C730E3FFFF2827D0E368A26803334FF4805155
S21400C74052F823301B7800934122104B012002F050
S21400C75071F8E368A2680233284652F82330197845
S21400C76002F0ECF8D4E9023253F82230002019889F
S21400C77025F067FA0346064A0649002003B0BDE8DE
S21400C780304002F0C9B9A323F5E700BFB70504009F
S21400C7909B2204009C210400C36837B501338268DD
S21400C7A052F823301D780446284624F0A5FFFF28BB
S21400C7B027D0E368A26803334FF4805152F8233041
S21400C7C01B7800934222104B012002F033F8E368F6
S21400C7D0A2680233284652F82330197802F0AEF8E1
S21400C7E0D4E9023253F822300020198825F029FABD
S21400C7F00346064A0649002003B0BDE8304002F072
S21400C8008BB9A323F5E700BFB7050400B1220400E7
S21400C8109C210400D0E9023253F8223013B51C687C
S21400C82020461FF071FA054B054A0649CDE900433C
S21400C8300020054B02F070F902B010BDBD7A03006F
S21400C840CB220400DB220400C322040010B5002023
S21400C8501FF05AFABDE81040024B034A0349002075
S21400C86002F05AB9E7220400CB220400F1220400A9
S21400C87010B51FF08FFA064A064B0749002818BF66
S21400C8801346BDE81040054A002002F045B900BF37
S21400C89080F60300F7220400F1220400CB220400F5
S21400C8A000B58FB068462AF0C3FD04A82AF0C5FD7F
S21400C8B02149002002F030F9009A2049002002F0B9
S21400C8C02BF9BDF80630BDF804201D49002002F003
S21400C8D023F9BDF80C30BDF80A201A49002002F0F2
S21400C8E01BF9BDF808201849002002F015F99DF83C
S21400C8F00E201649002002F00FF9049A1449002071
S21400C90002F00AF99DF814201249002002F004F9FA
S21400C9100020114902F01AF9002025F05FFA18B13C
S21400C9200DF1150025F055FA0C49002002F0F4F838
S21400C9300FB05DF804FB00BF002304008D23040045
S21400C9400B23040032230400592304007023040040
S21400C950842304009C230400B3230400A3C603001E
S21400C96008B5D0E9023253F822301A7832B91046A8
S21400C9701FF062FDBDE80840FFF76EBDA2F10B0395
S21400C9800F2B05D9BDE808400349002002F0C4B8C3
S21400C99001209040ECE700BFCD23040008B5D0E9A5
S21400C9A0023253F822301A7832B910461FF04AFD88
S21400C9B0BDE80840FFF750BDA2F10B030F2B05D9C9
S21400C9C0BDE808400349002002F0A6B801209040C8
S21400C9D0ECE700BFCD23040008B5D0E9023253F8D7
S21400C9E022301A78042A05D9BDE8084006490020F6
S21400C9F002F092B8054B53F822001FF01DFDBDE86B
S21400CA000840FFF729BD00BFE0230400C42404004B
S21400CA10D0E9023253F82230034A1B8813800349B8
S21400CA20034A002002F078B8861500201724040078
S21400CA30FE23040010B50446FFF70EFD2046FFF760
S21400CA402FFF28F0ACFA084C084A0346214600207F
S21400CA5002F062F824F08DF921460346BDE8104046
S21400CA60034A002002F058B8172404001D240400CE
S21400CA702E2404000149002002F04EB8432404008E
S21400CA800149002002F048B86E24040008B524F0DE
S21400CA907BF9BDE808400249002002F03DB800BF1F
S21400CAA09824040008B524F066F9BDE80840024959
S21400CAB0002002F031B800BFAD24040010B588B0E5
S21400CAC002AC21460DF1070024F051FD0E4B9DF8F7
S21400CAD013209A701A46BDF8101022F8041B94E82A
S21400CAE0030082E803009DF818205A73074A11785D
S21400CAF0074A002908BF0022184624F02EF9054BE5
S21400CB0000221A8008B010BDA42900201A4B00206D
S21400CB103E3F00203C3F002007B50DF1070024F003
S21400CB2030FD932807D1064B1B681B78012B08BFE6
S21400CB3002238DF807309DF8070003B05DF804FB6C
S21400CB40CC2A002070B5184D0FCD90B006AC0FC49F
S21400CB500FCD0FC495E8030084E8030024F0CBFC57
S21400CB60054618B10024204610B070BD02A828F073
S21400CB70EEF90446064638B10C4B0D4A0D490090B6
S21400CB80284601F0C9FFEEE706A824F0E5F806A956
S21400CB9002A82AF0E9FB04460028E3D00090064BE2
S21400CBA0034A04493046ECE7AC250400D8240400C8
S21400CBB09E1E0400A61E0400EE24040070B590B06D
S21400CBC006460C461546002129220DF117002AF0CC
S21400CBD0F8FD06A88DF81660ADF8145025F05DF83F
S21400CBE001A82AF025FC019BADF83A30FFF794FF28
S21400CBF08DF83C00FFF7A6FF214605A81EF05CFF57
S21400CC0020B9034A138843F48073138010B070BDB4
S21400CC103C3F00201FB501201FF0FCFB16481FF00C
S21400CC200BFC16481FF00EFC24F099F800B31449CC
S21400CC30002001F071FF134B1B681878012808BF0D
S21400CC4002201EF0D3FF02202AF002FC68462AF0DB
S21400CC50EFFB009B684643F0800300932AF0F2FB4C
S21400CC60FFF770FF032005B05DF804EB28F072B9FB
S21400CC7005B05DF804FB00BF008810020070EF05E9
S21400CC8004250400CC2A002008B50C49002001F039
S21400CC9043FFFF2024F06CFDFF2025F02AF8FF203C
S21400CCA025F02AF829F025FC0020FFF7B3FF24F032
S21400CCB055F8034B00221A8008BD00BF3425040037
S21400CCC03C3F00200D4A138810B543F400731380D0
S21400CCD00EF0AEFB044628F0F8FC024638B9012CEC
S21400CCE00AD11FF05BFBBDE81040FFF7CDBF04493B
S21400CCF0002001F011FFF4E710BD00BF3C3F00200C
S21400CD004D25040070B52A4E3388044613F400708F
S21400CD1088B006D0912C48D108B0BDE87040FFF727
S21400CD20B3BF13F08F052CD0902C04D108B0BDE80B
S21400CD307040FFF7C3BE912C37D0CDE901431D4BA1
S21400CD401D4900931D4A1E4B01F0E6FE318811F086
S21400CD5080042AD124F0CFFB03280CD1194A13787B
S21400CD60032B08D8013321460120137008B0BDE814
S21400CD70704028F024BC022008B0BDE87040FEF7E2
S21400CD80B3BF04A82AF054FB902C0ED1049BDA07FC
S21400CD900BD523F0010304A8CDE904350695ADF8BC
S21400CDA01C502AF04FFB2AF09FFC08B070BD00BF55
S21400CDB03C3F00209A2504007A2504009E1E0400AD
S21400CDC0F01E0400194B00201FB502A9F4F7E6FB7D
S21400CDD0044678B99DF80C309DF808200649009363
S21400CDE0BDF80A3001F098FE204625F08EF80120A6
S21400CDF004B010BD0020FBE7D425040010B58AB0AF
S21400CE0005A9F4F7D7FB044600BB114901F09EFEC6
S21400CE10204624F0E3FF10B105A801F009FE9DF8B6
S21400CE2024300293BDF822300193BDF82030BDF8BF
S21400CE301C200849009300209DF81E3001F06CFE6F
S21400CE40002025F062F801200AB010BD0020FBE7A4
S21400CE50FC25040015260400F0B585B002A9F4F7F9
S21400CE60BBFB0446002833D11A4B1B491B681B4FDB
S21400CE709A891B7D033AD21A9DF80A30009396B21F
S21400CE809DF809309DF8082001F060FE9DF80A2004
S21400CE90E3B204EB44059A42ADB209D8104900202B
S21400CEA001F03AFE002025F030F8012005B0F0BD74
S21400CEB029463246039824F03EFF0235039BADB266
S21400CEC002465B5D3946002001F040FE0134DDE796
S21400CED00020EBE7902B002037260400692604008C
S21400CEE0A3C603002DE9F04F87B004A9F4F77AFB38
S21400CEF0044600284DD1284F28493B68DFF8A4A0F7
S21400CF009A891B7D033AD21A9DF81230009396B286
S21400CF109DF811309DF8102001F018FE25469DF86A
S21400CF201220E3B29A420BD81D49002001F0F4FD0E
S21400CF303868002124F0ECFF012007B0BDE8F08F30
S21400CF4029463246059824F0F6FEAB1C9BB2804676
S21400CF50E91C0598324689B210F803B024F0EBFEBF
S21400CF60691D8146324689B2059824F0E4FEEA1D22
S21400CF70059B92B208359B5CCDF80090CDE9010385
S21400CF8042465B465146002001F0E0FDADB201345A
S21400CF90C5E70020D1E700BF902B002077260400CD
S21400CFA0A3C60300A52604002DE9F743254B0193ED
S21400CFB00D461646044650B14AB101AA042312F89B
S21400CFC0011BA94235D0013B13F0FF03F7D1022025
S21400CFD003B0BDE8F08317F8010F90FAA0F0000E3A
S21400CFE022F0F3FF014608EB07039945F3DCCAB2CB
S21400CFF0C1F30F2392FAA2F293FAA3F3120E1B0EBA
S21400D00003EB02236219DB4312F8020C99B2DBB27F
S21400D01098420CD112F8013CB3EB112F07D13246DF
S21400D0202146284603B0BDE8F04328F095BEBD2053
S21400D030CEE7671E4FF6FF71A5F10209C4F101089D
S21400D040D1E700BF080A0E122DE9F04186B015465A
S21400D0500F469846064624F093FE184B03A81C7805
S21400D06017F0BCFE15F0FD0F26D0F8B9BDF80C3051
S21400D0709B071BD5032D08BF03242B464246394683
S21400D0803046009424F031FE0D4B0E4A53F82430FF
S21400D09052F825200C49CDE90046002001F03CFD61
S21400D0A024F070FE204606B0BDE8F081032DE4D1E2
S21400D0B0042C08BF0024E0E70324DEE71B4B002017
S21400D0C0A027040090270400C4260400014B187013
S21400D0D0704700BF1C4B0020024B186800B1406828
S21400D0E0704700BFF41100200B4B1B6870B5044658
S21400D0F000257BB11E88002107E05A6802EB01106C
S21400D100013145B9021B554255418AB29642F4D8C0
S21400D1109B68EEE7184670BDF41100202DE9F04F2D
S21400D12093B01E469DF874300493022E4FF0000311
S21400D130DDF87090DDF880A0ADF81E300746884612
S21400D140144640F2B98099F800305A072AD5042EC2
S21400D15040F2B28099F804B05B4B002533F83520D6
S21400D160002A00F0AF8001350A2DF7D1BAF1000F82
S21400D17040F0A680FF25002320798DF81D3008AAF0
S21400D1800DF11D0124F087FD78B1BDF82C309DF817
S21400D1901D00238024F0F0FD8DF81C00C8B113B0EC
S21400D1A0BDE8F08F99F802B0D6E7207924F0A4FA0B
S21400D1B00128059000F28280207924F0EFFD8DF89A
S21400D1C01C000028EBD1414A059B02EB03135B8849
S21400D1D0238062884FF6FF73002F08BF4346CDE9D1
S21400D1E0002300212388049A584602F07DFD18B1DA
S21400D1F0E38843F02003E380049BCDF83C9007A926
S21400D2000DA8CDE90DA4ADF84080ADF842608DF8CC
S21400D21044708DF8453024F04FFD10B19DF81C0089
S21400D220BDE7484602F0ACFCA01D02F097FC224683
S21400D2304146384624F06FFEB04208D274238DF87B
S21400D2401C30BAF1000F32D124F09CFDE6E79DF8C1
S21400D2507C300393BDF8783002930DF11E03CDE9C0
S21400D26000932246F3B24146384624F065F88DF81E
S21400D2701C00BAF1000F0FD070B9BDF81E203AB1ED
S21400D280092D05D8124B03EBC50143F835A08A805B
S21400D290112024F0DCFCD7E7BA2808D1E388DB06A7
S21400D2A0D2D5002301208DF81C30FFF70FFF9DF824
S21400D2B01C30002BC8D1EBE7012070E7A3206EE7F7
S21400D2C0B4206CE7EDB256E7D4290020A02A00204F
S21400D2D0D02900209D2837B504462AD8902812D891
S21400D2E056D124F004F92B4B00902B4A2B490020F2
S21400D2F001F012FC902C29D10DF0E0FF03B0BDE840
S21400D300304024F0E4BC00F16F03DBB201259D4001
S21400D31015F0A90528D19D2833D09C2838D124F0B3
S21400D32044F91F490246284603B0BDE8304001F0E4
S21400D330F3BBBC28D5D007D85534E4B2042C27D884
S21400D340184B154A184914E0BF28C9E7174B184A66
S21400D3501849BC2C08BF1A46002001F0DDFB24F05B
S21400D360B5FC24F0B4FCC9E79128E9D1094B0A4A78
S21400D3701149002001F0D0FB03B0BDE8304024F096
S21400D380B2BD0E49284603B0BDE8304001F0C4BB2C
S21400D39003B030BDB927040023FF0300C2270400F2
S21400D3A009280400F827040000280400A3C6030088
S21400D3B0B4270400CF270400EF2704002628040023
S21400D3C007B5094A0346108831B9084A084903B028
S21400D3D05DF804EB01F0BABB0091064A064901F07D
S21400D3E0B5FB03B05DF804FB623F00206406040052
S21400D3F0BD0E0400080704003B2804000D4B1B6804
S21400D40037B504469BB11D7803890093C37A0A4A50
S21400D4100A49012D4FF0000008BF022501F07CFBF1
S21400D4202146284603B0BDE8304028F0F0B870200A
S21400D43003B030BDCC2A0020B528040065280400BF
S21400D44010B5002024F098FC0D4B1B688BB15A7861
S21400D450052A08D88AB9144610460EF001FA204666
S21400D4600DF096FF05E0FF2A07D00649002001F0E0
S21400D47053FBBDE8104024F085BC05240222EBE7F0
S21400D480CC2A0020BA28040013B5124C002024F041
S21400D49073FC23689BB101A824F073F878B923685D
S21400D4A01A789DF804309A4209D0D91E032906D965
S21400D4B0D11E012903D9012A07D1022B05D1032346
S21400D4C001A8ADF8043010F08DFD02B0BDE81040A4
S21400D4D024F058BCCC2A00200023044A1946013305
S21400D4E00A2B918042F8081BF9D17047D0290020FA
S21400D4F07FB50E46054610F00FFA0F490446034660
S21400D5002A46002001F008FB96B10C4B1A889B783F
S21400D5108DF80E300323ADF80C200093002203ABE9
S21400D52036214FF6FC708DF80D5024F03AFF044675
S21400D530204604B070BD00BFD9280400F42A0400B9
S21400D540FF2810B50C4604D10020044901F0E4FA87
S21400D550FE202146BDE81040FFF7CABFF0280400B1
S21400D560F8B51F460B8806460C461546002B5DD1BF
S21400D5704A88B1F902100029B8BF6B782C49002000
S21400D58001F0CAFA6288132A1DD002F5FF417F31E6
S21400D59089B205291FD8A2F50042013A052A1AD8F1
S21400D5A0DFE802F0153B19033809224A2249002019
S21400D5B001F0B2FA0FE0214A1F49002001F0C6FA36
S21400D5C02A791F49F3E7B5F801201E49EFE71E49FF
S21400D5D0002001F0A1FA3B462A462146304621F0BB
S21400D5E0BEF970B93B462A462146304621F0B9F9C5
S21400D5F0628848F221039A4203D16978304624F0C3
S21400D60051FB6388B3F5004F02D9082024F065FB70
S21400D6100120F8BD2A790D49C9E70D4A06490020C0
S21400D62001F094FAB5F801200A49C0E70020F0E7B7
S21400D6302B290400502904005729040068290400F7
S21400D6406E2904007C29040093290400AD290400F7
S21400D650CF290400D4290400F0B585B004AB03E953
S21400D6600300184A9DF80D609DF80E7000231C46B6
S21400D670D9B202EBC1004568EDB99DF80C300093B5
S21400D6809DF80A209DF80B300F49284601F05EFAF7
S21400D69026B10E493246284601F058FA0C4ABDF823
S21400D6A008300C49002C18BF2246002005B0BDE803
S21400D6B0F04001F031BA12F831100133B94208BF18
S21400D6C02C46D5E7AC2A0400E5290400F629040018
S21400D6D0D3050400FA2904002DE9F04F85B08046F2
S21400D6E0BDF838700F9DBDF840B0894614461E46FA
S21400D6F0002B2FD0454A4649002001F027FA238800
S21400D700002B74D040F20912934272D0414A42492B
S21400D710B3F5827F18BF0A46019761880091002002
S21400D7203E4901F013FA238883B1022F0ED92B78D5
S21400D7303B493C4A13F0010F08BF0A4659074CBF45
S21400D7402B79AB783849002001F000FA37490020E1
S21400D75001F0E2F93649002331F833205A454AD120
S21400D760344A52F833A0002331F8330058454FEAC4
S21400D770C30246D12F4900200A4441F83300908066
S21400D78046B9238833B9B4F90230002B02DB0820EF
S21400D79024F05DFA012024F0A0FA9DB12A78D30780
S21400D7A010D512F0040004D03A460121284624F091
S21400D7B0C2FACDE9016000953B46224649464046FE
S21400D7C023F0FDFFBAF1000F06D0CDE900563B4628
S21400D7D0224649464046D047CDE900563B462246BB
S21400D7E04946404623F050FD05B0BDE8F08F124A8A
S21400D7F092E7124A90E701330A2BADD14FF0000AA8
S21400D800B1E701330A2BAFD1BAE700BF4FFE0300E2
S21400D810212A04000F2A0400D40504002B2A040041
S21400D8201A2A0400122A04005A2A0400A3C6030077
S21400D830D4290020D0290020082A04000C2A04003D
S21400D8400D4BF0B50D4E1F88054600234FF00C0C0F
S21400D850DCB2BC4201D30020F0BD0CFB04F430194E
S21400D860345DAC4205D144888C4202D1047994429E
S21400D870F2D00133ECE700BF881500200412002028
S21400D88073B5114E114C1248012500953246FF2300
S21400D8900021FCF70BF80095224602250D48FF23D1
S21400D8A00021FCF703F832460B480095FF230021C1
S21400D8B0FBF7FCFF09480095FF2322460021FBF7F3
S21400D8C0F5FF02B070BD00BFE50B03005FE8020085
S21400D8D0802A0020602A0020402A0020202A0020DB
S21400D8E02DE9F8430D4B0E4F1E78DFF838800024E4
S21400D8F04FF00C093A88E5B2954202D33046BDE8AF
S21400D900F88309FB0585FF21A86822F08BFD18B96E
S21400D910AB799E4238BF1E460134EBE71D4B002014
S21400D9208815002004120020F8B506460C4624F0A0
S21400D930B0F90546C8B9304623F0DEFE012815D8F2
S21400D9400B4B03EB00131F7B87B95A8822809A88FB
S21400D95062809B7923710121304600F0C1FA394676
S21400D9606071304600F0BCFAA07101252846F8BD6B
S21400D970A02A002070B504460E46154623F0BCFECD
S21400D980012802D94FF6FF7070BD094B03EB001358
S21400D9901A7B002AF6D146B901222946204600F015
S21400D9A0C7FA0028EED00088EEE7012EEAD1F4E7A9
S21400D9B0A02A002013B5FF230DF1070104468DF8B9
S21400D9C0073024F064F918B19DF8070002B010BDC6
S21400D9D0074B03EB04131B7B0BB1FF20F6E7204637
S21400D9E000F0E8F80028F8D0204600F073FAEDE7DB
S21400D9F0A02A002010B5F8F71DF90446F8F720F91C
S21400DA00224603461049002001F086F800F0E2FFA7
S21400DA10FFF762FD00F07CF80221084602F03AFBB0
S21400DA20FFF70EFD094B41F202021A80084A522304
S21400DA301380084A4FF40040138026F0F6FDBDE838
S21400DA401040002027F0B7BAF72A0400B8150020C7
S21400DA50B4150020B215002038B5054624F039F973
S21400DA6080B9284618F0EAF9044618B1752814BF9C
S21400DA7088248D24044923462A46002001F04CF8C9
S21400DA80204638BD8D24FBE70D2B040002491023E9
S21400DA9009887F2222F0B7BACAF503000149082296
S21400DAA029F075BE2E4D0020024B18685968FFF706
S21400DAB0D3BD00BF5E570400064A0123D15C8142F5
S21400DAC002D1054AD05C704702335D2BF6D10020A8
S21400DAD0704700BF222B0400232B040070B50A4BAE
S21400DAE01D780A4B04460022D0B2854201D8FF209A
S21400DAF070BD1E78A64204D10029F9D05E7BF607D9
S21400DB00F6D401321033EFE71E4B0020A02A002087
S21400DB102DE9F04186B040F201231E4AADF80030F0
S21400DB201D4BDFF88080CDE9042340F20113ADF8E9
S21400DB3004304FF48073ADF80830184B02210022F1
S21400DB401970174BADF80C20EC4604AF05AE01ADCE
S21400DB5002AC03A84FF0010E1CF8011B197037F831
S21400DB60021B598036F8021B998015F8011B997123
S21400DB7014F8011B83F80DE008EBC101996010F85A
S21400DB80011B1973103312B106B0BDE8F0810122F3
S21400DB90E2E700BF04010401040110081E4B002048
S21400DBA0A02A0020882B0400014B1878704700BF7D
S21400DBB01E4B0020034B03EB0013587B00F00100C4
S21400DBC0704700BFA02A00202DE9F04F8DB0DFF887
S21400DBD01C8202939DF858300793804B06911B7861
S21400DBE008EB0313054616460A934FF000090A9BF6
S21400DBF0984501D1862068E02B780393039A98F81D
S21400DC000030D8F808A0934240F0E08098F80D3035
S21400DC10DC0709D59AF8043009934FF0000B099AEF
S21400DC205FFA8BF3934202D308F11008DFE7DAF8C5
S21400DC300070142303FB0B772946384623F0FEFCBE
S21400DC40002800F0BE803B890893002308999AB20A
S21400DC50914202D80BF1010BE1E70C225A430B93D9
S21400DC607B6804929C1821462A463846059323F082
S21400DC70FCFC22790B9B002800F09A80069B03B1DF
S21400DC801C60900624D4564B09EB03080BE01A7967
S21400DC90910642BFDA7890441FFA88F80C339C420B
S21400DCA0F5D8504B9844079B63B32146384623F07B
S21400DCB0BCFCDDE90413B5F802905B5A02464946FF
S21400DCC0039823F0C9FF38B97E200DB0BDE8F08F69
S21400DCD0454B4FF00008E2E72379DA0639D443468D
S21400DCE0B0461E46029AA378002A43D1E278A3F1F2
S21400DCF04101012940D8013AD2B24146304624F0CB
S21400DD0036F900E00EB90020DFE72146384623F05A
S21400DD108CFCDDE90413B5F802905B5A02464946CE
S21400DD20039823F097FF0028CED02379DB06D9D5B9
S21400DD302146384623F079FC95F80080E2786D8815
S21400DD400346CDE9006229462246404623F097FF67
S21400DD50BBE72146384623F068FC95F800806D88BE
S21400DD60169603462246294640460DB0BDE8F04FBB
S21400DD7023F087BF029ABAE7433B012B06D8023A44
S21400DD8092B24146304624F00AF9BCE7079BE27897
S21400DD901BB9029B0BB193421ED341463046B8F1E5
S21400DDA0000F02D129F00DFDADE729F0F0FCAAE73F
S21400DDB012F0300F02BFE2784A441FFA82F90133AC
S21400DDC044E77B894B441FFA83F943E7BAF80630E9
S21400DDD04B441FFA83F927E7892076E71E4B00207D
S21400DDE0DC4B00201F4B0020602C0400A02A0020E3
S21400DDF008B50021FFF772FEFF281BBF044B03EB9C
S21400DE0000130846587B18BF00F0010008BD00BF8D
S21400DE10A02A00202DE9F0410D4616461F4623F0A5
S21400DE206BFC01280AD8074C04EB00103B46324630
S21400DE3029468068BDE8F04123F02BBC0020BDE8F1
S21400DE40F08100BFA02A00202DE9F0410D461646BD
S21400DE501F4623F084FC01280AD8074C04EB001068
S21400DE603B46324629468068BDE8F04123F011BCA7
S21400DE700020BDE8F08100BFA02A00202DE9F04771
S21400DE80002306460F469046FFF7C4FFE0B10F4B4F
S21400DE90DFF83CA093F8009000252C46EBB24B45EB
S21400DEA002D32046BDE8F08701352B011AF803009F
S21400DEB08642F6D0002342463946FFF7C5FF0028C3
S21400DEC018BF0134E4B2E9E7FF24EAE71E4B00205E
S21400DED0902A0020014B0001185C7047A02A002001
S21400DEE070B50C4623F008FC01281BD80F4B03EB3B
S21400DEF000139A68C2B10023157918461426D9B2C1
S21400DF008D4200D870BD116806FB0311097B34B939
S21400DF1011F0800F1CBF0130C0B20133EFE711F0E3
S21400DF20400FF7E70020EDE71046EBE7A02A0020B9
S21400DF30F8B50D46164623F0DFFB01280BD80F4B2D
S21400DF4003EB00134FF0140C9A68002317791C4655
S21400DF50D9B28F4201D80020F8BD10680CFB030030
S21400DF60017B46B911F0800F03D0AC42F4D00134E7
S21400DF70E4B20133ECE711F0400FF5E7A02A0020E9
S21400DF802DE9F04F3F4BDFF8008193F800A089B0F1
S21400DF9006460024544507D2FF2E29D0304623F0EB
S21400DFA0ABFB0128044628D909B0BDE8F08F1B68F2
S21400DFB0142202FB05352B89B3F5967F01D922F092
S21400DFC02DF800274FF00C0B2A89BBB29A421CD8BA
S21400DFD009F10109029B43445FFA89F59B681A79A7
S21400DFE0AA42E4D8FF2EDFD10134E4B25445DBD296
S21400DFF008EB04131B7B002B41D12301029308EB93
S21400E00004134FF000090393E4E7BBB268680BFB08
S21400E01003FE00EB0E010A79D30628D4039B93F87F
S21400E02000C08DF814C012F0400FB5F800C030F8EC
S21400E0300E30ADF816C0284614BF4FF0800C4FF0D7
S21400E040400CADF81A308DF818C023F0EEFA5207DF
S21400E050CB78ADF81C000CD5022B8A6800D9126864
S21400E060012300930023194605A8FFF7ADFD0137ED
S21400E070AAE7022B8CBF8A6801F10802F0E7013498
S21400E080E4B287E71E4B0020A02A002070B50A4A9B
S21400E090068803231488B44208D19578047B2C4064
S21400E0A03F2C03D90D4201D0506870BD013B02F1F0
S21400E0B00802EFD11846F8E77C2E040070B5084D2C
S21400E0C0084E00242B78E0B2834200D870BD06EBE1
S21400E0D00010437BDB0701D523F0F5FB0134F1E7A5
S21400E0E01E4B0020A02A0020F8B50C46002105464D
S21400E0F0FFF7F4FCFF2827D0144A02EB0016737BC8
S21400E10003F001012CB143F00103737331B1012018
S21400E110F8BD74730029FAD014270FE000B202EBA2
S21400E120001023F0D0FBF2E711687B43CA1828469C
S21400E130127BC95AD20923F0D7F80134B268117994
S21400E140E3B29942F0D8E2E70846E1E7A02A0020C9
S21400E150F0B59646497D00B321B3012918BF0421C6
S21400E1600026194F344632464FF6FF703D887545F7
S21400E1700DD197F803C01CEA010F08D0BD789D4268
S21400E18005D38AB1A54202D81CF0100F15D101366E
S21400E190422E07F10407E9D1F0BD002914BF04217F
S21400E1A00821DDE70221DBE70CF0100CBCF1000FC4
S21400E1B01EBF2C4601220020E9E7A54201D3002815
S21400E1C0E5D02C460020E2E7742D04002DE9F04F40
S21400E1D00A9FBDF824E09DF82C809DF830904C7D79
S21400E1E078B39CB3012C18BF04241A48002500F508
S21400E1F0847C068896421ED190F803B01BEA040F72
S21400E20019D08678464516D31BF0100F91F80FA04C
S21400E21004D0BAF1000F0ED0B1F810A0BAF1000F7A
S21400E22009D1A94514D0AE4512D95E553E880135B0
S21400E23001363E80ADB204306045DAD10120BDE83B
S21400E240F08F002C14BF04240824CEE70224CCE769
S21400E2500020F4E7742D04002DE9F04FB1F57C4F53
S21400E26085B0CDE9023228BF2B4B01904FF0000459
S21400E27028BFB3F800A000940E4638BF4FF0010A3E
S21400E280A1464FF6FF78544503D3404605B0BDE897
S21400E290F08FB6F57C4F0CD3204B029A019803EB17
S21400E2A0840331465B88FFF7B5FD0546F0B10027CD
S21400E2B018E0029A0198314623F04EFAF5E70C234F
S21400E2C0BCB25C43D5F804B0039B3BF8040098420C
S21400E2D00BEB040105D3009B5BB9284623F0A5F998
S21400E2E0A0B901372A89BCB2A242E8D80134A4B248
S21400E2F0C9E74845F5D8284623F097F90028F0D016
S21400E3003BF80410494501D38045EAD901233BF880
S21400E310049000938046E4E7802B0400822B0400E0
S21400E3202DE9F04F8FB098469DF870300593002386
S21400E330BDF860A08DF82C00ADF82E10ADF8322098
S21400E34005460E46174600931A4608A90BA8199CC0
S21400E3509DF868B09DF86C9008938DF83080ADF805
S21400E36034A0FFF731FC089850B9CDE90067594A48
S21400E37059492B4600F0D0FB86200FB0BDE8F08F41
S21400E380B9F1000F14D183785B4506D04846514A50
S21400E390524900F0C1FB8D20EFE7037913F001032B
S21400E3A006D118464B4A4E4900F0B6FB8820E4E7F3
S21400E3B003795B0731D583685A689B6809920A938C
S21400E3C0807823F051FE089A92F80390B9F1020F74
S21400E3D0034613D807904A46214609A823F000FEB4
S21400E3E0079B06904A4621460AA823F0F9FD069B9D
S21400E3F0012B01D0013010D18720BEE706904A4697
S21400E4000998214623F0ECFD0128F5D0069B0A98D2
S21400E4104A46214623F0E4FDECE7059B002B51D14C
S21400E420089B4FF6FF729878214623F0C3F8002821
S21400E4304DD05FFA80F9CDE90294CDE900AB4346B2
S21400E4403A463146284623F02FFC002895D1CDE9E0
S21400E4500294CDE900AB43463A463146284623F0BF
S21400E4600CFA002889D101230093059B2246194601
S21400E4700BA8FFF7A9FB00287FF47FAF089B324666
S21400E4802946204623F07EF943463A46314628463A
S21400E490CDE901B4CDF800A023F022FC43463A466D
S21400E4A031462846CDE90294CDE900AB23F0FBFBCC
S21400E4B0CDF800A043463A463146284623F0B5F943
S21400E4C000205AE70749002000F026FBF8E7012065
S21400E4D053E700BFA02E0400AC2E0400D42E040088
S21400E4E0E82E0400FC2E040070B586B000258DF8DA
S21400E4F01030BDF828308DF80C00ADF80E10ADF8D1
S21400E5001220ADF814300B9ABDF83030009502A9F1
S21400E51003A80D9E0295FFF757FB044630B916B1C7
S21400E520029B9B783370204606B070BD8928FAD1CE
S21400E5300249284600F0F0FAF5E700BF192F04005C
S21400E5402DE9F04F4FF0000A99B0FFF72DFB5FFA68
S21400E5508AF6B04202D819B0BDE8F08F5B4B5C4932
S21400E560360100209A5D00F0D7FA5A49002000F0E4
S21400E570D3FA00230593554B9DF8144033449B680B
S21400E5801A79A24202D80AF1010ADEE71B681422B1
S21400E59002FB04344FF0000922891FFA89F39A42DD
S21400E5A002D8059B0133E5E7D4F804B00C231FFA24
S21400E5B089F803FB08F80BEB080521F02FFD2B79F3
S21400E5C04549228813F0400F3BF8083000934FF07F
S21400E5D00000424B18BF0B46414900F0B7FA2946E7
S21400E5E0204623F022F8074600283CD13D4900F09B
S21400E5F0ADFA2979DFF814C13B48AA78EB7811F018
S21400E600010F08BF604611F0020F32D1DFF800C1DB
S21400E61011F0100F354918BF6146CDE900013449A5
S21400E620002000F093FA2B793BF808202188274831
S21400E63013F0400F4FF0000B4FF041030DF11C0894
S21400E640CDE9023BCDE900780CBF40238023805DF6
S21400E650FFF74AFF86280ED12649002000F05CFA14
S21400E66009F1010998E702462349002000F06EFAF6
S21400E670BFE72249D1E7A87822F0C7FFD8B14046C5
S21400E68023F05FFB421C92B201234146002000F0BB
S21400E690B1F92088394601F0FFF94FF6FF7398422A
S21400E6A007D0174B174903EBC00300205A6800F049
S21400E6B033FA1549D1E7A87822F0ADFF20B14046DD
S21400E6C023F044FB821CDEE7EA78DDE7A02A002080
S21400E6D06B2F0400772F0400432F0400482F0400FC
S21400E6E0B72F0400C92F04004D2F0400532F040039
S21400E6F0CE2F0400E62F0400503404005B2F0400E5
S21400E70014350400082B0400A3C60300502F040091
S21400E710632F04002DE9F04F97B00446BDF88480BF
S21400E720BDF880B0B8F1040F0F4615469A4635D9A5
S21400E730CDE9013B00920B4602463049002000F02E
S21400E740EBF941260DF113030DF11409039320464E
S21400E750CDE900B9029653462A463946FFF7C4FE6D
S21400E760044638BB9DF813A032464946504622F070
S21400E77021FF064628469EB1A8F10408B0450FD3EF
S21400E780DFF888B023F0B9FABBF80030B21CC3F14A
S21400E79052039A4219DB892000F0F6F8892405E036
S21400E7A023F0ABFA8924204600F0EEF8204617B096
S21400E7B0BDE8F08F009012492B463A46002000F044
S21400E7C0ABF9284623F099FAEDE7204600F0DCF88E
S21400E7D0504600F0D9F8BBF800800A483246494651
S21400E7E04044B04428F09BFFABF8008006490096F2
S21400E7F02B463A46204600F08FF9D7E7F22F040062
S21400E80026300400044C002049300400523F00200B
S21400E81010B5044C20600448018004490A60044A8C
S21400E820136010BDC82A00204E3F0020C42A0020D6
S21400E830C02A002008B410B587B009AB0C4653F8C0
S21400E840041B0092CDE9011302460B490B480593C1
S21400E85009880068002323F047F9094B1B681880D5
S21400E860084B1B684FF48A525C80DA8007B0BDE81C
S21400E870104001B0704700BF4E3F0020C82A00205D
S21400E880C42A0020C02A0020044A0346116804480F
S21400E890044A09881268006822F030BCC42A0020A6
S21400E8A0C02A0020C82A002007B5074B1B681B8813
S21400E8B00192064A12680092054A126822F0F2FB9C
S21400E8C003B05DF804FB00BFC42A0020C82A00205D
S21400E8D0C02A002007B5064B1B681A880091054B16
S21400E8E005491B68096822F0C4FB03B05DF804FB09
S21400E8F0C42A0020C82A0020C02A00201FB5094CC0
S21400E90024680394084C246824880294BDF81840B0
S21400E9100194064C24686488009422F028FC04B015
S21400E92010BD00BFC82A0020C42A0020C02A00202C
S21400E930014B1868704700BFC02A0020024B1B68B6
S21400E94018715971704700BFC02A0020094B10B5D6
S21400E95000241C7022F0CBFD074B52221880214663
S21400E960064828F02EFF064B1C80064B1C605C6099
S21400E9709C6010BD604C0020543F0020044C0020DA
S21400E980523F0020563F002007490B88512B9FBF5F
S21400E990064AD054581C80B29DBF088000F1FF3054
S21400E9A080180020704700BF523F0020044C002013
S21400E9B08A4203460AD95B5CFF2B08BF00230B4440
S21400E9C0084403499342A8BF08467047004870476A
S21400E9D0503F0020024B034A1A600020704700BFD9
S21400E9E0CC2A0020862B0400014B1878704700BF05
S21400E9F0A02A002030B4044D044C002B0CBF2B463C
S21400EA00234630BC23F0D2B928310400F4140400A5
S21400EA1070B5054608460C4623F093F9611C02467D
S21400EA20024B2846BDE8704023F0C0B9C3FF030080
S21400EA3000B589B0037806934378059383780493EA
S21400EA40C378039303790293437901938379009300
S21400EA50C3790448044900883E2200F077F809B0DC
S21400EA605DF804FB623F0020733004002DE9F04798
S21400EA70DFF84C80DFF84CA0DFF84C9005460E46D9
S21400EA8017460024AC4201D1BDE8F087B8F8000074
S21400EA9006EBC4015346082223F088F90134B8F87F
S21400EAA000003FB9044AA54208BF4A46034900F0A1
S21400EAB04DF8E7E74A46F9E7A3C603004B11040002
S21400EAC0623F0020F414040006E803002DE9F0413C
S21400EAD00E4E0446308823F081F9A8B10C4FDFF8BB
S21400EAE034800025E3070AD518B93088414600F07F
S21400EAF02DF830882A46394600F028F800200135DF
S21400EB001B2D4FEA5404EDD1BDE8F081623F002092
S21400EB101FF70300282A04000EB417B505AA0446FA
S21400EB2052F8041B01920120F7F7B6FB054A0121B3
S21400EB300220FBF7E5F9044B1C8003B0BDE810404B
S21400EB4003B0704706E80300623F00200EB417B516
S21400EB5005AA044652F8041B01920120F7F79CFB15
S21400EB60034B1C8003B0BDE8104003B0704700BFE5
S21400EB70623F002013B503680446587900F05EFF34
S21400EB8080B923685A88032A0CD0E17C5B79CDE9EA
S21400EB9000211449144AFFF7BFFF0121204623F045
S21400EBA0B7F91BE0637D012B0AD0637D33B9236878
S21400EBB0228A5988587922F0ABFD48B9C321EDE77F
S21400EBC02368228A5988587922F0ABFD0028ECD0B9
S21400EBD0204623F005F901460028DFD1012002B0C7
S21400EBE010BD00BF88300400D07D0300002970B53A
S21400EBF00F49104E1D46104B14460CBF6E2279224C
S21400EC00002808BF0B460D490020FFF79FFF25444C
S21400EC10AC4205D1BDE8704009490020FFF77CBF33
S21400EC2014F8012B31460020FFF790FFF0E700BFF5
S21400EC30BC300400F9300400B2300400C5300400D3
S21400EC408D0B04002DE9F04F427D036890F8149078
S21400EC5090F813B0866885895F88002A8BB014BF49
S21400EC6080224022044658790592C84600F0E6FE07
S21400EC7098B9BBF1050F05D86FF02D0343FA0BF3D7
S21400EC80DB070AD5032F08D0AF490020FFF744FF63
S21400EC900121204623F03CF97CE0E37B73BB607DDA
S21400ECA0AA4AB0FA80F040091380C000FFF76CFE55
S21400ECB0E37B93B3208A23F020F88246A07CFFF7FC
S21400ECC063FEBBF1160F00F2B281DFE81BF02800EE
S21400ECD0B6017D006700EA017D00AA01F301B201DA
S21400ECE0FC0105020E024D012502B001B001B00183
S21400ECF03802820238029F024D012502238A002B29
S21400ED0000F09581607D914BB0FA80F040090022BA
S21400ED10C0001A8040F00400C8E79A46CEE78C4A46
S21400ED208C49DFF828A23B460020FFF7F5FE0120BD
S21400ED30FFF72AFE08F10209A94529D841462A46C6
S21400ED40304622F0F8FF236880465879BAF800303B
S21400ED50C3F152039BB20193238A00934246059B5C
S21400ED6039461FF0FFFD10B11FFA89F8E2E7236865
S21400ED705879BAF80030C3F152039BB20193238A44
S21400ED8000934246059B3946FFF7C4FC8928EBD121
S21400ED9023F0B8F801200BB0BDE8F08F0420FFF791
S21400EDA0F3FDEB1E4FF0000A0893089B984550D3DE
S21400EDB0BAF1000FECD1E37B94F81480002B634B80
S21400EDC00CBF022204221A800420FFF7DDFD002378
S21400EDD00693994608F1030A554540F2A1802A4653
S21400EDE04146304622F0A7FF06EB0803EA1E9B7852
S21400EDF00790B244A2EB080292B251461846099315
S21400EE0022F0D8FB089000287BD02268099B507916
S21400EE10079ACDE901A3238A00933946059B22F081
S21400EE20E8FD079B4C4982463A460020FFF78EFED7
S21400EE30BAF1000F55D1069B48490133DBB2504664
S21400EE400693FFF769FE089B033343441FFA83F8D3
S21400EE50C0E72A464146304622F06DFF06EB08031F
S21400EE6008F1030193F80290089B0690A3EB0802B2
S21400EE70314492B24846099122F09CFB079068B351
S21400EE80236809995879CDF808900191238A009350
S21400EE903946DDE9053222F0F8FD8146C0B1484624
S21400EEA0FFF772FD069822F028FF069B2A493A468D
S21400EEB00020FFF731FE2A494A460020FFF72CFEC5
S21400EEC00AF1010AB9F1800F5FFA8AFA3FF470AFCF
S21400EED0079B033343441FFA83F866E74FF0800925
S21400EEE0DDE75046FFF750FD079822F006FF09F1D0
S21400EEF001091B49524600205FFA89F9FFF70CFE0C
S21400EF00A1E78720FFF740FD079822F0F6FE09F1FB
S21400EF1001091349089887225FFA89F9FFF7FCFD73
S21400EF20BBF1050F3FF436AFB9F1000F7FF430AFF9
S21400EF30069B2BB90B491846FFF7EEFD8021A8E685
S21400EF404846FFF721FD23E7BA240400523F00207D
S21400EF50FF3004004831040009310400703004001A
S21400EF60233104002B310400BBF1150F00974CD061
S21400EF700020B54BB54AB649FFF7CEFD0D20FFF78A
S21400EF8003FD2A464946304622F0D5FEB144BBF181
S21400EF900C0F99F8026005463FD1192E28BF192696
S21400EFA0E37BBBB1B4F810804FF6FF73984511D1E0
S21400EFB02068059B40792A463946FFF74DF94045BB
S21400EFC008D0BAF1000F05D020828AF80000000AA7
S21400EFD08AF801009F4B0020B3F80080FFF7D4FCAE
S21400EFE02368ABF1150C5879DCF1000343EB0C03F6
S21400EFF0CDE90163238A00932A46059B394622F011
S21400F00085FC954B03F80800C2E60020934B8F4A18
S21400F0108F49FFF781FD1620B1E7132E28BF132670
S21400F020BEE7204622F01FFE00287FF4B3AE812103
S21400F0302FE6204622F046FEF6E70A2F06EB0908E2
S21400F040A5EB090A22D1DFF818B29BF80030EBB125
S21400F050E37BDBB9BAF1080F18D12A464946304699
S21400F06022F069FE90B998F802307BB998F8032030
S21400F070E22A0BD12A4609F104013046059322F014
S21400F08057FE22F018FF059B8BF800301FFA8AF215
S21400F090414638461FF068FC00287FF47BAE00210E
S21400F0A0F7E5A5EB090292B206EB0901384622F015
S21400F0B01EFEF1E7A5EB090292B206EB09013846FF
S21400F0C022F0D3FDE8E7A5EB090292B206EB0901B0
S21400F0D0384622F0F9FDDFE7A5EB090292B206EB0F
S21400F0E0090138461FF042FCD6E716F80950236897
S21400F0F009F10109587916F80960238A0193059BDE
S21400F10000932A463946334622F03DFB32462946CE
S21400F110384622F0ACFD3DE609F1010216F809106A
S21400F120AB1AABF1160568426841003900909BB2F5
S21400F130324418BF0121384622F09BFDACE716F892
S21400F1400950B144BBF1110F99F801603BD1122070
S21400F150FFF71AFC4FF00008E37BB3B1B4F8109049
S21400F1604FF6FF73994510D12B463A462146404646
S21400F170FEF7EEFF484508D0BAF1000F05D0208212
S21400F1808AF80000000A8AF80100DFF8C890DFF865
S21400F190C8B0B9F800A0CDF80490CAF1510292B2F6
S21400F1A00AF1010300925B44CDE902563A46214635
S21400F1B04046FFF70BF8B9F800300BF80A000133A9
S21400F1C0A9F80030E4E51420FFF7DEFB4FF0010855
S21400F1D0C2E709F101039D4234D316F809801E44A4
S21400F1E0B8F10008A5EB030318BF4FF001089DB265
S21400F1F02B46324641460020FFF7F8FC0095218A50
S21400F20033464246384622F038FD45E709F1010309
S21400F2109D4217D316F80980ED1AB8F1000818BFFA
S21400F2204FF001081E44ADB22B463246414601203F
S21400F230FFF7DCFC0095218A33464246384622F02A
S21400F2401AFD29E70020A6E5A3C603003C3104000A
S21400F25046310400523F0020044C00205531040083
S21400F260564C002038B54FF6FB750446A9429DF86B
S21400F2701000626098BF43F400430121217023818F
S21400F280A0720A4A0A4902230020FFF745FCE07AEA
S21400F290084B40F6CA0203EB4010FF2121F0A3F80A
S21400F2A0BDE83840042022F0D2BC00BF5A3104002A
S21400F2B065310400102B002030B5054685B028B90E
S21400F2C01D4905B0BDE83040FFF726BC0024007B92
S21400F2D022F052FD194A1A492C702046FFF71CFCF2
S21400F2E0184BE87AFF2103EB401021F08DF8164BFF
S21400F2F0204602019A5C22B901300428F9D122F096
S21400F300ECFC696899B1B5F908302A899B1303F0BB
S21400F31002038DF80430C2F30E03ADF806304FF644
S21400F320FF73ADF808300023039301A8884705B0A3
S21400F330BDE8304022F026BD903104005A3104006A
S21400F340C2310400102B0020D02A00200948037880
S21400F35073B9094A1946D3720133042B117311701D
S21400F36051601181917202F11002F4D101230370F1
S21400F370704700BF574C0020D02A002008B5FFF782
S21400F380E5FF064900231A0101EB03108A5C1AB157
S21400F3900133042BF7D1002008BD00BFD02A00207F
S21400F3A070B506460D46FFF7D1FF0A48002300EB6E
S21400F3B00514A17AB14205D1217819B12B4400EB8E
S21400F3C0031070BD0133042B04F11004F1D10020AA
S21400F3D0F7E700BFD02A002010B50446FFF7B6FFB7
S21400F3E00E4B9C4212D003F12002944210D003F13F
S21400F3F0400294420ED060339C420DD1032308484D
S21400F40000EB0310BDE81040FFF756BF0023F6E7F9
S21400F4100123F4E70223F2E70020F3E7102B002095
S21400F420D02A002070B5074D074E002428463246E5
S21400F43000210134FAF778FA042C05F12005F5D1FD
S21400F44070BD00BF102B0020D9F300002DE9F3415A
S21400F45005460C4617469846FFF790FF064640B905
S21400F4601C4A1D49FFF758FB7024204602B0BDE831
S21400F470F0814FF6FB739D420AD94FF6FD739D420D
S21400F48004D0144A15490020FFF746FB4FF6FD75D9
S21400F490434621463A46284622F0E3FC044600F05E
S21400F4A057FE804634B10B4A0D4923460020FFF72D
S21400F4B033FBDAE73B462046064A0A49FFF72CFBB1
S21400F4C0089ACDF80080062329463046FFF7CAFE84
S21400F4D0CBE700BF5A310400CF310400F9310400F5
S21400F4E02E32040055320400F7B506460C46174681
S21400F4F0FFF744FF054638B9104A1149FFF70CFBE1
S21400F5007024204603B0F0BD21464FF48A523046A0
S21400F51022F040FE044600F01BFE34B1074A0949BB
S21400F52023460020FFF7F8FAEBE7009004233A465C
S21400F53031462846FFF796FEE3E700BF5A3104003F
S21400F540CF3104007C320400F7B506460F46FFF7BD
S21400F55015FF054638B9104A1049FFF7DDFA702442
S21400F560204603B0F0BD002240231146304627F067
S21400F570D4F8044617F002FE34B1074A0849234679
S21400F5800020FFF7C9FAEBE7009001233A46314620
S21400F5902846FFF767FEE3E75A310400CF31040040
S21400F5A0AD32040073B504460E46FFF7E7FE054687
S21400F5B038B9104A1049FFF7AFFA7024204602B057
S21400F5C070BD00222046114627F0AFF8044617F01B
S21400F5D0D5FD34B1074A094923460020FFF79CFAB7
S21400F5E0ECE70090234632464FF6FC712846FFF7BC
S21400F5F039FEE3E75A310400CF310400D932040063
S21400F6002DE9F043884610789FB0002114461D4629
S21400F610FFF7C6FE0646002800F001810778002F97
S21400F6207ED0B8F80010002940F0F9800389B8F8B9
S21400F630022043F40040824240F0F18061780029C5
S21400F6406ED1A2F50042062A00F2E980DFE812F049
S21400F650A400A400E700E7000700BB006C00E388F6
S21400F660E17AADF824302389ADF8263063798DF839
S21400F67028308B1D0D3D14F813208DF8141015F04E
S21400F68001058DF81C2046D10BA8069004F10C0C41
S21400F69080465FFA85FE8E450CF1020C09D21CF8F6
S21400F6A0019C1CF802EC0EEB092E28F802EB013543
S21400F6B0EFE75B00013300EB41000A4403F0FF0371
S21400F6C00890D2B28A420FD01EA800EB4105E0187F
S21400F6D0013190F801C0E05C023300EB0C2025F805
S21400F6E04C0CC9B2DBB2EDE7B6F908203389002A24
S21400F6F0B4BF03220122C3F30E038DF80820ADF831
S21400F7000A306288ADF80C2005AB049302A9304697
S21400F71022F092FB04E0434A43490020FFF7FCF93D
S21400F72038461FB0BDE8F083042D02D83D4A3F4955
S21400F730F3E72379B4F80280053DADB29D4202D0CE
S21400F740384A3B49E9E73B4A3B4B3C49CDF8008009
S21400F750002D18BF13460020324AFFF7DDF90534A6
S21400F7608DF81450B6F90830069485B1002BACBF5E
S21400F770012303238DF82C303389ADF83080C3F392
S21400F7800E03ADF82E3005AB0D930BA9BFE7002B8B
S21400F790ACBF06230523EDE70B2DC7D9D4F802002E
S21400F7A0D4F8061005AA03C213F4004F14BF0322B0
S21400F7B004228DF82C20C3F30E036289ADF83020A6
S21400F7C0ADF82E30DFE7042DB0D96388ADF83030C1
S21400F7D023790533DBB29D4206D0124A18490095BC
S21400F7E00020FFF799F99BE70E4A16490020FFF71D
S21400F7F093F93389B6F90820C3F30E03ADF82E301B
S21400F80005AB002A0D9304F10503B4BF03220122C1
S21400F810069323798DF82C208DF81430B5E7002751
S21400F8207EE700BF5A310400043304002C33040082
S21400F83040330400A3C60300BBFD03006733040087
S21400F84083330400C4330400334BB0FBF3F2F0B54B
S21400F85003FB12004FF46165B0FBF5F3DCB205FB69
S21400F86013033C25B3FBF5F3DBB24B71A0EB04109E
S21400F870C3EB0313A0EB83004FF4FA630B8040F254
S21400F88001134B80254E887101230C7100201F4602
S21400F8906425904229D091F802C043B1BCF1020F12
S21400F8A005D14FF01D0E06E04FF0010C002306EBCD
S21400F8B00C0414F801ECCC78744513BF01340CF139
S21400F8C0010C0124E4B208BF81F802C0CC708C7829
S21400F8D00D2C00F10100DCD10B888F7001339BB238
S21400F8E09C070B8002D08242DED1F0BDB3FBF5F45C
S21400F8F005FB1434A4B224B18242F6D001239C4600
S21400F900D5E74FF4C874B3FBF4FC04FB1C339BB27E
S21400F910B3FA83F35B09BCE780510100FF330400B0
S21400F92010B588B006A90446FFF78EFF9DF81E3076
S21400F93003939DF81D3002939DF81C3001930748F1
S21400F940BDF81830009304949DF81B309DF81A20DB
S21400F95003490088FFF7E0F808B010BD623F0020BA
S21400F960DD33040008B50268154B118819805188EC
S21400F970598051791971117959714FF48A51D9808A
S21400F980D28812F0200F0CBF0A464FF48B52DA8052
S21400F99081690C4A137831B90B49C088088023F076
S21400F9A00203137008BD43F002031370074B1522C1
S21400F9B00131184627F0EBFE002200F8012CF1E793
S21400F9C0563F0020604C0020543F0020653F00203A
S21400F9D010B5184C2368587921F08EFE012822D8DD
S21400F9E0154B03EB0010237F027B9A421BD1236842
S21400F9F0428819888A4205D04FF6FF70814212D19C
S21400FA00120410D42279023A012A06D9A37B63B9DC
S21400FA10BDE810400748FFF715B91989587922F054
S21400FA2069F90028F2D1002010BDBDE81040014859
S21400FA30FFF7A0B8942B0020A02A002008B521F0DC
S21400FA405BFE012896BF024B0020185C08BD00BF75
S21400FA50654C002008B5002022F08EF9FF2021F02A
S21400FA6084FE22F08FF9FEF79FF801210246064831
S21400FA7027F0A7FE054B064A06485221FEF7C8FEA9
S21400FA80BDE80840FEF71ABB654C0020563F002034
S21400FA90523F0020044C0020F0B50D4F04460022D3
S21400FAA04FF6FF7590B2034637F83060AE4201D18C
S21400FAB02846F0BDA64209D1B4F57C4FF9D307EB32
S21400FAC0C3035B888B42F4D00029F2D00132E9E709
S21400FAD01435040010B50446FFF7DEFF094A034656
S21400FAE010884FF6FF72934217BF074A0749084926
S21400FAF002EBC3030CBF22465A68BDE81040FFF76E
S21400FB0025B800BF623F0020143504000B34040003
S21400FB10082B0400024B186800B1008A704700BF2B
S21400FB20902B0020034B18780130C0B2187000F0FC
S21400FB307F007047E9150020044A137818B143F097
S21400FB4001031370704703F0FE03FAE7604C0020D1
S21400FB50014B1870704700BF634C002038B1074B4C
S21400FB601B78012B04D1038843F0400303807047C1
S21400FB70022BFCD1038823F04003F7E7634C0020F8
S21400FB8068B1074A1378012B07D1064B1B78137010
S21400FB90037843F01003037001E0022BF8D070479F
S21400FBA0624C0020614C002073B5244E3378D90790
S21400FBB0024640D42249096881B10868C1888D068A
S21400FBC041BF204CE18841F02001E180C1884C060D
S21400FBD041BF1C48C18841F04001C1801A4D1B49F5
S21400FBE02878097840074CBFE9706970184913F007
S21400FBF00204098809D0144A1648FAF74FFE3378EB
S21400FC0023F00203337002B070BD134B18884FF612
S21400FC10FB73984208D8CDE900520B46094A0146C4
S21400FC20204621F03FFAEEE70092074B0A460549C8
S21400FC3021F01FFAE7E70020E5E700BF604C002050
S21400FC40902B0020563F0020044C0020EA15002090
S21400FC50523F0020643F0020543F002070B50379D7
S21400FC60012B04460D46164631D883681B78DB0602
S21400FC7000D561B3A37B13B9E37C0B2B27D0154BC0
S21400FC8000221A80637DB3FA83F35B09D800E37B16
S21400FC90ABB9FEF779FEA07CFEF776FE0B20FEF7EA
S21400FCA073FEE07CFEF770FE2846FEF76DFE2046EB
S21400FCB0FFF758FE3046BDE87040FFF775BF40F0CE
S21400FCC00400FEF761FE208A22F017F8E3E7002022
S21400FCD070BD00BF523F0020024B0A46014618681E
S21400FCE0FFF7BCBF902B0020F0B4054618460F4B1C
S21400FCF00F4E1B78012B0C46BDF8101001D037783C
S21400FD0027B1002333700020F0BC70470CB9002ADE
S21400FD10F9D143B14FF65743994204D02B462246B9
S21400FD20F0BC21F09EBF0120EEE700BFEB150020DF
S21400FD30644C00202DE9F04F664E674C844696468C
S21400FD4098460F460FCE25460FC596E80F0085B09D
S21400FD5085E80F00DDF83C90BDF838300093CDE91B
S21400FD600194434672463946604600F0DBF8DFF8F9
S21400FD709081064670B90025FEF7E8FD16220021A0
S21400FD80564827F01EFD00232846C8F8003005B068
S21400FD90BDE8F08F524BA27C1A70524BC8F8004058
S21400FDA01B78002B36D022F088F84F4902460020F8
S21400FDB0FEF7CCFE22684D49537952880092002007
S21400FDC0A289FEF7C3FE002022F008F820B12368BF
S21400FDD0218A5888FFF77EFEE37B23B1228A4449B6
S21400FDE00020FEF7B3FEA36842491A78E37C00932E
S21400FDF0A37C0020FEF7AAFE207DA289A168121A25
S21400FE0001440123002092B2FEF7F4FD3A49002097
S21400FE10FEF782FE3048FFF7A5FD2F481EF09DFD39
S21400FE20054630BBB9F1000F25D12168E0880B8864
S21400FE300190BA1E49880091032A8CBF0022012235
S21400FE40E07C0121FFF750FF38B923685B79FF2B70
S21400FE503AD0FFF7BDFD05468EE72368DB889A0695
S21400FE60F3D4264C1C480121217022F051F884F866
S21400FE700090354680E7B9F814309B07E5D47AE75A
S21400FE805846FEF727F882465846FDF793FE88B197
S21400FE902368228A5988504621F031FC50B13846F2
S21400FEA0FFF760FD236889F804A083F805A0FFF734
S21400FEB08FFD00B9284601360546FDF775FE5FFA48
S21400FEC086FB5845DCD857E7034FDFF83890002606
S21400FED0F3E700BF84340400942B0020643F002026
S21400FEE0EA150020E8150020233404002B34040013
S21400FEF04934040054340400B6D60300644C002091
S21400FF00902B0020563F0020054A0023D15C8142FA
S21400FF1002D31A44507870470233DBB2F6E700BFCC
S21400FF207234040073B51546089C2E7816F0040F3C
S21400FF300CBF032605269E421A4608D9224A2349A4
S21400FF4000960020FEF7E8FD002002B070BDBDF868
S21400FF50183021712060E380A560A2812B7803F021
S21400FF600103A3732B7803F00403002B14BF0121B5
S21400FF700021E1732978C1F3C00161754FF00101DA
S21400FF80217518D0284621F0D6FE237D2082023324
S21400FF902375227D531CDBB22375A95CA174023243
S21400FFA0D2B22275EB5CE374A3899A4205D900921B
S21400FFB00749054AC5E72382EBE7079BA3610023B1
S21400FFC023770120C1E700BF4FFE03006C35040015
S21400FFD0883504002DE9F341244E254FDFF8B08024
S21400FFE00024E0B20BF07EF9FF2805460ED1214A28
S21400FFF0234601210220F9F783FF307801341FF0F1
S214010000E2FF152CEDD102B0BDE8F081020657F8EB
S214010010243010D5184A00920121184A0220F9F717
S2140100206FFF84B9EB074CBF154A164A012102201F
S214010030F9F766FFE1E7114ACDF8008001210220B9
S214010040F9F75EFFD9E7032CECD00A2CD5D10E4B7D
S2140100500E4A15F0010F18BF1A4601210220F9F7C2
S2140100604FFF30781FF0AFFF0B24BAE7EC150020E6
S214010070F8360400B9350400A3C60300E1350400D0
S214010080F63504000C360400A4350400AE35040031
S214010090BBFD0300034B1870034B1970034B002282
S2140100A01A707047684C0020694C0020674C00208D
S2140100B02DE9F74FDFF89080224F98F800303C7812
S2140100C005460E46002B3AD04FF6FB73984236D8BB
S2140100D0DFF878A04FF0000B98F800309AF800008F
S2140100E05FFA8BF94B450ED948446946C0B216F003
S2140100F04FF808223146684627F039FB0BF1010B11
S2140101000028E9D14C463B78A34208D198F8002054
S214010110631CDBB29A423B7004BF00233B709AF823
S21401012000301C44E4B23146204616F025F930B9B9
S2140101302946204603B0BDE8F04F16F015B803B0C7
S214010140BDE8F08F674C0020694C0020684C002009
S214010150024B187800F07F00704700BF6A4C002001
S214010160034B18780130C0B2187000F07F0070475A
S2140101706A4C002030B585B00024ADF80A20021D77
S21401018092B2012A1D46ADF80840ADF80610ADF84A
S214010190044003D94FF6FF72904207D1064A2B4618
S2140101A0127801A926F010F805B030BD014601AA63
S2140101B0204612F01BFEF7E7ED15002000487047B9
S2140101C0DC420020014B1878704700BF061600205D
S2140101D0014B1888704700BF90150020014B187816
S2140101E0704700BFFF150020014B1878704700BF0D
S2140101F0F6150020014B1878704700BFF91500204E
S21401020008B5084B00221A605A60F5F7ADFE064B9A
S2140102101870F5F7A9FE054B1870054B1A78054BB3
S2140102201A7008BD823B0020B64C0020B54C002059
S214010230F7150020B44C002000B5002193B0084605
S2140102406A4609F0C9FD0146C8B90E4B0E4A099324
S2140102500E4B0A930D920E4B0E4A0B930E920E4BBB
S2140102600E4A0C93CDE90F230D4B11936A460AF003
S21401027093F8003818BF012013B05DF804FB012085
S214010280FAE700BF5350030005FA0100DF510300EF
S214010290530703004DC3010061520300DD10020045
S2140102A06DF40100074B1878112803D8064B03415B
S2140102B0DA0704D5A0F1430358425841704701209C
S2140102C0704700BFB84C0020CBFFFDFF08B5064BBA
S2140102D01B78013B022B05D80020FFF7E3FF01380E
S2140102E0C0B208BDFF20FCE7B94C00202DE9F74F4E
S2140102F0414B0193414B424A1B78DFF84491DFF8AA
S2140103004481DFF844E1DFF844C13E4F3E4E3F4DA5
S2140103103F49404802EB431A019B524503F1200333
S21401032009F1200908F120080EF1200E0CF1200C2D
S21401033007F1200706F1200605F1200501930FD1EC
S214010340354B334D1C78354E354B324F0022114616
S214010350D0B2844203F1200346D803B0BDE8F08F43
S214010360304B314C5360002349E907432F4CDFF8EB
S214010370E0B0116048E907432D4C13614EE907438D
S2140103802C4C49F8201C4CE907432B4C48F8201C00
S21401039047E90743294C4EF8201CC2E9023049E9D7
S2140103A0050348E905034EE905034CE9050347E95A
S2140103B005034CF8201C47F8201C46F8201C46E98B
S2140103C00743019C45F8201C45E907B3DFF884B0D4
S2140103D044F8201C46E9050345E9050344E907B34B
S2140103E044E90503203297E743E9085643E906172F
S2140103F043F8101C0132ABE71C3600200C16002017
S2140104003C3700207C3600205C3600203C3600203D
S214010410D83B0020A3C6030004160020BD400200FE
S214010420BC36002021EC01004755030015000200F0
S214010430BD8B0200D7660300C122020077240300A9
S2140104401C370020FC360020DC3600209C360020BD
S21401045005B40200A1E80100044B00F1100250F8B7
S214010460041B43F8041B9042F9D17047BA4C002094
S214010470044B03F1100253F8041B40F8041B93428B
S214010480F9D17047BA4C0020014B93F95A007047D6
S214010490183B0020F0B5071D0546002293B00C4618
S2140104A03846082124F048FD6A7B0646D0070BD55E
S2140104B0687808A922F0C6FCDDF83D306B60DDF8EF
S2140104C041307B6080B101E0910702D42D2013B04A
S2140104D0F0BDD20002F080020121384622F0BDFCB8
S2140104E0FF286870F2D0E6B1192319466A7801A888
S2140104F01FF07CFD9DF81C305B0604D50B484FF4BD
S214010500C071F5F7D7FB234603AD07AC2A4603CAED
S214010510A24218605960154603F10803F6D100207F
S214010520D5E708A922F08EFCCCE700BF63370400AC
S2140105302DE9F04307468BB01D4888461646FFF75F
S21401054097FF0025002D01AB194A0CBF36205C2011
S2140105500024994612F8011B0134E4B24140102CE4
S21401056003F8011BF6D105A825F029FB4A462146CA
S21401057005A825F028FBBDB941463A4605A825F051
S21401058089FB05AC32460DF1240C234603CB6345AB
S214010590106051601C4602F10802F6D115B10BB08D
S2140105A0BDE8F0830125CDE732462146E6E700BFE8
S2140105B0EA4C00202DE9F04F99B0DFF8E880DDF82D
S2140105C090909DF88CB09DF8886088F800B017462A
S2140105D082460C461D462022304B0F93002110A860
S2140105E027F0EFF84F4504D02A463946484627F00B
S2140105F0CEF84FEA0B4303F47C1343F0A86343F4AD
S21401060080737819711B09EB050C6CB30DAACDE943
S2140106100AB209EB060209920EAACDE907120D22CB
S214010620CDE9051CCDE90350CDE900A21C4902978E
S21401063010220FA8F3F75EFC07460FA822F023FC52
S21401064017F1950F24D02FBB0E9B761BF6B29E4258
S21401065020D10CB398F800000D9B984214BF2120BE
S214010660002019B0BDE8F08F0EAACDE90912BA191B
S214010670CDE905120D22CDE90350CDE900A2CDE961
S21401068007BC0749029710220FA8F3F7F5FCD3E73A
S2140106902C20E6E72120E4E72046E2E7002480005C
S2140106A0EA4C00200D160020F0B51B4B93B0002637
S2140106B007460C461546314620220AA8CDE90863AE
S2140106C027F07FF808AB1022DFB1CDE90523CDE98D
S2140106D00325CDE90164114B1149009609A8F3F7EA
S2140106E059FE044609A822F0CEFB14B9089B102B2C
S2140106F004D00C4840F23E21F5F7DCFA002013B096
S214010700F0BDCDE90323CDE90125044B044900944E
S21401071009A8F3F7C1FEE4E7002480000044400482
S214010720EA4C00206337040030B5054689B06946B7
S21401073022F085F96B8804ACABB12246294668469F
S21401074022F0F4F80E4A08AD234603CBAB42106004
S21401075051601C4602F10802F6D10948FFF77CFEFB
S214010760002009B030BD064D6B461A4603CAA242A8
S21401077028606960134605F10805F6D1EDE700BF6C
S214010780EA4C002050B10B4B0B4A03F1100153F811
S214010790040B42F8040B8B42F9D17047064B054A0D
S2140107A003F1100153F8040B42F8040B8B42F9D104
S2140107B0704700BFEA4C0020CA4C002008B5102242
S2140107C0024826F0E4FF002008BD00BFDA4C0020F6
S2140107D008B508461022024926F0D9FF002008BDB8
S2140107E0DA4C0020F0B587B0054603A80C4614F095
S2140107F0F5FA0146002847D1BDF80C30980643D5D6
S2140108001022204626F0DDFF01A813F099FAB8B1B0
S2140108106E7B16F0020F05F1040706D0082201A927
S214010820384626F0A4FF00282CD101AB03CB46F0B6
S2140108300206686079606E73238843F0080323809C
S214010840238843F00203238012F066FE606024F0E2
S214010850C5FB30B10D4B1B68A360238843F004032E
S21401086023800B4B1A68D1035EBF238843F0100325
S2140108702380130242BF238843F4006323800020B1
S21401088007B0F0BD2D20FBE72420F9E76C370020E8
S214010890703700202DE9F04F91B09B460B1E0A934E
S2140108A0AC4B1A9E904614BF8146994600249BF88D
S2140108B0000060B944450A992CBF08F1FF32224670
S2140108C043460020C847204611B0BDE8F08F2528D2
S2140108D00BF1010B06D022460A99651C4346C84710
S2140108E02C46E4E700230DE02D2A2AD0302A06D034
S2140108F0303A092A4FF0000711D80A2532E043F0B2
S21401090001038B46594611F8012B2B2A1CD0EBD834
S214010910202A1CD0232A1DD02A2A2BD000279BF858
S21401092000202E2A64D19BF80110A1F1300009287D
S2140109300BF1010243F4806351D800254FF00A0CF5
S21401094026E043F00203DCE743F00403D9E743F073
S2140109500803D6E743F01003D3E705FB0722A2F10D
S21401096030078B46594611F8012BA2F130000928B1
S214010970F3D9D4E756F8047B002FBCBF43F002033B
S2140109807F428B46CBE70CFB0511A1F130050246F1
S214010990104610F8011BA1F1300EBEF1090FF2D975
S2140109A0114611F8010B6C282CD024D8682830D0B9
S2140109B06A2837D011468B461BF8010B672875D875
S2140109C057284BD8452807D085D9462800F03181CD
S2140109D0472880D143F4006343F0200341E12A29EC
S2140109E007D156F8045B0BF1020225EAE575D7E755
S2140109F05A460025D4E7742801D07A28DAD143F480
S214010A008073D8E750786C28F9D143F44073911C71
S214010A10D1E75078682802D043F08003CBE743F053
S214010A20C003F4E743F40073C5E70A2A00F06681C1
S214010A30072A7FF450AF43F0210305930823CDE93D
S214010A4003531023CDE9011356F8043B00930A998A
S214010A5043462246484622F003FBFCE0A0F158023A
S214010A600F2A3FF638AF01A151F822F0DD0A010046
S214010A70D7080100D7080100D7080100D7080100F0
S214010A80D7080100D7080100D7080100D7080100E0
S214010A90D7080100DD0A0100850C0100DD0A01000E
S214010AA05B0C0100370C01005B0C0100A0F1690230
S214010AB0D2B20F2A3FF60FAF0121914049F2410C05
S214010AC011EA0C01B1D0782803F4806122D1002903
S214010AD000F0908023F00D02102307E0622803F453
S214010AE0806220D142BB23F00C02022312F4007173
S214010AF000F08380CDE907720022CDE9043206F1C9
S214010B00070A2AF0070A06950292FAE80223CDE9B7
S214010B1000233DE06F2812D123F00C0209B123F027
S214010B200D020823E2E7582816D1002A39D123F00E
S214010B300C0242F02002CFE723F00D02D5E7692828
S214010B4023F0100230D023F01C0209B123F01D025D
S214010B500A23CBE79F2E030042BB23F01002930526
S214010B6027D5073626F00706B24671685AF8083BBD
S214010B700695CDE907720A26CA0F00270029CDE996
S214010B800467029202DA5B4261EB4101CDE9003172
S214010B900A9943462246484622F0A5FA0446564696
S214010BA085E623F00D02C4E70029D8D023F0110210
S214010BB0D5E7D00506F1040A01D5336802E05106EF
S214010BC013D533780395CDE904720A220292002BDD
S214010BD04FEAD3720192B8BF5B4200930A9943462B
S214010BE02246484622F03CFAD8E71306E5D5B6F980
S214010BF00030E7E723F00C026EE7D00506F1040AA1
S214010C0006D5CDE90472CDE9023501913368E4E7F2
S214010C10510608D53178CDE902350023CDE90472B5
S214010C20CDE90013DAE7316812F0800F18BF89B2F8
S214010C30F1E743F02003CDE90373073626F00706F4
S214010C400295F6E802230A99CDE900234846434671
S214010C502246EFF725FC044629E6672801D143F42E
S214010C600063CDE90373073626F007060295F6E81A
S214010C7002230A99CDE90023484643462246EFF768
S214010C804BFAE8E713F0020523D04FF0010A631C84
S214010C900B930A9916F8040B43462246C8475DB3E0
S214010CA00B9A54461EE00A9943462020C8470AEB91
S214010CB004020AF1010A5745F5D8002F07F1FF3360
S214010CC008BF002307F1010A1C4408BF4FF0020ABF
S214010CD0DDE7AA46EBE7551C0A9943462020C8479C
S214010CE001342A46BC42F6D30B9AA7EB0A035745B2
S214010CF038BF00231A440B920B9CD8E53246002DD0
S214010D0052F8046B0B9214BF29464FF0FF31314461
S214010D103246107808B18A4211D1A2EB060A13F4C2
S214010D2080620C9202D0AA4528BFAA4613F002039D
S214010D300D931BD1AAEB040322460F9308E0013260
S214010D40E7E7531C0E930A9943462020C8470E9A9C
S214010D500F9BD3189F42F4D8A7EB0A03574538BF19
S214010D6000230AF101021C4403EB020AA31B0E93A3
S214010D7004E01D460A9943462246C8470E9BF418CE
S214010D8016F8010B28B10C9B002BF3D06B1E002D1F
S214010D90EFD10D9B93B12246AAEB040505E0561C44
S214010DA00A9943462020C847324653199F42F6D82F
S214010DB0A7EB0A03574538BF00231C440B9E76E574
S214010DC00FB41FB506AA02A952F8043B039200927B
S214010DD004484FF0FF32FFF75DFD05B05DF804EB08
S214010DE004B07047853103001FB5034600914FF0EC
S214010DF0FF3203A90248FFF74DFD05B05DF804FB7D
S214010E00853103001FB5CDE90201009302A91346FF
S214010E1003484FF0FF32FFF73DFD05B05DF804FBD8
S214010E208D3103002DE9F04F14469B46C36B87B006
S214010E3005465B6960680E46012202A99847EB6B7E
S214010E4001225B6903A93046984702A822F065FD96
S214010E50074648B10023A37563754FF0FF33A360BF
S214010E60002007B0BDE8F08F03A822F063FD012340
S214010E70A375237E04EBC303DE611F846368B3425C
S214010E800ED1206003A822F077FD4FF0FF332075C6
S214010E90A360237D043B022B25D80023A375DFE73F
S214010EA023681A1A53425341A37503A822F064FD1E
S214010EB0237D834218BFA77503A822F03FFD07468E
S214010EC002A822F03BFD87421CBF0023A37503A89E
S214010ED022F03CFD074602A822F038FD87421CBFDF
S214010EE00023A375D5E703A822F028FD80B1EB6B9C
S214010EF002225B6904A93046984704A822F02DFD1A
S214010F000346207D032839D8DFE800F03838040985
S214010F1003A8F3E7237E04EBC303CC221A8401F073
S214010F2037FC109B1870277E03A822F0FBFC04EB0D
S214010F30C70787F82200237E04EBC30303A8B3F890
S214010F40209093F8227022F0F9FC804603A822F044
S214010F50FDFC8246B8F1000F15D0EB6B02225B69EF
S214010F6004A93046984704A822F0BCFC6075637D4E
S214010F706BB90023A3754FF0000838E0227E04EB1E
S214010F80C2021384CBE703A822F097FCEEE794F89D
S214010F901680B8F1000FEED0B9F1000F09D1DFB11C
S214010FA00123E375637E002B4FD1012F42D1677673
S214010FB014E06B6C06EB0A02594286EA020008420C
S214010FC01CBF0021A175591E0A409B1A9945D0D80D
S214010FD0A37D002BE3D1CEE7E37D43B94FF00008B4
S214010FE04B4652463146284622F01AFAA060A27DA8
S214010FF012B123694B4423611949237E097899422A
S2140110002AD901332376BBF1000F27D032B3E37D13
S21401101023B3B8F1000F21D1032F1FD0A1684B1CB9
S2140110201CD0109B0093224601232846FFF7FAFEA8
S214011030A07513E095F8343063B9EB6A0133CFD16C
S214011040032FCDD10123A376C8E7012FCFD0032FDD
S214011050C4D1F7E79846C3E70023A375A07D00E750
S2140110600CE003002DE9F04F8BB00E46044698467F
S2140110704FF0FF310023104617468DF8133001F06C
S21401108071FBB6F5801F3BD3B21C53D1E56A6B1CCE
S21401109057D1616A204622F009F90546B31C18BFEC
S2140110A00123DFF814910193636A626C029323684B
S2140110B002FB053AE36B05A95B6905225046984792
S2140110C005A822F0E3FC22F006FD504622F00EFDB4
S2140110D04FF0000B824601464B1C05D0636C81EA3B
S2140110E00A025B42134232D02946204622F0DEF83D
S2140110F0029BAB424DD0BBF1000F4DD10546D3E765
S214011100314605AA04F1080022F0BCFB0146481C42
S21401111010D0384601F026FB0DF1130301223946A3
S214011120204622F0F8F928B19DF8133088F80030EF
S214011130002003E0237C002BA8D11D480BB0BDE89E
S214011140F08F2368ED1A636CB5FBF3F5A6E7484606
S21401115001F008FB0DF11303019A4946204622F0DF
S214011160DAF9034690B1B21C03D0D9F80020B24296
S2140111700CD103930F4B9DF8132088F800204946A5
S2140111801A68384626F0CBFA039B9B46D9F8081016
S214011190A2E7BBF1000FD0D0B6F5801FC8D298F8F1
S2140111A000307A68314604F1080001F01FFABFE703
S2140111B00BE000F008E00300F82600202DE9F341DB
S2140111C00E461B4D816A044617469846E36A8B42D3
S2140111D02AD04B1C18E0284601F0C4FA0DF107038B
S2140111E001222946204622F096F930B19DF80720C3
S2140111F0434629462046B847B0B1A9684A1C05D0DF
S214011200012E0AD0E36A9942E5D10DE069682046CD
S21401121022F0D9F8012E0146D8D16B6881EA030283
S214011220636C5B421A42D1D002B0BDE8F08100BFC8
S214011230CC2600202DE9F041036B07689046826BAF
S2140112409A4288BF8363426C436A02FB0377C36B8F
S21401125090B05B690E46052201A9044638469847B8
S21401126001A822F013FC01280146307057D0656CA6
S214011270E26B2368606AD2F814C005FB00300522D1
S21401128006A9E04706A822F001FC01284FF0000558
S21401129023D0D4E90A3201219342CDE90B458DF8DA
S2140112A034800E958DF83C102AD11946204622F03E
S2140112B08AF8236B626CE06214339B1A23630C9BDF
S2140112C053B99DF83C303BB1626A616C2368E06BB0
S2140112D001FB023122F092FB0C9DE36B05225B6958
S2140112E001A93846984701A822F0D0FB3070236B3D
S2140112F0A26B28469A4288BFA36310B0BDE8F0816E
S214011300237C33B91C490BAA04F1080001F0BEF98D
S214011310D5E71A4A0BAB2046FFF750FFCFE7237CF1
S21401132023BB1749224604F1080001F0AFF9616AB0
S214011330204621F0DCFF616A421C204621F0A5FF11
S214011340054620B9236B626C1344143B2363A16AE0
S214011350204622F038F82368A062C01A636CB0FBFE
S214011360F3F06062204622F071F8B6E7054A0023E2
S2140113702046FFF723FFDAE7351D0100B11C010007
S2140113809F3503003B35030073B50D46D11E4A4217
S2140113901C461B7E4A419A4226D1296823689942F7
S2140113A022D3636899421FD8114E0DF107033246C6
S2140113B0FFF758FEC0B972686B689A4214D19DF85F
S2140113C00730DA1E53425341227E93420CD16369A1
S2140113D001336361D4E90323934205D2A2682968E5
S2140113E042F8231001332361012002B070BD00BF13
S2140113F0242700202DE9F04F8BB0DFF858B19A462C
S2140114009DF850300293DBF81030534580460D4668
S2140114101646C0F09980DBF804300193D146B9F145
S214011420000F00F08D80D8F83C3001985B690122EE
S21401143007A9984707A822F07DFADBF80030984202
S21401144040F0858007A822F081FA0428074614D1C7
S21401145007A822F082FA019B029A04463B44002A1E
S2140114603FD1864212D9361A14460199404621F0D8
S214011470AAFFA9EB04090190D1E7D8F83C300198FE
S2140114805B69022208A9984708A8E2E7841B54452D
S21401149028BF5446032C03EB0607AAEB040A4FEABF
S2140114A094021CD9D8F83C3029465B6938469847DF
S2140114B024F0030304F003061F441D44002ED4D079
S2140114C0D8F83C3001225B6908A93846984732466D
S2140114D0284608A9354426F022F90026C5E72646FF
S2140114E0ECE700F00302039203442A18074604922D
S2140114F00593049BDD1B059BD81B039B9F420FD1C5
S214011500002FB2D0D8F83C30012208A95B69984771
S2140115103A4608A9284626F02AF978B93D44A4E7B0
S214011520D8F83C30012208A95B699847042208A92B
S214011530284626F01CF908B9043FDAE7DFF81890C8
S21401154048460BB0BDE8F08FDFF81090F8E7DFF8FB
S2140115501090F5E75027002012E000F011E000F0AF
S21401156022E000F02DE9F0410F4688B01646984675
S214011570044660B390F83450FDB1012121F05BFEC2
S2140115800E9BCDF80480CDE902379DF83C308DF8EE
S2140115901C30237C04960021CDE905118BB90D4939
S2140115A001AA04F1080001F071F8DDE90553E06BCA
S2140115B0002E08BF1D4622F000F8284608B0BDE8F8
S2140115C0F081054A01AB2046FFF7F8FDEDE7054639
S2140115D0F3E700BF69350300891301007FB590F872
S2140115E04260019204460DF10B030A463046124949
S2140115F021F0EBFF012EE36B054619D15B693246FC
S21401160003A998479DF80B10039B019A59B19BB209
S21401161043EA02430393E36B9B69012203A928462D
S214011620984704B070BD1B0C1B0492B21343F1E73C
S2140116309B69012201A9F3E7502700202DE9F04F0D
S21401164099B00F4609920A69416C0E931439D31D5D
S214011650B3FBF1F3013302EBC302036B934204467F
S214011660C0F00D820023DFF820940D93E36A079300
S2140116701946484601F076F8D7E9033604930E9BDF
S214011680022B4ED1CC2E40F08A81099B002B42D0F2
S2140116903946204621F0F0FF656C079A14906B1EC0
S2140116A01340ED1AE36B78685B69012216A9984727
S2140116B016A822F043F900280CBF04230823782E2D
S2140116C006933DD90123002505934FF0080A3B6890
S2140116D005990E98C9F80030C9F8106022F050F943
S2140116E04FEA9A031093DDF81CB089F81400002322
S2140116F00B930F9308930C93616C4A1E0BEA02023C
S2140117008B1A002E38D05544AB4240D8236B5B1A57
S21401171013442363ABE0049B1B68149308230693CE
S214011720D0E7656C079A6B1E1340782EA5EB030570
S21401173016D8FB7D7BB9099B002BB3D104230693F6
S214011740331DAB4210D9A6B1082DBBD80425002302
S2140117500593AA46BBE7099B002BA3D10823EEE716
S214011760099B002B9ED1D9E7002505954FF0040A69
S214011770ADE704250596F9E75345C7D30BEB0A03F6
S2140117800393B046089B002B18BF032313E0A3EB7B
S2140117900A039E42B0460BEB0A0228BF98469E42B9
S2140117A00392EFD9D9F810200123964289F8173011
S2140117B071D1C9F804B0089399F81730002B6CD092
S2140117C099F818200899D31C09EBC3030132C3F812
S2140117D004B0A3F80880997289F81820B8F1000FB0
S2140117E014D00E9B022B5BD10B9B7BB90F9B434402
S2140117F0032B0BD9E36B03989B69012214A9984725
S2140118000546002840F03D8101230B93089B019378
S214011810059B009399F814203968434616A800F0F2
S21401182057FFE36B109A9B6916A958469847051E01
S2140118300D9B18BF5B460D935246434659462046BC
S21401184021F0EEFD236BC9F8080008F10302A3EBB3
S2140118500A0322F003029B1A2363002D40F0118134
S2140118600F9BDDF80CB04344A6EB08060F935946D0
S214011870204621F0A8FD00258346002E7FF43CAFCC
S214011880814A39689368E36252680E9B04F1080046
S21401189000F0ACFEDEE002238DE7C9F804B09DE758
S2140118A0099B002B30D1049BB8F1030F43440A93E4
S2140118B027D9E36BDDE903019B694FEA9802984754
S2140118C00546002865D118F003025FD0049B28F076
S2140118D003052B440493039B1D444FF0FF330499E7
S2140118E0159315A825F01BFFE36B28469B6901227B
S2140118F015A998470A9B04930546002D86D0039B9D
S21401190099E7039D4246E8E7039B0A9307F1200304
S2140119101193FB7D78689BB13D7E0C9A0023D9B26A
S2140119208D4211D9119931F83310914203F1010C0E
S21401193026D907EBC3030699D8690A44104403E085
S2140119400C9B069A13441844E36B01225B6915A9A4
S2140119509847159B13930C9B0A9804330C93E36BDF
S21401196001229B6913A99847039B0A9A43449B1A31
S214011970042B054607D978B9134604330A93C8E7FA
S214011980521A6346CBE70A9B0393B6E70A9B049376
S2140119903CE70A9B0493B2E70A9B0393AFE73B4EEF
S2140119A004F1080303932368079A606CA2EB030A09
S2140119B0BAFBF0FA00FB0A3022F098F8E16A80469A
S2140119C0204621F000FDA26A82424AD0626CD9F814
S2140119D008302568E062511E0B40216B891A0B44C2
S2140119E023630D9B5D1BB5FBF2F5AA4536D1079B1C
S2140119F0B3EB080A12D0E36B4FEA9A029B694146A1
S214011A009847E36A079A5344E362236B9B1A43445D
S214011A1083462363039821F005FFDA462368616C49
S214011A20E06B01FB053121F0D6FF204621F00EFCCC
S214011A30204621F00BFD2063BAF1000F11D03A6960
S214011A40616CD31D1439B3FBF1F3013302EBC3020E
S214011A509042A8D2304619B0BDE8F08F4FF0000A88
S214011A60DCE73A69616CD31D1439B3FBF1F301333A
S214011A7002EBC302236B9342BFF4F8ADEAE7044ED0
S214011A80E8E72E468CE700BFF826002023E000F0AA
S214011A9006E000F02DE9F3471E4643699DF82890BD
S214011AA0B3420446884617463DD300258DF80750B5
S214011AB0204621F097FBD4F830A082450AD2236A4B
S214011AC0B5EB430F06D200220DF107012046FFF7C2
S214011AD0B1FB30B39DF80730012B05D100220DF183
S214011AE007012046FFF7A6FBB9F1030F06D03146E2
S214011AF0204621F062FB256B854218D30D4D4FF031
S214011B00FF31284600F02EFE4B460022294620468D
S214011B10C5E90376C5F8008002B0BDE8F047FFF7D7
S214011B208DBD0135C4E7044802B0BDE8F08703481F
S214011B30FAE700BF242700200FE000F006E000F0DF
S214011B402DE9F04790F8426086B0012E05460391D4
S214011B50A1EB020715D1B7F5807F28BF03264FF00A
S214011B606408DFF848A100244FF6FF7995F8423063
S214011B70012B14BF322364239C420AD35FFA88F4F4
S214011B8015E0B7F5803F34BF012602264FF0320834
S214011B90E7E705AB22465146284621F04BFD95F86E
S214011BA04230012B059B34D14B452DD1E4B295F83B
S214011BB04230012B0CBF64223222121BB24217D3D1
S214011BC0012E39D10022012B05978DF8132027D13C
S214011BD0082205A90DF1130021F0DFFE9DF8133050
S214011BE0059A42EA032221462846FFF7F7FC40B150
S214011BF002232E4900930968CC2303AA2846FFF73F
S214011C0049FF06B0BDE8F087DBB203B90234013400
S214011C10ACE7591CCAD09BB2002BF8D10134F6E7C9
S214011C20102205A90DF1130021F0B7FE9DF813301F
S214011C30059A42EA0342D6E7039A0592012B23D17D
S214011C400823202205A90DF113008DF8133021F089
S214011C50A4FE9DF81320120221462846FFF7BEFC7B
S214011C6095F84230611C012BC9B21AD10028BFD1A8
S214011C70BDF814202846FFF7B1FC0028B8D102347D
S214011C80BDF81620E1B2AFE71023202205A90DF119
S214011C9013008DF8133021F080FE9DF813201204F6
S214011CA0DAE70028A4D1059A9EE700BF5027002056
S214011CB0032A2DE9F34106460D4617461C4606D172
S214011CC0237A012B23D0012002B0BDE8F081DFF892
S214011CD0608009680DF107034246FFF7C3F96060AB
S214011CE00028EDD19DF80720237A032AE8D0D8F8FA
S214011CF004106A689142E3D1012B2969D4F80CC01B
S214011D0007D172690CEB0103934202D92074207C3F
S214011D10DAE708316144E1603B4601222946304654
S214011D20FFF78CFC60600028CAD00020CCE700BF1B
S214011D30242700202DE9F341089C032A266817462C
S214011D4006D1237A012B24D0012002B0BDE8F08110
S214011D50DFF890800DF1070342463046FFF782F91F
S214011D6060600028EDD12568D8F80400A96AD5F886
S214011D7044C0227A4840CCF100031840E1D1012A40
S214011D8009D1E268D8F8103013447269934202D937
S214011D902074207CD9E72868EB6A1B1A081AB3FB63
S214011DA0FCF3B0FBFCF083420BD1706CF36A421E6D
S214011DB01340326B121A13443363284621F003FB97
S214011DC0E862D8F81020E368064920680832134410
S214011DD0E36001223B46FFF731FC60600028B0D08B
S214011DE00020B2E7242700202DE9F04F4FF0FF3303
S214011DF04FF6FF72002500F10806C0E9092387B0F7
S214011E000446C3620562056330460F4621F00AFDAB
S214011E10204621F01BFA28BB2046394621F096FAC7
S214011E20204621F013FA28BB8A4D204621F041FBBB
S214011E30ECE0E26B2368606CD2F814C001A90522BD
S214011E4000FB0530E04701A821F020FE012828D13B
S214011E502946204621F04BFA421C2946204621F00D
S214011E6014FA0135E3699D42E3D3204621F0EEF9E9
S214011E700028D1D000254FF6FF73C4E908534FF070
S214011E80FF39CA46A846E369984514D3A5EB090568
S214011E90012D37D8636A4FF6FF72934247D16E4DD4
S214011EA0C3E721F01DFE0028DBD02946204621F09D
S214011EB01EFA0246D1E72368E26B606C576901A9F6
S214011EC0052200FB0830B84701A821F0DFFD834654
S214011ED001A821F0B2FD0746584621F0FCFD70B17D
S214011EE05745236A38BFC4F82480B94503F1010376
S214011EF028BFB946BD42236238BF3D46BA4608F1FF
S214011F000108C0E74FF6FF7363620025E3699D424F
S214011F10C0D2676C2068E36B05225B6901A907FBE9
S214011F200500984701A821F088FD0135EEE7E26B30
S214011F30676C2068556901A9052207FB0300A847BD
S214011F4001A821F07AFD626A2368606C434D00FBAC
S214011F50023021F0CBFD4FF0FF33A062E3622A4648
S214011F600DF103036FF001012046FFF77BF800280F
S214011F7050D1AD68E5622946204621F043F9206339
S214011F8020B9E16A204621F01EFAE0622946204681
S214011F9021F019FA0546A36A9D423DD16569626C36
S214011FA0E91C143A2046B1FBF2F105EBC1050335F5
S214011FB0B5FBF2F521F07DFA0235A84280463DD206
S214011FC0616A204621F072F90027064604F1400AAC
S214011FD0474512D3626C236802FB0639E36B052280
S214011FE05B6901A94846984701A821F026FD53469A
S214011FF002464946E06B21F07BFD3146204621F042
S21401200055F90137AF420646E2D3154D284607B0CB
S214012010BDE8F08FA56AADE72946204621F0F2F823
S214012020236B0344294607462363204621F0CBF958
S2140120300546002FAFD1C4E90B07ACE7304621F0C7
S214012040F1FB0023074A19462046FFF7B7F800259B
S214012050EBE600BF03E000F016E000F024270020C6
S21401206013E000F005350300634A00232DE9F04133
S214012070176813600E46044618B9604D2846BDE839
S214012080F08190F834500DB309680268914240F02F
S214012090AA8071684268914240F0A580B168826862
S2140120A0914240F0A080F168C268914240F09B8066
S2140120B031694269914240F09680B169C26B9142A2
S2140120C040F09180726982611D46D7E75022294609
S2140120D0D0F8388025F075FB336823607368636039
S2140120E0336963617369A361D6E9021204F10800DA
S2140120F0C4F8388021F0A8FBB369E36304F140001B
S2140121009B68984794F8432020B1E561002AB4D033
S2140121103B4DB3E7656C002DF7D06668B6FBF5F36B
S214012120E361002AA9D0B542F2D82268B2FBF5F1E4
S21401213005FB1122002A58D105FB1363002B54D14D
S214012140204621F04FF8A369043303449E424ED340
S214012150636940F63472CC3B93424AD8B5F5007FAA
S214012160D6D30321204621F066F8E36BD4E90001BB
S2140121701B689847E36B0546DB68022098471DB14C
S214012180002384F834301EE039462046FFF72CFE43
S2140121901C4B9842054604D139462046FFF724FEDB
S2140121A00546636C143B002DEAD1226A204602FBE9
S2140121B003F621F017F8A369043303449E4206D2BE
S2140121C084F83450104DE06B21F0F7F956E70F4ACA
S2140121D0012384F834301368D4E900010133136015
S2140121E01CF099FDEFE70A4D48E70A4D46E7064D14
S2140121F044E7094D42E700BF7837002009E000F0C8
S21401220004E000F013E000F002E000F07437002074
S21401221008E000F001E000F005E000F02DE9FF41E4
S2140122200F4690461E46054698B390F8343093B351
S214012230B1F5801F31D21A4C022120F0FCFF224654
S2140122400DF10F0339462846FEF70CFF024678B11A
S214012250012300934246334639462846FFF71AFCC7
S2140122600446E86B21F0A9F9204604B0BDE8F081E8
S2140122709DF80F30012BEBD12169B142E8D10093D3
S214012280414633462846FFF7B5F804460028DFD115
S214012290E7E7044CE8E7044CE6E7044CE4E700BF54
S2140122A05027002009E000F007E000F00AE000F007
S2140122B02DE9FF410C4616461F46054688B390F8A1
S2140122C0343083B3B1F5801F2FD2DFF87C80012133
S2140122D020F0B1FF21460DF10F0342462846FEF7D6
S2140122E0C1FE044670B99DF80F30012B11D1D8F804
S2140122F01030BB4213D10090024631462846FFF704
S21401230079F80446E86B21F058F9204604B0BDE898
S214012310F081074C074A022B08BF1446F2E7064C29
S214012320F0E7064CF1E7064CEFE7064CEDE700BF99
S2140123300BE000F00CE000F011E000F009E000F026
S21401234007E000F00AE000F05027002070B586B0E4
S2140123500E4603920546A0B390F834309BB3B1F510
S214012360801F32D2022120F066FF194A0DF11703B1
S21401237031462846FEF776FE044618B99DF8173012
S214012380032B0ED10223009303AACC233146284601
S214012390FFF780FB0446E86B21F00FF9204606B0F4
S2140123A070BD022B0BD10A49284621F065F9039925
S2140123B081420246EFD02846FFF7C2FBEAE7054C0A
S2140123C0E9E7054CEAE7054CE8E7054CE6E700BF18
S2140123D0502700200DE000F009E000F007E000F0D3
S2140123E00AE000F073B50C461646054630B390F881
S2140123F034302BB3B1F5801F24D2012120F01BFF0E
S2140124002146114A0DF107032846FEF72BFE044626
S21401241080B99DF80730032B0CD0022B0CD10A494A
S214012420284621F029F93060E86B21F0C6F82046ED
S21401243002B070BD054CF7E7054CF5E7054CF6E72D
S214012440054CF4E7054CF2E7502700200BE000F0BE
S2140124500DE000F009E000F007E000F00AE000F00F
S214012460F7B50C461646054668B390F8343063B3A4
S214012470B1F5801F2BD2022120F0DDFE154A0DF1A9
S214012480070321462846FEF7EDFDC0B99DF8073043
S214012490032B14D0022B14D10E49284621F0ECF858
S2140124A0471C024639462846FFF74AFB044606B152
S2140124B03760E86B21F081F8204603B0F0BD064C8A
S2140124C0F7E7064CF5E7064CF6E7064CF4E7064C4C
S2140124D0F2E700BF502700200BE000F00DE000F00F
S2140124E009E000F007E000F00AE000F02DE9F34112
S2140124F01F4600230C4616463B60054650B390F82F
S21401250034304BB3B1F5801F28D2DFF86480012147
S21401251020F091FE21460DF1070342462846FEF7BC
S214012520A1FD0446A0B99DF80730032B10D0022B5D
S2140125300AD10123336004233B60E86B21F03DF8A8
S214012540204602B0BDE8F081D8F810303060F3E7DD
S214012550034CF2E7034CF3E7034CF1E7034CEFE7D8
S2140125600BE000F009E000F007E000F00AE000F000
S2140125705027002030B50C4685B0054628B390F8A4
S214012580343023B3B1F5801F23D2022120F053FE4D
S2140125900DF10F03104A21462846FEF763FD034658
S2140125A088B99DF80F20032A0DD0032200922146F8
S2140125B002462846FFF76EFA0446E86B20F0FDFF58
S2140125C0204605B030BD054CF7E7054CF8E7054C4D
S2140125D0F6E7054CF4E700BF502700200BE000F0BB
S2140125E009E000F007E000F00AE000F02DE9F04312
S2140125F046688EB3056898464FF0000CA946AE466D
S21401260055F83C40C4F3130701340CF1010C01D01A
S214012610B94218D066450EF1080EF1D12F460024B6
S21401262003E0A64207F1080713D055F8343001330A
S21401263004F10104F5D1C1F3130141EA0851C7E9D8
S2140126400012BDE8F08341EA0851CEE90012BDE868
S214012650F083B8F1030F03D101230372BDE8F083C1
S214012660002303E09E4209F10809F5D055F83340EE
S214012670C4F30754032C03F10103F3D1C1F313038D
S21401268043EA0853C9E90032BDE8F0832DE9F04377
S214012690476883B0CFB10646884691460024336822
S2140126A053F83450C5F30752C5F31301013503EB54
S2140126B0C403304604F1010405D05B68CDF80090F0
S2140126C0C04710B17768BC42E9D303B0BDE8F083D8
S2140126D073B5044622489DF81850012A00EAC11134
S2140126E023F07C4007D9961E012E28D9073303F024
S2140126F07F03194308E09DF81C30DB060A4303F00C
S214012700C053134343F060410023C4E900108DF821
S2140127100730B5B1202221460DF1070021F03DF921
S2140127201A220DF10700211D21F037F963689DF883
S214012730072043EA82636360082002B070BD11433C
S214012740E2E71B220DF10700214621F026F9236856
S2140127509DF8072043EAC26323600420EDE700BF2B
S21401276080FFFF0738B5094B04461A680D4600215D
S21401277025F027F800234FF0FF322383C4E9002514
S2140127802361A260E382A37638BD00BF08E00300A0
S2140127900138C0B205289ABF014B185C012070476A
S2140127A0383804002DE9F0410E46596888B00746CE
S2140127B01546490A0024012922464FEA510104F12F
S2140127C00104F8D8DC7899781B882403C90201F43F
S2140127D0006104F480540C43C3F30A0352032344F8
S2140127E092B29C18284B03934FF0000825F07843CB
S2140127F002A90DF107001B2202938DF8078021F034
S214012800CCF89DF80720029B8DF80780ED4343EA3C
S214012810C26302A90DF1070025F078451B22049337
S214012820029521F0BAF89DF80720029B6FEA04444E
S21401283043EAC26305936FEA14444FF0FF330693ED
S2140128400794BB6907A9012206F110009847BB69E6
S21401285005A90446012206F108009847BB694045D0
S21401286018BF044604A90122301D9847BB6940459C
S21401287018BF0446012203A930469847404508BFC1
S214012880204608B0BDE8F08101009AB213B50446AF
S214012890694621F07DF9204621F0AAFBFF28024671
S2140128A006D09DF800102046F1F734F902B010BDAD
S2140128B00048FBE70080FFFF2DE9F0411B4A8AB084
S2140128C001AC05460B4602F1200C274610685168FC
S2140128D0264603C6083262453446F7D1002B08BFA8
S2140128E03B4610683060002703F10C061C4638464C
S2140128F090B95FFA87F821884246284621F04DFCB8
S21401290050B9E1884246284621F058FC20B9424693
S2140129103146284621F064FC0137032F06F10806EC
S21401292004F10204E4D10AB0BDE8F081483804009D
S214012930F0B589B005460E4621F061FC044600BBA1
S21401294006F10C070FCF01AC0FC497E8070084E827
S214012950070001A9284604F081FD311D284621F013
S21401296051FD044648B90849284604F0B1F8044622
S21401297018B9284604F0E8FB044631682846FFF7F4
S2140129809BFF204609B0F0BD40380400014921F004
S21401299065B900BF3971010070B5164E032833784A
S2140129A004460D461ED023FA04F202F00102AA42A2
S2140129B01DD053B10122A24023EA0203A5402B43B6
S2140129C0DBB233704BB1012070BD2DB10A4B012033
S2140129D01B6898473378EDE73570074B00201B6876
S2140129E09847F0E79A07DED003F0FC03E9E70020FA
S2140129F070BD00BFFA4C0020B837002038B5044639
S214012A000D4604F06DFC60B104F00AFB48B9012DD7
S214012A1007D8012021F09CFB0D4B1B6823B15B6896
S214012A2098470C4B1C7038BD1DF06AFB0A4B1A68A0
S214012A30801A1860F4F7B6F9084B1B684FF47A72DF
S214012A4002FB003021F008F9012004F0F1FAE8E772
S214012A50283800200F160020B0370020B437002099
S214012A60F8B5124F05460C461CF05BF93B78064656
S214012A7033B1012D04D01CB90D48F4F7BDF83C70F4
S214012A8021462846FFF788FF0A4B1B7804463BB9C8
S214012A903B782BB921F051FB10B1074B1B689847C7
S214012AA030461CF042F92046F8BD00BFFB4C002022
S214012AB08C370020FA4C002034120020054A0B46C1
S214012AC0117831B100211170034A1878526801213A
S214012AD010477047FB4C002034120020124B02397D
S214012AE0012910B518701ED804F0FAFBD8B104F00D
S214012AF097FAC0B104F08AF8A8B90C4B1C6834B137
S214012B0023689847BDE81040002021F021BB21F042
S214012B10A1F8074B18601DF0F3FA064B1860204623
S214012B2004F086FAEEE710BD0F16002028380020C4
S214012B30B4370020B037002038B5044680B11CF009
S214012B40F0F8012104460846F3F77CFC012108460B
S214012B500A4A1DF087FA2046BDE838401CF0E5B861
S214012B601CF0DFF8214605460120F3F76BFC012037
S214012B70024A21461DF076FA2846EDE76C38040035
S214012B80F0B5324D85B01CF0CCF82B78044623B155
S214012B902F48F4F731F800284AD1F4F7D9F802AAF9
S214012BA003A921F0B4FA0346002832D021F0C3FA73
S214012BB0029B98421ED10020264B03991B68264E85
S214012BC09942307021D9C91A00270123CDE900772F
S214012BD01F482B70214A33461DF06EFA00282FD16C
S214012BE01F4A1378D90717D420461CF09EF80020F8
S214012BF005B0F0BD21F09DFA029B98421ED0154B00
S214012C00154A1B680393002010700121FFF7C4FECC
S214012C10EAE720462B70E8E731780029E4D103F093
S214012C20FE031370002BDFD10E4B1B689847DBE7C2
S214012C3020461CF07AF8032005B0F0BD0220BBE761
S214012C40032320462F703370F3E700BFFB4C0020B0
S214012C508C370020AC3700200E160020BD2A01005C
S214012C60FA4C0020B837002038B5134D1CF059F83F
S214012C702B780446C3B9114A11491370114B124AF5
S214012C801A601248124A5A60F3F756FC1149124864
S214012C90F3F752FC114B124A1A60124B1B68124B87
S214012CA002221A6001232B70AFF3008020461CF02D
S214012CB03CF8002038BD00BFFC4C0020FB4C002037
S214012CC07438040034120020812B01007C37002068
S214012CD0612A01007C38040084370020B8370020C0
S214012CE0392B010000300E40AC370020431C08D0C1
S214012CF0044AD2F83C311B0C1B0480B20343C2F8D1
S214012D003C3170470040084030B5074B85B00C4653
S214012D10D3F8C05000950022694620F0C2FF0CB1DE
S214012D2000B9256005B030BD0081E00F054BD3F832
S214012D30B400431C14BFC0F380700120A6223121C9
S214012D4004F004BD0081E00F034B1A689B88026003
S214012D5083800020704700BF961500200F4B062881
S214012D60D3F8883104D183F40013C3F3405070477D
S214012D70022805D113F4400F0CBF01200020704734
S214012D8050B9074AD2F8D40010F0010005D083F4F8
S214012D908003C3F3805070470020704700400E4008
S214012DA00081E00F0C4A5288B2F5E16F94BFC82249
S214012DB05A2210B594BF7824502490428CBF172213
S214012DC010220A70054A0346107818B19C422CBF9F
S214012DD00020012010BD00BF96150020131600200C
S214012DE013B5234B1B780E2B04463ED00DF107017D
S214012DF0FFF7D8FF1E2C8CBF1E4C1F4C9DF80730CA
S214012E004FF001028CBF01210021C4F8082170B1E6
S214012E10194A4DF60174C2F804411B0202F1007210
S214012E2043F44043C2F80431144AA2F8D430134A9A
S214012E30134C92F8D83023F00103034323F0020326
S214012E4043EA4103DBB282F8D83024786CB923F028
S214012E50040343EA800323F00803B2F8D440A2F83F
S214012E60D64043EAC10382F8D83002B010BD00BF95
S214012E70961500200040084600400844001F002127
S214012E80FF4C0020084B094AD3F88831DB4303F492
S214012E90FE1343F40053B3FA83F30E33A3EB431349
S214012EA0013B1370704700BF00400E401216002011
S214012EB002280CD0062802D020B100207047054B0E
S214012EC018787047034B18780430C0B27047072053
S214012ED0704700BF121600202DE9F7433A4E3B4FCC
S214012EE096F8009015463A4AD2F8C820B9F1020F72
S214012EF00446884607EA02071AD147EA006788F8B7
S214012F000000002372882B60B2F5E16F94BFC822DF
S214012F105A2227F47F57944227F008079ABF380AA7
S214012F2000F47F5043F6C870384303B0BDE8F08321
S214012F30284A1278904228BF144604EB83030B708C
S214012F40F4B1013CE4B24FF030632B606A4601A94C
S214012F50204620F0DFFEDDE9002347EA03671E4B2B
S214012F6098F800101B7847EA823747F47F5747F0F6
S214012F7008073BB90029194B18BF4FF07F43C1E73B
S214012F80164BE2E7164B1748B9F1060F08BF034682
S214012F902AB90029114B18BF4FF07F43B2E7B2FAA6
S214012FA082F2C2F11F02D2B29B5CDBB239B15A1E69
S214012FB0D2B2FD2A05D81B0643F00403A2E7074B4D
S214012FC0A0E74FF07F439DE7961500203F00C0E045
S214012FD0001F002112160020004D00200400000BE7
S214012FE0B883E00FB083E00F2DE9F3410446C82013
S214012FF0FFF7F6FE2B4B2C4E18780E2801D0FF2C2F
S21401300005D1FF243470204602B0BDE8F0810228C5
S2140130102DD1072C204628BF072001284FF000039A
S21401302001AA0DF1030138BF0120FFF755FF054640
S2140130301E4B1F4FDDF80480C3F85881C7F8C850EF
S2140130409DF8034034702046FFF7CAFE194A4FEA3E
S214013050082303F4E063127843EA1863A7F8D03034
S214013060002AD0D1C7F8CC50A7F8D230CBE7A0B908
S214013070052C32BF002701270420201A3B4601AA4F
S2140130800DF10301C0B2FFF727FF4FF48003054699
S21401309037B1094AC2F80831CAE700273846ECE7D3
S2140130A0064AF7E79615002014160020004008404F
S2140130B0001F0021FF4C0020004008460040084445
S2140130C008B501F0B7F9094B094A002818BF1A4696
S2140130D0136823F47F115B0803F4FE130B4313609C
S2140130E0044B4FF00072DA6108BD00BF0041084092
S2140130F0184108400040084008B501F09BF9064B0E
S2140131004FF4001228B1C3F800214FF000621A6292
S21401311008BDC3F81821F8E700400844014B1868B9
S214013120704700BFBC370020436C012B38BF01231A
S2140131302DE9F0479A46464B464F9B69464E474D0A
S21401314003F4E073A3F5C0728046454851425141ED
S21401315002685245434A0FD114788C420CD198F834
S214013160D0C03C78A44507D198F815C03478A4455A
S21401317002D1A888BDE8F087B3F5C07FC0F800A0EB
S21401318011704AD1D8F8944024B12368082B58D935
S21401319094F838400F21204620F09EFDBAFA8AF3B3
S2140131A0002852D0B0FA80F29B1A002BC6BFD84036
S2140131B0C3F10F094FF00F09504501D909F1FF3945
S2140131C0234B2004C3F8BC0003F1806340F6FF7272
S2140131D0C3F8B82003F100734FEA0921C3F8B81009
S2140131E020F0ABFDA88000F04BFE09F01F094FF45C
S2140131F0FA7304FA09F45C4341F66A03B0FBF3F090
S2140132000A23B4FBF0F45C43174B1C6098F8D030EB
S2140132103B7098F815303370ABE798F8D030062B32
S21401322006D1124B1B78002B0CBF9624C824B1E79D
S214013230022B08D00D4B1B78002B0CBFB424F024B6
S214013240A8E70024A6E73224A4E74FF00F09B7E762
S2140132500060084011160020101600209615002068
S2140132603C120020024D0020BC370020004D0020FB
S214013270FF290DD00F4B1048C3F850010B04090568
S21401328001F0F87103F4E0230B430C49C1F8503107
S214013290FF2A0DD0074B40F2F711C3F85011130166
S2140132A003F4F87302F007021343044AC2F85031DC
S2140132B000207047004008440000F701004008461F
S2140132C0F8B5134B134E1F68134D384601F09EF8A0
S2140132D03378C4B2A34201D12B78A3B1092C14D8F8
S2140132E00E4B012C195D05D10D4B1B78022B01D11C
S2140132F041F0400101F00F0238460909FFF7B8FF17
S214013300002334702B700020F8BD0024FA21F1E769
S21401331038380020FE4C0020FD4C00208438040084
S2140133209615002038B5044600F052FD14220021FF
S2140133302E4824F046FA2E4B25781A782D49521B32
S21401334018BF01220A7022681A60C820A2889A80D3
S214013350FFF746FD284BD3F8C820284BFF211970EC
S214013360274B2849062D03EA0203274A1AD14FF4B0
S214013370EE40C2F824014FF48A42C1F8242101220A
S21401338043F08043C1F820211B4AC2F8C8301E4BC7
S2140133900322C3F85821FFF793FF1C4B01221A7032
S2140133A0002038BD022D4FF007000ED1C2F80C01E7
S2140133B00620C1F80C011649C2F808114FF4404125
S2140133C043F00303C2F80411DEE7C2F80C0105203E
S2140133D0C1F80C01C020C2F8080143F080438122E5
S2140133E043F00403C1F80821CEE700BFC81F00213F
S2140133F096150020FD4C0020001F00211416002009
S2140134002800C0A00040084600400844014D0020A6
S214013410C1004000014B1870704700BF004D0020EE
S2140134202DE9F0472D4C2E4B236000F029FD4FF47B
S214013430FA7307464FF47A76B0FBF6F629482A4A1D
S2140134407343190E1B02181841F1000100231AF0EC
S214013450A7FBA0F580730546A36220B966222B213F
S21401346004F074F901254FF47A726A434FF0000AAA
S2140134705346500831021AF093FB1C4B19601C4B43
S214013480B7F57A7F4FEA05688946044618604FEA21
S214013490152505D276222B21504604F057F9012630
S2140134A04FF47A73A8FB030103FB05117308C018D8
S2140134B041F10001002332461AF072FB0D4B023433
S2140134C019600D4B49F10009A408186044EA897493
S2140134D0024B013C1C63BDE8F08700BF005008406A
S2140134E00211010020A1070040420F00CC37002046
S2140134F0C8370020C4370020C0370020044B4FF0E7
S2140135000052C3F880211A60024B01225A607047AC
S21401351000E100E000500840074B4FF00052C3F8AE
S2140135208021C3F88020BFF34F8FBFF36F8F034B0B
S21401353004225A60704700BF00E100E000500840D6
S21401354010B50446A242A2EB0000A3EB010104D28F
S214013550034B1B6B01331844013901F0030110BD05
S2140135600050084038B502010A4B01259D500A4A11
S2140135704FF480738340536604461BF0D2FB074A20
S2140135801378A54023EA05031370BDE838401BF005
S214013590CCBB00BF0051084400500840034D00203A
S2140135A02DE9F0471546044688461E461BF0B9FB32
S2140135B0022D00F0B88007461BF0BEFB6C4B6D4A2F
S2140135C0D3F8189092F815A0DA6D5FFA8AFA5207C6
S2140135D044BFD3F818900AF1010A1BF0B3FB664BFF
S2140135E0664A1B6811684FEA8A7CA3FB093213F10D
S2140135F0004301FB09CCD8F800304CEB020C012D3E
S21401360004BF01336344ACEB030C08BFC8F80030B9
S214013610BCF1804F0AF0030AC0F09880584AD2F8ED
S21401362000C0584AD2F800E0514A23F04041106BDE
S2140136304FF000480022ECFB01820EFB0122824281
S2140136404FEA937381BF01330130121A03F003036B
S214013650A3EB0A03914588BF4549DFF848C184BFFB
S214013660096B03F1FF3303F003030CF80430A2EBFC
S2140136700900A3B1F10742BF434B41F61F71D9665A
S214013680B30742BF404B4149D966710742BF384B29
S21401369000211967330742BF354B00211965344BAA
S2140136A004F1100103EB041E0901CEF80C211122CE
S2140136B05A5037499A694FF0010EA2EB090A0EFAE1
S2140136C004F8D3F85C900A785FFA88F848EA0202B0
S2140136D082450A7026D34FF48072A24019EA020F7F
S2140136E020D11CF8040000283FD10DB3F0071A665C
S2140136F008D5254B274941F61F7240F20110DA66BC
S214013700C866DA66B10706D51F4B22491F4A22480A
S214013710DA66C866DA66720742BF204B01229A60F3
S214013720330719D438461BF000FB0120BDE8F087AB
S2140137301B48240140F804E05A661BF0F2FA1449CB
S2140137400B7823EA08030B701BF0EFFA38461BF0E0
S214013750ECFA0020BDE8F087212000F0B9FA044B0E
S2140137604FF480325A603846DDE71A663846DAE7A3
S21401377000500840F4370020C0370020C43700202E
S214013780C8370020CC3700200050084400001F1F17
S214013790034D00200050084600000101004008408B
S2140137A000510844044D0020024B1878003818BF19
S2140137B001207047034D00201030034B00011858BC
S2140137C000F00100704700BF005008401030044B65
S2140137D001F46001000141F003011950704700BF78
S2140137E00050084038B51BF0A7FA084B084A9D69F7
S2140137F0547DDA6D520748BF9D69E4B248BF013473
S2140138001BF0A0FA284604F0030138BD005008401A
S214013810F437002038B50B4B03EB001210300001D3
S214013820D2F80C411D58FFF7DDFFAB0706D58442E1
S21401383000D90139204601F0030138BD844238BF62
S2140138400131F7E70050084070B5184CE66B26BB0F
S214013850202000F03DFA164B10251D6002F080F87E
S214013860144B8022C3F8802101F046FA38B1324663
S2140138700020082102F02CFA0F4B65669D660F4A60
S214013880536803F07063B3F1807FF9D9074B0C4A94
S214013890DA6641F201421A6770BD01F02DFA00287E
S2140138A0F4D0054A074B63669366EFE7005008407D
S2140138B00040084600E100E000500846004008408D
S2140138C0011B01181000000208B5212000F000FAC3
S2140138D0024B4FF480325A6008BD00BF00500840CA
S2140138E008B5222000F0F4F9024B4FF480225A600A
S2140138F008BD00BF00500840064B1B68434303EB5E
S2140139008171054B1B68A3FB003013F1004341EBAB
S21401391000007047C4370020C03700200D4A10B59C
S214013920146820F0404301464FF000420020E4FBBB
S2140139300320094A126802FB0300084B1B6B9842DE
S2140139404FEA917104D901330131C01A01F0030124
S21401395010BD00BFC8370020CC37002000500840FB
S214013960F8B5064603F05CFB044608B1FFF7D4FD44
S214013970084D094F00232B6130466B61AB617B75A7
S214013980FFF7CCFFC9B27975A8610CB1FFF7B6FD98
S2140139900020F8BD00500840F43700202DE9F04122
S2140139A0224F0646386820F4700040F4A0003860C4
S2140139B09DF81C401D1E9DF818304FEA042444EA69
S2140139C0036444EA021408BF002144EA05440C4398
S2140139D0FC64D7F82C80B8F5803F40F2B5224FF052
S2140139E018012CBF0020012003F0B0FEC7F8388074
S2140139F0CDB10F4BB468D3F88030412C38BF412489
S214013A005B0606D500F0F0FA18B10A4BB3FBF0F3EB
S214013A101C442046FFF782FF01308045034B3ABF26
S214013A200022DA63D863BDE8F08100BF0050084089
S214013A300070084000093D00F8B5184DAB691B043D
S214013A40044626D500F08CFBAB6913F0787FA0FB0B
S214013A5004464FEA9367C3F34450C3F3044505D1C4
S214013A6040F25E422B2103F071FE0120AD01B5FB51
S214013A70F0F010EB871005D140F263422B2103F0E2
S214013A8065FE012002460023204631461AF088F8DA
S214013A90F8BD00F0A9FAA0FB0401F9E700700840A0
S214013AA030B50C4C02460120A0F12003C0F12005E0
S214013AB024FA05F504FA03F32B4304FA00F59542BC
S214013AC08B4100D330BD0F2801D00130ECE7FF2039
S214013AD0F8E700BF40420F0010B50C46FFF7ACFFF9
S214013AE0C30943EA4163C01A61EBD111FFF7D8FF5E
S214013AF0FF2814D00C4B0F22C3F8802003F100736B
S214013B0040F01000C3F8800003F17A439B69DBB2F2
S214013B10802B06D02046BDE8104000F00DBB0120EA
S214013B2010BD0220FCE700BF007008443B4B082292
S214013B3070B501210546C3F8C8203948394CEEF75F
S214013B407FFB394B1D702378013B012B0CD8237C5E
S214013B50E07B01229A400C21302313FB001303F172
S214013B60884303F520431A60304B00225A677DB91B
S214013B702F4A4FF6FF71D16702F10072F821D16723
S214013B805D672C4B4FF08042C3F89420002070BD37
S214013B90636853B300F074F9626800EB5203B3FB39
S214013BA0F2F3013B1B0243F0F80326782049224A30
S214013BB0022E1CD0032E1D484FF6FF7521D0012E74
S214013BC027D143F00203CD67D36707234367237CDE
S214013BD0E07B01229A400C21302313FB001303F1F2
S214013BE08C4303F520431A6011E0F823DDE743F028
S214013BF001034FF6FF70C867D3670C4B05225A675F
S214013C00E5E743F00503CD67D367012343670B4B15
S214013C10B8E7CD67D3670023F8E700BF00400E463C
S214013C2000350A00D0370020094D0020000008406A
S214013C3000000844004008440000084600400846CA
S214013C40F8B5064604460FCE1C4F3D460FC53368F1
S214013C502B601B4B1B480822C3F8C8200121EEF736
S214013C60EFFA194A00235367A37BE17A1B0443EA60
S214013C700123217A0B4393673B78032B1BD8DFE89C
S214013C8003F01402080E617B207B00230422EFF769
S214013C90B3FB217CE07B00230422EFF7ADFBA17A86
S214013CA0607A01230422EFF7A7FB084B1878BDE8DA
S214013CB0F840FFF73BBF0120F8BD00BFD03700201A
S214013CC000400E4600350A0000000840094D00205D
S214013CD0044BD3F89430002BBCBF034BC3F88000D1
S214013CE0704700BF004008400000084008B5064B7A
S214013CF006491A684FF00450920023F010FDBDE803
S214013D00084000F001BD00BFB0380400B43804001C
S214013D1007B501A8EFF7CAFD134B144AC3F84421AF
S214013D2048F2E672C3F838214FF40862C3F834212A
S214013D300F4AC3F8A0200F4A4AF63F41916002F5A8
S214013D4080424FF0C07191620022C3F8FC200A4AFB
S214013D50C3F89C20094B7F225A6203F10073232289
S214013D605A6203B05DF804FB00400840C0E65351B8
S214013D707A27000F00300840806D63030030084446
S214013D800F4B002210B5C3F88820C3F88C20C3F867
S214013D9090200C4A0121D1605A6812F0706FFBD155
S214013DA04FF00452DA67012402F5FD52C3F8804051
S214013DB01A66054B1B689847044BDC6010BD00BFB4
S214013DC000400840004008464012002000400844D9
S214013DD0034BFD22C3F8C8200122C3F8CC2070474C
S214013DE000400E4638B5FFF7F3FF1B4B1B481C4C33
S214013DF01C490222C3F8C8201B4B1A6842B102EACA
S214013E000005A54204BF5D68156008338B42F4D1F6
S214013E10164B0222C3F8C820154B164AD3F83C119C
S214013E201160154AC3F8942000F0A2FBFFF770FF5B
S214013E30124B0322C3F8D820A3F500530122C3F87E
S214013E4094204FF46072DA604FF04072C3F8F820A5
S214013E50C3F8102138BD00BF00400E460000FFFF2A
S214013E6000000840B081E00F0080E00F00400E44E3
S214013E7000400840441200200048F0000060084658
S214013E8008B5EDF79BFC044BD3F81031C3F30823B8
S214013E900133B0FBF3F008BD00400E4070B5044698
S214013EA018B1284D2268531C00D170BDC2F30063BF
S214013EB0110C35F8130011F0FE0F93B243EA0043DC
S214013EC0606818D00434CAB2022A216808D9D4E935
S214013ED00160033AC3E9001698600C340C33F3E72B
S214013EE004D16268C3E900120834DBE7012AD9D19C
S214013EF004341960D6E7120F072AF5D8DFE802F076
S214013F000704090D1013181DC04303F180631860E0
S214013F10EAE71A6842401A60E6E703F1C063F6E78B
S214013F201FF039FFE0E70122824003F1C063F2E7A8
S214013F300122824003F18063EDE71A6830EA02024B
S214013F40FBD1D1E796380400024B0122C3F8942036
S214013F50704700BF00400846024B0122C3F8942078
S214013F60704700BF00400844024B4022C3F894202B
S214013F70704700BF00400844024B4022C3F894201B
S214013F80704700BF0040084608B50C4B1B68D3F8C5
S214013F90943023B11A68022A01D9186A08BDFFF7BE
S214013FA06FFF074B1B6D024698B20028F6D0C3F38D
S214013FB00743D2085343B3FBF0F0EFE7383800204D
S214013FC000600840064B5B68C3F30363984206D162
S214013FD0044A936B23F0F00343EA0111916370479F
S214013FE000400840001F00211F4B1B68D3F8943087
S214013FF070B52BB11A680A2A02D91C6C204670BD0E
S2140140001A4DAA6D6B6DC2F34544C2F3CD0101345E
S214014010C3F3441601FB0444C3F3822103F01F03D8
S21401402006FB01335C4302F00702114B9B5C5C43C9
S214014030640004D0FFF724FF7043B0FBF4F4D5F816
S214014040E430190505D513F0FF021CBFE401B4FBEB
S214014050F2F41A01D2D5C3F30A43002BCED0A40240
S214014060B4FBF3F4CAE700BF38380020006008400C
S2140140708E3804002DE9F0470E461FF076FEDFF875
S214014080B090DFF8B0A0804600251AF04AFED9F8B5
S2140140900430C3F30363012B07460BD1711C1AD0FE
S2140140A01FF063FEA0EB080538461AF03EFEAE424E
S2140140B0EBD80DE0052BF1D00B2BEFD0023B012BFB
S2140140C00CD9013602D01FF050FE38461AF02DFEEC
S2140140D01648BDE8F0871AF028FED6E7DAF8083069
S2140140E01A04C3F389140FD4013602D01FF03DFE23
S2140140F038461AF01AFE24B2A4F1C8006FF4FF7312
S2140141009842B8BF1846E4E7731C03D01FF02DFE93
S214014110A0EB08056FEA84546FEA945438461AF007
S21401412004FE14F5007FC2D0E6E700BF00FEFFFFE5
S214014130004008400070084010F1800F04D04D2860
S214014140DABF323040B27F20044BFF229A6103F17E
S2140141500073C0B298610020704700BF0070084429
S2140141600B4B0C499A6D70B502F007029E6D8C5C84
S2140141709D6DFFF785FEC6F3CD0606FB0444C5F329
S214014180454505FB04448001B0FBF4F070BD00BF5B
S214014190006008408E380400084910B5D1F8703127
S2140141A040B11C464A68D1F870319C42F9D1C2F33D
S2140141B00362027003F00F0010BD00BF004008400C
S2140141C0094BD3F8883001F0800103F480030B43D8
S2140141D009D1064B4FF400129A61837F1BB1044B41
S2140141E00122C3F8F82070470040084000600844E8
S2140141F0006008462DE9F0411F4CDFF89080069FCD
S2140142000646A2FB03502C1960F1000E9C46A04501
S2140142104FF0000373EB0E0E07D24FF4B4720E216B
S214014220184603F093FA02201BE00029FBD0C6F3E0
S214014230130601EB5C04B4FBFCF4A4FB0646E40C99
S21401424044EA46340D4E34600D4C22600D4A9142CC
S21401425009D10D4AA5FB025302FB00339B093B60C3
S2140142600020BDE8F081C4040A46E80444EA55315A
S21401427019F096FC3860F3E700C9E876E4370020C9
S214014280E837002000F049020A3BB2DF0046C323AC
S21401429038B5164D2B780C4623B9154B1B6D03F01C
S2140142A03F032B70134BD3F894305B051CD5124B90
S2140142B0B0FBF3F040F24D534343A3F546430C3BAA
S2140142C0584300F5C91000F5556028B940F21B3275
S2140142D02B2103F03BFA01202B78084A5343B3FB0A
S2140142E0F0F30020236038BD0220FCE70D4D0020CE
S2140142F0003008400040084000366E018096980065
S21401430070B5374C374B256B374C1B682468ED026C
S2140143104CBF1B191B1BB3F1804F04D8002B3AD19D
S214014320324E1C460AE0B3FA83F4314EC4F102045D
S214014330E340304DAB4201D901345B0803EB56052F
S214014340B5FBF6F52C4EB34234BF002601262403F6
S214014350013D44EA86242C430C60D8B1B3FBF0F14E
S214014360642400FB11336343984288BF01F1FF3197
S2140143704808013801390728204D214C4FEA5103DE
S21401438011D9002129700621C4F894101B0243EAB2
S2140143900013136070BDB3FA83F4D4F10204134E14
S2140143A0C6D50024C5E71029EBD068B101212970D4
S2140143B00621C4F89410134909780029E6D0124959
S2140143C00224C1F89440E1E7012914BF012100212C
S2140143D029704FF00601C4F89410ECD1D6E700BF5F
S2140143E000300840E8370020E4370020E067350059
S2140143F0C0CF6A003FBE4025401B5F130A4D002018
S214014400004008440B4D002000400846084B5B6BFB
S21401441003F00700C3F3C20213F0380F18BF50436E
S214014420C3F3821213F4E07F18BF5043704700BFF6
S21401443000300840034BD3F8380180F01000C0F379
S2140144400010704700400840174B4FF4002210B58B
S214014450C3F89420154C164BB0F1804F88BF1C460C
S214014460144BDA6CD2071DD51B6F134A04F5F424DE
S21401447004F59074B4FBF2F4033CE4B203F00703D2
S214014480A34202D02046EEF7D1FE0C4B1B784BB16F
S2140144900B4B4FF47022C3F8942003F100732404ED
S2140144A0C3F8944010BD00BF00400846E0673500E1
S2140144B0C0CF6A0000300E4040420F000C4D002075
S2140144C0004008447FB50446EDF7B4F91C4B064698
S2140144D02C3358680093A37922683146FFF78AFE89
S2140144E0054648BBA379012B14BF1649164910226D
S2140144F0C1F83821206815495843FFF7C9FE03AAB9
S21401450002A93046FFF7FCFE0F4A43F6FF53C2F8F6
S214014510A4300C4B0299C3F8A4104FF4EE6111635A
S214014520039A1A632068FFF78FFF094BA2881A6265
S21401453003F5405300229A63284604B070BD00BFBD
S214014540003008400040084600400844503008400B
S2140145500000084008B5044B01221A70034B186886
S214014560FFF772FF002008BD0C4D0020E837002041
S214014570024B4FF48062C3F894207047004008460F
S2140145800D4BD3F80421D3F8B030D2B2FF2A03D0B2
S21401459043F30743591C01D190221923074903EB22
S2140145A0D37302EB6302022381F84630232381F89A
S2140145B0472081F8453070470081E00F001F002139
S2140145C0044A5368C3F30363022B04BF802393603A
S2140145D000207047004008402DE9F04F384C0A464D
S2140145E085B00D460021814623F0EBF8D4F8C8309B
S2140145F043F06C029A4204D00025284605B0BDE877
S214014600F08F304BDB68D907F6D402F00FFF002895
S214014610F2D0D4F81061C6F30826002EECD12A4C4D
S2140146202A4BD3F81880D4F884300193284B4FF0E6
S21401463060529A6103F100734FF000629A6124237D
S214014640C4F88430234B04221A604FF4804A4FF496
S2140146508053C4F868A0B3466362AB4512D31E4BC1
S21401466004221A60184A019BC2F88430184B4FF096
S2140146706051996108EA010318498B614FF4804340
S2140146809366BAE7226E5204FCD52268D305F9D5A3
S214014690C4F868A00136D4F888200392012EDCD92C
S2140146A0A5EB0B07042FA8BF04273A4609EB0B001E
S2140146B003A95F4423F033F81FFA87FBCDE700BF59
S2140146C000400E40004008400000084000600840DE
S2140146D00060084400400846004008440060084660
S2140146E0074BD3F8D8304FF604014FF605029BB2BC
S2140146F08B4208BF1346034A01209365704700BFEB
S2140147000081E00F0050084070B5194C0FCC86B000
S21401471001AD0FC5C822236816482B60002123F07F
S21401472050F87C220021144823F04BF8134B144A0E
S214014730C3F8F020FFF724FF124B1B782BB101AD15
S2140147400FCD0B4E0FC62B6823600F4B0F4AC3F8D5
S214014750DC2F0F4AC3F8E02F0E4AC3F8E42F02F10C
S214014760957202F27112C3F8E82F06B070BD00BF51
S214014770C81F0021381F0021BC1E0021001F002178
S2140147803F003700014D00200010002102006202A8
S21401479009C805780708DC060A4B197801F0FF02FC
S2140147A029B10021197008499202C1F8A020597850
S2140147B001F0FF0229B1002159709302024AC2F8A2
S2140147C0A43070470E4D002000000846074BD3F872
S2140147D0E40E074BD3F88C301A0103D4054B1B6E3D
S2140147E01B0401D500F58070704700BF0010002142
S2140147F0004008400000084008B51AF092FA0F4B36
S2140148001A78B2B90E4A126812F4843F11D10D4AD1
S2140148101021C2F894101B786BB9094B1B68DB0595
S21401482009D4084B2022C3F89420BDE808401AF0AA
S2140148307CBA054AECE7044BF4E700BF124D0020B2
S21401484060170020004008440040084610B51AF0E2
S21401485068FA0E2104460320FFF7B4FB044B40F22E
S214014860012220465A62BDE810401AF05EBA00BF27
S21401487000000840044B00221A70044B197811B14D
S2140148801A70FFF7B9BF7047114D0020124D002076
S21401489008B51AF046FA244B4FF08052C3F8802030
S2140148A0BFF34F8FBFF36F8F4FF48072C3F8802032
S2140148B0BFF34F8FBFF36F8F0222C3F88020BFF381
S2140148C04F8FBFF36F8F1022C3F88020BFF34F8F37
S2140148D0BFF36F8F2022C3F88020BFF34F8FBFF343
S2140148E06F8F4FF00052C3F88020BFF34F8FBFF396
S2140148F06F8F8022C3F88020BFF34F8FBFF36F8F77
S2140149004022C3F88020BFF34F8FBFF36F8F4FF065
S2140149100042C3F88020BFF34F8FBFF36F8FBDE80F
S21401492008401AF002BA00BF00E100E008B51AF02C
S214014930F8F90D4B4FF080521A604FF480721A60EE
S21401494002221A60002283F8012310221A60202214
S2140149501A604FF000521A6080221A6040221A60D4
S214014960BDE808401AF0E1B900E100E070B5084C76
S21401497001232370074B1E68074BD3E900533240CF
S2140149801940284001F0A4F90023237070BD00BF30
S214014990104D0020F0370020601700202DE9F04769
S2140149A0DDF820A003EA0108099B06460D4602EA47
S2140149B0000703EA0A09BAF1000F40F04981031F14
S2140149C00B4300F00F81052871F1000380F0E380AE
S2140149D050EA010300F05C81431E0B4300F01D8189
S2140149E0FFF756FFAB4AD2E9004323EA050324EA60
S2140149F006043C4343EA0807A74BA84D1E68DFF8A8
S214014A00EC8226EA0A0646EA09061E60C2E9004763
S214014A10FFF7F2FE14F02A4F14BF48F202034FF4D8
S214014A200043B0079E48C26E48BF43F4005383EA72
S214014A30020122EA0302EA669A4A81660B40D366BD
S214014A40C4F380421203210348BF42F48072E30696
S214014A5048BF42F40052A50648BF42F40072600601
S214014A609148924DD0F80C3248BF42F4806221063C
S214014A7048BF42F4006282EA030123EA0203C5F852
S214014A800C328B4BC0F808120A40C7F34025AD0420
S214014A90C3F80C22E20448BF45F48035A30348BF9F
S214014AA045F48015A00748BF45F4001514F4001F0F
S214014AB006D0D8F800001FF0D4FB08B945F400254D
S214014AC0E1027C497C4848BF45F40035FA0648BFF8
S214014AD045F480050A6A730748BF45F0040585EA70
S214014AE0020323F001031A4002621D40CB61734B9F
S214014AF073481D62734B744A16F0010F18BF1A46AD
S214014B00836E7D0748BF42F40012704D82EA0301AE
S214014B1023EA0203AB666E4B41660A4000F500507D
S214014B209A66C16B04F0010305F5005581EA03029C
S214014B3021EA0301E96382631A40664BDA63D8F817
S214014B400020200248BF644B92F8E92058BF634B0F
S214014B50610748BF43F4806322B114F4C06F18BFE5
S214014B6043F480735E485F4CD0F8EC10320748BFC0
S214014B7043F0004383EA010222F4A0221140C4F864
S214014B80EC101340C0F8E820574ABDE8F047C2F8D9
S214014B90EC30FFF7CBBEA0F580630B4306D020F4C4
S214014BA08063A3F500730B437FF41AAF1AF0B9F8CC
S214014BB03849D1E9003223EA060322EA050242EA2D
S214014BC008023B43C1E90032484A126892F8E920DC
S214014BD00AB313F4C06F1ED0434B4FF48072C3F870
S214014BE0EC2014E01AF09DF82A4AD2E9003123F0AD
S214014BF004033B4341EA080157EA0807C2E90031CA
S214014C0014BF394A374A4FF48063C2F8EC30BDE826
S214014C10F0471AF08AB8334BDFE71AF082F81D4ADC
S214014C20D2E9003123F001033B4341EA0801C2E91E
S214014C3000312F4A57EA08074FF0010315BF936367
S214014C402C4902F1C062CB6314BFD3639363DEE7E2
S214014C5050EA01037FF4C4AEBAF1010F7FF4C0AE8F
S214014C601AF05FF80C4A136823F0010343EA0903BC
S214014C701360134A4FF48063B9F1000F04D05366F2
S214014C8002F1C0629366C2E710498B665366BEE7BF
S214014C90BDE8F08760170020F037002000000844C8
S214014CA00000084000000846006008400060084414
S214014CB0006008460040084000400844004008469E
S214014CC000500840041C50000418500000500844CE
S214014CD000500846007008460D0A0A09090A0A0922
S214014CE0001008400010084400100846383800201C
S214014CF00070084000700844024B5868C0F3C000BA
S214014D00704700BF60170020024B186800F00100D2
S214014D10704700BF60170020024B5868C0F3C030D0
S214014D20704700BF6017002010B50446FFF75AF819
S214014D30FFF7AEFD04F14C0002F02EFEFFF720F85F
S214014D40FEF76EFBFEF7DAFB03F0BCF81049114ADA
S214014D50D1F8F810072304F1A40003F0EFF84FF49C
S214014D6040010020FEF732FD4FF400110120FEF74E
S214014D702DFDFFF7B5FC20B940F2E722142102F021
S214014D80E5FCFFF7E7FBBDE810400120FEF7CEBECD
S214014D90001F00216C1F0021084B8022C3F88820C9
S214014DA003F17E430822C3F88820054AD2F8BC3EA8
S214014DB023F02003C2F8BC3E704700BF00400846FF
S214014DC00010002108B519F0ACFFFFF7E5FF034B13
S214014DD001229A60BDE8084019F0A7BF00400840CC
S214014DE0F8B5194C05462078B0FA80F040F2064234
S214014DF03E21400902F0AAFC55B96078B0FA80F06D
S214014E00BDE8F84040F206423E21400902F09EBC51
S214014E100E4F0F4DD7F8A0304FF44066C3F38123F1
S214014E202370C5F8A0606078B0FA80F040F20642C0
S214014E303E21400902F08AFCD7F8A430C3F381234F
S214014E406370C5F8A460F8BD0E4D00200000084050
S214014E5000000844F8B50B4C0B4DD4F888300B4FC6
S214014E600423C5F88830D4F888305B0300D4F8BD35
S214014E700426C7F8886002201EF08DFFC5F88860FA
S214014E80F1E700BF004008400040084600400844E3
S214014E901C4B70B5D3F888601B4D03F18063A822C4
S214014EA0C3F8882010221A60184A194B93666B665D
S214014EB0FFF772FC174B1B7813B90320FEF752FB62
S214014EC000242C67FFF7C6FF134A144BD2F8E41EE2
S214014ED00B40C2F8E43E124B0422C3F88820114B63
S214014EE0B206C3F8C44008D503F580739B6CB3F5CE
S214014EF0817F22BF034B80229A60BDE8704001F09B
S214014F00A3BE00BF004008400050084000500844BF
S214014F1010000002154D002000100021DF0000FFE8
S214014F2000400844001E002110B549B918B3144AC0
S214014F3053681B0E13F00E0F1DD113689A061AD470
S214014F40FFF784FC0E4C0020FFF726F9032801D05A
S214014F50092806D1D4F88C30DB03F4D4636F0C2B0C
S214014F60F1D9FFF777FF074B0122DA6003F17E43A1
S214014F700422C3F88820044B4FF4C0625A6210BD65
S214014F8000400840004008460060084408B5032178
S214014F900920FFF717F8024B20229A6008BD00BFD0
S214014FA00040084038B5054619F0BBFE044602F03D
S214014FB0AFFC35B1FFF75EFC2046BDE8384019F07E
S214014FC0B4BE084B1B78002BF6D0074B1D78002D7E
S214014FD0F2D1FFF74FFC2A464FF480400021FFF73D
S214014FE0C5FCE9E7114D0020104D00202DE9F84FD2
S214014FF0564B0646D3F888300D461446002A40F034
S214015000A28013F0A00F14BF4FF001094FF0000962
S214015010DFF854814E4F01F017FEA023C8F8883000
S2140150200320FEF79FFA0420FEF79CFA4FF0000AD1
S214015030FFF720FC474BFB66C7F870A0FFF70AFF97
S214015040454BD3F8BC2E42F02002C3F8BC2EFF22FB
S214015050C8F800203D4A4FF480719160D3F8E42EE1
S2140150603E494FF0040B1140C3F8E41EC8F888B05F
S214015070C3F8C4AEFB6813F0060F04D0FEF730FC8D
S2140150805846FEF76FFAB9F1000F08D0344B4FF4CB
S2140150900062C3F88820334B4FF400425A6666B16B
S2140150A0304B5B6C180701D4FFF7D0FBFFF76EFFA0
S2140150B00420FEF757FAFFF76FFB244BDA68D10797
S2140150C03FD55A6812F0706FFBD1274B274AC3F8B9
S2140150D08820274A936B23F0F003936315B120468B
S2140150E0FFF760FF234BD3F8B4305A1C01D05B00A6
S2140150F002D51D4B0122DA601CB31A4BDA6E9A6692
S214015100124A136A23F00103D3611B4BD3F80C2216
S214015110C3F80822A3F54053DA6F9A67A3F5005344
S214015120D3F8EC20C3F8E82003F5C043DA6B9A63A2
S214015130A3F50053114A5A660B4B4FF60842C3F8C3
S2140151408820BDE8F88F4FF0000961E7004008406D
S214015150005008400000010100100021DF0000FFA0
S2140151600040084600000840004008441000300097
S214015170001F00210081E00F006008405000F0028F
S2140151809A4B196EDA6E2DE9F04F01EA0209C3F85F
S214015190689003F5805385B0D3F8E060D3F8EC202F
S2140151A01640C3F8E86003F5A043D3F80012D3F81D
S2140151B00C2201EA020AC3F808A2A3F500535969B2
S2140151C01A6A01EA02088A4A08EA0202DA61894B87
S2140151D0D3F80022910006D4D3F800319A00C3F325
S2140151E0407740F1E18019F09CFD834BDA68DF6D72
S2140151F012F0060F9A6E07EA020727F4800222F4DD
S214015200006214BF4FF0010B4FF0000B5A667B078C
S21401521004D57A4A537D0133DBB2537519F085FD07
S214015220B9F1000F00F0DF8019F4004427D019F01F
S21401523078FD0146FFF7CAFA6F4D0446AA69AB69C5
S2140152409A42FCD0AA699342FCD0FFF7BFFAA0426B
S21401525040F0AC80084619F068FD694B1C60694B4C
S214015260D3F8885015F4E05240F0A28024F07F4431
S21401527024F0DF040CB9FFF70BFE4FF0807419F031
S214015280020F4FF0000516D05E4B5F49D3F8883009
S21401529003F46042C1F88820002A00F09E801D04B5
S2140152A000F19E8013F4005F0CBF4FF000534FF0E7
S2140152B000631C430025C9F340394FEA4909534BA3
S2140152C03340002B4AD016F4206F0AD040F60F0266
S2140152D00621002002F03AFA0020FFF763FE26F4CA
S2140152E08026F00506D5484BFF221A6044F4C064B8
S2140152F0FFF7ACFA16F0090F0AD040F6240208218F
S214015300002002F023FAFFF741FE414B01229A6288
S21401531016F0106F0CD040F62D020921002002F085
S21401532015FAFFF733FE00221146104602F0C8FABE
S21401533016F4202F0AD040F635020721002002F08D
S21401534005FA0020FFF72EFE26F48026F10301D58C
S21401535002F006FC002EB8BF49F0080972070DD509
S2140153602B4B5B6A13F4005F14BF2A4A2A4A4FF498
S21401537000531ABF536244F400045362730548BFD6
S21401538044F0040416F4802600F0AA8002F0B2FB72
S2140153900138062842D8DFE810F021012401210156
S2140153A027012A012D012D01BB4639E7044645E7B1
S2140153B00192FFF76DFD144B019AC3F8882015F48E
S2140153C0805307D115F4806F0CBF4FF080544FF017
S2140153D0806454E74FF0804451E74FF0007368E76C
S2140153E04FF0004365E74C464D4668E7000008402D
S2140153F00000F7FF00E100E000500840F43700200D
S214015400EC3700200040084000400844090B0B8997
S21401541000100840001008440010084640F66602D6
S2140154200321002002F092F97C4A136ED2F8800024
S21401543003F007030633012101FA03F3C0F30C005E
S2140154401B1A9BB2072B13D9754BD3F88830580219
S2140154500ED47448136B126DC06C58B103F0070379
S21401546006339940C2F30C03C91A89B2072901D839
S21401547044F400746C4B1B78002B31D0674BD3F887
S214015480E03013F4A02F2BD1684B694A1B7893B9EF
S214015490FB0410D4137873B1E308664943EA4573F5
S2140154A083F00103D1F8E41E03F001035B0021FA47
S2140154B003F3980714D10420FEF754F85E4B5F49B6
S2140154C0D966FFF7D7F95A4A13782BB95C4B5D4A70
S2140154D01B682340134201D144F4804427F48057CB
S2140154E0BAF1000F1DD01AF4805F18BF44F480246F
S2140154F01AF4807F18BF44F400241AF4005F18BF22
S21401550044F010041AF4007F18BF44F020041AF483
S214015510806F18BF44F040041AF4006F18BF44F0BF
S2140155208004B8F1000F3BD018F4802F18BF45F463
S214015530007518F4803F18BF44F4805418F4801F97
S21401554018BF44F4003418F4001F18BF44F00204D6
S21401555018F4003F18BF44F4801418F4800F18BFE5
S21401556045F0100518F4002F1AD0324BD3F8BC3E84
S21401557013F0C00F14D02A4B5A68C2F30362032AF1
S21401558001D0072A07D1D3F88C20D10603D4D3F84B
S2140155909020120731D54FF40022DA6128F4002852
S2140155A0002F00F00D81380540F18180264ADFF892
S2140155B088A0D378002B4DD0013B4FF40061DBB2BD
S2140155C0CAF86410D37033B9204B1B78C3B1204B93
S2140155D040F60142DA660023002266E044F4803495
S2140155E022E744F400641FE744F480641CE744F4B3
S2140155F0807419E744F0080416E744F40014CFE772
S214015600DAF8703013F4A05F15BF4FF4807340F6DC
S2140156100143CAF85030CAF87030DCE70010084081
S2140156200040084000000840124D0020114D0020A7
S214015630134D002000100021005008400000010119
S21401564060170020088D0100044D0020154D002034
S214015650005008460320FDF785FFDAF80C30A8480D
S214015660A84913F0060F02BFA74B41F61F72DA6670
S2140156704FF40063CAF86430DAF80C3013F006030E
S21401568008BFCAF87030C38A13F4006260D023F4EE
S2140156900063C3820B7803F0FF0A002B5CD1FEF790
S2140156A01FF9FFF7F5FB534620221C431543B901AA
S2140156B00BD52E20FEF70CFB934A4FF00073936632
S2140156C002F17C4245F008055366FA0608D52B2000
S2140156D0FEF7FEFA8C4A1023936602F17C4253666B
S2140156E017F4E00F05D1FB045ED5BBF1000F00F007
S2140156F0AC80B80210D52920FEF7EAFAFFF7FCFACB
S21401570040B18249824A834B53668B668249496817
S214015710490424D445F0040517F4800BDFF8F0A102
S21401572029D00420FDF71EFF2720FEF7D1FAFFF748
S214015730AFFB4FF48003CAF86430784BD3F8E42EFD
S21401574050067CD4764B02221A6045F0020528E00A
S2140157500B784FF40053A8E74FF400433CE76A493F
S21401576020208B665366FEF7B3FA2D2045F00C0514
S214015770FEF7AEFAD0E7FA024CD50420FDF7F2FEAA
S2140157802820FEF7A5FADAF87030002B3FD1FFF794
S2140157907FFB5D4A5F4B936602F17C4245F0010553
S2140157A053665B4B00221A657B0509D55D4A9378E3
S2140157B0002B00F09880013B9370002349EA03090F
S2140157C04A4620462946FFF7D1F80EB102F0BAF94B
S2140157D018F4002F00F08C804F4B4FF40022DA6152
S2140157E018F0206F00F0888018F0007F01D0FDF7D8
S2140157F067FC18F0006F01D0FDF77EFC0022002048
S2140158004FF4006105B0BDE8F04FFFF7AFB8CAF836
S21401581070B0BEE7FB04C4D50420FDF7A3FE424BDF
S214015820CAF86C30FEF75CF8DAF85C3013F4A00FB7
S214015830B7D12A20FEF74CFAFFF72AFB7DE7D3F80B
S214015840BC3E990681D4394B7DE7364A13794BB174
S214015850013BDBB2137113B92C4B354ADA660023D0
S2140158601C43A1E70420FDF77DFE0320FDF77AFE29
S214015870274B2D4ADA6619F054FA82460DF10F00CD
S214015880FEF78AFC2B4B1B7883460BB1FEF7DEFF37
S214015890BBF1030F0ED1DFF880B00020FEF77CFCD1
S2140158A0032807D1DBF88C30DA03F6D4DBF8743042
S2140158B00C2BF2D99DF80F30032B06D11E4B01227B
S2140158C050461A7019F031FAC9E71C4BD3F8E0308C
S2140158D013F4A02FF2D1FEF7CDFF504619F025FAAA
S2140158E04FF48043BCE70220FDF73CFE012365E749
S2140158F0B8F1000F7FF474AF05B0BDE8F08F00BFBC
S214015900F4370020154D002000500844005008468A
S214015910005008401000000200400840001000211E
S21401592000400844044D00200000010100400846E4
S2140159300000010D144D0020114D002000100840FC
S214015940014B1B68184700BF54120020034A01236D
S214015950136202F17C42D361704700BF00400844E5
S2140159600B4B10B55C691A6A1440A2B2DA61E20701
S21401597004D55868C0F30360FFF7E8FF630706D550
S214015980BDE81040042200200021FEF7EFBF10BD45
S214015990004008400C4A08B5136BD16B0B4093636B
S2140159A0DB070FD5094B187840F6AC22122100F020
S2140159B0010001F0CBFEBDE80840002201200021D5
S2140159C0FEF7D4BF08BD00BF007008406017002076
S2140159D0044BDA6FD207FCD41A6FD96F0A409A6764
S2140159E0704700BF0030084070B50D46144619F0E8
S2140159F098F9064BD3F8BC6E74402C407440C3F83B
S214015A00BC4E19F092F905EA060070BD001000219F
S214015A10034BD3F8BC3E99430CBF012000207047CE
S214015A20001000212DE9F04117460A43012A9DF88E
S214015A3018409DF81C60DDF820801D4629D8B44228
S214015A4027D2082E25D8032B23D8B8F1000F20D053
S214015A500A46002101F060F8EB00FF219940DFF8CB
S214015A6038C0C94308F1FF38FF00E2B2964202D8B7
S214015A700020BDE8F0813D190CEB850518F8010FF3
S214015A80D5F8EC2098400A401043C5F8EC000134E4
S214015A90EBE70120EDE700BF001E002109490A4A95
S214015AA0D1F8EC0010B504230124C2F8EC308C6266
S214015AB04FF400515162410744BF02F10072C2F82F
S214015AC0EC3010BD00100840001008442DE9F743E3
S214015AD08E780F2E80460C4603D9012003B0BDE810
S214015AE0F08326B901232E4A00201370F6E70D78BD
S214015AF091F80190002D3BD1B9F1000FEDD194F949
S214015B000310E088FDF7E8FF0128E6D055EA09030F
S214015B10A088244F32D1FDF701FF23498A6D4FF645
S214015B20040583B292B24FF60500AA4208BF0246A8
S214015B303A800825802201278F658A672A461A49F6
S214015B4003B1013B013ECB62F6B2002301930096FE
S214015B500123294608F1A400FDF720FF1FB1134BCE
S214015B604FF48012DA64124BA2681A600223BAE775
S214015B70082DB2D8B9F1080FAFD8C0E7FDF7CEFEB1
S214015B803A884FF604039A421EBF07498A653B804E
S214015B90A9454A4683B238BF2A460027CFE700BF49
S214015BA0164D00209C150020005008400050084665
S214015BB0103800200C4BD0F8C42010B5C3F8C02014
S214015BC0027C0446120202F400624FF40061FFF701
S214015BD00BFF237C13F0080F14BF044A044A4FF44A
S214015BE00073C2F8883010BD001E00210040084630
S214015BF00040084437B5204D0C4641B90A460721F6
S214015C00FFF7F2FE1D4B2C635C6003B030BD07222C
S214015C101146FFF7E9FE1A4B07225A60237985F8E9
S214015C20303063790193012101A81EF0D4FC019B59
S214015C30C2B2D34000F00F0040EA031085F83100ED
S214015C40A27985F83220E27985F8332020686863E6
S214015C5083B1028801218B4205D82379013B134485
S214015C60084A9361D1E730F81150AA4228BF2A4664
S214015C700131F0E71A46F0E7001F0021301F00212E
S214015C800000084400000840431C07D0044B6FF096
S214015C90FF029A6103F1007310409861704700BFDC
S214015CA00070084400F01803182B0AD003070AD422
S214015CB010F0100040F2011318BF1846034BD864C9
S214015CC070470020FAE70120F8E700BF001F002117
S214015CD0344B2DE9F7431E6801F4007900F0010307
S214015CE0174653EA090205460C462ED04FF0000827
S214015CF003B30023002201200021CDE90088FEF72E
S214015D004DFE41463046FEF7B5F941467083012007
S214015D1001F092FB716B06F1A400FEF751FA2249DD
S214015D200868FFF7B1FF4FF0FF330B60337C43F099
S214015D3004033374B9F1000F07D0012130461DF07A
S214015D404CFF24F4007405430C43D6E93E232A4055
S214015D50234052EA030103D01449304609688847B4
S214015D60FB070FD51249134A086813680021116012
S214015D70114A0121117003B19847104B00215B684D
S214015D800220984717F00E0F08D040F2F3123B217D
S214015D90002003B0BDE8F04301F0D8BC03B0BDE875
S214015DA0F08300BF38380020581200205C12002013
S214015DB02038002024380020194D002034120020FD
S214015DC0044B1868830654BFC0F30F204FF6FF70CC
S214015DD0704700BFEC370020F7B50446D4E93EC74C
S214015DE01046DDE908268CEA020587EA0601054029
S214015DF0194085EA0C057940C4E93E5123F4004177
S214015E0006EA010320F00100002543F40073024076
S214015E1043F00203CDE90055FEF7C0FD237C9A0747
S214015E2017D5D4F8FC309B0513D54FF488112046BE
S214015E301DF0D3FE237C65F341032374D4E93E238E
S214015E4002400B4052EA030103D003492046096889
S214015E508847002003B0F0BD5C12002038B103680B
S214015E60044A002B08BF1346034A13607047014BD0
S214015E70FAE700BF693E03005C120020024B986BF4
S214015E8000F00F00704700BF001F00210F2938B532
S214015E9005460C460ED801F0DFF801280CD1074A5A
S214015EA0936B23F00F032343936328461EF0B6F942
S214015EB0002038BD0120FCE70220FAE7001F002180
S214015EC0014BD86B704700BF001F0021014B00201B
S214015ED0D9637047001F002103282DE9F7434CD8EA
S214015EE0274B13F80080274B1E5C274B13F80090B6
S214015EF018F017FF0746FEF707FF054640B10023D7
S214015F00CDE900330022002301200021FEF746FDE3
S214015F10FEF702FF48B10023CDE90033002200233B
S214015F2000204FF40041FEF739FD26B3174B5C6C99
S214015F3004F00804164B31465C644046FEF7F4FF55
S214015F404A4631464046FFF751F8124B5C6465B14C
S214015F50114B1868416BA430FEF732F90F490868F7
S214015F60FFF792FE4FF0FF330B60384603B0BDE8F3
S214015F70F04318F0DABE3446DCE703B0BDE8F08340
S214015F80A23804009E3804009A3804000000084035
S214015F900000084400000846383800205812002047
S214015FA0104AD2F8883013F0A00F16D1D2F88C0020
S214015FB010F0040013D10C4BD3F8E43E23F07F43DA
S214015FC023F0FF035BB15368C3F30362092A07D0CA
S214015FD0B2F10C0018BF0120704700207047012065
S214015FE0704700BF004008400010002170B50D4604
S214015FF0064620B9194B1B68A3B1032011E001F036
S2140160002BF8012828D1164B93F90040C4F11C0443
S214016010641BC4F11C03002BB8BF5B42232B0CDDB1
S214016020012070BD81EAE173A3EBE173DBB2232BA0
S214016030F6D80B4B19700020F3E7B57418F071FE13
S214016040084A5369E40223F4FF2304F4FF241C43A3
S214016050546118F06AFEEEE70220E2E738380020C5
S214016060174D00200070084018B9034B93F9000043
S214016070704790F912007047174D002008B5FFF7DA
S21401608099FD18F04EFE074AD2F8BC3E23F02003D5
S214016090C2F8BC3E18F049FE034B02221A600020EB
S2140160A008BD00BF001000210040084690F8C2302D
S2140160B053B9074BDA69920208D49B6F13F4706FD9
S2140160C014BF012000207047002070470120704750
S2140160D000600840F8B5436B02EA010523EA0103B4
S2140160E02B434363344A01F00B030C4623EA0501B4
S2140160F0516402F100722B4061070646536411D5C4
S2140161000121FFF7D3FF68B1FEF7A4FE15F0040FD7
S21401611014BF2A4A2A4A4FF40073D361294B04223A
S214016120C3F88820E20606D515F0100F264B14BFDB
S21401613000221B22DA6423061DD52F0616D51F4B17
S2140161404FF400129A6103F17E430122C3F8F8204E
S21401615018F0E7FD0E2107460320FDF733FF1A4B23
S21401616040F201225A62384618F0DFFD294606F150
S214016170A400FEF725F8E00503D5E90516D5FDF7D9
S214016180EBFEA20503D5AB0513D5FDF7F5FE14F01E
S214016190600F09D0D6F8941030461DF066FE0B4B02
S2140161A098640B4B80229A600020F8BDFDF7CCFE68
S2140161B0E7E7FDF7D9FEEAE7000008440060084675
S2140161C0006008440040084400000840001F002109
S2140161D000400840014B1868704700BF1C3800207B
S2140161E037B5012300240022CDE9003400231046F0
S2140161F01946FEF7D3FB0220FDF7B4F9054D064B11
S21401620021461C6002206B6898472B6803B0BDE8E6
S2140162103040184734120020243800202DE9FF4171
S214016220022903900C461546984605D1FFF7D8FF7C
S214016230002004B0BDE8F081194E18F072FD3368F5
S21401624007463BB1AB4205D018F06FFD0023336023
S2140162500120EEE7134B3560C3F8008001230022CE
S214016260CDE90033002310461946FEF797FB0E4B87
S214016270002502201D70FDF775F922462B4603A95D
S2140162800220FDF78DF9094B039A1A60084B1B682B
S21401629004469847384618F048FD002CC8D1D5E783
S2140162A02438002020380020194D00201C380020FA
S2140162B034120020044BDB6D5B055ABF034B187884
S2140162C0012000F00100704700500840194D0020E1
S2140162D0014B98691DF06CBD00600840014B986940
S2140162E01DF07CBD0060084070B50E4618F019FD23
S2140162F0054600F0D5FE044620B1284618F015FDE7
S214016300204670BDFEF7A6FD114B3278D3F8E43E69
S214016310022A23F0F00316D0101F424242415200D7
S21401632043EA02137278022A0FD0111F4A424A41E9
S214016330520043EA8213064AC2F8E43E054B0422A1
S214016340C3F88820D9E70122EAE70122F1E700BF76
S214016350001000210040084470B50E4618F0E1FC1C
S214016360054600F0B5FE044620B1284618F0DDFCCF
S214016370204670BDFEF76EFD104B3278D3F8E43E32
S214016380022A23F00F0315D0101F42424241520049
S21401639013437278022A0FD0111F4A424A41520013
S2140163A043EA8203054AC2F8E43E054B0422C3F8D9
S2140163B08820DAE70122EBE70122F1E7001000214D
S2140163C000400844F8B50E7890F8D0700446304680
S2140163D00D46FCF7C3FC002844D094F8D030B342F5
S2140163E008D1AA88636C9A4204D16A88B4F8D2307C
S2140163F09A4235D084F8D060AB88A4F8D4306B8844
S214016400A4F8D230AB886364FF23637530461DF071
S21401641073FC04F1D00520752846FCF783FF10BBFA
S2140164202846FCF791FCF0B9D4F8903053B194F8B3
S214016430D010B94206D0B3F912202046EDF7EAFA99
S21401644084F8D9002046FCF76FFE0949A4F8D40069
S214016450084AD1F8F810012304F1A40001F06EFDFA
S2140164600020F8BD01200E2384F8D030F9E700BFE4
S214016470001F00216C1F002170B5054690F8D00062
S2140164800E280C461DD0FF291DD01AB10F4B4FF018
S214016490FF321A601DF030FC064695F8D000FCF776
S2140164A007FD844228BF0446E4B2B44238BF3446EE
S2140164B0E0B26875FCF798FDA0F1FF035842584119
S2140164C070BD0220FCE70120FAE700BF3C12002065
S2140164D0C36B012B01D10020704770B5364BD0F845
S2140164E09060D3F8F830C0F8943086B03146058B0A
S2140164F004461DF098FCB3898DF80600D6E9012103
S214016500EB1A9BB201FB032268460021ADF804306A
S2140165100092FDF7D7FF38B9284B228BDA63FCF7D8
S214016520CFFE20B106B070BD022006B070BD227C41
S21401653060F3410222741DF039FCD4F89030596999
S214016540431EDBB209680291FD2B02460BD9CD1C16
S21401655009D91B4B01311B680CD0D81C07D802A9DE
S2140165602046029301E002A920461DF09AFB002076
S21401657006B070BDD91C04D802A9204602931DF0AE
S21401658090FBD4F8FC309B0504D4237C43F0020333
S2140165902374ECE74FF4803120461DF01EFBD4E94E
S2140165A03E2302400B4052EA0301E0D00549204653
S2140165B009688847DBE700BF001F0021003008405C
S2140165C0441200205C12002038B505460C4641B145
S2140165D01DF0E0FD28B14FF400312846FFF718FA08
S2140165E004342046FDF79AF9024B4042C3F8D40E14
S2140165F0002038BD0010002170B54C30814214BF18
S2140166000C460024164618F08CFB0D494A684FF4D8
S2140166109C53C2F30362D340DA07054603D5D1F88B
S21401662088309B030AD420460122314601F048F9FE
S2140166300446284618F079FB204670BD0324F8E787
S214016640004008402DE9F74F06461546084619B999
S214016650012003B0BDE8F08F002AF9D0032904D841
S214016660002101F091FA0028F2D08278048803799B
S21401667090F805B0C788B0F90000002802F00701BD
S214016680C0F2D180A1F1070CDCF1000040EB0C0058
S214016690052928738CBFC2F300100020C2F3801CAA
S2140166A06873900985F810C000F00200C2F3C00CB0
S2140166B040EA0C00C2F340126874AA74AF820BB9A8
S2140166C096F8CA30013BDBB2EB74736BD80600F167
S2140166D096800639012900F29280544BDB6C544BAC
S2140166E05A6B1B6B03F0070306334FF0010909FAD7
S2140166F003F909F1FF39083C42F0005804EA09049D
S214016700002318F804A0AB60013404EA0904631DF1
S21401671003EA09035A1C02EA090218F8037018F87A
S2140167200220BAF1800F47EA0227727C18BFAAF14D
S214016730320A3BB214BF4FFA8AFA6FF07F0AC7F3E8
S2140167400B079AB30020D6F89C300BB151469847F8
S214016750631C03EA0903E87385F80EA018F8031012
S214016760013303EA090318F80320013303EA090396
S21401677041EA022118F80320013303EA090341EA3A
S214016780024118F803006A7C002341EA00613046A2
S21401679001F0A2FC2860737C042B03D1022FDCBF1E
S2140167A0013028600423AB71002052E7D90422D5BA
S2140167B0D6F894209AB11368022B10D992F82400C7
S2140167C0FB0008B1B3FBF0F39B45BBD8002BB9D057
S2140167D0CBEB0B20B0FBF3F0C043C0B2B3E73046BF
S2140167E01DF0BCFB019030461DF0A8FB019BB3FBDE
S2140167F0F0F0C0B2E4E718F804004000EDE700232B
S214016800EB730C4BDA68C2F30723120448BF63F03C
S214016810FF035AB212F1800F1CBF323B5AB200235B
S214016820AA732B60BFE7022013E700BF00000840F1
S214016830001008400070084038B58D880C461DF0E1
S2140168408DFBEB0080B1B3F5803F0DD8074A4309B5
S21401685002FB053322680009B3FBF0F31A44072351
S2140168602260A371002038BD0220FCE720A10700AA
S21401687070B50A4B0A4DD3F8EC604FF48064C5F846
S214016880EC400020FEF78EFB4FF400536B6573055A
S21401689044BF044BC3F8EC4070BD00BF0010084075
S2140168A0001008440010084611F5004F1FBF01F301
S2140168B00E01044BC1F30E01002014BF1964012020
S2140168C0704700BF00300840F8B504460E4641B98F
S2140168D0037C5A0641BF4FF6FF7261F3861382832B
S2140168E003743C4BD4F894701B680BB12046984750
S2140168F0394BA18BD3F8842012F4E05F04BF202229
S214016900C3F810224FF6FF73994204D0334B1B682D
S2140169100BB120469847324DD4F894102A6891421C
S21401692007D020461DF0A1FA2E4B98642E4B8020EE
S2140169309860974245D02D4B1B684BB11FB13A6802
S214016940002A40D0BF68394620469847D4F89410AC
S21401695008461DF0A2FA30B3254901F06DFA072763
S2140169602046FCF7E1FB16B3224B94F9122093F96B
S21401697000302149D4F89400C3F11C039B1A4A69DC
S214016980DB0222F4FF2203F4FF2313431B4A4B616D
S2140169901B4B286006211167204601221A701DF044
S2140169A03DFC0020F8BD20461DF0ACFCD4E70D4BA5
S2140169B00F4AD3F8F81004F1A4003B4601F0BEFAE2
S2140169C0D2E70127CCE71746394620469847D4F840
S2140169D09410BDE72C3800200060084018380020CD
S2140169E00C380020001F0021004008401438002009
S2140169F06C1F0021174D002000700840000008445D
S214016A00184D002002484822002120F0DABE00BFBF
S214016A10E81E0021002373B583746423C0E92C3378
S214016A20C0E92E334FF0FF35C0F8AC30A0F8C030C7
S214016A300E264FF6FF73C0E9075580F8D06045640F
S214016A408582837504461120EBF7A6FC042834D111
S214016A501B4B5B6813F4403F2FD12046FEF764F9C9
S214016A602046FFF7CFFF94F912102046FFF7BEFA33
S214016A70144A6023536402F5805240F6FF71516256
S214016A805165114A5364114B4022C3F88820626B4A
S214016A9029462046FFF71EFB002240F2022310463D
S214016AA01946CDE90066FDF779FFFCF7EBF92046BC
S214016AB002B0BDE8704000F02FBE022002B070BDEB
S214016AC000300E4000000840000008460040084420
S214016AD010B50C46FFF796FFBCB1A378082B16D865
S214016AE0E278082A13D843EA021313F0FF03094A8F
S214016AF014BF61681946C2F8E810217882F82C1193
S214016B00617882F82D1182F82F31002010BD012006
S214016B10FCE700BF001E0021012A10B512D8032B86
S214016B2010D803EB8202084C0123934094F82E01FF
S214016B30DBB221B1034384F82E31002010BD20EAD8
S214016B400303F8E70120F9E7001E002170B50C6881
S214016B50B0F8D4208D680346013404BFD3F8AC40A6
S214016B600C604C68013404BFD3F8B8404C606E1C0E
S214016B7000F1A40038D1D3F8B440CE688C60751CFF
S214016B8038D1D3F8B0500E69CD60013604BFD3F8C2
S214016B90A4600E614E69013604BFD3F8A8604E6149
S214016BA08E69013604BFD3F8BC608E618E693EB330
S214016BB04132B24238BF32460E688A61C3F8B440E9
S214016BC04C68C3E92E420A69C3F8A4204A690D49F4
S214016BD0C3F8A820C3E92B650B4AD1F8F8100723A0
S214016BE001F0ACF9002070BD02F14104AC4238BF9F
S214016BF02C46C2E702F16405B54238BF3546C2E706
S214016C006422D9E7001F00216C1F002170B518F01F
S214016C1088F80C4E054600F01FFA012804D02846D5
S214016C2018F083F8022070BD736813F0706FC3F319
S214016C300364F0D1F36BDB06EDD5284618F075F842
S214016C402046F0E70040084038B518F06AF80B4ACD
S214016C5013884FF6FF718B4203D118F066F80320B4
S214016C6038BD074C074DE56504F100741B04E36568
S214016C70118018F05AF80020F2E700BF9E15002098
S214016C80006008440000FFFF2DE9F34105460F466A
S214016C901446FFF785F980B1DFF81882D8F80C3072
S214016CA0DE0740F1EA8018F03CF806460320FCF7C0
S214016CB083FD38B1304618F038F80226304602B067
S214016CC0BDE8F081D8F80C3013F0060FF2D130464B
S214016CD018F02BF86A4B4FF400612846D3F8E48E7F
S214016CE0D3F8C46EFEF794FE40B1664B4FF40072C3
S214016CF00121C3F88820084600F09EFB3946284645
S214016D0000F0ECFC5E4BC3F8C46EC3F8E48E064696
S214016D100028D3D12B7CD80601D4002C66D0C4F32E
S214016D204000FEF75DF814F4807F14BF564A554ABA
S214016D304FF002031BBFC2F88830544AC2F88830AD
S214016D4000211CBFD16093624D4BD3F8BC7EFEF789
S214016D5081F84F4A14F0040F07EA02034FF48061EA
S214016D606BD04C489342C16106D14B4A92F8D03061
S214016D7043F0020382F8D030424B042214F0400F55
S214016D80C3F8882014BF454A454A40232046C2F826
S214016D908030FEF787FF28461DF05AF940B114F0FF
S214016DA0010F14BF384A374A4FF48073C2F888304F
S214016DB0A1064CD56B8C4FF6FF7293420FD0394A21
S214016DC03949D26D100CC2F30112088001323749DD
S214016DD0B3FBF2F32F4A3648C8651B04D3652B7CF8
S214016DE0003C18BF012464F304132B7428461DF0DD
S214016DF0D1F9F0B128461DF02BF9D0B14FF400318E
S214016E002846FEF705FE431C9BB203221F4801A934
S214016E101DF0ACFB9DF8042002F00703052B9DF83E
S214016E2005301DD1120715D443F480731A4AC2F8EF
S214016E30CC3000201CF04CFF40E71C489342C16157
S214016E409AD1154A92F8D03023F0020392E7FFF761
S214016E50FBFEC4E713F0040F09D19DF80630E3E703
S214016E6003F03002202A05D113F0010FF4E74FF4A6
S214016E708073DBE79DF80630D8E703261EE700BFE0
S214016E800010002100400844004008460010084059
S214016E908000004000600846001E00210070084681
S214016EA000700844006008409E15002000600844F9
S214016EB00000FFFF005008402DE9F34106468846D2
S214016EC015461F4617F02DFF04460320FCF774FCF9
S214016ED038B1204617F029FF0324204602B0BDE84A
S214016EE0F0810420FCF768FC0028F2D1204617F058
S214016EF01CFF2A4641463046FFF7C6FE04460028D8
S214016F00EBD1DFF8BC80002F38D088F80000394676
S214016F103046FEF7DBFD002845D198F80030012BFE
S214016F2029D0224B2022C3F88820214B9B6CB3F535
S214016F30817F2BD201201CF02EFF17F0F2FE1D4B95
S214016F401B68019306464BB10420FCF70BFB00239C
S214016F50012201A90420FCF723FB00B3FCF774FC13
S214016F602B0617D5144B00221A67FCF7ADFC3046EA
S214016F7017F0DBFEB1E7FDF725FFAEE798F8003026
S214016F80012BF8D0002BCCD10124A6E70B4B802295
S214016F909A60CFE7FCF798FCFDF7FEFEE7E7FDF702
S214016FA077FF0124E3E7044697E700BF0040084661
S214016FB0001F002110380020005008400040084003
S214016FC0164D002008B5094BD3F8B4305A1C0BD027
S214016FD05B0009D40320FEF77FFF054B4FF080626C
S214016FE0C3F894200122DA6008BD00BF0081E00FDB
S214016FF000400846054BD3F8880003F180634FF440
S2140170000022C3F88820C0F3C04070470040084003
S214017010014B024A1A60704714380020F55B0100E4
S214017020024BD86800F00100704700BF00500840CE
S214017030084BDA68D10707D508B9FCF76DBADB68E3
S214017040DA0706D4FCF75ABADB68DB0701D4002856
S214017050F8D17047005008400F4B5B68C3F30363D9
S214017060013B0B2B0FD8DFE803F006060C060606DD
S21401707006080A0808080220704704207047052001
S214017080704703207047054BDB6813F0060F0CBFF3
S21401709001200420704700BF00400840005008400F
S2140170A00A4A5368C3F303630B2B08D06FF490505E
S2140170B0184100F0010080F0010040007047D2F84E
S2140170C0880010F48030ECD1704700BF00400840C3
S2140170D00C4A5368C3F30363062B07D8042BD8B2B4
S2140170E00CD8C31E5842584140007047072B07D1A1
S2140170F0D2F8440110F00050EBD1704702207047DF
S21401710000207047004008400A4A5368C3F30363EF
S214017110032B01D0072B0AD1D2F88C30DB0606D41C
S214017120D2F8900080F00800C0F3C000704700203D
S214017130704700BF00400840024B002219681DF04E
S21401714008B800BF8853040010B5FF224FF6FF7140
S21401715004461DF022F868B9FF224FF6FF7120465B
S2140171601DF02CF830B920460349BDE81040FF2237
S2140171701DF036B810BD00BFA638040010B55B0779
S21401718043EA02439DF80820520543EAC16302F030
S214017190BC621A43084942F4C8720446FEF724FC4E
S2140171A0064B1B680BB12046984700221146204625
S2140171B0FFF722FA002010BD9007E12D303800209D
S2140171C008B51CF0E7FF20B1024B586D003818BF18
S2140171D0012008BD0000084008B5FFF795FFA8B1DB
S2140171E00B4B5A69110311D5D3F8882092030DD49D
S2140171F0D3F8903013F0100F4FF0100304D1054A66
S214017200C2F89030002008BD034AF9E70220FAE7E9
S21401721000400840004008460040084438B504468F
S21401722008B3134A53691B031FD5D2F88C50114B70
S214017230C5F38115032DB3F8C8300ED1083B9BB2B8
S21401724008220D4821461DF091F9094B2572D3F805
S21401725090301B0A6372002038BD022D05D1023B17
S2140172609BB22A46EDE70120F6E70220F4E700BFCD
S21401727000400840001E002130100840034B1868EB
S214017280034B002808BF1846704700BF343800205B
S21401729054530400F8B50D4610B900242046F8BD35
S2140172A00E4F3E68002EF8D100F062F80446002822
S2140172B0F3D0386000F0A8F820461DF013F838B176
S2140172C030463E6000F0A0F820461DF006F8E4E7E0
S2140172D0002DE3D02046A847E0E700BF383800205D
S2140172E0024B1868003818BF012070473838002054
S2140172F0024B00215B680846184700BF3412002085
S21401730010B51CF01CFF044618B9034B01215B683D
S2140173109847204610BD00BF3412002010B5FFF775
S214017320CBFD044618B9034B01215B6898472046FC
S21401733010BD00BF3412002010B51CF0F5FB04464A
S21401734020B9034B01215B6808469847204610BDCB
S21401735034120020431E033306D8044B984228BF3C
S2140173601846642838BF6420704700BF40420F00AB
S214017370F8B5054617F0D5FC0F4B1E68074626B92B
S214017380384617F0D2FC344611E0B4688CB194F854
S21401739010C01CF0010F0CD195E80F004CF0010C49
S2140173A084E80F0084F810C0384617F0BEFC20466B
S2140173B0F8BD3668E3E700BF6412002038B505461D
S2140173C00C4641B10B6833B11B68013303D0CB685F
S2140173D00BB18B684BB91CF078FCBDE838404FF414
S2140173E092724121002000F0B1B90846FBF79EFCDD
S2140173F00023044A85F8DC30C5E92343C2E900339B
S21401740038BD00BF6817002010B5044618B9054BF3
S214017410054A136010BDFEF721FDD4F89830002B05
S214017420F6D1F4E7C342030060120020014B18684E
S214017430704700BF6817002010B50C46FEF74CFDDC
S214017440054B00215B68032098471CB1FFF704FE3B
S2140174500128FBD110BD00BF3412002008B502463A
S2140174600868FFF777FF08604868FFF773FF486012
S2140174708868FFF76FFF8860C868FFF76BFF0B69C6
S214017480C860581C03D00B48834228BF03460B61D3
S2140174904B69581C03D00748834228BF03468869B6
S2140174A04B61FFF757FFBDE8084088611046FFF7BC
S2140174B04DBB00BF40420F002DE9F84FD0F8903089
S2140174C006460F4613B1038B8B4244D0D6F88CB0D8
S2140174D0BBF1000F42D0DBF80830002B3ED0DBF8C2
S2140174E00C1000293AD0D6F8A0A0BAF1000F38D077
S2140174F04FF000094D46C84601E0DBF8083005EBC1
S214017500C50203EB82040135E389BB4214D8238A02
S214017510BB42304610D3B4F91220B6F92430934258
S214017520A04653DD96F8D010ECF774FA337D83420B
S21401753081464BD9DBF80C108D42DED3B8F1000F33
S2140175403ED00023424619463046D0473783C6F818
S214017550908086F8D9900020BDE8F88F0320BDE81A
S214017560F88FD1465446524647F6FF7504EBC408D9
S21401757003EB8808B8F80E30BB421BD8B8F81030B9
S214017580BB4217D3B8F91220AA4207D14FF0FF0920
S2140175903783C6F8908086F8D990DCE796F8D01045
S2140175A03046ECF737FA337D834281464246EFD9BF
S2140175B0DBF80C100134A14204D9DBF80830D5E71A
S2140175C00120C9E7002AFBD09046E1E7A046B8E7CC
S2140175D02DE9F04782B0044689461646FFF70AFDB4
S2140175E03B4D08B100236B602B68D4F88CA0D4F80F
S2140175F090700BB153454BD04FF00008C5F808907A
S214017600FFF72AFD012836D12B68DAF800103A6810
S21401761013B11868884246D020461CF06CFDC5E9B7
S21401762000A7D4F8A0508DF80760002D42D00022A4
S2140176300DF1070311462046A8472046FEF748FFEE
S2140176400546B8F1000F00D08EB1B5FA85F040F2CC
S214017650DE324009332100F079F831462046FFF743
S21401766033F91C4B05461B68394620469847284681
S21401767002B0BDE8F0870120FEF72EFC164B002174
S2140176805B6803209847FFF7E7FC0128FBD1BBE7BF
S2140176906B68002BB0D0BB42AED1AB68994514D015
S2140176A04FF00108AAE7696811B109689142B6D09E
S2140176B05968B1E7217D94F8D930994228BF194617
S2140176C032462046FEF7D8FEB7E70025CFE700BFD3
S2140176D0681700206012002034120020F8B5054615
S2140176E00E4617F01EFB314607462846FFF7E4FE16
S2140176F0044620B1384617F018FB2046F8BDFFF7C0
S21401770061FC224631462846FFF762FF04463846AA
S21401771017F00BFB2046F8BD07B54FF400730A4976
S214017720ADF806300DF106021CF0B5FEBDF80630C8
S214017730B3F5007F05D1022808BF002003B05DF82D
S21401774004FB0120FAE700BF3C38002008B550B919
S2140177500548064B01601A60054B1A68054B1A600E
S214017760186801F01BFE08BD68120020403A002090
S214017770383800203C3A00200D4BD3F8E020D203E5
S21401778014D50C494FF48032C3F8E820C1F8EC2038
S2140177909A6BD1B2C2F3072299679A6704229A6755
S2140177A000229A679A679A679A679A67704700BF36
S2140177B00010084000100846F8B50C4C0D46174658
S2140177C0064617F0AEFA0123A3620423276066601B
S2140177D0A560C4F8E830064B4FF48072C3F88021E8
S2140177E017F0A3FA0DB10223A362F8BD00100840FA
S2140177F000E100E0054B1860054B01229A6540F652
S214017800FF72196358635A65704700BF483A0020F3
S214017810001008402DE9F04F042A83B0054639D9F7
S2140178200B7883614B7883618B788361CB78836136
S2140178300068D5F808B06E6800F00700012306302E
S21401784003FA00F808F1FF3909EA0B07A2F1040A66
S214017850A8EB0702924501F1040446F000560DD844
S214017860F019214652461FF05AFF0AEB0B0248EA6E
S21401787009031A40AA6003B0BDE8F08F2146F0194B
S21401788001921FF04CFF019AA118AAEB080230469C
S2140178903A44E8E7013A032AEDD8DFE802F00B089C
S2140178A0050211F8013B836111F8013BAB6111F848
S2140178B0013BAB610B78AB6103B0BDE8F08F00BF55
S2140178C038B50C46104B1546014668B10122C3F87F
S2140178D0B8200E482246FFF79DFF1DB10A4B042231
S2140178E0C3F8B820002038BD64B1D3F89C20A2426A
S2140178F084BF0122C3F8B820C3F898400222C3F817
S214017900B820EAE70122FAE7001008409010084084
S21401791010B517F006FA184B184901229A65C3F8F4
S21401792088201A66164A5A660722C3F884200A80F7
S214017930144900220A804FF4A021C3F8E81003F18D
S214017940C0630446C3F8EC100F4B1A600F4BD3F814
S21401795088305B020AD50E4B18680E4B4FF4800236
S214017960C3F88820416BA430FCF72AFC2046BDE80A
S214017970104017F0DAB900BF00100840D4430020C9
S214017980C0180020D2430020443A0020004008409E
S21401799038380020004008440D4B07221A800D4B52
S2140179A000221A800C4B0121C3F8B810C3F89020AE
S2140179B04FF40052C3F89400C3F8B420074BF022EA
S2140179C01A6403F10073A0221A64FFF7A1BF00BF77
S2140179D0D4430020D2430020001008400000084491
S2140179E02DE9F041044688B1394E3A4F17F099F91E
S2140179F03388394A03F07801032C054603F07F0CDF
S214017A00114453D13C6824B917F08FF90320BDE81F
S214017A10F08124F00104386820F00100A0424AD128
S214017A2000223A6022886FEA42426FEA52428C4252
S214017A30228036D1294CDFF8B8C02788ACF18008FF
S214017A403A46083A92B201F10800604528BF40461E
S214017A50082A04D9B0F900E0BEF1000F36DB228017
S214017A603B440C8888781E499B1ADBB2C4F30C048D
S214017A70CC6300F007003380CB66C1F88420FFF7A3
S214017A807BFE04280DD1174BD3F88830164B1868A7
S214017A90164B4FF48002C3F88820416BA430FCF7E4
S214017AA08FFB284617F041F90020B0E7601E012839
S214017AB098BF0C46AFE7094862440088A21A48BF3F
S214017AC0803208389042ADDC28469DE70146B8E78B
S214017AD0D2430020443A0020C0180020D44300209E
S214017AE00010084000400840383800200040084494
S214017AF0401900200E490F4B0A881B880E48134474
S214017B00073B03F0780303440832987892B20A8060
S214017B1000F0070009490428C1F8842004D101F5C2
S214017B2040514A681203FCD4054A1360704700BFEF
S214017B30D4430020D2430020C01800200010084083
S214017B40443A002010B5054C206828B1C30701D47B
S214017B50FFF746FF0023236010BD00BF443A002014
S214017B60084B4FF48032C3F8EC2003F17C43C3F892
S214017B70E420D3F88030C3F30C03782B01D8FFF749
S214017B80FBBD7047001008442DE9F84304460E4635
S214017B9017F0C7F8504B514D1A882D88814650482A
S214017BA002F07801032C02F07F03014417D14D4CFB
S214017BB024688CB92A44073A02F0780284180344F0
S214017BC0E31A48BF8033AB4210DB484617F0ADF8E6
S214017BD000242046BDE8F88324F00104EFE7012CD9
S214017BE002D0022CEBD1083D0C46E8E7002E41D02E
S214017BF08C423D4942D1D1F83C800A6B02F0070223
S214017C00063201279740D1F88020C2F30C029A422F
S214017C1047DDB4F900302588002BD6DBA378C5F301
S214017C200C0503F007037A1EA5EB08053A43052B5E
S214017C30337005EA02052CD82DB2E84340F23642ED
S214017C400421C00FFFF782FD7580E378274A33745D
S214017C5012687B1E03EA0803D118B160A9B213FAB1
S214017C6085F5BD4289BFFF1A0023B780F2609CBF2D
S214017C70B180F360484617F058F8AAE7A4F1080265
S214017C80824238BF04F17802B2F80080C8F30C08CB
S214017C90B3E7174BDB6C003B18BF0123A5EBC3050D
S214017CA0CAE78B6B7A1EA3EB08033A431A40114BC3
S214017CB015B25B686AB9C3F30363D91E4B424B41E5
S214017CC0DB0033700B4B7280D3F89030C3F307237D
S214017CD0BCE70823F5E700BFD2430020D4430020C9
S214017CE0C0180020443A002000100840483A0020FE
S214017CF0000008400040084010B517F012F8084B85
S214017D001B6804463BB1984728B1002200204FF477
S214017D108061FCF72BFE2046BDE8104017F005B841
S214017D204C3A00202DE9F74FDFF8ECB08146DBF83E
S214017D3000A00F46FBF756FD4FF0FF35CDE90001D9
S214017D4000202C46064606F110031B015BF80330A3
S214017D5003F00308B8F1010F15D13046FBF75AFDC1
S214017D6002460B46DDE90001FBF7EAFBDBF85C3077
S214017D7006F10802D340DB0737D5002F3ED0002599
S214017D803E602C4640460136052EDCD150B3224FCC
S214017D90396B0131A4FB014164190AF4403341F106
S214017DA00001B3F5003F4FF000022FD1FB6A0AF441
S214017DB0405A013342F10006BAF5805F21D1BD6A0F
S214017DC015F5807542F100026E4303FB0266A5FBC2
S214017DD003323244594304FB0212A3FB0434144415
S214017DE0C9E9003403B0BDE8F08FA84271EB040383
S214017DF0C8D207B13E6005460C46C3E73D463C4641
S214017E00C0E7320242EA13621B02E3E7BB6A13F5DC
S214017E10807342F10002DDE70050084040B103687C
S214017E20012B05D90069034B002808BF1846704787
S214017E30004870478C53040038B5054614480C4674
S214017E40FBF76CFD2DB1C30103EB5503B3FBF5F353
S214017E502360104A5368D80217D40F4B1B68D2F818
S214017E60A810C3F3810311F4806203F10103C9B2C0
S214017E7018BFDA00FF2906D00649D1F8AC1049052B
S214017E8001D502EBC302626038BD0022FBE700BFEA
S214017E9040420F000000084000200840084B1A68C6
S214017EA0C117A2FB000310F1807002FB013343F1FE
S214017EB00003400E40EAC310803820EAE0707047A5
S214017EC0543A0020174B072270B5C3F88420FBF7FD
S214017ED0D7FF154B154A164EC408010B0546E0059B
S214017EE0C01841F10001002315F05AFE114B18602D
S214017EF04EF66020FFF7D2FF4042C6F89C000E48BF
S214017F00FBF70CFD024658B1E301500818184FEA7A
S214017F1015714FF0000341F1000115F041FE706745
S214017F2070BD00BF00400840B2E60E0065CD1D00E2
S214017F30001F0021543A002040420F002DE9F8436B
S214017F40054608469846FFF769FF16460746002D80
S214017F5000F0A98018F0050F5DD02C69002C00F008
S214017F60A480FBF7DBF84FF47A735C43201A7B6836
S214017F70A0F6AC50C01AFFF791FFAC8B3062002C14
S214017F8000F09680FBF7CAF84FF47A735C43201A28
S214017F907B68A0F6AC50C01AFFF780FF70614A4BB1
S214017FA0EC68D3F80090002C00F08580FBF7B6F85B
S214017FB04FF47A735C43241A7B68A4F6AC54E41A33
S214017FC03B68E41A414B1A68E117A2FB044314F11B
S214017FD0807402FB013343F10003640E44EAC314C8
S214017FE0803C3B4BB4613B4CD3F88430F36123684F
S214017FF04BB148461CF0CEF828B12368D9F84800A2
S214018000324639469847AC69FBF788F80146204660
S2140180101CF0D5FAF06218F0020F29D06B684FF405
S2140180207A7058435BB13B6803F51C531033184410
S214018030AB7F002B46F2A81308BF00231844FFF7B6
S2140180402DFF6B69B062002B38D078684FF47A72D6
S21401805002FB0300AB7FA0F50350002BA0F110003C
S21401806046F2A81308BF0023C01AFFF717FF706275
S21401807018F0040F17D0A86818B34FF47A73584352
S214018080A0F503501038FFF709FFF0602B684FF496
S2140180907A70584323B13B6803F51C5310331844D8
S2140180A0FFF7FCFE3061BDE8F8834CF2503062E722
S2140180B04CF2503070E74CF2503483E747F23050C0
S2140180C0D3E747F23050DEE738380020543A002034
S2140180D0001F0021503A002010B508461C461BF030
S2140180E04BFE094B0246D3F8F800FFF797FE0368EC
S2140180F0A018002B054AA8BF4FF4FA721A44044B85
S21401810092FBF3F2104410BD001F00210CFEFFFF8E
S21401811018FCFFFF38B504460D4616F00DFE064A5C
S21401812013889BB22DB123431380BDE8384016F067
S21401813009BE23EA0403F7E7D8430020034B0022D5
S21401814001214FF480701A70FFF7E4BF204D002024
S21401815008B5054B18681CF094F800F00300C31E20
S2140181605842584108BD00BF703A0020F0B585B0AE
S2140181700023CDE901330393124B134D134E1B78A5
S2140181808DF8043016F0D8FD2A783378104F9A42CD
S21401819004460CD031783868297001AAFFF7CCF86C
S2140181A050B10C4840F6F311EDF784FD04E0386851
S2140181B01CF067F80128EDD0204616F0C3FD05B087
S2140181C0F0BD00BF201600201D1600201E16002040
S2140181D0703A00206256040038B5044616F023F9BA
S2140181E00C4B05461978987881420FD0631E082BF0
S2140181F00CD8DFE803F0050D0B0D0B0D0D0D0D0072
S21401820000220146044B18681CF039F8284638BD90
S2140182100022F7E720160020703A0020F8B52B4B15
S2140182201B7823B12A4840F6E531EDF743FD16F0F9
S21401823083FD284B1C8814F00604064609D001214C
S2140182404FF48070FFF766FF3046BDE8F84016F041
S21401825079BD21464FF48070FFF75CFF204602F09F
S21401826033F802280AD180221B4B802118681BF0A4
S21401827059FC17F0A0FEFFF779FFE5E7204602F06C
S21401828023F8054638B1012807D0114840F62741A2
S214018290EDF710FDD8E70246E6E70F4F3868FFF71F
S2140182A027F838681BF0EDFF01280CD038682A46FD
S2140182B029461BF0E8FF21462C20FFF78DFF2146BB
S2140182C00A20FFF789FF17F077FEBDE7204D002053
S2140182D062560400D8430020703A002038B54FF0AB
S2140182E0FF300C461FF077FA0A4B054618681FF058
S2140182F072FA641B241A20B210F1630F06DB10F128
S214018300240F05DA64308000C0B238BD0020FCE7D7
S214018310FF20FAE7703A002010B50E4C236823B907
S2140183200D4840F69641EDF7C5FC206801301CF07B
S214018330D8F900F0070003280AD124680922012190
S214018340204601F0D5F8205C031F5842584110BD65
S2140183500020FCE7603A00206256040008B5134B83
S2140183601B78062B04D0124840F62701EDF7A2FC35
S214018370104B1B881B0704D40D4840F62801EDF767
S21401838099FC0D4B2A201978FFF726FF00210820BB
S214018390FFF7C0FE094B02221A70094B1868FEF758
S2140183A0A7FFBDE8084018F09DBB00BF204D002088
S2140183B062560400D84300201D4D00201B160020E5
S2140183C0703A00200148002102F02ABEB0120020B7
S2140183D07F2837B5044612D119494FF6FF73024676
S2140183E0ADF80630098802230DF1060017F00BFEE2
S2140183F0BDF80640E20554BF64B26FF04A0416F0B9
S2140184009BFC104B1C70104B1B88DB07054610D5D8
S2140184100E4B1B78002B0E4B0CBF21466FF07F01D5
S21401842018681BF0A0FB20B10A4840F67F61EDF703
S21401843041FC284603B0BDE8304016F083BC00BFBF
S214018440C8F5030015160020D8430020214D002052
S214018450703A00206256040008B50A4B1B88DB06FA
S21401846004D4094840F64A01EDF724FC0021102007
S214018470FFF750FE002001F089FEBDE8084018F025
S21401848031BB00BFD843002062560400F7B5124C3A
S214018490D4E9006586EA020C85EA03070CEA000CBB
S2140184A00F405CEA070E15D086EA0C067D40C4E94B
S2140184B00065CDE900230B460849024608681BF013
S2140184C09DFF38B106484FF4FD7103B0BDE8F0409A
S2140184D0EDF7F0BB03B0F0BD40190020703A002064
S2140184E06256040010B516F0EEFD60B116F0EDFD13
S2140184F00B4A80B141F20D03BDE81040084841F235
S2140185000D01FFF7C3BF074B1A789B789A4204D137
S21401851000220023F0E70D23EEE7034AF9E700BF48
S214018520400D030020160020488D010038B5294B68
S2140185301B889B07044647D5274B00221868012154
S2140185401BF0CCFF012C254B2DD1197859B30139DD
S214018550C9B2197011B92020FFF7DCFD00210220F5
S214018560FFF7D8FD1E4B1F48042200211A7002F0A7
S21401857057FD1D4C206801301CF0B3F800F4406034
S214018580B0F5006F23D1246801210422204600F0B3
S214018590AFFF20441CF0A5F80146BDE83840002294
S2140185A0202019F01ABF114D002102201970FFF783
S2140185B0B1FD2B78FF2B04D00D484FF4D361EDF7B6
S2140185C079FB2C7018F08EFA012CD2D038BD4FF6FC
S2140185D0FF71E2E7D8430020703A00201F4D0020CB
S2140185E0204D002090120020603A00201C1600202A
S2140185F06256040038B5124C23880546580709D53B
S214018600FFF7A6FD01460720FFF7E6FD002104203F
S214018610FFF780FD238899070AD50A4B19788A1F28
S214018620514251412846FFF7D7FD0120FFF77EFF53
S21401863023881B0703D5BDE83840FFF78FBE38BD3A
S214018640D8430020204D00202DE9F04F570691B069
S214018650804614461D4605D5FFF77AFD01460120E2
S214018660FFF7BAFDEE0403D500212D20FFF7B4FD78
S214018670A00223D540461BF00AFF0146F0B9402070
S214018680FFF748FD0AA940461BF002FBB0B99DF86A
S2140186903030022B6DD1BDF8280010F015F8FF28F8
S2140186A008D140461BF0F2FA40B901214020FFF7FD
S2140186B031FD03E010F040F80028F2D1A10305D502
S2140186C0FFF746FD01460320FFF786FDE20104F0B1
S2140186D0807354D5AD4B1B889F072FD5AC4E3068A1
S2140186E01BF077FA50BBAB4BAB4F18703B78FF2BA8
S2140186F004D0AA4840F23E61EDF7DCFA00210220E0
S2140187004FF00009FFF706FD87F80090A44F3B786D
S214018710062B07D101210820FFF7FCFC494628203B
S214018720FFF75AFD3B78052B06D100212B20FFF7DA
S21401873053FD3068FEF7DCFD18F0D4F9260740F14A
S214018740C180934F05AA386803211BF0A6FE064692
S21401875020B992484FF4D961EDF7ACFA9DF8143080
S214018760072B49D0FFF7F4FC01460420FFF734FD40
S214018770A8E0032BA2D10AA81DF0DDFF9CE705F0B7
S214018780020213430BD0864B19788E1F714271413A
S2140187902620FFF721FD0120FFF7C8FECEE704F0F3
S2140187A080531A4309D07E4B1978881F41424141B4
S2140187B02620FFF711FD0220EEE704F088410B4367
S2140187C006D0774B19788A1F514251412720F0E78E
S2140187D005F008030B4302D02320FFF7FDFC6B07CF
S2140187E003D500212420FFF7F7FCEF07A6D50021CB
S2140187F02520FFF7F1FCA1E738680AAA31461BF0ED
S21401880054FE20B1654840F2CF61EDF753FABDF84A
S2140188101610386802310AAA89B21BF048FE20B148
S2140188205E4840F2DE61EDF745FA002300933868B2
S214018830042304AA31461BF05EFE042804D05748E0
S21401884040F2E461EDF736FADFF8609199F800300E
S214018850002B40F0AD800DF111001BF042FF00F03F
S2140188600700022840F0A480FFF772FC01460920A9
S214018870FFF7B2FC4A4B1B78062B23D1494B9DF8D8
S21401888013201B789A421DD19DF8353023B94348F1
S21401889040F2FA61EDF70EFA0DF111001BF021FF1F
S2140188A0C0F3001631462920FFF796FC0021082068
S2140188B0FFF730FC3C4B1E70FFF72EFD10B93868F1
S2140188C0FEF716FDE20505D5FFF742FC014604203A
S2140188D0FFF782FC14F4863F05D0FFF739FC01460A
S2140188E00220FFF779FCA30111D5FFF731FC014601
S2140188F00820FFF771FC00210420FFF70BFC284B32
S2140189001B78012B03D1224B1868FEF7F1FC14F0FB
S214018910084F09D0FFF71CFC01460720FFF75CFC57
S21401892000210420FFF7F6FBA70009D5FFF710FC8E
S21401893001460620FFF750FC00210420FFF7EAFB62
S214018940A60705D5114B1B881C0701D5FFF706FDA9
S214018950680603D500210A20FFF73EFC290602D54A
S21401896001201BF057FEEA0540F1C18040461BF08E
S21401897084FC052800F2B1800138042800F2B78093
S214018980DFE800F0B2C2B2B2B20000BFD8430020A6
S214018990703A00201F4D00201C160020625604006D
S2140189A0204D00201B4D00201B160020234D0020CB
S2140189B0BDF816000830012180B202F0C5F9039017
S2140189C000283FF4CFAE02F0F9F80799BDF8182059
S2140189D006461EF0A4FE089941B1BDF81800BDF880
S2140189E01620121A92B230441EF099FE99F800A091
S2140189F0BAF1000F20D106F1010B58461BF071FEAB
S214018A00800659D538681BF042FD0746FFF7A0FBE4
S214018A1005370146F8B2FFF7DFFB58461BF061FE4B
S214018A2000F0070003283E4F2DD001210420FFF758
S214018A3071FB1BF00FF9386000223A49BDF8163079
S214018A400978F154F7189DF83630BB709DF8373029
S214018A50FB700A9BFB71190E3971190C7971190A91
S214018A6099F80030B97123B973789AB343F02003AB
S214018A707370002001F0B8FD7870039802F0C0F919
S214018A8018F030F81EE701210922304600F030FDCB
S214018A90305C04284FF00101C8D1FFF73BFB1BF007
S214018AA0D9F8214B38601B885906C5D55146402058
S214018AB0FFF730FB0122C0E7FFF74AFB014609201A
S214018AC0FFF78AFB194B1B78012BB5D13868FEF7E7
S214018AD00FFCB1E723F02003CAE7342804D00FD8EF
S214018AE0142801D0242811D12620FFF783FDAB05D9
S214018AF012D50121802011B0BDE8F04FFFF70ABB67
S214018B0000F0EF004428EEE72720EEE7084840F69D
S214018B10E601EDF7CFF8EAE711B0BDE8F08F00BF48
S214018B205C3A00201D160020D8430020204D00206E
S214018B3062560400F8B5164E33780D4602F001046D
S214018B4023B1144840F2B631EDF7B4F8124B134F87
S214018B501D60134DA4B1134B997801B1012120205A
S214018B60FFF7D8FA2B783B700F4B1C780F4B104849
S214018B701C7004233370BDE8F840002102F050BA9F
S214018B8021462020FFF7C6FA2B783B70EEE700BFA0
S214018B90204D002062560400603A00201D4D002042
S214018BA01F160020643A00201E4D00201F4D002095
S214018BB0B01200202DE9F843DFF8A481634C16F0CB
S214018BC0BBF8B8F8003013F4807F054603D023784D
S214018BD073BBFFF723FB00210846FFF7FDFA5C4B4A
S214018BE01A78FF2A13D01A7802F0FF0632BBFF224A
S214018BF01A702378052B0AD100232846237016F015
S214018C00A1F830461BF0F9FC16F096F805462378D5
S214018C10504E062B09D13378FF2B06D03378022B22
S214018C2015D14D48002102F0FBF9FF2333702BE0EC
S214018C3000214FF48070FFF76DFACCE71A78012A0D
S214018C404FF0FF021A7014BF33264C26D4E7337850
S214018C5013B13378012B22D1FFF75EFB96F8009013
S214018C6007463D4802F078FAFF235FFA89F9337028
S214018C7077B1B9F1010F44D1374884F800906421E7
S214018C8002F0CEF9FFF772FA284616F05BF806E016
S214018C902846277016F056F838461BF0AEFCB8F892
S214018CA000301B0605D500218020FFF733FA17F0A8
S214018CB01FFF02F0B7F8294E308000B32778012F46
S214018CC042D101F07BFF054610B301301BF009FDD0
S214018CD000F44060B0F5006F1AD1042239462846E8
S214018CE000F006FC28441BF0FCFC4FF6FF7398428C
S214018CF00ED13188002001F09BF900233380BDE8B6
S214018D00F88300232846237016F01CF83F20C4E79A
S214018D10114802F021FA00210846217001F03AF9C3
S214018D20012523780BB9FFF779FA3188002001F085
S214018D307FF900233380002DE1D020780028DED192
S214018D40BDE8F8431BF02EBE0025EAE7204D0020C3
S214018D501C1600201B160020B0120020D64300204F
S214018D60D843002008B513460A461946064B18682C
S214018D701AF080FF30B1BDE8084004484FF49C610A
S214018D80ECF798BF08BD00BF703A00206256040099
S214018D9008B513460A461946064B18681AF064FFCA
S214018DA030B1BDE80840044840F2E741ECF782BF25
S214018DB008BD00BF703A002062560400024B1878C6
S214018DC0B0FA80F040097047204D0020024B187819
S214018DD0431E584258417047204D002008B5064BA7
S214018DE01B7823B105484FF4A261ECF763FFFFF748
S214018DF015FA002008BD00BF204D00206256040071
S214018E0008B5064B01EB8101186849001AF0C2FE4D
S214018E10002814BF2120002008BD00BF703A0020A2
S214018E2008B5044B1868F9F731FD0A2390FBF3F0F7
S214018E3040B208BD703A0020014B1878704700BF59
S214018E401E16002008B5044B18681BF05FFAB0FA2E
S214018E5080F0400908BD00BF703A002038B5124DB9
S214018E602B78012B0C4604D9104840F23151ECF70F
S214018E7021FF21460020FFF7E5FF90B10C4B1C7047
S214018E802B785BB9FFF7CAF90A4B93F900100A4B26
S214018E90C90118681BF0B4FA002038BDFFF766F95F
S214018EA0F2E72120F9E700BF204D002062560400BA
S214018EB01E160020224D0020703A002008B5054BF2
S214018EC0012118681BF0FAF90028B8BF033040F3F7
S214018ED0870008BD703A002008B5074B18681BF0DC
S214018EE00FFA30B1054BB3FBF0F083B20BB1184665
S214018EF008BD0120FCE700BF703A002040420F0089
S214018F0008B5074B18681BF0FFF930B1054BB3FBEA
S214018F10F0F083B20BB1184608BD0120FCE700BF94
S214018F20703A002040420F002DE9F347534F0120CD
S214018F3017F043F83B88990704D4514840F6354169
S214018F40ECF7B8FEDFF85C8198F80030053B012BA2
S214018F5004D94B4840F63741ECF7ACFE494E33682E
S214018F6023B9474840F63A41ECF7A4FE3C8814F092
S214018F7020045CD001212220FFF72EF94FF47A74E9
S214018F80FFF7BEFF33681B780933434304EBC30482
S214018F9098F80030062BA5B20BD1FFF79DFF0446CB
S214018FA0FFF7AEFF602358430C2303FB040028445D
S214018FB085B2D6F80090344B99F800801C78334E71
S214018FC008F1FF381FFA88F8002C3FD13B885A0574
S214018FD032D57378DFF8C8A026468AF80030CAF87A
S214018FE0085016F076F830B116F071F8012814BF63
S214018FF0102308231E43264D8023494628684246EF
S2140190001BF047FA234B1978234B19703B889B06B4
S2140190101FD5CDF800A0214B28683246FEF77EF911
S21401902010BB002002B0BDE8F04716F0C6BF2146CF
S2140190302220FFF7D1F8A3E709F101001BF051FB4D
S21401904010F020047378C5D00124C3E77378002498
S214019050C0E7134B28683246FEF752F9014618B9A5
S2140190602520FFF7B9F8DCE721462620FFF7B4F8FC
S214019070034840F6DD31ECF71DFED2E7D843002069
S21401908062560400603A0020234D0020201600207E
S214019090703A00201E1600201D160020643A00209B
S2140190A074120020204D002008B5174B1B889B0723
S2140190B004D4164840F6AD61ECF7FCFD144B1B7862
S2140190C0053B012B04D9114840F6AE61ECF7F2FDE1
S2140190D0104B1B6823B90D484FF46B61ECF7EAFDA2
S2140190E00D4B0E49002221201A70FFF775F818B9AA
S2140190F0BDE80840FFF718BF022803D1BDE80840C5
S214019100FFF714BA08BD00BFD8430020625604001A
S214019110204D0020603A00201A4D0020B99201002F
S214019120F8B5594C23889A0704D5584840F2DF21F0
S214019130ECF7C0FD564802F00FF815F0FDFD238848
S2140191405B0705460BD51AF085FD524B1B68C01A06
S214019150B0F5717F03D900210420FEF7DBFF284616
S2140191604D4D15F0EFFD2B78042B32D115F0E4FDB3
S21401917023885F07064608D54548002101F050FFC1
S2140191803046BDE8F84015F0DDBD15F0DBFD15F005
S214019190D3FD424B424F1B78064613B92388590527
S2140191A00FD50523012102202B70FEF7B3FFFFF731
S2140191B07BFF304615F0C6FD3B68DA78394B1A70EE
S2140191C0F8BD386801301BF08CFA8206E9D5062313
S2140191D0E8E7062B4DD1344B1B78FF2BF0D1334EED
S2140191E015F079FF3378002B3DD015F0A5FD2388C7
S2140191F05B07054605D52648002101F011FF2846E4
S214019200BFE715F09FFD3378013B337015F094FDF1
S214019210012104460220FEF77DFFFFF745FF2046A9
S2140192201F4C15F08FFD206801301BF05AFA00F430
S2140192304060B0F5006F13D1246801210422204656
S21401924000F056F920441BF04CFA0146184B1A78E8
S2140192503378D21AD2B2BDE8F840042019F0BDB86E
S2140192604FF6FF71F2E72B704020BDE8F8401BF087
S214019270C4B9012BA4D100232B700E4B1868FEF73E
S21401928037F83F20F1E700BFD843002062560400BC
S214019290B01200205C3A0020204D0020234D002013
S2140192A0603A00201B4D00201B1600201D4D00209B
S2140192B01F160020703A002008B50A4B1A7882B9AA
S2140192C0012210281A7004D0074840F6A461ECF772
S2140192D0F1FC00212020FEF71DFFBDE80840FFF746
S2140192E023BE08BD1A4D00206256040038B5102072
S2140192F00C460121FEF70EFF064B1D68FFF7ECFD3D
S214019300054B00FB04F1012228461AF0C0FF00209D
S21401931038BD00BF703A00205984010008B5094BDA
S2140193201B88DB0604D4084840F2A751ECF7C2FCC0
S21401933010200021FEF7EEFE044B1868BDE8084039
S2140193401AF0B3BFD843002062560400703A0020DA
S21401935010B5064C20681AF061FCC30704D52068D6
S214019360BDE810401AF05CBC10BD00BF703A00208A
S21401937008B5094B0122186811461AF084FF00212E
S2140193802C20FEF729FF00210A20FEF725FFBDE865
S214019390084016F011BE00BF703A00200148ECF7F5
S2140193A089BC00BF7C560400014B4008185C70471E
S2140193B01716002008B513460A461946064B1868C4
S2140193C01AF05EFC30B1BDE80840044840F6DB41C7
S2140193D0ECF770BC08BD00BF703A0020625604006E
S2140193E008B5044B18681AF04CFF013818BF012065
S2140193F008BD00BF703A0020054B10B54C00224650
S214019400014618681AF09FFB031B5842584110BDCD
S214019410703A002070B5054615F08EFC0E4B0F4EC7
S2140194201B883570DA07044608D50D4B0D4D1B78A1
S214019430012B08D9012128681BF027F82046BDE832
S214019440704015F07FBC1BB115F03BFEC305F1D48F
S214019450317881F00101EEE7D8430020161600208E
S214019460214D0020703A00200C4B1B88DB0710B5FD
S214019470044611D5FFF736F8094B84F00102186847
S214019480D20008211AF04EFB30B1BDE81040054865
S21401949040F63C71ECF70EBC10BD00BFD84300206F
S2140194A0703A00206256040008B5044B014618685D
S2140194B01AF0F1FB003818BF012008BD703A0020F1
S2140194C010B50A4C23787BB1FFF752FF0021042028
S2140194D0FEF720FE00210220FEF71CFE002323706B
S2140194E0BDE81040FEF79ABE10BD00BF204D00201B
S2140194F0032A134601D91BF09BB8014AD05C70477A
S2140195008656040018B1034B196000207047024BC1
S214019510FAE700BF743A0020783A00202DE9F843B4
S2140195201046DFF8248117461BF0DBF8D8F8003028
S21401953005462BB9424B1B6813B90020BDE8F883DA
S21401954015F4406905F040060FD136BBB5F5804FDE
S21401955052D24FF48074D8F80030002B56D1384BD5
S2140195601B68002BE9D0002262E0F81C1BF0B9F85A
S2140195704FF6FF73984214BF0124022486B10526D4
S21401958005F44043B3F5004F44F0080424D0B5F584
S214019590804F23D244F4807420E04C460326EFE744
S2140195A0B5F5804F4FF00506F4D3B9F5406F14BFFB
S2140195B002200820304438441BF093F8214BB3F8BE
S2140195C05C3005F4404583420CBF44F0080444F087
S2140195D00404B5F5004F01D144F08004B9F5006FDD
S2140195E00ED1B8191BF07DF8164BB3F85E308342E6
S2140195F0B1D144F01004AEE74C4603260220D9E769
S214019600B9F5406F08BF44F02004A4E70022D1B2A8
S21401961033F8110033F911100029A0DBA04202F142
S2140196200102F4D1012089E7A04202F10102F9D03A
S214019630D1B233F8110033F911100029F4DA7CE7BE
S214019640743A0020183B0020783A00202DE9F04FAC
S214019650104685B0164698461BF043F85D4F00F05D
S2140196600803B7F85C100293044600F00709F01CE3
S2140196700391B7F85EB01BF034F806F1050A05460B
S21401968050461BF02EF803464FF6FF70854218D061
S2140196900399A1EB050CDCF1000545EB0C056D000B
S2140196A04FF6FF718B420ED145F0040500F0ECF940
S2140196B0029B6BB1B9F1000F11D0422005B0BDE895
S2140196C0F08F0125ECE79B4508BF45F00805EDE75F
S2140196D0B9F1030FF1D8DFE809F0021B795D00F05C
S2140196E0D3F908B9A807E8D524F00804A4B2B4F55C
S2140196F0004F05D0B4F5624F02D0B4F5404FDCD12F
S214019700002597F8A820294600201BF011F93CE017
S214019710D7F88030E3B9002132460846FFF7FEFE4F
S214019720D8B924F038039BB248F641029342C4D11B
S2140197300A2D49D0062DC0D197F87730023B012B70
S214019740BBD8FFF743FB0028B7D140F6040505E078
S2140197504146304698470028DDD00825E20648BF36
S21401976045F08005A30648BF45F4805505F00C0377
S214019770042BC6D1F01D1AF0B4FF97F8A830009359
S21401978032462B4641461BF0A8F808B30E9B1880BC
S214019790002093E7A90705D1B7F85C204FF6FF73C1
S2140197A09A428AD104F44063B3F5006F0AD0B3F548
S2140197B0406F82D10849082250461DF0D8FF002884
S2140197C07FF47BAF0C25C9E70425C7E7432075E77F
S2140197D0192073E7183B0020783B0020074A084908
S2140197E000231360074A1360074A1360074A116093
S2140197F0074A01211170074A13607047883A002012
S2140198008B490300843A0020803A0020D0120020C1
S21401981023160020903A00200E2A70B50C46064604
S2140198201546194603D9FFF7D9FF502070BD012808
S21401983007D10020FFF7E4FAF8B1FFF7CFFF2120A8
S214019840F4E7284B4FF4FE421A80274B7F221A700A
S214019850264B80221A70264B00211980254B196051
S214019860254B1B684BB1342001F06EFA234B188050
S21401987018B9FFF7B3FF0120D8E724F0FF6323F4FC
S214019880FF231BB1FFF7AAFF4F20CFE77CB9204685
S214019890FFF7D2FA10F0800F43B24FF001041BBF5E
S2140198A000F01F039C409C4044F078440325144B71
S2140198B014491E70144B1D70144B24F078441C6020
S2140198C0134B00201870134B1A6800F0E3FA18B116
S2140198D0FFF784FF0420A9E70F4B9DF810201A70AC
S2140198E0A4E700BFDC430020254D0020244D0020C6
S2140198F0DA4300208C3A0020803A0020DE43002024
S2140199002A4D0020059D0100284D0020903A002098
S214019910294D0020883A0020264D00207FB5244B93
S21401992024481A7824490078012303FA02F21A44DB
S21401993000250A60ADF80E5020B3984236D11F4C70
S2140199401F4B20781B681F4E0DF10E019847BDF87E
S2140199500E20307092B11C4B0093019502232946CC
S214019960284600F0D1FA3278237822B1012A06BFC0
S2140199700133DBB21B23237004B070BD013818BF5E
S2140199800120F0E778235A43013A0A600F4908227A
S21401999000F086FC0B49094A0978137821B10129A0
S2140199A006BF0133DBB21B231370E5E71846E3E776
S2140199B0284D00202A4D0020943A0020294D0020F1
S2140199C0D012002023160020419D0100D1990100EC
S2140199D010B5244B244C1878002834D1FFF76EFAC2
S2140199E0224A136801331360214A92F9001081421A
S2140199F0B8BF10701F4A92F900108142C8BF10709C
S214019A00012B1D490DD10002088023680BBB1B48A2
S214019A101BF04CFA014620BBBDE81040174801F088
S214019A20FFBAB1F90020A2EB221303EB00131BB21D
S214019A300B801349A0EB2323A0EB22200A8813FBFB
S214019A4000230B80E1E72368002BE0D04FF470720F
S214019A5000E008220B49002000F022FC2368013BAD
S214019A60236010BD2A4D0020943A00208C3A002035
S214019A70244D0020254D0020DC430020D412002078
S214019A80DA430020D1990100054B1B682BB9054B21
S214019A901868003818BF012070470120704700BFC2
S214019AA0843A0020803A002037B505461C46FFF769
S214019AB0EBFF68B974B1084B1A60084B1C600123B0
S214019AC000930A4603232946FFF7A6FE03B030BDDE
S214019AD04D20FBE72520F9E77C3A0020843A002058
S214019AE013B50446FFF7D0FF58B962B1074B1A60A9
S214019AF0012300930A4603232146FFF78DFE02B099
S214019B0010BD4D20FBE72520F9E700BF803A002075
S214019B102DE9F0410446DDE906869DF820701D46D4
S214019B20FFF7B2FF88B99EB1A2B10B4B1A600B4B7F
S214019B30C3F800800A4B0A461E60214606972B464C
S214019B400120BDE8F041FFF767BE4D20BDE8F0817A
S214019B502520FBE72120F9E7D0120020883A0020D3
S214019B60843A0020014800F04FBE00BFDE430020CB
S214019B702DE9F0410020FFF7A3FC0F4B0F4C1E68A8
S214019B800F4B20881D680F4B0F4FD3F8008010B184
S214019B90397801F04BF800203870FFF71FFE00F00F
S214019BA033FC0EB14046B0471DB12088A8470023BC
S214019BB02380BDE8F08100BF843A0020DE43002008
S214019BC0803A0020903A00202B4D00202DE9F047E6
S214019BD03D4801F0C1FA3D4B1C78002C42D13C4F68
S214019BE02046FFF729F93B680546002B3AD0394E47
S214019BF0DFF804A1DFF80481DFF80491012B1EBF12
S214019C00348803F1FF33B4FBF3F4334B34801C6820
S214019C1034B19AF9013098F9002099F90010A0475B
S214019C202E4B1B688BB12E4C2378312B0DD82D4B28
S214019C30188800F0C3FF23785A1C227098F8002079
S214019C40C25423785A1C2270C5544FF4FE43AAF816
S214019C5000307F2389F80030802388F80030002305
S214019C6033803B60204C23781A2B23D81F4A127866
S214019C70012A09D11E4A1568002125FA03F0C007FA
S214019C80DAB20FD501B122700020FFF7D5F821789E
S214019C90884213D1174B00221A70FFF73FFE48B9CE
S214019CA0BDE8F0870133D8B21A284FF00101E4D994
S214019CB00A442270BDE8F047FFF75ABF0020FFF7BD
S214019CC0CDF80028E6D0F5E7D41200202A4D002072
S214019CD08C3A0020DA4300207C3A0020803A0020AB
S214019CE02B4D0020DE430020294D002023160020A6
S214019CF0903A0020274D0020DC430020244D002010
S214019D00254D002008B50B4B187880B90221FFF7C6
S214019D1065F8094B1B782BB100214FF6FF720846F8
S214019D20FFF736F8BDE808400448FFF74FBF0021AB
S214019D300846ECE72A4D0020264D0020D4120020CC
S214019D4038B5144B1D78012D0C4621D181B9084632
S214019D50FFF772F8104A1149136805FA00F023EA72
S214019D600003136020462A46BDE8384000F098BA42
S214019D700B4A13780133DBB2022B137004D9BDE80A
S214019D8038400848FFF722BFFFF7C8FD0028F6D184
S214019D9038BD00BF2A4D0020903A0020D19901001D
S214019DA0274D0020D412002038B50948094D00F08F
S214019DB02BFD002495F84430E0B2834200D838BD2C
S214019DC005EBC000043000F01FFD0134F2E700BFD0
S214019DD0B83B0020183B002008B50349104648222E
S214019DE01DF09DFC002008BD703B002008B505480D
S214019DF01BF05CF8014620B9BDE80840014801F0B7
S214019E000FB908BDF412002038B51C4B00221A7099
S214019E101C4615460132082A5D609D8043F8085F9E
S214019E20F8D14822002116481DF0CBFC4FF6FE73F0
S214019E30A4F868307F226FF4803300211148E3656F
S214019E401DF0BFFC104B84F84450C4E92835C4E922
S214019E50125584F85050656584F8A850ECF784F8DC
S214019E600A4B18700A4BFF22012100201A70E6F7F0
S214019E70A7FC0020FFF7BAFF002038BD183B0020E2
S214019E80703B0020983A00200000FFFF2C4D002078
S214019E90824D0020094B10B5AC2404FB0030836CC6
S214019EA053B990F850403CB931B1C0E9121220467E
S214019EB0FFF79CFF204610BD2120FCE7183B002041
S214019EC070B5AC230A4E03FB00F5731993F85040A6
S214019ED05CB9204610F0BEFC735D204643F00203D9
S214019EE07355FFF783FF204670BD0120FCE700BFD6
S214019EF0183B0020AC23034A5843135C23F00303AA
S214019F0013547047183B002070B516461F4A127846
S214019F100446C2BB1E4DAC2101FB00518A6C92BBAC
S214019F2091F850203AB1022B2DD191F8441007290F
S214019F3007D91C2026E091F844100729F9D8012BEF
S214019F4008D0AC2000FB0450CA00011D0C301DF0E7
S214019F501EFC0021AC2303FB04F000EBC1012944E5
S214019F609DF81430CB71049B8B602B18002493F85A
S214019F7044208E80013220468C7183F84420FFF7FE
S214019F8035FF204670BD0120FCE700BF234D0020B1
S214019F90183B0020F8B5234B1B7804460F46002BD0
S214019FA03ED1214DAC2303FB0053B3F8A03023B9B7
S214019FB01E4840F23631EBF77DFEAC2202FB04521E
S214019FC0D2F8A46036B192F8A330B2F8A020394690
S214019FD00020B047AC236343EA180021A2F8A01082
S214019FE0C2F8A41092F8A820482101FB02322A44A4
S214019FF0D2F89820964213D0EB5C9B070CD5AC2286
S21401A00062432046AB5C23F0020343F00103AB54EA
S21401A010BDE8F840FFF7EABE10F03EFC0028EED19E
S21401A020F8BD00BF234D0020183B0020CF57040089
S21401A0302DE9F04F8BB00D460790084600F0BEFDA7
S21401A040044618B921200BB0BDE8F08F284600F071
S21401A050D1FDC0B208382218215C92F802B092F8FD
S21401A06003A05268069200222678B4F80130ADF8B3
S21401A0702620434A059192F80090B9F1000F09D0C5
S21401A080404B1B6823B14FFA8BF251462046984746
S21401A0900020D8E703F00703022B6ED00134092213
S21401A0A049462046FFF724FA023EF6B2331ADAB2E0
S21401A0B01B0607460392C5D4DFF8CC80D8F890304B
S21401A0C02BBB00210DF12609039BCDF800902246FB
S21401A0D00846FFF7BBFAC3B20546002B48D1BDF8C8
S21401A0E026001AF04BFBC8B9BDF826001AF042FC50
S21401A0F00490BDF826001AF041FBD8B90123324678
S21401A1002146484600F0A6FEC8B119209BE74A46FC
S21401A1100121284698470028D3D193E7D8F89430F0
S21401A120BDF82600002BDFD0E11998470028DBD1C7
S21401A130022088E7039A0498E1191DF0F0FABDF8A9
S21401A140260000F03BFD059B8372069B079A80F86C
S21401A15008A01BBAC360AC2303FB028380F809B0D6
S21401A16093F85020BDF8260022B1DB6C03B1984766
S21401A170E8B268E7D8F87830F8E7012063E700BF6F
S21401A180234D0020583A0020183B002070B50A4C99
S21401A190AC2303FB004305465E6D26B9074840F233
S21401A1A0F731EBF787FDAC2303FB0544002363651A
S21401A1B03346BDE870401847183B0020CF570400CF
S21401A1C02DE9F84308460F46164602F101091AF032
S21401A1D0D6FB804638461AF0CAFA042856D13846C5
S21401A1E01AF0E9FA2C4C4FF6FF7248F6410348F68E
S21401A1F06105904208BF1D46B4F85C10301D1AF088
S21401A20072FA38461AF0D7FA0146B01D1AF06BFA00
S21401A210B4F85E1006F108001AF065FA06F10A04B1
S21401A22038460EF04BF810B145F01005ADB2294690
S21401A23048461AF058FA38461AF09CFB4246014640
S21401A24020461DF06CFA3846012100F041FD4444D9
S21401A250074660B100F0CEFC0546384600F0AEFC7D
S21401A260EDB201462A4620461DF059FA2C440B4A07
S21401A2701378F370A41B591C0134117034703046E6
S21401A2800922BDE8F8430121FFF732B948461AF022
S21401A29028FA4C460546C3E7183B00202C4D002003
S21401A2A0084B10B40C461146AC2202FB0033586D25
S21401A2B020B95C655DF8044BFFF718B802205DF81D
S21401A2C0044B7047183B002010B50B4BAC22504393
S21401A2D01A18482492F8A81004FB0100034493F8C6
S21401A2E07700022806D092F850301BB9032818BF11
S21401A2F0012010BD0020FCE7183B002070B508B116
S21401A300012070BD234C94F8A850002DF8D1B4F864
S21401A3105C202946FEF73CFDB4F85E202946284617
S21401A320FEF720FD04F1600229462846FFF742F8B1
S21401A33094F87730002BE3D0284694F85860FEF75F
S21401A3407BFD864215D1002094F95A50FEF768FD30
S21401A350854216D10020FFF7B7FF04460020FEF71E
S21401A3602DFD0028CDD021460020BDE87040FEF727
S21401A37035BD94F858102846FEF770FD0028E2D047
S21401A380BFE794F95A100020FEF73AFD0028E1D005
S21401A390B7E700BF183B002010B51446174A03461E
S21401A3A0AC2000FB032292F8770002280CD1E07F54
S21401A3B0022809D141B112490978012913D992F825
S21401A3C05810227891420ED121781846FEF73AFDB0
S21401A3D090B10C48482221461DF0A1F90020FEF755
S21401A3E0EDFC08B9002010BD044B93F8A800002826
S21401A3F0F8D1FFF783FFF5E72120F4E7183B0020AB
S21401A400F1150020703B002008B5094BAC2202FB79
S21401A410003300205A6DD86483F8500012B1586595
S21401A420FEF77CFF0020FFF769FF002008BD00BF94
S21401A430183B00207FB51C4C94F8A83023B10020AF
S21401A44084F8A800FFF75AFFB4F8A05094F85A30E1
S21401A4508DF80F3025B9154840F2ED21EBF72AFCAF
S21401A460134A29460020FFF7ABFEE66F104C024662
S21401A4709EB10DF10F030193002300932146284658
S21401A480B0470246247854B920462146FFF782FD9C
S21401A4902046FFF7ABFC04B070BD0122F2E7044989
S21401A4A00020FEF747FBF6E7183B0020CF570400D5
S21401A4B0983A002038B5494B1C78002C58D14848AA
S21401A4C000F04AFE2046FEF779FC002850D0454CA5
S21401A4D02378D90733D594F850201AB123F0030313
S21401A4E0237045E023F00103237010F0BDF92378B3
S21401A4F09A07054601D510F0ADF92946002010F05F
S21401A500A9F840B9237843F0010323702846BDE833
S21401A510384010F09FB9002384F8A33094F8A8308F
S21401A52084F8A250482202FB0343A4F8A000D3F803
S21401A5309830C4F8A430BDE83840FFF77BBF94F8E4
S21401A5404400B0B1251D95E8030004F1A00383E89B
S21401A5500300FFF76FFF94F8442004F10C01D200CA
S21401A56028461DF014F994F84430013B84F8443031
S21401A57038BDA26C62B99B0711D5237823F002037C
S21401A58043F001032370BDE838400020FFF72EBCDE
S21401A590012384F85030A064904723789EE710F09A
S21401A5A07BF90028E9D194F8A83073B1F5F78EFE4F
S21401A5B094F85030002BDBD1FF2818BF84F8A80090
S21401A5C0BDE838400020FFF799BED4F88C30002B48
S21401A5D0ECD098470028CBD1E8E700BF234D0020F8
S21401A5E0F4120020183B0020034BAC2202FB003380
S21401A5F093F8A800704700BF183B002070B50446CA
S21401A6000020FEF7DBFB0C4EAC235C43351995F8B6
S21401A61050300BB1002070BD0028FBD007481AF05F
S21401A62045FC0028F6D1335D002BF3D195F84400A4
S21401A630B0FA80F04009EEE7183B0020F412002043
S21401A64028B1034B1B68C01A4010013080B2704716
S21401A650D43B002030B1044B00F100401B680138A8
S21401A66003EB4000704700BFD43B002010B5034603
S21401A6701AF0BBF9074A03EB400314684FF6FF7262
S21401A6809C42184604D90188914203F10203F7D08F
S21401A69010BD00BFCC3B00202DE9F047204F3B8882
S21401A6A00546A3B3B0F90230002B30DBDFF87C801F
S21401A6B01C49D8F800001DF028F820B91A4840F2C5
S21401A6C0CD11EBF7F7FADFF860A0DFF8649000260B
S21401A6D03A88B3B29A4204D840F2CF115046EBF70B
S21401A6E0E9FAD9F80030D8F80010B2B203EBC20488
S21401A6F053F8320068B943F83210A3880133A380B7
S21401A70028461AF072F9E38803EB4003E380BDE8BC
S21401A710F0871CF0FAFF01360028D9D1EDE700BF1B
S21401A720E04300208A5604009456040014130020C7
S21401A730C83B002038B5094C094D22682B689A425F
S21401A74004D908484FF48371EBF7B4FA28682368F4
S21401A750C01A20F0010080B238BD00BFCC3B0020FB
S21401A760D03B00209456040008B50B4B0B4A1A60E8
S21401A7700B4B0C491B6823F0010313440B600A4B77
S21401A7801A60FFF7D7FF642805D8BDE808400748D8
S21401A790F021EBF78FBA08BDD43B0020B42B002084
S21401A7A04C370400D03B0020CC3B002094560400DC
S21401A7B038B5094C094D22682B689A4204D30848DB
S21401A7C04FF48671EBF776FA28682368C01A20F0F2
S21401A7D0010080B238BD00BFD43B0020D03B002032
S21401A7E094560400064B1B68834206D8054B1B682B
S21401A7F0834294BF0020012070470020704700BFAD
S21401A800D43B0020CC3B00202DE9F0411D4B1B78AA
S21401A810012B044624D10088FFF71CFF0546D8B15A
S21401A820DFF8648004262C4614F086FA0746204694
S21401A830FFF732FF638843EA08036380A05BFFF7F4
S21401A84009FF0446384614F07DFA1CB1B4F902300B
S21401A850002BE9DA062E01D1BDE8F0810626E2E7F3
S21401A860022BF9D114F068FA02462088FFF7F2FEAF
S21401A87018B10388C3F30E032380BDE8F0411046E8
S21401A88014F060BA2D4D00200080FFFF2DE9F04F37
S21401A890BA4BDFF8FC82BA4F97B0002406461C80FC
S21401A8A014F04AFA01233B70B8F80030ADF81630C0
S21401A8B0B44BA8F800401B68019314F043FAB24B5E
S21401A8C01A88B24BD200186821461CF07AFF0DF1A7
S21401A8D01600FFF799FF002E3CD1DFF8B892D9F8A1
S21401A8E000404FF0000B0125019B9C4239D3BBF180
S21401A8F0000F39D1002DF2D0D9F80040DFF898A228
S21401A90025462246019B9A4273D302230DF1160077
S21401A9103B70FFF779FF002E40F08F80D9F800607A
S21401A9203246AA4280F0A2809088FFF793FE18B1C3
S21401A9300388C3F30E039380D088FFF78BFE18B10C
S21401A9400388C3F30E03D3801046FFF78FFE02463B
S21401A950E7E79847E3B2013456F82330002BF8D1E5
S21401A960BBE7BBF1000F3ED00BF1FF335FFA83FB71
S21401A97016AB03EB8B0252F8402CB2F90200518859
S21401A9800028B1DA4B04AFD4924641F48040931DBF
S21401A9902AF8020F02933AF8020FFFF75BFEF0B1B6
S21401A9A0B0F902E0B0F802C0BEF1000F17DB6FEAA3
S21401A9B04C4C6FEA5C4CA0F802C00390FFF76CFEAB
S21401A9C0BBF10F0F9FBF16AB03EB8B00039A40F84A
S21401A9D0402C9ABF0BF101035FFA83FB0025029B13
S21401A9E09A45D8D180E72046FFF740FE2246044626
S21401A9F0C3E7104619F0F9FF8346B2F90200118841
S21401AA0000280AEA010108DA2046FFF719FE084382
S21401AA1081B204EB4B0402EB4B0511801046FFF7A5
S21401AA2025FE02466EE798475FFA8AF30AF1010AA5
S21401AA3056F82330002BF6D170E74FF0000AF3E703
S21401AA403046FFF713FE82467EB1B6F902307188B2
S21401AA50002B0ADA3088C0F30E00FFF7FBFD8642B2
S21401AA6003462DD1C1F30D0171805646AE42E7D3A0
S21401AA70DFF81CA114F060F90021064650461AF0D2
S21401AA8055F8FFF7E7FD0546002800F087803046B9
S21401AA9014F058F9284619F0A8FF06462046FFF795
S21401AAA0CFFD760081463246294620461CF06FFED1
S21401AAB0002249460DF1160019F0CCFF3444D9E7BF
S21401AAC01BD9304619F091FFC1F30D014200718088
S21401AAD092B2314618461CF05AFEC6E75046FFF7BA
S21401AAE0C5FDD146854203D9B0F90230002B01DA03
S21401AAF0824603E0FFF7BAFDF4E7B146554507D9AC
S21401AB00BAF80000C0F30E00FFF7A4FD8245E5D3B6
S21401AB10B9F1000F30D0B9F80000C0F30E00FFF70E
S21401AB2099FD034638B93346CB46994513D8B14506
S21401AB309BD0D946ECE7484619F057FFB9F80220F2
S21401AB40C2F30D02A9F80220420092B24946184605
S21401AB501CF01DFEE7E718460193FFF787FD019BF2
S21401AB609B46854203D9B0F90230002B01DA034631
S21401AB70DBE7FFF77BFDF4E7CB46DAE7E2430020AD
S21401AB802D4D0020CC3B0020E0430020C83B002098
S21401AB90E4430020D43B00200080FFFFBDF81630C0
S21401ABA0A8F80030044B387030461C6014F0CAF820
S21401ABB017B0BDE8F08F00BFCC3B002010B50446AF
S21401ABC008B9002010BD19F021FF20B9084840F24D
S21401ABD0C441EBF76FF82046FFF73CFD0028F0D0A4
S21401ABE00388DB0B14BFD0F80A000830EAE700BF81
S21401ABF09456040010B508B9002010BDFFF72AFDD1
S21401AC00044619F0FAFE20B9074840F2DE41EBF798
S21401AC1051F8002CF0D02388DB0B0ABF608820890E
S21401AC20C0F30C00E9E700BF945604002DE9F0419B
S21401AC300546FFF70FFD0F460446D8B119F0DDFEB5
S21401AC4020B9214840F2F141EBF734F82846FFF7E6
S21401AC50D1FF05462046FFF709FDBD42064609D04D
S21401AC6004D8194840F2F941EBF724F82588ED0B92
S21401AC7002D02781BDE8F0816780204619F0B5FE35
S21401AC80074604EB400814F057F8104B1A68B24216
S21401AC900AD1C3F8008014F055F82A464046FF2131
S21401ACA0BDE8F0411CF08DBDA6EB0806B5B214F068
S21401ACB049F8072DF1D90023083D44F81730C8F8A4
S21401ACC00430A8F80250D5E794560400CC3B002087
S21401ACD038B5FFF7BFFC0D46044650B119F08DFE9E
S21401ACE020B9044840F23651EAF7E4FF023534F859
S21401ACF0150038BD9456040070B5FFF7ABFC0C4642
S21401AD0016460546B0B119F078FE20B90D4840F256
S21401AD104151EAF7CFFF3046FFF79CFC19F06DFE74
S21401AD2020B9084840F24251EAF7C4FF023425F838
S21401AD30146070BDBDE87040024840F24651EAF723
S21401AD40B9BF00BF945604002DE9F843C41CA408FB
S21401AD50274B64000434B0F5005F1E6881460F4639
S21401AD60A4B204D3234840F27251EAF7A3FF13F0CA
S21401AD70E3FF21490B6880467BB9204B1D68761B93
S21401AD80C6F34F06B44223D90025404613F0DAFF36
S21401AD902846BDE8F843FFF753BC7FB1174A15684C
S21401ADA05A1BC2F34F029442EED81448620005EBD8
S21401ADB0440404607FB913440B600CE0F61AC6F332
S21401ADC04F067EB90B4840F28351EAF773FFDBE783
S21401ADD005EB44041C600023A5F80290AB80EB80D1
S21401ADE02B80D2E7B442CFD8044A1568DDE700BF0E
S21401ADF0D03B002094560400C43B0020CC3B0020EE
S21401AE0038B5054613F098FF294604460022044843
S21401AE1019F020FE2046BDE8384013F093BF00BF6E
S21401AE20E443002038B513F087FF002105460448A7
S21401AE3019F07CFE0446284613F084FF204638BDF0
S21401AE40E4430020024B1888B0FA80F040097047AE
S21401AE50E44300202DE9F74F044600881F46FFF71C
S21401AE60F9FB88461546064619F0C7FD20B9404845
S21401AE7040F2DA61EAF71EFF3388DB0B009306D057
S21401AE8033892B443381002003B0BDE8F08F20883E
S21401AE90DFF8E0B0FFF7AEFE82463046FFF7E6FB8E
S21401AEA0019013F049FFDBF80020019B9A4281468E
S21401AEB01DD1FFF73FFC854204D9484613F042FFF7
S21401AEC01A20E1E705EB0A0373803FB12088FFF7FC
S21401AED075FE2A46414650441CF021FC3046FFF7D9
S21401AEE0C5FBCBF80000484613F02CFFCBE713F068
S21401AEF029FF2088FFF77EFE2844009980B2FFF7DD
S21401AF0023FF06460028DBD0FFF758FE814620883F
S21401AF10FFF754FE82462088FFF76CFE5146024634
S21401AF2048461CF0FCFB3046AFB1FFF747FE07462C
S21401AF302088FFF75FFE2A46414638441CF0EFFBA7
S21401AF4001212088FFF7C4FE012102463046FFF7A3
S21401AF50D3FE268097E7FFF731FE80462088FFF76D
S21401AF6049FE2A46394640441CF02BFCE8E700BF60
S21401AF7094560400CC3B002038B50C460546FFF736
S21401AF8039FE844203D304482D21EAF793FE28466E
S21401AF90FFF714FE204438BDA856040070B50646D7
S21401AFA00D46FFF70BFE044648B13046FFF722FE7A
S21401AFB0854203D302483521EAF77CFE605D70BD09
S21401AFC0A856040070B50C4606461546FFF712FE55
S21401AFD0844203D304483F21EAF76CFE3046FFF76C
S21401AFE0EDFD00B1055570BDA8560400014833219A
S21401AFF0EAF760BEBF560400036910B55BB182680C
S21401B000064B9A4201D1002010BD446914F0BFFFDF
S21401B010201AF9D5F7E74FF0FF30F5E7EDAF01005D
S21401B02082684B4B9A422DE9F041056804460E466C
S21401B03015D121B1474840F20F11EAF73BFE13F054
S21401B0407BFE23691BB92B682BB924612C60BDE8F4
S21401B050F04113F077BE1A6922611C61F6E714F01D
S21401B06096FF8046E7F710FD20B13A484FF49371FA
S21401B070EAF720FE6FF000439E4221694BD22B7BFC
S21401B08008EB0602002B4DD0AB6893424AD1531C05
S21401B090002949D06169994242D01EB9521AB2F1CB
S21401B0A0004F3DD9636123696E689C4203D12948EC
S21401B0B09A21EAF7FFFD2F460023B4420BD0002B5E
S21401B0C041D172696169891AB1F1004F32D832698A
S21401B0D0944237462CD12269BD420CBF6A603A6160
S21401B0E07BB92669B44203D11A48B521EAF7E2FDD5
S21401B0F03B46012E05D062697169521AB2F1004FC2
S21401B10023D99D420BBF6B681A69236122610CBF6C
S21401B1106C601C6104E0434431B162699342C1D161
S21401B120BDE8F0811346B3E76A6822616C60B9E74F
S21401B1301646C6E7A8EB0202B2F1004FC7D93B4656
S21401B14037463669B9E71F46F9E733463669D0E729
S21401B150EDAF0100BF56040082681C4B9A4270B5E1
S21401B1600568044619D113F0E7FD236923B1A3420C
S21401B17006D100222A601A61BDE8704013F0E2BDD4
S21401B1801A4611461269A242FBD12A68A24208BF9A
S21401B19029600B6100232361EEE7036993B19842AE
S21401B1A06E6803D10A489A21EAF784FD2B46B44219
S21401B1B009D122699D4218BF1A614FF0000308BFEA
S21401B1C06A60236170BD33463669F0E7EDAF010072
S21401B1D0BF5604002DE9F043174FDFF860808BB0AF
S21401B1E006460025BC7814B90BB0BDE8F083B7F865
S21401B1F000908EB90096B8F8001023462A4603A898
S21401B20019F058FD234603AA3146484614F0F7FEC6
S21401B2102544EDB20437E5E72346494603A8002254
S21401B22014F0E4FE01230093B8F8001023462A46E2
S21401B23003A819F03FFDEBE7CE560400E6430020D5
S21401B2400148FFF7E1BA00BFE6430020F7B515460F
S21401B250174A04460846118811B1164A1278CAB12F
S21401B260D4B10022294603B0BDE8F04014F0BEBEBA
S21401B2703A44D2B20436B778002FF1D0B6F800C0FF
S21401B280AC45F5D184F0010400943B4619F012FD5B
S21401B29003B0F0BD084EEEE702462146284614F0FC
S21401B2A0AEFE284603B0BDE8F04015F0ACBA00BFCC
S21401B2B0E643002024160020CE56040010B5074CA5
S21401B2C0238843B10020FFF785FF054B0020FF22AE
S21401B2D020801A7010BD7020FCE700BFE6430020F6
S21401B2E024160020142810B518D8082805D117F000
S21401B2F0E2F8C401E4B2204610BD0E2802D117F0D0
S21401B300DDF8F6E7064B53F82040002CF3D00A2868
S21401B3102478F0D107F0FCFA0443EBE7FF24EAE7D0
S21401B320F8560400064A082312F8011B814205D08C
S21401B330013B13F0FF03F7D1184670470120704711
S21401B34055570400064A082312F8011B814205D00E
S21401B350013B13F0FF03F7D11846704701207047F1
S21401B3604D570400014BB3F868007047183B0020A6
S21401B37000487047823B0020014B1878704700BF99
S21401B380B14C0020014B1878704700BFB44C002028
S21401B390014B1870704700BFB44C00201F4B0228A9
S21401B3A010B51F4C187002D00438012820D8237815
S21401B3B0042B0BD01B480021FFF732FE2378033BFA
S21401B3C0012B03D918480021FFF72AFE174B1B68EB
S21401B3D09A0020D513F0805F0CBFBF24BC24204602
S21401B3E010F050FBC8B92046BDE8104015F00EB964
S21401B3F00C48FFF7B1FE0C48FFF7AEFE19F0E8FE69
S21401B4002378033B012B03D817F02FFD9124E6E7A1
S21401B4100DF036FFFAE79024E1E710BDB84C0020A6
S21401B420B94C002018130020DC36002070370020AD
S21401B430024B187800F00F00704700BFB84C002090
S21401B440034B187800F00F00831E5842584170478E
S21401B450B84C002008B519F0A6FEA8B119F0BCFE3C
S21401B46090B10A4819F0EBFA70B1094819F0E7FAF9
S21401B47050B117F028F838B110F016FB20B9BDE826
S21401B4800840044819F017BD002008BDE843002015
S21401B49030440020D83B002030B5182293B000215C
S21401B4A004461CF08EF9FFF7CBFF20B9114B1B7831
S21401B4B0033B022B1CD800216A460846FEF78CFC8B
S21401B4C0BDF8043023819DF80230A3729DF8003048
S21401B4D0E372204600251AF067F8257304F114017B
S21401B4E004F110001AF0F4F8E081284613B030BDDC
S21401B4F09320FBE7B84C002030B593B005460C46C8
S21401B500FFF79EFF20B90B4B1B78033B022B0ED88F
S21401B5106A4600212846FEF75FFC9DF8023023703C
S21401B52000209DF800306070A37013B030BD9320EA
S21401B530FBE700BFB84C0020054B1878012805D062
S21401B54000F0FD00A0F1310358425841704700BF9A
S21401B550B84C002010B5FFF707F914F032FD1020A3
S21401B560FFF7C0FE04060DD50020FFF7BBFE000660
S21401B57008D5284BD3F8EC2012F0020F12D1B024D4
S21401B580204610BD1020FFF7ADFE01060ED40020A8
S21401B590FFF7A8FE020609D51E4BD3F8EC2012F0E1
S21401B5A0010FEBE7D3F8E8309B07E8D51A4818F007
S21401B5B092FE012019F038F8EAF7F2FC044600285A
S21401B5C0DED100F053F9154819F04AFC00F074F981
S21401B5D0EAF7CCF814F0F2FC0AF064FD0AF0B6FDC6
S21401B5E0F4F784FEF4F70CFEF4F726FE04F076FE7C
S21401B5F016F063FF16F064FF10F0FEFE08480CF02C
S21401B60015FD07F03DFF17F0FCFB0028B8D017F03A
S21401B610FAFBB5E70081E00F690345ECD83B002053
S21401B6209DA9020010B519F0D0FD70B301F0B4FD6C
S21401B63080F00104E4B20020FDF7D2FE44EA800463
S21401B64024B219F0B0FD10BB02200443164819F0CD
S21401B6502DFC44EA4014154819F028FC24B244EAAB
S21401B6600014134819F022FC24B244EA801411484D
S21401B67019F01CFC24B244EA40240F4819F016FCC9
S21401B68024B244EAC02080B210BD0124D3E70B489F
S21401B69019F0D5F90028D7D0094819F0D0F980F06B
S21401B6A00100C0B24000D0E7581300203C1400202F
S21401B6B0FC140020BC1300201C140020E8430020CA
S21401B6C03044002008B501F03FFB0EF0AFFAFDF75D
S21401B6D071FA154819F0B3F908B906F0EBFA1348F0
S21401B6E019F0ADF908B907F0B5FE03F027FE0CF026
S21401B6F04FFE0F4819F0EBFB0E4B1B78043B022B59
S21401B70009D80D4819F0D2FB28B1FFF78BFF102896
S21401B71001D109F045FA16F0D8FE19F05EFCBDE835
S21401B72008400648FFF7B2B8E8430020304400203E
S21401B730D83B0020B94C00203C1400206857040078
S21401B740014B1868704700BF703A002038B50C4BA3
S21401B7501B78033B012B044604D82046BDE838403D
S21401B7600AF074BD0CF05EFF4FF6FF739842054673
S21401B77004D1204600F000FFA842EED038BD00BF3D
S21401B780B94C002070B54FF6F773984286B0044660
S21401B7900D465AD819F022FCA04207D12C4908229E
S21401B7A028461BF0F4FF002006B070BD294EB6F8FF
S21401B7B06830A3420AD10022082106F16A0019F076
S21401B7C0BBFB18B9082206F16A01E9E7ACB1224BC6
S21401B7D01B78033B012B1AD800230093012219463C
S21401B7E020460AF0C1FBFF2823D1294620460AF04D
S21401B7F081FD80F00100C0B2D6E7184B1B689B079D
S21401B800E5D4284608F09CFA0028E0D0CBE720468D
S21401B81001F06CF9FF2806D1294620460FF062FA9E
S21401B8200028D9D1BFE7294601F082F90028F3D0D4
S21401B830B9E702A91AF04EFE0028D6D1DDF80D3080
S21401B8402B60DDF811306B60ADE70120ACE700BF7F
S21401B8502E4D0020183B0020B94C002070370020E8
S21401B860014B1870704700BFF815002010B5064947
S21401B870064C0988204608237F2214F0C4FB204684
S21401B88019F0E6FB10BD00BFC2F503002E4D0020E7
S21401B89013B513460C461AB1022A0CBF13460123F0
S21401B8A00021044A009201912246FEF72DFB02B0C8
S21401B8B010BD00BF6152030000B5002093B0FEF733
S21401B8C0A3FA1D4B18880CF0B7FB1C490020FDF7A6
S21401B8D019FE3422002168461BF073FF0B238DF8F6
S21401B8E000306FF4803301934FF6FE73ADF81030DD
S21401B8F003238DF81D30124B0893124B0993124BFC
S21401B9000D93124B124A0E93124B0F93124B106863
S21401B91051681093114B119302AB03C300216A4681
S21401B9200846FEF739FD6A4601210020FEF734FD80
S21401B93013B05DF804FB00BF8C15002050370400DF
S21401B940A5C101005350030005FA01004DC30100D3
S21401B9502E4D0020DD100200615203006DF401003F
S21401B96037B5164B00934FF40043ADF8043001464B
S21401B97010BB0120FDF7C6FD003818BF01204000AE
S21401B98003B030BDA54200F1010002D10220F7E765
S21401B990002002ADC3B205EB430333F8085C33F96C
S21401B9A0083C002BEEDA0132D3B231F8134031F9FC
S21401B9B01330002BECDADCE70022F5E7990089006A
S21401B9C070B5044618F08DFE042200210646204676
S21401B9D0FDF78EFD204418F084FE03220546002163
S21401B9E02046FDF785FD204418F07BFE0540ADB2EC
S21401B9F04FF6FF739D4213D1F30711D5062200219E
S21401BA002046FDF775FD204418F06BFE074B1B889A
S21401BA10834214BF02200620054B1B78184070BDD8
S21401BA20204615F04CF8C000C0B2F5E7A01500207E
S21401BA30364D00202DE9F84FDFF83C918046084648
S21401BA400F4618F04EFED9F80030054643B9484B6C
S21401BA501B682BB9474B1B6813B9FF20BDE8F88F4D
S21401BA6015F4406A05F0400610D13EBBB5F5804F8F
S21401BA7053D24FF480740023002B58D13C4A1268ED
S21401BA808025002A69D0002108465FE0F81C18F0DE
S21401BA9028FE4FF6FF73984214BF0124022486B194
S21401BAA0052605F44043B3F5004F44F0080424D0BE
S21401BAB0B5F5804F23D244F4807420E05446032623
S21401BAC0EFE7B5F5804F4FF00506F4D3BAF5406FB2
S21401BAD014BF022008203044384418F002FE834682
S21401BAE019F099FA05F4404558450CBF44F008048E
S21401BAF044F00404B5F5004F01D144F08004BAF5D2
S21401BB00006F0ED1B81918F0ECFD054619F066FA6B
S21401BB10A842B0D144F01004ADE7544603260220F3
S21401BB20D9E7BAF5406F08BF44F02004A3E7012B1C
S21401BB3009BF104AD9F800201268402518BF102501
S21401BB409FE7A74201F101010BD0C8B2CEB232F88D
S21401BB50167032F91660002EF3DA0133032B8BD1FF
S21401BB607BE7B8F1000F3FF479AF88F8005075E72E
S21401BB70E83B0020EC3B0020743A0020034B1A7887
S21401BB80022A04BF09221A70704700BF3A4D0020EE
S21401BB90044B1888044B1978044B1B6803B11847EB
S21401BBA014F07CBDEA430020384D0020FC3B002009
S21401BBB0034B0C221A701A210022032002F092BABB
S21401BBC03A4D002070B5054638B90C4BBDE87040BB
S21401BBD0187800221A2102F085BA094B074E1C7804
S21401BBE0E1B21A29F1D825FA04F3DB0703D5307838
S21401BBF0362202F077FA0134F2E700BF3A4D002010
S21401BC002616002008B5064B0C221A700022104694
S21401BC101A2102F067FA034B00221A6008BD00BF22
S21401BC203A4D0020F83B002070B50E4B0C221E78D2
S21401BC301A70054630B930460022BDE870401A2118
S21401BC4002F050BA084B1C78E1B21A29F3D825FA4B
S21401BC5004F3DB0703D53622304602F043FA0134FB
S21401BC60F2E700BF3A4D002026160020024B0C22B8
S21401BC701A7010F045BA00BF3A4D0020F0B50C8896
S21401BC808BB005460E46E4B94FF6FF77ADF8247043
S21401BC9010F088FC10B902200BB0F0BDCDE90340CE
S21401BCA0CDE90544134A0294B2F85C300193603240
S21401BCB000923B4609AA4CF60101FF201AF062FFEA
S21401BCC03080284619F0A5FA0B4C70B1237863B181
S21401BCD0013BDBB22846237019F09BFA38B1207875
S21401BCE0B0FA80F04009C0B2D6E70523F2E701209A
S21401BCF0F9E700BF183B002025160020034B1B6800
S21401BD00114603B1184714F090BC00BFF83B002061
S21401BD10024B0C221A700AF051BE00BF3A4D0020A9
S21401BD20F8B50D4B1B78012B054613D10B4E00249D
S21401BD304FF6FF773088FEF741FF2B88025B9A4269
S21401BD4003D13088FEF73AFF07530234202CF1D195
S21401BD500120F8BD0020FCE7394D0020EC4300200F
S21401BD602DE9F047174B1B78012B8046154626D147
S21401BD700024154E27466FF07F093088FEF71EFF18
S21401BD8000EB44004FEA440A90F901304B4506DDCA
S21401BD903088FEF713FF5044E7B290F90190013462
S21401BDA0102CEAD14D450ADA3088FEF707FF00F875
S21401BDB017803088FEF702FF7C0020444570BDE8FE
S21401BDC0F08700BF394D0020EC4300200148FEF704
S21401BDD01BBD00BFEC4300202DE9F04705460E468B
S21401BDE09046FDF751FE044638BB01462020FEF77B
S21401BDF0ABFF134F388000B3124B01221A70124B5F
S21401BE00A146C3F800804FF07F083888FEF7D6FEBB
S21401BE1000F804903888FEF7D1FE20440234202C26
S21401BE2080F80180F1D1094B094A1D603146284648
S21401BE30084BBDE8F047FDF737BE0120BDE8F087A7
S21401BE40EC430020394D0020FC3B0020F03B002055
S21401BE5061BD010011BF0100F0B585B004460D4675
S21401BE6017461E46FDF710FE98B90B4B1F600B4B8D
S21401BE7001271F7019F087F8094A00920346CDE999
S21401BE800167084A29462046FDF742FEC0B205B0C2
S21401BE90F0BD3D20FBE700BFF43B00203A4D0020FB
S21401BEA0A5C101004D5203002DE9F041144F3C7825
S21401BEB01F2C83BFC4F341141C34E4060024002560
S21401BEC04FF6FD78202D0CD13B780E4A03F01F0368
S21401BED00120984020430C4BBDE8F0410321FFF7B9
S21401BEE0BBBFEAF741F8431E9BB243450646F8D866
S21401BEF0064B1888FEF762FE46530235E2E700BF9E
S21401BF00384D002021BD0100C5BF0100EC430020D3
S21401BF10F8B5294D2888FEF751FE90F90140022612
S21401BF202888FEF74BFE304490F90130A34205DA2B
S21401BF302888FEF743FE304490F901400236202E51
S21401BF40EED1662CD8BF19344FF00007D4BF66B2C5
S21401BF507F263C462888FEF731FE3844023790F9A2
S21401BF600130B342BCBF0134E4B2202FF2D114B980
S21401BF70124B1C70F8BDE9F7F7FFB0FBF4F303FBB7
S21401BF801400C4B200272888FEF718FE384490F93A
S21401BF900130B3420CDA4CB92888FEF70FFE084B85
S21401BFA0C25D1A70BDE8F840FFF77EBF013CE4B2FF
S21401BFB00237202FE7D1F5E7EC430020394D00206A
S21401BFC0384D002070B5154B1B78012B1ED1144D32
S21401BFD000244FF6FF762888FEF7F0FD035BB34298
S21401BFE015D02888FEF7EAFD035B83B12888FEF7A3
S21401BFF0E5FD0C4B025B0C481A8000680B4B0C4AA3
S21401C0000121FFF729FF0B4B00221A6070BD023495
S21401C010202CE0D1BDE87040FFF746BF394D002027
S21401C020EC430020EA430020F03B002091BB0100D6
S21401C030ED510300F43B00207FB506460C4615463D
S21401C040FDF722FD00287CD1062E03D85223F340AB
S21401C050DB071AD4B4F1006F05D3E30E1C3B032BA8
S21401C06018D94F202BE0394B00221A60384B1E702E
S21401C07018F089FF03460A2E65D8DFE806F0361B5E
S21401C0804F5A1B2E221F47523F0002F039FCB4F1D3
S21401C090006FE2D22D4B00221A602D4B042E1E702B
S21401C0A0E6D12C4801F03AFD022001F063FC18F0BD
S21401C0B06AFF034601220292274A05E0212004B0C6
S21401C0C070BD01220292254A0192254A0092254A14
S21401C0D029462046FDF71CFDF1E7234A294620465E
S21401C0E004B0BDE87040FDF7FBBC204B204A294652
S21401C0F0204604B0BDE87040FDF7D6BC002202928F
S21401C1001C4A0192164A00921B4AE1E7012202925A
S21401C1101A4A0192124A0092194AD9E70C4B022296
S21401C1201A7000221749104604B0BDE87040FDF7AA
S21401C130B1BE00220292144A0192094A0092134AA1
S21401C140C6E74D20BBE70120B9E700BFF83B00205A
S21401C1503A4D0020374D002029BC0100F55103005F
S21401C160A5C101004D52030011BD010005BC01002F
S21401C170FDBC01006DBC01007DBC0100C5BB01001A
S21401C180F95103007DBB0100B1BB0100F151030071
S21401C19008B5FDF7EDFC024B0C221A70002008BD15
S21401C1A03A4D0020F0B585B0ADF8060018B96548DF
S21401C1B09021E9F77FFDBDF8060018F0D8FA04468D
S21401C1C0BDF8060018F0D3FA082846D00C2CBDF8A6
S21401C1D0060042D118F0CEFB074618F082FA0DF1A0
S21401C1E00F010646BDF8060016F052F9002879D070
S21401C1F0092200213846FDF77BF99DF80F301033F0
S21401C200C518BDF80600FEF7F5FCEDB2854269D209
S21401C2102946BDF80600FEF7C1FE06F44C4416F4A6
S21401C2204066054614D0F81C18F05BFA4FF6FF730B
S21401C230984208BF44F04004B6F5006F08D1781D57
S21401C24018F04FFA4FF6FF73984208BF44F01004F7
S21401C2509DF80F305BB3072D44D1BDF8060018F0EA
S21401C2607CFA0446BDF8060018F081FA082817D0B3
S21401C270A30615D524F0200189B2BDF8060018F0F2
S21401C28057FABDF8060018F075FB00210922FDF7E4
S21401C2902FF900F11001C9B20DF1060018F0F1FCFA
S21401C2A0BDF806102848002218F0D4FB1AE0082D25
S21401C2B016D8BDB1013D072D14D801A353F825F0BA
S21401C2C01DC3010029C30100E5C20100E9C2010046
S21401C2D0E5C2010035C301005BC201003BC301009A
S21401C2E07C2D24D005B0F0BD24F48844A4B2B4F566
S21401C2F0084FF7D1BDF8060018F034FABDF806105D
S21401C3000BF034FF0028A8D0BDF8060018F095FA07
S21401C31000220146022016F060F8E3E724F4806468
S21401C320A4B2B4F5484F97E7B4F54C4F94E7B4F58B
S21401C3304C4F92D04CF6500301E04CF640439C42E1
S21401C3408AE700BFC8570400E84300202DE9F04102
S21401C3500F4690460646FEF731FC04463046FEF789
S21401C36049FCC5B2083D2C44084BE1781970084BCE
S21401C370A2781A70314643463A46002014F0D3F8A4
S21401C380003818BF0120BDE8F08100BF5F4D0020D6
S21401C3905E4D002007B50B460549CDE90021002179
S21401C3A00246084618F001FBC0B203B05DF804FB74
S21401C3B06152030070B50B4B1C780B4B0022D5B2B3
S21401C3C0AC4202D80C70002009E01E88864202F1B9
S21401C3D0010205D30D701B881B1A5842584170BDC7
S21401C3E01233ECE7B24C0020AA4100202DE9F04FB1
S21401C3F0DFF84081DFF8409198F8002099F8003086
S21401C4009A4285B0064604D343484FF48A71E9F749
S21401C41051FC0DF10F013046FFF7CCFF20B13E482D
S21401C42040F21711E9F746FC98F800709DF80F40A6
S21401C4303D1B15F0FF0530D0384B394A1B7818469E
S21401C44099F8003001214FF0FF3CA1400CFA03FCA3
S21401C450002301F1FF3E01934FF6FF79C1F1000A77
S21401C4609DF80430984243D812202E4B04FB00005E
S21401C470A0F1120105EBC5025200194404F10109AD
S21401C48018441BF084F94FEA89092748A9F10401E9
S21401C4900144AA0048441BF07AF9224904EBC4027D
S21401C4A001EB420321F81260204A1278DA731A74FB
S21401C4B05A7412025A801E4A12781A7110225A7140
S21401C4C000229A73C3F80620C3F80A20164B0137D8
S21401C4D043F824204FF6FF710D2088F8007015F000
S21401C4E07CFF0EB908F014FE204605B0BDE8F08FBB
S21401C4F013884B450AD053680AEA030B03EA0E0376
S21401C5000B4403EB4B0343EA0C035360019B0133DB
S21401C51008320193A4E700BFDB570400051600208C
S21401C52088350020AA4100202C3500205F4D0020D0
S21401C5303B4D0020B24C0020031600202DE9F041AF
S21401C5400B4B0C4E93F8008007460025ECB2A04535
S21401C55003D8FF242046BDE8F0810822B11D3846E5
S21401C5601BF005F901350028F4D01236EEE700BFBE
S21401C570B24C0020AA41002008B5FFF7DFFFFF28D4
S21401C5801DBF00B2044B00EBC0004FF6FF7018BF92
S21401C59033F8100008BD00BFAA41002007B50DF111
S21401C5A00701FFF707FF30B19DF80730034803EB9B
S21401C5B0C30300EB430003B05DF804FBAA4100206F
S21401C5C02DE9F843294E33785D1E2D1A8342044621
S21401C5D0EDB204D8264840F23F11E9F76BFB254A35
S21401C5E092F800C0244A01231278A3405F1E4FF040
S21401C5F0FF3090403B44214A00214FF6FF7E6FEA10
S21401C6000308CBB29C4523D8BDB127B204EBC404C2
S21401C6101B48640005EBC50204F1120101445200F7
S21401C62020441BF0B4F8BF001648AA00391D014487
S21401C63002F0FC0238441BF0AAF83378013B337051
S21401C640BDE8F84300224FF6FF710E2015F0C5BE77
S21401C6501388734507D0536808EA03093B4003EB88
S21401C66059030343536008320131CAE7B24C002034
S21401C670DB5704000516002003160020883500202D
S21401C680AA4100202C35002010B50A4C207858B954
S21401C690094B1B781A2B03D908489421E9F70AFBA2
S21401C6A0074B03221A7010BD0138C0B2FFF788FF8E
S21401C6B0ECE700BFB24C002003160020DB57040055
S21401C6C0AE4C00202DE9F047054618F0FDFDFF2889
S21401C6D0044624D1DFF888901F4B99F800201B7878
S21401C6E09A422BD22846BDE8F047FFF77FBE38882E
S21401C6F03B79504518D86F2B4FEA131214D85B07B5
S21401C70010D0123708F1010899F800105FFA88F680
S21401C710B142ECD8114A0023DEB28E4214D3204631
S21401C720BDE8F087022AECD90DF0BCF90028E8D163
S21401C73029463046BDE8F04718F0D3BD074F4FF005
S21401C74000084FF6F77ADFE710798F2803F1010327
S21401C750EED81232E0E700BF03160020AA410020FF
S21401C760B24C00204FF6F773984210B514D8FFF775
S21401C770A9FFFF2810D0134C00B200EBC00004EB59
S21401C780400414F0C0F9104938B962880B7802EBFE
S21401C7900313A3EB1213638010BD227C637C09781C
S21401C7A0E2739A422374617407D98B4203D213460B
S21401C7B08B4228BF0B461B02EDE78A42F8D313468D
S21401C7C0F9E700BFAA4100205F4D00202DE9F041A6
S21401C7D00F4DDFF8408006460F46002498F80030DB
S21401C7E0A34201D8BDE8F0810822294630461AF056
S21401C7F0BEFF40B935F8063CBB4204D02046FFF7E1
S21401C800DFFE013CE4B20134E4B21235E6E700BFD4
S21401C810B0410020B24C0020F8B5054608460E4649
S21401C820FFF78CFEFF2830D01D4B294653F82070A9
S21401C8303046FFF7CBFF2846FFF744FFFF280446A4
S21401C84025D10CF063F8FF280AD1164C207838B1B0
S21401C850E9F78AFB2378B0FBF3F202FB1300C0B2C0
S21401C860294618F03EFD044623B20F4D03EBC303E1
S21401C87005EB430508223146A81D1AF088FF2B79DF
S21401C88003F00F032B712046F8BD0027D3E7074BB3
S21401C8901B78002B024B18BF002743F82070E3E7F4
S21401C8A02C35002003160020AA4100202716002060
S21401C8B038B50B4B1B78834204460D4604D809480D
S21401C8C040F25B21E9F7F6F9074804EBC40400EBF4
S21401C8D0440029460822BDE8384006301AF057BF02
S21401C8E003160020DB570400AA41002070B5044659
S21401C8F008460E4618F0E8FCFF28054610D02046EC
S21401C900FFF71CFEFF2807D0084B1B7823B9084BFE
S21401C91053F8202043F8252021462846FFF7C8FF74
S21401C92031462046BDE87040FFF750BF271600206D
S21401C9302C3500202DE9F8430026134DDFF85090E2
S21401C94080460127344699F80030A34210D83E436A
S21401C9500134E4B21A2C4FEA470705F11205F2D169
S21401C9600A4B1B784FF0FF3098403043BDE8F88300
S21401C9702B884345EBD0284618F00BFD0328E6D854
S21401C9802B796F2BE3D8E3E7AA410020031600209A
S21401C990B24C002010B5084C00EBC00004EB40047C
S21401C9A023795B0707D1204618F0F3FC237923F09F
S21401C9B007031843207110BDAA410020014B1878C7
S21401C9C0704700BF28160020014B1878704700BF3B
S21401C9D02716002070B51A48FEF7BEFB194B1B78C8
S21401C9E0033B012B28D805F033FB03F0F9FABDE829
S21401C9F0704013484FF47A51FEF712BB23798F2B00
S21401CA004FEA131111D80131204618F0F2FC06291D
S21401CA1001D8032909D1237923F0070323710022C2
S21401CA204FF6FF710F2015F0D8FC1234013532781D
S21401CA30EBB29A42E2D8D6E7034C044E0025F6E75D
S21401CA4018130020B94C0020AA410020B24C002047
S21401CA50084B1878084B0022D1B2884203F1120322
S21401CA6000D8704713F80D1C21F0100103F80D1CB7
S21401CA700132F1E7B24C0020AA4100202DE9F0472F
S21401CA80DFF86090DFF8608099F8004002261227F0
S21401CA9000250CE007FB05F3002138F803A05046FB
S21401CAA018F08CFC10B15CB1013CE4B2013599F888
S21401CAB00030EAB29342EDD8A34204D14FF6FF7A92
S21401CAC05046BDE8F087E9F74FFA99F800301B1B8E
S21401CAD0012E90FBF3F202FB1300C4B2EED0012646
S21401CAE0D6E700BFB24C0020AA41002010B504468C
S21401CAF018F0EAFBFF2808D120460BF0E5FDFF28D9
S21401CB001FBF024B1B78C018C0B210BD0316002011
S21401CB10044B05481A78054B1B781A4492000021ED
S21401CB201AF04FBE031600202C3500200A160020EE
S21401CB3010B5134B1B78834286B00C4612D91149A7
S21401CB4000EBC00001EB40010822063120461AF036
S21401CB501EFE00220821204618F0EEF980F00100A2
S21401CB60C0B206E0C01A01A9C0B20CF005FA10B1B5
S21401CB70002006B010BD01AB03CB20606160E8E782
S21401CB8003160020AA41002008B5074B53F82030B1
S21401CB908B42024606D915204FF6FF7115F01DFC93
S21401CBA0002008BD0120FCE72C350020024B013196
S21401CBB043F82010704700BF2C3500202DE9F347BD
S21401CBC02B4EDFF8B4A081460C4600279AF80030B9
S21401CBD0FDB2AB4210D86946204619F0C1FDC0B37C
S21401CBE00822694648461AF0C2FD90B349462046D7
S21401CBF018F0F3FEFE2537E006F106080822414646
S21401CC0048461AF0B4FD90B94FF6FF739C422BD0FC
S21401CC103388A34228D020460BF056FDFF2814D1B6
S21401CC204946204602B0BDE8F047FFF7F5BD14B906
S21401CC3012360137CAE73388A342F9D10022082108
S21401CC40404618F079F90028F2D12846FFF7B8FCDB
S21401CC50CCE7494600200BF007FDFF28054603D028
S21401CC60044B1B780344DDB2284602B0BDE8F087CA
S21401CC70AA41002003160020B24C002008B5FFF799
S21401CC80E7FE054B1B78013B012B03D8BDE80840A6
S21401CC900CF05EB908BD00BFB94C00200F4B1B78E5
S21401CCA083420CD8C01A0E4AC0B232F81030D904EA
S21401CCB011D443F4805322F8103001207047094BF9
S21401CCC000EBC00003EB40035A79D10603D442F0CF
S21401CCD010025A71F1E70020704700BF03160020CA
S21401CCE0BA430020AA410020F0B5134B1B78064634
S21401CCF0FBB11248DFF84CC090F800E01048077806
S21401CD0000251F44E8B2864501D80020F0BD7C1BF3
S21401CD1094FBF3F003FB10440CEBC4003CF83440E6
S21401CD20B44204D1002AF1D184788C42EED0013588
S21401CD30E8E71846EAE700BF051600205C37002042
S21401CD40B04C00208835002070B513F024F9104E41
S21401CD50104932880B7830809B1A03449BB2142505
S21401CD60B3FBF5F405FB14330B700B490B78E2B2F9
S21401CD7093428ABF9B1A0023DBB20B700749032A32
S21401CD809DBF0B68D200D34000230B6070BD00BF6F
S21401CD90EE4300203E4D0020AF4C00205C370020C3
S21401CDA0084B1868084B1B78C2B29A4208D2074B48
S21401CDB01B78C0F30720984234BF0020012070473B
S21401CDC0012070475C370020051600203D4D0020ED
S21401CDD0F8B505461746FFF7E3FF064610B9184BA8
S21401CDE01A783AB9212001224FF6FF7115F0F5FAAB
S21401CDF00020F8BD1348DFF854C003780133B3FBB5
S21401CE00F2F402FB143303700F48DCF8002020F81C
S21401CE10335000EBC30402F10132A1703846CCF85E
S21401CE200020FFF787FDE670606018F0D7F8A8428B
S21401CE3001D10120DDE7E3780133E370F9E700BFB4
S21401CE4005160020B04C0020883500205C370020F5
S21401CE5010B50B4C0B4A2378063B137013F09BF866
S21401CE60094B1880094B0A4800221A602278FF21D4
S21401CE70D2001AF0A6FC074B04221A7010BD00BFA0
S21401CE80051600203D4D0020EE4300205C370020B3
S21401CE9088350020AF4C002048B139B1044B1B78CF
S21401CEA00B70044B1B7803700120704708467047CF
S21401CEB03C4D0020291600202DE9F843074613F0C3
S21401CEC066F805461B4817F0F1FF1B4B60B31C685C
S21401CED03C1B2C44A4B2194BDFF868901B78184D04
S21401CEE099F8006003EB830305EB430500225FFA24
S21401CEF082F846450AD9AB88A34205F10A0016D93D
S21401CF00B21A0A235A4329461AF041FC013689F817
S21401CF100060AC80B8F1000F03D106483946FEF731
S21401CF207FF82846BDE8F8831D603C46D3E701320A
S21401CF300546DCE738130020003C0020404D002069
S21401CF400A410020414D00202DE9F74F13F01FF84C
S21401CF50DFF8BC902B4EDFF8BC80317898F800E003
S21401CF60294D1FFA80FC0746B9F80000ACEB000318
S21401CF709BB200240093A0EB0C0001EB810305EBB0
S21401CF8043037246A2460190A3465FFA84FCF44529
S21401CF901AD3BAF1000F00D03170724504D20020C6
S21401CFA088F80020FCF722FF98F800303BB333786E
S21401CFB01648C9F800700A2202FB0355A98803B077
S21401CFC0BDE8F04FFEF72CB8B3F804C000988445CE
S21401CFD010D893F802C0A3F804B00CF1FF3C01315D
S21401CFE0013A83F802C0C9B2D2B24FF0010A0A333D
S21401CFF00134CAE701988444A3F804C0F7E703B0F4
S21401D000BDE8F08F404D00200A4100203813002073
S21401D010003C0020414D00201FB51B4A1B4C1378D5
S21401D020013BDBB213702068616801AA03C2218943
S21401D0301180174A127813440A225A4304F10A014E
S21401D04020461AF0A4FB9DF8063013F00F010BD111
S21401D0501B09BDF8040008BF9DF80C10002204B09F
S21401D060BDE8104003F09CBCBDF80800FFF724FFA4
S21401D0708288ADF8082001AA034603CA1288186000
S21401D08059601A8104B010BD404D00200A410020AD
S21401D090414D0020F8B5094D094F0A4E00243B7852
S21401D0A03178E2B20B449A4204F1010400DBF8BD88
S21401D0B02846FDF7A9FB0A35F1E700BF0A41002023
S21401D0C0414D0020404D0020F8B51E46114B074645
S21401D0D00D46104610491A78104B09781B780B44F8
S21401D0E0934206DB1F204FF6FF7115F076F90020FC
S21401D0F0F8BDFFF7E1FE013507808570044612F0A2
S21401D10041FF6623E080237200206672FCF76EFE04
S21401D1100120EDE702160020414D0020404D002081
S21401D1202DE9F047DFF86880DFF8689098F800701E
S21401D13099F800501449844607EB050E00230A228D
S21401D140DCB274451DDA02FB04F6013331F806A0A1
S21401D150E24501EB0600F3D1631CAEEB03030A368E
S21401D1605A4331441AF013FBA5428BBF05F1FF3534
S21401D17007F1FF3789F8005088F800700CB9034BA7
S21401D1801C70BDE8F08700BF0A4100203F4D00201B
S21401D190414D0020404D0020044B054A1B78127873
S21401D1A0D3420CBF01200020704700BF404D002035
S21401D1B0414D0020024B1878003818BF01207047F7
S21401D1C0404D002008B50A4B0A48002119700A4B49
S21401D1D019700A4B19700A4B1A7802EB8202520038
S21401D1E01AF0EFFABDE808400648FDF7B5BF00BFE4
S21401D1F0414D00200A410020404D00203F4D0020B7
S21401D200021600203813002010B50B4C23784BB1C2
S21401D2100A4803F055FD58B1084B0121188817F04C
S21401D220CAFF08B9002010BD054B01221A70FAE7A3
S21401D230FFF7F2FEEAE700BF404D00200A4100205A
S21401D2403F4D002010B50E4B1B78BBB10D4C23880B
S21401D25083424FF0000311D10B4A2172137049B972
S21401D260A3781033A37018F0F8FA18B9A37823F04E
S21401D2700F03A370FFF7D0FE012010BD1846FCE790
S21401D280404D00200A4100203F4D002010B50446C5
S21401D2900146082209481AF07AFA237B022B0AD89B
S21401D2A0002B14BF3122012205490B709423CB7346
S21401D2B0044B1A7010BD00230122F5E7FA43002043
S21401D2C0F6430020B84C002070B5064692B00D46D5
S21401D2D00020C97AFBF7B6FD58B395F90A0017F096
S21401D2E039FE044638BB154BEA7A83F85820AA7AE9
S21401D2F083F85A2001466A46FCF76EFD4FF6FE7328
S21401D3009E424FF0000118BF2B89ADF8066008BF9A
S21401D3104FF6FF736A460846ADF80430FDF73CF851
S21401D32028B9074B2A895A80204612B070BD0224BC
S21401D330FAE78A24F8E78B24F6E700BF183B0020BB
S21401D340F6430020014BD873704700BFF643002018
S21401D350014B1878704700BFF643002010B5054C06
S21401D3602378112B03D00448DB21E8F7A3FC4123E3
S21401D370237010BDB84C0020E6570400064B1B78FE
S21401D380042B014604D1054A137C053313747047F8
S21401D3900348FDF745BE00BFB94C0020F643002008
S21401D3A05813002008B50648FDF72EFA0548FDF784
S21401D3B02BFA15F077F8BDE8084001F0B9BA00BFBE
S21401D3C0E843002030440020064B1878332806D066
S21401D3D000F0EF00A0F14303584258417047012086
S21401D3E0704700BFB84C002008B5084B00224FF626
S21401D3F0FE701A7017F0FEFD4FF6FF7017F017FE5D
S21401D400034BD87BBDE8084013F000B9B84C0020A8
S21401D410F643002008B5064B187838B10548FDF7E5
S21401D420EBFD4FF47A73B0FBF3F0C0B208BD00BF5A
S21401D430AD4C00201C3700202DE9F0438BB0074689
S21401D4409DF84890154698460E4649B9104605ACD3
S21401D4500BF03AF921460BF08FFD932818BF2646AC
S21401D460B9F1000F0AD1124B1B781BB9284619F0E7
S21401D4709CF9D0B928460DF01FFB02E0284619F0AA
S21401D48094F980F00104E4B29DF8503002939DF8BF
S21401D4904C300394CDE900932A464346314638463C
S21401D4A017F0EEFF0BB0BDE8F0834C46ECE700BF8B
S21401D4B0B44C00202DE9F04F99B09A46BDF888B0DB
S21401D4C09DF89030239D0A930E469DF8943006925F
S21401D4D011A95846099319F03CFD05B3002800F040
S21401D4E01C816B78C3F34003059311AC8C4B1B78FE
S21401D4F01AF0800F0CBF4AF080075746022B17D050
S21401D5004FF6FF78002D40F07D810225584617F032
S21401D51029F92B464246214619F0CFFEB9E0584676
S21401D52017F0A1F90446002800F0F7800595DDE71D
S21401D5301EB97C4B1B78002BE2D02046FEF706F97D
S21401D5408046584617F0A2F9012838BF0120C3B219
S21401D550079395B3281D17F0C4F881460AF0020315
S21401D5602046089319F018FC21460B9082460020AD
S21401D5700BF07AF8089A0B9B0ABBFF281FD1F2F72B
S21401D58033FE694A1278824200F029810B9B4FF6DE
S21401D590FF72934213D10DF033FA002800F01F8179
S21401D5A04FF6F773994522D918F0E7F913A9824681
S21401D5B0FEF7E8F80028F7D02DE0C146CEE74FF693
S21401D5C0F772914520D8934211D899450FD0194644
S21401D5D022460CA80DF0CAF90C980D9915AB03C399
S21401D5E00221BDF838201A8015A80DF047FB13A9B3
S21401D5F04846FEF7C7F8024628B9082113A817F0CF
S21401D6009BFC002864D0CA460AF1FF339BB24FF652
S21401D610F6729342C8D8059B1BB9444B1B78002B66
S21401D6205FD1584617F09EF8079B0193012300939C
S21401D63052463B4621460DF0F3FA4FF6FF739842E9
S21401D640804600F0CC80014600220CA80DF08EF931
S21401D6500C980D9915AB03C30221BDF838201A802A
S21401D66015A80DF00BFB002D3FF450AF002E40F037
S21401D670CB8045460123CDE90163C7F3C007059B6F
S21401D68000934246069803972B46214617F0F8FE6C
S21401D690A846059B7BB14FF6FF7398450BD04046D5
S21401D6A00BF012F8FF281FBF214A32F8103023F47E
S21401D6B0804322F810300A9B7BB317F08FFC269B21
S21401D6C0009301462346099842460CF0CBFC24E021
S21401D6D0082213A920461AF04AF800287FF464AFFE
S21401D6E091E7002D5ED0134B1B68980727D5069B44
S21401D6F00F2B21D0281D16F0F4FF02230121CDE9BE
S21401D7000131C7F3C007002302460093069803972A
S21401D7104FF6FF73214617F0B3FE19B0BDE8F08F40
S21401D720B84C0020AD4C0020B14C0020B44C002079
S21401D730BA43002070370020099B012BDAD1281D3F
S21401D74016F0CFFF81460AF0BFFF0B90484617F050
S21401D750BBFD4FF6FF72904552D0C8450B9B4FD18B
S21401D760FF2B46D0184619F03DF8784010F0EF0F21
S21401D77014BF0123002340460B930AF0A5FF08902F
S21401D780404617F0A1FD0B9B56B14FF6FF71884539
S21401D79006D0C84504D0089A0240D2B2FF2AA9D1C1
S21401D7A0002BA7D1224651460CA80DF0DFF80C98A5
S21401D7B00D9915AB03C35846BDF838201A8016F0EC
S21401D7C0D1FF079B01463A4615A80DF0F3F930B98B
S21401D7D0BDF85C804FF6FF7398457FF444AF4FF673
S21401D7E0FF789DB10126281D16F07BFF4546804631
S21401D7F040E7FF2804D0089BB3FA83F35B09BAE736
S21401D8000023B8E70226EEE70026ECE701257DE6D1
S21401D810014B00221A747047F643002008B50B4BE3
S21401D8201B78022B10D10A4B1B78033B012B0BD91B
S21401D830084B187800F001000DF0EEFB064B0022B5
S21401D8405A609A605A8008BD0020F3E7B84C002061
S21401D850B94C0020AD4C0020F643002038B5174DDA
S21401D8602B78033B012B1CD8154BB3F868204FF6D9
S21401D870FF739A4215D10320FDF790FD02F0A2FB3B
S21401D880FFF7CCFF2B78033B012B01D909F09CF85D
S21401D8900020FBF793FA78B1BDE83840002017F076
S21401D8A09FB8FDF765FD0446FDF75CFD0146204681
S21401D8B008F00EFA0220DFE738BD00BFB94C0020A1
S21401D8C0183B002008B5114A114BD8731378032B67
S21401D8D01BD0D3B1332B01D0432B10D10D4B1B786A
S21401D8E0033B012B05D803231370BDE8084012F053
S21401D8F08DBE12F08BFEBDE80840FFF7AFBF2123B7
S21401D9001370BDE8084002F073B908BDB84C00209A
S21401D910F6430020B94C002038B504461248FDF7FE
S21401D9201BFC124B1B78013B012B1BD8104D54B925
S21401D9302B781BB12C709D2012F068FE0024FFF797
S21401D9406DFF204638BDFF2C05D04FF47A7106488E
S21401D9506143FDF765FB2B78002BEFD101232B707C
S21401D9609C20E9E77024EAE71C370020B94C002028
S21401D970AD4C002038B5114D2B78834218BF287066
S21401D98004460EF007FA80B124B920460EF0FCF9E1
S21401D99002220DE001200EF0F7F92B781A1F012A5A
S21401D9A005D9062BF4D1032202E0002CF5D1012281
S21401D9B00021BDE83840084617F06BBCB94C002082
S21401D9C030B585B0044668460D4617F043FD94B160
S21401D9D000212846144A17F09AFE144B20681B783B
S21401D9E08DF80430124B61681B788DF8053002AB58
S21401D9F003C306F07BF90F4B93F8582093F85A307F
S21401DA008DF803208DF8023017F005FBADF8000005
S21401DA1017F0E4FA1023ADF8060007226946002045
S21401DA20FDF714FC05B030BD00F8FF07F81500201F
S21401DA30B94C0020183B002010B5134B1A78134B35
S21401DA400446002083F85820FBF7B8F910B10020EF
S21401DA5016F0C6FF00210846FFF7B2FF0C4B1B78F5
S21401DA60033B012B0DD815F000FA2046FCF7CCFC41
S21401DA709B2012F0CBFD074A00231380064A138031
S21401DA8010BD0BF0FDFBF0E7424D0020183B0020D7
S21401DA90B94C0020D0430020CE43002010B50146EB
S21401DAA004460020FBF7CEF990B10C4B1B78023BE5
S21401DAB0032B0FD80A4B1C70FBF7E6FF60B9094A27
S21401DAC00949FCF7E7F9002814BFA120002010BD82
S21401DAD08A20FCE77020FAE73D20F8E7B84C0020E2
S21401DAE0424D00208511020039DA0100F8B50646DC
S21401DAF0FBF7CAFF044668B9FBF760F950B1064D5B
S21401DB00204695F8587085F8586016F069FF10B1F0
S21401DB1085F858703D20F8BD183B00201FB5044617
S21401DB20684617F097FC9DF805305A1E052A09D855
S21401DB30054A9DF804101278914203D12370002003
S21401DB4004B010BD9320FBE7F81500202DE9F04145
S21401DB50294B1B78012B80460E46174649D0274B8A
S21401DB601D78022D06D0032D43D118B9244B1B680E
S21401DB709B073ED43320FDF711FC01F0DDFCB6F126
S21401DB80006F36BF1F4B05221A7831460620FEF776
S21401DB9053FA10F0FF0425D11B4D01202C7300F021
S21401DBA023FF17F038FA68802846B8F1000F0DD029
S21401DBB0022300F8043B17F0F7FC6C73AF73394689
S21401DBC0304614F04BFC2046BDE8F081012300F8F6
S21401DBD0043B17F0E9FC6C73AF733946304614F01A
S21401DBE03CFCF0E72846FDF7D9FBB8F1000FF4D06E
S21401DBF0E5E77024E7E700BFB94C0020B84C0020E9
S21401DC00703700202A160020F6430020034B1878B0
S21401DC1018B9034B034A1B78D05C7047B74C0020F9
S21401DC20B94C0020D158040038B5174B1B78033B7C
S21401DC30012B044606D8437BDB0703D590F9090080
S21401DC4015F012F9114B002583F859502079FFF78A
S21401DC504DFFFFF7DBFF61882488034622462846EE
S21401DC600DF0F4F9044620B19420FFF72BFE204670
S21401DC7038BD074D07489423C821EB73FDF7D0F94B
S21401DC8003232B74F3E700BFB94C0020183B002098
S21401DC90F643002058130020F0B5184D93B0064601
S21401DCA0A5F868000C4605F16A0709BBC5F86A10B5
S21401DCB0796000216A460846FCF78EF8D5F86A3086
S21401DCC0CDF8123000217B68CDF816306A4608463A
S21401DCD0ADF81060FCF760FBB5F868004FF6FF730F
S21401DCE0984203D014B1064914F0BBFB13B0F0BD43
S21401DCF00822384619F04BFDDBE700BF183B002031
S21401DD00823B00202DE9F041DFF8BC801F4698F8E1
S21401DD10003005460C4616461BB170252846BDE860
S21401DD20F081531E052BF8D8FBF7AEFE0028F4D180
S21401DD303B7B032B14D14FF6FE739C4212D1012E6E
S21401DD4009D0022EE9D117F049F94FF6FB73984234
S21401DD5003D817F043F9044604E017F00EFEFAE77D
S21401DD60012EDAD0EDB939462046FFF7ADFA054661
S21401DD700028D3D198F80030332B03D0532B1CBF87
S21401DD800F4B98733046FFF7F5FD00214FF6FF70F5
S21401DD90FFF782FF0B4B1B78002BBFD00BF044FA2A
S21401DDA0BCE7397BCB1E594206F1FF32594150423E
S21401DDB0504107F035F805460028D4D0AEE700BF3D
S21401DDC0F64300202B160020B84C0020F0B51E4666
S21401DDD0184B074687B00C4601F1140051F8045B56
S21401DDE043F8045B8142F9D109881980D4F80E0002
S21401DDF0D4F8121023886D4603C5ADF80830237990
S21401DE008DF80B3000238DF80A208DF80C303A4639
S21401DE106B464FF6FE710120FFF774FF40B9684666
S21401DE20FFF734FA2046FFF7FFFE08B9024B1E70D3
S21401DE3007B0F0BD084400204C4D00201FB5144B20
S21401DE401B88DB07044607D44FF6FF700021FFF757
S21401DE5023FF002004B010BD0A231A4601A90120A1
S21401DE60FDF7F4F9BDF80C204FF6FF739A42EBD09C
S21401DE700822FF2101A817F05FF80028E4D10CB9A9
S21401DE800120E7E7BDF80C0001A9FFF705FFF7E75A
S21401DE902244002038B50C46154617F0ABF803F0BF
S21401DEA07DFF29462046FFF7F7FE00F097FD48B1B3
S21401DEB0074BDB790E2B28BF0E230133DBB2054A55
S21401DEC0137038BD044B1B78013B18BF0123F6E7DE
S21401DED008440020634D0020B94C002038B50022CC
S21401DEE00821044617F028F80546C8B917F076F851
S21401DEF02A464FF6FF71FFF7CDFF217C2046FFF73C
S21401DF005FFD6269E189207C17F001FC054B1B78F7
S21401DF10012B01D107F0ECF8FFF7A0FC002038BD7B
S21401DF200120FCE7B94C002038B51D46FFF7EAFE94
S21401DF300446D0B92B7B032B284603D1BDE83840D5
S21401DF40FFF7CCBFFFF7A2F9094B9C8117F027F822
S21401DF50084B01211A7881400620FEF76DF8254608
S21401DF6010F0FF041CBF044B1D70204638BD00BFD7
S21401DF70F64300202A160020B84C002030B50120B8
S21401DF8087B0FFF75BFF154A0446516810686B4679
S21401DF9003C384B905F0B8FE02A817F05BFABDF812
S21401DFA00E004FF6FF7522462946FFF773FF14F061
S21401DFB05EFA07B030BD0A4AD2F86A00D2F86E108F
S21401DFC0B2F868506B4603C305F09EFE02A817F030
S21401DFD041FABDF80E006A46E6E700BFD10F04001D
S21401DFE0183B002073B53A4B1B7804461BB17024CE
S21401DFF0204602B070BDFBF747FD0028F7D100F0C0
S21401E000FDFC14B1334B22881A800DF10700FFF78F
S21401E01085FD002858D117F0B8FA04460028E7D144
S21401E0202D4D9DF80700FFF7A5FC2B785A1E012AF7
S21401E0301FD8FFF7A3FF2B78033B012B01D801F074
S21401E04029FAFFF70BFC012016F074FF00283DD1DA
S21401E0502B78033B012BCBD81E4B188810F00205FA
S21401E06024D01E490522012002B0BDE87040FFF70A
S21401E0706DBD033B012B04D82046FFF7DFFE0028C9
S21401E080D7D12B78053B012BB2D8FFF777FFFFF7E7
S21401E090E5FB2B78052B0CBF04200520FDF77EF948
S21401E0A0012002B0BDE8704016F044BF0C4E0223BA
S21401E0B00B2231460120FDF7C9F833885B0797D557
S21401E0C0284601F0FBF993E7932491E704468FE78E
S21401E0D0B84C002022440020B94C002000F8FF076D
S21401E0E0CC4300202DE9F3476D4D6E4E01230746C4
S21401E0F06C486B738846144600F020FC0EF000F85E
S21401E10038B9012F01D9042F10D12146404612F00B
S21401E110B3FA102000210AF0DDFB002800F0B780DA
S21401E120002002B0BDE8F047FBF760BE002CF0D13E
S21401E1305D4B1B78212B03D0062B01D0532B02D12C
S21401E14001F056FDE5E7FDF7F7F90028E1D000F00C
S21401E15045FC38B92B7B002B0CBFAB209420FFF776
S21401E160B1FBD6E7514B0193304600F0E7FB20B1F7
S21401E1704F4840F66901E7F79DFD4949307B01AA02
S21401E18014F050FE95F80090B9F1000F03D1454800
S21401E190FFF74AFDBDE7DFF83881DDF804A016F089
S21401E1A01DFF98F80030033B012B044606D8737B0D
S21401E1B0DB0703D596F9090014F056FE16F00EFF9C
S21401E1C03C4B3D4F188016F026FF3C4B1880FDF760
S21401E1D0C9F83B4B1880FDF7CBF8082201463948B1
S21401E1E019F0D5FA16F0DBFE374B18703079FFF7C9
S21401E1F07DFC70880021FFF74FFDFDF79DF960B1AA
S21401E200631E9BB24FF6F672934206D917F0B5FB22
S21401E210B7F8683083420446F8D0204616F0EAFE86
S21401E220308816F004FFB7F868004946D047044620
S21401E23008B9182093E7B7F8681016F0D2FA002349
S21401E24087F859302B7803F0FB03022B02D02046C7
S21401E25017F006F900231A4619462046FEF734FF42
S21401E26098B19423EB7398F80030042B06D1174825
S21401E270C821FCF7D5FE03232B744AE713484FF455
S21401E2801671FCF7CDFE0023F6E7942067E7FEF74C
S21401E29091FF00287FF444AF02B0BDE8F08700BFCD
S21401E2A0F643002008440020B84C0020E755030040
S21401E2B0E6570400F4430020183B0020F2430020F8
S21401E2C0F0430020434D00204B4D00205813002002
S21401E2D0B94C00207FB5194E194D00243278E3B2AF
S21401E2E09A4201D804B070BDB5F868204FF6FF73A6
S21401E2F09A421AD0134B1B88DB0714D5124AB5F87D
S21401E300683010685168ADF80C3001AB03C30A23BE
S21401E3101A4601A90020FCF799FF0C4902230B229B
S21401E3200020FCF793FF0134D8E7074800220821B4
S21401E33016F002FE0028F6D1DCE700BF0416002026
S21401E340183B002022440020823B0020CC430020C2
S21401E35010B501F0F1F802F003F8D8B10E480F4CF1
S21401E360FCF7FAFE0E48017A0E30FFF729FB2378F8
S21401E3701BB100F0C5FA002323700A4B00221A7362
S21401E380FFF76CFA08F024FD01F060F9BDE81040D3
S21401E390FFF7A0BF10BD00BF581300204C4D002052
S21401E3A008440020F643002010B52548FCF7D4FEAB
S21401E3B001F0D6FF30B1234B1B781BB9BDE81040E6
S21401E3C0FFF7C6BF01F0CCFF78B11F4C237C83B1A9
S21401E3D01B48C821FCF724FE237C013B2374002143
S21401E3E0BDE810400846FBF76BBDFDF7A5F8002811
S21401E3F0EBD1FDF7A1F8154B1B7858B9112B03D0BB
S21401E40003F0FD03412B19D10F4BBDE81040D87B1B
S21401E410FFF758BA332BF7D10D4B188816F0EAFDE3
S21401E4200C4B188816F003FE0B4B0C491888FFF7A7
S21401E43033FC0B4B1878FFF759FBE5E710BD00BF1F
S21401E44058130020B44C0020F6430020B84C00209E
S21401E450F4430020F2430020F0430020434D002007
S21401E4604B4D00202DE9F04F85B00F4602AD044616
S21401E47029463846914618F06CFD4FF0000B82464F
S21401E4803846CDF804B016F075FA4678022C804668
S21401E49006F0020609D85CB1FDF74EF804460028DE
S21401E4A03CD1734B01241B7859E0043C022C2ED935
S21401E4B0FDF742F8384616F0D6F90024DFF8B4A185
S21401E4C00546A046384616F055FA50F8093001932D
S21401E4D00DF1050016F005F99DF807B00746B8F1ED
S21401E4E0000F09D0BAF1000F06D062490822504643
S21401E4F019F03DF9002851D1BBF1000F34D14FF688
S21401E500F7739F4230D99420FFF7DCF946E016F006
S21401E510F0FFFDF711F80446F8B15C464EB1564BD4
S21401E5201B78012B02D0043B012B0BD805B0BDE8AC
S21401E530F08F4F4B1B782BB14F4B1B7803F0FB032F
S21401E540022BF3D0BAF1000F404608BF002518F0A1
S21401E550F3FC4FF001088246B4E7454B1B78002BCD
S21401E560F0D0002EEED1E1E7DFF8049199F8003003
S21401E57003B11EB314B3414B1B78022B1ED1BBF162
S21401E580000F14D1384616F035FD58465946FFF7A8
S21401E59017FA08F01DFC992012F038F80020FAF757
S21401E5A00DFC0028C2D0002016F01AFABEE7FCF7D0
S21401E5B0C3FF48B13248FCF7CFFDA4E7FCF7BCFF28
S21401E5C010B1BBF1000FF5D1FCF7B6FF0028E5D07E
S21401E5D02846FDF7B3FFFF28DFF8A0A0294C03D09B
S21401E5E09AF80030012B04D1B4F868002946FEF7EA
S21401E5F013F9FEF7CFF92A46B4F868103846FFF744
S21401E60049FC214B214A93F906301B0213809AF8E4
S21401E6100030012B18D0312B14BF432311238AF865
S21401E62000301B4B16481968134CFCF7F9FC00F038
S21401E63031FF99F800100023237439B91048FCF70C
S21401E640EFFCAD23E373A9E71123E8E7B8F1000F68
S21401E65003D016B1FFF77CFEF3E70E4B1B78042BB5
S21401E660EFD107480521FCF7DBFC09232374E8E713
S21401E670B44C00202E4D0020F6430020B84C00205C
S21401E68058130020183B0020084400202044002096
S21401E69078130020B94C00202DE9F04308468FB0CE
S21401E6A00D4616F067F9092200218046FAF720FF89
S21401E6B00446284616F0D7F80DF10D030746052245
S21401E6C006A9284613F0D8FE022881461CD09DF8DC
S21401E6D00D301C44E4B204F110020023D2B22946E4
S21401E6E0012018F8046011F01EFF68B1072E09D842
S21401E6F056B1013E062E07D8DFE806F00918067B5C
S21401E700062541007C2E45D00FB0BDE8F083534B63
S21401E7101B78013B012BF7D8284616F023F8002377
S21401E72000942A46194616F0E8FEEDE74C4B1B7896
S21401E730012BE9D14B4B18780028E5D12246294612
S21401E740FFF790FEE0E7454B1B78013B012BDBD83A
S21401E750384609F067FF4FF6FF739842044606D025
S21401E760284615F0FFFF2246394618F095FD3C4B2A
S21401E7701B78022BC8D1384612F073F9C4E7374B21
S21401E7801B78013B012BBFD806AA4946284600F054
S21401E79047F9B9E7314B1B78013B012BB4D8A044AC
S21401E7A098F8012098F80230652AADD16D2BABD1CF
S21401E7B02846FCF71FFA1334E4B28442A4D2082296
S21401E7C0394604A818F0E3FF0DF10E02214628464B
S21401E7D018F000FB002897D1BDF80E10002993D041
S21401E7E0214C012304A8237012F04FF80023237054
S21401E7F08AE71A4B1B78013B012B85D8062200219C
S21401E8004046FAF775FE404415F06BFF07460CF0DC
S21401E810C5F8044600287FF477AF284615F09DFF1B
S21401E820C3047FF571AF46F20403ADF81030CDE9AD
S21401E8300044022304AA0121384618F01AFB0646B2
S21401E84000283FF461AF394615F0CBFF284615F096
S21401E85089FF22463146FDF71BF855E7B94C0020E3
S21401E860B84C0020F64300207E4D0020064B187061
S21401E87040B1064B1B882BB14FF47A7104485943BB
S21401E880FCF7CEBB704700BFAB4C0020A2150020A2
S21401E8901C360020014B1878704700BFAB4C002097
S21401E8A008B5FCF759FC024B00221A7008BD00BFE0
S21401E8B0AB4C002084B010B502AC84E80F000F4CBE
S21401E8C0BDF8082063889A4204D00020BDE81040B5
S21401E8D004B070470822211D0DF1160018F047FFFD
S21401E8E002460028F1D10821201D16F025FB00283C
S21401E8F0EBD16088003818BF0120E7E7F643002017
S21401E900034A044800231380034A1370FCF724BC0F
S21401E910244400207C130020574D002008B50348EE
S21401E920FCF71AFCBDE80840FFF7EABF7C1300209D
S21401E9300148FBF769BF00BF2444002037B50546F0
S21401E94098B10C4B1B7893B100210B4816F07CF85C
S21401E95000240146162300942246284616F0AAF9FA
S21401E960064B20461C7003B030BD0220FBE770202A
S21401E970F9E700BF574D0020244400204D4D0020EC
S21401E980F7B5054618B3134C13482378124F0133D5
S21401E9900021237016F058F800260146237819B98D
S21401E9A0013B237001200AE0F2B2934209D1002410
S21401E9B0009416232246284616F07CF9204603B01A
S21401E9C0F0BD384616F096F801360146E6E7022015
S21401E9D0F5E700BF4D4D002024440020014B187878
S21401E9E0704700BF574D002025289DBF024B187069
S21401E9F000200220704700BF2D16002007B5012316
S21401EA0018460D220DF10701FCF720FC9DF80720A2
S21401EA10024B1A7003B05DF804FB00BFA41500207A
S21401EA20F8B507460E46144615F01DFF194B1B7820
S21401EA30022B05462CD1184816F038FA40BB28465A
S21401EA4013F035FD20B322463146384613F02BFD30
S21401EA50F0B1E7F789FA0446384615F083FE0F4B06
S21401EA601A780F2393409BB2B4FBF3F203FB1244D4
S21401EA700134012EA1B206D1094B0A4A1E702B6839
S21401EA8013606B685360BDE8F8400348FCF7C8BAEA
S21401EA90F8BD00BFB84C00203C3700202C160020E3
S21401EAA0564D00204E4D002084B010B502AC84E8CF
S21401EAB00F002848089C08220DF1160118F057FE91
S21401EAC008BB9DF815309A0705D4234B1B7803F035
S21401EAD0FD03312B1DD121496378097803F00F021C
S21401EAE08A4203D0012922D1022A12D1227882B980
S21401EAF01B09022B0DD11A4BA0781B78022B1AD1B9
S21401EB00C0F3800006E013480022082116F014FA2C
S21401EB1020B90020BDE8104004B07047114BBDF885
S21401EB2008205B889A42CCD0002BCAD0F1E7022994
S21401EB30EFD1012AD9E7030609D40B4BB3F86820B5
S21401EB40BDF80A309A42E4D1FEF73EFCE2E7012026
S21401EB50E0E700BFFA430020B84C0020F81500207B
S21401EB60B94C0020F6430020183B0020F0B5284B96
S21401EB7087B05D8800238DF80830264B1B780DF191
S21401EB800B0043F020038DF8093016F00DFD6FF0F1
S21401EB907F43ADF813308DF8153016F0ADFD1E4BE2
S21401EBA08DF816001B78DB00DCB2F1F71DFB1B4B62
S21401EBB01B7805F00107834205F010062CBF44F0D0
S21401EBC0040344F084032FB1A9061ED426B143F0F2
S21401EBD0020301E0AA07F9D4002108468DF80A309D
S21401EBE0FCF7B2F8ADF8060058B101230F2202A9CE
S21401EBF00DF10600FCF72EF918B90DF1060014F018
S21401EC000EF9BDF8060007B0F0BD43F00103DDE7DD
S21401EC10A4150020F8150020634D0020B14C0020FB
S21401EC2010B5FCF799FA0A4B1B78022B0CD1094B4D
S21401EC301B78033B012B07D9074C207828B100200D
S21401EC4013F038FC0023237010BD18F0FBFAF9E727
S21401EC50B84C0020B94C0020564D002084B02DE958
S21401EC60F04F89B012AC84E80F00DFF860C1544B56
S21401EC70BCF802009DF84DA09DF95220BDF860E059
S21401EC809DF865909DF966509DF868709DF96A102B
S21401EC90BDF848B09DF94E809DF850601B7810F085
S21401ECA0010434D09DF86D00C0F34004C0F3800029
S21401ECB0002B48D0434B1B78022B09D18A4242DBFA
S21401ECC023D1B81BC0B280288CBF0020012015E0DC
S21401ECD03D4B1B78012B00D1BCB178B19CF80030BC
S21401ECE01E335BB29D42D4BF002501259845D4BF93
S21401ECF000230123AB4206D18A42E1DA09B0BDE81E
S21401ED00F04F04B070472846F8E70020F6E784077E
S21401ED1018D5C3B1490814BF01200020520814BFFA
S21401ED20012300238342E9D1BB1BDBB2802B0AD926
S21401ED30BE42EAD1A84506DBE7D1D14594BF002003
S21401ED400120DBE70BB90120D8E7BE4216D018AD8B
S21401ED500FCD02AC0FC495E8030044F8040B2180E4
S21401ED60DDE9160112AB0090ADF804100FCB14F0DC
S21401ED7050F80028E7D1BE42A3D1BFE7F34518D02B
S21401ED800DF1700B9BE8030018AC0090ADF8041071
S21401ED9094E80F00FFF78EFD0028D4D19BE803000E
S21401EDA00090ADF8041094E80F00FFF783FD0028EB
S21401EDB0C9D1A845C7DBCAD1D145C4D8C7E700BF6A
S21401EDC0574D0020B94C0020B84C0020A415002057
S21401EDD084B02DE9F04F8FB06A4E18AC08AD84E8C8
S21401EDE00F0016220021284618F0EBFC33783BB9B9
S21401EDF00024654B32781B789A4239D2002726E0E8
S21401EE006248DFF88891002115F01EFE00270446AF
S21401EE10B846002C45D13FB15C482246394615F02C
S21401EE20A4FE3378013B33703378002BE0D057488B
S21401EE30DFF858B1002115F007FE4FF000098046B3
S21401EE404F46CA46B8F1000F6CD1002FD1D016211B
S21401EE50002218A815F0E1FD014648B1002F00F088
S21401EE608B804A48224615F01CFE337801333370F6
S21401EE70454B32781B789A4207D9444800220188CC
S21401EE8015F073FE3378013B33703378012B03D1D1
S21401EE903F494048FCF7C4F80FB0BDE8F04F04B056
S21401EEA0704700222146CDF800801623284615F02B
S21401EEB001FF1622294618A818F059FC0028EBD0A5
S21401EEC09DF864209DF824309A4225D1BDF8602033
S21401EED0BDF820309A421FD108220DF12E010DF106
S21401EEE06E0018F044FCB8B90DF1600CBCE80F00D8
S21401EEF002AF0FC79CE8030047F8040B0EAB39803E
S21401EF0013E903000090ADF8041095E80F00FFF731
S21401EF10A5FE0028C0D027462146484615F0EAFD42
S21401EF20044676E7162300224146CDF800A028467F
S21401EF3015F0C0FE0DF1600CBCE80F0002AF0FC764
S21401EF409CE8030047F8040B0EAB398013E9030075
S21401EF500090ADF8041095E80F00FFF77FFE074616
S21401EF6020B1B9F1000F04BF4446814641465846D8
S21401EF7015F0C0FD804665E704483A4615F06AFD7F
S21401EF8073E700BF574D00202D16002024440020B3
S21401EF9020BF02007C1300202DE9F04F9FB010AF78
S21401EFA000210446162238460E91CDE90C11CDF803
S21401EFB03B1018F006FC0DF11F03052216A920468A
S21401EFC013F05AFA0228804600F00381204615F015
S21401EFD0D1FC064615F085FB8146F01C15F081FB39
S21401EFE0ADF84000701D15F07CFBB8F1010FADF8CF
S21401EFF04200204640F0F08015F0BCFC0546204655
S21401F000FBF7DCFD0D352D1AEAB23B4621460820FA
S21401F01011F089FA002800F0DC80204615F0AFFCDC
S21401F020B8F1010F9DF84D30834640F0EF8043F074
S21401F030010300258DF84D3016AE04953388022B5A
S21401F04058D1F1780231C9B22046FBF7A7FF1B2839
S21401F05050D1F1780331C9B22046FBF79FFF19283A
S21401F06048D1F1780431C9B22046FBF797FF4A2808
S21401F07040D14FF0050AF17801315144C9B220461A
S21401F080FBF78CFFF17851448046C9B22046FBF766
S21401F09085FF00EB082083B200F03F02932B059218
S21401F0A040F0A28096F80380D0445FFA88F808F111
S21401F0B00203DBB204930023049A009321460F2334
S21401F0C00CA815F0F7FD08F11101C9B2204615F09C
S21401F0D03EFE08F113010546C9B2204615F037FE7B
S21401F0E0ADF84200059B023353445FFA83FA337945
S21401F0F05345C0D806360DF17603B3429ED19DF82E
S21401F1004D20C5F3C03363F3410220468DF84D20F0
S21401F11015F0C7FB8DF84400204615F0B7FB8DF8B7
S21401F1204500204615F0B7FB9DF832308DF84600B5
S21401F130C3F3C3028DF84720DDF83320CDF84E2007
S21401F140BBF1190FDDF83720CDF852208CBF9DF8A2
S21401F1503E2000228DF8482003F003028DF84A2055
S21401F1606F4A1278022A9DF84D200CBFC3F3800324
S21401F170DB0963F382026B4B8DF84D201B78022B63
S21401F18059D1BDF8406015F046FF864253D108A814
S21401F19016F00AFABBF1190F4AD908220DF14E01F1
S21401F1A008A818F0E4FA00283FD1B9F5004F02D0BC
S21401F1B0B9F5624F0DD125F4404540F6FF739D42E7
S21401F1C007D1002208210DF14E0015F0B5FE0028EA
S21401F1D041D01FB0BDE8F08F15F0CCFB05462046A8
S21401F1E0FBF7ECFC07350EE7412B7FF47BAFF1789C
S21401F1F002315144C9B22046FBF7D0FE4A4B1B7878
S21401F200C3F1B30318448DF849006BE76FF30003AD
S21401F210F01D8DF84D3015F064FA0CA90546204610
S21401F22016F00AFA0023049369E700F07FFFBCE7B3
S21401F23000F07CFFCDE7B9F5004F02D0B9F5624F7B
S21401F240C7D125F4404540F6FF739D42C1D1BBF1BD
S21401F250190FBED9B5E7BBF11A0F06D004991F31B5
S21401F2603A46C9B2204613F0DCFD304C304D637B84
S21401F270DBB12B78012B1DD1012323730CAB029339
S21401F28014AC94E803000090ADF8041097E80F0062
S21401F290FFF70AFC90B194E803000090ADF8041063
S21401F2A097E80F00FFF794FD08E0FCF745F9002802
S21401F2B0DFD0E1E703F0FD03042BDDD02B78012B33
S21401F2C001D0042B85D11B4BDDF84E001B788DF841
S21401F2D02230BDF84030ADF820309DF84D30DDF8D5
S21401F2E05210C3F340038DF823309DF8313003F0FC
S21401F2F00F038DF82C309DF848308DF82D3009AB72
S21401F30003C30D4B1B681BB1394608A8984760E735
S21401F3109DF946209DF8451008A811F098F958E780
S21401F320B94C0020B84C00205E4D0020F64300206A
S21401F3303A4D00205D4D0020F43B00202DE9F043BE
S21401F340424B434C1B78033B012B85B022D810F06F
S21401F3501EFE2378022B31D13E4A1468A0422DD0DE
S21401F3603D4910600A68121B10443C4A0860127836
S21401F37072B1013A93403C2253434FF47A7253439D
S21401F38098421BD9032005B0BDE8F043FCF706B848
S21401F3900A23F2E710F0FBFD2378022B0ED12D4A4B
S21401F3A01568A8420AD0DFF8C0802D4E1060451BB4
S21401F3B0002798F80030FCB2A34202D805B0BDE899
S21401F3C0F08356F824302B4446F82430204609F0C2
S21401F3D00BFAC3074FF0000910D5204609F0D2F901
S21401F3E070B156F82430242B08D9CDF8009010229D
S21401F3F00023204609F016FA46F824900137D8E78C
S21401F400184B1B5D13F00F031FBF03F1FF320223DE
S21401F41093403C2214BF53430A234FF47A7253435A
S21401F42056F824209A42E9D9204609F0CBF802A9D9
S21401F43017F096F928B1204609F0C4F802A913F08E
S21401F44011F8204617F021FAD8E700BFB94C002082
S21401F450B84C00206837002064370020F3150020E0
S21401F46000360020734C00200A160020064B1B882D
S21401F470DB0708D5054B002243F82020044A135C1D
S21401F48063F00F0313547047264400200036002013
S21401F490734C002008B510F07AFD034B1860034B3F
S21401F4A000221A6008BD00BF6837002064370020BC
S21401F4B0014B1868704700BF6437002008B50C4838
S21401F4C0FBF74AFEFBF7BCFF80B10A4B0322B3F8F9
S21401F4D06810012013F0C5FC074B05481B884FF444
S21401F4E07A715943BDE80840FBF79ABD08BD00BFD5
S21401F4F09C130020183B00208A150020014B188021
S21401F50000207047A8150020044A054B1870138880
S21401F51023F0030318431080002070472644002080
S21401F520F4150020034B1888C0F30E00003818BFEE
S21401F53001207047CC43002008B5FFF7F3FF30B138
S21401F5400449002002230B220880FBF77FFE0020DF
S21401F55008BD00BFCC430020024B1888C0F30E0044
S21401F560704700BFCC430020084A094900231370A6
S21401F570084A1370084B094A1B7843F004031380AA
S21401F580012002230B22FBF761BE00BF5A4D00206B
S21401F590CC430020594D0020F415002026440020BD
S21401F5A013B514468DF80710CAB9CAB20E2A16D872
S21401F5B00D4B1B881341DB0711D509F085F8FF2891
S21401F5C001460ED0094B9DF807201A5401230DF170
S21401F5D007021B2010F013FD204602B010BD0124C7
S21401F5E0FAE70224F8E700BFA8150020734C0020B4
S21401F5F030B585B00024114D019401210B230091F3
S21401F6008DF80C308DF80D000323B5F868008DF8E1
S21401F6100E4003AA17F02DFC68B1B5F8681016F075
S21401F62019F940B1064B074805221A70064B6421AA
S21401F6301C70FBF7F5FC05B030BD00BF183B002081
S21401F640594D0020BC1300205A4D0020064B1B7854
S21401F650033B012B06D8054B1B781BB9044B1878C6
S21401F660FFF7C6BF704700BFB94C0020584D0020B9
S21401F670F315002008B51548FBF76EFD144B1978F5
S21401F680F9B9144A13787BB1013B1370124B1B78FE
S21401F690042B02D10846FAF713FCBDE808400B48D4
S21401F6A04FF49671FBF7BCBC0C4B1B8803F00303AD
S21401F6B0022B0AD1BDE80840094903220120FEF7C2
S21401F6C045BABDE80840FFF7C1BF08BDBC1300201E
S21401F6D05A4D0020594D0020B94C0020CC43002043
S21401F6E000F8FF071FB50C238DF80C300B4B8DF877
S21401F6F00D001B8823F004030C468DF80E30012103
S21401F7000023CDE9001303AA0323204617F0B1FB1B
S21401F71010B1214616F09EF804B010BD2644002014
S21401F720F8B5064615F089F80546304617F0C5FBCC
S21401F730411C0446C9B23046FBF730FC023407468A
S21401F740E1B23046FBF72AFC394602462846FFF767
S21401F75027FF022816D02946FFF7C4FF0A4B1B884D
S21401F76003F00303022B0DD1284608F0ADFFFF2856
S21401F77008D0064B002243F82020054A135C63F0AC
S21401F7800F031354F8BD00BF2644002000360020A6
S21401F790734C0020084B1A785AB1013A0223934061
S21401F7A04EF66022534303210448B3FBF1F1FBF705
S21401F7B037BC42F21073F6E7F3150020BC130020A5
S21401F7C070B505461748FBF7C7FC174B01222846BC
S21401F7D01A7017F072FB411C0446C9B22846FBF7A3
S21401F7E0DDFBA11C0646C9B22846FBF7D7FB0F4C2A
S21401F7F0022320800B2221460020FBF727FD86B935
S21401F800238803F00303022B03D1FFF743FEFFF720
S21401F810C1FF23885B0704D5BDE870400448FFF7A5
S21401F8204DBE70BDBC1300205A4D0020CC430020B5
S21401F8309C1300202DE9F0411A4C238886B005461A
S21401F8404BB3DFF8688000214FF4807009F0AAFA04
S21401F85098F80030DB071CD501212088FBF738FA21
S21401F8600746208815F086F8023014F03AFF03A9FF
S21401F8700646208817F029FC98F8003013F0020F8E
S21401F88018BF002500953B4603AA3146062010F016
S21401F8900BFE00232380044806B0BDE8F041FBF7C9
S21401F8A05BBC00BF2C440020DC1300205B4D002015
S21401F8B02DE9F047384F3E8880460C461546994656
S21401F8C0002E48D0104614F063FFB0F5006F42D109
S21401F8D0284614F070FF824608F0F6FEFF283AD05C
S21401F8E02CB12E4A32F81030334322F81030B6F5D8
S21401F8F0007F44D0B6F5806F41D0B6F5807F2AD11F
S21401F900274B1B88AB422AD14FF6FF718A4522D07E
S21401F910284614F066FF304609F072FA78B9402C92
S21401F9201BD008D8CCB13F2C08BF312018BFD2203D
S21401F930FFF780FF09E04C2C08BF8D20F6E7022078
S21401F940002108F0C7FF0028E9D1164A00231380DA
S21401F950154A3B801370BDE8F0872046E8E7114C56
S21401F9602388AB42F7D14FF6FF718A45F3D025B114
S21401F970284614F036FF002323800023E8E70A4ACE
S21401F980002313703B802A464B4621464046BDE87D
S21401F990F04715F065BC00BF28440020BA4300209C
S21401F9A02C4400202A4400203F4D002010B5044678
S21401F9B0CA20FFF73FFF01214FF4807009F0F2F9EA
S21401F9C058B1064B06481C80064B00221A70064B9F
S21401F9D0BDE810401988FBF723BB10BD2C4400205E
S21401F9E0DC1300205B4D00208C150020044A1378A0
S21401F9F018B943F001031370704743F00303FAE7A5
S21401FA005B4D00202DE9F04FDFF84C9199F800602E
S21401FA1087B0002E40F08C80DFF840B1DFF840A1BF
S21401FA209BF80030F4B2A34207D8434B00221A8059
S21401FA3007B0BDE8F04FFDF7E7BB20463AF8145093
S21401FA4008F0A0FE8046002860D0204608F0BAFDE7
S21401FA5015F40071074645D001464FF6FF720E2099
S21401FA6016F00BF80546002850D0394614F0B9FEBA
S21401FA704FF40073304E33803AF81420002722EA00
S21401FA8003032AF81430102200230097204608F0BA
S21401FA90C9FE2A4B1B88DB0707D5294B294A43F8A1
S21401FAA02470135D63F00F0313551820264B009343
S21401FAB060430021254C01910123205C2A46FAF778
S21401FAC023FA002814BF0123002389F8003005D14A
S21401FAD03388B3F5807F01D11D4B1880404607B0AF
S21401FAE0BDE8F08F680513D5059115F046FF059919
S21401FAF0012203460092CDE901113A460720FDF79F
S21401FB009BFC4FF480630546002DB3D1013687E791
S21401FB10104B18880028F9D0EA05F7D5394614F0B5
S21401FB2060FE0C4B1D880A4B1D804FF48073EBE77B
S21401FB304FF00008D2E700BF2844002026440020EA
S21401FB4000360020734C0020B1F80100B8160020E2
S21401FB502A4400202C4400203F4D00200A16002095
S21401FB60BA43002030B501F0400387B0002B4FF0B8
S21401FB700402054614BF012400248DF80C208DF8DC
S21401FB800D1004D004A916F0EBFD40B304ABCDE98B
S21401FB90004303AA02230121284617F06AF9044606
S21401FBA0F8B1114B1B78033B012B04D80F4BB3F86C
S21401FBB0681014F016FE4FF6F7739D420AD900231B
S21401FBC0322202212046FDF77FFA80F00100C0B202
S21401FBD007B030BD2946204615F03CFEF5E701206A
S21401FBE0F6E71820F4E700BFB94C0020183B0020C8
S21401FBF010B5FFF7A1FC04F0E1FE15F029FC00208A
S21401FC0016F0A5FDF9F740FF08B1FCF7C1FA1F4C45
S21401FC102378532B10D1032300210120237015F0E4
S21401FC20CEFC0020F9F7CAF810B1002014F0D8FE77
S21401FC30BDE8104013F019B9062B01D0212BF0D1E5
S21401FC40012015F088FC4FF6FE7015F0D3F94FF63B
S21401FC50FF7015F0ECF90020FDF75EFE0020FDF7C1
S21401FC6089FEFDF7DBFD00F061FB0CF097FB2378C6
S21401FC70212B02D1FDF7B8FBD3E70020FBF78EFB63
S21401FC8000214FF4004016F010FBCAE7B84C0020E4
S21401FC9010B50A4C0A48FBF75FFA2378062B02D107
S21401FCA0012015F058FC2378062B01D0532B03D1E5
S21401FCB0BDE81040FFF79CBF10BD00BFB84C002048
S21401FCC0FC1300202DE9F84FDFF8CC8004460E46E1
S21401FCD01746FFF731FC98F8005015B97020BDE8BB
S21401FCE0F88F212DFAD0DFF8B49099F80030012B67
S21401FCF001D1A306F2D4274815F0D8F80028EDD193
S21401FD0014F02004DFF898B0DFF898A005F00F058E
S21401FD10394630461BD012F0A3FB012D8BF800703C
S21401FD20AAF8006033D1212388F80030FFF760FF7E
S21401FD300020D4E7212388F80030FFF759FF00217F
S21401FD404FF6FE70FDF7A8FFFEF7C4FAF0E712F0D3
S21401FD5086FB012D8BF80070AAF80060EAD0062316
S21401FD6021464FF6FD7088F80030FFF7FBFE99F844
S21401FD7000300848033B40F6020240F22621012BE0
S21401FD8088BF1146FBF74CF9002CD1D1D7E7532396
S21401FD90E6E700BFFC130020B84C0020B94C002059
S21401FDA05C4D0020AA1500202DE9F3410F46511C99
S21401FDB0C9B205463846FBF7F1F80446384614F052
S21401FDC0D9FD0646023014F08CFC414B1B78022B01
S21401FDD0804604F0400202D0043B012B06D83D4B7E
S21401FDE01B68580205D5A10603D48AB302B0BDE844
S21401FDF0F0816AB3384A1278D11E01291CD8374BD4
S21401FE00B3F86830AB42F1D173781F0719D5304685
S21401FE1017F092F83249082217F0A9FCB0FA80F0E0
S21401FE2040090028E2D00122294604F0200002B051
S21401FE30BDE8F041FFF746BF022AD7D1DB01D5D492
S21401FE40E2E715F0CBF8A0EB080670427041E8E750
S21401FE50214B1B78013B012BC8D87378D906C5D531
S21401FE606946384617F075F86946002008F0FCFB2D
S21401FE70FF2806460BD0A20601D415F00BFC30462F
S21401FE8008F0A0FB04F0BCFD304616F0FEFC284648
S21401FE9015F01AFAFF280DD0FCF792FB14F0200695
S21401FEA008D115F09BF828B1334602226946284648
S21401FEB005F0B4FE15F092F8002897D1A30695D464
S21401FEC04FF6FF7302226946284610F004FB8DE7C1
S21401FED0B84C002070370020B94C0020183B002099
S21401FEE02E4D002038B504460D4608F0EDFBFF28E0
S21401FEF0034615D00B4A127842B10B4A32F810204D
S21401FF00520403D516F0C1FC002038BD184615F082
S21401FF10C1FB45F040012046BDE83840FFF722BE50
S21401FF200120F2E7B44C0020BA43002038B505465C
S21401FF3014F020FD0446284616F0BFFF411CC9B246
S21401FF402846FBF72BF842060DD563781B070FD51D
S21401FF50204616F0F1FF0146002008F085FBBDE8BB
S21401FF60384016F092BCBDE838400248FFF790BE14
S21401FF7038BD00BFFC13002038B54FF6FF75A84208
S21401FF80044617D015F047F8A04213D00A4B19883B
S21401FF904FF6FD7291420DD9084A1288AA4201D045
S21401FFA0A24207D11C800648BDE838404FF47A715A
S21401FFB0FBF736B838BD00BF94150020AC150020FD
S21401FFC0FC36002008B50448FBF7C6F8034B4FF68D
S21401FFD0FF721A8008BD00BFFC3600209415002071
S21401FFE0024A13780BB1013B13707047A74C0020EF
S21401FFF008B515F01CF8064B00214FF6FF720846AF
S2140200001A80FDF7DDFCBDE808409A2010F0FEBA23
S2140200109415002008B5FBF79FF80A4B1B78023BA5
S214020020032B08D8084A10884FF6FE7398424FF6FC
S214020030FF7301D1138008BD9842FCD0BDE808408A
S214020040FFF7D6BFB84C00209415002010B5084B19
S2140200501B78042B0AD014F0C1FF00210446084680
S21402006015F036FB231A5842584110BD0020FCE713
S214020070B94C0020F0B589B000260546CDE90566E4
S214020080ADF81C6016F019FF0A23024604460096D5
S214020090294605A814F00EFE9DF815309DF814703A
S2140200A01F2B27D803A815F07FFA08220DF1160198
S2140200B003A817F05CFB0646E0B9092F1CD1FFF730
S2140200C0C5FFB8B1154B1B78A3B1154B1A884FF66E
S2140200D0FD739A420ED9134C134A23780433DBB2CB
S2140200E023701278013AB3EB820F03DD58B210F098
S2140200F0A5FC267009B0F0BD04F10A01C9B2284673
S214020100FAF74CFF15F012FB04F10B01C9B22846B0
S21402011014F01DFEFFF730FFECE700BF0B160020C1
S21402012094150020A74C0020F215002038B5134B7A
S2140201301B78033B012B20D9114B1B784FF6FF711E
S214020140ABB1104D2B888B4217D114F064FF4EF6DC
S214020150602104460C48FAF763FF4FF6FE732B80C5
S21402016022460021BDE83840092015F0EDBA074ABC
S21402017013888B421CBF0133138038BDB94C002054
S2140201800B16002094150020FC360020C8430020E1
S21402019010B5044661B1FF2114F08DFB0021204604
S2140201A014F08FFB14F03EFA0146204614F08FFB43
S2140201B021460348BDE81040002214F04BBC00BFA5
S2140201C0304400202DE9F0410D461746044614F04F
S2140201D0D1FB067828460AF0E1FB294680462046EF
S2140201E014F0FFFA14F0FAFEA84206D120460121C6
S2140201F0FFF7CEFF0120BDE8F0812846B8F1000FD8
S2140202000BD00AF059FC58B915493A4620460978E7
S214020210BDE8F0410023FCF757BF16F0C6FAF2E736
S21402022006F00306012E08D014F0D8FE002322465C
S214020230294602F05DFE0028D8D1204614F08DFA39
S214020240430505D520460021BDE8F04114F0B3BFB2
S214020250204616F06DFAB0FA80F04009CBE700BFF0
S214020260F015002010B586B0044616F026FE104B98
S2140202700246186819790290D3F805005B7A8DF861
S2140202801430013200238DF80C100490009321469E
S2140202900523D2B204A814F00DFD052204A902A873
S2140202A017F065FAB0FA80F0400906B010BD00BF3C
S2140202B0F457040008B50748FAF74EFF064B1B78BA
S2140202C0033B012B05D80021BDE808400846F9F794
S2140202D0F7BD08BD1C140020B94C002008B5114813
S2140202E014F0C3FD104B1B78012B06D8FF2009F033
S2140202F031FCFCF7ADFD08F0D9FCFCF7C5F902F0BD
S21402030047F9FFF731F916F0E9FF0BF023F9FCF78E
S21402031059FF0AF035FF12F0A7F8BDE8084003F0CF
S214020320E9B800BFD83B0020F115002008B5EFF76A
S214020330CDFFFF2803D0094B1B78012B06D90020DE
S21402034009F008FCFCF784FD08F0B0FCFCF79CF909
S21402035002F01EF9BDE8084003F0CCB8F115002003
S214020360064B1878112806D000F0FD00A0F14103D4
S2140203705842584170470120704700BFB84C0020D1
S2140203802DE9F0410446FCF70BFD18B10026304675
S214020390BDE8F0811D4B1B78033B012B09D81C4B93
S2140203A0B3F868104FF6FF739942EFD0204614F068
S2140203B018FA184A0123128802212046FCF784FE06
S2140203C006460028E2D0204614F0D4FA90F80780B9
S2140203D00546043014F085F9074614F0FFFD414641
S2140203E002463846FCF7F4FCA81C14F07AF94FF6DD
S2140203F0FF73984202D12046FFF7D8FA2B789B0764
S214020400C5D101212046FFF7C3FEC0E7B94C002044
S214020410183B00202E4400202DE9F04F85B0002521
S2140204200746039514F0A6FA0646043014F059F966
S2140204308046B01C14F055F93378009304464046C3
S21402044008F042F9824640460AF0A8FA3378BAF132
S214020450FF0F0CBF83464FF0010B9A070AD114F028
S214020460BDFD404514BFD9464FF00109B3791BB90B
S2140204700320B8E0A946F9E714F0B0FDA04205D182
S21402048014F0ACFD0446994B1B7836E0984B1B786B
S214020490052BF8D0033B012B03D8964BB3F86840E4
S2140204A0F1E7204616F097F9737840B313F004028A
S2140204B0DFF838820BD198F800301A44D2B22146BF
S2140204C03846FFF77FFE0028D2D000208BE0384661
S2140204D016F0B5FC014605463846FAF75FFD421CA3
S2140204E0520002F0FE022946384615F073F9737878
S2140204F023F00403737098F800300022DDE75B07F0
S21402050026D5384616F09BFC014606463846FAF7CC
S21402051045FD06F101095FFA89F9824649463846E1
S214020520FAF73CFDDFF8C481BAF1000F01D0FF28CC
S21402053005D1002249463846FAF744FDDBE7B11CEE
S21402054001EB4001C9B2384614F001FC0446D2E77A
S21402055003AA02A9204616F076FA0546B9F1000F5C
S21402056049D0009B03F0C003802B0ED1FF23204608
S2140205708DF809300BF006F8FF281BD00DF10902A2
S2140205800DF10A010BF0E2F914E0402B33D19DF88D
S214020590083083B3FF2320468DF809300AF0F2FFB5
S2140205A0FF2807D00DF109020DF10A010BF0CEF972
S2140205B003281BD1337803F03F033370404616F00E
S2140205C00AF910B914F00AFD804642460021204678
S2140205D008F082FE00283FF44BAFC82207213846B7
S2140205E00AF006FE012005B0BDE8F08F9DF809303E
S2140205F0FF2BDFD12546039838B99DF80820002A3C
S21402060062D13A4B2C461B7857E709F067FA039AF1
S214020610FF281279034608D1CDE9002040F2BF1127
S2140206203548E5F747FBDDE90023B9F1000FE4D0D2
S21402063002F03002102A0AD0202ADED1BBF1000FC7
S21402064024D05146184609F04DFC0028D5D1DFF8D3
S214020650AC9099F80030012B45D0204612F0E3FB0F
S21402066028B9F3792A462146404616F06FF9A54284
S21402067012D1039A137923F00C0313719DF80830F4
S214020680ABB91A4B1B782C46302216E7039B1B7914
S21402069013F00C0FDBD1B0E799F80030022BE8D04C
S2140206A0039A137923F00C0343F00403E5E70121D0
S2140206B0204614F083FE20B920460AF063FFFF2886
S2140206C00FD00A4B1B78DFE70121204614F076FE96
S2140206D000287FF4D8AE20460AF054FFFF287FF4A5
S2140206E0D2AE02207FE7A542D9E700BF2E44002003
S2140206F0B94C0020183B002005590400604D00202C
S21402070038B50D4B1B78033B012B04460D460FD91B
S21402071000F108039BB2012B0CD814F05FFC2946AB
S2140207200246204608F0D8FD80F00100C0B238BD6F
S2140207300120FCE77020FAE7B94C00202DE9F041D1
S214020740064610460D4616F0B8FBA0F11004E7B2B6
S21402075056FA84F4EA1B214604F10E0017F017F845
S2140207602823F355DFF8408098F80030637301F0D1
S21402077021FF611C0246012013F0B9FF0949082235
S214020780601D17F004F898F8000015F03BFE05F11E
S2140207900E0130463B460022C9B201F0B7FF1220D6
S2140207A0BDE8F0812E4D0020B34C00202DE9F04F1D
S2140207B089B0044614F0DEF80546204614F03DF8EB
S2140207C00746281D13F08DFF8146A81C13F089FFEB
S2140207D08246384695F807B015F0FDFF2B78039051
S2140207E099076CD12146042002F098F8002866D0BA
S2140207F0204616F062FB01462046FAF7CFFB820738
S2140208005DD1204616F059FB01462046FAF7C6FB94
S21402081010F00303049352D12046FFF723FD00286D
S2140208204DD0204616F040FC00F101080646204650
S214020830FAF7E0F95FFA88F808F10A03834280F2D1
S214020840A580544A1068516806AB03C3B11CC9B2EE
S2140208502046FAF7A3FB414605902046FAF79EFB90
S214020860059B06F10B0100EB03201FFA80F8C9B2C4
S2140208702046FAF793FB049B0590F21CD2B221465F
S214020880009306A8082314F015FA204613F0D5FFA5
S214020890059A41460BF092FD012206A9404601F058
S2140208A07DFB002872D102200AF0F8FD02200AF031
S2140208B0F5FD013003D106A94046EFF7F9FB14F027
S2140208C08DFB48453A46594608D114F0A5FD002846
S2140208D05CD109B0BDE8F04F01F056BB484614F0B3
S2140208E09BFD002852D12C4B1B781BB93946484633
S2140208F014F08AFF3A4659464846FCF769FA002839
S21402090044D0297811F0030102D12046FFF740FCBB
S214020910AB79002B3AD0214B1B78033B012B35D900
S2140209206B78DB070DD550462E7A15F012FE10B303
S214020930F30803F01C0326F01F06334343F00103BB
S2140209402B724FF6FF71204613F04BFF039BDBB969
S214020950E5F70AFB00F03F02002302212046FCF7DF
S214020960B3FB4FF6FF739A4510D1204609B0BDE897
S214020970F04FFFF71BB806F01C031C2BE1D0042B2C
S21402098004D9043E2E72DCE70022E5E709B0BDE892
S214020990F08F00BFD10F0400AF4C0020B94C0020EE
S2140209A02DE9F04385B005460C46174613F0DFFEE8
S2140209B00C2828467CD113F0DDFF09220021F8F727
S2140209C097FD00F110010646C9B22846FAF7E6FA84
S2140209D0042854D006D8012810D002281DD005B00D
S2140209E0BDE8F0837C28FAD101212846FAF770F98F
S2140209F0214605B0BDE8F0430FF072BF44B913219B
S214020A00284614F0A4F905B0BDE8F04314F00FBB75
S214020A1005B0BDE8F043FCF7FBBEA24B1B78013BDA
S214020A20012BDCD806F11301C9B22846FAF7B6FA4A
S214020A3044EA000212F0FF0411D106F11101C9B214
S214020A40284614F084F92946064615F08AFC224602
S214020A503146102005B0BDE8F04311F0BEBC0024BC
S214020A6008232946009415220DEB030014F022F900
S214020A7002A9204607F0F8FD15F007FFAFE78A4BFC
S214020A801B78022BABD144B9FEF766FDC2070AD526
S214020A90FEF700FD002F08BF3124204605B0BDE852
S214020AA0F0430FF047BEFEF73DFD0028F0D0F1E719
S214020AB013F060FF8046043013F013FE074608F179
S214020AC0020013F00EFE4FF6F773984206460CD855
S214020AD0764A138801339BB213800BB9744A13808B
S214020AE01CB1734A13880133138098F8009009F0FA
S214020AF00309B9F1010F40F08580284616F0DDF9AA
S214020B0001462846FAF74AFA043809283FF667AF3C
S214020B1001A353F820F000BF410B0200DF090200D8
S214020B20DF090200650B0200DF090200DF0902008E
S214020B30DF0902004D0B0200DF0902004D0B020026
S214020B40284605B0BDE8F043FFF7F0B9554B1B78D1
S214020B50042B7FF444AF0021084605B0BDE8F043FD
S214020B60F9F7AEB94F4B1B78013B012B3FF637AF77
S214020B70404616F0E1F94F4B00275B89ADF8083086
S214020B808DF80A70014600283FF429AF384607F070
S214020B906BFD0646284616F090F9421C0323009782
S214020BA0D2B2294602A814F085F83F4B1B78022BD6
S214020BB09DF80A301AD11C43E4B2BCB9FF2EBDF828
S214020BC008400AD03C4A32F8163023F4806322F8F2
S214020BD016302146304615F038FE204615F014FF32
S214020BE000222146102011F0F8FBF8E6022B3FF413
S214020BF0F6AE2BB9304B33F816305B053FF5EFAE49
S214020C00304639E7B9F1000F7FF4E9AE21462846AF
S214020C1003F0DCFF002C3FF4E2AE4FF6F7739E4281
S214020C203FF6DDAE98F8015015F00405304620D1A7
S214020C3015F037FF044630467CB115F0B6FD034684
S214020C40F0B900900C223146384614F02BFF0C22E5
S214020C50002300933946304608E015F0A6FD034609
S214020C60B8B9164A009012783146384614F01AFF80
S214020C70B5E615F09AFD034678B900900B22F3E725
S214020C80062200952B463146384614F00BFF062204
S214020C90DEE7009423460622E6E7CDF800904B46B0
S214020CA0F9E700BFB94C0020B84C0020D043002022
S214020CB0CE430020F4570400BA4300202F1600202B
S214020CC02DE9F04F05888BB00446284613F052FEF5
S214020CD00746043013F005FD0090B81C13F001FD22
S214020CE005A90190284616F034F9284616F0E5F8CC
S214020CF0014606462846FAF751F93B78029003F079
S214020D000303012B0CBF82464FF0FF0A0FF03AF99D
S214020D10637AB4F806B0DB07814647D414F05EF96E
S214020D20009BC01AD0F1000848EB0008FB79009837
S214020D30039301F061F800283BD1019801F05CF8BA
S214020D4000284CD1FCF704FBA9EB0B0B1FFA8BFB1C
S214020D508146FAF7F1FB002847D1FFF701FB00288E
S214020D6043D1A24B1B78033B012B45D8BAF1060FA1
S214020D7000F0BE80BAF1040F00F0BA80FFF7F0FA76
S214020D8020B1029B03F00303012B35D0FAF758FB80
S214020D9028B9974B1B7803F00F03062B71D1954B9E
S214020DA02846B3F8681013F01CFD25E04FF0010842
S214020DB0BCE7284613F0DEFD023013F092FC4FF635
S214020DC0F773984206D9039B23B92846FFF74AFAD7
S214020DD00028B2D1A37823F00F03A37053E0019842
S214020DE015F0F9FC0028ADD1F4E7A9F104095FFA81
S214020DF089F9B9F1020FB4D8BAF1010F40F09F8019
S214020E00284613F0D8FC4FF6FF73984268D10023A9
S214020E1007AA3146284615F05AFD07460028D9D0BB
S214020E2042799DF82530934209D9711DC9B22846E8
S214020E30FAF7C8F8A37823F00F030233A370E5F796
S214020E4093F87E23B0FBF3F202FB130303F58073E1
S214020E50A3809DF8263013F0180F0AD0A37819073E
S214020E6007D1B8F1000F04D17A79009805A90FF0DE
S214020E7082FC9DF82700003818BF01200BB0BDE8A1
S214020E80F08F2823A3800020F8E7584B1B78033BFB
S214020E90012B5CD940F6B8339B459BD8E5F764F83E
S214020EA000F03F00C0F5FA70FF23A0808DF81330E3
S214020EB007A900230DF113008DF81C30FBF7ECFF99
S214020EC0F9790546009814F09BFA002D82D09DF819
S214020ED01C20013A032A7BD8DFE802F0807A697D7B
S214020EE0019A4FF6F7739A4223D87B78DA0720D412
S214020EF0284613F060FC14F067F8012808BF3E4B42
S214020F00A27801BF1B7803EB830303EB83039B00EA
S214020F1006BFFA339BB2FA2312097FF45BAF5B4536
S214020F20FFF458AFE5F720F800F01F001030A0805D
S214020F3054E02E4B1B78033B012BABD8D8E7019A23
S214020F404FF6F7739A42A0D87B78DB079DD4BAF1A6
S214020F50020F55D1012307AA3146284615F0B7FCE1
S214020F60804614F03BF8BDF82230984238D1B8F1EA
S214020F70000F3FF42FAFB8F8023001223146284660
S214020F8008F02EFB1D4A13780133DBB2FB71137097
S214020F90B8F80230BDF81E209A421FBFA37823F08D
S214020FA00F030233A3704FF4C873A38016E0B8F1A0
S214020FB0000F13D100283FF40DAF426801323FF410
S214020FC009AFC2789DF813309A42BFF403AF05E02A
S214020FD0B8F1000F02D1A2781209EBD101204DE739
S214020FE0184615F0F8FB0028C1D181E7B94C00205D
S214020FF0B84C0020183B002002160020B64C0020F9
S214021000BAF1030F7FF474AFB8F1000F3FF470AF7C
S214021010711CC9B22846F9F7C1FF0C287FF468AFE5
S214021020FBF72CFD4FF6FF73984201463FF460AF84
S214021030284613F0D6FB5BE72DE9F3410446008809
S21402104013F098FC0546043013F04BFB0646A81C2A
S21402105013F047FB07460EF095FF05463046B4F8F8
S214021060068000F0C9FE064648B9384600F0C4FEBF
S21402107058B9194AA3781278033A012A0BD8A378EA
S21402108023F00F03A370002621E0384615F0A3FBD9
S2140210900028EED1F3E71B09F1D1A5EB0805ADB2A6
S2140210A0B5F5C86FEBD80DF1030101AA38460193D6
S2140210B015F0C9FC9DF80350014645B94FF6FF737B
S2140210C0984204D0208813F08CFB0126A580304677
S2140210D002B0BDE8F08100BFB94C00202DE9F04116
S2140210E005460C4613F043FB082802D10120BDE852
S2140210F0F081201D13F0F5FA0646284694F807807C
S21402110013F09BFB0746284613F027FB010612D571
S214021110184B1B78042B0ED1174B1B78022B0AD1C7
S214021120164BB3F868204FF6FF739A4203D000219D
S2140211300846F8F7C5FE124B1B78002BD6D1A01C2A
S21402114013F0CFFA4FF6F773984202D86378DA07AD
S2140211500DD523789B070AD13A464146304614F00D
S2140211605BF980F00100C0B200F00100BFE7012089
S214021170FAE700BFB94C0020B84C0020183B00200C
S214021180624D00202DE9F04F99B0044613F0EFFAB5
S2140211900546204613F0EBFA08283DD1102200211E
S2140211A0204614F017FB2046F9F708FD05462046B0
S2140211B0F9F720FDC1B22846FAF702FCADF8524014
S2140211C08DF8510048B92046F9F7F8FC01460DF1B2
S2140211D05100FAF72FFC8DF85000BDF8502048F267
S2140211E001039A4202D1204611F040F99DF851308F
S2140211F0402B05D1204611F039F919B0BDE8F08F21
S214021200802B03D014A80FF0EAFBF6E714A80BF025
S21402121001FB0028F6D0F0E7204613F0FBFAB0F503
S214021220006F40F0FC80204613F007FB0646042DB4
S21402123040F0F880204613F090FA80F40060C0F385
S214021240C02000223146400011F0C7F8904B1A78B1
S214021250022A0DD0FFF784F850B902F0FD03312BB5
S21402126006D0043A012A03D98A4B1B78002BC4D035
S2140212702146022001F052FB04900028BDD02046F1
S214021280ADF83A4013F076FB0446BDF83A0013F088
S214021290D4FA0546201D13F024FAA31C83461846EA
S2140212A0029313F01EFA0FA90646BDF83A0015F08F
S2140212B050FE63780590BDF83A002778089315F03B
S2140212C0FCFD63780B938246284609F067FB07F01D
S2140212D00307012F0CBF032302230D936E4B0C90C2
S2140212E01D80237803F03C030CBF4FF00B084FF031
S2140212F00A08082B81D1BDF83A00F9F77BFC504565
S2140213007FF67BAF012F03D0237898077FF475AF63
S214021310624BB3F86830AB420DD1614A614BB2F909
S214021320001093F90030002900F0A18001EB0313AE
S214021330A3EB21131380AAF11003DBB206938DF8F8
S2140213403930BDF83A100DF13903102240460FF03D
S214021350EAF800283FF451AF089B13F00203099302
S21402136000F00D81504B1B78002B3FF446AFBDF8C2
S2140213703A80404615F0A1FD4FF00009079040461E
S214021380CDE91499CDF85890ADF85C9013F055FA63
S214021390079B029003F10E0189B2404615F060FDEC
S2140213A000286ED00E23079ACDF80090414614A866
S2140213B013F080FC0DF15101012013F0A6F99DF8FF
S2140213C05D3003939DF850300A90282B59D1374947
S2140213D008220DF1550016F0CAF9002851D00398DC
S2140213E015F010F8002867D1314B039A1B78D31AF0
S2140213F0190646D404F060FC01283AD12D4E0EF0B0
S214021400C6FD3468054624B104F05CFC2C1B8442FD
S21402141037D30021084614F0D2F8356031E04FF693
S214021420FD7604E74FF6FF70301A18BF012000223F
S2140214303146400010F0D1FF0C2D0DD1214601207F
S21402144001F06CFA00283FF4D8AE2146002019B00D
S214021450BDE8F04FFDF720B92DB9204619B0BDE81A
S214021460F04FFDF799BD042D7FF4C7AEEEE61B02E2
S21402147060E704F021FC022803D104F0FFFB0028F9
S214021480BCD002990022192010F0A7FFB5E600BFD3
S214021490B84C0020624D00204C440020183B00202F
S2140214A0204400205E4D0020B44C00202E4D00202B
S2140214B0B34C00200C3C002001230093079A4B46B5
S2140214C01021404614F08CFD0028DAD0BE4B039A59
S2140214D01B78934240F0A78002990DF1550211A89D
S2140214E009F044FA012111A809F0BCFA48F20301F6
S2140214F0814611A809F0C2FBB9F1000F03D00821FA
S21402150011A811F073FC404615F0F5FC02990DF196
S2140215105500FBF753FBFE288146B2D0FF280AD1BE
S214021520029813F0D1FEFF28814600F084800DF168
S2140215305501FBF7BDF9A44B039A1B78934200F0C2
S214021540A0800A994846FBF71FFB00283FF455AED9
S2140215500A994846FBF72AFB23789A070FD140469A
S21402156015F0ABFC01464046F9F718FD00F0030003
S214021570012804D102980DF15501EEF799FDBDF848
S2140215803A0013F0EAF8030440F18280204613F092
S214021590A8F840F4007189B2204613F0A4F8BDF80A
S2140215A03A0000224FF4004113F0C8F8DDF810802C
S2140215B0BDF83A100D980DF1390310220EF0B3FF64
S2140215C000283FF41AAE032865D1204613F089F8A6
S2140215D040F4007189B2204613F085F8284615F0CB
S2140215E0FAF8002840F0BA80DDF81080012F40F0AB
S2140215F0BB80BDF83A10032001F090F9002840F0B5
S214021600B3805146BDF83A00F9F7C8FC0F280146E8
S2140216107FF6F3AD4FF6F7739E423FF6EEAD2846E1
S21402162014F03CF9E9E50399012003F075FC002863
S2140216307FF452AF25E7237803F00303012B08D18A
S214021640404615F03AFC01464046F9F7A7FC082842
S21402165095D05E4B1A785E4B1B789A4209D20DF1F2
S21402166055010298FBF7D8F8029813F02DFE814632
S21402167061E7A01C13F035F84FF6F7739842EED9DF
S214021680FFE64846FBF70AFB00283FF45AAF5FE73F
S2140216904FF000088CE7284615F09DF80028A5D0E4
S2140216A0099B002B5CD1B8F1000F57D1012FBDF872
S2140216B03A009ED05146F9F771FC8146DFF8208148
S2140216C098F80030002B5AD013F088FC86427FF43C
S2140216D094AD012F40F08D80B9F1070F00F28280A1
S2140216E0B9F1050F7FF689AD3A4B1B78022B02D073
S2140216F0043B012B03D898F80030002B46D00B9BF6
S214021700980640F1C4800C9B002B40F0BC80284613
S21402171006F0DAFFFF2840F0B6805D457FF46DAD37
S214021720059B002B00F0AD800FAB46F204020126AB
S214021730ADF8502001930096022314AA314628469B
S21402174015F097FB044600283FF457AD294613F0E0
S21402175048F83146204613F02EFD4EE5DDF810809F
S214021760284607F097FD41E7BDF83A005146F9F7DB
S21402177015FC099B814613B9B8F1000F9ED0154B94
S2140217801B78022B02D0043B012BB8D8284600F067
S21402179033FB804600287FF430AD13F01FFC8542F1
S2140217A031D10D4B1B78033B012B28D80B4BB3F8DA
S2140217B0684013F013FCCDF80080014643460D2224
S2140217C0204614F06FF918E5B34C0020B24C002006
S2140217D003160020B84C0020B94C0020183B00200D
S2140217E0B44C0020A9F10E03DBB2012B7FF67CAFCE
S2140217F003E509F00303012B7FF4FFAC74E7012035
S21402180000F098FBF9E4284614F0E5FF58B913F007
S21402181002FC4FF6FF73984205D0F8F735F910B977
S2140218202846FAF79FFF284614F0D5FF80B113F03A
S214021830F2FB4FF6FF7398420AD0F8F725F938B94B
S214021840012F02D1B9F1060F02D0284607F090FA0E
S214021850059BA3B919460122584600F09FFB804615
S21402186000287FF4CAAC204615F066FB42460146C5
S214021870304600F093FB00283FF441AFBDE40FA9C9
S214021880E9E7059B51E7637823F0200363704FF680
S214021890FC739E4274D1B54B1B78033B012B7FF63B
S2140218A0ACACA3790BB1013BA3716378590727D57A
S2140218B0002314AA11A95846149315F0C4F81498D4
S2140218C0F0B108F00BF98046304606F0FDFE149A99
S2140218D01379014603F03000102806D003F00C00FE
S2140218E008281CBF23F00C031371137903F033038B
S2140218F0202B05D1FF2903D00122404608F0BAFA70
S214021900284606F0E1FEFF281EBF994B002243F848
S2140219102020089B03F001084FF6F7739E4200F260
S2140219200181B8F1000F40F0D7802946584613F0DF
S2140219306BFF13F053FB864200F00181304614F031
S2140219404AFF002848D0012F30D1B9F1010F20D12B
S214021950BDF83A004246514607F09EFE304614F065
S2140219603AFF844B1B78002B6AD1584614F033FF9B
S214021970002863D1304614F02EFF00285ED13CE4E6
S2140219804FF6FD739E428CD1784B1B78042B88D180
S21402199033E4304614F01FFF38B3B9F1030F24D1F5
S2140219A0BDF83A00514614F0B5F826E4304614F075
S2140219B012FF304614F0F9FE00283BD0BDF83A205C
S2140219C000233146584601F093FA98B3BDF83A0020
S2140219D00021FEF7DDFB10E4304614F0FCFE10B1E9
S2140219E0012FDAD0E5E7012FE3D1624B1B78002BFB
S2140219F0BBD0B9F1050F23D113F0F0FA8DF85000E1
S214021A0013F0ECFA000A8DF851000123022214A901
S214021A100DF13A00F9F71EFA00287FF4EEAB0AF150
S214021A200101BDF83A00C9B2F9F7A6FA0378013304
S214021A30037005E04F4B1B78002B96D0012FD8D0B1
S214021A4063785A070CD5BDF83A40204615F0F7F9E8
S214021A50411CC9B22046F9F78FFA0378013B03709E
S214021A60424B1B78033B012B2FD8012F06D1B9F12D
S214021A70050F1FD113F0B2FA834522D1BDF83A0002
S214021A80FEF7CAFC02281CD114AA0021584608F008
S214021A9071F930B10379458003F03C0343F040030B
S214021AA003710023344A009312783146584613F0E5
S214021AB0F9FF06E0BDF83A00FEF7AEFCB9F1030FF7
S214021AC0E0D1002231461C20DEE4BDF83A00FEF7E3
S214021AD0A3FC012FD6D1F1E7012F40F0BF8009F118
S214021AE0FF330C2B00F2AE8001A252F823F000BFA7
S214021AF0471B0200471B0200A11902005D1B0200E1
S214021B007D1B0200A51B0200C71B0200F31B02007E
S214021B10091C0200091C0200151C02002D1C0200F2
S214021B20391C0200012F00F0A080B8F1000F40F02F
S214021B309580BDF83A00FEF739FEFFF75EBB012F2F
S214021B407FF444AFCBE7A9F102035A42BDF83A004C
S214021B505A41514607F0A0FDFFF74FBBBDF83A10B9
S214021B6052465846FEF720F9FFF747BBB94C00200D
S214021B7000360020091600202F1600200AF1010167
S214021B80BDF83A00C9B2F9F709FA0AF10203DBB264
S214021B90024600930FA9BDF83A30584609F036FEC1
S214021BA0FFF72BBB424B1B78013B012B3FF625ABC5
S214021BB0069B0093BDF83A2023460121002013F02D
S214021BC09CFCFFF71ABB3A4B1B785A1E012A07D910
S214021BD0069ABDF83A100120FCF744FCFFF70DBB4D
S214021BE0022B7FF40AABF9F7A7FC0028F0D1FFF727
S214021BF004BBBDF83A0006F0BFFEFFF7FEBABDF81A
S214021C003A00FEF737FA94E7BDF83A00FEF732FAE2
S214021C10FFF7F3BA264B1B78013B012B3FF6EDAAE2
S214021C20BDF83A00FDF77CFDFFF7E7BABDF83A00CB
S214021C30FDF7C6FDFFF7E1BABDF83A0011F013F959
S214021C40FFF7DBBABDF83A1053462246484611F073
S214021C50DEF800287FF4D1AA4946E0E4237A03F0AE
S214021C600303012B7FF4C9AA63E709F1FF330C2BA8
S214021C703FF6C3AA01A252F823F000BF471B020098
S214021C80471B0200A11902005D1B02007D1B020019
S214021C90A51B0200C71B0200F31B0200FF1B02006B
S214021CA0FF1B0200151C02002D1C0200391C02003C
S214021CB0B94C002010B51248002112F037FF044636
S214021CC0E8B112F0E3FD0F4B1870204612F0E3FD68
S214021CD00D4B1870204612F0E4FD0C4B187020468F
S214021CE012F0E4FD0A4B186001200EF066F9204659
S214021CF0FFF748FABDE8104000200EF05EB910BDAE
S214021D00E84300205F4D00205E4D00205D4D002020
S214021D10043C002070B5164E336804460D46E3B107
S214021D2012F025FD0C2818D1204612F023FE0922B7
S214021D3000210446F7F7DCFB235C042B0DD10D4B88
S214021D401B78033B012B08D80B4C25B10B4B227892
S214021D501B789A4203D300232370002070BD0848E4
S214021D603168F9F75DF92378013323700120F5E72E
S214021D70083C0020B94C0020614D00202E160020A1
S214021D801C140020014B93F90100704720440020E8
S214021D90014BB3F868007047183B002070B5124D2F
S214021DA000242C70EEF720FAE6B2B04212D80F4B9F
S214021DB01B78013B012B04D800214FF6FF70FBF77E
S214021DC06BFF0B4B00221A700A4B198801B11A805E
S214021DD0012070BD304606F007FDC30742BF2B78D0
S214021DE001332B700134DDE7B14C0020B94C0020E2
S214021DF0A84C0020CA43002038B50B4B1B7805467A
S214021E0073B101335C08094B1888F8F7D7FE002334
S214021E1030F81320AA4205D00133DAB2A242F7D331
S214021E20002038BD0120FCE7A84C0020CA43002051
S214021E3030B5054685B008460C4614F08DFCFF28E2
S214021E400CD013F09AFD01220021CDE901120346BF
S214021E50009221462A460720FBF7EEFA284606F0AD
S214021E6033FCFF2804460FD006F0BEFCC2070DD591
S214021E70204606F0B9FC830708D40B4A32F8143021
S214021E8043F4806322F8143005B030BD13F075FDBC
S214021E9001220021CDE901120346009207202A46BC
S214021EA0FBF7CAFAF0E700BFBA430020431E9BB214
S214021EB04FF6FA72934270B504462AD8FFF79CFF93
S214021EC038BB194B1B78042B23D0204613F0FCF9A1
S214021ED0FF2801D0FAF774FB204614F08DFD08B1F6
S214021EE007F012FE2046114E114D04F079F92046F5
S214021EF00EF07AFC317869B12888F8F75FFE05465D
S214021F0001461E22023015F042FC2C8033781E2B2E
S214021F1007D970BD2020F8F717FF28800028EBD1DC
S214021F20F7E702333370F4E7B94C0020A84C0020E0
S214021F30CA43002037B5134B1B78022B05461ED129
S214021F4013F04CF8044613F049F8FFF7AFFF13F00E
S214021F5014FD13F04FF8002013F0FDFA99200EF04E
S214021F6055FB3DB1002300930D2221464FF6FD702E
S214021F7013F098FD03B0BDE8304004F029BF03B06B
S214021F8030BD00BFB94C0020034B1B7813B90120AB
S214021F90FFF7D0BF704700BFAF4C0020F7B504462E
S214021FA00D46174613F01AF80646002D49D04FF68E
S214021FB0FB739C4245D82046FFF71EFF30B1A6426F
S214021FC004D1214B1B78033B012B3AD92046FFF75D
S214021FD013FF10B1012003B0F0BD204610F048FAFE
S214021FE0C0B1A642F6D01CB369462046F9F7CAFB32
S214021FF00246E8B90821684612F09EFFC0B90822D8
S2140220006946284615F0B3FB90B12946204613F0E0
S214022010E4FCDFE7A642E6D10C490822284615F082
S214022020A6FB28B10120FFF785FF06F031FED1E7B7
S2140220303FB121462846FAF759FC2146284604F0C5
S214022040EBF80020C7E700BFB94C00202E4D002059
S214022050044A13782BB1013BDBB213700BB9024A68
S21402206013807047A84C0020CA4300200148F8F7A6
S214022070CBBB00BFCA4300202DE9F04780468CB098
S21402208017460D4661B903AE1B48DFF86CA0002167
S21402209012F0DAFC4FF0000904461CB920461DE097
S2140220A00E46F1E700222146CDF800902423304662
S2140220B012F000FE08224146304615F058FBA8B939
S2140220C0337C9BB96FB945B92A460B48214612F0B4
S2140220D04CFD0A4A1388013B138001200CB0BDE870
S2140220E0F0873B88B28953405B06ECD521465046C2
S2140220F012F000FD0446D0E73444002032440020AB
S214022100024B1888003818BF01207047324400205E
S2140221102DE9F04397B04023064611A88946ADF84C
S2140221200E3004AC10F0D6F902238DF84430214666
S2140221300023304604936360F9F724FB0546002823
S21402214040F08680304610F06EFE804612F046FF63
S214022150002840F0AD8099F80130042B40F0AA80A8
S214022160554F3B78022B76D13B78022B7FD194E8F1
S214022170030003238DF8443012AB83E803009DF876
S2140221805130002143F0060310220DA88DF851307D
S21402219015F017FB0DA911A810F051FCBDF846303A
S2140221A009A943F0040311A8ADF8463010F0A0FCCC
S2140221B0102209F10A0109A815F0D9FA002870D1EF
S2140221C03B78022B06D10DAA2146FF2010F061FCB7
S2140221D000286AD14FF034093B78022B08D19DF8CB
S2140221E051301B0704D40DF10E01204613F014FEE5
S2140221F04946204613F039FE2F464D4610238DF8E9
S214022200183004238DF81A30234603CB0022CDF86B
S2140222101B00CDF81F1006A80B218DF8197012F0BE
S214022220FCFB024638B1002F14BF012303232146CC
S214022230304602F0AFFFB8F1000F09D0342D07D1B7
S21402224006A82246314608F091FB06A810F0D1FDFA
S21402225017B0BDE8F08300952B4611AA2946204602
S21402226001F09CFD00283FF47FAFAD27C6E7012BA7
S21402227094D1124B1B6803F08403842B8ED1022365
S21402228094E803008DF844301023ADF8463012ABC4
S21402229083E803009DF8513043F002038DF8513075
S2140222A07CE74FF03309AD2596E74FF0050993E733
S2140222B0A327A3E7AA27A1E7714C002070370020C6
S2140222C02DE9F0433648374D8DB0F8F745FF0DF04F
S2140222D05EFE2B68C41A4FF47A73B4FBF3F4A4B20E
S2140222E014B10DF054FE28602F4FDFF8C0803B88F3
S2140222F0ADF80A3000233B804FF6FF7600210DF141
S2140223000A0012F013FC054658B9284B1B882BB15D
S2140223104FF47A7122487143F8F782FE0DB0BDE899
S214022320F0834FF000092423CDF800904A46294650
S21402233003A812F0BFFCBDF81A30A34294BFDB1A02
S2140223401B1B9BB2ADF81A30CBB912F047FEBDF894
S214022350183003F04003184380B218B9322103A89C
S2140223600EF081FABDF818301B0602D5089810F058
S21402237011FBB8F80030013BA8F80030BEE79E42D9
S21402238028BF1E46012300934A462946242303A853
S21402239012F090FC4A462946384612F05BFBADE73F
S2140223A07C360020103C00203444002032440020BA
S2140223B0F0B52F4A0446516810688DB001AB03C3CE
S2140223C0A378012B50D11422002107A815F0F9F9A1
S2140223D0D4F82110D4F81D0003AB03C323881906D2
S2140223E044BF62680892DA050BD5221D08AE04F1D6
S2140223F0140710685168354603C50832BA422E469D
S214022400F7D1ADF8183013F0040318BFA36905938B
S214022410184B1B88ADF81A3012F0E0FDE0B906A999
S21402242003A813F0F9FC0022242103A812F0F5FAFF
S2140224300446D8B10020FFF743FF0F48002221468A
S21402244012F008FB0D4A1388002001331380FFF7B1
S21402245037FF00200DB0F0BD082201A903A815F031
S21402246086F90028DFD0DAE77020F3E71820F1E7D4
S214022470D10F04008E150020344400203244002080
S214022480F7B5044600200E46FFF71AFF104B1B88CE
S214022490A34202D8022003B0F0BD00210D480D4F22
S2140224A012F0D2FA002501460029F3D0A54208D13F
S2140224B00024009424232246304612F0FBFB2046DA
S2140224C0E9E7384612F016FB01350146ECE700BF95
S2140224D032440020344400200148F8F795B900BF82
S2140224E034440020014B1888704700BF3244002055
S2140224F030B5154A8DB051680546106801AB03C366
S21402250007A80FF0E7FFDDE9010108AC84E8030045
S21402251003238DF81C309DF8293003A943F00203EB
S21402252007A88DF8293010F08AFA10B103200DB0F2
S21402253030BD28686968234603C303A907A810F0BC
S21402254061FA0028F3D0F1E7D10F040070B50C460B
S21402255011460E4A2378127813F0200542EA030247
S2140225600646227018BF611D082215F010F9D4F82D
S2140225700130B36023783373002D0CBF05200D2085
S21402258003F01803082B08BF013070BDB44C0020BE
S21402259007B504231A460DEB03010120F8F756FE91
S2140225A0019B034A1B03136003B05DF804FB00BFE4
S2140225B06037002010B5064C2368C3F30B0313B92B
S2140225C004200DF01EFD2068431C236010BD00BFD2
S2140225D060370020014B1868704700BF6037002044
S2140225E007B5064B0020186004231A460DEB0301BC
S2140225F00190F8F72BFE03B05DF804FB603700206D
S2140226007FB51123062201A90120F8F71FFE084B09
S2140226109DF814201A70074B1B780BB1052B05D1B9
S2140226200FF012FF012007B05DF804FB0020FAE766
S214022630B34C0020B44C00202DE9F04F0646CBB038
S2140226408846008801211746F8F742FB2E4B318850
S214022650ADF816003A4606A813F097FC0DF1280BC3
S214022660C4195A464146308813F01CFCE4B208EB03
S2140226700003A34216BFA4EB08040446E4B20546D0
S2140226804FF004092346CDE900095A4601210BEB17
S214022690050ACDF808B02D1B06A8EDF78BFFEDB2A4
S2140226A00BEB04030093019523465A4630884146B5
S2140226B013F026FC348839462046F8F76FFC394674
S2140226C000F0F8022046F8F77DFC01213088F8F782
S2140226D0FFFA01234A46514680B10DF11600F8F77B
S2140226E0B9FBBDF81620044601213088F8F704FB32
S2140226F0B4FA84F040094BB0BDE8F08F3046F8F7E4
S214022700A9FB0446F4E700BF2E4D00202DE9F04F4A
S214022710C9B0044688469246C118224A04A81F46F3
S214022720FFF714FFC519EDB208AB0293A5EB0A0B2F
S214022730A8EB0A035FFA8BFB4FF00409A8EB050629
S214022740DBB2F6B204EB0A020093CDF804905B46C5
S214022750012104A8EDF72EFF06F590730DEB030298
S2140227605A44A2F5807208A8136844F80830E35D5C
S21402277023F00703E3552C443246214614F0CFFFDC
S21402278008ABCDE9019308AA00230096012104A80C
S214022790EDF710FF324608A9204614F0C0FF49B0F4
S2140227A0BDE8F08F2E4D0020F8B5064614F07CFCEE
S2140227B0811C054689B2304614F052FBF0B1EDB1E9
S2140227C029463046F8F7EAFB1228074616D80C4B7D
S2140227D0691C1C5CC9B23046F8F7E0FB2C44052F96
S2140227E0E4B205D1052809D8064B1B5C1C44E4B2AA
S2140227F021463046BDE8F84014F032BB0020F8BD52
S2140228003A58040034580400F8B5054614F055FB4F
S2140228100446284612F0AEF8A11C074689B228469E
S21402282014F01EFB00283ED0002C3CD02146284641
S214022830F8F7B4FB611C0646C9B22846F8F7AEFBA9
S2140228400F2E30D8194B9B5DE118731E89B2092BE7
S2140228500ED8DFE803F009050D0D120D0D181E1E29
S214022860C40644BF083189B2820601D5083189B24E
S2140228702846BDE8F84014F0F3BA7B78DB0612D59A
S21402288001EB4001F3E700F01F0000EB40000144BB
S214022890EDE71F2805D8092E06BF400080B20220A9
S2140228A0F5E7C828E4D00020F8BD00BF4D58040064
S2140228B0F8B5064612F05EF8092200210546F6F73C
S2140228C017FE00F11004284611F00BFFE4B207468B
S2140228D021463046F8F762FB05463046F8F78AF995
S2140228E0BA05A0EB0403DBB20AD47C2D0AD0082D6D
S2140228F00AD8064A505D98428CBF00200120F8BDD7
S2140229001220F8E70320F6E7FF20F4E75E580400FB
S214022910014B1878704700BF3016002038B5114BAF
S2140229201B78044608469BB9012038BDA24205F131
S21402293001050FD103EBC1035B6898470028F3D16A
S2140229401E2022464FF6FF710FF047FD0020ECE7EF
S214022950054B0025E9B213F83120002AE6D11446C9
S214022960EEE700BF301600200458040013B500231B
S214022970ADF80430134B984221D10B88DA0702D502
S214022980B72002B010BD9B0744BF4FF47F43ADF89B
S21402299004300D4B1C887F22022321460DF10600CF
S2140229A00DF031FBBDF806204FF6FF739A42E7D1D1
S2140229B02046022201A90DF02FFB0020E1E70220AB
S2140229C0DFE700BF1FD1BACAC4F5030013B50F492B
S2140229D0002303807F220223098804460DF10600A5
S2140229E00DF011FB9DF80630BDF806201BB12388BA
S2140229F043F001032380FF2A88BF23884FF000009C
S214022A0084BF43F00203238002B010BDC4F5030066
S214022A10034B1B78002B14BF442056200E30704701
S214022A20B44C00202DE9F04F8DB0CDE90423179C5D
S214022A300394039CBDF858A0D58806460F4644B9B1
S214022A40EC0606D5CDF858A00DB0BDE8F04F0FF055
S214022A5038BDC5F380242B054FEA043448BF44F43E
S214022A600064A80511D544F080040A2E00F25E81A7
S214022A70DFE816F088004F003B0059005C015C015D
S214022A8059001000880059003600E90548BF44F096
S214022A904004EAE7BB464FF00109022302934FF0D7
S214022AA00008BAF1000F74D1A24B18884FF6FF73D4
S214022AB0984206D0A049F8F765FE10B124F4805477
S214022AC0A4B2059B00935A46434644F4027150460C
S214022AD008F026F9ADF8200000286BD118204EE049
S214022AE0BB464FF001090323D8E708A9F8B213F052
S214022AF0F1FCDDF82500DDF8291006AB03C38F4B89
S214022B0033F817B04FF00009CDF808900DF1180809
S214022B10C7E706A9F8B203F03BFB0C23884A7B43BF
S214022B2032F803B0EEE74FF6F7739F4240F2FE80AC
S214022B3015F4026F40F0FA80824B1B78022B03D00A
S214022B40043B012B00F2F480BAF1000F0BD1032EE6
S214022B500CBF0C23082324F4C0740293A4B2BB4611
S214022B604FF001099BE75046F8F744F80246FFF794
S214022B704FFF032E08BF01388242E8DD74200DB0F5
S214022B80BDE8F08F4FF00009BB46CDF80890C84666
S214022B9087E7049B1B8843B91A46514606200DF068
S214022BA0DEFC002880D11920E9E700231A465146A8
S214022BB00720F4E75F4A11884FF6FF7399421CD04C
S214022BC011F0D8FE5B4A034611880593043011F0D3
S214022BD08AFD5D49059B0978D9715749554A14F40F
S214022BE0805F1FBF086898604868D8604FF6FF731A
S214022BF013804FF0FF330B604B60049A029908A8CB
S214022C0008F044F900283FF469AF504C2378002BB3
S214022C103DD1BAF1000F14D05046F7F7EBFF8046CD
S214022C20BDF82000F7F7E6FF2378002B14BF122228
S214022C3000228044EB1003F0040390444344842BA8
S214022C409CDC15F400540AD0BDF82080404611F0F2
S214022C5084FD40F4806189B2404611F069FDA6F118
S214022C600803012B05D8BDF820000122102111F01F
S214022C7065FD039BBDF820803BB35946404611F0E4
S214022C80B0FD039ABDF820301380002077E7AA062D
S214022C90BFD56B0103F020030A2E14BF43F00103D5
S214022CA063F07E03DBB2B9F1000F08D00021009179
S214022CB0424608A800F000FE0028AAD05FE71A469F
S214022CC0414608A813F099FAF6E7404614F0F5F8DC
S214022CD0039B0246414604200DF041FC00283FF4C7
S214022CE062AF0A2E16D84FF4D963F340DB0711D52C
S214022CF0072E09D00A2E07D0BDF8200012F094FD48
S214022D000028C2D1A1203AE708A810F08FF80028C0
S214022D10F2D0F7E714B125F04005ADB2BDF82000B9
S214022D202B46FAB2314601F097FE28E7012026E745
S214022D30912024E7AE150020311600209E40002088
S214022D40DE3F0020B84C00206D4D0020B44C002021
S214022D5070B4084EBDF8104030800748154605701E
S214022D6000201A469DF80C30CDE9034070BC0620C0
S214022D70FFF758BEAE1500206D4D002030B4024657
S214022D800C48BDF8085005800B489DF80C400470AE
S214022D900A4804780020CDE902304FF6FD700B4653
S214022DA04FF6FF71002C08BF014630BC0320FFF728
S214022DB039BE00BFAE1500206D4D00206D4C0020C0
S214022DC013B50246084804780020CDE900300B46C9
S214022DD04FF6FD704FF6FF71002C08BF0146032028
S214022DE0FFF720FE02B010BD6D4C0020F7B51E4660
S214022DF0234B1B78022B05460C4617460AD1A6B172
S214022E003046F7F7F7FE0246FFF702FE82420CD97B
S214022E10742008E0043B012BF1D9084610F003F8B1
S214022E200028ECD1912003B0F0BD65B1022D1AD175
S214022E30EDF7D4F9A04214D9124B33F814204FF60A
S214022E40FD739A4202E04FF6F7739C4209D80023BC
S214022E50CDE900633A46FF2321462846FFF7E2FD06
S214022E60E1E70120DFE7012DFBD1074B1B78A342E8
S214022E70F7D9E0B203F0A4F94FF6FD739842E5E7FE
S214022E80B84C00209E400020FD15002030B5104BA7
S214022E9087B005460C461868596803AA03C29868A4
S214022EA010609A88DB880B49ADF80E5023F0400379
S214022EB0ADF812300023CDE9004352BAADF8102027
S214022EC00988FF2303AA0720FFF7ACFD07B030BD31
S214022ED0404400204C440020034B1B7813B1034BA4
S214022EE018787047FF2070477E4D00207D4D0020E9
S214022EF02DE9F04F074689B0104615461C468A460D
S214022F0013F0DBFF01462846F8F748F8064628463F
S214022F1011F030FD043011F0E4FB804612F05EF84A
S214022F20804551D0B2074FD1DFF8AC8005A92846BC
S214022F30B8F800B014F0C9F89DF81930A8F8007077
S214022F400BBBBDF81430F3B9284611F013FD02305E
S214022F5011F0C7FB4FF6F773984204F1010494BFD1
S214022F604FF000094FF00109E4B20123CDF80090BA
S214022F702A4605A93846039303F066FF039B40B929
S214022F8001339C421ED20020A8F800B009B0BDE86A
S214022F90F08F022CF8D1012BF6D10C4A0C4BA3F879
S214022FA000A01378591C11700A4A7F3B16F00C01D8
S214022FB0137007D1BDF81A305B0603D5BDF81600AC
S214022FC0FFF764FF0223D1E70020DFE7B64C0020BC
S214022FD0AE1500206D4D00204C4400202DE9F04F28
S214022FE08BB08846ADF81E0011F0C4FC00F1020A50
S214022FF00646504611F075FBBDF81E40BD4D07460D
S214023000204613F05AFF01462046F7F7C7FF8146CF
S21402301000F00304301D11F064FB288011F0DEFF7F
S214023020B8422DD04FF6F7739F4229D87378DA0745
S21402303026D4384613F0B9FB30B1BDF81E202888D6
S21402304001233946FFF754FF11F0C8FFA94B1B882E
S21402305083420FD1BDF81E40204613F02EFF0146D4
S2140230602046F7F79BFF10F00C0103D1BDF81E00B7
S21402307001F0ACFDA04B00221A600BB0BDE8F08F49
S2140230809E49BDF81E0014F020F89D49BDF81E00AA
S21402309013F05FFF984A9A4B002808BF0023BDF83A
S2140230A01E00136011F0F2FB964B1870BDF81E005E
S2140230B011F0F1FB944B1870BDF81E0011F0F6FBF0
S2140230C0924B186000238DF82230B8F1000F28D0FA
S2140230D08A4BDB889B0624D511F080FFF8B18C4B17
S2140230E01B689F071BD4012C14BF082318230DF15D
S2140230F022020092002211460DF11E0000F0DCFBB7
S21402310078B1012CA0D1834B1B78112B9CD113F0E4
S21402311017F9002898D1AF20FAF714F994E7082394
S214023120E5E7504611F0DDFA4FF6F773984240F2A3
S214023130F580012C00F0FD80022C00F07981002C35
S21402314082D1DFF8B881BDF81E00B8F806300493C5
S214023150ADF8240011F00EFCBDF82460044630469B
S21402316013F0ABFE01463046F7F718FF8DF8230042
S214023170A01C667811F0B5FA074611F02FFF4FF63D
S214023180F7739F422D88B8F8024006F00106824681
S21402319000F2FF80002E0CBF0820062000222946DF
S2140231A00FF01BF9BDF82490484613F086FE002364
S2140231B00246494604200DF0B6F94FF6F7739F42D1
S2140231C081460BD8B8F90620B8F80630002A05DB87
S2140231D0580603D500212046FFF758FEB9F1000F26
S2140231E03FF432AFB8F80030002B5BD198F80530C8
S2140231F0002B57D14FF6F7739F4294BF002301234B
S2140232000DF12601BDF82400039313F0C2F9DFF88E
S214023210E4B000F1FF39BBF8003005935FFA89F994
S214023220B8F80630BDF8260006934946F7F7B6FE0C
S2140232300499069B019000930598039B2246C1F3CE
S21402324040110FF0FDFD00283FF4FEAE2B4BBDF8FB
S21402325026104A4606200DF066F900283FF4F4AE22
S214023260B8F8022048F202039A4205D1BDF82410AB
S214023270BBF8000000F0B0FFDFF8808009AA4146E4
S2140232800DF123000FF0DAFD034600287FF4DCAED2
S2140232902104BBF80000BDF824207CD52346414615
S2140232A013F08CF9DFF8548036B99DF8233003F01A
S2140232B00C030C2B40F09380B8F8080013F049F981
S2140232C000283FF4C1AEB8F80810002002F024FE31
S2140232D0114B18704FF6F773AA4514BF0225032543
S2140232E09F42BDF8240002D8002E00F093800123EE
S2140232F094E000BF4C440020183C002040440020CC
S214023300654D00205F4D00205E4D0020043C0020ED
S21402331070370020B84C00207D4D0020022C00F0B3
S2140233208780474BB3F90630002B25DA012C7FF451
S21402333006AF11F053FE2B8883423FF485AEBDF8EC
S2140233401E100520FFF7EAFA00283FF47DAE3C4A3D
S214023350D3885B0607D50023CDE900330A202988E7
S214023360FF23FFF75FFB9DF822302988BDF81E0079
S214023370424602F015F967E6BDF81E00F7F73AFC7A
S214023380A0F11001C9B2304600F086F80028CDD070
S2140233905AE6062002E7DFF8B890022189F8001004
S2140233A003990091414603F04FFD132C3FF47AAF88
S2140233B0B8F806305B043FF575AF224B1B78D8078A
S2140233C004D599F80020022A3FF46CAF99077FF5DE
S2140233D03BAE99F80030012B7FF436AE62E798F8E0
S2140233E004301948009398F8053000883246314672
S2140233F002F0BAFD154B18709DF82330BDF8240074
S21402340003F00C03082B4FF6F7730CD035469F4299
S2140234103FF66DAFA4F138025342534108492A469B
S21402342004F03AFC10E6AA4514BF04250525EEE78B
S214023430BDF81E200249484601F03AFB04E600BFEA
S214023440404400206F4C00204C4400207D4D00205C
S2140234506E4D002010B50948002111F067FB0446A6
S21402346050B101460420FFF759FA28B1204601213F
S214023470BDE81040FFF7B2BD10BD00BF30440020CB
S214023480034B04481A78FF21920014F09AB900BF41
S214023490FE1500201835002070B5451804464FF07A
S2140234A0FF31AC4212D1104B10481A780546002361
S2140234B0934211DB0E4C2078431CB3FBF2F602FB60
S2140234C0163345F82010237000200CE014F8010B88
S2140234D0E2F762F90146E4E750F8044BA14201D054
S2140234E00133E5E7012070BDFE15002018350020E7
S2140234F06F4D002007B5042301220DEB0301104691
S214023500F7F7A4FE019B034A1B03136003B05DF8A2
S21402351004FB00BF143C0020014B1868704700BF34
S214023520143C0020014B1868704700BF143C002072
S21402353010B5064C2368C3F30B0313B901200CF035
S21402354060FD2068431C236010BD00BF143C0020B1
S2140235502DE9F04F93B0DDE91C790393002306931F
S214023560834699F8003004930DA80E4615460EF0D1
S214023570B1FF99F8003013F003043ED0039B8DF898
S21402358024300DF1250A00220821384611F0D4FC19
S21402359000286FD0288811F0EDF999F800301C0742
S2140235A04CBF0430023011F09CF807A9804607F0A1
S2140235B00BFA9DF824300446980633D5288806F17F
S2140235C00D0113F04DFCB0B100230093721D298843
S2140235D00823D2B2384611F06DFB99F8003003F09A
S2140235E01803182B48D1B8F1000F45D0A74BB3F8F3
S2140235F06830434540D0A62326E02888711D13F084
S2140236002FFC0028F7D0009405232988324609A803
S21402361011F050FB9DF8243003F0180303930DF1CC
S214023620240AB0E70CBB39464046F8F7ABF8002848
S214023630D3D099F800309907DDD0402322462146A0
S214023640404613F06AF8BE2399F8002012F00304ED
S21402365040F0F7802888039311F0EFF822460146DF
S2140236601A200EF0BAFE039BEBE007AB03CB3860E2
S2140236707960B2E74FF6FF780FF0C3FB044620B13D
S2140236800421384607F0C8F904461E9B002B5AD080
S21402369009231E998DF834300DA80FF0B3F9209B3C
S2140236A00BB1209B0693039B002B40F08E800DA847
S2140236B0EDF73AF899F800309A0700F09880FFF78D
S2140236C037FF51460246012011F011F899F80030F2
S2140236D09B0710D55946288813F0BDFC0BF1090349
S2140236E050FA83F35FFA83FB2888594613F088FC66
S2140236F000EB0B06F6B299F8003013F0C20F0AF18F
S21402370004030DD09DF82420614942F020028DF872
S21402371024200A68CAF804204A685A600AF10C0390
S21402372009A8012200921B1A29883246DBB211F040
S214023730C1FA324659462846FEF77EFF002800F0B8
S214023740A38000237DE01F9B5BB19E46BEE80F0070
S2140237500DF1340CACE80F00DEF80030CCF8003087
S2140237609DE7049B288803F0200359460493F7F745
S21402377015FC10F0030F0CBF012300230593049BD6
S214023780059A1F99003B18BF012342EA43030093A0
S2140237900DAA06AB384600F001FB049A034682B136
S2140237A0002880D0059B00930DAA06AB1F993846C9
S2140237B000F0F4FA99F8002022F02002034689F875
S2140237C00020002B3FF46FAF3EE7039B102B06D181
S2140237D0BDF8363043F00103ADF8363067E7039B99
S2140237E0182B4FD1BDF8363043F00203F4E70DF143
S2140237F02501012010F089FF99F8003013F0040F1C
S2140238008246288821D1069B1BB3002C35D011F0A6
S21402381014F80022014616200EF0DFFD84B17FB1B7
S2140238204FF6FF7398450BD000231A460DA938466B
S2140238300FF035FA9DF83520394640460FF0F9FA72
S2140238400123184613B0BDE8F08F002CDFD1104FCD
S21402385001E0002CDBD10023009332463B4659465A
S21402386012F0BEFB00283FF4C6AE002C3FF469AF50
S214023870069A0AF10103136063E71B685345C6D82C
S2140238800124E8E7A623DCE71823DAE7183B002042
S2140238902E4D002007B5074A002301931360042328
S2140238A00DEB03027F2101200CF0A9FB03B05DF8AB
S2140238B004FB00BF143C00202DE9F04FB1B00446D3
S2140238C000888DF82F3016468A463A9F13F0F5FA8E
S2140238D001468146208813F093FB00EB09082088F6
S2140238E013F0E2FB9DF82F500790002315F0010B12
S2140238F05FFA88F8ADF8363008D101460DF1360287
S214023900208813F067FA08B1ADF836B016B9CDE9DB
S2140239100E660EAEFEF7F4FB18B145F020058DF8E4
S2140239202F500023CDE9033302930DF12F03CDE987
S21402393000632246534641464846FFF709FE0546BF
S214023940002800F0B8809DF82F3013F0010B46D106
S21402395023F020038DF82F3011F040FB70B1754A2A
S2140239601068516810AB03C3184600F0E9F95D46CB
S2140239700890FEF7B7FDABB2984239D80FB10023D4
S2140239803B70BDF83630CBB120880121F7F7A0F99D
S21402399027880546002800F0BC8001213846F7F744
S2140239A097F9BDF8367005463846F7F723F900232F
S2140239B000903A461946284611F0B6F90023CDE99A
S2140239C0033302930DF12F03CDE9006322465346DB
S2140239D041464846FFF7BCFD054600286BD011F06D
S2140239E0FDFA002840F0AC80284631B0BDE8F08FE2
S2140239F018AB14AA26A9E8B20FF0A6F9002875D1CA
S214023A00082210A927A813F0B2FE089B8346002BB3
S214023A1068D09DF8A530099313F0020F62D00822F1
S214023A2012A927A813F0A3FE00285BD1099B590709
S214023A3058D50FB101233B7014AB0FCB0DF1740CAC
S214023A408CE80F00BDF83630CBB120880121F7F79D
S214023A503FF9B4F800B000284DD001215846F7F7D8
S214023A6037F9BDF83620099283461046F7F7C2F8B2
S214023A700023099A00901946584611F055F92E4B24
S214023A800493002303931DAB02930DF12F03CDE99C
S214023A9000632246534641464846FFF759FD28BB77
S214023AA0089B002B33D012AA1DAB4FF482714FF441
S214023AB0005000F0CFF811F091FA88B11F4B1B6846
S214023AC09A070DD4FEF71CFB50B11A4A10685168CB
S214023AD018AB03C3002226A918A812F060F918BB77
S214023AE0002581E727B9BBF1000FA5D0013540E7D5
S214023AF000233B70F7E7BDF836200A90104609927D
S214023B00F7F778F8DDE9092307990090B4E7089AF1
S214023B10CAE7BDF836B05846F7F76CF80799009032
S214023B202B465A46384647E726A918A812F074F9D3
S214023B30D0E700BFD10F04006C370020703700209A
S214023B409DF82F3003F01103102B7FF44DAF3E4B40
S214023B501B78432B7FF448AF3C4B1B685B067FF514
S214023B6043AF208808F1050113F07AF9834600284E
S214023B703FF43AAF41462088F7F710FA344B10F07C
S214023B80200F08BF1E4612A800F0DAF808223146B7
S214023B9012A813F0ECFD002852D0314612A80FF0FE
S214023BA0F7F8012326AE00933246002314A912A882
S214023BB000F0F4F800287FF417AF12AB0DF12F07D0
S214023BC0CDE9036002900093019753462246414690
S214023BD04846FFF7BDFCA8B3BDF89A3018AA43F0D2
S214023BE0080314A91020ADF89A3012F0B5F8002890
S214023BF07FF4FAAE12ABCDE90360CDE90170009313
S214023C002246534641464846FFF7A2FC0546002890
S214023C107FF4EAAE18AB4FF49071002012AA00F0BF
S214023C2019F84FF00051002012F03FFBBBF1000FD5
S214023C303FF456AF4FF08051002012F036FB4FE7AC
S214023C408346AEE714ABE6E7B84C00207037002098
S214023C50823B0020F0B591B00746164609A80D46ED
S214023C601C4612F01CFB3EB13368CDF82630736852
S214023C70CDF82A3045F040051B4B1A6822EA0702A7
S214023C8042EA050119604B040DD5BDF824200B0A43
S214023C9003F4E243C9B222F4E3420B4322F07F026A
S214023CA01343ADF824301A23082209A90020F7F797
S214023CB0CDFAB4B104A80EF00DFC02236A468DF8C4
S214023CC0103004F110062346154618685968144643
S214023CD003C40833B3422246F7D1294604A80EF09D
S214023CE091FE11B0F0BD00BF70370020054B196879
S214023CF047F2FF1041F48042014041F480411A60CD
S214023D0012F0D3BA7037002000B589B0FEF778FCFF
S214023D1001A812F0C4FA0948BDF80420016813028B
S214023D2021F0FF0103F4E2030B43D2B2134343F440
S214023D308043036009B05DF804FB00BF70370020C3
S214023D4010B50C4B04461868830788B006D54FF0AA
S214023D50FF3323606360012008B010BD10F04000FE
S214023D60FAD001A812F09BFADDF806302360DDF8DF
S214023D700A30EFE77037002008B5074B1B6813F0D0
S214023D804003024605D118461946FFF763FF012095
S214023D9008BD0020FCE700BF703700202DE9F04F79
S214023DA09FB080469DF8A0A00C461D469346CAB119
S214023DB0164630460EF08EFB1AF0020714D004B9EF
S214023DC017AC01AB2246314640460EF09BFF0DB1C2
S214023DD000232B60002814BFA627002738461FB0F2
S214023DE0BDE8F08F0DAEE4E701AB05AA31464046CA
S214023DF00EF055FF7378FF2B0AF0010A24D0002834
S214023E0040F0BD805CB105AA0DF1240C134603CB2D
S214023E106345206061601A4604F10804F6D125B1B4
S214023E207278584B03EB82032B60BAF1000FD5D0A1
S214023E30BDF80430D906D1D472784FF6FF71182037
S214023E400EF0CBFABB27C9E7DFF8409145B111F077
S214023E50C5F818B1D9F800309A072DD500232B6083
S214023E60D9F8003003F03003102B01D0202B25D1D7
S214023E7017A812F014FA08220DF15E01404613F05C
S214023E8076FC28B1D9F8003003F04403402B15D055
S214023E90BAF1000F14D109A812F00BFA02233370FC
S214023EA0002C51D1BBF1000F98D011F097F870B3E7
S214023EB0301DFFF745FF91E7334BD0E7A6278DE786
S214023EC0D9F80030DB03E6D509A812F0F2F902238E
S214023ED033709CBBBBF1000FAED011F07FF808B375
S214023EE0301DFFF72DFFA7E7D9F8003003F0840353
S214023EF0842B30D009AB0DF1340C1A4603CA624546
S214023F0020606160134604F10804F6D106E0D9F891
S214023F100030254603F08403842B2AD0301DFFF799
S214023F200FFF28E0D9F80030012503F08403F3E7F9
S214023F30D9F80030012503F08403D9E711F04EF8D2
S214023F400028F5D00125D5E711F048F805460028E7
S214023F50CAD00025CEE712A80EF0BCFA022312A899
S214023F608DF84830ECF7E0FB224608214046ECF795
S214023F70DFFA10237380002D3FF430AF5CE703278F
S214023F802CE700BF143500206C3700207037002065
S214023F9049B9084B197849B14EF66023594328B1FE
S214023FA00548F7F73DB841F28831F8E70248F7F7D7
S214023FB0D3B800BF6E4C0020BC36002070B586B069
S214023FC0054611F00BF810B9702006B070BDF7F771
S214023FD0D9F90028F8D001A8FFF7B2FE0646002855
S214023FE0F2D055B9304B1C6814F0020433D14FF4AA
S214023FF08163ADF80C30022125E02C4908222846C0
S21402400013F0B5FB0028DFD0274B1C6814F002041F
S21402401006D0274B1B78112BD6D1264BB3F8684017
S2140240200822294601A813F0A2FB0028DFD04FF48D
S2140240300273ADF80C302B68CDF80E306B68CDF8F5
S214024040123000260A21002203A810F0E6FC0246DF
S21402405048B91820B9E7164B1B78112BB4D1154B6B
S214024060B3F86840C3E7104B196801F03003102B11
S21402407017D0202B14BF01230323490001F00401AB
S2140240800B432046002101F085F80028E1D00021EC
S2140240900120FFF77DFF16B1074B01221A700020A0
S2140240A093E70323E9E700BF703700202E4D002078
S2140240B0B84C0020183B0020644D002030B5002488
S2140240C085B0CDE90044F7F747F810F087FF1D4D9D
S2140240D060B906F099F80D24002108462970FFF70A
S2140240E057FF214668460CF0BEFB17E02B783BB321
S2140240F0154916480A780078904221D90132012BD8
S2140241000A700DD122464FF4A071204602F0C4FD7B
S214024110B0B90F4841F28831F6F782FF05B030BDDC
S214024120022B08D102A92046F7F72CFB40B902A8B9
S214024130FFF744FFECE7032B02D101F0DFF9E7E7D4
S2140241400424C9E7704D0020714D00203916002066
S214024150BC36002070B51B4A1B4D51682E7886B0BF
S2140241600446106801AB03C31EB17024204606B095
S21402417070BDF7F75DF90228F7D110F02FFF00287F
S214024180F3D003A800F02AFE082201A90DF10E00C2
S21402419013F0EDFAA0B10D4B32464FF4A071304643
S2140241A01C7002F079FD04460028DFD1084A09484F
S2140241B0012341F288312B701370F6F731FFD5E7F1
S2140241C0B724D3E767580400704D00203916002044
S2140241D0714D0020BC360020F0B52F4E9BB007462E
S2140241E00C464922002107A8069113F0EAFA337812
S2140241F0012B37D1B7BB0DF10E01204612F0C9F9DB
S2140242000546BDF80E00F6F7F5FC441BE4B22A4656
S214024210BDF80E100097234606A810F04BFD04A921
S2140242203846F7F7AFFA0246E4B19DF819301A435A
S21402423012F0FF0216D1BDF8233003F47E43B3F525
S214024240285F1ED3B3F5385F0ED31449BDF80E00AF
S2140242500B6843F400030B6029460EF0C5FD18B147
S214024260042333701BB0F0BD0D4B012204A81A7054
S214024270FFF7A4FE0B4841F28831F6F7D1FE02237F
S214024280EFE7114610463270FFF782FE1E2104A8A1
S2140242900CF0E9FAE6E700BF704D00207037002008
S2140242A0714D0020BC360020014B1870704700BFCD
S2140242B0714D0020014B1878704700BF704D0020EA
S2140242C0014B1870704700BF704D00202DE9F04773
S2140242D08CB00546B5294088ADF80A00884600F03D
S2140242E08C8095F80890AE7910F044FB05A9044638
S2140242F0BDF80A00EF7912F0E8FEBDF80A0010F0E9
S2140243002CFA420542BFBDF81A3043F40053ADF80A
S2140243101A30EB79DB0642BFBDF81A3043F48053FD
S214024320ADF81A30BDF81A30980613D5022E6AD1A7
S21402433008A9287A12F0CEF8DDF82500DDF8291053
S21402434003AB03C303AA0021009104230DF10A0064
S214024350FFF7B2FABDF80A000121F6F7B9FC022E01
S21402436082465CD1474B33F81940B8F1000F72D041
S214024370BDF81A2051066ED54FF6FB739C426AD8DA
S214024380414B1B78033B012B04D8404BB3F86830F3
S214024390A34260D0D30502D5204612F08DFABDF8AE
S2140243A01A30D80457D5002E46D1BDF80A0010F0B0
S2140243B0D4F9C10611D4CDF80080534605AA214689
S2140243C030460CF071F80B2017F003021CBF02F106
S2140243D0FF32D2B221460EF000F8BDF8162048F29F
S2140243E034039A4209D12A4E3078FF2805D0032298
S2140243F02146FBF767FCFF23337000232B806B807C
S2140244000CB0BDE8F087012E01BF2B7A214A03EBE0
S214024410430302EB83020CBF0232002293E7012E13
S21402442005D10C231B4A03FB09F3D45A9DE7A01CB3
S21402443010F057F9044698E7204601F0D1FEBDF881
S2140244400A0010F08AF9C206C7D4CDF80080534697
S21402445005AA4946B4E7BDF80A0010F07EF9C3067D
S214024460BBD4CDF80080534605AA002E14BF494699
S214024470214630460CF018F8B8F1000FA3D10920F7
S214024480A2E700BF9E400020B94C0020183B002047
S2140244903D160020DE3F002070B5114B114D002462
S2140244A00A262A78A24205D8C2B9BDE870400E484C
S2140244B0F6F752BE598869B9013AD2B2A2422A70B8
S2140244C0EFD0121B03F10A011846724313F05FF98C
S2140244D00346E6E701340A33E4B2E2E770BD00BF02
S2140244E07A3F0020744D00203C14002070B51A4B11
S2140244F01A4A1D780023DCB2A54200D870BD1446C5
S21402450001336688864202F10A02F4D1E379A5886D
S214024510617203F040028DB9CAB123F00403E3715D
S21402452010F028FA037803F07F030370218800292D
S214024530E4D1BDE870400A48F6F772BD00216580F6
S214024540A180002AE9D1BDE87040FFF7A5BF20464A
S214024550FFF7BCFEF7E700BF744D00207A3F00204D
S2140245603C1400202DE9F047044686B040880F46EA
S214024570154610F0FFF9A3798046082B51D8DFE8DC
S21402458003F0052E1850505050500500023010F01F
S214024590A8F8002D4DD06946F7F7F4F838B9684602
S2140245A001F0C8FE00F0010006B0BDE8F08700206A
S2140245B0F8E702A9207A11F08DFFDDF80D00DDF88C
S2140245C01110334A6B4603C3237A32F81390314AEA
S2140245D0D05C6E4675B1314611F0A0FFE4E7237A4F
S2140245E02D4903EB430301EB830231F82390907AC3
S2140245F0961CEFE74FF6FB7AD14514D9304604F005
S21402460011F84FF6FF739842054614D0014630461D
S21402461001F002FE554507D9E379DA060DD4CB231D
S21402462063720020C0E74D46294608F1020010F0EA
S2140246305AF80120B8E74D46EEE74FF6FC784545B6
S21402464011D103F00C030C2B1BD1D7B130464FF619
S214024650FD7101F0E1FDC82161722046FFF736FECA
S214024660FFF71AFFDDE74FF6FD739D4209D10023DF
S21402467019461A46304602F0CBFB4146304601F058
S214024680CBFDE37943F00C03E371CC23C8E700BF0C
S2140246909E4000207A4C0020DE3F002073B5044680
S2140246A040880E4610F066F9023010F01AF80EF046
S2140246B0BAFB18B1A11C201D0EF0BAFBE6B1E579D3
S2140246C00135EDB2E57115F0400514D0EBF780FD2B
S2140246D00122054600212046FFF744FF18B1394B58
S2140246E01B882B449DB2384B1B78042B01BF354BDD
S2140246F01B885B199DB22580002231462046FFF7B3
S21402470031FF20B3608810F035F9E2792F4922F0A4
S2140247100C03E3710B780133DBB20B70C3712C4BC5
S2140247201B780546A61C0BB3E37998061ED52949C5
S214024730097871B159060CD592070AD50022009263
S214024740042311463046FFF7B7F810B1607202B084
S21402475070BD00220092012311463046FFF7ACF8E6
S21402476020B1E37943F00303E371EFE730460EF03E
S2140247705DFB10B10123E371E9E76088FBF74CFEAD
S2140247800328E4D8DFE800F0020D1B18E37943F0B3
S2140247900403E3711B06DAD50F4B1A780F4B1A7017
S2140247A0D5E7CD236372E37943F00803E3712B78F0
S2140247B003F07F032B70CAE7CE236372C7E7CF23CB
S2140247C0FBE700BF8C150020B94C0020B64C002039
S2140247D0B44C00203A160020724C0020734D002084
S2140247E02DE9F74F06460BF0CDFB5D4B5D4AB3F85D
S2140247F0009018805B4BDFF880B11B78A0EB0904B1
S214024800A4B2A34286BF1B1BDBB200231370A9EB24
S214024810000305464FF000084FF6FF770093524B11
S21402482019785FFA88F291420ED80EB1FFF734FE7D
S2140248304FF6FF739F4200F08D804C48394603B016
S214024840BDE8F04FF6F7ECBBBBF80220002A3CD0DE
S214024850474B9BF807201878BBF800A0042818D00E
S2140248600020BAF1000F08BFA2462044504523D2CA
S214024870BBF80010009B1944ABF80010002E4DD078
S21402488002F04802482A49D100215846FFF706FF9F
S21402489044E00192F6F7C6FE30F01003019ADFD12B
S2140248A0FAF706FE334B019AB3F800C08445D7D90F
S2140248B0ACEB000080B2D4E702F00C00042807D16B
S2140248C00022ABF800200BF10A0B08F10108A6E75C
S2140248D0510602F0030C02F008000DD520B3BCF11D
S2140248E0030F24D1D6B19BF80910002908BFC921AD
S2140248F05846FFF7EBFC11E040B3BCF1010F25D19F
S2140249001206EFD44FF4C862ABF800209BF80720DB
S21402491022F0030242F002028BF80720BBF80020C6
S214024920974228BF1746CEE703208445DAD21306FD
S2140249300ED50C4B1A780AEB0200844208DA4A4477
S214024940521B0AEB0201ABF80010E7E70120ECE786
S21402495001219AE7054803B0BDE8F04FF6F7FCBB25
S21402496036440020734D0020744D00203C14002075
S214024970B94C00208C1500207A3F00202DE9F0412A
S2140249800B4EDFF8348000250A273378ECB2A342B8
S21402499004D8BDE8F0410748F5F736BF07FB0484A4
S2140249A0A01CF5F731FF201DF5F72EFF0135ECE7C9
S2140249B0744D00202C4400207A3F002070B50D4D27
S2140249C00D4E00242B78A34208D81B1BDBB22B709B
S2140249D073B9BDE870400948F6F7BEBB04EB840025
S2140249E0CA2106EB40000134FFF770FCE4B2E9E7A7
S2140249F070BD00BF744D00207A3F00203C1400209A
S214024A002DE9F0410025124CDFF8488006462F4675
S214024A1098F80020EBB29A4203D8BDE8F041FFF7BF
S214024A203BBD60880FF0A6FF02300FF05AFEB04280
S214024A300AD16088F8F774FB00236288B52118460D
S214024A4003F0ECF9278067800A340135E0E700BFFF
S214024A507A3F0020744D0020F8B5124F124D3E7872
S214024A602D78DFF848C006EB8604B5424FEA440EBE
S214024A700CEB440414D003F4835343EA13230025B7
S214024A80E37166236080A171227228462CF80E50CC
S214024A900136A58063723E70FFF7A2FE2846F8BD77
S214024AA07220FCE7744D0020FC1500207A3F00209F
S214024AB02DE9F04F354B1C7885B00E4617465CB98B
S214024AC0B1F90680DFF8CC90DFF8CCA0DFF8CCB0E6
S214024AD099F80030A34202D805B0BDE8F08F04EB87
S214024AE084050AEB4505A88800B9688801A912F072
S214024AF0ECFAB27A9DF80E309A4244D1B8F1000F21
S214024B000FDA317A9DF80C203389914209D8204871
S214024B1000780844824236DA521A1B0A1341D90731
S214024B2031D5384612F0C0FABDF80A309A06044665
S214024B3002D5F3889B06CFD5EB7903F00C03042B42
S214024B4008D16888F8F7ECFA00236A8819461846EE
S214024B5003F064F900212846FFF7B8FBFFF79CFC38
S214024B603846F6F747F8844208D22B7A8BF800309C
S214024B70012200233146384603F08EF8B8F1000FC2
S214024B80AADA0024A4E70134E4B2A1E7724D0020B9
S214024B90FB150020744D00207A3F00207D4D00203A
S214024BA008B50BF0EFF9074B1B88C01A80B2B0F5B8
S214024BB0807F05D9BDE8084003480021F6F730BAE1
S214024BC008BD00BF364400203C1400202DE9F04703
S214024BD086B004460D4612F070F901462046F6F7F6
S214024BE0DDF910F0030373D110F00C0F06D129463D
S214024BF0204606B0BDE8F047FFF778BC20460FF027
S214024C00ACFDC10657D4204612F057F9014620469D
S214024C10F6F7C4F9074620460FF0ACFE0646023009
S214024C200FF05FFD03A98046204607F00C0796F8B2
S214024C30069012F04AFA73780C2F0CBF0327062749
S214024C40012113F0010F204618BF0327F6F740F89C
S214024C50224B1B78033B012B82461BD9B9F1010F6D
S214024C6018D94FF6F773984502D8337A1F2B11D905
S214024C70301D0FF036FDF179814610F0C1FB064675
S214024C804846F7F757FECEB173685A1C02D08343E4
S214024C9008BFD125124B1B88A34211D1B5FA85F065
S214024CA04009FAF7A3FE20460FF085FD00220146D2
S214024CB007200DF092FB06B0BDE8F087D125E9E7A4
S214024CC00095534603AA414638460BF0EDFBEAE749
S214024CD0012BF0D110F00C0FEDD188E7B94C002073
S214024CE02C44002010B50A4B1C780A4B0022D1B285
S214024CF08C4201D8002010BD197A814202D19979DE
S214024D00022902D00A330132F1E70120F3E700BF9D
S214024D10744D00207A3F002010B5094B1C78094BD1
S214024D2001460022D0B2844201D8002010BD187A73
S214024D30884202D198790128F8D00A330132F1E785
S214024D40744D00207A3F002010B40B4B1C780B4B9E
S214024D500022D1B28C4203D85DF8044BFFF79CBB0D
S214024D60197A814205D19979012902BF0021198059
S214024D7059800A330132ECE7744D00207A3F002056
S214024D80044B1B6813F0300F03D02021302011F0A3
S214024D908CBA7047703700200949002310B51A46AE
S214024DA0044601EA00414FF07F60FEF753FFE30737
S214024DB003D50021302011F078FA002010BD00BF84
S214024DC000007207044B5B8823F4784323F08D03BC
S214024DD003800020704700BF7037002008B50346E6
S214024DE00022C3F80220C3F806200B4A1268D1B28A
S214024DF012F0200F18BF41F010011980930700F13E
S214024E00020001D4FEF79CFF044B1B78023B032BE7
S214024E108CBF9320002008BD70370020B84C0020BD
S214024E2038B505460C46FDF7EBFB98B10D4B1878E6
S214024E3078B10D4B1B681A040ED57CB113F0420FE5
S214024E4000D16DB103F44073B3F5407F0CBF002070
S214024E50B72038BD9520FCE7A820FAE72046F8E7F9
S214024E60B720F6E7B44C002070370020F0B58DB0BE
S214024E70044607A80D4616460DF02CFB102200210C
S214024E8003A812F09EFC5CB1234603F1100703ACA4
S214024E9018685968224603C20833BB421446F7D143
S214024EA0012786EA070303A907A88DF81C708DF868
S214024EB01D300DF098FD80EA070401A8E4B20DF05B
S214024EC06BFDB6B101A88DF806500DF020FE64B158
S214024ED0002303A907A88DF81D300DF093FD0C4B97
S214024EE01B78432B01D1F7F713FE0A4B1D700DB04A
S214024EF0F0BD01A88DF807500DF009FE002CF6D083
S214024F0003A907A88DF81D700DF07CFDEFE700BF22
S214024F10B84C0020B34C0020F0B593B007460DA85D
S214024F2001250C460DF0D6FA05A90DA8ADF83450A9
S214024F300DF085FD01A80DF02FFD09A90DA88DF82D
S214024F4035509DF806600DF07AFD0DA89DF80750C5
S214024F500DF0E2FC70BB731BDBB2802B28D91FB1AD
S214024F60A64225D0A54223D105A90DA80DF04AFDDB
S214024F7003A80DF011FD03A88DF80F600DF0C7FD14
S214024F800122294609A8FFF771FFF7F777FE0121EC
S214024F904FF4007003F006FFFDF71CFBB0F1004F64
S214024FA001D9FDF71DFB044B18780BF04DFC0120D0
S214024FB013B0F0BD0020FBE7B34C002070B50E46E0
S214024FC0144605460320FFF77BF946F004022946FD
S214024FD020460DF076FD024B00221A6070BD00BF1F
S214024FE06C370020F0B587B00788054610220021EE
S214024FF002A812F0E6FB3B4B1B78002B6FD1B805DC
S21402500057D407F08403842B5CD0374C11F01AFA7D
S21402501017F4045F276005F102061CD0BA040AD50D
S214025020304605F09DFA00284AD1236823F400533F
S21402503043F480732360304611F011FA00283ED103
S2140250400DF044FA18B9236843F4803323602368CA
S21402505043F020032360226842F4004112F040022B
S21402506018BF05F12302334647F2FF102160FEF710
S214025070F1FD0DF10600FFF7A5FE236813F4805F2D
S214025080BDF8063022D043F02003ADF80630BDF856
S2140250900600FFF781FE23689B0506D595F82210C9
S2140250A0012205F11200FFF7E1FE104B0020186006
S2140250B006E005F1120011F0D2F90028A1D0B220C4
S2140250C007B0F0BDB907A0D5B720F9E723F0200353
S2140250D0ADF80630FDF784FAFEF7DCFBD7E7702062
S2140250E0EEE700BFB84C0020703700206C37002077
S2140250F008B5054B1B7833B1FFF742FEBDE8084002
S2140251000248FEF739BE08BDB44C00202E4D0020E2
S21402511010B5154B1B78D3B1144B1B78033B012BF0
S21402512015D9002011F068FC044698B1027912F0F5
S214025130300F0CD10E4B1B784BB1012B02F0CF0275
S21402514006D0991E4B424B415B011A43227110BD99
S2140251501023FAE7F7F722FA0028F8D0214620466D
S214025160BDE8104004F0B4B9B44C0020B94C00209D
S214025170FA15002008B50FF031FF054B18B918686C
S214025180C0F3800008BD1868C0F30050FAE700BFFD
S214025190703700202DE9F047064688B0894610464B
S2140251A0002115469846F5F7F9FE102807460AD854
S2140251B0684B0341DB0706D4C8F340049DB90020C0
S2140251C008B0BDE8F087644B1C78002CF6D0FFF7D9
S2140251D0D1FF00280CBF4FF4F0744FF4D074FC409B
S2140251E004F00104EAE7002318F0010F1A462946E4
S2140251F04FF005000CBF4FF0080A4FF4027A0BF08E
S214025200AEF90028DBD0C82300933246002351466D
S214025210284605F085FDADF80E000028CFD018F020
S214025220080A4AD1A7F10F024FF6F773D2B29E428E
S2140252308CBF09230123012A01D843F04003474AC1
S2140252408DF8103013788DF81130591C1170002C1F
S2140252504FD09DF81030052F43F020038DF8103004
S21402526033D03F4B1D78002D5AD04FF6F7730025EA
S2140252709E424FF00F0248D9012304A90DF10E00F9
S214025280F5F7E8FD00289AD1002C4DD1BAF10001BD
S214025290BDF80E00CDF8009033463A4618BF0121FD
S2140252A00DF0CBFDADF80E00002888D018F0040FE4
S2140252B04DD0314610F0CEFA82E749460DF10E0087
S2140252C005F02EF90028ADD179E70121BDF80E00D0
S2140252D0F5F7FEFC0121F5F761FE0123834013F08A
S2140252E0620F1CD11E4B1B78E3B14FF6F7731825DD
S2140252F0BEE71B4B1B7825460222002BBCD04FF67E
S214025300F7739E42B8D8052FB6D0BAF1000FB3D1C4
S2140253109DF8103043F040038DF81030ACE71025AE
S2140253200F22A9E71825FBE7BAF1000F0AD0009072
S21402533002234A4629460DF10E00FEF7BDFA002862
S214025340A4D03CE7CDF800A041235246F2E710F085
S2140253506BFA35E79FFEFEFFB44C0020B54C0020EA
S214025360A64C00202DE9DF431E46144B0A9C1B6800
S2140253709B0780460F4691461CD4204614B10DF07A
S21402538044FDC0B2CDE902400622CDE900890C49AF
S2140253903B4600200FF057FD024658B1002E4FF054
S2140253A000010CBF01230323084604B0BDE8D04326
S2140253B0FFF7F0BE002004B0BDE8D08370370020AF
S2140253C06F5804002DE9F04F8DB081469DF85C8041
S2140253D08A461F4693463AB903A8FEF7B1FCA8BB15
S2140253E000200DB0BDE8F08F15460022232110469E
S2140253F00FF013FBADF80A000028F1D0F5F7DEFB3C
S2140254000446052318F0100F00F8023B67701FD001
S2140254101122002112F0D5F904F11306032F4FF0E2
S214025420080236D15946304612F0B1F9C8F3801355
S21402543006F1090533720DF0E4FC00283DD0002386
S2140254402B706B700123AB70033536E003ADCCE7EF
S21402545016991022012612F09AF906FA07F313F0AB
S214025460620F02D104F11206D8E707A80DF032F84F
S21402547005A88DF81C600DF08FFA9DF816209DF891
S214025480173018F0200F08BF134604F11306A37452
S214025490C4E75146304612F07AF906F108020123B3
S2140254A0121B00932846BDF80A100823D2B20FF04A
S2140254B001FC042F06F11005BDD02D1BE9B20DF13B
S2140254C00A000FF0DEFB00288AD118F0040F0BD07A
S2140254D0484603F0F9F8FF281FBF074A32F8103093
S2140254E023F4804322F81030BDF80A204346514682
S2140254F04846FFF74FFE74E7BA43002070B590B0F7
S21402550003268DF807600FF069FD10B9702010B001
S21402551070BDF5F737FF0028F8D002AD2846FEF733
S2140255200FFC0028F2D01C4B1C6814F00204EDD1CC
S2140255301A4A40F20F43ADF824301368CDF82630ED
S21402554004A85368CDF82A300CF0C4FF95E803008F
S21402555005AB83E80300062304A88DF81D308DF8FA
S2140255601060EBF7E1F80DF12E0201210DF10700B4
S214025570EAF7DEFF22461A2109A80FF04EFA024683
S21402558008B91820C3E7012329462046FFF702FE82
S2140255900028F6D02046BAE7703700202E4D0020AD
S2140255A02DE9F04F99B006461F220F4610A800219B
S2140255B003930F9112F005F9304611F07EFC014676
S2140255C03046F5F7EBFC8DF81B0030460FF0D2F9AB
S2140255D09DF81B3045788146C5F34005980630464F
S2140255E048BF45F0020511F05FFD04463046F5F768
S2140255F001FB001B5FFA80FA002300935346232B1D
S21402560028BF2323224631460FA80FF053FB00285B
S2140256103ED1AC4B9DF83C801B789DF83DB0002BEC
S21402562039D0FFF7A7FD00280CBF4FF4F0734FF4F4
S214025630D07323FA08F3D9072DD5AA072BD4B8F1CD
S214025640080F22D1BBF1040F22D1FAF789FEF8B96E
S2140256500DF11B032246314605200AF064FFB8B15D
S214025660A8F10508B8F10D0F12D8DFE818F02800E7
S2140256709701BE01E401ED011100110011001100B5
S214025680F3018602A102CF02CF02B8F1050F08D0BD
S21402569019B0BDE8F08FB8F1100F05D1039B002BAF
S2140256A0F6D0FAF75DFED3E7FAF75AFE0028CFD017
S2140256B0B8F1050FCCD0B8F1110FC9D0E8E7BBF1AD
S2140256C0050FE5D830460FF0B8F8059009F102004C
S2140256D00FF007F8814608A8FFF774FB9DF83D70A7
S2140256E00123BB4013F06203039305D0BDF82030BC
S2140256F09B0701D5AE07CBD50FF070FC0028C7D0AC
S214025700FAF72EFE08B9002DC2D00DF13E0A504619
S21402571010F0A5FE039B049043B3032F9DF84EB0F2
S2140257202BD10DF14F040FF059FC814500F0BB80E0
S2140257300026039B002B3BD12046F6F707F84FF6D0
S214025740FF739842054604D1204611F025FBA84275
S2140257509ED0049B002B0CBF04231523CDE900A387
S21402576032463B462146FFF72DFE91E7032FDDF832
S2140257700CB079D10DF14E04D5E7534B1B689C074C
S21402578027D5FF2208210DF157000FF0D5FB8046E2
S214025790F8B9034601460DF157020220FEF75AFAFF
S2140257A00FF01CFC81450DF157060DF14F041FD07A
S2140257B04FF6F7739945BFD90022082120460FF00D
S2140257C0BBFB0028B8D0002259465046FFF74EFBD6
S2140257D05EE70DF157060DF14F04304610F08DFDD1
S2140257E0002846D00FF0FAFB8145A2D14FF0000800
S2140257F036490822204611F0BAFF002899D1012F17
S2140258006AD0042F7FF444AF10F09AFD10B1032D36
S2140258107FF43EAF049B002B7FF43AAF3246022160
S2140258205046FFF7CBFB2A4B1B7863B1FFF766FEA9
S214025830FEF740FD022806D10120FEF735FD0121C4
S2140258400846FEF7A5FB234B1B78022B20D103212B
S21402585030460BF008F8FEF72DFD014600287FF4CF
S21402586017AFFEF795FB13E70DF156060DF14E0442
S214025870B3E7184B1B78432B7FF40AAF012F7FF454
S21402588007AF0FF0ABFB81457FF453AFB846AFE7E7
S214025890412B7FF4FDAE0C4B1B6858057FF5F8AE26
S2140258A0F8F756FDF4E6032D7FF4F2AE9DF8561097
S2140258B00039524618BF01210DF14E000DF0CAFA0A
S2140258C0E6E600BFB44C0020703700202E4D0020C4
S2140258D0644D0020B84C0020AE4C2378022B21D019
S2140258E02378412B3FF4D4AE049B33B9FAF738FD44
S2140258F0594602465046FFF7B9FAFAF731FD002834
S2140259003FF4C6AE10F01CFDA34F90B13B681A05DB
S21402591002D42378432B0CD1AB070AD4AC20F7F77A
S21402592011FDB5E610F00CFD0028D9D0A907D7D492
S214025930AEE6386810F0020002D1059903F0C8FD01
S2140259402378112B15D13B685F0512D50020FEF790
S21402595035FB044600287FF49BAE0FF0CAFDAE204E
S214025960F7F7F0FC21462046FEF712FBF7F7F6FCA7
S2140259708EE6AC0701D5FFF703FAB8F1000F8FD019
S2140259800CF0A4FD18B94FF4803110F08EFC834B56
S214025990002230461A6010F0A7FC81E70FF01EFBCB
S2140259A000287FF475AE7E4B1B78002B3FF470AE5A
S2140259B0A80704D4784B1B6899013FF569AEBAF183
S2140259C00C0F0DF1450094BF002412AC0EF089FEB8
S2140259D002469DF8470003283FF65AAE00940DF1A2
S2140259E03D03394604F03EFB52E66E4908220DF1AD
S2140259F03D0011F0BCFE20B902223946FAF762F9E0
S214025A0046E6694B1B78013B012B3FF641AE0DF192
S214025A103D0002F007FE4FF6FF739842044606D199
S214025A200DF13D0011F0B8F9A0423FF431AE00216D
S214025A30FAF758FA2CE6EA077FF52AAE2A460FA9A5
S214025A40384604F0EDFB23E69DF83D100120FFF7F3
S214025A5063FA1DE6544B1B78013B012B3FF618AE4A
S214025A60EB077FF515AE0DF13D0002F0DBFD4FF6BC
S214025A70FF7398420546804671D10DF13D0011F044
S214025A808BF940450546074669D10DF13D00F6F70C
S214025A9073FDB84205463FF4FBAD3046F5F7AAF86B
S214025AA00934E4B2071B0022FFB2394610460EF054
S214025AB0B4FFADF81C0000283FF4EAAD4FF0010930
S214025AC0CDF8009000232A46082105F029F9ADF802
S214025AD01E0000283FF4DCAD2146304611F0BBFA2A
S214025AE04FF0000A80461622514609A8CDF820A09B
S214025AF011F067FE434622463146CDF800A008A8BC
S214025B000FF0D8F84B46424608A90DF11E00F5F7ED
S214025B10A1F900287FF4BCADA7EB0807FFB239460F
S214025B2007A80FF0AEF8284602F0CEFDFF281FBFEA
S214025B301E4A32F8103023F4804322F810304444D0
S214025B40E4B2BDF81C0000972346324600210FF04F
S214025B50EBF8BDF81E0029460FF07CFE98E52846B5
S214025B6002F0B2FDFF28074697D0F6F72DFF002871
S214025B7093D0384603F0DAF98FE70B4B1B78013BDC
S214025B80012B3FF685AD2A460FA93846FCF7C0FA28
S214025B907EE500BFB84C0020703700206C3700202E
S214025BA0B44C00202E4D0020B94C0020BA430020F1
S214025BB0184B1B78022B20D1002F7FF469AD08A862
S214025BC0FEF7BEF800283FF463AD134B1F709DF836
S214025BD03D30002B14BF64246524FEF76BFB0328BC
S214025BE006D138463946FEF7D3F93846FEF768FB43
S214025BF0214608A80AF037FE4AE5043B012BDBD90A
S214025C0038460DF010F90028D6D141E530460DF0A1
S214025C100CF93DE5B84C0020644D00202DE9F34117
S214025C2005460E461746984610F08AFB044640B1D3
S214025C30CDF8008001233A4631462846FFF792FB0C
S214025C40044610F07DFB30B1FFF794FA78B10A4BA8
S214025C501B689B010BD4CDF8008000233A463146E0
S214025C602846FFF77FFB002C0CBF0446012404F0F5
S214025C70010002B0BDE8F0817037002070B58AB02E
S214025C8005A80CF027FC02238DF81430094B01AA54
S214025C9003F11006154618685968144603C40833FB
S214025CA0B3422246F7D1294605A80CF09CFE0AB05C
S214025CB070BD00BF75580400014B1878704700BFCE
S214025CC03B160020014B1888704700BFB015002015
S214025CD02DE9F0434FF6FF73994285B080460D4694
S214025CE004D11E49082211F042FD58B11C4E00276D
S214025CF04FF6FD79EAF772FAFCB2A04207D84FF6E1
S214025D00FF7019E005B0BDE8F0430FF067B936F84A
S214025D1014304B4517D86946204610F0A4FB0822DB
S214025D2041460DF1050011F022FD4FF6FF7360B9F2
S214025D309D4204D136F8140005B0BDE8F08326F87B
S214025D40145010F00DFB0137D4E79D42FBD036F815
S214025D501430AB4208BF26F81490F4E72E4D00200C
S214025D609E4000202DE9FF47DFF84480DFF844A07C
S214025D7006460F4600254FF6FD79EAF72FFAECB2F3
S214025D80A04202D804B0BDE8F08738F814304B457C
S214025D900CD86946204610F066FB082231460DF103
S214025DA0050011F0E4FC08B90AF804700135E4E7CE
S214025DB09E4000207A4C0020014B33F810007047BA
S214025DC09E400020F0B50E4F85B006460025EAF745
S214025DD005FAECB2A04201D805B0F0BD37F814308F
S214025DE0B3420BD16946204610F074FB9DF8003092
S214025DF0022B1CBF4FF6FD7327F814300135E6E779
S214025E009E40002030B585B004460D46EAF7E6F916
S214025E10A0420FD9084B33F814204FF6FD739A426E
S214025E2008D86946204610F055FB29460DF10500B4
S214025E30FFF74EFF05B030BD9E40002030B585B05E
S214025E400446EAF7CBF9A04219D92046FEF74AFFE4
S214025E500546B0B96946204610F005FB9DF80030AD
S214025E602BB1694620468DF8005010F018FB064B01
S214025E704FF6FF7223F81420002005B030BD6920CB
S214025E80FBE77520F9E700BF9E4000202DE9F041B0
S214025E900B7805460E461BB9BDE8F041FFF7CEBFAC
S214025EA0EAF79CF9A8422ED92846FEF71BFF60BBEC
S214025EB037464FF6FF7117F8058B3846FFF708FF8F
S214025EC00446384600F036FAB8F1000F15D0B8F19D
S214025ED0030F15D04FF6FF724FF6FD73944208BFBC
S214025EE01C460B4B23F815400A4B3146585528469C
S214025EF010F0D5FA0020BDE8F0814FF6FF74F0E707
S214025F004FF6FE74EDE76920F5E77520F3E700BF6C
S214025F109E4000207A4C00202DE9FF41114F0D468D
S214025F200E0A04464FF6FE78EAF758F9A04204D85D
S214025F30FF24204604B0BDE8F08137F8143043450C
S214025F400CD16946204610F08EFA9DF80520EBB279
S214025F509A4203D19DF80630B342EAD00134E4B245
S214025F60E2E700BF9E4000202DE9F04F87B0DFF841
S214025F706C909DF840A001900C4617469846002566
S214025F804FF6FD7BEAF72AF9EEB2B04201D8FF26B9
S214025F9016E039F816205A451ED802A9304610F0E7
S214025FA062FA3FB99DF80920424515D19DF80C20AA
S214025FB0524511D144B939F81620019B9A420BD1A9
S214025FC0304607B0BDE8F08F08220DF10D012046DD
S214025FD011F0CDFB0028F3D00135D3E79E40002018
S214025FE010B5144610F03FFA20460349BDE81040AB
S214025FF0082211F0CCBB00BF2E4D00202DE9FF4732
S214026000074615460846082224491E4611F0AFFBED
S214026010044600283FD1DFF888904FF6FF7AEAF769
S214026020DDF85FFA84F840450BD885B338460AF0A7
S21402603059FB01250C9B18703570012004B0BDE891
S214026040F08739F8183053451FD06946404610F09D
S2140260500AFA7A789DF801309A4216D17A88BDF803
S21402606002309A4211D13A799DF804309A420CD104
S21402607008220DF10501781D11F079FB28B9002DD3
S214026080D7D140460AF042FBD3E70134C7E7FF20E8
S2140260900AF03CFBCEE70020D0E700BF2E4D0020E2
S2140260A09E400020F0B5164E164F85B00025EAF742
S2140260B095F8ECB2A04201D805B0F0BD694620467C
S2140260C010F0D1F99DF80030032B06D9002369465B
S2140260D020468DF8003010F0E2F99DF8002062B1FB
S2140260E04FF6FD734FF6FE71032A08BF0B4626F8DD
S2140260F0143000233B550135D9E74FF6FF73F6E718
S2140261009E4000207A4C0020F8B50E4B0E4D1B78B0
S21402611003EB43030E4605EB830504464FF6FF7773
S214026120A54202D800242046F8BD2388BB4206D0EA
S21402613008223146A01C11F01AFB0028F3D00C34BA
S214026140EEE700BFFD150020DE3F0020044B0548A9
S2140261501A7802EB42029200FF2111F032BB00BF16
S214026160FD150020DE3F0020074A127882420AD937
S21402617000EB4003054A22F823104FF6FF739942BC
S21402618001D1FEF7E1BD7047FD150020DE3F00207D
S214026190094A127803469A42084608D90C21022276
S2140261A011FB032305490822194411F0F0BA002313
S2140261B00B604B60704700BFFD150020DE3F0020DD
S2140261C0054B1B78834281BF0C235843034B185A56
S2140261D098BF4FF6FF707047FD150020DE3F002087
S2140261E038B50446FFF7EEFD094B1878094B002236
S2140261F04FF6FD75D1B2884200D838BD33F80C1C74
S214026200A14208BF23F80C5C01320C33F2E700BF50
S214026210FD150020EA3F002070B505460E460846EA
S214026220FFF7DEFF31462846FFF752FD06482946AD
S214026230FFF76AFF00B970BD044624F80C6B10F035
S2140262408FF829462046F3E7DE3F002010B52449A2
S21402625086B00822044611F08AFA20B906B0BDE8D4
S21402626010400EF0BBBE1F490822204611F07FFAEE
S21402627020B91D4BB3F8680006B010BD002300938A
S214026280012221464FF6FF70FFF76EFEFF2806D06A
S214026290164B33F810004FF6FB739842ECD903A85E
S2140262A0FEF79CFD58B9BDF80C305B0607D50822F0
S2140262B021460DF10E0011F05AFA0028DCD00C48E7
S2140262C02146FFF721FF40B100884FF6FB724FF6DA
S2140262D0FF73904288BF1846CEE74FF6FF70CBE7B3
S2140262E02E4D0020823B0020183B00209E400020BE
S2140262F0DE3F002070B50D4B1D780D4B0446002284
S21402630008464FF6FB76D1B28D4201D8002009E04E
S2140263101988B14207D8A14205D10822991C11F06A
S21402632036FA012070BD0C330132ECE7FD15002071
S214026330DE3F002037B5014605460D48FFF7E4FE6E
S214026340044630B1807A294603B0BDE8304010F0EA
S214026350E5B803460090012229464FF6FF70FFF784
S21402636003FEFF2816BF034B2046185CEBE700BF70
S214026370DE3F00207A4C00202DE9F843164B1B78AE
S214026380834207460E4623D9FEF7C6FC044608BBE0
S2140263903046F5F7DBF94FF00C084FF6FF724FF672
S2140263A0FD73904218BF03460C4D08FB07F23046B9
S2140263B0AB5205EB0209FFF7BDFF89F80A00484613
S2140263C008223146023011F0E2F92046BDE8F88391
S2140263D06A20FBE77620F9E7FD150020DE3F002065
S2140263E038B504460D46FFF7BDFC05482146FFF7C3
S2140263F08BFE00B938BD857221460C30F7E700BF28
S214026400DE3F00202DE9F04192F808801F4608F191
S214026410FF33DBB2EF2B88B005460E4614460BD987
S21402642082238DF80E309DF80E30214A31462846DA
S21402643000F07EFB012037E00E22002104A811F0B6
S214026440C0F9B4F80930ADF81230E37A8DF811804D
S21402645003F07F02032A08D0012B24D103238DF8F0
S2140264601030A389ADF815300EE0032B14BF0223BB
S21402647001238DF81030E368CDF815302369CDF886
S2140264801930237D8DF81430A7F121014A420DF10F
S2140264900E034A41009321460DF10F0304A8FFF7AD
S2140264A0ADFD0028BFD1002008B0BDE8F08100BFD6
S2140264B07F2A04002DE9F04F95B01D78049200243F
S2140264C0CDE90201CDE90054414923462246012086
S2140264D00EF0B9FCADF81E00F8B1A34626462746D4
S2140264E00DF120090DF1380AE9F778FE5FFA84F813
S2140264F0404516D8BDF81E003A460221F4F762FD62
S214026500BDF81E0032460421F4F75CFDDDE90310F7
S214026510BDF81E30002200F00BFB012015B0BDE8CE
S214026520F08F4A460AA94046FFF75AFD9DF82820F2
S21402653022B12DB1013DEDB20137FFB20134D3E7EE
S214026540BBF1000FF8D199E803009DF829308AE8DC
S21402655003008DF84030BDF82A308DF84130032A0A
S2140265604FEA13238DF8423016BF032301238DF81A
S2140265704330DDF8311018BF9DF82C30DDF82D00C1
S21402658014BF8DF84C308DF8433011AB03C302981C
S2140265900CBF4FF00E084FF015080FF021FE0590C5
S2140265A0BDF81E00F4F726FB059900EB0803994296
S2140265B00BDB0123424651460DF11E00F4F74AFC5E
S2140265C00028AAD10136F6B2B6E74FF0010BB3E7C0
S2140265D086580400074A00231370074A1370074AB6
S2140265E0118801B11380064B1A880AB100221A805C
S2140265F0704700BF764D0020754D00203C440020B9
S2140266003A4400202DE9F04F4D4C89B09B46238832
S21402661005909DF848900F4610465BB952B10EF0B1
S21402662074FB208047484FF4FA6109B0BDE8F04F8A
S214026630F4F7F6BCDFF82081B8F80050002D6BD0D6
S2140266402846F4F7D7FADFF81491DFF814A1C0F35E
S21402665047042846F4F7B2FA0294B9F800300193D8
S214026660BAF800300093384905465B4600220120FE
S2140266700EF0E9FBADF81E0018B305EB440B01243F
S2140266805D4512D1ECB9BDF81E50D5B12F4B1B7823
S21402669033BB05982B460022394600F049FA002300
S2140266A0AAF80030A9F800300BE0012329461A4662
S2140266B00DF11E00F4F7CEFB10F0FF0405F1020503
S2140266C0DED0234A0023A8F800301378013BDBB261
S2140266D01370002BA6D109B0BDE8F04FFFF77ABFC2
S2140266E00EF05DFC01462846F4F758FC0A21834664
S2140266F02846F4F753FC0646A64202D8FF2CCED113
S214026700C7E704F10B01C9B22846F4F747FC8345F4
S214026710BFD80134E4B2EFE70E4C237823B9F3F77F
S214026720B3F908B9012323704A4659460520F5F7FE
S21402673083FC0028CFD1207009B0BDE8F08F00BFDF
S2140267403C4400205C1400208B580400774D002047
S214026750764D0020754D00203A440020CE4300209E
S214026760D043002030B5154D2C8887B09CB92346FF
S2140267704FF4A07248F2380103A80FF0B3FF214687
S21402678020460EF0A5FF0E4B0094224603A9FFF703
S21402679039FF07B030BD20460EF0ECF804300DF09D
S2140267A0A0FF03A90446288810F08FFC002300935C
S2140267B02A8803A9204600F047FBEAE73C4400206B
S2140267C000F8FF0737B50F4C0F4D01A900200EF059
S2140267D07FFF237801467BB10C4B019A18780EF0A6
S2140267E096FF2078F7F75AF9002323702B70084893
S2140267F0F4F7B2FC03B030BD2B78002BF7D0FFF7CE
S214026800B1FFF4E7794D0020764D0020784D002048
S2140268105C14002008B50548F3F7F6FF0448F3F7C2
S214026820F3FFBDE808400348F3F7EEBF3C44002000
S2140268303A440020384400202DE9F04F89B0CDE9D3
S21402684005239DF84870139E8946044630B316F811
S21402685001ABBAF1000F23D00AF1FF34A400E4B270
S214026860314601200DF051FFC00E1BD1DFF844B1B6
S214026870314601200DF049FF34449BF8005022793E
S214026880BDB1002F47D1CDE90277CDE90077424A64
S21402689005998023484600F04BF93CE08246DFE744
S2140268A05446DDE71B28ECD9314601200DF02DFFBA
S2140268B0E7E7DFF80481FF2A00EA08080BD1E3794C
S2140268C0A179607901EB0321424689B209B0BDE89D
S2140268D0F04F0EF01CBF314909688B070AD5FE2A15
S2140268E03AD101230135EDB2202D4FEA43030AD1F6
S2140268F0FF250AE02946284607920EF0E9FE48459B
S214026900BFD1079AEBE79845ECD1254B1B78FF2BB6
S21402691004D0AB4204D009B0BDE8F08FFF2DFAD008
S2140269200020F2F789FAA842F5D029460020F2F7AD
S21402693089FA0028EFD09BF800306479002BEAD160
S214026940FFF748FE17484FF41051F4F769FB164B51
S2140269508BF800501C70DEE7052A92D8BAF1010FB8
S2140269608FD8B8F1000F8CD0002FD4D17379002BBA
S214026970D1D00E49098821B90D49082B28BF082312
S2140269800B701292DDE905124346484609B0BDE88F
S214026990F04FFFF737BE00BF8B5804007037002059
S2140269A03C1600205C140020784D00203C44002059
S2140269B0764D0020794D002000F8FF07014B188025
S2140269C0FFF7D0BE3A44002037B5174B1B78022B90
S2140269D003D09325284603B030BD0DF10700F7F724
S2140269E09DF805460028F4D1104B1B78013B012B7D
S2140269F001D97025EEE7F4F7BFFC0028F9D0DFF7DF
S214026A00B3FA0446F4F7B8FC094B18700B23B4FB30
S214026A10F3F203FB12440A34A4B24FF47A71054827
S214026A206143F4F7FDFAD5E7B84C0020B94C0020D4
S214026A30A94C00209C3600202DE9F043384B394FF4
S214026A401E783D78A5B04FF4F81300240393ADF8F2
S214026A501040F7F7DBF8BDF90E30ADF81200A3428E
S214026A60ADF8144006DB304B1C780134E4B21C70DF
S214026A7044F080048DF82C408DF82D60A94602243F
S214026A804FF00008B14529D3002221460BA83D70DD
S214026A908DF82D800DF0C1FFE8B1B8F1000F09D0D6
S214026AA00023CDE9000303AAFF234FF6FC7106205C
S214026AB0FBF7B8FFB5422FD2DFF756FA0B23B0FB2F
S214026AC0F3F202FB13000A3080B24FF47A714143AC
S214026AD01648F4F7A5FA25B0BDE8F08306A948469D
S214026AE002F04AFA98B9512C11D804F190030DEB32
S214026AF0030206AB03CB0834013508F1010842F85D
S214026B00640C42F8601CE4B2EDB25FFA88F809F150
S214026B1001095FFA89F9B5E70448F4F71DFBDAE7DD
S214026B20A94C0020AA4C00207B4D00209C36002059
S214026B300CB42DE9FF470CAA0E4652F8041B03922A
S214026B40074600297ED1BDF83400ADF80A000028B9
S214026B5000F0918033794FF6F778002B76D14745CF
S214026B608CBF4FF009084FF00808454B1C78FF2CE5
S214026B7074D1B6F90230002BA9BF424B347A1C7886
S214026B800134A2BFE4B21C7044F08004DFF8009126
S214026B9022460021F4F716FA99F80020BDF80A30CA
S214026BA0002A5ED00193DFF8ECA0FF230093BAF828
S214026BB00000334622463946FCF7CAF8002389F815
S214026BC000304FF6FF730546AAF80030742D33D115
S214026BD00DF10A033246394640460CF02CF90028DD
S214026BE04BD04FF6F7739F4226D8B6F9023070881C
S214026BF0002B21DA2449254B48F20402904214BFA6
S214026C00894699460EF0EAF94FF0000803464946CF
S214026C10CDF800808A2201200EF015F9814658B17F
S214026C2022464146F4F7CEF9CDE90098FF233246D4
S214026C3039464046FBF7F6FE284604B0BDE8F04764
S214026C4002B0704701200EF0C1F87EE700233371D0
S214026C5047458CBF4FF00608984686E7FF221A7013
S214026C6094E7CDE900323946FF2332464046FBF729
S214026C70D9FE0546AAE71825DEE70546DCE700BF8B
S214026C803E1600207B4D00209C58040091580400BC
S214026C907A4D00203E44002070B588B00024164687
S214026CA04FF40033ADF81A100DF10F0204A9054691
S214026CB00593ADF81840ADF81C4004948DF80F40CB
S214026CC00CF090F89DF80F300193049B0093044A51
S214026CD0334605A92846FFF72BFF08B070BD00BF54
S214026CE09558040030B587B04FF48035CDE90012D0
S214026CF0002403958DF81030BDF82850074A8DF809
S214026D001140034603A9BDF82C00ADF81250ADF8A9
S214026D101440FFF70DFF07B030BD00BF3A5904001C
S214026D202DE9F043B1F1006F8BB014461D4628BF23
S214026D3039224FF0000336BF38224FF00109994638
S214026D40ADF81E20FF2C4FF480020646ADF81C302C
S214026D500892ADF824304FEA11471FFA81F80FD196
S214026D600EF0CAFCB9F1000F19D1154ACDE9020599
S214026D70CDE90074434607A93046FFF7D9FE1AE06C
S214026D80FE2C0AD10EF0B8FC0130C0B20EF0CEFCDA
S214026D90B9F1000F12D00B4A02E0E8B2F8E70A4A4D
S214026DA0CDF80080CDE90305CDE90174012307A9DA
S214026DB03046FFF7BDFE0BB0BDE8F083034AD5E7C9
S214026DC099580400385904009858040039590400A8
S214026DD010B54FF4981286B04FF08063CDE90323C6
S214026DE00023ADF814300EF0F9F80446F6F70EFF5D
S214026DF0054B01900093054A234603A94FF6FD7002
S214026E00FFF796FE06B010BD2E4D00209F580400D8
S214026E1030B587B0CDE9001200248DF81030094A4B
S214026E208DF8114003464FF4806503A94FF6FD70B6
S214026E300394ADF81250ADF81440FFF779FE07B090
S214026E4030BD00BFA35804002DE9F04F9BB00E469C
S214026E5005460EA91046CDE90A329DF890700FF04D
S214026E6098FBBDF838A080465046F3F7C3FEB6F945
S214026E700230B6F80690B6F802B0002B044604DAE2
S214026E80AB4B00221A7000204BE05046F3F7B2FEDE
S214026E904045F5D3A4EB0804E3B2002F18BF4FF425
S214026EA0A079152B099328BF15230024013308F176
S214026EB0FF32DBB2D2B25146009414A80DF0FAFEAD
S214026EC09C499DF8502008684968ADF848406FEA2A
S214026ED04B436FEA5343ADF846300FAB03C3ADF8EE
S214026EE04440ADF84A90ADF84C20BBF1000F26D1D5
S214026EF0914908220DF1510010F039FC044698B968
S214026F000EF06CF806460DF1590A0DF151030A9A75
S214026F109AF80080012A2DD157B384F0010404F0B8
S214026F2001001BB0BDE8F08F0DF1510001F07AFBB5
S214026F304FF6FF74011B4C4206464C41E3E7BBF199
S214026F40010F40F09480BDF851600EF047F886427B
S214026F500AD00FA930460FF003FC80F00104E4B219
S214026F600DF1530A0FABD2E7734B0DF1530ACEE77E
S214026F700A9CD4E797B3002C75D1B8F1010F72D8EA
S214026F8037D10EF02BF80EF029F89AF801706A4BFA
S214026F90064622460021CDE9006102976749012094
S214026FA00DF051FFADF83A0000285CD0002C53D10A
S214026FB0B8F1010F50D1DFF89CA126469AF80030AE
S214026FC05FFA84F8434538D9404601F00DFCC20703
S214026FD002D5BFB1013FFFB20134EFE7B8F1010FAE
S214026FE005D1002CCDD09AF801708122D2E7002C70
S214026FF0F9D1B8F1010F94BF002201229AF801706C
S214027000D201C7E7404601F0DDFA0123ADF83400AD
S21402701002220DA90DF13A00F3F71CFF18BBBDF8CA
S2140270203A00F3F7E7FD804648460FF0D9F808F134
S214027030010801368045F6B2CEDBB6B1BDF83A009D
S21402704032460C21F3F7BEFFBDF83A30002211A9F2
S2140270502846FFF76DFD06E00C210DF13A000DF013
S21402706010FE0028F0D001205BE70D21F5E70A9B11
S214027070002B7FF408AF7388342B6DD1099B092B44
S2140270807FF401AF002F7FF4FEAE9DF959603A46B9
S214027090B41008210DF1510004F020040DF04CFF4D
S2140270A030B9254908220DF1510010F060FB70BB83
S2140270B0234B1B78012B3FF4E6AE022B13D1214B58
S2140270C01B6813F0807F11D11E4B1B685B0201D533
S2140270D0002E2BDA00231C4A11A92846FFF728FDAA
S2140270E01A4B1C70CFE6033B012B06D9C823164A5F
S2140270F011A92846FFF71CFDC5E6154BB3F8683004
S214027100AB42E1D00F4B1B6813F0805FDBE70DF15B
S214027110510001F087FA4FF6FF739842E6D02146F7
S214027120F8F7E0FE03460028E0D1E0E78D23DEE72D
S2140271306E4D0020D10F04002E4D0020A7580400EB
S214027140B94C0020703700207F2A04003D1600202C
S214027150183B00200A160020099B04930DF15103E8
S214027160CDE90592CDE90283CDE9007A0B9B11AAFF
S2140271703146284600F022F885E600BF024B187812
S21402718040F08000704700BF7B4D002038B50A4BA8
S2140271901C78054624B10DF021FFB0FA80F464098C
S2140271A0F8F754FF08B144F04004E9F723F844EA3C
S2140271B04020284038BD00BFB44C00202DE9F04FD7
S2140271C0B7B08346439C0D93BDF804310E93BDF8C9
S2140271D014310F9320469DF81831B1F802909DF8AD
S2140271E000519DF808611093884692460DF079FA90
S2140271F0B9F1110F074600F289800DF0EFFEB84292
S21402720000F08E80B9F1060F19D14FF6FD739F423A
S2140272103ED0DDB9BC4B1B78033B012B36D9384632
S21402722001F052FAFF2814BF892381230022CDE9F8
S21402723000725146B54A5846FFF77AFC06E02DB969
S214027240B9F1030F08D8B9F1010F0AD8B04B0022E2
S2140272501A7037B0BDE8F08FA9F10403022BF5D8F7
S214027260D8E7A94B1B78033B012B0DD9384601F012
S2140272702BFAFF2814BF89238123A64A009751467A
S2140272805846FFF755FCE1E78023F6E78023CDE773
S214027290A14B1B7859074BD40DF0A0FE00270346DE
S2140272A09A4900973A4601200DF0CDFD2379ADF8B4
S2140272B06C000F930028CCD006EB43090E98F3F728
S2140272C099FC5FFA89F909F105085FFA88F88045A2
S2140272D0BFD241460E98F3F761FE109008EB4008C5
S2140272E00E98F3F787FC8045B3DADDE90F321343D5
S2140272F0DBB2002B40F03182002DAAD1A8464246CE
S214027300BDF86C000421F3F75DFE78E1824BB9F11B
S2140273103A0F1B7813D948F23B03994508D016E07A
S2140273207D4B1B785A070DD5A9F10403022B09D809
S214027330B8F8063043F48043A8F8063089E7B9F176
S2140273401B0F1ED8A9F102039AB2132A5ED9109B0C
S21402735002930F9B0D99CDE9005332465B46484691
S2140273600BF04DFD0F287FF474AF694B01221A70A3
S214027370694B1B789B0740F1D682002D7FF469AFDC
S214027380D6E7A9F11C021E2AE1D801A151F822F083
S214027390B17B02004F7302004F730200D1770200E6
S2140273A04F730200AF780200AF7802004F730200FC
S2140273B04F7302004F7302004F7302004F730200B6
S2140273C04F7302004F7302004F7302004F730200A6
S2140273D04F7302004F7302004F7302004F73020096
S2140273E04F730200DF780200DF7802004D7B020056
S2140273F04F7302004F730200677B02004F73020056
S214027400057C02001B7C0200297C0200132B9ED8FE
S21402741001A252F823F000BF69740200317502001F
S2140274204F7502002D760200997202004F73020019
S2140274304F7302004F7302004F7302004F73020035
S2140274404F7302004F7302004F7302004F73020025
S2140274504F7302004F7302004F73020069770200F7
S2140274604F730200E17B02001BAB0D9800930024D1
S2140274701DAB5A4631461D948DF86C400BF0B3FC9A
S2140274800DF0ACFD204B1B78012B054603D0022BDA
S21402749014BF02240124E8F7ADFE162894BF00208C
S2140274A0012044EA4014F6F7B1FB1C4B0646B3F83B
S2140274B00080FBF7ADFA1A4B07464FF6FF70B3F89B
S2140274C00090FFF763FE174B9DF86C201988124B4D
S2140274D01B7813F002031CBF134B1B780B921D9AEA
S2140274E00095CDE909324023CDE90701CDE90143F4
S2140274F0CDE90579CDE903680C4A00235146584682
S214027500FFF716FBA5E600BFB94C00209158040011
S2140275106E4D00209C5804006F4C0020B8150020C9
S214027520B4150020B21500207C4D0020AD58040092
S2140275300DF054FDA24BA34A1B88CDE9400300235D
S2140275405146584637B0BDE8F04FFFF7F1BAA47877
S214027550631EDBB2EF2B1DA9204610D9F22C0ED0EB
S2140275600AF001F882240DF039FD0023CDE900036C
S214027570954A234651465846FFF7DAFA69E609F075
S214027580F2FF002850D00DF029FD9DF878200492D5
S214027590BDF876200392BDF874209DF87A10CDE9E6
S2140275A001429DF879205200D2B24900C9B208328F
S2140275B00A44034600928549002201200DF043FC4E
S2140275C09DF87930ADF86C008DF8673000283FF4EE
S2140275D040AE002601231A460DF167011BA8F3F7F9
S2140275E039FC054600287FF434AE9DF86730EAB2CF
S2140275F0934209D89DF87A308DF8673016B1BDF8F7
S2140276006C3033E00126E5E73146204609F0ADFF4F
S2140276100123ADF8680002221AA91BA8F3F71AFC88
S21402762001350028E1D014E683249CE70DF0D6FC51
S214027630044609F0BDFF644900902346002201205B
S2140276400DF001FC00283FF404AE0025ADF87400EE
S2140276502C4609F0ADFFEEB2B0420DD8BDF874006C
S21402766022460421F3F7AEFCBDF8743000225146E0
S2140276705846FFF75DFAECE5304609F072FFFF2840
S2140276808DF86C000AD0012301341A461BA91DA8E6
S214027690E4B2F3F7DFFB00287FF4DBAD0135D8E771
S2140276A01846B4F8029009F05CFFFF288DF86800CF
S2140276B000F0D1821DA909F056FFBDF874304B4583
S2140276C007D04FF6FF72914540F0C5821B0400F1C9
S2140276D0C2829DF879301293731DDBB213930F9B0F
S2140276E01493002311934FF00009CDF834900EE066
S2140276F0139B0E9803EB4101C9B20DF028FB002341
S21402770015901299DAB28A4218D309F10109149B2C
S2140277105FFA89F19942EBD39DF87A301293169B61
S21402772013930D9B002B40F08982119B002B40F097
S214027730928201231193109B1493D4E711999DF81A
S2140277406800179309F011FF0D9B159A824208BF35
S21402775001230D93179B0133D3E709F106095FFA5C
S21402776089F3B846169377E2A61C31463846A57AC0
S2140277700AF080FE012231463846FAF70FFC3846F8
S2140277800FF042F9304600F04DFF2288824207D0C1
S2140277904FF6FF72904203D000F096FF0FF075F896
S2140277A085F00804C4F3C00421463046FEF718FEEE
S2140277B02146304637B0BDE8F04F0BF04DBB00BF58
S2140277C0B61500205E59040091580400BA58040009
S2140277D0AD4B1B78033B012B7FF63BAD0DF0FEFB5A
S2140277E058453FF436ADDEF7BFFB0B23B0FBF3F292
S2140277F002FB13000A3080B24FF47A714143A34869
S214027800F3F70EFCF3F7B8FD00283FF422AD012390
S2140278109F4994F80090002218460DF014FBADF82C
S214027820680000283FF415AD00270136F2B23D4647
S2140278303C460DF16C083E46FBB2994514D8002C26
S2140278403FF407AD01232A461DA91AA8F3F702FB47
S21402785000287FF4FEACBDF8680022460221F3F74A
S214027860B1FBBDF8683001E70E9900960823404642
S2140278700D920DF01FFA4146002000F0F5FEFF289B
S2140278800D9A0FD0834B1B5C0F2B0BD905F1D80337
S21402789098E803006B44643B83E803000835013430
S2140278A0EDB2E4B202F108030137DAB2C4E7002D02
S2140278B07FF4CFAC18073FF53BAD4B462246514608
S2140278C05846FEF79FFD00287FF4C3AC8423724A15
S2140278D05146584637B0BDE8F04FFFF729B923782E
S2140278E00F9810930EF07CFC00210646584603F0D3
S2140278F0C5FF654B1B78B9F1310F0746A3F10303A9
S2140279000BD1012B13D9654B654A1B7812781344A9
S214027910DBB20D9316230E930DE0012B03D9614BB8
S2140279201B780D9353BB002D7FF493ACCEE7012357
S2140279301621CDE90D310024109B00935A4901947B
S2140279402346224601200DF07EFA00283FF481AC41
S214027950F61BF3B2554FDFF860811193ADF86C0059
S2140279600F9426460D9BE5B2AB4209D83246BDF8C7
S2140279706C000221F3F726FB0F9AC1E40523CAE73F
S214027980162200211DA80FF01CFFB9F1320F3DD1BF
S2140279903B7903F00302032A21D18DF87620109B4F
S2140279A00136F6B2B34215D2BDF86C00F3F722F9EF
S2140279B00E9B1844119B98420CDC0E9A01231DA9BB
S2140279C01BA8F3F747FA00287FF443AC0F9B01335A
S2140279D0DBB20F930134083708F11208C2E7B9790F
S2140279E00029DCD13249C3F3C2031DA8CB5C398817
S2140279F0012A08BF43F001038DF876300CF073FEBF
S214027A0079880DF177000CF06EFEC8E71DA80DF020
S214027A10CBFD4FF0FF33CDE91F33204B1B78AB4233
S214027A2062D998F804306F2BD4D81FA92846F5F7E8
S214027A307FF80028CED01F4BB8F80020B3F8683085
S214027A4092B9003B18BF01235B0143F004038DF893
S214027A50863002238DF88730B8F802301B0A8DF87C
S214027A608930114621A8CEE79B1A18BF01235B0175
S214027A7043F005038DF8863002238DF887300F23F6
S214027A808DF88830E8E700BFB94C00209C3600200D
S214027A9088580400734C00207F2A0400B24C002051
S214027AA0B14C00200816002086580400244300200B
S214027AB0C6580400183B0020AA4100200132D2B268
S214027AC0551EEDB228461393129200F08DFE10F06A
S214027AD0010FDDE91223F1D066490978611A99424D
S214027AE005D00133DBB2E9E701220023E8E7624B67
S214027AF0187828441FA9C0B2F5F71AF800283FF4F0
S214027B0069AF284600F05EFD1290284600F06CFE33
S214027B1010F0010F129A0FD116238DF88630574BAC
S214027B201B780133DBB20F2B28BF0F238DF888306A
S214027B30534B33F8153091E72846129200F054FE64
S214027B4010F0020F129AE7D11223E6E71A073FF562
S214027B50EFAB0F9823465A465146FEF7ABFC002879
S214027B607FF477ABDFE695B1464B1B78033B012BE0
S214027B707FF66FAB0DF032FA18B9BBF1000F7FF447
S214027B8068AB207837B0BDE8F04FF5F7C5BE0DF00C
S214027B9025FA20B13B4B1B78033B012B01D88023EF
S214027BA095E6394A2B4651465846FEF7C1FFE8E7A6
S214027BB00DF014FAB8427FF44CAB344D0822294635
S214027BC0A01C0FF0D4FD00287FF443AB0DF006FA9C
S214027BD004460DF003FA2E4ACDE940052346AFE4EB
S214027BE020460CF07EFDFFF7D1FA00283FF431ABB9
S214027BF0284A409000235146584637B0BDE8F04F19
S214027C00FEF796BFCDE940540D9B524659460020DA
S214027C1037B0BDE8F04FFEF70FBECDE940540D9BDE
S214027C20524659460120F3E70D9A40942B46514698
S214027C30584637B0BDE8F04F0BF011B901231A468B
S214027C401AA91BA8F3F706F900287FF402AB08F17D
S214027C5001085FFA88F80137FBB20D9309F0A8FC19
S214027C600D9B98423FF61CADB8F1000F3FF444ABB3
S214027C70FFF745BBB24C002003160020634D0020E0
S214027C80AC430020B94C00207F2A04002E4D002071
S214027C90C25804009C58040073B506460C461546A6
S214027CA00FF002FA0DF10602014630460FF092F886
S214027CB00C4E034680B9012232702288BDF80610A7
S214027CC022B10246072008F02EFC28B1BDF8062095
S214027CD02146284608F0D4FB034A0023136033707B
S214027CE002B070BD7E4D0020183C0020024B1B786F
S214027CF003700020704700BF5F4D0020024B93F9CF
S214027D0000300370002070475E4D0020044B1B7845
S214027D1013B1044B188870474FF6FF70704700BFC8
S214027D207E4D00204C44002008B5064B1B783BB124
S214027D30054B196821B108220FF029FD002008BD65
S214027D407020FCE77E4D0020183C002073B5ADF88D
S214027D5006000DF106000CF072FE014608B102B0F4
S214027D6070BD0DF106000CF0E1FE0446F2F726FFA8
S214027D70C67A002EEDD120460EF003FDFF28E8D08D
S214027D8000F01AFD054BD3F88850002DE1D033469B
S214027D90224641213046A847DBE700BF183B0020B9
S214027DA073B5002200210C2000F068FD1948194E18
S214027DB000210CF049FE0125044684B120460EF04F
S214027DC0E0FCFF2805D1214630460CF093FE04461F
S214027DD0F3E700950422002300F024FDF3E7214692
S214027DE00D480D4E0CF030FE012504460CB902B0CB
S214027DF070BD20460EF0C5FCFF2804D00095082270
S214027E00002300F00FFD214630460CF073FE0446B8
S214027E10ECE700BF50440020524400202DE9F84F02
S214027E2010460E46174699460CF0B2FC254A264BDB
S214027E30DFF898B0B0F5006F14BF90469846002160
S214027E4040460CF001FE4FF0000A04460CB9BDE8AD
S214027E50F88FBC4228D12046F2F7B0FE857A80F829
S214027E600BA0013DEDB2857216B13F2E00D02DBBA0
S214027E7006F062FF054620460CF08AFCB0F5006F5D
S214027E804FF00002214615D10F480CF06EFEFFF7A8
S214027E9087FF284606F056FFDBF8885025B14B468A
S214027EA03A4631460020A847214640460CF022FEBC
S214027EB00446CBE703480CF058FEEAE7FFF770FFEC
S214027EC0F2E700BF5244002050440020183B002036
S214027ED02DE9F34700232A4CDFF8A890ADF80630C8
S214027EE006460F464FF6FF7820460CF0A8FD0546DC
S214027EF048B9294620460CF0A7FD8246F2F75EFEF8
S214027F000389B34217D94C4501D1FFF749FF002137
S214027F1020460CF099FD07F1FF3A05465FFA8AFA09
S214027F20D5B94C4516D1BDF80600FFF70FFF4046FF
S214027F3002B0BDE8F0877B1EDBB2FD2BD4D9294602
S214027F4020460CF0F3FD2A4651460DF106000CF0D1
S214027F5081FDC9E74C46C7E7BAF1FD0F09D92846A5
S214027F60F2F72CFE03899B1B9BB29845038128BF20
S214027F709846294620460CF0BDFD0546D0E700BFD0
S214027F80524400205044002008B507F0FBFF0B4A7D
S214027F9013881080C31AFF2198B2FFF799FF4FF695
S214027FA0FF7301469942064803D1BDE80840F3F73D
S214027FB0D3B8BDE80840F3F733B800BF54440020F6
S214027FC07C140020174B2DE9F0410028164D18BFEF
S214027FD01D460F4628464FF000010CBF4FF008081A
S214027FE04FF002080CF030FD044610B92046BDE8FA
S214027FF0F0812046F2F7E2FDC37A064623B1214617
S21402800028460CF077FDEFE720460CF0F0FB4246E0
S214028010014638460FF0ABFB0028F0D1B378002BB0
S214028020EDD1E3E75044002052440020014B186093
S214028030704700BF1C3C002010B504460548F3F705
S2140280408BF8054A00231380044A1380044B1C80D5
S21402805010BD00BF7C140020524400205044002073
S2140280604E44002008B50448F2F7CEFBBDE80840AF
S2140280700248F2F7C9BB00BF524400205044002019
S2140280802DE9F3410446884607F07CFF324B07464B
S21402809020461E880EF075FB054620460CF078FB3F
S2140280A0B0F5006F32D1FF2D06D0012300930422D3
S2140280B00023284600F0B6FBB8F1000F1DD106F0EB
S2140280C03BFE0546254821460CF0E2FC284606F013
S2140280D039FE23480CF0EAFE224BA8B31988711A1F
S2140280E017FA81F086B22046F2F768FD032306816E
S2140280F08372002002B0BDE8F08106F01DFE054640
S2140281001648002221460CF0A5FCDFE716480CF0C4
S214028110FBFC04281ED8FF2D06D00123009308225C
S2140281200023284600F07EFBB8F1000F05D106F0CA
S21402813003FE214605460C48C6E706F0FDFD002272
S214028140054621460848DEE705481F803146F2F715
S21402815067FFC8E71C20CDE74E44002050440020AD
S2140281607C14002054440020524400202DE9FF478E
S21402817008460C460CF0F1FA00F4805820460CF043
S21402818072FB054620460CF045FBB0F5404F1BD16E
S214028190B8F1000F14D029460020FFF713FF05465A
S2140281A070B1F2F70BFD414A817800920023044633
S2140281B001932A461846F1F7A7FE08B90123E3728F
S2140281C0012004B0BDE8F08728460CF08AFA814602
S2140281D000F07AFAFF28074637D035490125A0F184
S2140281E02006C0F1200325FA03F305FA06F61E431D
S2140281F0D1E9002385402A433343C1E9002300F036
S2140282009BFA044638B1384600F0EEFA10F00C0F2E
S21402821014BF01240024B8F1000FD1D04FF0000A99
S21402822003A90120ADF80C90FFF7CCFE8146F2F7C9
S214028230C5FC8046B9F1000F1ED1BAF1000F14D169
S214028240FF2FBDD0002CBBD128E01A4B1B684BB1C8
S21402825048469847044628B1B8F1000FB0D000252A
S2140282602E46DBE7B8F1000F01D10020A9E7002572
S21402827001242E46A246D3E774B10C4A81780092B6
S214028280002301934A461846F1F73EFE002897D18E
S214028290012388F80B3093E7FF2F91D0064BD3E9E2
S2140282A0001229433243C3E9001289E71D7E020009
S2140282B0501900201C3C00204819002038B50446FE
S2140282C00CF066FA054620460CF091FAA5F5006316
S2140282D00446014658425841FFF774FEB0B9B5F558
S2140282E0006F01D0002038BD20460CF0FAF900F0ED
S2140282F0EBF9FF28F6D0064B00B21B6833F81000E5
S21402830000F4E260003818BF0120ECE70120EAE73B
S214028310203C00202DE9F7434FF000090746ADF850
S214028320049000F061FA10F00C0F29D0164D4FF0B1
S21402833002082B88ADF80630A5F800900DF106006D
S2140283400CF07DFB044630B1B8F1010F14D00F4D8E
S2140283504FF00108EDE721460DF106000CF0E6FBB2
S21402836006460EF00EFAB842224631460CBF01A867
S21402837028460CF06FFBE1E7BDF80400FFF7E6FCC9
S21402838003B0BDE8F08300BF5244002050440020F2
S2140283902DE9F04FDFF82081D8E90032134385B08B
S2140283A07CD105B0BDE8F08F02EA040103EA0700BB
S2140283B0014327D022EA040223EA0703C8E900237E
S2140283C0DAE9002302EA040503EA070C55EA0C057B
S2140283D06FEA04006FEA070124D1304600F004FA7F
S2140283E0C2070FD5304600F0E7F9DBF89C30002BC9
S2140283F045D11D46304600F0E5F8DBF884300BB177
S2140284002946984724197F4109F10109284B1B7810
S2140284105FFA89F6B342C4D9D8E9002352EA0301C7
S214028420C2D1BEE702400B403046CAE9002300F044
S214028430DBF9C307E6D51F4B1B6833F8163003F487
S2140284408873102B304610D000F0B6F9DBF89C305B
S21402845013BB1D460123009310220023304600F072
S214028460E1F90020F1F7C2FCC4E700F0A5F9DBF859
S2140284709C300125002BBDD00395012202E0002589
S21402848003952A460392002130469847039A002A0B
S214028490B0D0002DAED1DDE70025EDE74FF00009A4
S2140284A0DFF818A0DFF818B001244F46AEE700BF89
S2140284B03F160020203C00205019002048190020BA
S2140284C0183B0020F8B50346084613B309B3402A02
S2140284D01FD811490B601149086011490A70002122
S2140284E00433002600270C464FF0FF358A4205DC8F
S2140284F0520000210FF065F90020F8BDC3E90367BA
S21402850003F8044C23F8024C1D605D6001311833F9
S214028510ECE72120F1E700BF243C0020203C0020AD
S2140285203F160020F0B5144C2568DDE90567EDB16D
S214028530F0B91248007888421AD901EB41014FEA95
S214028540C10C05EBC10415F8311011B92169C90730
S21402855010D4002005F80C0062801A68626046F0AB
S21402856001065A68A260C4E90467F0BD0220FCE76F
S2140285702120FAE72E20F8E7243C00203F160020B0
S2140285800E4B1A6830B5A2B10D4B1B78834212D936
S21402859000EB4000C10002EBC003002400200025CF
S2140285A0C3E9044550544FF0FF3258805A609A602F
S2140285B030BD0220FCE72120FAE700BF243C002061
S2140285C03F160020094B1B6863B1094A12788242A3
S2140285D008D900EB400003EBC0031A69D20701D5A5
S2140285E0588870474FF6FF70704700BF243C002043
S2140285F03F160020094A0346106870B1084A1278EE
S2140286009A4209D903EB430300EBC303186910F03F
S214028610010002D0181D704700207047243C00203D
S2140286203F160020F8B50E4B1C68054634B128B13B
S2140286300C4B1F780026F3B29F4202D84FF6FF700B
S21402864009E008222946201D0FF091F820B9236977
S214028650DB0701D56088F8BD01361834EBE700BFAA
S214028660243C00203F160020F8B5154B1D68044632
S2140286700E46E5B1134B1F78874218D900EB40032C
S21402868005EBC30526B92B69DA0712D42046F8BDD6
S21402869008223146281D0FF06AF850B92B69DB070D
S2140286A0F4D40134E4B2A74205F11805F0D1FF2450
S2140286B0ECE70134E4B2A74205F11805E2D1F6E789
S2140286C0243C00203F1600200A4B1B6830B50146AA
S2140286D02BB1094A14780022D0B2844201D8FF2076
S2140286E030BD5D888D4202D11D69ED07F8D4013296
S2140286F01833F1E7243C00203F1600200C4B1B6881
S2140287009BB14FF6F77291420DD80A4A127882420E
S21402871009D900EB400003EBC0031A69D20704D55F
S214028720598000207047212070470220704700BF02
S214028730243C00203F1600200F4A03461068D0B1A2
S2140287400E4A12789A4215D919B203EB430300EB8C
S214028750C300036913F001000DD0094A126832F80B
S214028760112002F4E2622AB913F00C0F14BF0120A2
S2140287700020704701207047243C00203F1600204E
S214028780203C00200A4A0346106878B1094A12784B
S2140287909A420AD903EB430300EBC300036913F0C2
S2140287A0010003D0C3F3001070470020704700BFDB
S2140287B0243C00203F160020094B1B686BB1094A77
S2140287C01278824209D900EB4000C20003EBC000D7
S2140287D00169C90701D5985C7047FF20704700BF42
S2140287E0243C00203F1600200C4A0346106890B135
S2140287F00B4A12789A420DD903EB430300EBC300EF
S214028800D0E9043213F001004FF0000104D01846FC
S2140288101146704700200146704700BF243C0020E6
S2140288203F16002070B51C46124B9DF81060196862
S214028830D1B1114B1B78834218D900EB4000551E6C
S21402884001EBC0012543D1E9040301D0C5070FD5CA
S2140288502EB110432343C1E90403002070BD20EA71
S214028860020023EA0403F6E70220F7E72120F5E7F1
S2140288702D20F3E7243C00203F160020134B1B68F4
S214028880F0B503B3124C277800266FEA000C6FEAA5
S214028890010EF4B2A74201D80020F0BDD3E9044588
S2140288A014F0010F07D014F0020F04D132B10443C2
S2140288B00D43C3E9044501361833EAE70CEA04041B
S2140288C00EEA0505F5E70220E7E700BF243C002094
S2140288D03F1600200B4B1B6870B52BB10A4A167860
S2140288E00024E2B2964201D8002070BDD3E90425E6
S2140288F002400D402A4304F1010403F11803F0D0AC
S2140289000120F2E7243C00203F1600202DE9F04724
S2140289100026174DDFF85C80B246FF2798F8003035
S2140289205FFA86F94B4502D83846BDE8F0872B79C0
S2140289302F2B0FD928460CF02CFD2B796C7903F0DF
S214028940070304F0030483422CBFE4182418E4B29D
S214028950A24506D95446B94612350136A2464F46B6
S214028960DCE7288801F09EF80028F3D1F4E700BF80
S214028970AA410020B24C00202DE9F04F89B0824671
S2140289800BF05BFF029050460EF097FA411C05462C
S214028990C9B25046F2F702FB00F01F00023500EBA8
S2140289A040000026EAB27F4F50FA85F5EDB2344613
S2140289B0B346B146B046AA4276D97B4E3378002BF0
S2140289C06FD0A400B4FBF3F4E4B2042C029808BF00
S2140289D00324F3F7E3FD054600283FD1FFF796FF91
S2140289E0FF285ED0714B049005B218786D4F0CF0DC
S2140289F0B7FC05EBC50580452CBF04EB0801211822
S214028A00B8F1000F14BF0123022307EB450553FA02
S214028A1081F3284603930CF0BCFC95F804C06B79EE
S214028A20039A0CF0070103F0030388422CBF1B18BD
S214028A305B18DBB29A4234DA049AB8F1000F04D11A
S214028A4019B13378033B5B452BDC029910460CF0D8
S214028A5048FC05B205EBC50507EB45052B791E0953
S214028A60B8F1000F7ED0414628460CF0BCFC03212C
S214028A7028460CF0BEFCB9F1000F09D1002E40F0DA
S214028A808480DDF771FAC0F30B014948F2F7C8FAA1
S214028A906B7923F003031C446C7150460BF062FEA4
S214028AA0A87309B0BDE8F08F4ED0424B03921B88E4
S214028AB0ADF81C304FF000038DF81E3000230093F3
S214028AC05146032307A80CF0F5F89DF81E30BDF8B2
S214028AD01C10039A03921B0918BF09F10109CDE97C
S214028AE0041318BF5FFA89F90CF078FA0499039A0E
S214028AF0059B884203D19DF81E8008F00F082E4879
S214028B0090F800C014E017F80E0C10F0070003D01F
S214028B100BF1010B5FFA8BFBAA4207D037F812EC77
S214028B208E4503D113B108B10134E4B20136F6B270
S214028B30AA4207F112070BD1B4450FD917F80E0C4B
S214028B4010F00700E4D1F1E700234FF6FF71D6E7F5
S214028B5037F8120C884201D8B445D4D80332123FF3
S214028B60D2B228E7022E14D95B0707D04146284620
S214028B700CF03FFCB9F1000F83D089E703212846A9
S214028B800CF037FCB9F1000F82D1062E3FF679AF12
S214028B907EE7314628460CF02CFC59EA06063FF4DE
S214028BA070AF75E7AA410020031600205F4D002033
S214028BB0DC360020CE580400B24C00202DE9F043EB
S214028BC085B0082300248DF80830CDE90044064617
S214028BD0022302AA01214FF6FC700EF04AF9ADF804
S214028BE00A00E0B1DFF8A080DFF8A090274699F8E7
S214028BF00020E3B29A4225D8BDF80A4020460EF07D
S214028C005CF9411C47F06002C9B22046F2F7DAF975
S214028C100023BDF80A001A461946F4F755FADDF79E
S214028C20A3F9184AC0F30B01137801F55A51013122
S214028C3013B1013B89081370304605B0BDE8F04316
S214028C40F2F7EEB918F80E5C6F2D17D840462D01D4
S214028C5030F8123DADF80C300CF09BFB05F07005B9
S214028C6028448DF80E000123032203A90DF10A0001
S214028C70F2F7F0F80028D2D10137FFB2013408F13A
S214028C801208B4E7AE4C0020BC410020B24C0020D3
S214028C9010B5054C2046F2F75FFA20460021BDE8E3
S214028CA01040F2F7BDB900BFDC3600202DE9F043D4
S214028CB0284D294FDFF8B080DFF8B09087B0F6F77E
S214028CC0E9FB2A7824492548FFF7FCFB2A78244842
S214028CD009210EF076FD00262B78F4B2A34202D8C4
S214028CE007B0BDE8F0830B232246182103A807F03D
S214028CF07DF9BDF814209DF81630511E89B24FF644
S214028D00F670814216D8C3F3C003DB184FF000009A
S214028D1040EB0001CDE9003103AB2146FFF702FC30
S214028D200028DDD14FF4805327F8143048F8240089
S214028D3029F81400012322461B210DF10A0007F030
S214028D4055F9074BBDF80A201A55064B80221A55CC
S214028D500136C1E70A160020BA430020B8160020E2
S214028D60734C00209F4C002000360020AC430020AD
S214028D7010B50A4B1C78FFF7A7FCFF280DD0084A4F
S214028D80012C32F8101038BF0124230219B101EB6E
S214028D901313A3EB111322F8103010BD5F4D002001
S214028DA0AC4300202DE9F0470025DFF84C90DFF8B1
S214028DB04C8006460F46AA4699F80030ECB2A3420B
S214028DC002D85046BDE8F0872046FFF70DFDC207E1
S214028DD00CD52046FFF708FD830707D438F8143071
S214028DE037B1334328F814304FF0010A0135E3E770
S214028DF023EA0603F6E700BF0A160020BA4300205D
S214028E0010B5094B094A1C780023D9B28C4201D806
S214028E10002010BD32F8021B30EA010103F1010303
S214028E20F3D10120F5E700BF0A160020BA4300205E
S214028E30F0B50C4687B04FF6F7718A429DF830605F
S214028E4086461D4602D9002007B0F0BD596818684C
S214028E500DF10C0CACE803002A49ADF81420097891
S214028E60A142F0D98DF81660B610002106F002066F
S214028E700191009621467046FFF754FB0028E2D186
S214028E80214B224A43F824009DF83830204E1B021C
S214028E9022F814304FF4A04326F8143003AA0B230A
S214028EA02146182007F0ABF89DF83430194A13F023
S214028EB0040F1BBF01231355174B36F8143007BF98
S214028EC01B78135543F0080326F814302244012376
S214028ED021461B2007F093F8104B114A1B782344B7
S214028EE0002142F823102846E7F7CEFA0D4B185514
S214028EF0284609F0DEFA0C4A137801331370012073
S214028F00A2E700BF0A16002000360020AC4300206D
S214028F10BA430020734C0020F315002003160020ED
S214028F202C3500209F4C0020B14C0020054B1B78AE
S214028F30834206D9044B054A1B780344002142F8B3
S214028F40231070470A160020031600202C35002036
S214028F50074B084A18780023D9B2884200D87047CF
S214028F60118821F4805122F8021B0133F4E700BF76
S214028F700A160020BA43002030B585B004460D46D6
S214028F80E7F732F9A04202D8932005B030BD20465A
S214028F90FFF72AFCC007F7D50B232246182101A8A3
S214028FA007F024F801AB03CB9DF80E206960910709
S214028FB0286030D412F0080F0CBF042303232B7250
S214028FC02046FFF7FFFA154B68811B5D6B73204640
S214028FD0FFF7F2FB124A2873135D03F00F03AB731D
S214028FE0135D13F00F031FBF03F1FF3202239340FA
S214028FF03C2218BF53430B4A08BF0A2352F82420C8
S2140290004FF47A71B2FBF1F29A4234BF9B1A0023F4
S2140290102B610020B9E70223D1E700BF9F4C002056
S214029020734C002000360020F8B51F4E337883427A
S214029030044637D0FFF7C6FA4FF6FF77B84231D06C
S21402904020463470FFF766F92046FFF7BBFA05465E
S2140290500BF0C4FF012301461A4628460EF040F9DB
S2140290602046FFF78DFA0546E0B9104A1378013B11
S2140290701370F4F7D3FB294620460DF0E6FB0C4BA3
S21402908023F814500B4B80221A550B4B204623F81C
S21402909014500DF03CFE2A463946112009F09DF97F
S2140290A0FF233370F8BD00BF40160020B14C0020ED
S2140290B0BA4300209F4C0020AC4300202DE9F04F1D
S2140290C08BB01F469DF850B09DF8543005938246EB
S2140290D00E4615464FF000084E4B1B785FFA88F492
S2140290E0A34207D84FF6F7739D421AD817F0020824
S2140290F03ED018E02046FFF765FA0B23814622464B
S214029100182107A806F072FF4FF6FF737EB999453D
S21402911016D19DF826304FF6F772954203F0EF030C
S21402912011D94FF6FF7528460BB0BDE8F08F99456A
S21402913006D0082207A930460EF019FB0028E8D010
S21402914008F10108C8E79F4207F002092DD0F3F79D
S2140291503BFC00285BD1304B304A1B7853FA88F32D
S21402916012F8238020460DF090FBB9F1000FDAD1F9
S214029170E7F73AF82A4B1B788342D2D000210846FA
S214029180FFF772FAFF280446CBD0059B0097CDE97D
S21402919001B3014633462A465046FFF749FE0028E9
S2140291A0BFD0F4F73BFBC14612E02046FFF70AFAAF
S2140291B0A842CCD1B9F1000FB5D13046E7F764F931
S2140291C05FFA88F8174B03F80800304609F071F981
S2140291D0594620460DF012FB2046FFF7F3F90546E6
S2140291E00BF0FCFE00230146012228460EF078F81A
S2140291F0F3F7EAFB28B9084B084A1B78234442F8DF
S214029200239020460BB0BDE8F04FFFF7DBB94FF0D6
S2140292100008A7E70A160020031600202C350020B7
S214029220B14C00209F4C0020F8B5114F00263C7828
S214029230F5B2AC420FD800250E4B0F481D706400E5
S214029240224629460EF0BDFA224629460B48BDE8BC
S214029250F8400EF0B6BA2846FFF75CF8002128461A
S2140292600DF0F3FA2846FFF78BF90136DFE700BF69
S2140292700A160020B14C0020BA430020AC4300205E
S214029280024B03481A7880210EF09BBA0A16002079
S2140292909F4C002038B5FFF717FAFF28044614D073
S2140292A00A4D35F810301B070FD5094B094A1B78B3
S2140292B013540146012302441B2006F0A0FE35F893
S2140292C0143023F0080325F8143038BDBA430020C2
S2140292D0F3150020734C00202DE9F04F784B1B78D5
S2140292E0022B8BB005468A46174604D00026304627
S2140292F00BB0BDE8F08F0DF06EFA06460028F5D1E9
S2140293004FF6F9739D4263D04FF6F8739D4277D0BD
S2140293102B0A0DF11E0128468DF81C308DF81B50C5
S214029320F2F730FA0028834615BFB0464FF0200801
S21402933006230E2318BFB346022229463846039355
S21402934000F0ECFC039B04460122002840F0B580A6
S214029350DFF878918DF8182099F800208DF81A20F9
S214029360CDE900008DF81D00514606AA4FF6FC70A6
S2140293708DF819800DF07DFD82460028B6D00BF0E0
S2140293802DFEB8420FD050460BF0F4FA39460430A0
S2140293900BF0A9F904A938460DF0E2F970B104A958
S2140293A050460DF0F5FD474B1B78033B012B2BD89F
S2140293B04FF6FF7150460CF04DFA064699F800300B
S2140293C0FF2B1ABF0133DBB2012389F800308EE788
S2140293D04FF008084FF0200B3A4B1B78033B012B4B
S2140293E084D90BF0FBFDB84280D10BF0F7FDFC23CD
S2140293F08DF81B30FF238DF81C30054606239BE7AD
S2140294004FF01008C346E7E70DF007FB804600283A
S214029410D4D00BF0E3FDA84202D12B4B1B7843B10C
S21402942008F107025946284600F0A4FC0446002824
S214029430C4D0002350461A460321F3F745FE82465F
S21402944020B399F8003088F804300023A8F800709A
S21402945088F8053088F808300BF0C0FDA84202D123
S214029460194B1B7853B10BF0B9FDB84206D12CB19B
S214029470237923F0030343F00103237100224FF6FE
S214029480FF710C2008F0A9FF564697E7002C95D0EE
S214029490237903F00303012B90D10BF09FFDA84222
S2140294A003D1094B1B78002B88D0237943F00303A2
S2140294B023714FF6FF73238080E7164617E700BF37
S2140294C0B84C0020B94C0020411600207F4D0020E9
S2140294D013B50D4B1B78033B012B0C4610D90B4BD7
S2140294E01B78012B0ED09A1E5342534159010DF19F
S2140294F0070200F03FFC18B1448000210DF074FA18
S21402950002B010BD1021F2E7B94C0020FA15002077
S2140295102DE9F0438BB0857AB0F8069004460E46E5
S21402952017460BF05BFD814505F04005804642D1AB
S214029530608800210BF042FF0246002E45D1082328
S21402954004A9C14501EB03060CBF244902A9086819
S214029550496803C6AAB302218DF81010217A8DF845
S2140295601210A1888DF813108DF81720090A01220F
S21402957000268DF81410E1888DF81510CDE9002626
S214029580090A45F020058DF8161060888DF81150EE
S214029590083304AA31460DF06CFC054688B1618892
S2140295A00BF01FF979003346324601F0FE012846D9
S2140295B0F3F78AFD06E0E08802A90DF0D1F800284C
S2140295C0B6D100200BB0BDE8F0833068716806ABF8
S2140295D003C345F010051023B2E700BF2E4D00204E
S2140295E02DE9F74388461E46074691460BF0C2F918
S2140295F00021044630460BF0E1FE08F1070105465D
S214029600C9B23846F1F7B8FC7DB1B9F1000F02D104
S21402961003781D44EDB2057063781A0716D56946BD
S2140296203046F2F7AFF8024618B1002003B0BDE8A4
S214029630F083082168460BF07FFC0028F5D120460F
S2140296400DF07AFC082269460EF0A1F80BF0C6FC73
S2140296500146201D0BF047F86378DB0603D50C495C
S21402966038460DF095FC3146A01C0BF03CF831460E
S21402967038460BF0B6F8074A13780133DBB213709C
S214029680E371A3790BB10120D0E70123A371FAE7B6
S2140296902E4D0020B64C00202DE9F04F8FB0FF2350
S2140296A0814605918DF8223016461AB301230BAA7D
S2140296B00DF00DF99DF83650EF06044625D5059BAC
S2140296C0BDF83080002703F10802D2B2494600975F
S2140296D0082309A8CDE909770BF0ECFA3A4609A95E
S2140296E04046F8F75BFC002840F08C80A90627D598
S2140296F010210DE013460BAA0DF0E9F89DF836503E
S2140297000446A80663D5062102E0AA0618D5082153
S214029710059ABDF8327000231144CAB2CDE9093366
S21402972000934946082309A80BF0C4FA86F0010202
S21402973009A93846F8F732FC002863D1002E46D035
S214029740BDF830700BF04AFC874249D038460DF01F
S21402975042F88046002E45D1BDF82EB0002158466C
S2140297600BF02CFEBDF82C300390184606930DF035
S21402977032F806460BF032FC069B834242D0B74BC9
S2140297801B78033B012B3DD915F04003049339D1D6
S214029790039B0BB9002E35D09DF83570039B05F060
S2140297A018051F44FFB2082D8DF835706CD12023A2
S2140297B00493002C40F044810DF02FF9054608B3BF
S2140297C0002E40F0B38033460126B24674E0BDF860
S2140297D032700BF003FC8742B8D14FF00108BBE7AA
S2140297E04FF00108002C43D09D4BE279678803EBCB
S2140297F0C20633F83220BDF832309A4205D04FF610
S214029800FF7323800FB0BDE8F08FBDF82EA0B8F12D
S214029810000F08D0002130460DF0E6F8A6F802A0A8
S2140298200CF09EFDEEE7BDF830000DF0E5F841467F
S214029830054630460DF0D8F8A6F802A0894E2DB19E
S214029840414628460DF0D0F863886B800CF088FD00
S2140298503378002BD6D005993B4600224846FFF7C0
S214029860BFFE0028CED0394648460BF0F3FFC9E7C4
S2140298700CF076FD7B4B1B78002BC3D0B8F1000FA3
S214029880C0D14FF6FF77E6E7102D01D1049590E799
S214029890B8F1000F8DD1002C3BD0C246BDF8320085
S2140298A00DF12202002100F065FA03460028A9D035
S2140298B0002E40F0CD8025460499BDF8300007936F
S2140298C00DF1230200F056FA044600289AD0654AA3
S2140298D0079B1278002A7BD0BAF1000F27D10246E6
S2140298E02C466179B94240F28180A4F802B06771D1
S2140298F025461446002B00F0A0809DF82230EA7917
S2140299009A4200F09A80002E40F09080EB7100257B
S21402991041E00DF082F8044600283FF473AF4FF0A2
S214029920010ABBE7002201261346DAE70126B8F150
S214029930000F20D1DCF718FB05997E230531B0FB1A
S214029940F3F202FB1300C9B23A465FFA80FA4846BF
S214029950F1F738FB4FF6FF7148460AF042FF039BC9
S214029960032B2DD9AAF17E0A5FFA8AF2002302217E
S2140299704846F3F7A9FB069B2B809DF834302B71E3
S2140299800023A5F802B06F712B72002E42D19DF80B
S2140299902230EB710125B8F1000F3FF433AF09A96D
S2140299A048460DF0D6FA00283FF42CAF2A4609A9FD
S2140299B00BA8FFF7ADFD25E7002625463446B9E796
S2140299C0039B012B94BF0AF1020A0AF1420ACBE773
S2140299D0BAF1000FCFD16979B94209D9A5F802B018
S2140299E06F71002B89D1002E91D024E025461446B3
S2140299F0049A002A3FF406AF8F427FF403AF039324
S214029A00DCF7B2FA83077FF4FDAE039BA5F802B03B
S214029A106F716FE7FF23EB71002CBBD00125237912
S214029A20A4F802B023F003032371B4E7FF23EB711B
S214029A30002C3FF46CAF0025F1E7002CD3D166E78B
S214029A40002E7FF46FAFB24625460126534633E713
S214029A50BAF1000FB0D15646524642E7B94C002042
S214029A60244300200916002070B50C4B02460C4811
S214029A701C784FF6FF7500239C4201D1002005E0BA
S214029A800688964206D1AA4201D10B7070BD86792D
S214029A90002EFAD001330830DBB2EDE708160020BC
S214029AA02443002010B50B4B1C780B4B0022D1B27E
S214029AB08C4201D8002010BD5988814204D1197900
S214029AC0890701D1997911B108330132EFE70120F4
S214029AD0F1E700BF081600202443002010B5084B0B
S214029AE0084A1C7801460023D8B2844201D8FF20D7
S214029AF010BD914203F10103FAD00832F4E700BF29
S214029B00081600202443002038B50446FFF7E6FF77
S214029B10FF28054603D10C483F21DCF7CBF84FF669
S214029B20FF732380A371204603210CF05DFF074BD1
S214029B3007481A780732D21002FB05000021BDE85A
S214029B4038400DF03EBE00BFD65804000A1600206C
S214029B508E4C0020F8B5134D134F044600263A7873
S214029B60F3B29A4209D8114B1D78114B00224FF6D8
S214029B70FF71D0B285420BD8F8BDFF2C02D0AB796C
S214029B80A34202D12846FFF7BFFF08350136E6E7B3
S214029B90FF2C02D0187AA04201D1198019720A331A
S214029BA00132E6E7244300200816002007160020AC
S214029BB0FC420020FF28F8B504462CD0164B1B7832
S214029BC0834203D815488021DCF774F8144A02EB66
S214029BD0C40032F8341003794FF6FF75A94203F039
S214029BE0030318D0012B16D10E4B1F780E4B002202
S214029BF0D6B2B74203D8BDE8F840FFF785BF1E8845
S214029C00AE4205D093F807C0A44504D0B14202D0B4
S214029C100A330132ECE7F8BD08160020D6580400D5
S214029C202443002007160020FC4200202DE9F743BB
S214029C3006F0B1F9324B1B78033B012B21D9314B8D
S214029C401D88451BADB2E5B12F4A188013782B4408
S214029C50C3F3C81403F07F0313702C4B2C4A1E78F0
S214029C6000204FF6FF77C3B29E420DD8294CDFF88C
S214029C70A89000264FF6FF7799F80020F3B29A4292
S214029C8016D803B0BDE8F0831388BB420DD0137913
S214029C9099070AD104EB9311022928BF022189B23F
S214029CA003F03F0343EA8113137108320130DAE707
S214029CB034F80A8CB84506D014F8043CAB4205D9F1
S214029CC05B1B04F8043C01360A34D5E70BF086F930
S214029CD0804534F80A3C04F8027C24F80A7C09D051
S214029CE00DF107011846FFF7BFFE18B19DF80700F1
S214029CF0FFF760FF14F8030CFFF75CFFE3E700BF13
S214029D00B94C002056440020804D00200816002042
S214029D10244300200643002007160020F0B5034621
S214029D201148DFF84CC00678104800244FF6FF773B
S214029D30E5B2AE4201D800200FE005889D4210D160
S214029D403AB1012A16BFC57905793CF83550A942C1
S214029D5007D1BB4202D114238371F0BD057A002DD0
S214029D60FBD00A300134E3E707160020FC4200204D
S214029D7024430020F8B50D46114607461646FFF75F
S214029D8073FE002837D1214B214C197802464FF634
S214029D90FF7CD3B2994206D81D4C00238B4222D1B7
S214029DA0F8BD0834F5E7B4F800E0E64502F1010232
S214029DB0F7D133700123278023710021A17165B189
S214029DC0144B1A7845F00805D31D2571DA10307841
S214029DD0114B02FB00300DF0F4FC237903F03F0335
S214029DE023712046DCE722799209022AE1D0013368
S214029DF00834DBB2D2E703799A071EBF23F00303C7
S214029E0043F0010303710446D7E700BF081600209B
S214029E10244300200A1600208E4C002073B50DF154
S214029E2007010546FFF720FE40B103799A0705D1E0
S214029E3013F0300404D043F00303037102B070BD84
S214029E4028460CF0E1FD094B9DF80760084A1D788C
S214029E504FF6FF712346D8B28542EFD9D079B04289
S214029E6004BF1180117201330A32F4E7071600208C
S214029E70FC42002030B50A4B0A4D1B780733CC084B
S214029E80DB1000FB034001F0070101238B402C5C32
S214029E90DBB212B11C432C5430BD24EA0304FAE7A9
S214029EA00A1600208E4C002070B50B4B1B7883429E
S214029EB0044604D8094840F24B21DBF7FBFE084E65
S214029EC000253378E8B2834200D870BD00222146CE
S214029ED0FFF7D0FF0135F4E70A160020D658040033
S214029EE008160020FF2810D0FF290ED0084B1B783A
S214029EF00733CA08DB1000FB0323064AD05C01F0D6
S214029F000701C84000F0010070470020704700BFFC
S214029F100A1600208E4C00200148F0F775BC00BFE0
S214029F20584400202DE9F0471E464D4B8CB01B6866
S214029F309DF8509015460746884603F0080A0BF02F
S214029F404DF8A8423FD1B9F1000F14D06EB9ADF862
S214029F5006603D4604242246414628460CF0F0FDA3
S214029F6000F001000CB0BDE8F0870023ADF8063023
S214029F703D4606243AE03846FEF7A6FBFF2804468E
S214029F8005D0F2F721FD10B12046FEF7CFFF96B1BD
S214029F900023ADF80630F8F7B3F80028E8D0062418
S214029FA00DF1060202A940460BF0F9FED8B940466A
S214029FB0F8F79EFA17E0ADF80660F8F7A1F8002861
S214029FC0C7D00424ECE73EB3BAF1000F2ED000232C
S214029FD0ADF806300B24B9F1000F0AD1F8F790F865
S214029FE02F460028DCD13D46002EB4D0BAF1000F31
S214029FF0B1D004F0040242F01102414628460CF0A9
S21402A0009FFD22460646414628460CF099FD00284A
S21402A01014BF30460020A3E7BAF1000F14D0ADF803
S21402A02006600124B9F1000F95D1D7E70B2402A9E7
S21402A0302846F1F7A7FB074668B902A808F0C5FE4E
S21402A04020B9ADF80600EDE70124F0E744F002047B
S21402A050ADF80670E6E70023ADF80630E2E700BF8B
S21402A060703700202DE9F0471E46644B8CB01B78F3
S21402A070DDF8508007460D461446BBB30AF0AEFF25
S21402A08030B35F4B1B68980722D44FF6F7739C4297
S21402A0902CD843463A4631462046FBF7BFFD0AF027
S21402A0A09DFF854200F0A6803046FEF7BBFAA0422E
S21402A0B003D1FEF709FB0CF0E8FBBA1E53425341EC
S21402A0C02946002220460CB0BDE8F0470DF008B93C
S21402A0D0A7B1F91ED1F1000949EB01094FF6F77352
S21402A0E09C420ED90321204608F0BDF90AF076FFFD
S21402A0F0A8427FD04FF6FF739C42D3E74FF0010988
S21402A100ECE72B463A463146204606F0E4F921466D
S21402A110CDE900082B463246384608F06BFE8046EC
S21402A1200146204608F09FF9B8F1000F51D1B9F167
S21402A130000F3FD0002F3DD0324B03AA03F1100E82
S21402A1409246186859689446ACE80300083373458B
S21402A1506246F6D107A808F0BDF930687168032395
S21402A1608DF81C3008AB03C39DF8293007A843F0CE
S21402A17002038DF8293008F0CFFB88B13068716889
S21402A18008AB03C3042307A88DF81C3008F0C4FBF1
S21402A19030B1022307A88DF81C3008F0BDFB48B981
S21402A1A0514607A808F01FFC20B1F4F773FB0028FD
S21402A1B03FF475AF88F0010303F001032A463146E7
S21402A1C0CDF800902046FFF7ADFE0AF007FFA84242
S21402A1D068E7B8F1010FEDD0B8F1020F7FF45FAF78
S21402A1E007A92846F1F7CEFA20B9324607A928462B
S21402A1F00CF06DFC0CB0BDE8F08700BFB44C00203C
S21402A20070370020E6580400044B1A880AB1002270
S21402A2101A8000210846F9F7BBBE00BF584400204A
S21402A2202DE9F04F00238FB0CDE903334E78044674
S21402A2300D460AF0D3FE50B1B34B1B689B0706D4FB
S21402A240092103A806F00FFB0FB0BDE8F08F03A9A3
S21402A2502046F1F797FA0346002840F05181022E75
S21402A26038D0042EECD1A94A1278002A42D0022A0B
S21402A27040F0218109AF0246394608F010FD01215F
S21402A28003A89DF8255008F0DFFD2840FF2800F0BF
S21402A290338105AD28460AF05AFE002840F02E818A
S21402A2A095E80F0087E80F003246394603A808F003
S21402A2B008FC0246002840F01F81032303A9CDE9CB
S21402A2C0005320463346FBF77DF800280CBF1321C7
S21402A2D00621B6E78C4B1F6817F00207B0D102358D
S21402A2E08B48082229460DF042FA0028A8D0894B4E
S21402A2F01B780BB91121A4E7874B884E1B782BBB22
S21402A300FFF782FF3088002868D10DF10C08294635
S21402A310404608F0DDF8002800F0CA802846F1F72B
S21402A32015FA4FF6FF739842814600F0BD800DF194
S21402A330240B58460AF00BFE002840F0B580002F8A
S21402A3407AD14246AA4648463B4681E030880028F3
S21402A35044D139463846F0F7F7FC308000283BD027
S21402A3600123082203A93046F0F774FDA0BB01239F
S21402A370082229463046F0F76DFD68BB0123674880
S21402A380ADF82440022209A9F0F764FD034630889E
S21402A39023B1002848D04FF0100A21E0F0F72AFC3B
S21402A3A05E498046204601F069FA3088F0F722FCC2
S21402A3B05FFA88F8804509D1FF238DF824300123FF
S21402A3C056481A4609A9F0F745FD28B9002101208A
S21402A3D0F9F7DEFD0C2134E73088DAE74FF0070A9A
S21402A3E0F0F7ECFB80463088F0F7E8FB348800F1A3
S21402A3F0080911212046F0F7D1FD10218346204698
S21402A400F0F7CCFD0822044603A948460DF0AFF942
S21402A410002877D10822294640460DF0A8F90028E0
S21402A42070D1BAF1070F01D010210AE704EB0B2412
S21402A430A4B24D466BE70127308828B11221F0F707
S21402A440ADFDFF28814615D12A46C2462046402346
S21402A45043F00303CDE900B351460323FAF7B2FFF4
S21402A46010B30721504606F0FEF9002FE3D0FFF79F
S21402A470CBFEE9E600210846F0F766FCADF81400CC
S21402A48048B105A9204601F0F9F9BDF81400F0F725
S21402A490B1FB0028D8D11423009333884A4641469C
S21402A4A0204601F0B3F9CFE7FFF7AEFE0F21C8E66C
S21402A4B0FFF7AAFE1EE7012A01D00621C1E605AD76
S21402A4C002460090294603A8F9F768FC024608B13E
S21402A4D00A21B6E60C4B1B685B0003F0040343F04C
S21402A4E00303CDE9005303A933462046FAF76AFF71
S21402A4F00028E2D11321A4E60521A2E61221A0E655
S21402A5000B219EE60E219CE670370020714C00203F
S21402A5102E4D0020704C00206E4C00205844002027
S21402A52030B50E4C85B022788DF805200123D5185B
S21402A5300E228DF806200A68CDF807204A68CDF864
S21402A5400B2001A90B228DF804302570F0F782FC4F
S21402A550B0FA80F0400905B030BD00BFB54C00200F
S21402A56030B519498BB014237F22098805460DEBB6
S21402A570030005F03BFDBDF81430DA0721D413F0D2
S21402A580060FC3F3410208BFC3F341220F4B9C5C84
S21402A5900DF11601224668460DF0C1F804F12802B4
S21402A5A0BDF826306A44023402F8283C1B0A02F838
S21402A5B0273C69462A46E0B20BF0CEFB00200BB0E1
S21402A5C030BDB720FBE700BFC6F50300F65804000F
S21402A5D010B58AB00446ADF826200022CDE9052241
S21402A5E004920CAA02924FF6FF720192074AAC211D
S21402A5F004FB012201206032009203900DF1260234
S21402A6004CF620010CF0BEFA0AB010BD183B002032
S21402A61000B58BB00320ADF824309DF8303003909F
S21402A6200B498DF8263009A80023CDE90130CDE983
S21402A6300533049301F160030093B1F85C30022005
S21402A6404CF660410CF09EFA0BB05DF804FB00BFBE
S21402A650183B002010B5204AB2F86800B2F85E1027
S21402A660B2F85C308AB04FF6FF74A042ADF826000E
S21402A670ADF824104FF6FD7018D081424FF000005E
S21402A680CDE90500CDE90300CDE9010094BF09AA92
S21402A6906032009294BF48F660014CF660010DF1FC
S21402A6A0260204200CF06EFA0AB010BD814288BF62
S21402A6B060324FF0000098BF09AA0092CDE905006B
S21402A6C0CDE90300CDE90100044A8CBF4CF6604197
S21402A6D048F66041E5E700BF183B0020823B0020B9
S21402A6E000B54FF6FF738BB00022CDE90522CDE907
S21402A6F00322CDE90132074A00924CF640010DF1E1
S21402A70026020620ADF826300CF03CFA0BB05DF8B7
S21402A71004FB00BF783B002000B50E4B8BB0002236
S21402A720B3F85E30ADF82430CDE90522CDE9032238
S21402A730CDE9012209AA4FF6FF7300924FF4006199
S21402A7400DF126020720ADF826300CF01BFA0BB0EE
S21402A7505DF804FB183B002030B58BB010498DF82D
S21402A76025301B0A8DF82630002391F85840CD6D0F
S21402A770B1F85C000493CDE90533072303936031F7
S21402A78008ABCDE9010300914FF6FF734CF620416A
S21402A790082008958DF824400CF0F4F90BB030BD73
S21402A7A0183B002070B52A4CB4F85E1094F85C0092
S21402A7B01D464FF6FE76B4F85C30B142A2B04FEAC0
S21402A7C0132321D14FF440416034ADF808108DF8C0
S21402A7D00B0003CC8DF80C30CDF80D00CDF811101F
S21402A7E00DF115042270120A62700022A270E27045
S21402A7F011461046ADF806200AF09AF8ADF80600A3
S21402A80090B9002022B070BD4FF400448DF80D10B0
S21402A810090AADF808408DF80B008DF80C308DF85B
S21402A8200E100DF10F04DDE7043402A9621A0123AB
S21402A830D2B20DF10600F0F70DFB0028E1D1BDF80B
S21402A84006002A460121F0F757FABDF80600D9E7B6
S21402A850183B0020034B1A781AB1FF2A04BF0022C5
S21402A8601A707047824D002070B5084C084E237847
S21402A870F55C1DB107483E21DBF71CFA2378FF2260
S21402A880F25400232370284670BD00BF814D00207D
S21402A890824D0020FB580400034B044A1B78D05C10
S21402A8A0FF3818BF01207047814D0020824D0020DE
S21402A8B010B50849082204460CF059FFB0FA80F099
S21402A8C0228940094FF6FF7340009A4208BF40F0C3
S21402A8D0010010BD105904002DE9F3410E46002177
S21402A8E005460AF0B1F8134FADF8060000232B8098
S21402A8F00DF106000AF0A3F8044610B102B0BDE856
S21402A900F08121460DF106000AF010F98046F0F7B4
S21402A91055F9438AB34207D99B1B438222464146D6
S21402A92028460AF097F8E3E743895B07E0D53B88B9
S21402A930F3E700BF9215002008B50A48F0F70CFCB2
S21402A94009484FF47A71FFF7C7FF07480AF077F80D
S21402A95030B9BDE8084003484FF47A71F0F760BB9F
S21402A96008BD00BF9C140020BA15002030B504466E
S21402A97085B00D4602B9084A1068516801AB03C398
S21402A98001AB03CBADF80C501B88206020466160FB
S21402A990238105B030BD00BFD10F04001FB50146AC
S21402A9A0002201A8FFF7E2FF064801A90CF0DEF933
S21402A9B020B1F0F703F94089C0F3400005B05DF816
S21402A9C004FB00BFBA15002030B585B00D46002244
S21402A9D0014601A8FFF7CAFF084801A90CF0C6F90C
S21402A9E050B1F0F7EBF804460146082228460CF070
S21402A9F0CEFE6089C0F3400005B030BDBA15002017
S21402AA0010B5044C20460AF07FF86388181A80B204
S21402AA1010BD00BFBA150020F8B50546F8B11048BB
S21402AA2000210AF011F80446A8B10D4F2046F0F7AF
S21402AA30C5F80646FFF73CFF830705D408222946D9
S21402AA4030460CF094FE38B1214638460AF052F8E9
S21402AA5004460028EAD10024201E18BF0120F8BDB3
S21402AA60BA15002010B50C46014606480CF07EF9D1
S21402AA7030B1F0F7A3F843891C4214BF012000202E
S21402AA8010BD00BFBA1500201FB51446024601A825
S21402AA90FFF76CFF074801A90CF068F940B134B122
S21402AAA0F0F78CF81422014620460CF070FE0120C6
S21402AAB004B010BDBA1500201FB50146002201A839
S21402AAC0FFF754FF094801A90CF050F958B1F0F706
S21402AAD075F84389024613F0020004D0507B80F0DA
S21402AAE00800C0F3C00005B05DF804FBBA150020EC
S21402AAF0014601480CF05FB9BA150020F8B50446C5
S21402AB000E4614200021F0F71FF90546204609F0EC
S21402AB10FBFF6388834225D925B3314620460CF0D5
S21402AB204AF908BB2846F0F749F80A220746314692
S21402AB300CF02DFE082206F10A0107F10A000CF0BD
S21402AB4026FE0A4B1B887B82238823B908484FF4CB
S21402AB507A71F0F765FA20460022294609F07AFF54
S21402AB600020F8BD1C20FCE72E20FAE792150020F4
S21402AB709C14002010B5044686B0B0B1FFF798FECC
S21402AB8010F0020011D1CDF80E006168CDF8120067
S21402AB90ADF816002068228901AB03C304481A8068
S21402ABA001A9FFF7ABFF06B010BD2120FBE700BFEF
S21402ABB0BA150020F8B50D4616461F46044648B399
S21402ABC0FFF776FE30BB2046FFF792FFE0B1214644
S21402ABD011480CF0CBF8EFF7F1FF43890573467383
S21402ABE0877343F00203218943812046F1F7E6FF8B
S21402ABF0FF28044606D0F1F7E7FE18B1074B0022FD
S21402AC0043F82420002004E02046FFF7B3FF002884
S21402AC10DDD0F8BD2120FCE7BA1500202C35002037
S21402AC20F7B59DF8244001949DF8204000940D4607
S21402AC3006461F46FEF742FA4FF6FF718842044662
S21402AC4010D0BB0711D42846F1F7C0FD2046FDF709
S21402AC503BFDFF281FBF084A32F8103023F480431A
S21402AC6022F81030204603B0F0BD02462946304690
S21402AC700CF0A8F8EAE700BFBA43002073B50E4608
S21402AC80014614480CF072F80546D8B1EFF796FF65
S21402AC9043893340044612D09B0736B20BD5002EAA
S21402ACA009DAA17B437B0289007B01910121009195
S21402ACB02146FFF7B5FF638923EA060363816289AB
S21402ACC012B1012002B070BD2946024809F04DFFBC
S21402ACD0F7E700BFBA1500200148EFF795BD00BFA1
S21402ACE0BA1500201FB50C4A0C46014601A8FFF70C
S21402ACF03DFE01A8FFF7FCFE60B101A907480CF073
S21402AD0035F8EFF75BFF0368236043686360002053
S21402AD1004B010BD2D20FBE710590400BA15002020
S21402AD202DE9F0431E46544B1B788FB0033B012B94
S21402AD309DF8588007460C46154607D8F4F7F2FBEE
S21402AD4020B1F0F77DFB08B144F400544B4B1B785E
S21402AD5013B924F40074A4B2200509D546B904A98F
S21402AD602846F0F70FFD002840D024F40064A4B271
S21402AD70ADF81840ADF81A500AF030F9404BADF86D
S21402AD801C00B8F1000F02D01A78424501D293F89F
S21402AD9000803C4A8DF81E8013780133E105DBB251
S21402ADA013704CBF0DF1210108A922058DF81F3042
S21402ADB004D533680B6073684B600831E30405D52D
S21402ADC0314A13680B6053684B6008310DF118085E
S21402ADD0A1EB08005FFA80F900214846EFF7B4FFBE
S21402ADE0064628B900200FB0BDE8F08304AEBFE7E0
S21402ADF0EFF7E4FE41464A460CF091FC3046EFF788
S21402AE00F9FE80463046EFF7D9FE0023024600934D
S21402AE105FFA88F104234FF6FF7009F05EFDADF885
S21402AE200E000028DED040F201131C421AD14FF663
S21402AE30F7739D4216D8EFF7DDFE0DF10E010446BC
S21402AE40284600F01BFDBDF80E00EFF7D3FEE4B275
S21402AE50A04207D9BDF80E0009F08CFD437843F0F6
S21402AE6004034370BDF80E003A460121EFF744FF93
S21402AE70BDF80E00B7E700BFB94C0020B44C002066
S21402AE80F5150020B64C00202E4D0020F0B50829FE
S21402AE90D58889B028D00C2926D0AE0424D405F053
S21402AEA040030B43424C267816B105F02004234398
S21402AEB02FB2002FB8BF43F08003032920D11223FC
S21402AEC0AC068DF80430937A10D48DF805300DF167
S21402AED0060401A9621A0123D2B2EFF7BBFFB0FA49
S21402AEE080F0400909B0F0BD0B46DBE732228DF850
S21402AEF004208DF80530002EE9D00DF11304E8E7A2
S21402AF000C298DF8043009BF138953798DF8053062
S21402AF101B0A0BBF8DF806308DF805300DF10703BE
S21402AF200DF1060354881C70240A5C7014889C7009
S21402AF300239240ADC70012914791C7111D8917A1D
S21402AF405971002F31DA1289DA710221120A9971C7
S21402AF5003F109041A72002EBBD0AB06B9D505342C
S21402AF60B7E7A9071AD4002F0CDA117A51B1917AF1
S21402AF7059711189127A03F1080492B102229A7168
S21402AF80D971E8E70B4C2178917201F1010C84F833
S21402AF9000C09C1D002F5971DDDAEAE7917A9C1DEC
S21402AFA0F8E701229A71090AEAE79C1DD3E700BF77
S21402AFB0B44C0020B54C0020F0B51F4601F44043C7
S21402AFC0B3F5004F8BB005460C4616461DD00AF068
S21402AFD005F8104BADF8260000220692BDF8502068
S21402AFE00592BDF84C2004929DF848200392119ACF
S21402AFF00292BDF840202146CDE9003228463B4663
S21402B00032460BF0BFFD0BB0F0BD09F0E7FF0DF1C5
S21402B0102603DFE72E4D0020014B1870704700BF55
S21402B020AC4C0020074B1A7844F6FF7040F6FF73CC
S21402B030012A18BF1846044B1B780BB140F4004097
S21402B040704700BFB94C0020AC4C0020F7B50D4647
S21402B05004460021284616461F46F2F71DFE0A4BF6
S21402B060002183F859402A46009733462046FFF7C8
S21402B070AFFA014630B102222046F0F709FCC0B210
S21402B08003B0F0BD0120FBE7183B00202DE9F84392
S21402B090074604F07CFF05461B4809F007FF1B4BDA
S21402B0A060B31C683C1B2C44A4B2194BDFF86890B2
S21402B0B01B78184D99F8006003EB830305EB4305F4
S21402B0C000225FFA82F846450AD9AB88A34205F108
S21402B0D00A0016D9B21A0A235A4329460CF057FB1D
S21402B0E0013689F80060AC80B8F1000F03D106483B
S21402B0F03946EFF795FF2846BDE8F8831D603C46C3
S21402B100D3E701320546DCE7BC140020283C0020C9
S21402B110834D0020D8400020844D00201FB5154ADC
S21402B120154C1378013BDBB213706168206801AAE4
S21402B13003C221891180114A1278D21805D00A2337
S21402B1405A43E11820460CF022FB9DF806301B07F6
S21402B1500DD0BDF80C00FFF799FF8288ADF80820E5
S21402B16001AA034603CA1288186059601A8104B0FD
S21402B17010BD00BF834D0020D8400020844D002023
S21402B18008B5094B094800211970094B1970094B7B
S21402B1901A7802EB820252000CF013FBBDE808405C
S21402B1A00548EFF7D9BF00BF844D0020D8400020E5
S21402B1B0834D002001160020BC140020F8B5094D6E
S21402B1C0094F0A4E00243B783178E2B20B449A4289
S21402B1D004F1010400DBF8BD2846EFF715FB0A353B
S21402B1E0F1E700BFD8400020844D0020834D0020A8
S21402B1F0F8B50D4B16460D4A1B78127813440C4AC6
S21402B2001278934207460D460CD03046FFF73EFFB3
S21402B2100135068107808570044604F0B3FEE0809F
S21402B2200120F8BD0020FCE7834D0020844D00205D
S21402B2300116002010B5064C207828B10548F5F70F
S21402B240FBFE10B1034B188810BDFFF767FFF3E74C
S21402B250834D0020D840002008B50A4A03461078DD
S21402B26060B1094A1088984209D121B993781033FF
S21402B27023F00F039370FFF751FF012008BD002053
S21402B280FCE700BF834D0020D84000202DE9F74F91
S21402B29004F07DFEDFF8F8803A4CB8F800C0DFF81C
S21402B2A0F490394D99F800701FFA80FEAEEB0C034D
S21402B2B09BB2019323780093002603EB830305EBEE
S21402B2C043033A46B246ACEB0E0CB3465FFA86FE32
S21402B2D0BE4515D3BAF1000F01D0009B2370BA42C7
S21402B2E02AD3002F37D02378C8F800000A2202FBA0
S21402B2F003532648998803B0BDE8F04FEFF790BE97
S21402B300B3F804E001998E4512D8009993F802E04A
S21402B310A3F804B001310EF1FF3EC9B2013A83F838
S21402B32002E00091D2B24FF0010A0A330136CDE7AD
S21402B330E644A3F804E0F8E789F800204AB1237847
S21402B340C8F800000A2202FB035310489988EFF758
S21402B35067FE237813B903B0BDE8F08FFFF76AFFE4
S21402B36006460028F5D009F026FA014630460AF0CD
S21402B37071FA20B100212888FFF76EFFE9E76621FF
S21402B380F9E700BF834D0020D8400020BC140020FF
S21402B390283C0020844D002038B50E4B05460E484A
S21402B3A01C88EFF729FE012D0CD10C4B1C88FA21C4
S21402B3B0614358B1884209D28408012C204638BF1E
S21402B3C0012038BD022D08BF0224F0E70248EFF73D
S21402B3D027FEF2E7D44000203C360020D240002070
S21402B3E008B5064B064801221A700021EFF718FE30
S21402B3F0BDE808400020FFF7CFBF00BF854C002005
S21402B4003C3600201E4B1A8802F108039BB2012B21
S21402B41073B502D81B4B1B7823B902B0BDE8704047
S21402B420EFF79ABE184B194D00241C70184B1C706F
S21402B4302B787BB1174E4FF6FC7300933088234669
S21402B440224621460BF056F94FF6FD732C703380D8
S21402B45001200FE0104B10461978F5F751F9002835
S21402B460F6D10C4B1A884FF6FD739A42F0D00123A0
S21402B4702B70022002B0BDE87040FFF78DBF00BF00
S21402B480D6400020854C0020884C0020864C0020A8
S21402B490874C0020D0400020894C0020012808B5A7
S21402B4A00AD002280CD020B9084B18700848EFF7CB
S21402B4B053FE4FF0FF3008BDBDE80840FFF790BFCF
S21402B4C0BDE808400020FFF767BF00BF854C00209C
S21402B4D03C36002002280CD859B1064A13780133AC
S21402B4E0DBB21370044A12789A4202D80220FFF79F
S21402B4F0D5BF7047874C00208A4C002038B500F133
S21402B5005703DBB2012B04460D4615D80D4A1378B5
S21402B5100133DBB213700C4A12789A420CD80B4BEA
S21402B52019884FF6FD72914201BF1D80084B00221A
S21402B5301A700020FFF730FF29462046BDE8384043
S21402B54005F02EB9884C00208B4C0020D0400020FD
S21402B550864C0020064A00231370064A1370064AD9
S21402B5604FF6FD711180054A1370054A1370704735
S21402B570884C0020874C0020D0400020864C0020BB
S21402B580854C002030B5094B1B78024633B1084B78
S21402B590084C19780023D8B2884201D3FF2004E071
S21402B5A0013334F823509542F5D130BD0016002001
S21402B5B08D4C0020B0400020054B064800221A7031
S21402B5C0054BFF211970054B1A7892000CF0F9B85A
S21402B5D08D4C0020B44000208C4C00200016002029
S21402B5E0F7B58DF807100DF10701044605F001F8CE
S21402B5F0234B1D78002D41D02046FFF7C3FF214E76
S21402B600214B3178FF2805D1204A107885422DD962
S21402B610451C1570884219D01C4A1B4D92F800C072
S21402B6200022D7B2BC450CD92F46013297F803E068
S21402B630864505F10405F4D102B203EB8202D27804
S21402B640FA7002B203EB8202D170307002B203EBE0
S21402B650820123F82240FF228A709DF80720FF2AE3
S21402B66002D003EB8203987003B0F0BD0A46104680
S21402B67003EB8202D278FF2AF9D1CBE7FF20F3E769
S21402B680001600208C4C0020B44000208D4C002078
S21402B6902DE9F843FFF776FFFF2804466AD0364FB7
S21402B6A0DFF8E080354E03B24FF6FF7227F823200C
S21402B6B098F80050A54202D10020BDE8F88320B2D7
S21402B6C03378810007EB8000A34290F803E011D0A4
S21402B6D0294A00235FFA83F94D45944607D99CF818
S21402B6E00390A14503F1010302F10402F2D18CF8A2
S21402B6F003E001E086F800E0013DEDB22A1BD2B27B
S21402B7000431920039440CF042F888F8005033783D
S21402B710FF2B04D0A34224BF03F1FF333370164B32
S21402B72000214FF6FF70CAB2AA420CD3144A002375
S21402B7304FF6FF71DCB2AC42BAD2013332F82300C4
S21402B7408842F7D1B4E79A78A2420BD11880DA7809
S21402B750FF2A04D0A24224BF02F1FF32DA7001317E
S21402B7600433E0E7FF2AF2D0A24224BF02F1FF32FE
S21402B7709A70ECE70320A0E7B44000208C4C00202F
S21402B780B04000208D4C0020F8B51C4B1B780546B7
S21402B790084673B3FFF7F6FEFF28044629D028466C
S21402B7A0FFF7F0FEFF2806D0154B164E1A78002338
S21402B7B0D9B2914218D3FF212846FFF711FFFF287E
S21402B7C0014616D0104F054623B207EB830237F820
S21402B7D023009678FFF704FFA84208BFFF25FF2E36
S21402B7E0214608D12846F8BD013316F823108142B7
S21402B7F0DED1FF25F6E73446E6E700BF0016002056
S21402B8008D4C0020B2400020B44000202DE9FF41BC
S21402B8104FF0000C9DF828508DF80FC00DF10F0C5C
S21402B820CDE9005C1F4606468846144604F0B1FE83
S21402B8309DF80F3093B941463046E4F739FC0E4B7B
S21402B8401B785BB10B2C09D83046FF21FFF7C8FEE8
S21402B85005EB44040646E4B2A54202D104B0BDE8B4
S21402B860F0812946384609F072FA3146FFF7B8FEEB
S21402B87002350646EDB2EFE7001600202DE9F34743
S21402B88000230DF107028DF8073004460E4604F039
S21402B8909BFE9DF80730054663B92046FFF772FE09
S21402B8A004465EB13088EFF7A5F95FFA80F8FF2C00
S21402B8B046D10025284602B0BDE8F087B046F6E736
S21402B8C001320C2AF5D02DB207EB8505AD78FF2D97
S21402B8D0F6D112F0FF0AECD04FEA4A050235EDB275
S21402B8E0002EE7D008EB0501C9B2304609F0C9F9C7
S21402B8F00028DED1308852464146EFF763FB0AF154
S21402B900FF3208F1010108F102093088D2B2C9B249
S21402B9105FFA89F9EFF756FB24B207EB8404A478A2
S21402B920FF2CC7D023B2308837F82320494609F0C7
S21402B9301EFA0028BDD109F102095FFA89F9EBE780
S21402B940014F25460022BEE7B4400020FF2810B56E
S21402B9501FBF064B03EB800433F820300B801DBF5D
S21402B960A37813700020032010BD00BFB44000204F
S21402B97070B51F4B1F4C1980038823818378E372AE
S21402B9800546164609F0FFFA0822A072291D20462F
S21402B9900BF0FDFE6B7B2374174B6361032323734B
S21402B9A046B1EFF745FD10B19120EFF7F7FC4FF4E3
S21402B9B0FA610EE00BF037FEC30705D404224FF6F9
S21402B9C0FD713046F4F77EF9EFF732FD58B94FF4C1
S21402B9D0FA710A4B0A4803221A700A4B1E70BDE817
S21402B9E07040EFF71DBB9120EFF7D8FCEFE700BFE2
S21402B9F0BE150020603C002000F8FF079D4D002089
S21402BA00FC1400209B4D002038B50A4D0A480B4C0A
S21402BA10EFF7A2FB2A78FF2A04D0217811B908464C
S21402BA2009F037FCFF23064A2B700023137023709D
S21402BA3038BD00BF42160020DC140020874D0020CF
S21402BA40864D002008B50C4A0B46117811B90B4AF0
S21402BA5010809370094A002001F0A2FA084B0748AA
S21402BA6019880022FFF784FF0120EFF797FC0348AE
S21402BA7004F0A6FF012008BD994D00202C3C0020B2
S21402BA805C44002010B5074C2378062B05D190287D
S21402BA9003D100232370FBF79BF92078003818BFE8
S21402BAA0012010BD9D4D0020024B1878031F5842FE
S21402BAB0584170479D4D00202DE9F041294B1B78D7
S21402BAC01B0786B080460D464AD190F82830022BD6
S21402BAD046D1061D0123821C31460BF023FC044688
S21402BAE00746C8BBB8F8260000F083000BF0A7FD97
S21402BAF01D4B98F82820D8F80400D8F808101A70B9
S21402BB006B4603C3B8F80030ADF8083098F8023038
S21402BB108DF80B300323CDE9034420468DF80C3014
S21402BB2041F60631114B05938DF80A500AF0BDFB1B
S21402BB30B8F8241098F82820002908BF4FF441715D
S21402BB406B460120F2F7F0F904463846EDF736F96F
S21402BB5010B1384608F044FF204606B0BDE8F08132
S21402BB607024F9E7B84C00209C4D002000F8FF072F
S21402BB70024B1878431E5842584170479D4D00208C
S21402BB80024B187808B9024B187870479C4D002073
S21402BB90B94C00207FB51023072202A90120EFF737
S21402BBA055FB9DF80B00F1F7A1FF942004F02EFD43
S21402BBB00DF10700F1F7B2FF932805D10020EFF749
S21402BBC0EDFB07B05DF804FBFFF7DAFF022808D9A1
S21402BBD0054BB3F868204FF6FF739A4201D1032053
S21402BBE0EDE70220EBE700BF183B0020014B187080
S21402BBF0704700BF9C4D00202DE9F74F394BDFF808
S21402BC00F48016461A7898F800300446894602F000
S21402BC100F020BB1062B63D14223D340D9075FD460
S21402BC20314F97F800B00BF0FEFCC20707D5FFF7BE
S21402BC30A7FF012803D048F6990009F0F8F90BF09F
S21402BC40F2FC830704D540F0100080B20BF0F7FC3C
S21402BC500CB9264B1C68264D95F800A0BAF1000FC9
S21402BC600FD100F08DFC204600F04EFC0123514619
S21402BC7050462B7009F01EFB014610B9022209F04D
S21402BC8008FB09F080F9DFF870A08AF80000484641
S21402BC9009F060F90346814628B100222A70184648
S21402BCA003B0BDE8F08F721E032A18D801230422BF
S21402BCB021460A2088F800303E70F0F7BDF910F0F1
S21402BCC0FF03ECD09AF90000019388F8009009F07F
S21402BCD041F9019B87F800B085F80090DFE72870ED
S21402BCE07023DCE7B84C00209C4D00205C3C002012
S21402BCF09A4D00209D4D0020884D0020014B0022C9
S21402BD001A7070479A4D002070B5044620B91A483A
S21402BD10FFF77AFE002003E0184B1B780BB1702069
S21402BD2070BD174E3378002BF9D1134809F0BEF8D0
S21402BD30B8B9114809F0BAF8054648B9014609F0FB
S21402BD40B9FA104B022218702946284609F0A1FAC1
S21402BD50631C0CD008482146EFF762F900233370C3
S21402BD60D8E70548EFF748F9A042E2D3D7E70248FA
S21402BD70EFF7F2F90123F2E7DC140020874D0020EA
S21402BD80864D002042160020014B1870704700BFF7
S21402BD90874D002008B5054809F088F820B9044BFD
S21402BDA0187800F0010008BD0120FAE7DC14002034
S21402BDB0864D002030B5404C40488BB0EFF7CCF9AA
S21402BDC02378032B5DD1FFF7DBFE02289CBF0623F8
S21402BDD023703B4B1D78002D40D03A4B186810F06C
S21402BDE002000EBF41F6043141F6063100200AF089
S21402BDF05CFA354B00251D70344B1988FFF7C0FEE0
S21402BE00334B02462846F2F78FF8002844D1314DCC
S21402BE100BF009FC2B78002B0CBF4FF0FF336FF4AE
S21402BE208073184020F0010080B20BF008FC01235A
S21402BE302B70FFF7A5FE022806D920484FF4FA61B8
S21402BE40EFF7EEF8072323700020ECF7B7FF88B36E
S21402BE5000200BB0BDE8304008F0C2BDF4F766FA29
S21402BE60294601221C48F9F701F868460BF0F5FB53
S21402BE700DF115032A4641F606314020F7F7EAFE91
S21402BE80B7E7072B05D100210120217009F097FBA7
S21402BE90DAE7043B012BD7D8104B1B782BB10120D5
S21402BEA00BF08EFA0D4B00221A7000232370FFF758
S21402BEB071FEC9E70BB030BD9D4D0020FC1400207A
S21402BEC09B4D002070370020B84C0020BE15002085
S21402BED0603C002043160020894D0020854D00203E
S21402BEE02DE9F0476D4F3E788EB0054606F00F06F8
S21402BEF0034603AA00F1280C18685968144603C4BE
S21402BF00083363452246F7D1186820604223F3407F
S21402BF10D90700F1C180DFF8988198F80040002C1C
S21402BF2040F0BA8095F82830013B032B00F2B4802B
S21402BF300BF079FBC20749D520460121F8F770FFBE
S21402BF40044600286FD101F0EFF8554A4FF6FF710C
S21402BF500120F1F79FFFEB8CDB0733D52E1D22461F
S21402BF600821304608F0E8FF60BB6868A96804ABA1
S21402BF7003C32B88ADF80C3000238DF81930AB784C
S21402BF808DF80E300BF025FA0128054608D10BF085
S21402BF904AFB10F0010070D041F28830FFF7B4FE81
S21402BFA0204603A900F060FF044600286AD1012358
S21402BFB03B703C48042341F2883188F80030EFF7A2
S21402BFC02FF830E00023CDE90433D3E709F023F855
S21402BFD0824609F091FB0DF104090646484609F02F
S21402BFE0E3FA0822291D48460BF0C1FBA8BB6A7B70
S21402BFF0B31A002BB8BF5B42C82B134617DDB242FA
S21402C00028BF3346DBB29E421DD0FFF7B9FD022899
S21402C01011D908F0E3FF012201462846FFF7A8FCE3
S21402C020214B00221A7020460EB0BDE8F087B242BD
S21402C03038BF3346E6E7104609F078FBA878F1F7F2
S21402C04055FDBA24EFE7B242FBD008F0A8FF31460E
S21402C0500246284600F0D8FFF3E799E8030004AB4F
S21402C06083E8030095F82830ADF80CA0022B8DF873
S21402C070196014BF0224012481E70BF0A1F90B4BCF
S21402C0801D708DE7094D2B78002BCCD001200BF0CC
S21402C09097F900232B70C6E77024C4E7B84C00203B
S21402C0A020590400FC14002043160020854D002071
S21402C0B09D4D0020F7B50F4F3B78012B04460D46E9
S21402C0C0164614D10020ECF7B7FE2B46CDE9000643
S21402C0D009492246002008F0B6FE084B188030B107
S21402C0E002233B7003B0BDE8F040F0F751B803B04E
S21402C0F0F0BD00BF9D4D00201A5904005A4400208E
S21402C1002DE9FF411E4E3378012B4FF000040CD16F
S21402C1101C4B347093F9000008F01CFF204604F014
S21402C12020FC012004B0BDE8F081022B26D1164D7A
S21402C130012004F016FC08212888CDE9024408F004
S21402C14024FE0D2107462888EEF728FF08230094D0
S21402C1502988224680460DEB030008F0ABFD094B0A
S21402C1602C8093F9000008F0F5FEC8F3C0130122F4
S21402C17002A9384600F03AFA3470D2E72046D1E7F0
S21402C1809D4D0020884D00205A440020F0B51E46E2
S21402C1905E4B1B780C46D9078DB00546174606D46B
S21402C1A022462946012000F0FBFE0DB0F0BD5A07DC
S21402C1B003D40BF038FAC307F2D50DF10F00F1F7EE
S21402C1C0ADFC18B99DF80F30012BE9D0FFF7D8FC6B
S21402C1D0022D5AD00228E8D8208B0BF0AEF9FF28A1
S21402C1E0DED008AB324604F11001002000F034FF26
S21402C1F00028D5D13B4604AA07F1080C18685968EE
S21402C200164603C6083363453246F7D118683060CF
S21402C2109B88B380BDF81630BDF818209A423CBF02
S21402C2200023ADF81630BDF8142038BFADF818302C
S21402C230BDF812309A423EBF0023ADF81230ADF878
S21402C2401430BDF81C20BDF81A30BDF81410BDF825
S21402C25012009A423EBF0023ADF81C30ADF81A30E9
S21402C260BDF81C300093BDF81620BDF81A300BF04E
S21402C270ADF9002894D1A67875B94EB9244B1E683C
S21402C2800421601806F0E1F809E00228A4D88CE739
S21402C290012303FA06F6F3E7012303FA06F61D4A1C
S21402C2A0234604F1280E186859689446ACE8030041
S21402C2B0083373456246F6D11868174BCCF800006F
S21402C2C01D70164B3A88164F1A800DF1300C08ABCB
S21402C2D01A4603CA624538607960134607F10807B2
S21402C2E0F6D12DB90F4A03213046EFF775FD5CE70C
S21402C2F00023A21C211D20460BF014F800287FF410
S21402C3004FAFA1782088FFF79DFB4EE76C4C0020CC
S21402C3105C3C00202C3C0020994D00205C44002010
S21402C320894D002045BA0200F0B51A4F1C463B78EC
S21402C330042B85B00546164629D11748EEF70CFFA2
S21402C34000233B7025B105B0BDE8F040FFF722BCE4
S21402C35008F044FE054696B11023072269460120DE
S21402C360EEF774FF02AB03CB9DF80330A370BDF863
S21402C37000306060A160238009F0BEF9607301227C
S21402C3802946204605B0BDE8F040FFF7F1BA05B0F1
S21402C390F0BD00BF9D4D0020FC14002008B50BF038
S21402C3A042F920F4987080B240F001000BF047F991
S21402C3B0014B00221A7008BD9D4D002010B50446A0
S21402C3C0FFF7DEFB022811D8094B1B7873B18C42AB
S21402C3D00CD193070AD52046F0F7E0F830B1017980
S21402C3E021B9BDE810400348EEF71ABE10BD00BFE3
S21402C3F0B14C0020DC360020014B024A1A6070471E
S21402C400E83B00206E590400014B1878704700BFC5
S21402C4106C4C0020014B1870002070476C4C0020BA
S21402C420014B1868704700BF5C3C0020014B18683F
S21402C430704700BF583C0020014B1860704700BF91
S21402C4405C3C0020014B1860704700BF583C00203F
S21402C4500148EEF7D9B900BF5A44002008B503F0E8
S21402C46096FD00F5FA50034B012838BF01201860EC
S21402C47008BD00BF783C002030B5002989B00CBF4B
S21402C48003240B24DAB111490A78551C0D7042F0C8
S21402C490800211210C9D0194CDE90412CDE90635E6
S21402C4A04CF25E024FF48053CDE902320B23009326
S21402C4B00022074B0E2108F0B7FC09B030BD054A32
S21402C4C01278192142F08002E4E700BFA94D00204D
S21402C4D028590400A84D002073B50025094E2C46A5
S21402C4E03378E8B2834202D8204602B070BD05F027
S21402C4F038F8694605F037F808B10134E4B2013578
S21402C500EEE700BF1E4B002008B520B908F047FD35
S21402C510012303FA00F003050FD40C231B2B08D0CB
S21402C52020FA03F1C90703F1010208D5DBB2054A76
S21402C5301370054B05221A7008BD0B23F7E7134646
S21402C540ECE700BFA74D0020A64D002073B50A4EAB
S21402C5500A4D33688342044608D00023022101A80C
S21402C560019305F072FF019B2B603460FFF776FFA4
S21402C570286802B070BD00BF803C0020843C0020CA
S21402C58013B50023064C0193022101A805F05DFFB6
S21402C590019B2360FFF762FF206802B010BD00BF58
S21402C5A07C3C002010B50F4B86B001221B6800931E
S21402C5B01146002302A8FFF75FFF0AF055FF044664
S21402C5C00BF031F8084BCDE900400E22102102A8EC
S21402C5D008F02AFC0022102102A808F01EFA06B073
S21402C5E010BD00BF7C3C0020885804002DE9F04FA7
S21402C5F0A5B01E460D919346804608F0EFFC0DF15D
S21402C600480A07465046EEF747FF81460BF00BF8FE
S21402C61040EAC615FFF760FFB9F1930FADB20446C4
S21402C62017D108F0BCFC4FF6FD798DF853000121B6
S21402C63014A805F00AFFBDF85030013B9BB24B45EB
S21402C640F5D80421504605F000FFBDF8500008F06A
S21402C650EEFCBBF1000F01D045F03005EB0748BFFA
S21402C66000234FF0000248BF8DF8583011464FF0B5
S21402C6700103CDF8008018A848BF4FF6FF77FFF7F2
S21402C680FBFE0AF079FF83460AF0EEFE0F900AF0F0
S21402C69047FF0E904046DFF8A080FFF757FF98F856
S21402C6A000100E9A0F9B0490CDE90A41BDF8501077
S21402C6B008919DF8531007919DF858100997CDE9F7
S21402C6C005A1CDE90252CDE900B30E22184B27216F
S21402C6D018A808F0A9FB012C28D1002004F041FF7D
S21402C6E010A9054604F03FFFC8B1E6B1BDF84030D8
S21402C6F098F8002004929DF844200392BDF8422048
S21402C7000095CDE901322E210A4B272218A808F0FF
S21402C7108BFB2E210D9A18A80AF0B6FE0446204678
S21402C72025B0BDE8F08F4CF25E03E1E72721F1E782
S21402C73031590400385904006B4C00202DE9F04FA3
S21402C7402E4BDFF8C490B3F80080DFF8C0A0DFF805
S21402C750C0B0A3B0064614460F46FFF7BDFE002241
S21402C76005461146009603230DA8FFF785FECDE980
S21402C7700054234B0E2251210DA808F055FB08F059
S21402C78080081125002699F80030A34201D9042E0C
S21402C79009D13A4629460DA88DF844600AF074FE7F
S21402C7A023B0BDE8F08F204604F0DBFE0BA909900B
S21402C7B004F0D9FE0134E0B1099BB8F1000F1AD09B
S21402C7C0BDF82C2006949AF8001005919DF83010BA
S21402C7D00491BDF82E10CDE900B3CDE90221094B34
S21402C7E02A4651210DA808F01FFB01361035F6B275
S21402C7F0EDB2E4B2C7E74CF25E02E3E75E44002025
S21402C800885804003E5904001E4B00206B4C002042
S21402C8102E4D00202DE9F04FDFF84C93B0F802B011
S21402C82099F8007099B0002317F00107CDE9033399
S21402C83006464CD00378032B49D8C54B1B7863B108
S21402C8400DA8FBF75BFAC34B9DF9344093F90050F1
S21402C8500AF092FE2844844239DB3378012B8CBFDF
S21402C860172411240023A4F108020DF10C080093EA
S21402C870D2B208235946404608F01CFA38BBE51DDA
S21402C88043462A465946092003F04DFEF8B158465B
S21402C890EEF7B0F904F10D03834218DA21467088E8
S21402C8A008F055FAA11C82467088EEF777FBBAF1BB
S21402C8B00B0F40F0338120F00C03032B40F02E8147
S21402C8C03378012B00F00C0003D8082803D001208F
S21402C8D03BE10028FBD17088E11C08F038FAB0F57D
S21402C8E0805F40F01B817088611D08F030FA4CF2C0
S21402C8F05E03984240F0128129467088EEF74EFB9E
S21402C90004F1090182467088EEF748FB16280546B0
S21402C91000F20481BAF1000F40F0E980C10740F14D
S21402C920EB80708804F10A0108F02FFA814600288D
S21402C930CDD0002D00F0F480874B1B68834203D0D5
S21402C940864B1B688342C2D1DFF820A2DAF8003099
S21402C950002BBCD003F01BFBDAF80030C01AB0F193
S21402C960004FB4D9FFF77AFDEB1EDBB20C2B40F278
S21402C970EB80162D00F2E8800F2D40F2D180A5F153
S21402C9800C0A5FFA8AFA7088EEF734F9744B13F8D9
S21402C9900A302344984200F0EB80012D97D170882C
S21402C9A0EEF728F904F12E03984290D104F108011B
S21402C9B05846EEF7F3FA6B4B04F10E0A18702C2267
S21402C9C000210DA875880AF0FCFE98E803004FF0D7
S21402C9D0000B14AB09AE83E80300CDE90BBB0223C0
S21402C9E086E80300514628468DF84030CDF844903C
S21402C9F0EEF7D4FA04F10F018DF85F002846EEF741
S21402CA00CDFA04F110018DF85C002846EEF7C6FA5E
S21402CA1004F11101ADF85A00284608F098F904F11D
S21402CA201301ADF84C00284608F0AFF904F11702DE
S21402CA30082312902946CDF800B00EA808F03AF95D
S21402CA4004F11F012846EEF7A9FA04F120018DF839
S21402CA5041002846EEF7A2FA04F121018DF83600CD
S21402CA60284608F074F904F12301ADF8340028468C
S21402CA7008F06DF904F12501ADF858002846EEF7E6
S21402CA808DFA04F126018DF85D002846EEF786FA47
S21402CA905A468DF85E0008210EA808F04DFA0028C6
S21402CAA000F0C5805846ECF7C7F98DF836009DF8B9
S21402CAB05C2002F00303012B00F0CA80022B00F078
S21402CAC0C180002B7FF403AFBDF84C008DF85C707C
S21402CAD00AF033FDFF283FF4FAAE9DF85D30012BD5
S21402CAE000F0B88000210DA803F014FFEFE6BAF1BB
S21402CAF0110F0AD1C2070ED4072D3FF412AF99F8D0
S21402CB00003098077FF5E3AE0BE7BAF1190F02D1B2
S21402CB10C3073FF506AF072D3FF403AFFF2500E737
S21402CB20AA4630E7A5F11003DBB2062B0CD8012388
S21402CB30AB4013F4281240F05B8113F4A81F40F0B8
S21402CB40C580162D00F07581002019B0BDE8F08F63
S21402CB50EE150020EF150020803C00207C3C0020D3
S21402CB6062590400A84D00206C4C0020783C00203E
S21402CB7005F0FD03112B01D0152D12D1B34A1378FF
S21402CB80FF2B3FF4A4AE0133AB427FF4A0AEFF23EB
S21402CB901370AF49082240460AF0E9FD00287FF4E8
S21402CBA096AE04F108015846EEF7F8F9A94B022DA5
S21402CBB004F10E0A18707FD0B4D8002D7FF4FFAEB1
S21402CBC004F10F017088A44CEEF7E8F9A34B20801D
S21402CBD01B684B453FF47BAEC1067FF578AE0DA8C9
S21402CBE0FBF78CF89E4B9DF9347093F900600AF0BF
S21402CBF0C3FC384486423FF76AAEFEF7B9FF68B117
S21402CC000AF011FDC2077FF562AE2288D3073FF510
S21402CC105EAE49464046FFF74DFA58E623882A4656
S21402CC20C3F3C01341464846FFF7E0FC4FE69DF8C3
S21402CC303630002B3FF44BAEBDF83430002B7FF479
S21402CC4036AF44E612F0040F0CBF042703273BE777
S21402CC50022739E72846EDF7CDFF04F12707C01B68
S21402CC6006287FF734AE39462846EEF797F904F1E0
S21402CC7028018DF82C00284608F069F804F12A01EC
S21402CC80ADF82E00284608F062F804F12C01ADF843
S21402CC9030002846EEF782F904F12D018DF83200B5
S21402CCA02846EEF77BF99DF85D308DF83300012BB0
S21402CCB07FF418AF314616E751467088EEF76EF9E4
S21402CCC0414602464846FFF739FD00E6102D00F0C1
S21402CCD08680122D18BF022775882C220026002176
S21402CCE00DA80AF06EFD52460823009629460EA8A5
S21402CCF007F0E0FF04F116012846EEF74FF900961A
S21402CD008246102304F11702294609A807F0D2FF2B
S21402CD1004F127063FB131462846EEF73FF904F103
S21402CD2028068DF8410031462846EEF737F9711C81
S21402CD308DF83600284608F00AF8F11CADF83400E3
S21402CD40284608F004F8711DADF81400284607F0CE
S21402CD50FEFFF11DADF81A00284607F0F8FF06F1AF
S21402CD600901ADF81C00284607F0F1FF06F10B0199
S21402CD70ADF81600284607F0EAFF06F10D01ADF8F9
S21402CD801800284607F0E3FF06F10F01ADF81E0073
S21402CD90284607F0DCFF14ACADF820000FBB29468E
S21402CDA00097082306F11102204607F083FF06F1DA
S21402CDB01901284607F0CBFF012303FA0AF3ADF860
S21402CDC04C30284BADF858001B68129305AA09ABE5
S21402CDD00DA93846CDF84490FFF7D8F977E51746FF
S21402CDE07AE798E8030084E803004FF6FF70E3E76B
S21402CDF07688112D5146304610D1EEF7CFF80DAA9F
S21402CE00054604F10F0130460AF067FB00270DAB1A
S21402CE103A4641462846FFF787FA58E5132D03D1CE
S21402CE20EEF7BCF80546F2E7EEF7B8F80227054635
S21402CE30EDE7514670880DAA0AF04FFB08F0CEF8CF
S21402CE4001460DA80AF0C8FA41E500BF44160020C4
S21402CE509E4D0020A84D00205E440020803C00200D
S21402CE60EF150020843C00202DE9F0410546C88CD1
S21402CE70A4B00C460BAA91F82A10C0F3400000F0AA
S21402CE8067F930B901220DF12B0113A809F07BFADC
S21402CE9020B10125284624B0BDE8F081208B0AF097
S21402CEA04CFBFF280646F4D00DF13C08434613AA75
S21402CEB004F11001012000F0CFF80028E9D1002D7E
S21402CEC05BD0012D0CBF1227142723690093012281
S21402CED03B46002113A8FFF7CFFA231D0093CDE9A6
S21402CEE00168294B0E22422113A807F09DFF002D50
S21402CEF045D0637B8DF873302822BDF8383008930E
S21402CF00BDF836300793BDF830300693BDF82E30A4
S21402CF100593BDF834300493BDF832300393BDF860
S21402CF202C30029323880193A37800934221174B57
S21402CF3013A807F079FF25BB08F050F8144B0190B0
S21402CF4000934221134B382213A807F06DFF4221AB
S21402CF5004F11C06324613A80AF096FA054648B9AA
S21402CF600BA803F00DFD0C4B0C4A1F70E36913600F
S21402CF70236A5360FFF772FA8CE71027A5E7272289
S21402CF80BBE73921E4E700BF465904004A590400CA
S21402CF902E4D002054590400441600209E4D0020B9
S21402CFA070B506468EB0D0690D46116A05AB03C34E
S21402CFB0144615B3012D0CBF1323152322690092C4
S21402CFC00022114607A8FFF757FA8DF82A60B5B96E
S21402CFD023880393A3780293637B019304341B2173
S21402CFE0084B00940F2207A807F01EFF1B2105AA74
S21402CFF007A80AF049FA0EB070BD1123DEE70F212A
S21402D000F5E700BF5759040070B5044690B0C069F2
S21402D0100D46216A07AB03C323690093164609A887
S21402D020162301220021FFF727FAA38C049334F873
S21402D030043B0E22CDE90263CDE90045054B1C21D7
S21402D04009A807F0F1FE07AA1C2109A80AF01CFA93
S21402D05010B070BD5C5904002DE9F04306468FB04F
S21402D06008890D46174698460AF067FAFF2856D0F2
S21402D0700F2809AC01D0042835D12A686B6812BA89
S21402D0801BBA2046CDE9052205ADCDE9073305F0EA
S21402D09021FA052320468DF82430E3F745FB2A467D
S21402D0A029460120E3F700FB95E80F000DF1040C7A
S21402D0B08CE80F00204605F00DFA092320468DF86D
S21402D0C0243005F00BFA01A9204605F09BFC204609
S21402D0D0E3F72AFB424639463046E3F7E5FA0020F4
S21402D0E00FB0BDE8F0830028E4D12B686A680D4DC6
S21402D0F093FA83FC12BAA64605F1100928686968F5
S21402D100734603C308354D459E46F7D1CDF828C071
S21402D1100C9294E80F0001AD85E80F00CAE70220E2
S21402D120DEE700BF7859040007B5084B1A784FF6B9
S21402D130FF630093531C003A18BF01224FF6F771A3
S21402D14002200AF043FA03B05DF804FB6B4C0020A1
S21402D15070B586B00DF116030093064605AB0D4674
S21402D160144604A90DF112020DF10E000AF010FA8F
S21402D170BDF80E30FBB908F000FC208015B1BDF8F2
S21402D180142022BB00232381E380BDF80E0006B1E3
S21402D19058BB00236380A3806381A381BDF8163049
S21402D1A00093BDF81220BDF81430BDF810100AF036
S21402D1B00DFA002004E0BDF810209A4202D10120A8
S21402D1C006B070BD23800133ADF80E30D6E7BDF849
S21402D1D016309B1A0133AB42F1DB1544ADB26B1E1F
S21402D1E0E2802381ADF81450CFE71D4A5188E1B1A1
S21402D1F09388D3B16180A380518911B3938903B315
S21402D2006181A381BDF810308342D8DDA28863888D
S21402D2109A42D4DDBDF81620BDF814309A42CEDD0F
S21402D220A28963899A42B9DCC9E7BDF81010A180C9
S21402D2300B18013BC3F34F036380013BADF810307C
S21402D240DAE7BDF81620BDF81430A2811344013B7C
S21402D250C3F34F036381013BADF81630D2E700BF3C
S21402D2606044002081F0004102E000BF83F00043EA
S21402D27030B54FEA41044FEA430594EA050F08BF6A
S21402D28090EA020F1FBF54EA000C55EA020C7FEA2E
S21402D290645C7FEA655C00F0E2804FEA5454D4EBAB
S21402D2A05555B8BF6D420CDD2C4480EA020281EA75
S21402D2B0030382EA000083EA010180EA020281EAAD
S21402D2C00303362D88BF30BD11F0004F4FEA0131FF
S21402D2D04FF4801C4CEA113102D0404261EB41010E
S21402D2E013F0004F4FEA03334CEA133302D0524294
S21402D2F063EB430394EA050F00F0A780A4F1010450
S21402D300D5F1200E0DDB02FA0EFC22FA05F2801889
S21402D31041F1000103FA0EF2801843FA05F359416F
S21402D3200EE0A5F120050EF1200E012A03FA0EFCEE
S21402D33028BF4CF0020C43FA05F3C01851EBE37118
S21402D34001F0004507D54FF0000EDCF1000C7EEB35
S21402D35000006EEB0101B1F5801F1BD3B1F5001F73
S21402D3600CD349085FEA30004FEA3C0C04F1010492
S21402D3704FEA445212F5800F80F09A80BCF1004FBB
S21402D38008BF5FEA500C50F1000041EB045141EA3D
S21402D390050130BD5FEA4C0C404141EB0101013C06
S21402D3A028BFB1F5801FE9D291F0000F04BF0146F5
S21402D3B00020B1FA81F308BF2033A3F10B03B3F1C7
S21402D3C020020CDA0C3208DD02F1140CC2F10C0257
S21402D3D001FA0CF021FA02F10CE002F11402D8BFB5
S21402D3E0C2F1200C01FA02F120FA0CFCDCBF41EA81
S21402D3F00C019040E41AA2BF01EB0451294330BD50
S21402D4006FEA04041F3C1CDA0C340EDC04F114042C
S21402D410C4F1200220FA04F001FA02F340EA030003
S21402D42021FA04F345EA030130BDC4F10C04C4F149
S21402D430200220FA02F001FA04F340EA0300294629
S21402D44030BD21FA04F0294630BD94F0000F83F473
S21402D450801306BF81F480110134013D4EE77FEA56
S21402D460645C18BF7FEA655C29D094EA050F08BFA2
S21402D47090EA020F05D054EA000C04BF1946104683
S21402D48030BD91EA030F1EBF0021002030BD5FEAC7
S21402D490545C05D14000494128BF41F0004130BDEF
S21402D4A014F580043CBF01F5801130BD01F0004543
S21402D4B045F0FE4141F470014FF0000030BD7FEAB6
S21402D4C0645C1ABF194610467FEA655C1CBF0B46B1
S21402D4D0024650EA013406BF52EA033591EA030FC8
S21402D4E041F4002130BD00BF90F0000F04BF0021C0
S21402D4F0704730B54FF4806404F132044FF00005F3
S21402D5004FF0000150E700BF90F0000F04BF00216B
S21402D510704730B54FF4806404F1320410F00045D1
S21402D52048BF40424FF000013EE700BF42004FEACC
S21402D530E2014FEA31014FEA02701FBF12F07F4349
S21402D54093F07F4F81F06051704732F07F4208BF00
S21402D550704793F07F4F04BF41F40021704730B507
S21402D5604FF4607401F0004521F000411CE700BF53
S21402D57050EA010208BF704730B54FF000050AE0D6
S21402D58050EA010208BF704730B511F0004502D5D7
S21402D590404261EB41014FF4806404F132045FEAD9
S21402D5A0915C3FF4D8AE4FF003025FEADC0C18BF82
S21402D5B003325FEADC0C18BF033202EBDC02C2F174
S21402D5C0200300FA03FC20FA02F001FA03FE40EA06
S21402D5D00E0021FA02F11444BDE600BF70B54FF00A
S21402D5E0FF0C4CF4E06C1CEA11541DBF1CEA1355E8
S21402D5F094EA0C0F95EA0C0F00F0DEF82C4481EA50
S21402D600030621EA4C5123EA4C5350EA013518BF6F
S21402D61052EA033541F4801143F4801338D0A0FB5C
S21402D62002CE4FF00005E1FB02E506F00042E0FB09
S21402D63003E54FF00006E1FB03569CF0000F18BF0F
S21402D6404EF0010EA4F1FF04B6F5007F64F54074B7
S21402D65004D25FEA4E0E6D4146EB060642EAC6214A
S21402D66041EA55514FEAC52040EA5E504FEACE2EB7
S21402D670B4F1FD0C88BFBCF5E06F1ED8BEF1004FBA
S21402D68008BF5FEA500E50F1000041EB045170BD36
S21402D69006F0004646EA010140EA020081EA03017A
S21402D6A0B4EB5C04C2BFD4EB0C0541EA045170BD76
S21402D6B041F480114FF0000E013C00F3AB8014F1F0
S21402D6C0360FDEBF002001F0004170BDC4F1000439
S21402D6D0203C35DA0C341BDC04F11404C4F12005BA
S21402D6E000FA05F320FA04F001FA05F240EA020015
S21402D6F001F0004221F0004110EBD37021FA04F64B
S21402D70042EB06015EEA430E08BF20EAD37070BD04
S21402D710C4F10C04C4F1200500FA04F320FA05F063
S21402D72001FA04F240EA020001F0004110EBD37065
S21402D73041F100015EEA430E08BF20EAD37070BDD5
S21402D740C4F1200500FA05F24EEA020E20FA04F3AE
S21402D75001FA05F243EA020321FA04F001F000415D
S21402D76021FA04F220EA020000EBD3705EEA430ECE
S21402D77008BF20EAD37070BD94F0000F0FD101F0FD
S21402D7800046400041EB010111F4801F08BF013C36
S21402D790F7D041EA060195F0000F18BF704703F074
S21402D7A00046520043EB030313F4801F08BF013DFB
S21402D7B0F7D043EA0603704794EA0C0F0CEA1355B7
S21402D7C018BF95EA0C0F0CD050EA410618BF52EA71
S21402D7D04306D1D181EA030101F000414FF0000077
S21402D7E070BD50EA410606BF1046194652EA430685
S21402D7F019D094EA0C0F02D150EA013613D195EAF9
S21402D8000C0F05D152EA03361CBF104619460AD140
S21402D81081EA030101F0004141F0FE4141F470014A
S21402D8204FF0000070BD41F0FE4141F4780170BD3A
S21402D83070B54FF0FF0C4CF4E06C1CEA11541DBF9F
S21402D8401CEA135594EA0C0F95EA0C0F00F0A7F8A1
S21402D850A4EB050481EA030E52EA03354FEA0131CE
S21402D86000F088804FEA03334FF0805545EA1313E1
S21402D87043EA12634FEA022245EA111545EA1065A9
S21402D8804FEA00260EF000419D4208BF964244F140
S21402D890FD0404F5407402D25B084FEA3202B61A5F
S21402D8A065EB03055B084FEA32024FF480104FF433
S21402D8B0002CB6EB020E75EB030E22BFB61A7546A7
S21402D8C040EA0C005B084FEA3202B6EB020E75EB3A
S21402D8D0030E22BFB61A754640EA5C005B084FEAA2
S21402D8E03202B6EB020E75EB030E22BFB61A75466F
S21402D8F040EA9C005B084FEA3202B6EB020E75EB7A
S21402D900030E22BFB61A754640EADC0055EA060E3A
S21402D91018D04FEA051545EA16754FEA06164FEA7D
S21402D920C30343EA52734FEAC2025FEA1C1CC0D129
S21402D93011F4801F0BD141EA00014FF000004FF0B6
S21402D940004CB6E711F4801F04BF01430020B4F177
S21402D950FD0C88BFBCF5E06F3FF6AFAEB5EB030C2F
S21402D96004BFB6EB020C5FEA500C50F1000041EB2C
S21402D970045170BD0EF0004E4EEA113114EB5C04F9
S21402D980C2BFD4EB0C0541EA045170BD41F48011CC
S21402D9904FF0000E013C90E645EA060E8DE60CEAD4
S21402D9A0135594EA0C0F08BF95EA0C0F3FF43BAFF1
S21402D9B094EA0C0F0AD150EA01347FF434AF95EAA8
S21402D9C00C0F7FF425AF104619462CE795EA0C0F8C
S21402D9D006D152EA03353FF4FDAE1046194622E759
S21402D9E050EA410618BF52EA43067FF4C5AE50EA33
S21402D9F041047FF40DAF52EA43057FF4EBAE12E723
S21402DA004FF0FF3C06E000BF4FF0010C02E000BF03
S21402DA104FF0010C4DF804CD4FEA410C7FEA6C5CE6
S21402DA204FEA430C18BF7FEA6C5C1BD001B050EA89
S21402DA30410C0CBF52EA430C91EA030F02BF90EA74
S21402DA40020F0020704710F1000F91EA030F58BF33
S21402DA50994208BF90422CBFD8176FEAE37040F095
S21402DA60010070474FEA410C7FEA6C5C02D150EA33
S21402DA70013C07D14FEA430C7FEA6C5CD6D152EAEE
S21402DA80033CD3D05DF8040B704700BF84461046B3
S21402DA9062468C461946634600E000BF01B5FFF7B2
S21402DAA0B7FF002848BF10F1000F01BD4DF808ED82
S21402DAB0FFF7F4FF0CBF012000205DF808FB00BF53
S21402DAC04DF808EDFFF7EAFF34BF012000205DF8AD
S21402DAD008FB00BF4DF808EDFFF7E0FF94BF0120FA
S21402DAE000205DF808FB00BF4DF808EDFFF7CEFFFB
S21402DAF094BF012000205DF808FB00BF4DF808ED3A
S21402DB00FFF7C4FF34BF012000205DF808FB00BF0A
S21402DB104FEA410212F5001215D211D56FF478734E
S21402DB20B3EB625212D94FEAC12343F0004343EAF1
S21402DB30505311F0004F23FA02F018BF40427047CC
S21402DB404FF00000704750EA013005D111F0004056
S21402DB5008BF6FF0004070474FF00000704700BFEC
S21402DB604A0011D212F5001211D20DD56FF4787355
S21402DB70B3EB62520ED44FEAC12343F0004343EAAA
S21402DB80505323FA02F070474FF00000704750EAF5
S21402DB90013002D14FF0FF3070474FF0000070475F
S21402DBA053B94AB9002908BF00281CBF4FF0FF31FD
S21402DBB04FF0FF3000F06AB9ADF1080C6DE904CE03
S21402DBC000F006F8DDF804E0DDE9022304B0704751
S21402DBD02DE9F047089D0C46002B4ED194468C4505
S21402DBE08646B2FA82F262D94AB1C2F12003914065
S21402DBF020FA03F30CFA02FC194300FA02FE4FEA7B
S21402DC001C471FFA8CF6B1FBF7F44FEA1E4307FBDC
S21402DC10141143EA014304FB06F199420AD91CEBAC
S21402DC20030304F1FF3080F01381994240F2108121
S21402DC30023C6344591A1FFA8EF3B1FBF7F007FB56
S21402DC40101143EA014300FB06F69E420AD91CEB7A
S21402DC50030300F1FF3180F0FD809E4240F2FA801D
S21402DC60634402389B1B40EA044000211DB1D340A6
S21402DC700022C5E90032BDE8F0878B4205D90DB116
S21402DC80C5E9000100210846F5E7B3FA83F1002949
S21402DC9046D1A34202D39042C0F0F180861A64EBCA
S21402DCA003030120002DE6D0C5E90063E3E7002A5E
S21402DCB040F09180A1EB0C044FEA1C481FFA8CF747
S21402DCC00121B4FBF8F64FEA1E4308FB164443EA6A
S21402DCD0044307FB06F0984208D91CEB030306F13F
S21402DCE0FF3402D2984200F2CE8026461C1A1FFA51
S21402DCF08EF3B4FBF8F008FB104443EA044300FB3F
S21402DD0007F79F4208D91CEB030300F1FF3402D247
S21402DD109F4200F2B1802046DB1B40EA0640A5E7A0
S21402DD20C1F120068B4022FA06F71F4320FA06FCB2
S21402DD3004FA01F343EA0C03F44000FA01F8380C43
S21402DD404FEA1349B4FBF0FE1FFA87FC00FB1E44A1
S21402DD5049EA04440EFB0CF9A14502FA01F20AD97B
S21402DD603C190EF1FF3A80F08580A14540F2828090
S21402DD70AEF1020E3C44A4EB09041FFA83F9B4FB8D
S21402DD80F0F300FB134449EA044403FB0CFCA445ED
S21402DD9007D93C1903F1FF3068D2A44566D9023B85
S21402DDA03C4443EA0E40A0FB0293A4EB0C049C42C4
S21402DDB0CE469C4652D34FD055B1B8EB0E0364EB19
S21402DDC00C0404FA06F6CB40CC401E43C5E90064B8
S21402DDD00021BDE8F087C2F1200320FA03F10CFA15
S21402DDE002FC24FA03F394400C434FEA1C4800FA60
S21402DDF002FE1FFA8CF7B3FBF8F008FB1031230C77
S21402DE0043EA014300FB07F1994208D91CEB0303DE
S21402DE1000F1FF362CD299422AD9023863445B1AA3
S21402DE20A4B2B3FBF8F108FB113344EA034401FB46
S21402DE3007F3A34208D91CEB040401F1FF3613D200
S21402DE40A34211D902396444E41A41EA004138E790
S21402DE500446EFE6084605E7C845ADD2B9EB020E22
S21402DE6063EB070C0138A7E73146EDE7034698E770
S21402DE703046D4E7D6467EE7634402384CE7064689
S21402DE80234608460EE7023E63442FE7704700BF6C
S21402DE9008B5064B044613B10021AFF30080044BCD
S21402DEA01B6803B19847204600F001FE0000000000
S21402DEB0C43D0020242B2DE9F0478646904601D823
S21402DEC0012B06D100F0D0F9162303600020BDE82E
S21402DED0F08736480D462A4615F8014B065D16F0C1
S21402DEE00806F8D12D2C24D12C780126951C2BBBA4
S21402DEF0302C30D00A2306F1004C0CF1FF3C0022F5
S21402DF00BCFBF3F9104603FB19CAA4F13007092F2C
S21402DF1028D83C46A34234DD571C07D081452DD372
S21402DF2001D1A2452ADB00FB0340012215F8014B72
S21402DF30EBE72B2C04BF2C78951CD8E7102BDAD1F4
S21402DF40302CD8D12A7802F0DF02582AD3D16C7846
S21402DF5010230235CFE72B7803F0DF03582BF6D0D9
S21402DF600823C8E7A4F14107192F01D8373CD1E7A7
S21402DF70A4F16107192F04D8573CCBE74FF0FF32C4
S21402DF80D4E7531C08D12223CEF800306046B8F1FD
S21402DF90000F9CD0691E06E006B14042B8F1000FA1
S21402DFA095D0002AF6D1C8F8001090E789590400E7
S21402DFB013460A46014602480068FFF77BBF00BFC9
S21402DFC01C1500202DE9F043364E86460D4628469F
S21402DFD015F8014B375D17F00807F8D12D2C26D11E
S21402DFE02C780127851C3BBB302C32D00A234FF0FD
S21402DFF0FF380026B8FBF3F803FB08F96FEA0909B5
S21402E0003046A4F1300CBCF1090F29D86446A3426D
S21402E01037DDB6F1FF3F07D080452FD301D1A145AA
S21402E0202CDB00FB0340012615F8014BE9E72B2CFD
S21402E03004BF2C78851CD6E7102BD8D1302CD6D12D
S21402E040287800F0DF005828D1D16C7810230235EA
S21402E050CDE72B7803F0DF03582BF6D00823C6E76C
S21402E060A4F1410CBCF1190F01D8373CCFE7A4F15B
S21402E070610CBCF1190F04D8573CC8E74FF0FF36C5
S21402E080D2E7731C06D12223CEF80030304632B9CE
S21402E090BDE8F08307B14042002AF9D006B1691EF6
S21402E0A01160F5E78959040013460A4601460248FC
S21402E0B00068FFF787BF00BF1C1500202DE9F04F50
S21402E0C085B09046464A029089461E460D462B4625
S21402E0D015F8014B175D17F00807F8D12D2C41D122
S21402E0E02C7801279D1C002E41D1302C4CD00A26BC
S21402E0F007F1004A07F1FF3B0AF1FF3AF3173246EF
S21402E100584651460393FFF74BFD019200228E4676
S21402E110844611461046A4F13003092B05D9A4F112
S21402E1204103192B37D8A4F137039E423DDD541C18
S21402E13015D084457EEB010234D38E4508BF844554
S21402E14002D1019A9A422DDB039A714300FB021117
S21402E150A6FB00020A44181842EBE371012215F8E6
S21402E160014BD8E72B2C04BF2C789D1CBBE7102E46
S21402E170BED1302CBCD12B7803F0DF03582BB7D19D
S21402E1806C7810260235B3E72B7803F0DF03582BA2
S21402E190F6D00826ACE7A4F16103192B05D8A4F142
S21402E1A05703C2E74FF0FF32D9E7531C0AD1029A4F
S21402E1B02223136058465146B8F1000F0AD105B023
S21402E1C0BDE8F08F17B1404261EB4101B8F1000F94
S21402E1D0F5D00AB105F1FF39C8F80090EFE700BFA5
S21402E1E08959040013460A46014602480068FFF7AA
S21402E1F065BF00BF1C15002070B50D4D0D4C641B8D
S21402E200A4100026A64209D10B4D0C4C09F0E8FAE0
S21402E210641BA4100026A64205D170BD55F8043B27
S21402E22098470136EEE755F8043B98470136F2E781
S21402E230601600206016002060160020641600207B
S21402E240024B0146186800F015B800BF1C150020E6
S21402E250014809F0BEBA00BFAA4D0020014809F0E5
S21402E260B9BA00BFAA4D0020014B1868704700BF1C
S21402E2701C15002038B50546002941D051F8043C4B
S21402E2800C1F002BB8BFE418FFF7E2FF1D4A136805
S21402E29033B9636014602846BDE83840FFF7DEBF36
S21402E2A0A34208D9206821188B4201BF19685B680F
S21402E2B009182160EDE71A465B680BB1A342FAD94A
S21402E2C011685018A0420BD12068014450188342AE
S21402E2D01160E0D118685B68536008441060DAE7A2
S21402E2E002D90C232B60D6E7206821188B4204BF84
S21402E2F019685B68636004BF091821605460CAE746
S21402E30038BD00BF883C00207047D2F7C3BBEBF78E
S21402E3101FB808B501F000FF01F00BFFD8F72EF981
S21402E320FAE700F030BB08B5D3F724FBD3F72CFE90
S21402E330D2F7C6FED2F7D2FEBDE80840D3F76CB9D4
S21402E34008B500F01EFBD8F71DFC00F0C8FED2F799
S21402E35093FEBDE80840D2F789BD08B5D5F74AFC5A
S21402E36000F0BBFED5F752FCDBF792FADBF72EFB8A
S21402E370BDE80840DBF766BB70477047D2F79CBD26
S21402E38008B502F029F8BDE8084002F052B8704716
S21402E390D2F780BE012070470120704738B5D2F709
S21402E3A085FD044601F0FFFD051E18BF2546DBF776
S21402E3B0E7FB041E18BF2C46FFF7ECFF002818BF29
S21402E3C0204638BD38B5D8F7DFF90446D2F768FEDE
S21402E3D004281ED002284FF0000508BF012401F0D1
S21402E3E0E4FD042817D0022808BF012402F03FF8F3
S21402E3F0042812D0022808BF0124FFF7CDFF042804
S21402E4000DD0022808BF0124002D18BF0024204684
S21402E41038BD0125E3E70125E8E70125EDE70024FD
S21402E420F5E7FF20704708B5FFF7FBFF002008BDA1
S21402E4301FB544F20212ADF80C2003AA034600925E
S21402E440042100220120DAF7CDFB05B05DF804FBBB
S21402E4501FB544F20212ADF80C2003AA034600923E
S21402E460042105220120DAF7BDFB05B05DF804FBA6
S21402E4701FB503AA034600920120022203218DF84B
S21402E4800C00DAF7AFFB05B05DF804FB1FB54FF4DE
S21402E4908172ADF80C2003AA0346009205214122A0
S21402E4A00120DAF79FFB05B05DF804FB1FB542F2C8
S21402E4B00122ADF80C2003AA034600920421022290
S21402E4C00120DAF78FFB05B05DF804FB1FB50222C8
S21402E4D08DF80C2003AA034600920521062201208D
S21402E4E0DAF780FB05B05DF804FB1FB502228DF853
S21402E4F00C2003AA03460092032100220120DAF729
S21402E50071FB05B05DF804FB07B5002200920122FC
S21402E510034603211046DAF765FB03B05DF804FBF9
S21402E5201FB540F20122ADF80C2003AA0346009262
S21402E530082104220120DAF755FB05B05DF804FB3A
S21402E5401FB540F20112ADF80C2003AA0346009252
S21402E550082105220120DAF745FB05B05DF804FB29
S21402E56007B500220346009206210120DAF73AFB9D
S21402E57003B05DF804FB1FB540F20112ADF80C20A3
S21402E58003AA03460092062140220120DAF72AFB5C
S21402E59005B05DF804FB07B500220092012203468F
S21402E5A006211046DAF71EFB03B05DF804FB07B53A
S21402E5B0002203460092062141220120DAF712FBCE
S21402E5C003B05DF804FB07B500220092042203465E
S21402E5D011460120DAF706FB03B05DF804FB1FB50F
S21402E5E002228DF80C2003AA03460092052103227C
S21402E5F00120DAF7F7FA05B05DF804FB1FB5022230
S21402E6008DF80C2003AA034600920421032201205F
S21402E610DAF7E8FA05B05DF804FB1FB54FF481722D
S21402E620ADF80C2003AA034600920521022201201F
S21402E630DAF7D8FA05B05DF804FB07B50022034600
S21402E640009211460120DAF7CDFA03B05DF804FB1A
S21402E6501FB542F22112ADF80C2003AA034600921F
S21402E660082103220120DAF7BDFA05B05DF804FBA3
S21402E6701FB542F22112ADF80C2003AA03460092FF
S21402E6804FF4407147220120DAF7ACFA05B05DF884
S21402E69004FB07B500220346009208210722012048
S21402E6A0DAF7A0FA03B05DF804FB1FB54FF48172E7
S21402E6B0ADF80C2003AA034600920521042201208D
S21402E6C0DAF790FA05B05DF804FB07B500220346B8
S21402E6D00092062102220120DAF784FA03B05DF8DE
S21402E6E004FB1FB540F20112ADF80C2003AA034644
S21402E6F00092032140220120DAF774FA05B05DF891
S21402E70004FB1FB502228DF80C2003AA00920122F8
S21402E710034604211046DAF765FA05B05DF804FBF5
S21402E7201FB54FF48172ADF80C2003AA00920122A5
S21402E730034605211046DAF755FA05B05DF804FBE4
S21402E74007B50092027D0B468189806802F097FB2E
S21402E750003818BF0120C00103B05DF804FB2DE9A4
S21402E760F041057D83896F1CBB4206460C4602D2E9
S21402E7708020BDE8F081294603F0F3FA2070B389C1
S21402E78005F103084345F3D33946304603F0ECFA65
S21402E790B38960802F1DBB42EAD34146304603F060
S21402E7A0E0FA2378207133B14FF6FF73E38000233B
S21402E7B0A360002319E03946304603F0D5FA2378E1
S21402E7C0E0800635002BF2D12946304603F0D0FA17
S21402E7D0A060B068284403F0B4FA237801300544F8
S21402E7E0ADB2002BE5D1B3682B44E3600020C0E74E
S21402E7F02DE9F041067D8389771CBB4205460C460F
S21402E80002D28020BDE8F081314603F0AAFA2070D9
S21402E810AB8906F102084345F3D33946284603F08E
S21402E820A0FA6070AB89371DBB42EAD34146284640
S21402E83003F09AFA237860801BB1FF23237100232A
S21402E8400AE03946284603F08CFA2378207105360A
S21402E850002BF4D1AB683344A3600020D2E77047A4
S21402E86008B50020DFF70CF80020E0F7DBFD0020FB
S21402E870DBF77AFD002002F004FA0020DCF766FBE4
S21402E8800020DCF74FFF0020DDF76EF9BDE80840F8
S21402E8900020DDF7D1BD08B5012002F055F9BDE82C
S21402E8A00840012002F0EDB908B50220DFF7A2F811
S21402E8B00220DDF763F90220E1F7CCF80220DEF74A
S21402E8C0A9F9BDE808400220DEF7DEBD704702F077
S21402E8D0BDBD70477047DCF7CBBA704770477047CC
S21402E8E07047704710B50446DEF7F4FC2046DCF7A6
S21402E8F0EFFD2046BDE81040DEF704BA02F0CDB9BF
S21402E90002F0D7B9DCF718BF7047704770477047F8
S21402E9107047704770477047704770477047704738
S21402E9207047DDF7D7B870477047DDF753BCDDF7A1
S21402E930CBBCDDF773BD704702F084B970477047F1
S21402E94082B06B4683E8060093E8060002B0DBF767
S21402E95027BA704770477047704703F0A9B903F0AB
S21402E960ADB970470020704703F0AAB903F0B6B9F4
S21402E97008B50422012305210020D4F73DFD00201E
S21402E98008BDFFF7F5BF08B5002318460422052187
S21402E990D4F732FD002008BD70B5002506462C4689
S21402E9A0052C20D8DFE804F003070B0F13175B21B2
S21402E9B00820D3F745F80C210820D3F741F8D121D7
S21402E9C00820D3F73DF880210820D3F739F8002134
S21402E9D00820D3F735F8294608206C1CD3F730F800
S21402E9E0E4B225460624A4F10E03012B05D85A21CB
S21402E9F00820D3F725F80134D2E7102C05D1BDE85C
S21402EA0070405D210820D3F71BB8B31F195DEFE7EE
S21402EA1007B520F07F4040EA8170012301906846E6
S21402EA200093FFF7B9FF03B05DF804FBFEE74FF46F
S21402EA30004070474FF47A707047002303607047B7
S21402EA4003680B600160704710B538B132B129B166
S21402EA5000230139D45C14B90023037010BD8B4225
S21402EA60FAD200F8014B0133F4E7034638B100202E
S21402EA70814204D01A5C02B970470130F8E7704749
S21402EA804FF0FF31FFF7F1BF70B50C46164605464C
S21402EA9060B15AB151B1FFF7F3FF844206D9211A89
S21402EAA032462844BDE87040FFF7CEBF70BDFEE791
S21402EAB0436803B1184722207047436903B11847D9
S21402EAC0FF20704730221C2302FB003000F1047046
S21402EAD000F5204001EBC00189000868704738B590
S21402EAE00D682B78022B0C460CD069792879FFF733
S21402EAF0E9FFB0FA80F0400928702046BDE83840A9
S21402EB00D1F7ACBF38BD03681878704710B50468F3
S21402EB102378022B15D061792079FFF7D3FFA279EB
S21402EB20012A15D10038638818BF012040EA430342
S21402EB3063F03F039BB24FF6E0718B4202D1227024
S21402EB40638010BD4FF6DF729342F9D10022F6E7DA
S21402EB50002AF6D1B0FA80F040092070F1E7036887
S21402EB601A78022A03D100225A80D2F7D5BE7047FD
S21402EB7013B504682378022B10D0A379022B0BD18D
S21402EB8060790021D3F718FA627920790023CDE95B
S21402EB9000331146D4F7ECFB0223237002B010BDFB
S21402EBA04FF060420123D2F8001E83400B43C2F8A6
S21402EBB0003E002070474FF060410122D1F8003E2F
S21402EBC0824023EA0203C1F8003E00207047D0E9E3
S21402EBD000031847836800681847C3680068184728
S21402EBE0036900681847437810B5012204780C219F
S21402EBF09A40302313FB0413817803F1804303F514
S21402EC00204319B903F180631A6010BD03F1C06393
S21402EC10FAE7437810B5012204780C219A40302393
S21402EC2013FB0413817803F1804303F5204319B9DB
S21402EC3003F1C0631A6010BD03F18063FAE74178FE
S21402EC40037801228A4030214B4303F1804303F5C7
S21402EC5020439A617047024600780C21302313FB4A
S21402EC60001303F10473517803F5204301EBC30349
S21402EC709B0018689378C0B213B9B0FA80F04009C6
S21402EC80704710B588B004460E9807900D98069007
S21402EC909DF8300005900B9804909DF8280003908C
S21402ECA00020CDE9013000920B4622460121D2F720
S21402ECB003FF08B010BD704713B5044601A8D4F789
S21402ECC0F5FD9DF80630238040F201136380D4F7E9
S21402ECD013FE6060002002B010BDD4F79FBC08B5DA
S21402ECE0D4F78CFC002008BD10B5044644EA0103A4
S21402ECF013F00303084609D1934201D1002010BD48
S21402ED0054F8231040F823100133F5E79200214609
S21402ED1008F005FDF2E7704708B5D3F7D7FA0130D9
S21402ED2008BDEFF3108072B6704700B962B670473E
S21402ED30602383F311887047EFF31180602383F317
S21402ED401188704780F31188704784B00B6800936F
S21402ED504B6801938B680293CB680393009B036016
S21402ED60019B0360029B0360039B036000230093E6
S21402ED7001930293039304B0704784B00368009330
S21402ED80036801930368029303680393009B0B6076
S21402ED90019B4B60029B8B60039BCB60002300931E
S21402EDA001930293039304B0704730B5D1E902236E
S21402EDB0D1E90054056004600260036030BD30B5DE
S21402EDC00568046802680368C1E90054C1E90223C1
S21402EDD030BD7FB58A0704460B4610D06D4601F15A
S21402EDE01006186859682A4603C20833B342154605
S21402EDF0F7D169462046FFF7D8FF04B070BD0091F0
S21402EE00009904B0BDE87040FFF7CFBF30B58B075E
S21402EE1085B00C4610D06946FFF7D1FF0D46234653
S21402EE2004AC2A4603CAA24218605960154603F18A
S21402EE300803F6D105B030BD0091009905B0BDE8D3
S21402EE403040FFF7BCBF00F1424303F58013102A9F
S21402EE5010B54FEA43130AD101221A6000F58870F2
S21402EE60FFF773FF1031BDE81040FFF76EBF0022B8
S21402EE701A602430F7E7F0B50B46990789B00446C6
S21402EE8015462DD0082A19D16D4603F110061868CA
S21402EE9059682A4603C20833B3421546F7D10822F8
S21402EEA069462046FFF7CFFF03226B460020013A51
S21402EEB0186003F10403FAD209B0F0BD6E4603F1FE
S21402EEC0200718685968324603C20833BB42164602
S21402EED0F7D12A4669462046FFF7B5FF0722E4E740
S21402EEE00093009909B0BDE8F040FFF7ACBF10B53B
S21402EEF02030FFF742FF102A04D1BDE8104010313F
S21402EF00FFF73BBF10BD30B58B0789B00C461546E0
S21402EF1025D06946FFF7EBFF082D6A4613D104ADEC
S21402EF20134603CBAB42206061601A4604F1080424
S21402EF30F6D103226B460020013A186003F104035F
S21402EF40FAD209B030BD08AD134603CBAB422060FF
S21402EF5061601A4604F10804F6D10722EAE7009136
S21402EF60009909B0BDE83040FFF7C1BF704770474F
S21402EF707047D3F78DBED3F71DBE70B505460E4655
S21402EF801446FFF7CEFE2B685C4034405C402C6093
S21402EF90BDE87040FFF7C9BED4F788BBCB435B0021
S21402EFA003F00A03C360C160704738B5D4F7F4FCB7
S21402EFB08B7C04460D461BB1036843F08043036016
S21402EFC0EB7C1BB12B7D43F08003A3652A8A6B7B07
S21402EFD01343EA89134363602B7BD5E9011220466B
S21402EFE0D4F796FC6B7D1BB1236843F48033236011
S21402EFF0AB7D1BB1236843F400432360EB7D2A7E7E
S21402F0001B07120502F4E00203F0E04313432366F3
S21402F010636F23F030036367626F6B7E134363672D
S21402F0202B78E36038BD38B5D4F7B6FC0B8A026895
S21402F03043F0010313438A7B43EA82230360036897
S21402F0400A7D43EA427303608B7C04460D461BB17D
S21402F050CB7C43F0800383652B7B43F48053636051
S21402F060D5E901122046D4F785FC6B7B0BB1102341
S21402F070E3606B7D1BB1236843F480332360AB7D72
S21402F0801BB1236843F400432360EB7D2A7E1B07F3
S21402F090120503F0E04302F4E002134323662B78E2
S21402F0A0E36038BD03695A06FCD5416303699B06D3
S21402F0B0FCD5C069C0B2704703695B06FCD54163E4
S21402F0C070470020704700207047002070470120DC
S21402F0D07047012070470F207047E3F7C5BD7047A1
S21402F0E070B504460D46FFF71CFEA36A102B0646B3
S21402F0F004F10501284614BF10220822FFF7BBFEC2
S21402F10005F1840004F14C01FFF763FE3046BDE8CA
S21402F1107040FFF70ABE2DE9F043074685B0164653
S21402F1201C460D4631B9D4F789FD054601463846D8
S21402F130FFF7D6FF44B3FFF7F4FD97F84230804658
S21402F140F3B10E2200210DF1020008F03AFB0E2C5C
S21402F150BB8DA14628BF4FF00E095BBA31464A4620
S21402F1600DF10200ADF8003008F0D9FA69462846DB
S21402F170D4F788FD0023A4EB09044E4487F84230F6
S21402F1802CB94046FFF7D1FD05B0BDE8F083102C40
S21402F19027464FF0100228BF10270021684608F0C5
S21402F1A010FB31463A46684608F0B9FA69462846E0
S21402F1B0D4F768FDE41B3E44E2E72DE9F04F8BB03E
S21402F1C00546DDF85080169E17469A460C464FF0C6
S21402F1D0010900297BD1D4F731FDCDF80090044611
S21402F1E02B6E2F714FF000095FFA88F7EB62C5F8B5
S21402F1F0449085F86C704246514605F15C000193D6
S21402F20008F08DFA159A019BC7F10F0B023AC7F167
S21402F2100E07B3EB0903FFB24FEA520247EAC202F5
S21402F22018BF012342EA8313514642460DF10900F4
S21402F2308DF8083008F073FA06AA4B465FFA8BFB85
S21402F2409146D9B28B4547D8002E59D166602660C2
S21402F250FFF767FDAB6A0190102B14BF102208223D
S21402F260691D2046FFF707FEC4F8886002A9C4F8A5
S21402F27088602046C4F88860C4F88860D4F702FD27
S21402F2800198FFF752FD424651460DF119008DF8DE
S21402F290187008F044FA08F101005A46314648440C
S21402F2A008F08FFA01238DF82730FFF73AFD04F1B4
S21402F2B08407064649463846FFF78BFD3046FFF779
S21402F2C034FD009B6BB900200BB0BDE8F08F002325
S21402F2D080F84290009383E702F8016D0133360A04
S21402F2E0AFE7FFF71EFD05F14C0106463846FFF76D
S21402F2F08DFD3046FFF719FD2046D4F7A9FCE2E75C
S21402F3006FF08600E0E701440023884200D1704790
S21402F31000F8013BF9E72DE9FF47DDF83890DDF804
S21402F32048800C46064617469A46D4F787FC0C9B3E
S21402F330C6F86090224600930146CDE9018705464D
S21402F34053463046FFF739FF0446C8B90D9A4B4676
S21402F35029463046FFF7DFFE3FB1109B00933A4640
S21402F3600F9B29463046D4F7F7FC119A43462946A6
S21402F3703046D4F795FC044610B92846D4F768FC04
S21402F380204604B0BDE8F0872DE9F84315468946C5
S21402F39007469846D4F752FC0023436003600446AF
S21402F3A0FFF7BFFCB9F1100F14BF1022082239462E
S21402F3B0064604F180072046FFF75DFD41463846C3
S21402F3C0FFF707FD3046FFF7B0FC012D0CBF052303
S21402F3D00623A360256915F00205FBD1FFF7A1FC01
S21402F3E0089906463846FFF711FD3046FFF79DFCA2
S21402F3F02046D4F72DFC2846BDE8F8832DE9F041D7
S21402F40090461E46054678B38B422DD1D4F716FC9D
S21402F4100023436003600446FFF783FC102E074672
S21402F42014BF1022082229462046FFF724FD38463C
S21402F430FFF77BFC0523A360256915F00205FBD1C7
S21402F440FFF76FFC102E14BF102208224146074613
S21402F4502046FFF758FD3846FFF767FC2046D4F7EC
S21402F460F7FB2846BDE8F0816FF08600FAE77047A2
S21402F4700020704700207047C3681944836853F819
S21402F480210030F8023B1360704710B5012380F864
S21402F49088300378044653B100F064FA21462046C9
S21402F4A0D5F7E8F82046BDE8104000F050BA10BD87
S21402F4B038B50D460446D5F7C5F86B68C4F8B032C1
S21402F4C0A968204600F098F94FF0FF33C4F8B4322A
S21402F4D02046FFF7CDFF38BDD0F8B432013310B561
S21402F4E0044601D0002010BD00F0BFFAC4F8B402F2
S21402F4F00130F7D194F8B80280F00100F3E708B5BE
S21402F500D5F7DAF808BD0A782D2A08BF012200F1DD
S21402F510FF300CBF89180022D5F718B907281BD868
S21402F520DFE800F0060A0D101315041701207047D5
S21402F53000220820D5F70AB900221020FAE7002296
S21402F5402020F7E70820FFF7DEBF1020FBE7202089
S21402F550F9E70846D5F75CB9002070472DE9F7436E
S21402F5600728DDE90A760C4690461D4608D801387B
S21402F57006280AD8DFE800F01D27303A44574A002A
S21402F580212850D003B0BDE8F08300221146204661
S21402F590FEF78AFD3368C0B205EB83013A6845F888
S21402F5A02300013348F8221033603B6801333B6086
S21402F5B0E8E7002211462046FEF776FD336880B261
S21402F5C005EB8301EAE7002211462046FEF76CFDB2
S21402F5D0336805EB8301E1E7002211462046FEF779
S21402F5E0E7FC336840B205EB8301D7E700221146F9
S21402F5F02046FEF7DDFC336800B205EB8301CDE75B
S21402F600002211462046FEF7D3FCE1E700238DF8E0
S21402F610063089461E461D4619F8013F7D2B06D147
S21402F62025702D0A65703B6848F82340BDE7202BFD
S21402F630F2D006F00102013612B98DF80430EBE77B
S21402F6401022002101A88DF80530FEF7B1FC6319DF
S21402F65001359870ADB2DFE72DE9F04F9B4685B0D5
S21402F66000238B45CDE902338146884692466BDC01
S21402F6701A461E4619F80340FF2C08D15B4496B181
S21402F680013B434516DD2B2005B0BDE8F08F172C55
S21402F69004D8102C28BF01220133EBE7203C012CB2
S21402F6A098BF0126F8E762B1013B4345EBDC3546DD
S21402F6B0374602E000252F462E46454504DB00204D
S21402F6C0E2E79845F3D0DEE75D453BDB19F8073005
S21402F6D0202B18D109EB07035B78FF2BD3D1CEB9C9
S21402F6E05AF825102046FFF719FF78B303AB0193AB
S21402F6F002AB00935AF82510DDE90E232046FFF7E9
S21402F7002DFF0135D9E7212B0ED109EB07035B78D4
S21402F710FF2BB8D1029B0E995AF8252041F82320D8
S21402F720013302930126ECE7A3F11004072C02D959
S21402F73001371C46D3E709EB07035B78FF2BA2D100
S21402F740E4B2CCE70624CAE721209DE726209BE701
S21402F7502DE9F04F85B0DDE90FABDDF844900746A2
S21402F7600E46154698460446206808B3DAF8002086
S21402F770D8F800108A421BDA0E9B53F82210D2F7F2
S21402F780A9F848BBDAF800200132CAF800206268FD
S21402F790117BFE291BD10E9B10680093CDE902B99E
S21402F7A0CDF804A043462A460121FFF7D1FF0446BE
S21402F7B02B7843B999F800302BB97EB1012389F82A
S21402F7C000303C462B70204605B0BDE8F08F012382
S21402F7D08BF800302B70EBE70C34C5E73446F2E7C3
S21402F7E010B50446236803B910BD237A13B9204620
S21402F7F0D5F744F80C34F5E710B541B10A7932B9B9
S21402F80001249C300C71FFF71BF9204610BD002026
S21402F810FCE72DE9F041BAB005460AAA084603A954
S21402F82000F05FF90446B0B90DF10A0301930DF139
S21402F8300B038DF80A0000930AAA04AB03A9284614
S21402F840D5F7E2F99DF80A20B2B19DF80B2048B12F
S21402F8502AB1D5F713F820463AB0BDE8F081FFF793
S21402F860BFFFF8E7D5F89C50002DF4D0A86808B181
S21402F870FFF7B6FF2D68F7E700B3466803991AABA1
S21402F88006F10C082AAF01930097049B0AAA404689
S21402F890FFF7E2FE04460028DDD1039B0595CDE97D
S21402F8A00637049B05A8CDE90838D7F731FF05A827
S21402F8B03368984705A800F0ABFCCCE72D24CAE7CE
S21402F8C010B50446AC3007F04AFF04F1AB031A1831
S21402F8D00020934200D110BD13F8011F0029FAD070
S21402F8E00A2908BF0130F4E70023F0B50B60136065
S21402F8F00646D0F8AC0278B196F8AC0060B10124A6
S21402F90006F1AC07D6F8AC02844211D306F1AC007D
S21402F910B3F5007F11D30120F0BD0D6801350D60EF
S21402F920156801351560F85C0A2803F1010302D058
S21402F930B3F5007FF1D30134E4E7C15C0A29EAD0CB
S21402F9400029E8D01168013111600133E0E710B5F3
S21402F950D0F88C200021044607F033FF0023C4E9C8
S21402F960243310BD73B5044600F1AC058021204651
S21402F970FFF77BF84FF4007106462846FFF775F846
S21402F9800136C0F50070864220461FD807F0E7FE13
S21402F9900646284607F0E3FE0136421C2946A81909
S21402F9A007F0F5FE204607F0DAFE21460246284614
S21402F9B007F0B5FE204607F0D2FE20440A2380F860
S21402F9C0AC300023C4F8AC3202B070BDFFF778FF4B
S21402F9D001AAC4F8AC0269462046FFF785FF009BE1
S21402F9E02344002283F8AC20C0E773B50D460446D4
S21402F9F0FFF766FF6B1C1FD1D4F8AC3213B1013B84
S21402FA00C4F8AC320025204607F0A9FEA8421BD84F
S21402FA102046FFF79CFFD4F8AC325BB101AA6946D8
S21402FA202046FFF761FF28B1009D04F1AC06019B5A
S21402FA30AB4214D802B070BD012DFBD1D4F8AC3263
S21402FA408342F7D20133DBE7082000F01DF82020BE
S21402FA5000F01AF8082000F017F80135D3E7715DB8
S21402FA602046D5F703FA0135E1E707B500200DF188
S21402FA70070100F0EFF820B99DF8070003B05DF823
S21402FA8004FB4FF0FF30F9E710B5C1B20446002080
S21402FA9000F0D0F800280CBF20464FF0FF3010BD13
S21402FAA00FB407B504A951F8040B0191E1F79CF9CC
S21402FAB0002003B05DF804EB04B0704710B54C1C90
S21402FAC00B460119045D222C03D07B2C01D05C2C42
S21402FAD005D1D21A184407F05AFE012010BD0020A4
S21402FAE0FCE72DE9F04705469146884607F037FEC3
S21402FAF02A4606461346013219782029FAD0C9F852
S21402FB0000305C1B0123C8F800306FF0404AA64262
S21402FB1001D8002015E02F5D7B2F05EB040112D0E3
S21402FB20222F2ED1D8F80030621C53442A4449F8BA
S21402FB302320012C09D911F8013C13F0DF0F04D061
S21402FB402120BDE8F0877D27F3E701342B5DBB4219
S21402FB5009D12B195B7813F0DF03F1D1222F00D1E4
S21402FB602B550134D3E75C2B07D132462146284673
S21402FB70FFF7A4FF0028E3D0013E0134A642E5D8F1
S21402FB80DEE75C2F08D1324621462846FFF796FF6D
S21402FB900028D5D0013EE4E7202FE2D1631C0022E4
S21402FBA0B3420A70DDD2EA18EB5C202BD9D0D8F823
S21402FBB000300F2B05DC49F823200133C8F800304B
S21402FBC0CFE71E20BDE713B5022300246846009443
S21402FBD08DF804408DF80530D3F70CF9204602B0B4
S21402FBE010BD70B50C46154610B9D5F7B5FA38B142
S21402FBF043682BB12A4621460068BDE87040184784
S21402FC00232070BDF7B50D4616461C4648B103B90B
S21402FC1001AC87685FB12346324629460068B8477A
S21402FC2006E0D5F799FA04B901AC0028F1D12320F1
S21402FC3003B0F0BD07B501228DF807100DF10701DC
S21402FC40FFF7CFFF03B05DF804FB0B4601461846EC
S21402FC50FFF7F0BF00230122FFF7D4BF0EB403B5AF
S21402FC6003AA52F8041B0192D5F782FA02B05DF895
S21402FC7004EB03B07047034670B190F8382090F852
S21402FC803C002AB1022803D1012283F83C207047A7
S21402FC9004284FF00102F8D00120704780F82C109B
S21402FCA0704790F82C00704790F839007047037A36
S21402FCB03022534303F1804303F56223D3F89410B2
S21402FCC0D0E903231344994214BF084610467047EE
S21402FCD0F8B590F8393004460D4681B173B990F8FC
S21402FCE03A60FFF71EF8012105463046D6F7AAFB12
S21402FCF02846FFF71AF8012384F83930F8BD002B9E
S21402FD00FCD090F83A70FFF70CF8294606463846BB
S21402FD10D6F798FB3046FFF708F884F83950EDE737
S21402FD202DE9F8430446164690F82C800D46FFF758
S21402FD3003F894F8382003469AB1FFF703F894F8CC
S21402FD403B90FEF7EEFF012107464846D6F77AFBC0
S21402FD503846FEF7EAFFFEF7EFFF0022034684F876
S21402FD6038201846FEF7EEFF2E44B54204D1236A29
S21402FD700121204698473CE094F82D3023B3FEF745
S21402FD80DBFF237E0746E3B12046FFF790FFE168DC
S21402FD90D4F830C0013888423EBF206900F1FF30F7
S21402FDA0401803469C450BD013F80129112A01D0AE
S21402FDB0132A21D1A2F111035A425A4184F834205F
S21402FDC020633846FEF7BEFF94F83430002BCCD0C2
S21402FDD0B8F1000F06D02B780A2B03D1E3690D2168
S21402FDE020469847E36915F8011B204698470028E5
S21402FDF0BBD00020BDE8F883994282BF236903F195
S21402FE00FF335B18CEE7F8B590F83830044603F0B7
S21402FE10FF06A3B9036A31469847012384F83830AF
S21402FE2094F83B70FEF77DFF314605463846D6F716
S21402FE3009FB2846FEF779FF022384F83C30F8BD1A
S21402FE40026CD36C43F00403D3647047026C10B5A3
S21402FE50044613695906FCD500231A4694F849103D
S21402FE6094F84800D3F7C8FA00231A4694F84B10C1
S21402FE7094F84A00D3F7C0FA94F85030DA0707D558
S21402FE80002394F84D1094F84C001A46D3F7B4FAAF
S21402FE9094F850309B0707D5002394F84F1094F837
S21402FEA04E001A46D3F7A8FA206CC36C23F001035F
S21402FEB0C364C36C23F00403C3640021FFF76EF827
S21402FEC0606C0021D2F7BCF9002010BD08B5006CAA
S21402FED0FFF7F2F8002008BD036CDA6C19B142F0A5
S21402FEE00102DA64704722F00102DA6401229A649F
S21402FEF0704738B50468206C056C15F0010509D00A
S21402FF000123836403699B060FD52046BDE838406B
S21402FF10FFF779BF042384F83C30237E33B9C36CE1
S21402FF2023F00403C3640123237638BD637E23B320
S21402FF3094F82D300BB384F835501321FFF7BCF834
S21402FF40236CDA6C42F00402DA64DB69DBB2112B52
S21402FF500ED1012384F83430237A3022534303F13E
S21402FF60804303F56223D3F89430013B2363DCE736
S21402FF70132BDAD184F83450EEE7C36C23F0040373
S21402FF80C364D2E708B5D5F7ADFB80B208BD08B5A5
S21402FF90D5F7A8FB08BD08B5FFF7F9FFFA23B0FBB3
S21402FFA0F3F080B208BD012070470420704740F28B
S21402FFB00160D5F761BE704770477047032000F0B6
S21402FFC020B8012070470020704749BA89B280EAFB
S21402FFD00103C3F303125340180380B258405B0177
S21402FFE003F4FF535840704742DE704710B404468D
S21402FFF00846114622465DF8044BD7F7C3B9D7F731
S21403000003BAD7F741BA10B4044608461146224647
S2140300105DF8044BD7F756BAD7F7D6BA704708B584
S2140300200846E0F7CDFE002008BD104430B505466F
S21403003002B930BD01F00F030A2B34BF3024372436
S2140300402344013A05F8013D0909D2B2F0E710B599
S214030050FEF767FE0446D6F769F92046BDE810406A
S214030060FEF763BE7047FEF784BF704770470120F4
S21403007070474FF41670D6F771BA2DE9FF410D4657
S21403008016461F460446A8B14FF00008C0F81C8069
S214030090D6F7B2FDBDF82C3002939DF828304246C1
S2140300A0CDE90073294633462046D6F70BFD04B048
S2140300B0BDE8F0812220FAE7F0B587B01F4600239B
S2140300C00D4616468DF817300446A8B1C3610DF1E8
S2140300D01701D6F7C1FD9DF817207AB9BDF834305D
S2140300E002939DF830302946CDE900732046334607
S2140300F0D6F7E8FC07B0F0BD2220FBE70320F9E7BC
S21403010038B5FEF719FE0546D6F78AFF0446284695
S214030110FEF718FE204638BD08B5D0F705FFFEF7F4
S21403012002F9FEF70DF9FEF718F9BDE80840FEF7E9
S21403013023B908B5FEF721F9FEF720F9FEF720F9F3
S214030140BDE80840FEF723B9704707B503469B078B
S21403015053BF6FEA01414FF6FF7343EA01416FEA6B
S21403016011410422019120F003000DEB0201FEF77A
S21403017013FF03B05DF804FB41EA000313F0010329
S2140301802DE9F04104460E4615463FD1002A3BD0E2
S2140301904FF6FF7234F81310914205D036F8131059
S2140301A011B14B20BDE8F0810133AB42F2D1D3F756
S2140301B025FA012D01D0A3070ED531882046FFF777
S2140301C0C4FF10B1D3F72AFAEBE7013D012D04F182
S2140301D0020406F102060ED925F001084FEA480785
S2140301E03A4631462046FEF7D7FE0028EAD13C447D
S2140301F03E44A5EB08052DB131882046FFF7A5FF41
S2140302000028DFD1D3F70AFA0020CBE70120C9E79D
S21403021001F0B8BDDDF748BCFFF7C9BED0E902322E
S21403022053F8223000211878DDF762B9704706F0DC
S21403023060B901F04CBDC3688268013BDBB252F87B
S21403024023305B78652B02D10020DFF781BC6E2B51
S21403025001D10120F9E7662B01D10220F5E77047AB
S21403026010B50446C0B2D8F753FA200ABDE81040CA
S214030270D8F74EBA1FB5D0E9023253F82230ADF89C
S2140302800E1018782123009300220DF10E0303218C
S21403029001F0EBFB05B05DF804FBD0E9023253F83E
S2140302A022301878D8F73EBB7047DEF749B908B551
S2140302B001F003FEBDE80840DFF732BBD0E90232A7
S2140302C053F82230186801F0F6BD0020DFF734BC7F
S2140302D00120DFF731BCC2688368013253F822304D
S2140302E01988002908BF3C21FFF7C4BF0021FFF788
S2140302F0C1BF0221D8F7ACBA0321D8F7A9BA0521A2
S214030300D8F7A6BA08B501460C20D8F77DFABDE89B
S2140303100840D8F709BA08B501460020D8F774FA9A
S214030320BDE80840D8F700BA07B5C2688368043248
S214030330012153F822301B88ADF806300DF1060272
S2140303400023D8F7B7FF03B05DF804FB2DE9F04FA1
S21403035087B00025039089461E46ADF81450ADF8C5
S21403036016504FF0180814461AB3DDF840B00DF1D6
S214030370140A04E0DDF844B034460DF1160A0021F1
S2140303800846EAF7E1FCAAF8000008B300273BF8A2
S2140303901730ADF810300222012304A95046EAF7BD
S2140303A059FD10F0FF0813D10137FAB2A242EED37B
S2140303B015B90125002EDDD1BDF848300093BDF8F0
S2140303C01420BDF816300398494601F04BFF8046CB
S2140303D0404607B0BDE8F08F08B5FFF71FFEBDE83F
S2140303E00840EBF76FB910B51446D9F7AFFA2146B4
S2140303F0BDE81040EAF714BE08B5D9F7A7FABDE87A
S21403040008400021EAF70CBE08B5D9F79FFABDE805
S2140304100840EAF7A1BE08B5D9F798FABDE8084040
S21403042004F044BD08B5D9F791FABDE80840EAF7E9
S214030430E3BD08B5FFF7F2FDFDF767FFFEF746FAE3
S214030440BDE80840D9F7BCBA704738B50546FEF78D
S21403045068FC012104462846D5F7F4FF2046BDE88C
S2140304603840FEF762BC012070470120704708B58C
S214030470D9F786FB00280CBF0420012008BD70476F
S21403048070B504460D46164601F07AFC32462946F8
S2140304902046FEF71CFA324629462046FFF7EFFFB2
S2140304A0BDE8704001F06EBC2DE9F34104469DF8AB
S2140304B020800D4616461F4601F062FCCDF80080EC
S2140304C03B4632462946204600F0E4FF02B0BDE82C
S2140304D0F04101F057BC2DE9F04104460D4616469F
S2140304E01F4601F04DFC3B46324629462046DCF7C4
S2140304F0ABFD3B468046324629462046FEF7EAF9E0
S21403050001F040FC4046BDE8F081704708B501F0B5
S21403051037FCFEF7E0F9FFF7F8FFBDE8084001F007
S21403052031BC012070472DE9F04104460D461646BE
S2140305301F4601F025FC3B46324629462046FFF778
S214030540F0FF3B468046324629462046FEF7C5F96D
S21403055001F018FC4046BDE8F081012070472DE904
S214030560F04104460D4616461F4601F009FC3B467D
S214030570324629462046FFF7F0FF3B468046324682
S21403058029462046FEF7AAF901F0FCFB4046BDE8E3
S214030590F0812DE9F743DDF82C909DF8288004467A
S2140305A00D4616461F4601F0EBFBCDE900893B4698
S2140305B0324629462046FEF792F903B0BDE8F043DB
S2140305C001F0E0BB00207047F8B504460D4616461A
S2140305D001F0D6FB324629462046FFF7F3FF3246A4
S2140305E0074629462046FEF77BF901F0CBFB384643
S2140305F0F8BD38B504460D4601F0C2FB2946204631
S214030600FEF76FF9BDE8384001F0BCBB10B50446F1
S21403061001F0B6FB2046FEF765F92046D0F778FBD7
S214030620BDE8104001F0AEBB704738B504460D4632
S21403063001F0A6FB29462046FEF760F92946204628
S214030640FFF7F2FFBDE8384001F09CBB704770B57A
S21403065004460D46164601F093FB324629462046CD
S214030660FEF74EF9324629462046FFF7EFFFBDE870
S214030670704001F087BB704738B504460D4601F05D
S2140306807FFB29462046FEF73DF929462046FFF71D
S214030690F2FFBDE8384001F075BB704738B5044635
S2140306A00D4601F06DFB29462046FEF72DF9294637
S2140306B02046FFF7F2FFBDE8384001F063BB704702
S2140306C038B504460D4601F05BFB29462046FEF787
S2140306D01CF929462046FFF7F2FFBDE8384001F033
S2140306E051BB704738B5044601F04AFB204600F07C
S2140306F07FFE05462046FEF709F929462046FFF702
S214030700F0FF01F03FFB284638BD704738B5044676
S21403071001F036FB2046DDF79FF905462046FEF737
S214030720F6F829462046FFF7F0FF01F02BFB284694
S21403073038BD704710B5044601F022FB2046FEF78D
S214030740E7F82046FFF7F5FFBDE8104001F01ABBB7
S214030750704738B504460D4601F012FB294620467D
S214030760FEF7D7F829462046FFF7F2FFBDE83840E4
S21403077001F008BB704770B504460D46164601F0F7
S214030780FFFA324629462046FEF7C4F83246294683
S2140307902046FFF7EFFFBDE8704001F0F3BA70475D
S2140307A038B504460D4601F0EBFA29462046FEF717
S2140307B0B2F829462046FFF7F2FFBDE8384001F0BD
S2140307C0E1BA704738B504460D4601F0D9FA294612
S2140307D02046FEF7A1F829462046FFF7F2FFBDE8BC
S2140307E0384001F0CFBA704710B5044601F0C8FA96
S2140307F02046FEF792F82046FFF7F5FFBDE81040C7
S21403080001F0C0BA704710B5044601F0B9FA2046A5
S214030810FEF784F82046FFF7F5FFBDE8104001F029
S214030820B1BA704738B504460D4601F0A9FA294611
S2140308302046FEF774F829462046FFF7F2FFBDE888
S214030840384001F09FBA704710B5044601F098FA95
S2140308502046FEF765F82046FFF7F5FFBDE8104093
S21403086001F090BA704738B504460D4601F088FA91
S21403087029462046FEF755F829462046FFF7F2FF9D
S214030880BDE8384001F07EBA70477FB50C46054692
S21403089001F076FA21462846FEF745F800230DF1C7
S2140308A00F008DF80E308DF80F30F7F727FA0DF19D
S2140308B00E00F7F71BFA2046EAF79CF90646204691
S2140308C0EAF77CF99DF90F209DF80E100090F3B21D
S2140308D02846FFF7D9FF01F055FA04B070BD7047FC
S2140308E070B504460D4601F04BFA29462046FEF73E
S2140308F01BF82046EAF77EF906462046EAF75EF935
S214030900F1B202462846FFF7EAFFBDE8704001F061
S21403091039BA704730B585B000230C4605468DF8C6
S2140309200E308DF80F3001F02BFA21462846FDF7DE
S214030930FCFF0DF10E00F7F7E1F90DF10F00F7F7E5
S214030940D5F9201E9DF90E209DF80F1000942B4616
S21403095018BF0120FFF7DDFF01F014FA05B030BD24
S214030960704710B5044601F00BFA2046FDF7DFFF8B
S2140309702046FFF7F5FFBDE8104001F003BA7047C5
S21403098013B5002304468DF806308DF8073001F0C2
S214030990F7F92046FDF7CDFF0DF10600F7F7AEF9A0
S2140309A00DF10700F7F7A2F99DF906109DF8070069
S2140309B02246FFF7E4FF01F0E5F902B010BD7047E9
S2140309C010B5044601F0DCF92046FDF7B4FF2046D7
S2140309D0FFF7F5FFBDE8104001F0D4B9704730B516
S2140309E0044685B001F0CCF92046FDF7A5FF0023A9
S2140309F00DF10F008DF80E308DF80F30F7F77EF9F6
S214030A000DF10E00F7F772F96088EAF7F3F805467A
S214030A106088EAF7D3F8EDB2019000959DF90F30A0
S214030A209DF80E2061782078FFF7D8FF01F0AAF929
S214030A3005B030BDB5207047B520704738B50446BD
S214030A4001F09EF92046FFF7F7FF05462046FDF71F
S214030A5075FF2046FFF7EEFF01F094F9284638BDF0
S214030A60704710B5044601F08BF92046FDF767FF83
S214030A702046FFF7F5FFBDE8104001F083B982B0CA
S214030A8002AB03E9060002B0704737B505466C466D
S214030A9084E8060001F074F994E806002846FDF79A
S214030AA04FFF94E806002846FFF7E9FF03B0BDE8CA
S214030AB0304001F067B9002070470020704738B512
S214030AC0044601F05DF92046FFF7F7FF054620468A
S214030AD0FDF73FFF2046FFF7EEFF01F053F92846E8
S214030AE038BD704708B5FDF735FFFFF7FAFF08BDB9
S214030AF008B501F045F9FDF72EFFFDF708FCBDE844
S214030B00084001F03FB90020704770470B68DA7B56
S214030B1010B50AB1812010BDDC7C002CFAD1D9F7C0
S214030B20A5F80028F6D02046F5E7704708B5D9F7AC
S214030B30B7F8BDE80840D9F7B7B9D9F7B1B87047E1
S214030B40D9F7B2B9D9F7B8B908B5D9F7ADF9BDE849
S214030B500840D9F7B1B90121D9F7F2B90221D9F77B
S214030B60EFB90421D9F7ECB90821D9F7E9B910216F
S214030B70D9F7E6B901207047D0E9023253F822309C
S214030B801878D9F78DBB0868C37B10B50BB18120E5
S214030B9010BDC47C002CFAD1D9F7B0FB0028F6D0E0
S214030BA02046F5E7086808B5C37B0BB1812008BD6E
S214030BB0C37C032BFAD8DFE803F0020E080BD9F741
S214030BC0E3FB0028F2D00020F1E7D9F717FCF8E79B
S214030BD0D9F74AFCF5E7D9F7EFFBF2E7704770471A
S214030BE0D9F7B2BC13B50DF106010446D9F77AFC62
S214030BF038B9BDF8061009B1013989B22046D9F7CC
S214030C0089FC02B010BD09B9D9F79EBC70470868C5
S214030C1008B5C37B0BB1812008BDC37C23B1012B70
S214030C20F9D1D9F7F1FC01E0D9F7C4FC0028F2D0DA
S214030C300020F1E7002070470120D9F725BE0020E9
S214030C40D9F722BE38B504464088E9F7D3FF0546F0
S214030C506088E9F7B3FF0146E8B2BDE83840D9F744
S214030C60B1BE08B50B4600220146184603F0D5FE72
S214030C7028B10122BDE808401146EBF78BBB1820CC
S214030C8008BD08B5D9F7F8FDBDE808400120D9F737
S214030C90D5BD00207047DAF7F1B813B500230C462C
S214030CA0CDE9003301461A46E0B2DAF7ADFC02B0EE
S214030CB010BD13B500231446019000930122E0B241
S214030CC0DAF7A2FC02B010BD13B569460446D0F7A6
S214030CD04DFC50B99DF80430BDF802209DF8001075
S214030CE02046DAF7E1FD02B010BD0020FBE710B5A1
S214030CF088B004A90446FDF732FD88B9079B029322
S214030D00069B0193BDF816300093BDF812209DF89C
S214030D1014309DF810102046DAF7E2FD08B010BD37
S214030D200020FBE7D0E9023253F822301868DAF7DE
S214030D3015BF70470120DAF771BF0220DAF76EBFDE
S214030D400420DAF76BBF0820DAF768BFDBF792BE3A
S214030D50DBF796BEDBF7B6BF7047704770471FB525
S214030D60684606F065FB009800F0010005B05DF8E4
S214030D7004FBFBF749BB08B5FBF746FBBDE8084099
S214030D8000F0FE00FBF746BB08B5FBF73DFB40F063
S214030D900100BDE80840C0B2FBF73CBB13B569468B
S214030DA00446D0F7F5FB50B99DF80430BDF8022091
S214030DB09DF800102046DAF777FD02B010BD00203C
S214030DC0FBE710B588B004A90446D0F7EDFB88B955
S214030DD0079B0293069B0193BDF816300093BDF85C
S214030DE012209DF814309DF810102046DAF778FD8F
S214030DF008B010BD0020FBE7086808B5C37B0BB13D
S214030E00812008BDC37C412B0CD0422B04D0402B41
S214030E10F6D1FFF7C3FF01E0DBF7D6FF0028EFD0DC
S214030E200020EEE7FFF7CDFFF8E7086808B5C37BB9
S214030E300BB1812008BDC37C412B09D0422B0AD0BD
S214030E40402BF6D1DBF7DAFF0028F2D00020F1E7DB
S214030E50DCF702F8F8E7DCF745F8F5E770471944DE
S214030E6091420ADC4218002003B9704712F8011DAC
S214030E70013B01EB0020DBB2F6E7002070472DE9CB
S214030E80F04F85B007460E46144600934FF0000A0F
S214030E90009B1A785FFA8AF39A4203D8002005B0BB
S214030EA0BDE8F08F009A02EB430307EB040893F8C0
S214030EB0019093F802B019F0400309F03F0504D0FF
S214030EC06319B34217DC2B4634E0042D07D865B10B
S214030ED0AB1E022B0BD8DFE803F01F3746003E2D70
S214030EE04DD03F2D5FD03D2D61D00320D7E7B442D0
S214030EF04FF00105E7D319F0800F65D00E9B2A4605
S214030F0003EB0B00002106F05CFC3446002323446D
S214030F109CB20AF1010ABBE7A31CB342EBDC022333
S214030F20324621463846FFF79AFF0DF10A08ADF818
S214030F300A00022301930E9B2A4603EB0B0041464D
S214030F4006F0EDFB019BE2E7E31CB3423ADC032326
S214030F50324621463846FFF782FF042503900323D3
S214030F600DF10C08E6E7231DB342C4DC0423324626
S214030F7021463846FFF773FF04230390F0E7731EFA
S214030F809C421FDA0223324621463846FFF767FFA4
S214030F904FF6FF7380B298421ABF023083B2022321
S214030FA01A1996420EDB0E9A42F80B80AFE7B4424C
S214030FB008D298F80030FF2B14BF01330123E21840
S214030FC0B242F0DD042596E7022068E710B586B046
S214030FD00881089C04940024CDE902440124CDE949
S214030FE0003413460A4601460320DCF797F806B09A
S214030FF010BD13B500240094FFF7E8FF02B010BD40
S2140310002DE9FF410E461746054680B379B372B302
S2140310104FF0000869465FFA88F005F05BFA04466D
S21403102040B99DF80030032B08D008F10108B8F149
S2140310300A0FEFD1204604B0BDE8F0819DF80120E9
S2140310402B799A42F1D1BDF802206B889A42ECD1F3
S2140310509DF80430BDF805006B7128813B46324687
S2140310602946FFF7C6FF0028DFD00446E2E702243E
S214031070E0E710B586B0089C04940024CDE902444A
S2140310800124CDE9003413460A4601460620DCF760
S21403109045F806B010BD13B500240094FFF7E9FF2A
S2140310A002B010BDF0B502288BB005460E461446B6
S2140310B01F460AD106A9F0B205F00CFA98B99DF8B6
S2140310C0193023719DF81C306371119B0493002320
S2140310D0CDE902330193109B009322463B463146EB
S2140310E02846DCF71BF80BB0F0BD13B500240194BB
S2140310F0049C0094FFF7D6FF02B010BD2DE9F04321
S21403110005468BB00F4690469946002606A9F0B2D0
S21403111005F0E0F9044630B99DF81830012B06D0E7
S21403112001360A2EF2D120460BB0BDE8F0839DF8B7
S21403113019202B799A42F3D1BDF81A206B889A426C
S214031140EED19DF81C306B712A46CDE90309CDE933
S2140311500100CDF800803B46B1B20220DBF7DEFF8C
S2140311600028DDD00446DEE70023FFF7C7BFF0B54F
S21403117087B0074614460D461622002168461E46CB
S21403118006F01FFBADF80C70ADF80A40C5B12B682E
S214031190CDF801306B68CDF805300223ADF8143076
S2140311A0BDF83430ADF80E300F9ABDF83030BDF8C8
S2140311B03810ADF810306846D9F770FB07B0F0BDAD
S2140311C02EB10C23ADF812608DF80030E8E74FF629
S2140311D0FB739C4294BF00240124E4008DF8004076
S2140311E0DEE710B50446DCF751FC631E04F10F027C
S2140311F0002113F8010FFF2808BF19709342F8D196
S2140312000023237410BD2DE9F04788B099460C4699
S2140312109246BDF84080119F0646F6F777FDCDE966
S214031220034705468DF80860ADF81480ADF8160040
S2140312308DF818A08DF8199000F05FF98DF81A0054
S21403124000F05DF900238DF81B0002A88DF81C3012
S21403125000F030FDA8B943463A4621462846DEF755
S214031260CFF970B943463A4621462846DCF778F963
S21403127038B9CDE9005043463A4631462046DEF7B4
S21403128059FD08B0BDE8F0870020704770B50646E4
S2140312901D46DCF7D5FA044608B9022070BD304671
S2140312A0DCF7A6FD0028F8D0A0682A46FF21FFF742
S2140312B09AF89DF8103063719DF81430A3710020DE
S2140312C0ECE713B59DF81040CDE900341346002231
S2140312D0FFF7DCFF02B010BD07B500230093FFF74E
S2140312E0F0FF03B05DF804FB08B5DCF7A9FA28B1F4
S2140312F08068FF21FFF788F8002008BD0220FCE77E
S2140313000022FFF7F1BF1FB50B466A460146184693
S21403131004F022FD6A460823002032F8021B013B34
S21403132013F0FF0380EA0100F7D1012838BF01203C
S21403133080B205B05DF804FB2DE9F74F9846DDE96A
S2140313400C3B07460E461446414600221846BDF897
S21403135038909DF83CA0019303F05FFB05460028F8
S21403136040D0019B41461846FFF7CDFFABF800007F
S214031370062F3BD8DFE807F00404040D162A2100E5
S2140313802B4622463146384603B0BDE8F04FF1F708
S2140313902DBD0C222B461146204603B0BDE8F04F68
S2140313A0F1F70EBDE27A2B4611462046CDE90C9A9C
S2140313B003B0BDE8F04FF1F7E1BC2B460C22214603
S2140313C0304603B0BDE8F04F04F0FEBE0D95E37A59
S2140313D00C93524623463146484603B0BDE8F04FC9
S2140313E0F1F7B6BC182003B0BDE8F08F0220FAE789
S2140313F07FB5054603F0F2FD48B16B88B3F5006F81
S21403140005D1681D04B0BDE8704000F049BC28460D
S21403141000F061FC0446B8B9E6B26946304605F00A
S21403142059F89DF800301843C0B248B929463046EB
S214031430F4F72CFD10B1752806D08C2004B070BDCF
S21403144001340A2CE8D1F8E78D20F7E72DE9F043BD
S21403145085B005460DF10E0014460E46F6F746FC1B
S2140314600DF10F00F6F74AFC20469DF80E809DF915
S2140314700F90E9F7BFFB07462046E9F79FFB4B466D
S214031480CDE90070424631462846FFF7BCFE05B05C
S214031490BDE8F0832DE9FF47054618461E469046ED
S2140314A00F469DF830A0E9F789FB81463046E9F7F9
S2140314B0A1FB044651462846E4B2FAF70BF8214648
S2140314C04846FFF720FF5346CDE90190424639468A
S2140314D028460094DCF700F9334642463946284648
S2140314E0CDF830A004B0BDE8F047FDF7F2B903F03D
S2140314F075BD03F090BDE9F79BBFF1F7EDBC1FB5D3
S2140315006846F6F711FCC8B902A9F4F741FE0822AB
S21403151069460DEB020006F02AF910B9002004B064
S21403152010BD02A90120F4F733FE082269460DEB2D
S214031530020006F01CF990B90120F0E7F6F7E6FB87
S2140315404FF6FF739842044609D00020F4F738FE9E
S2140315508442E3D00120F4F733FE8442ECD0FF202C
S214031560DDE7DCF727BADCF7DFB9DCF703BA10B53B
S21403157004460846E9F790FF2046BDE81040ECF71E
S214031580CDBAECF7CBBAE9F7FDBE002070470A20C8
S214031590704708B5E9F7CEF8C0F3471008BD08B59D
S2140315A0E9F706F9C0F3471008BDEBF733BF7047FA
S2140315B0DCF7FABA70B506460C46154600F025F871
S2140315C060B10CB9002070BD002DFBD0204600F0A2
S2140315D0B8FB013080B2A842F4D8F4E7304600F0F6
S2140315E01AF840B1002CEDD0012DEBD9204600F0BF
S2140315F0ADFB0230EEE73046DCF75EFAEBE7413848
S21403160003288CBF002001207047413801288CBF77
S214031610002001207047433801288CBF002001209A
S214031620704700207047002070470388B3F57C4F4F
S21403163001D3FFF7F8BF0846FFF7F3BF10B54A8894
S2140316400488A2420DD1037B0C79234009D0B2F55E
S2140316507C4F08D3FFF7E7FF0B891B1A5842584104
S21403166010BD0020FCE70120FAE738B50D88D488C2
S214031670A5420AD10388B3F57C4F08D2FFF7D5FFFE
S21403168013891B1A5842584138BD0020FCE7012035
S214031690FAE72DE9F0410779064600254FF01408CE
S2140316A0E8B2874201D800241AE0D6F800C008FB47
S2140316B005F00CEB00043CF8000081421AD132B16D
S2140316C0802A10D194F90CC0BCF1000F12DAB0F5E1
S2140316D07C4F05D32046FFF7A6FF834200D04BB9C5
S2140316E02046BDE8F081402A04D194F80CC01CF0D3
S2140316F0400FECD10135D3E70121DCF7EFB908B58C
S21403170013460022DCF786FB003818BF012008BD0D
S21403171008B513464022DCF77DFB003818BF0120CE
S21403172008BD08B513468022DCF774FB003818BFE3
S214031730012008BD08B540220023DCF76BFB003808
S21403174018BF012008BD08B580220023DCF762FB22
S214031750003818BF012008BD0023DCF75BBB00215F
S214031760DCF7BCB94022DCF789BB0021DCF708BCF8
S21403177010B501210446DCF703FC2046BDE8104003
S214031780FDF7EAB87047F8B516461F469DF81820C9
S214031790BDF81C300546DCF73DFB78B10421DCF7C9
S2140317A075FC044650B1284600F0F8FA3A4631462E
S2140317B02846A047BDE8F84000F0E4BAF8BD2DE996
S2140317C0F74FDDF830909DF834B01E460746BDF857
S2140317D03830884614462AB3B9F1000F22D00EB328
S2140317E092F804A099F80020618812F0080F0CBF45
S2140317F0802240225046DCF70DFB98B10821DCF727
S21403180045FC054670B1504600F0C8FACDE9009B8A
S2140318103346224641463846A84703B0BDE8F04F54
S21403182000F0B0BA03B0BDE8F08FF8B5BDF8187095
S21403183016461A463B460446DCF7ECFAE0B177B99F
S2140318400221DCF723FC0546B0B1204600F0A6FAD9
S21403185031462046A847BDE8F84000F093BA102169
S214031860DCF714FC054638B1204600F097FA3A46F2
S21403187031462046A847EEE7F8BD73B5BDF81840D5
S21403188016461A4623460546DCF7C4FAB8B1C4B969
S2140318902021DCF7FBFB044670B1284600F07EFAF5
S2140318A0099B00939DF81C209DF82030314628465E
S2140318B0A047044600F066FA204602B070BD8624B0
S2140318C0FAE70024F8E72DE9F04186680446007835
S2140318D000F064FA002514273279EBB29A4203D853
S2140318E0BDE8F04100F04EBA7B4332682078D15A07
S2140318F002EB030800F0B4F901214046DCF7C6FB0F
S214031900034608B1207898470135E5E72DE9F04FFF
S21403191089B01C46BDF848809DF84C3001939DF86D
S2140319205030029392464346224607460D46DCF75E
S21403193071FA8DF81470ADF816508DF81840ADF89E
S2140319401AA0ADF81C80064618B9012009B0BDE8F8
S214031950F08F05A9FFF772FE0028F6D000252F4664
S214031960A8462C4634E00C2331881FFA85F903FB7E
S21403197009F97368B1F57C4F33F8092003EB090BBB
S2140319801AD333F8090050452CD3019BA3422DD913
S21403199000F0B3F99BF80200DCF7F6FF029B43B1B5
S2140319A09BF8043013F0010F0CBF05200720DCF76B
S2140319B0EBFF0134A4B219E0ADF81A20594605AA84
S2140319C030460393FFF751FE039B0028D9D1013518
S2140319D03289ABB29A42C6D804EB0800C31B5842FE
S2140319E05841B3E708F101081FFA88F80137BFB278
S2140319F0EDE72DE9F04786B00446DDF83C909DF808
S214031A0040A0BDF83880CDF80080CDE9019A0D4698
S214031A1016461F4600F01CF9A8B1431EDBB2012B85
S214031A200ED800230493831E58425841CDE902A0E2
S214031A30CDE900893B46324629462046DCF770FC52
S214031A4006B0BDE8F0870120FAE730B587B000247A
S214031A500125CDE903549DF82C5002950A9DCDE946
S214031A600045DCF75DFC07B030BD30B587B0002419
S214031A700125CDE903549DF828500094CDE901359E
S214031A804023DCF74DFC07B030BD10B586B04FF0F1
S214031A90010C0024CDE9034C9DF828400294099CD0
S214031AA00194BDF820400094DCF73AFC06B010BD64
S214031AB01FB5089C03949DF81C400294069C019451
S214031AC000240094DCF710FD04B010BD30B585B0DB
S214031AD000249DF820500394CDE90135009440235B
S214031AE0DCF702FD05B030BD2DE9F84F02290C9D49
S214031AF00746884604D84FF0000A5046BDE8F88FDC
S214031B001BBB02700124DEF70DF804F1020A3855F8
S214031B1001349DF828303B554FF000090B9A5FFAC5
S214031B2089F3D45C002CE8D0732C18D82E464C2CA2
S214031B3056F804BB45D0532C1DD0622C4DD1AC882F
S214031B4005F1080600231A461EE00429D3D942F0FD
S214031B50040243701B0A027083700324D3E7A4F1C4
S214031B607503032BC7D8763C2E1D022C52D8DFE80C
S214031B7004F0565A58006A6894B2D2B2B2F1FF0320
S214031B8005F1080618BF01230AEB0401194488452A
S214031B90B1DB50461946002947D153441FFA83FA4E
S214031BA05CB1BBF1000FA6D0224607EB0A005946EC
S214031BB005F0B5FD54441FFA84FA09F101093546C8
S214031BC0ACE76A684FF6FF7394B205F1080622463F
S214031BD09C4214BF02230023D6E76C2C05D158463B
S214031BE000F0B4F8841CA4B2ACE7732C04D15846B6
S214031BF000F0A7F8441CF6E7A4F13003DAB2092A8A
S214031C0001D89CB29EE7A4F14103062B3FF673AFBF
S214031C10373CE8E7012300242A68A346B4E70223F7
S214031C20F9E70323F7E70423F5E700F1010C01398D
S214031C303A54C9B2120A1FFA8CF0ACE70020DCF75C
S214031C4023BE0022DCF730BE0021DCF743BE70471C
S214031C50012070470120704701207047B520704768
S214031C607047002070470020704700207047002010
S214031C7070470020704700207047002070470120FF
S214031C80704701207047B52070470020704700203A
S214031C907047002070470020704770470020704749
S214031CA084207047704770470020704700207047B5
S214031CB000207047002070470020704700207047C0
S214031CC00020704700207047002070477047B520FB
S214031CD07047002070470020704770470020704709
S214031CE0704770477047B5207047704770470020AD
S214031CF07047704700207047704738B50546C0B236
S214031D00DCF742FE0446280ADCF73EFE14B1002840
S214031D1008BF0024204638BD10B4CC18944203DC18
S214031D205DF8044BFFF79BB800205DF8044B704743
S214031D300423FFF7F1BF08B50223FFF7EDFF80B2D8
S214031D4008BD0078FF2808BF0020704708B50222A8
S214031D500021FFF7F0FF4FF6FF73984208BF0020FD
S214031D6008BD8368585C704782898068FFF7E3BFC5
S214031D7082898068DCF71CBE002818BF7020704775
S214031D80002070470020704708B5FFF7B5FCFF2812
S214031D904FF0FF3018BF0020C0B208BD08B5FFF7EC
S214031DA0F3FFFF280CBFA320002008BDF8B50646A6
S214031DB00C4615461F4600F011F810B12544AC42F8
S214031DC000D1F8BD14F8012B39463046DCF7BEFEC9
S214031DD0F5E7014600220220DCF748BE01207047E3
S214031DE073B50646DBF778F981250446019614B9E0
S214031DF0284602B070BD2378B3B9336862685B883F
S214031E009A4211D1A368F27B99B292B1328A914277
S214031E100AD1727DB2EB134F06D1E36801A9002005
S214031E20984710F0FF05E3D02046DBF75DF904463C
S214031E30DDE74FF6FF72EAE738B50446436808461F
S214031E400D469847B4F90830002B02DB2B78042B99
S214031E5006D1002363602046BDE83840DDF72CBA80
S214031E6038BDF0B5044685B00D4620200021174640
S214031E701E46E8F769FFADF80E00D0B102210DF15A
S214031E800E0002F0FEFE3A460021BDF80E0002F0F8
S214031E906EFFBDF80E20002E4FF48A53009329469A
S214031EA00ABF134600230022204600F0DBF905B0E4
S214031EB0F0BD1820FBE7FFF715BFFFF7E6BE1FB51B
S214031EC00223009300220DF10E030321FFF7FEFD0C
S214031ED038B9BDF80E00003818BF012005B05DF80C
S214031EE004FB0020FAE708B5EBF76EFA20B9E9F72A
S214031EF09FFA08B9FFF7B2FEFFF7E8FEBDE8084011
S214031F00FFF7F4BE0020DDF74FBE0021DDF7E4BE89
S214031F100022DDF7A3BED28812F0200F10B50346C9
S214031F200CBF522449240846510544BF083CE4B27A
S214031F30110544BF083CE4B2120444BF023CE4B2B9
S214031F40032B11D8DFE803F005020A0EC0B2F4F73C
S214031F5037F9FFF7A3FE201AC0B210BDC0B2F3F7DD
S214031F602BFFF6E7013CE4B24FF6FD70F1E7F8B558
S214031F70064617460D4681B10C78FF2C0BD0084653
S214031F80FFF7DFFEB84228BF3846C4B22246691CB4
S214031F90701C05F0FCFB3470F8BD0C46FBE770B50F
S214031FA0044615460E4611B94170017070BD0B7894
S214031FB0FF2B05D14B78FF2B02D103704370F5E757
S214031FC03046FFF7C3FEA84228BF284685B22A46F6
S214031FD0B11CA01C05F0DBFB25702D0A6570E5E738
S214031FE0F0B523B9013A531C2FD1002020E0042A70
S214031FF0FBD80023551E1C466E1C1AD1042A10D08B
S214032000D2000121501E01FA00F020421EBF91406B
S21403201049420C4318421EBF4FF0FF3101FA02F249
S21403202013439C4216DCB4BF4FF0FF30002040B28F
S214032030F0BD40B1465DEF00BE4034434E5DBE404A
S2140320403343013DD8E70646F5E78C5C20B1835C55
S214032050A34202D90120EBE70346A34202F1FF3273
S214032060C1D24FF0FF30E3E7283807288CBF0020A3
S214032070012070471D2813D004D860B11C2805D052
S2140320808A2070471E38C0B20128F9D81B2934BFEE
S21403209000208A2070470B390F2988BF8A20704793
S2140320A00929F4E738B5C36819448368144653F816
S2140320B021501AB1284605F052FB2070284638BD39
S2140320C02DE9F34116460DF107021C469DF82050F4
S2140320D0FFF7E8FF9DF80730A34288BF8DF8074057
S2140320E09DF8077080460DB1E41BE5B22A46002131
S2140320F0304605F066FB3A464146701905F047FB45
S214032100384602B0BDE8F0812DE9F341164601AA30
S2140321101D469DF82040FDF7AFF9019B9D4238BF51
S2140321200195019F804604B1EC1B224600213046F0
S21403213005F047FB3A464146301905F028FBF8B24E
S21403214002B0BDE8F08173B51546002401AA1E4609
S2140321500194FDF791F9019B072B0AD92146CCB2CE
S21403216016B1C4F10704E4B2425C2A5501310829CA
S214032170F5D1D8B202B070BD1FB5030A8DF80E3084
S2140321800323009303AB8DF80D0000F00AF905B0A6
S2140321905DF804FB1FB5030A8DF80F1004218DF8B4
S2140321A00E30009103AB8DF80D0000F0FAF805B081
S2140321B05DF804FBF0B589B016689DF83C50CDF881
S2140321C009608DF811305668BDF83830109FBDF899
S2140321D04440CDF80D60012DADF812308DF8145043
S2140321E014D0032D19D13B68CDF815307B68CDF894
S2140321F019309DF848308DF81D3016230093BDF82E
S2140322004C2002AB00F0CDF809B0F0BD8DF81540B8
S214032210240A8DF816400F23F0E70120F4E71FB5D4
S2140322200446084611461A4602238DF80D100093FD
S214032230214603AB00F0B5F804B010BD10B586B068
S21403224014461A460B68CDF80D304B68CDF811309E
S2140322500A230093342103AB8DF8154000F0A1F850
S21403226006B010BD2DE9F04F89B00D4601901C460F
S21403227016463AB31046E8F7BDFCC0F347091CB34D
S2140322802046E8F7B7FCC0F34707DDF769FF019B75
S2140322908DF818008DF819308DF81B501B0A2D0A7F
S2140322A00022062106A88DF81A308DF81C508DF8EA
S2140322B01D9002F0B2FBADF8160038B9182009B02D
S2140322C0BDE8F08F9146DAE72746DEE74FEA490195
S2140322D0C9B28B1D07315FFA81F801EB4701DBB208
S2140322E0C9B20DF11600029302F0CBFC8246002819
S2140322F0E4D103460625D9B28945BDF816B012D8EF
S21403230002993A465846E8F75DFE5FFA8AF5AF4209
S214032310BDF8166025D8BDF8482001983346062137
S214032320DDF728FFCBE7490001F0FE0130460393B3
S214032330E8F734FE294602465846E8F743FE691F87
S214032340C9B23046BDF816B0E8F728FE691C024647
S214032350C9B25846E8F736FE039B02350133EDB2A1
S214032360C9E76D00EDB229462046E8F717FE414659
S21403237002463046E8F726FE691CC9B22046BDF879
S2140323801660E8F70BFE08F101010246C9B23046B3
S21403239008F10208E8F716FE0AF1010A5FFA88F860
S2140323A0B3E72DE9F0411C469DF818800E46174604
S2140323B00546DDF7D5FE002220704146204602F092
S2140323C02CFB034630B13A4631462846BDE8F04179
S2140323D0DDF7D0BE1820BDE8F08130B589B00446DD
S2140323E0ADF806108DF81020E8F79CFF054620464A
S2140323F0E8F7A8FF03469DB1BDF80600ABB902F0A7
S214032400E3FDFF2808BF00208DF80F000DF10F0332
S2140324100593DDE904122046FEF737FB09B030BD0D
S2140324200028F6D00DF10603F2E702F0CDFDFF28F3
S214032430BDF80630ADF81A3008BF00208DF80F003F
S2140324408DF8180006ABE3E7704708B5E6F7D4FF48
S21403245000280CBFA520002008BD704770477047B2
S2140324607047704770477047002070477047704743
S214032470002070477047704710B51C4602F07AFA82
S21403248002F02FF900232370C0F34020400010BD54
S214032490002208B50B461146FFF7EEFF023818BFB9
S2140324A0012008BD7047B1FA81F04009704701204A
S2140324B0704770477047002070477047002070478A
S2140324C07047B5207047012070477047012070475A
S2140324D0012070471422002105F073B9704730B508
S2140324E04078012887B00C464FF0110301F1100520
S2140324F016D1022201A9E8F7A9FE234601AC186803
S2140325005968224603C20833AB421446F7D1112357
S214032510022201A90020E8F799FE002007B030BD8B
S214032520062201A90120E8F791FE234601AC1868AC
S2140325305968224603C20833AB421446F7D1112327
S2140325400622E6E730B5407887B001280C464FF000
S21403255011030BBF0222062201A901A918BF0120FD
S214032560E8F774FE05AD01AA2346144603CCAC4235
S21403257018605960224603F10803F6D1002007B01D
S21403258030BD10B588B00C461A23082201A90120D5
S214032590E8F75CFE21460DF10E0304F1100251F834
S2140325A0040B43F8040B9142F9D11A23082201A91C
S2140325B00020E8F74BFE002008B010BDF0B58BB046
S2140325C004460D4602F00AFDB0B101A8F1F7B8FBC8
S2140325D090B1667B16F0020F04F1040705D00822BB
S2140325E001A9384605F0C3F8D0B901AB03CB46F0D2
S2140325F002066060796066731A23082203A9012025
S214032600E8F724FE0DF1160329460DF1260253F8CA
S214032610040B41F8040B9342F9D100200BB0F0BD34
S2140326202D20FBE770B505468AB00C46252200210F
S2140326300DF1030005F0C5F86B68CDF81D30AB68E7
S214032640CDF82130234603F1100601AC186859680B
S214032650224603C20833B3421446F7D16A7B0123EA
S21403266012F0040F8DF802300CBF4FF480734FF452
S214032670A073110748BF43F48063ADF80030930797
S21403268048BFBDF80030684644BF43F00803ADF8C2
S2140326900030EFF78DFE003818BF01200AB070BD7A
S2140326A030B5427B0D46D1078BB0044607D540783C
S2140326B001A9EFF7E5FED8B12D200BB030BD930787
S2140326C0FAD5C2F3800310074FEA8313ADF802303E
S2140326D044BF43F48063ADF80230BDF80220201DEA
S2140326E00AB10DF1020201A903F053FB0028E3D05F
S2140326F001AB03CB9DF814302373BDF81030A160F3
S214032700590648BF627B606044BF42F004026273AE
S2140327105A0542BF627B42F0080262731B0742BF40
S214032720637B43F0020363732B4606AC0AAD224673
S21403273003CAAA4218605960144603F10803F6D187
S2140327400020BAE730B505468BB028230C467F2217
S2140327501D216846FDF74AFC2B78052B0DF1150362
S2140327600AD10DF1050252F8041B44F8041B9A42E1
S214032770F9D100200BB030BD0DF1250253F8041B30
S21403278044F8041B9342F9D1F3E730B505468BB002
S2140327900C4628237F221D216846FDF727FC2B784D
S2140327A0052B04F1100310D10DF1050254F8041B98
S2140327B042F8041B9C42F9D128236A467F211D2038
S2140327C0FDF71DFC00200BB030BD0DF1150254F8CB
S2140327D0041B42F8041B9C42F9D1EDE7F0B504460E
S2140327E093B00D46252200210DF1230004F0E9FFE6
S2140327F06368CDF83D30A368CDF8413004F1040C8E
S2140328002B4609AE05F1100718685968324603C20D
S2140328100833BB421646F7D105238DF82230637B77
S2140328205B0103F40073ADF820306378FF2B19D1F6
S21403283000231A4601A9604600F031FA9DF80530D8
S214032840FF2B0CD100231A46184601A900F027FADD
S2140328509DF80530FF2B02D11C2013B0F0BD9DF868
S21403286005306370617808AA002000F0EFFA064688
S214032870F0B919231946627801A8FDF7B7FB2B4672
S21403288003AD186859682A4603C20833BB42154687
S214032890F7D1637B6178DB0642BF9DF81C3063F09B
S2140328A07F038DF81C30192301AA1846FDF7A7FBF2
S2140328B0301E18BF0120D0E710B504468AB0242284
S2140328C0002101A804F07DFF637B590744BF402223
S2140328D0ADF810201A0742BFBDF8102042F48062FC
S2140328E0ADF81020DB070FD5607801A9EFF7C8FD18
S2140328F010B12D200AB010BD01AB03CB637B606023
S21403290043F00203A160637304A9201D03F043FA96
S2140329100028EED00020EDE71FB5694600F08FF8DB
S214032920002818BF2D2005B05DF804FB73B50D46CF
S21403293014460646DDF790FD6B881A071AD522461D
S2140329403146102003F008FA2046DDF785FD6B8834
S214032950D90717D50023224601210DF107008DF86C
S2140329600730DDF7E5FD6B88002B0CBF2120002028
S21403297002B070BDDE06EAD522460821281DDDF723
S214032980D7FDE1E79A0701D50223E4E75B07EAD51B
S2140329900323E0E70F20704710B586B0044601A96D
S2140329A0022211230120E8F751FC9DF81430E3704E
S2140329B001A803F054FD80F00100062201A960700F
S2140329C011230120E8F742FC9DF81430A37001A8F8
S2140329D003F045FD80F001002070EFF7FBFD60601B
S2140329E0002006B010BD1FB50C46694600F027F858
S2140329F010222146684604F0BAFEB0FA80F0400979
S214032A0004B010BDC8B1C1B14388B3B90378013B64
S214032A10082B12D8DFE803F00507090B0D0D11117B
S214032A200F00FFF75CBDFFF7ACBDFFF7FBBDFFF77D
S214032A30D5BEFFF7AABEDDF7C1BE2120704738B565
S214032A400D4621B318B30378013B082B1DD8DFE8E6
S214032A5003F0050D101316161C1C1900FFF772FD64
S214032A600446284603F094FB204638BDFFF7A6FD30
S214032A70F6E7FFF715FEF3E7DDF70CFDF0E7FFF7E4
S214032A8061FEEDE7DDF7A4FEEAE72124E9E721246A
S214032A90EAE770B586B0064601A80C461546FFF76A
S214032AA019FD04238DF804301CB12068616802AB5D
S214032AB003C3294601A88DF80560FFF7A3FF06B0F8
S214032AC070BD70B5044686B001A80D461646FFF7DE
S214032AD001FD206861688DF8116003238DF80430CA
S214032AE002AB03C3294601A8FFF78CFF06B070BDEF
S214032AF030B585B00D4669460446FFF7A0FF20B9FA
S214032B002A4621466846FFF711FF05B030BD10B5CB
S214032B10044686B01123062201A90120E8F796FB96
S214032B20A3789DF814209A4207D08DF81430062215
S214032B30112301A90020E8F789FB1123022201A92A
S214032B400120E8F783FBE3789DF814209A4207D028
S214032B508DF814300222112301A90020E8F776FB32
S214032B6006B010BD30B5437B13F001028BB00446AC
S214032B700D4607D0407801A9EFF782FC70B12D20EF
S214032B800BB030BD9B07FAD5ADF8022001A90DF1B5
S214032B900202043003F0FDF80028F0D000210E22D4
S214032BA0A81C04F00EFEBDF810302B80039BAB6010
S214032BB0BDF81230AB819DF81430237301AB03CB01
S214032BC06060A1600020DBE770B5437BDB078AB05B
S214032BD005460E4602D42D200AB070BD40786946DD
S214032BE000F030F904460028F5D1DDF81D306B609F
S214032BF0DDF82130AB606B7B43F002036B730E2270
S214032C000146B01C04F0DDFDBDF80030069AB26044
S214032C1043F004033380059B73602046DCE70B46D2
S214032C2010B5044610220021184604F0CAFD227887
S214032C30032A09D0042A0DD0022A11D101462046C0
S214032C40BDE81040DDF7CEBD01462046BDE8104086
S214032C50FFF788BF01462046BDE81040FFF7B4BF24
S214032C60262010BDF8B50C460746084616461D46F0
S214032C70FFF730FC04232370637B677043F0010384
S214032C80637331462046FFF7DAFE08B12D20F8BD00
S214032C9029462046FFF7C3FF0028F8D0F6E7F8B525
S214032CA00C46054608461F461646FFF713FC042344
S214032CB0237025B108222946E01804F068FD637BDB
S214032CC043F0020363734EB932460121284600F0EF
S214032CD0C4F8FF28607007D12D20F8BD3146204682
S214032CE0FFF7ADFE0028F7D1637B43F00103637360
S214032CF00DB90020F1E7002FFBD039462046FFF739
S214032D008EFFF6E7F8B50C460746084616461D46F8
S214032D10FFF7E0FB2046032300F8043B394608226E
S214032D2004F035FD637B43F00203637331462046AC
S214032D30FFF785FE08B12D20F8BD29462046FFF78C
S214032D406EFF0028F8D0F6E7F8B50C4607460846A7
S214032D5016461D46FFF7BEFB03232370637B67708F
S214032D6043F00103637331462046FFF768FE08B15C
S214032D702D20F8BD29462046FFF751FF0028F8D03E
S214032D80F6E718B18022012100F067B8FF207047EC
S214032D9030B589B00D46FFF7F4FFFF28044612D07E
S214032DA019230246194601A8FDF720F92868696821
S214032DB001AB03C31923184601AA2146FDF71FF9E1
S214032DC0002009B030BD2D20FBE707B50023009394
S214032DD01A461946F0F7E2FFB0FA80F0400903B04E
S214032DE05DF804FB704770470020704770470F205C
S214032DF0704770479DF8000070470F2070470F20FC
S214032E007047002070470F2070470020704700204F
S214032E10704784B08DE80F00002004B07047002090
S214032E207047704770470020704770470020704710
S214032E307047002070470120704770470020704796
S214032E4001207047B5207047FF207047B5207047B4
S214032E50B5207047002070477047FF2070477047C3
S214032E6070470020704770477047704738B505466F
S214032E70FBF757FF04462846FBF7E2F92046BDE872
S214032E803840FBF752BF10B50446C069FFF7EEFFA4
S214032E9020462422BDE81040002104F092BC70476F
S214032EA02DE9F84F98460D9B15469A07DDE90B4921
S214032EB006460F4623D02A460A9B03EB040A14440D
S214032EC0A24220D10D9B9B0705D5A2EB050AD1454F
S214032ED005EB0A0420D82046BDE8F88F434639465A
S214032EE02020B0470AF1010ACA450AEB0B02F5D3C4
S214032EF0A9EB04024C4588BF00222A44DCE7A2461D
S214032F00A5EB040BF0E702F1010B1AF8010D43469B
S214032F103946B0475A46D3E7434622463946202029
S214032F20B0470AF1010AD2E72DE9F0479E46DDE9EC
S214032F300D3C1CF0020FDDE90874DDE90B659DF816
S214032F4028801FD10CF001094BB1B9F1000F06D050
S214032F50B8F1000F02D11CF00C0F00D0013B4FF06C
S214032F60300A02E007F804A00134A54201D9202C58
S214032F70F8D1B9F1000F05D04FF03009A34201D9BB
S214032F80202C1BD11CF0100F15D01CF4806F32D1EF
S214032F90C4B1AC4201D09C422DD1651E12D0102E76
S214032FA03FD11CF0200FA4F1020456D178263E55DB
S214032FB030267E556C1C202C29D00DE007F8049093
S214032FC00134DBE7102E10D11CF0200F2FD178240C
S214032FD03C7030247C700224B8F1000F31D02D25CC
S214032FE03D55013414E06224F2E7022EFBD0302470
S214032FF03C700124F0E7102E1BD11CF0200F2AD1C1
S214033000202C04D0651C78263E55202DD0D12024B4
S214033010CDE90A3CCDE908747346BDE8F047FFF7EF
S2140330203FBF022EC4D162247C550135EDE75824F8
S214033030CEE7022E03D1202CE9D02546F3E725461A
S214033040E3E71CF0040F01D02B25C9E71CF0080F9B
S214033050DED02025C4E7202CD9D0651C5826D3E71C
S2140330602DE9F04391B0189D1A9F1D9E2DB926F0A9
S214033070100416F4806F264622D116F0200F14BFD4
S2140330804FF0410E4FF0610EAC460DF120080025BF
S214033090AEF10A0EBCFBF7F907FB19C95FFA89F410
S2140330A0B9F1090F94BF30347444E4B2BC4508F850
S2140330B0014BBCFBF7F405F1010501D3202D10D11C
S2140330C01C9C05941B9C0696CDE903749DF86440EE
S2140330D0CDE9015408AC0094FFF726FF11B0BDE814
S2140330E0F083A446D6E72DE9F04F95B0DDE91E76CA
S2140330F0CDE90A2357EA0603CDE90801DDE9229B59
S214033100269C05D124F0100314F4806F1C4637D197
S21403311014F0200F14BF412361230DF1300A00255C
S214033120A3F10A0831464A465B463846FAF738FDA5
S214033130D2B2092A94BF303242444F45D2B276EB1C
S2140331400B060AF8012B05F1010501D3202D14D136
S214033150259B0593249B0694CDE903939DF8803025
S214033160CDE901530CAB0093DDE90801DDE90A2341
S214033170FFF7DAFE15B0BDE8F08F07460E46D1E737
S2140331800025E5E708B100F014B8704710B1D1E99F
S21403319000311847704738B5441E14F8015F25B947
S2140331A00A2000F006F8284638BD284600F001F845
S2140331B0F3E701460020FCF73DBD4369406CDA1C8B
S2140331C01438B2FBF0F203EBC203CA1DB2FBF0F2F3
S2140331D0013201EBC2010333B3FBF0F3023300FB0E
S2140331E00310704738B5446905462146FFF7E5FFE7
S2140331F06A6CE31D143AB3FBF2F3013304EBC30426
S214033200204438BD73B506460D460024F36B0122F1
S2140332105B6901A928199847019B013309D1736C8F
S214033220043462196A405B421A42EFD0204602B069
S21403323070BD0024FAE770B505460C46CEF766FF68
S214033240EB6B2046DB68BDE87040184770B5002579
S21403325086B004460562E369AB4202D8206A06B02C
S21403326070BD666C2068E36B05225B6901A906FBEB
S2140332700500984701A800F009FC00F02CFC10B1EB
S214033280236A013323620135E5E738B50446456C06
S214033290006804F1400305FB0101E06B00F028FC25
S2140332A005462046FFF7D2FF284638BDF0B505464B
S2140332B087B00026EC69013CB44203D80C4620468E
S2140332C007B0F0BD01B14C1E6F6C2868EB6B05228E
S2140332D05B6901A907FB0400984701A800F0D6FB29
S2140332E000F0F9FB0028EAD101362146E2E7F0B503
S2140332F00446466CE36B00685B6987B00D4605229F
S21403330001A906FB0500984701A800F0BFFB00F0E3
S214033310E2FB20B101A800F090FB07B0F0BD294600
S2140333202046FFF7C3FF676CE36B064620685B69BE
S214033330052201A907FB0600984701A800F07DFBBC
S214033340431CEAD0B54238BF0130E6E72DE9F04327
S214033350D0F824804FF6FF7987B004460E46C8455A
S21403336014BF454600250027E369BB4202D807B0D1
S214033370BDE8F083E26B2368606CD2F814C001A941
S214033380052200FB0530E04701A800F07FFB02287A
S21403339006D0C8450CD1721C29462046FFF775FF98
S2140333A0E36901350137B5FBF3F203FB1255DBE79F
S2140333B029462046FFF79BFFB0F1FF3F14BF0246A6
S2140333C032460132E8E7F0B5036887B006460025C3
S2140333D0CC1A436CB4FBF3F4F3693768706C5A1E6B
S2140333E0954208D3706C336800FB043007B0BDE821
S2140333F0F04000F07BBB0134B4FBF3F203FB124452
S214033400F36B05225B6901A900FB0470984701A8CA
S21403341000F03CFB00F05FFB0028E3D10135DBE75F
S21403342010B423F0030422449B070A44436C18BFDA
S21403343004325B4282EA0104234203D05DF8044B64
S214033440FFF7C1BF10465DF8044B70472DE9F04106
S214033450D0E90A369E4286B0044628D1C369456839
S214033460142202FB1355284606B0BDE8F0812068F7
S214033470676CE26B331AD2F81480B3FBF7F30522BA
S21403348001A907FB0300C04701A800F0FFFA0128C3
S21403349004D0636C1D44013B3340ED1A314620468D
S2140334A0FFF791FF0646A36AB342E0D1DBE70025A8
S2140334B0F9E7F0B5002587B004462E46E369B34224
S2140334C002D8284607B0F0BD636C276803FB06776F
S2140334D0E36B05225B6901A93846984701A800F00B
S2140334E0D5FA00F0F8FA58B1384600F0FFFA01466C
S2140334F02046FFF787FE636C143B834208BF013503
S2140335000136DBE708B508301346D1E90012DFF7CA
S2140335106DF8012008BD13B50C46002121760093F3
S214033520616813462246DDF77DFC18B1E37D03B1DF
S214033530A07EA075A07D02B010BD73B500F108058E
S21403354016460C460DF107020968284600F09AF95C
S214033550032E06D16368834203D12168284600F010
S21403356077F9012002B070BDD01E009B4242424153
S214033570187E824211D11A688A420ED85A688A4245
S2140335800BD35A6901325A61D3E9030282423FBF21
S214033590986840F8221001321A610120704710B56E
S2140335A0032A029C07D1A26A5340626C524213421A
S2140335B001D100F04DF9012010BD08B5C368002005
S2140335C09847BDE80840CEF7A9BD70B5002401288A
S2140335D01C7014BF04200220CC7D4243101D02F051
S2140335E002024CB91AB1012220F003001A7000F14E
S2140335F008034868184470BD1AB1012220F003007E
S2140336001A700C7E002301F12005DAB2944201D829
S2140336100020F0E735F83320824203F1010606D98D
S21403362001EBC30300F10802D8691044E3E7801AEC
S2140336303346EAE773B590F8426005461C463046C3
S2140336400DF10303FFF7C1FFEB6B012E5B690DD191
S214033650324601A998479DF8033013B1BDF80630EA
S2140336600193BDF80430236002B070BD01222146E9
S21403367002B0BDE870401847F0B5054687B0486805
S214033680EB6B00245B6902940E46012202A9083004
S2140336909847274695F84230012B40F08480632CE8
S2140336A002D9029807B0F0BD612C08D805AB2246B4
S2140336B031462846FFF7BEFF9DF814301BB305AB13
S2140336C02246314628468DF81070FFF7B3FF95F86B
S2140336D04230012B059B55D14FF6FF72934200F003
S2140336E09680082205A904A800F057F9059B9DF8C3
S2140336F01010C3F30722914240F08980DBB2029A8E
S2140337001A44029283E095F84230012B30D103AB82
S214033710224631462846FFF78DFF04AB621C31462E
S2140337202846FFF787FF05ABA21C31462846FFF75E
S21403373081FF102208230DEB02010DF107008DF81F
S214033740073000F02AF9102205A90DF1070000F052
S21403375024F9039BDAB2002A52D19DF80720B2EB74
S214033760132F4DD1DDE9043203EB0243029347E006
S214033770302C2BD944E09DF80720B2EB134F3FD1F2
S214033780049BF3E7013342D0102205A90DEB020098
S21403379000F003F9059B9DF81010C3F3074291420E
S2140337A035D19BB2ABE7312C3FF67BAF87D005AB69
S2140337B0224631462846FFF73DFFBDF81430002B5E
S2140337C07FF47DAF95F84230012BA0D003AB2246A1
S2140337D031462846FFF72EFF04AB621C31462846C7
S2140337E0FFF728FF102320220DEB03010DF107003E
S2140337F08DF8073000F0D1F8039B9AB2002ABAD0AE
S21403380095F84230012B14BF012302231C440134D4
S21403381040E713B500240194049C0094DDF7A2FE50
S21403382002B010BD30B5446800234FF0FF329C420F
S21403383002D10023037230BD016801EBC30541F8D2
S21403384033206A600133F2E7C0E90012FFF7EABFEC
S214033850F0B5456800239D4211D0046854F8332020
S214033860B2F1FF3F4FEAC30704EBC30608D0C2F327
S2140338701302914204D14FF0FF33E3517360F0BD5E
S2140338800133E8E7F0B5456800239D4202D14FF0C7
S214033890FF300FE0046854F83340671C4FEAC30652
S2140338A009D0C4F31307B94205D1240D1470036875
S2140338B033445868F0BD0133E7E713B504460023E5
S2140338C001461B220DF107008DF8073000F065F85E
S2140338D022689DF80730B3EBD26F0CBF012000209F
S2140338E002B010BD13B500230446014620220DF195
S2140338F007008DF8073000F050F80DF107001A2284
S214033900211D00F04AF862689DF80730B3EB926F0A
S2140339100CBF0120002002B010BD0068431C5842B3
S21403392058417047006810F07E0F0CBFC0F3C160AB
S214033930002070470068C0F3D3107047006800F09B
S2140339407F0001288CBF002001207047036813F016
S2140339507E0F14BF042008207047036813F07E0F01
S21403396003D1406820F07C40704713F078001CBFFA
S21403397003F07F03D81F7047006800F07F0070478E
S214033980032809D0022803D1C1F10201C8B2704747
S21403399000290CBF0720002070471F2A0B689EBF14
S2140339A04FF0FF3191408B43590801F055315B1AB4
S2140339B003F033319B0803F033330B44017803EBF6
S2140339C013130A4403F00F334FF001314B43A2EBBA
S2140339D013620270704737B501F10C04436905465C
S2140339E06946012220469847BDF80030019301221C
S2140339F0AB6901A92046984703B030BD37B501F13E
S214033A000C04436901226946054620469847009BF5
S214033A104FF6FF7299B291420DD11B0C1B0443F46F
S214033A20254343F0A50301930122AB6901A9204670
S214033A30984703B030BD0020FBE737B504461B228A
S214033A40011D00250DF107008DF80750FFF7A5FFB0
S214033A5060689DF80720B2EBD06F03D120F0784062
S214033A6003B030BD0DF107001B2204F108018DF8E9
S214033A700750FFF792FFA0689DF80730B3EBD06FAF
S214033A8001D1C043EAE74FF0FF30E9E703684BF2A2
S214033A909A22B2EB134F10B5044613D19BB2012BF7
S214033AA013D1FFF7CAFF01300CD0E0684FF6FF7260
S214033AB0B2EB104F4FEA104309D180B2C01A18BFB9
S214033AC0012010BD2368013303D00420F9E7022048
S214033AD0F7E70320F5E701288CBF00200120704795
S214033AE0033801288CBF002001207047143070472C
S214033AF02DE9F04105469846036908460E461746E3
S214033B009847044638B943463A4631462846DEF7D0
S214033B1049FE044618B131462846FFF75CFF2046A7
S214033B20BDE8F081E2F7D6BA38B504460D46E3F7AA
S214033B30D5FD28B929462046BDE83840E2F79EBAA7
S214033B4038BDE3F765BA70B516460C46FBF7E9F8D9
S214033B50314605462046E0F73FFD04462846FBF778
S214033B60E4F8204670BD00F0E3B938B5044648884B
S214033B700D4600F0ADF8D4F8A0302BB92946204600
S214033B80BDE83840E2F71EBC022038BD00F0A1B8FD
S214033B9000F025BA73B5044600200D4600F098F8E9
S214033BA0D4F8A06069462046FFF7F2FF5EB99DF899
S214033BB000102A462046CFF72DFF0146204600F088
S214033BC0DAF902B070BD00231A4629462046B047EC
S214033BD0F7E7E2F7F5B8DFF71DBC38B505460C4640
S214033BE0FBF79FF82B6B1C40EB6A2343EB62FBF758
S214033BF09CF8211E18BF01210020490238BD38B5A4
S214033C0004460D46FBF78DF8236B1D40E36A23EA53
S214033C100505E562FBF789F8284638BDC06A704794
S214033C2010B501210446FFF7EAFF2046BDE8104021
S214033C30E0F7C6BC38B504460D464FF48811FFF7C7
S214033C40DEFF29462046BDE83840DFF75DB8084664
S214033C50DFF7F6BF00F089B8DFF782BE084708B57E
S214033C60E2F72EF980B208BD022A01D800F095BA11
S214033C7001207047022A01D800F0A0BA012070473D
S214033C80022A01D800F0ACBA01207047E3F7A4BAC1
S214033C900846E3F7C3BA00F0E0BA002070470020F6
S214033CA0704738B50D6804462846DFF71FF8D4F882
S214033CB0903043B15B6933B1013504BF6FF0010245
S214033CC00A600A681A60002038BDE3F77BB97047BC
S214033CD0704770477047704738B50D460446E0F79F
S214033CE0CFF8AC4042F2107364095C436423B0FB24
S214033CF0F3F0B4FBF0F038BD022807D0062807D04F
S214033D00003818BF01204042C0B2704701207047F8
S214033D100020704730B51F23B0FBF3F35D1CEDB2F4
S214033D204FF0FF34C3EB4313AC40C01AE4430130F7
S214033D30E4B2C0B21460086030BD70B505460E46E6
S214033D40C0B201F00F01FFF7C7FFC6F30311044625
S214033D50C5F30720FFF7C0FFC6F303210444C5F3EA
S214033D600740FFF7B9FF204470BD08B5DFF73AFDFB
S214033D70BDE80840DFF7C0BD10B50446DFF732FDE7
S214033D80844288BF01F1FF31204601F00301BDE8FC
S214033D901040DFF7B1BD38B50446FFF7E6FF05462A
S214033DA0FFF7E3FF431BA342FAD338BD0020704757
S214033DB010B50446E0F7E8F8C4F30113022B05D068
S214033DC0032B09D0012B00D1400810BDC4F3C42433
S214033DD00134B0FBF4F0F8E78008F6E700F03003B0
S214033DE0202B10B513D110F4E02FC0F302440AD0F1
S214033DF010F4C01FC0F3C423B3FBF4F418BF64006D
S214033E00052C0ED86408FFF7D3FF604310BDC0F33C
S214033E1082136FF012041C4104F00104C4F102047F
S214033E20F1E70424EFE710B5044651B10B6843B13C
S214033E305B6833B11A68032A03D99C6A640E20466A
S214033E4010BDFAF76EFF01462046E0F7DFFA044698
S214033E500846FAF76AFFF2E7E1F792B9E1F790B995
S214033E60E1F78EB9E1F78CB97047436B03F0600353
S214033E70402B0DD0602B03D0203B5842584170474F
S214033E8049B10B68012B06D9486940F00100704719
S214033E9040F20110704700207047034670B1026875
S214033EA0022A0BD9426A12F47F4FC2F3072006D0C8
S214033EB01B6AD2B25A43B2FBF0F070470020704739
S214033EC0F0B5144687B01E460F4619B9002420469F
S214033ED007B0F0BD002AF9D00028F7D001A9E3F710
S214033EE053FE0028F2D0BDF80630BDF80850A219DC
S214033EF09A42C4BF9B1B9CB2B54212D90399AD1B11
S214033F00ADB23144A5420391ADF808500DD22A460E
S214033F10384603F004FC0499621B781903F0FFFB90
S214033F20D5E70499761B3144049122463846F5E7D3
S214033F300846E0F701B90220DFF73EBCD0F894301C
S214033F404BB11A68022A06D993F8250028B11B6AD2
S214033F50B3FBF0F0704700F0D1B9704708B50146DF
S214033F60D0F89400FFF799FF20B9BDE8084008464B
S214033F7000F0C8B908BD10B590F8D0300E2B044633
S214033F802BD00175D0F8900020B3D4F8A0304BB9ED
S214033F9094F8D9308B420BD320460022BDE810405C
S214033FA0E2F76ABAB4F92420B0F912309A42F3DD84
S214033FB094F8D91000222046E2F75EFA60B9C4F8F6
S214033FC09000204600F0EEF901462046BDE810407A
S214033FD0E3F784BBFF23637510BD0220FCE70346AB
S214033FE0D0F8D0000860B3F8D4308B800020704738
S214033FF090F8D0300E2B14BF407DFF20704738B5A5
S21403400005460C46E3F7DCF888B10CB1002038BD52
S2140340104FF400612846E1F7FBFC00224FF4807161
S2140340202846E1F7E1FC003818BF0120EFE74FF41C
S21403403000612846E1F7ECFC40B1002CEDD095F882
S214034040CA30002BE2D14FF48072E7E72202E5E79D
S2140340504FF48071E1F7DCBC4A024FF40071E1F7DC
S214034060C3BC8A024FF48061E1F7BEBC4FF4007113
S214034070E1F7CEBC3F2B084610B5114619D9B3FA63
S21403408083F3C3F11902D2B2062A01D8192B0ED034
S214034090062A28BF0622931DDBB201249C40A4B245
S2140340A0A14228BF2146E3F787FB204610BD002226
S2140340B0F1E70024F9E713883F2B10B5084616D915
S2140340C0B3FA83F3C3F11901C9B2062901D8192B30
S2140340D00BD0062928BF06218C1DE4B20123A3407A
S2140340E01380E3F787FB002010BD0021F4E70120CF
S2140340F0FAE7E1F7D3BC10B5084614460121DFF70B
S214034100CDFE20460121BDE81040DFF7C7BEF8B557
S21403411004460E461746FAF704FE3A460546314667
S214034120204600F02CFA04462846FAF7FEFD204601
S214034130F8BD0220704703207047DFF735BB10B584
S214034140E2F7A2FD044608B9E0F73CFE204610BDA0
S214034150704770B505460E461446FFF7BCFD31465C
S214034160284600F0EAF8FFF7B6FD04F00903082B2B
S21403417004D10C2C1CBF24F00804A4B22146284604
S214034180E1F7A4FE00224FF400312846E1F72CFCA9
S214034190002070BD8021E1F73BBC7FB5531C05AA08
S2140341A0ADF81410029202210022CDE90021DBB201
S2140341B01146E1F737FC07B05DF804FB7FB5531CE7
S2140341C005AAADF81410029204210222CDE90021BB
S2140341D0DBB200220121E1F725FC07B05DF804FB02
S2140341E01FB5531C029100220821CDE900210122AC
S2140341F0DBB21146E1F716FC05B05DF804FB07B524
S21403420091F82830009391F82B3091F8292091F8F3
S2140342102A10E2F7B3FF03B05DF804FB38B5054692
S214034220E1F74EFE04462846E1F728FE072811D19B
S214034230D5F89030DB6924F47F4121F0080103B1FF
S2140342405B7841EA032141F020012846BDE8384067
S214034250E1F73CBE24F02001F7E7081E18BF012053
S21403426070470020704702207047002070470120E7
S21403427070470020704700207047012070470020D9
S2140342807047E2F7E9BE08461146E3F7D5B870B5BE
S21403429005460C4611461A46E2F7F0FF06682B461B
S2140342A02046B446BDE87040604710B5E2F7E6FF27
S2140342B0BDE8104083681847DFF7DCBE4942FFF7C6
S2140342C0FBBF7047431E012B03D9031F58425841B7
S2140342D0704701207047FFF7FABC4FF4A472002121
S2140342E003F06FBA10B500210446FFF72AFC2046F8
S2140342F0BDE81040E2F78EBBE1F7C8BDE1F7E8BFC3
S214034300FFF71CBEE1F7EABFFFF728BED0F88C0024
S21403431070B5C468002324259C4201D1012070BDDA
S214034320826805FB0322D6898E4202D8128A8A4205
S21403433001D20133F0E70020F1E7F8B505460E4653
S214034340E3F73CF8D5F88C307BB15B696BB1DFF7EC
S21403435097FDD5F88C305B691B1A584240F26B12F6
S2140343604FF042015841E3F7F1F9F76800224FF6A0
S214034370FF734FF0240CD0B2B84208D31C46214634
S2140343802846E3F7ABF9FFF7A5FC2046F8BDB1686E
S2140343900CFB0011CC899C4202D2002CEFD02346A2
S2140343A00132E8E7008B70470A7838B505461046B1
S2140343B0FFF788FF60B14C782046FFF783FF38B1DC
S2140343C02243530704D42846BDE83840E1F78CBFA0
S2140343D0012038BD10B504460878FFF773FF58B1BF
S2140343E04A781046FFF76EFF30B1042A04D0204601
S2140343F0BDE81040E1F7B0BF012010BDE1F7ECBC0B
S214034400E2F752BA73B50D7806460C4635B3042365
S2140344108DF8043023798DF8053001A93046FFF76F
S214034420D9FF0546B8B92278A37952BB8DF8043074
S214034430E3798DF8053001A93046FFF7B5FF054649
S21403444048B923783BB161883046E2F7BDF80121CD
S2140344503046FFF7D4FD284602B070BD2946FFF765
S214034460CEFD29463046FFF7F7FD29463046FFF7CF
S214034470F8FD2378002BCAD123798DF804306379AD
S214034480C9E702228DF80420D3E7FFF7E5BDFFF75F
S214034490EDBDFFF7EFBDFFF70EBE08461146E3F787
S2140344A073BBC0F89C1000207047E2F7CBB870B51A
S2140344B0144686B005460E46122200210DF106006C
S2140344C003F07FF92368009369462846ADF8046035
S2140344D0E2F7B2F9009B236006B070BD38B5044618
S2140344E0154609B1FFF705FE25B12046BDE838405D
S2140344F0E2F7BEB938BD084611461A46BDF8003085
S214034500FFF7DEBC2DE9F74F1C469DF830300193CC
S214034510036803F00703063301259D400646174646
S21403452005F1FF380B46A1B1416804EA080BA5EB79
S2140345300B0A41F00059524509EB0B0114D95246B8
S214034540184603F0ECF87A1B5A444946504403F0E5
S214034550E6F8019B2BB13C4448EA050804EA080444
S214034560F46003B0BDE8F08F1846F0E737B50025D2
S21403457000951446FFF7C6FF204603B030BDF7B5D7
S21403458005460F4668461146E3F7CCFB064698B148
S21403459097B1DDE900311B0A43EA0163A5FB034338
S2140345A0090A05FB0135DFF76BFC002302462946A3
S2140345B02046F9F7F5FA3860304603B0F0BD38B157
S2140345C04FF47A735843A0F6AC50401AE3F766BC30
S2140345D04CF25030FAE700228A4202D14FF0FF3005
S2140345E0704750F8223093FAA3F30BB90132F3E77E
S2140345F0B3FA83F000EB4210704710B50446E3F7B6
S2140346000DFE21460020E5F7C5FCBDE8104000205E
S21403461000F0C8B9704708B5E6F714FC80F001004F
S214034620C0B208BDFFF716BB70470020704770473F
S21403463070B5144681F0010519B90D2A07D1FF207C
S21403464018E00D2A03D100780538C0B212E00844FA
S21403465000F047F8C5F1040110F440660246C9B2FB
S21403466009D1042C084605D0052C16D112F0400FAC
S21403467018BF084670BDC5F10603042CD8B2F9D09E
S214034680B6F5006F03D1C5F10805E8B2ECE7B6F559
S214034690406FE9D1C5F10E05F7E712F4404107D1A3
S2140346A0062CE7D0072CE5D0082C13D10130CCE735
S2140346B055065CBF831CD8B2062CDBD0B1F5004F81
S2140346C002D1831CD8B2EDE7B1F5404FEAD100F131
S2140346D00803F7E7130744BF0530C0B20C2CC9D94B
S2140346E0ADE7008870470170090A4170704710B53E
S2140346F00024E3B210B9C3F10303DBB20134042C84
S214034700CA544FEA1222F4D110BD10B50B784C7878
S2140347108A78C97828B910462246044608461946B8
S214034720034642EA012043EA042343EA004010BD5D
S21403473010B50C46E6F742FA048010BD38B50C46B1
S2140347401546E6F73BFA03881DB11C43A1B2018068
S21403475038BD23EA040189B2F9E708B5E6F72EFA6D
S214034760008808BD08B5E6F729FAC07808BD08B57D
S214034770E6F724FA008800F00C0008BD08B5E6F753
S2140347801DFA008800F00C00031F5842584108BD6C
S21403479038B50546E6F712FA04462846FFF7EEFF55
S2140347A030B904F11000FFF79CFF00F4406038BDF9
S2140347B04FF40060FBE738B50546E6F7FFF9044615
S2140347C02846FFF7DBFF014648B91034204604228B
S2140347D0E4F78EFE2044BDE83840FFF782BFA0888A
S2140347E038BD10B50C46E6F7E9F9848010BD38B538
S2140347F00546E6F7E3F904462846FFF7BFFF0146FA
S21403480008B1201D38BD103404222046E4F770FE9C
S2140348102044F7E738B50546E6F7D0F904462846B8
S214034820FFF7ACFF30B904F11000FFF75AFF00F4AE
S214034830404038BD4FF40060FBE738B50546E6F761
S214034840BDF904462846FFF799FF014648B91034D8
S21403485020460622E4F74CFE2044BDE83840FFF726
S21403486040BFA08838BD38B50546E6F7A7F9044625
S2140348702846FFF783FF014608B1201D38BD1034D4
S21403488006222046E4F734FE2044F7E708B5E6F7A9
S21403489095F9007A08BD08B5E6F790F990F909008E
S2140348A008BD08B5E6F78AF9807A08BD08B5E6F7C5
S2140348B085F9C06808BD10B50C46E6F77FF90472A3
S2140348C010BD10B50C46E6F779F9447210BD10B565
S2140348D00C46E6F773F9C46010BD2DE9F8430F469E
S2140348E08046002107F1100016469946E6F72CFA93
S2140348F00446D0B1E6F762F905462046E6F77AF9AC
S21403490000210246284602F05CFF0023AB7049F004
S21403491004012046FFF70CFFA5F804802EB13A46A3
S214034920314605F1100002F0FAFE2046BDE8F88392
S214034930F8B505460F4610200021E6F705FA0446AB
S214034940B0B1E6F73BF906462046E6F753F90021F1
S2140349500246304602F035FF0023B3703946204640
S214034960FFF7E6FE25B12A4601212046E6F7C4F9FD
S2140349702046F8BD08B5E6F721F9103008BD08B59E
S214034980E6F738F91038C0B208BD10B50C460988EA
S21403499021B90846F5F7C0FE208008B1012010BDF6
S2140349A00220FCE70020E5F721BA70B51D469DF806
S2140349B01030059E002B0C4610460A4614BF0821ED
S2140349C08821FFF7B5FF024640B10020CDE9046019
S2140349D02B462146BDE87040E5F796BA012070BD28
S2140349E008B5E5F78BFC002008BD4088C0F30C0033
S2140349F00330800840000430704708B520B1E5F75F
S214034A00F1FE00F0010008BD0120FAE708B5E5F75E
S214034A1021FEBDE80840FFF7F0BF70B50E46054619
S214034A2011463046E6F790F9044635B128B1E6F765
S214034A30C5F83246294602F0AAFE204670BD008815
S214034A40B0FA80F040097047008810B1C9B2E6F7A3
S214034A503FB970472DE9F041B0F8008006460C4692
S214034A60D5B2B8F1000F11D029464046E6F730F923
S214034A702246074629464046E6F73EF93A46294681
S214034A802046E6F739F93480BDE8F0810F46F5E7AE
S214034A9038B5058800220446FFF7DCFF05B12580FC
S214034AA038BDF8B507460D46008800211646E6F7DA
S214034AB00FF9B042044605D129463846BDE8F8400A
S214034AC0FFF7E6BF00212046E6F702F9B04205D01D
S214034AD020460021E6F7FCF80446F3E72A4620467C
S214034AE00021E6F709F9324628460021BDE8F840DA
S214034AF0E6F702B9034608461B888B4202D000211C
S214034B00E6F7E6B80020704738B5044638B100210A
S214034B10FFF79AFF002301465D1C09B998B238BD1A
S214034B202046FFF7E7FF2B460146F5E7F8B505886D
S214034B3007467DB1CCB221462846E6F7C9F885423A
S214034B40064609D100233B80002221463046E6F77D
S214034B50D3F835462846F8BD2146E6F7B9F8214688
S214034B6002462846E6F7C8F8EEE72DE9F047078839
S214034B708246884614465FB33846E6F73BF83D461A
S214034B800646E4B221462846E6F7A2F840458146A3
S214034B9016D12146E6F79CF8214602462846E6F754
S214034BA0ABF8474504D1454508BF0025AAF8005091
S214034BB0002221464046E6F79FF83046BDE8F087D8
S214034BC08742FAD0E6F716F8304486B24D46D9E760
S214034BD03E46F2E72DE9F04780460F4602F1FF39DD
S214034BE006460024BC4202D219F8015F25B9A6EB9B
S214034BF00800C0B2BDE8F0879A46A5F13102012A43
S214034C005AF8041B10D83246322D02F8011B06D17F
S214034C100134E4B2A74232D30912B21C71700134D4
S214034C20E4B253461646DDE7342D0CD10334BC42BA
S214034C30DDDA0B0A317073700B0C090EB370321D7C
S214034C40F170E4B2EBE7A5F13302062A0DD8303D46
S214034C50EDB22B19BB42CADA2A463046013C02F0B3
S214034C6096FD55FA84F47219EBE7A5F14102062A7C
S214034C7001D8373DECE71D7903F1080AE9E7164644
S214034C80B5E770B5054600880C46E5F7B3FF8442E2
S214034C9028880AD9E5F7AEFF0023221AD2B228469F
S214034CA01946BDE87040E6F7D5B82146E5F7BEFFDE
S214034CB0002070BD2DE9F8430746084616469DF8C2
S214034CC0209088461C46E5F779FF8519CCB1C5B117
S214034CD04046E5F78FFF2644864214DC2246B9F1A8
S214034CE0000F06D12946384602F051FD0020BDE8E4
S214034CF0F883B9F1010F39462846F5D002F00FFDC7
S214034D00F4E72120F3E71D20F1E738B50546E5F77C
S214034D1055FF04462846E5F76DFF00220146204668
S214034D20BDE83840FFF779BEF8B516460C461D4673
S214034D30BDF81870E5F742FF04443046E5F73EFF3A
S214034D403A4641192046BDE8F84002F020BD70B54A
S214034D500C460131C9B20646E6F720F92146054658
S214034D603046E6F71BF900EB052080B270BD1FB591
S214034D700123ADF80C2000930A460223014603A83C
S214034D80FFF798FF05B05DF804FB2DE9F0410C46EC
S214034D900131C9B20646E6F701F921460746304611
S214034DA0E6F7FCF8E11C0546C9B23046E6F7F6F826
S214034DB0A11C8046C9B23046E6F7F0F805EB072596
S214034DC000EB082005EB0040BDE8F08173B5044610
S214034DD00D46402000211646E5F7B6FFADF806005F
S214034DE0E5F7ECFEBDF8063013B9002002B070BD3F
S214034DF0402133462A462044FFF7ECFE2118C9B269
S214034E000DF10600FFF73DFF0028EED1BDF80600C2
S214034E10ECE710B41446091B1A462044019B5DF8C0
S214034E20044BC9B2FFF7D6BE08B410B585B007ACBD
S214034E3054F8043B00940394FFF7EBFF05B0BDE87A
S214034E40104001B070470EB403B503AA52F8041B12
S214034E500192FFF7BBFF02B05DF804EB03B07047A7
S214034E6000220123C0E900237047F8B50446012752
S214034E700026F9F761FF23683BB9F9F763FF636818
S214034E800022012B0ED16360F8BD1D691F612660E9
S214034E90F9F758FF012DF2D02B462D691E61012D1F
S214034EA0FAD1E6E719691A610B46EAE700690038A2
S214034EB018BF01207047036823B94068012803D050
S214034EC0E6F79AB8002070474FF0FF307047F8B502
S214034ED00546FBF75CF801230646A8602B730027FC
S214034EE0F9F72AFF2B6802467BB11C692169A142A8
S214034EF00CBF2F60196127611046F9F723FF012CB9
S214034F0008D0636820469847EAE76C68012C04D10A
S214034F10F9F718FF00232B73F8BD6169711AB1F115
S214034F20004FF5D8216969602361E5E77020704773
S214034F3070207047002070470144884201D1012049
S214034F40704710F8013B9342F7D0002070470821C2
S214034F50FDF77BBA30B5014693B005460020E3F76C
S214034F604FFF10F0FF040BD16A4621462046E4F7B4
S214034F7033FF6A46214620468DF80250E5F70CFAC1
S214034F80204613B030BD00B5002193B06A460846EC
S214034F90E4F722FF9DF9020013B05DF804FB00B5A9
S214034FA0002193B06A460846E4F716FF9DF8000012
S214034FB013B05DF804FB08B5E4F776FA003818BFBB
S214034FC0012008BD012070470020704770477047D6
S214034FD070477047704770477047704700B50021A9
S214034FE093B06A460846E4F7F7FEBDF8060013B02A
S214034FF05DF804FB10B5002192B004466A460846E5
S214035000E4F7EAFE00216A460846ADF80640E5F7EF
S214035010C3F912B010BD00B5002193B06A46084626
S214035020E4F7DAFEBDF8040013B05DF804FB10B530
S214035030002192B004466A460846E4F7CDFE0021F6
S2140350406A460846ADF80440E5F7A6F912B010BD67
S21403505070472DE9F04F85B00C4691468046FFF722
S21403506086FB671C05463846FFF73BFB042D40F0DE
S2140350708B804046FFF77EFC037803F00303012B87
S2140350804FF009024FF00101204614BF4FF0020B08
S2140350904FF0030BE4F72CFA0922002105462046BD
S2140350A0E4F726FA21788DF80F000139002289B239
S2140350B02046FFF7B2FC04EB090A0646D0B12A469F
S2140350C001460DF10F035846FBF749FA0228054639
S2140350D026D13046E5F78EFDC0B220700023013896
S2140350E000930122C3B231463846FFF7E3FD237827
S2140350F0013323704046FFF730FB020424D49AF8AA
S214035100013021789B071FD50139A1EB09014246DF
S214035110C9B25046EBF712FB23781844207013E00D
S21403512020B92070284605B0BDE8F08F032809D1C2
S2140351305046FFF7D6FA20F4007189B25046FFF7BF
S214035140D2FAD7E70428D5D10125217800222046B4
S214035150FFF763FC06460028E4D00023014601223D
S2140351601846FBF7FCF9022819D13046E5F742FD4D
S214035170C0B220700023013800930122C3B2314627
S2140351803846FFF797FDCDE780F0800520F08000D6
S21403519081B23846C5F3C015FFF7A5FAD5E7002850
S2140351A0C0D12070BEE708B50020FFF734FA80F0C0
S2140351B00100C0B208BD0A4608B501460020E6F75E
S2140351C067FBB0FA80F0400908BD0020E5F716BA81
S2140351D000210846E4F78EBE0020E3F7EFBD08B5CE
S2140351E0E6F7EEFB003818BF012008BD0120704724
S2140351F001207047E6F718BD10B50C46098821B99B
S2140352000846F5F76DFA208008B1012010BD02208C
S214035210FCE710B50446F7F703F908B9F7F706F9FC
S21403522003050FD40C231B2B01D1002009E020FA21
S21403523003F1C90703F1010206D5DBB2E31A5842AC
S214035240584110BD0B23F9E71346ECE710B50C469F
S214035250098819B90846F5F75FFA2080012010BDC2
S214035260402908B5104604D009D811B13F290CD0FF
S214035270C9B200F034FBBDE80840FBF733BC412954
S21403528005D04C29F4D18D21F3E73121F1E74221F2
S214035290EFE770B592B004460D4616466A46E4F745
S2140352A09BFD6A46294620468DF81F60E5F774F88D
S2140352B012B070BD00B593B06A46E4F78DFD9DF855
S2140352C01F0013B05DF804FB07B50DF10701E7F700
S2140352D071F820B19DF8070003B05DF804FBFF20CA
S2140352E0FAE710B50C46E7F76BF92046BDE8104021
S2140352F0E7F77CB80129F8B505460C461DD0032907
S2140353001ED0052920D0072922D0002600240027F6
S2140353100120E4F749F8304485421DDA0320E4F718
S21403532043F82044854219DA0520E4F73DF838446B
S2140353308542B4BF07200520F8BD6FF00406E5E7F5
S2140353406FF004040526E2E700266FF00407DFE7A4
S214035350002426460527DBE70120EDE70320EBE7DD
S21403536038B5054600242046E4F71EF80134A84263
S214035370E4B202D9062CF6D10724204638BD38B14C
S2140353804379490023F00C0301F00C010B434371EE
S214035390704710B5044678B141794088490801F052
S2140353A006010131000AFFF7A5FF02460146204623
S2140353B0FFF7E5FF104610BD0722FBE738B50D469D
S2140353C0E7F7ECF8044608B9002038BDFFF7E1FF1D
S2140353D0002DFAD1237913F00703F5D0984238BF8E
S2140353E01846C0B2F1E7037923F0070319430171A6
S2140353F07047037903F00F0343EA01130371704701
S2140354000022E7F771BC002108B50122E7F76CFC20
S214035410401A18BF012008BD38B51546FFF7F0FF40
S21403542004462846FFF750FF84B1FF2804D062687D
S21403543022FA00F3DB0701D5012038BD01238340A0
S21403544013436360E3780133E370F5E72046F4E73C
S214035450E7F7B8BE0146102307220120E5F7F6BE9C
S21403546010B5E5F7ABFB00F110042046FFF739F95A
S21403547020F4007189B22046BDE81040FFF733B927
S2140354802DE9FF418DF80D301B0A15468DF80E30B9
S21403549001919DF82C308DF80C0001218DF80F300A
S2140354A00091042303AA28469DF828809DF83070AF
S2140354B09DF8346001F0DDFC044670B12946FFF721
S2140354C090F9B8F1000F02D12046FFF7C9FF2FB1BC
S2140354D046B931462046F2F7D3FD0024204604B0F1
S2140354E0BDE8F08100231A4619462046E7F7ECFD8F
S2140354F0F3E74FF47A70E7F741BFF0B5064687B097
S21403550010461C460F461546FFF734FA9DF8303012
S21403551018444378A4B1617811F0020F4FF00102EA
S2140355200CBF032100210020CDE90310CDE9014281
S2140355300095072239463046E7F7BCFF07B0F0BDB3
S21403554022462146EFE708B5E5F706FEBDE8084024
S2140355500020E8F7E1B91FB504466846FFF77AFF6F
S21403556054B100238DF80530102307226946002026
S214035570E5F76CFE04B010BDFFF730FDADF806008E
S214035580FFF749FDADF80000EEE700B58BB06846BF
S214035590FFF760FF009BBDF80600069304A9E7F734
S2140355A093FE0BB05DF804FB1FB504466846FFF791
S2140355B051FF02AB03CB2060616004B010BDFF2235
S2140355C0E8F7C4BA38B5D31E012B04460D46104679
S2140355D007D8E8F7CFF929462046BDE83840FFF755
S2140355E0EEBF022038BD1FB5062304468DF80C30E7
S2140355F0E8F70CFB0023CDE900338DF80D000223FA
S21403560003AA0121204601F034FC04B010BD70B596
S2140356100C4605460120E9F7E7F9237B4BB1FFF774
S214035620DDFC014623462A460120BDE87040E8F724
S2140356307BBC4FF6FE71F5E7F8B50E460746FFF757
S21403564099F90546FFF74DF800F44040B0F5404F92
S21403565014BF0022062202F10A030B32EB5C5C0045
S21403566004F00E045B08144403F0380338461C4465
S214035670FFF785F9844208D2001BC2B20F2A28BF5F
S2140356800F222919304602F04AF82046F8BDD020EA
S214035690EAF7D0B813B5F2F795FF6946044601F06A
S2140356A05FF858B1FFF79AFC40B1E5F76BFE28B1F7
S2140356B00023022269462046F0F7B0FA02B010BD76
S2140356C0FF224FF6FF71EAF7FDBA0020FFF7F8BF97
S2140356D037B5082305460C46092269460120E5F737
S2140356E0B5FD15B19DF806302B700CB1009B2360F9
S2140356F0BDF8040003B030BD07B500210DF1070067
S214035700FFF7E6FF9DF8070003B05DF804FB07B557
S21403571008238DF80600ADF80410009269460922A6
S2140357200020E5F793FD03B05DF804FB13B50446CC
S21403573001A90020FFF7CCFF019A01462046FFF798
S214035740E6FF204602B010BDF0B50F46002187B035
S214035750044608461646FFF7BBFF012305460DF130
S2140357600A008DF808408DF80930FFF71DFF092C55
S2140357701DD131460DF11200FEF7B5FF05AB02AAA7
S2140357809B1A0021CDE900112846DBB2642101F003
S21403579070FB0546E0B1092C15D1EAF757FC044621
S2140357A088B12846EAF766FC204607B0F0BD3146C6
S2140357B00DF113008DF812704FF6FF75FEF793FF89
S2140357C00DF11503DBE7284600F02EF80446EBE759
S2140357D00446E9E77FB50D461646ADF80E00E5F735
S2140357E009FA841BE4B2BDF80E20631B9BB2104675
S2140357F0009329467319FFF797FA21460DF10E0019
S214035800FFF73FFA04B070BD38B504460D4600F006
S214035810E2FF40B1AC4206D02046F2F755FFBDE8A2
S214035820384001F032B838BD10B50446FFF7A2F889
S2140358300230FEF756FF4FF6F7739842204603D919
S214035840BDE81040EAF79CBDEAF7E6FDB0FA80F043
S214035850400910BD0022EAF7B5BC70B50546FFF750
S21403586089F80646284601F028FB01462846E5F750
S21403587095FB04462846FEF79EFF4FF6F7739842BD
S21403588008D8337803F00303012B05D1A31E58422F
S214035890584170BD0120FCE70020FAE730B585B01B
S2140358A041F203330D46ADF808300446FFF796FB86
S2140358B08DF80A00FFF792FB0021000A8DF80B0013
S2140358C0CDE90011052302AA20468DF80C5001F0FD
S2140358D0D0FA10B12146FFF7BDFF05B030BD70B555
S2140358E004460D4691B131294FF0000600D13546E6
S2140358F02046FEF73CFF08280AD101212046E5F79B
S214035900E7F92946BDE87040FAF78CBF0126EFE7B2
S2140359102046FEF72CFF024630B9BDE870404FF62E
S214035920FF710120FCF759BD2046FEF731FFB0F5A5
S214035930006F0ED12046FEF73EFF4FF6FF739842E8
S214035940014617D0002D0CBF032005200022FCF7CC
S21403595044FD29462046E7F775FC68B929462046E4
S214035960ECF7D8F940B9324629462046BDE87040E0
S214035970EBF716B80120E9E770BD37B54FF6F675B5
S214035980D0F7F2FA431E9BB2AB420446F8D8E6F7CA
S21403599005FE0028F4D169462046E5F7F3FE002805
S2140359A0EED0204601F03FF80028E9D12046FFF765
S2140359B02AFD0028E4D12046ECF71EFA0028DFD1A2
S2140359C0204600F008FF0028DAD12046FCF750FDF9
S2140359D00028D5D1204603B030BD73B504460E4625
S2140359E0ECF70AFA054688B92046ECF75FFA214633
S2140359F000952B460D224FF6FD7000F053F8314606
S214035A00204602B0BDE87040ECF712BA02B070BD93
S214035A1037B5054614460C2914D8DFE801F02913D8
S214035A202913131307131313132424006946E5F7E6
S214035A30A9FE18B901216846F0F7D2FC4220294690
S214035A40F5F75CFDBCB12046FEF794FF0230FEF787
S214035A5048FE4FF6F77398420DD9204603B0BDE8CB
S214035A603040EAF7A3BE0B2914BFAA20A920E6E715
S214035A70F4F7D4F9E6E703B030BD1FB5034608468E
S214035A8003218DF80C108DF80D3000210123CDE98C
S214035A900031ADF80E20042303AA01F0EAF905B09D
S214035AA05DF804FB2DE9F34106469DF820800F467A
S214035AB014461D46FFF792FAB04207D1002221464C
S214035AC0384602B0BDE8F041FFF7A2BF3A4631467A
S214035AD02046FFF7D2FFADF8060060B10D2C05D1C6
S214035AE000224FF6FF712820FCF777FC35B9BDF886
S214035AF00600FFF799FE02B0BDE8F0810123424697
S214035B0029460DF10600E5F7A5F9BDF80630002B8A
S214035B10EDD1F0E7F7B50C460546FEF72BFF611C03
S214035B20C9B206462846E5F739FAA11C0746C9B2A4
S214035B302846FFF70CF9014604463846FAF742FEB4
S214035B400D2F34D12046ECF757F978B1301DFEF708
S214035B50C8FD04462846F679FEF76FFE3146024630
S214035B60204603B0BDE8F040FFF756BCB01CFEF776
S214035B70B8FD4FF6F773984202D92846EAF716FEA1
S214035B802046ECF793F9FFF729FAA04205D1002047
S214035B9003B0BDE8F040ECF7CDB9B068F1686B46EA
S214035BA003C369462046ECF743F903B0F0BD2A4623
S214035BB03946204603B0BDE8F040FFF729BF14225C
S214035BC0002101F0FEBD2DE9F0470B078EB0044619
S214035BD00E4615465CD10120DAF7D4FD09A8FCF77A
S214035BE079FC092309A88DF82430FCF777FC09A86B
S214035BF0DAF79AFD01A909A8FCF721FF26F00F079B
S214035C002F4404F1100804F10F09BD4211D1236992
S214035C103344236101A909A8FCF7F4FE0020DAF750
S214035C20B1FDB6F1005F2CBFB12000200EB0BDE879
S214035C30F08705AA23469646186859689446ACE842
S214035C400300083343456246F6D12B46224605F148
S214035C50100A53F8041B42F8041B5345F9D1714646
S214035C6009A8FCF7CFFE09A8DAF75EFD224621460F
S214035C700120DAF719FD013D631E13F8012F15F80D
S214035C80011F4B4582EA01021A70F6D15546BCE75E
S214035C907020CBE7F0B585B0174605460C461022B4
S214035CA00021684601F08DFDBFB3C4B30F2C04F08A
S214035CB00F0608D924F00F043A4621462846FFF774
S214035CC082FF40BB274432463946684601F027FD2B
S214035CD02F6906F1100337446B448022B7F5005F43
S214035CE003F8102C2F61C6F110061AD3062E1FDDFB
S214035CF0FB001A0E8DF80A201A0C5BBA8DF80B20DF
S214035D00ADF80C306A4610212846FFF75CFF2B6976
S214035D10103B2B61002005B0F0BD3E46D8E7264673
S214035D20D6E7022E04DDFB005BBAADF80E30E9E7DA
S214035D306A4610212846FFF746FF2B69A3F1100495
S214035D402C6110220021684601F03BFDB7F5005F89
S214035D504FEAC403CDD2E7E770B586B00E460546D4
S214035D6001A81446FFF72BFF3246294601A8FFF782
S214035D7091FF05AE054601AB22461C4603CCB44252
S214035D8010605160234602F10802F6D1284606B099
S214035D9070BDECF771B90A460021ECF76DB9F0B5A2
S214035DA08BB00C4601A9ECF767F9054688B32522A4
S214035DB00021E01C01F005FDBDF810700123A3705F
S214035DC0FA054FF00E03238010D523464FF487724F
S214035DD023F8042B06AE0DF1280C324603CA62459F
S214035DE018605960164603F10803F6D13B0605D53D
S214035DF0238843F080032380069B636001AB03CBB9
S214035E00039BC4F81D00C4F82110A361EDF78AFBB9
S214035E10606128460BB0F0BD30B5054687B001A8D3
S214035E200C46FCF757FB2868696802AB03C39DF86A
S214035E30113043F002028DF8112074B12288510606
S214035E4044BF43F006038DF81130530542BF9DF857
S214035E50113043F008038DF8113001A8FCF72CFD30
S214035E60B0FA80F0400907B030BD70B58AB00D4671
S214035E70002201A90446ECF7FFF888B104A92046DE
S214035E80FFF7CAFF60B1BDF81060FFF7A7F838B98F
S214035E90720601D5730503D529462046FAF7E3FCB7
S214035EA00AB070BD2DE9F3410F4605461646E4F7E2
S214035EB0A1FEC41BE4B24FF000082946CDF80080CB
S214035EC023463A463046FEF7F5FE01212846E4F718
S214035ED0FFFE88B101212846E4F7FAFE0746E4F7F9
S214035EE089FEC5B22B463019CDF8008042463946A6
S214035EF0FEF7E0FE2544ECB2204602B0BDE8F08192
S214035F002DE9F74F0C9E9DF8348089460546934647
S214035F101C46E4F76FFE012723464A462946824677
S214035F2000975846FEF7C6FE39462846E4F7D0FEE5
S214035F304C4428B339462846E4F7CAFE5FFA8AFA81
S214035F405445814611DAE4B2AAEB040B5FFA8BFBE5
S214035F502246304600975B4629464444FEF7AAFE8F
S214035F60A4EB0A045E4404F0FF0801230C9300220A
S214035F7043464946304603B0BDE8F04FFEF79ABEA7
S214035F800C974346E2B22946F4E72DE9F04186B082
S214035F900026074608460C4615469846CDE902668F
S214035FA004968DF81460E4F725FE411BCBB20D2B47
S214035FB028BF0D2300962A46214602A8FEF77AFE3E
S214035FC0424602A93846ECF7C1FA9DF80820064671
S214035FD029462046E4F7F6FF304606B0BDE8F081D2
S214035FE02DE9F04F0E46CBB00121054617461C4659
S214035FF0E4F76EFE23463A462946814606A8FFF78F
S214036000C4FF0DF1280A00EB070B5FFA8BFB524621
S21403601031462846FFF746FFB34503D200204BB070
S214036020BDE8F08FABEB06085FFA88F808F10403C7
S2140360309842F3DB331F1844C4B204230193A31B13
S214036040DBB20093CDF808A043465246002106A8CB
S214036050DAF7B0FAC0B20028E0D1A4EB0B040AEBDF
S2140360600803E4B252462846009331464346019459
S214036070FFF746FF39462846E4F790FF394600F017
S214036080F8022846E4F79EFF01212846E4F720FE9F
S214036090002818BF4D462846ADF81650E4F7AAFD6B
S2140360A0011FC9B20DF11600FEF7EBFD0120B6E79E
S2140360B02DE9F041044600F000FF411C074689B273
S2140360C0204600F0CDFE98B397B339462046E4F752
S2140360D065FF00F00C03042B054629D000F00308E7
S2140360E0B8F1020F00D11BBB284600F06FFF2B064A
S2140360F00744BEB216D5711C89B2204600F0B0FE26
S214036100B0B1F9B22046E4F749FFB8F1010F0146F2
S21403611000F003030CD0032B0AD0284600F065FFDB
S214036120304486B231462046BDE8F04100F098BEC2
S2140361300020BDE8F081F8B5064600F080FE05466F
S21403614004463046FEF716FC43785B0718D5AC1CAE
S214036150A4B22146304600F083FEB8B12946304645
S214036160E4F71CFF691C0746C9B23046E4F716FF7E
S2140361701FB1874201D8FF2808D104EB4704A4B215
S21403618021463046BDE8F84000F06ABE0020F8BD60
S21403619013B5044601A8ECF719FCBDF80430DA077A
S2140361A010D49B0707D410220021204602B0BDE876
S2140361B0104001F006BB224621461020FFF7CCFD17
S2140361C00028F0D102B010BD13B50024CDE9003489
S2140361D013460A4601460620ECF724FC02B010BD1F
S2140361E008B50246ECF714FC510544BF0838C0B2A4
S2140361F0130544BF0838C0B208BDF0B5D3078BB04B
S21403620005460C4649D5008800F057FE002306468F
S214036210029314B9CDE9034403AC002208212046B7
S214036220FEF78AFEA0B12888FEF7A4FB0230FEF72D
S21403623058FA21460746E5F7A5FA48B10022402357
S2140362401146384600F069FABE2528460BB0F0BD65
S21403625031462888E4F7A2FE10F0030F0CBF012690
S2140362600026EBF74DFF46EA4000C0B2009002ABB3
S21403627005AA00212046EDF791FD0546EBF740FF02
S2140362800028E2D0002DE0D0009602AB05AA00213C
S2140362902046EDF783FD0546D7E7A625D5E7014655
S2140362A01A2308220120E4F7D1BF00231A46EDF78C
S2140362B0D1BC30B58BB005AD04462846FCF70AF9C9
S2140362C0022301A928468DF81430FCF7B8FB01AA6F
S2140362D02346144603CCAC4218605960224603F1A9
S2140362E00803F6D10BB030BD08B5002302461946A5
S2140362F01846EDF7AFFC012008BD37B504466846DF
S214036300EDF71EFD054648B108222146684601F012
S2140363102EFAB0FA80F0400903B030BDFF22082100
S2140363202046FEF709FE034628B106212846FFF756
S214036330BCFF0120F0E722460146EDF78BFCF8E7A9
S21403634007B56846EDF7FCFC10B16846FCF73DFD63
S21403635000F0010003B05DF804FB0120EEF740BA3D
S214036360704737B504460846FEF741FA0546FEF77A
S21403637035FE00230146009322462B460120F3F701
S21403638071FE03B030BD2DE9F04194B006460FA868
S2140363900F4614464FF00108FCF79CF801A88DF849
S2140363A03C800BADFCF7F8FAF4B1002329460FA89E
S2140363B08DF83D30FCF743FB95E80F0003AC84E80B
S2140363C00F009DF80650334604F11006224603CA12
S2140363D0B24218605960144603F10803F6D1002050
S2140363E03D7014B0BDE8F08129460FA88DF83D80B6
S2140363F0FCF725FB95E80F0007AC84E80F009DF833
S2140364000750E0E730B589B0054603A8FCF762F805
S214036410012401A88DF80C40FCF7BEFA9DF806206F
S2140364209DF80730AA4209D0AB4209D103A88DF8DC
S2140364300D40DAF779F9012009B030BD0024F5E7FD
S2140364400020F9E708B5002211461046EEF70EFDC8
S214036450BDE8084000214FF6FF70FFF726BF002275
S2140364601021FEF769BD7FB502460D460D231721A1
S2140364706846F9F7BBFD02AE6B462A461C4603CCBC
S214036480B44210605160234602F10802F6D1206838
S21403649010602379137100236B7304B070BDF0B5DD
S2140364A085B06C4606460B4601F108072246186877
S2140364B05968254603C50833BB422C46F7D11868EE
S2140364C028601B792B7131460D231720F9F797FDAA
S2140364D005B0F0BD38B504460D46D9F77FFEA04299
S2140364E005D920462946FFF7BEFF002038BD6920A0
S2140364F0FCE730B585B000248DF80040D9F76EFE72
S214036500E5B2A84204D8EFF7CDFD002005B030BDB4
S21403651069462846FFF7C3FF0134EFE738B504465C
S2140365200020F2F7A1F8FF2805460FD0F2F75CF932
S21403653010F0010009D02846F2F756F9400840EA61
S214036540C17080F0010000F0010038BD04F00100C6
S214036550FBE7F8B5014606460020EFF7DDFCFF280B
S21403656001D00120F8BDD9F729FE00240546871C73
S214036570D9F728FEE3B2984201D80020F2E735F8AF
S2140365802430B34203D117F82430002BE9D1013469
S214036590EEE738B50D4601210446E4F799FB30B122
S2140365A001212046E4F794FB2880012038BD2C8087
S2140365B0204600F079FD0130C0B2F7E72DE9F04739
S2140365C088B00746894610460DF10A011D469046D7
S2140365D0FFF7DFFFBDF80A6004464FF0000A3046B7
S2140365E0CDE905AACDF81BA0E4F704FB031BDBB239
S2140365F00B2B28BF0B23CDF800A02246314605A857
S214036600FEF758FB48F21F039D4243D00BD885F490
S2140366100043012B15D90097234642464946284690
S214036620FCF7EBFB33E048F23A039D42F3D1FEF767
S214036630D5FCB8422BD02246414605A8FCF710FCF1
S21403664025E09DF8143013BBBDF81D40DDF815009A
S214036650DDF8191003AB03C303A92046D9F728FDB9
S214036660012203A92046EBF799FCA74206460ED063
S214036670012103A8EFF7B4FE48F201039D4206D1B9
S2140366802EB9334632463946204600F029FE08B076
S214036690BDE8F0879DF81450002DF8D102349DF81C
S2140366A01570E4B2A846EBB2BB42F0D222460823EA
S2140366B03146CDF8008003A8CDE90388FEF7FAFA41
S2140366C003A8F1F7AFFFF1F7FFFF083400F0DDF89A
S2140366D00135E4B2E7E708B5E4F73EFDBDE8084058
S2140366E0F0F7AAB910B50024848041800480C280E4
S2140366F0038110BD13B5BDF81040CDE90034002367
S214036700F0F7F0FA02B010BD13B5BDF810400190D3
S2140367100094F0F7E7FA02B010BD07B50093012323
S214036720FFF7F2FF03B05DF804FB0123F0F770BB3D
S2140367300121F1F7A5BC08B500F00EF8FF2804D038
S214036740F2F752F8C0F3C00008BD0120FCE701468B
S2140367504FF6FF70F1F7BCBB01460020F1F784BF8C
S21403676010B50C46F1F7B0FFFF2808D0F1F742FF4B
S21403677020B10368236043686360012010BD0020D6
S214036780FCE710B50446FEF703F8B0F5006F2046A5
S21403679005D1FEF710F8BDE81040F1F795BFFEF7F8
S2140367A026F8BDE81040FFF7D7BF08B5F1F78CFF12
S2140367B0FF280CD0F2F718F810F0010309D04008B0
S2140367C040EAC17080F0010000F0010008BD00201F
S2140367D0FCE71846FAE708B5F1F776FFFF3818BF67
S2140367E0012008BD1FB502460B2301A81821F9F79F
S2140367F0FDFB9DF80E0005B05DF804FB30B511F007
S214036800010587B0044616D001A9F2F7B5FB90B987
S2140368102046F1F7E9FF10F0010109D02046F1F711
S214036820E3FF430843EAC17383F0010303F0010166
S21403683001A8EFF7D5FD2046F3F736FB2946204699
S21403684007B0BDE83040F9F73BBF30B585B00C461E
S2140368500546F1F7B7FEA04215D04FF6F7739C42F4
S21403686011D80B232A46182101A8F9F7BFFB29469E
S21403687018200B2301AAADF80C40F9F7C0FB2146FC
S2140368802846F1F73BFF05B030BD10B50446D9F7EF
S214036890ABFCA0420FD92046F1F794FE4FF6FF73E8
S2140368A0984208D020460021FFF7A8FF2046BDE8FF
S2140368B01040F2F7B9BB10BD10B50446FEF78EFBC9
S2140368C0002102462046BDE81040F2F705BD2DE93B
S2140368D0F04114460F4605469846FEF74BF8064623
S2140368E00430FDF7FEFE20802846FDF7A6FF6080F5
S2140368F0B379E372791CC9B22846E4F74FFBB91C97
S214036900A072C9B22846E4F749FBFE1C2072F6B211
S214036910B8F1000F18D031462846FEF718FA0537A7
S214036920FEB2A08031462846FEF711FAB11CE0807D
S214036930C9B22846E4F732FB6072217AA0880122A6
S214036940BDE8F041F3F7EAB92088EAE72DE9F0411C
S21403695086B090461E4604460D46FEF73FFB4FF6AE
S214036960F7739845074632D8A0424FF005038DF8D3
S2140369700C304FF0010214BF012300234FF0000137
S214036980CDE900211ABF8DF80D30ADF80E008DF855
S2140369900D30284614BF0423022303AA00F069FA25
S2140369A00546A0B1A7421AD0FDF7E4FF07462146E5
S2140369B00430803EFDF797FEFE7104A92046FFF7DC
S2140369C0CFFE40B904A92046F3F7FEFF18B900200E
S2140369D006B0BDE8F08104A9284600F0D9FA41467E
S2140369E02846FEF737FFF3E7037923F0030319433B
S2140369F001F03F010171704707B50DF10701F3F789
S214036A0033F803B05DF804FB08B5FFF7F5FF18B1DC
S214036A10BDE80840F3F778B808BD002211464FF6E4
S214036A20FF70F3F77BB910B50446FFF7E5FF0246A0
S214036A3038B901462046F3F771F9003818BF01202C
S214036A4010BD0120FCE7F8B5174604460E46FFF7CF
S214036A50D3FF0546386068B1037903F00303337048
S214036A6023B93A68137903F03F0313713B685C88D4
S214036A702046F8BD01462046FEF7A0FC074628B18F
S214036A80E5F79CFF874201D83570F1E7314620468B
S214036A90FCF7ADF90028EBD0032333704FF6FF74F1
S214036AA0E6E707B501AA0DF10301FFF7CCFF9DF852
S214036AB0033053B9019828B1037913F0300F14BF8C
S214036AC00120002003B05DF804FB0020FAE72DE95F
S214036AD0FF410646104688461546F1F7A3FD0746CE
S214036AE0FEF77CFA044648BB4FF6FF739E4225D05A
S214036AF09F4206D00146384604B0BDE8F041E9F7A8
S214036B00F1B907238DF804302B68CDF8053002461B
S214036B106B68CDF80930092101A8FDF77EFF024610
S214036B2018B9182004B0BDE8F08101234146304669
S214036B30EEF730FB0028F4D02046F3E77020F1E7A9
S214036B402DE9F04391B0064603AD0BA890460F46D9
S214036B504FF00109FBF7BEFC29460BA8ADF82C90B5
S214036B60FBF76DFF95E80F0007AC84E80F00CDE94F
S214036B7000484B46002239463046EEF723FC11B058
S214036B80BDE8F0832DE9F04F002785B081460C461B
S214036B907E203946BDF83CB09DF844A0BDF84C5065
S214036BA001929846ADF80E70E4F7CEF80646002834
S214036BB000F0AA80E4F702F839467E2200F001FED0
S214036BC03046E3F7FBFF00903046E3F7F7FFB9F1F3
S214036BD0FF0F14BF44F0030727463B0A14F4406232
S214036BE0077043705FD1C31C4FF00808184601991D
S214036BF0424600F0CCFD04F440440346434484B1CB
S214036C00790606D419464FEA1B2201F802BB5A70CE
S214036C100B46B4F5004F56D0A4F5404254425441B7
S214036C20E400224618460E9900F0B1FD009A03468A
S214036C302044A0EB02085FFA88F89DB14FF47C521B
S214036C401A53841C2846E3F7B9FF83462846E3F71E
S214036C50D1FFC5B22A465946204600F060FD6019AA
S214036C600235EDB2B9F1FF0F2FD0109900F8019B52
S214036C70524600F054FD08F101015AFA81F1294405
S214036C803046E3F7D3FF0C21FF00002207F080070E
S214036C9039431046FDF74CFEADF80E00E8B9002068
S214036CA005B0BDE8F08FB2F5006F80F803804FEAB9
S214036CB0182880F8048000F1050314BF4FF0080875
S214036CC04FF0020892E70224ABE708EB0A012944D7
S214036CD03046E3F7ABFF0821D6E73046E3F76EFF0F
S214036CE004463046E3F786FF0123C2B221460DF180
S214036CF00E00E4F7AFF80028D1D1BDF84820BDF860
S214036D000E000121E3F7F8FFBDF80E00C8E7704751
S214036D10F8B506460D46F3F7CBFD0328044621D007
S214036D202846F3F7C5FD032807461BD010F00203D9
S214036D3018D1A0070DD5F90716D401233C43E20763
S214036D4004D431892A89914218BF002303F0010035
S214036D50F8BD08222946304600F009FDB0FA80F354
S214036D605B09EBE70020F3E71846F1E770B50D463D
S214036D7000210646FDF768FE044630B1E3F71EFF22
S214036D8001462846FFF7C4FF08B1204670BD2146DA
S214036D903046FDF7AFFEEFE77FB54FF6FF7101AA6A
S214036DA0F3F772FE20B1BDF80C0007B05DF804FBE4
S214036DB04FF6FF70F9E708B5FFF7D8FF003818BF9E
S214036DC0012008BD08B51046E5F726FDBDE80840D6
S214036DD0E5F7E0BD2DE9F7430F4601218146164648
S214036DE0E3F776FF054658B1FDF78FFF308088B985
S214036DF02846E3F7FFFE68B1182003B0BDE8F0832A
S214036E004846E3F7F7FEFF2FA0EB0704E4B214D0DF
S214036E1014B934800020F0E72A4621462846FDF7B9
S214036E20FCFD80460028E7D000943B464A462946A8
S214036E30FDF77AFFA6F80080ECE70120DDE708B54A
S214036E40FDF798FD437803F001001A074CBF103096
S214036E500830DB0644BF0830C0B21030C0B208BDED
S214036E6010B50C46E3F7C6FEA04234BF002001204F
S214036E7010BD7FB59DF820600091144641F20921AC
S214036E80024641F60920002E18BF01461D46002083
S214036E90099BF3F745FFADF80E0010B9002004B0C8
S214036EA070BD01232A4621460DF10E00E3F7D2FFFB
S214036EB00028F3D1BDF80E00F1E738B50546FFF715
S214036EC0BEFF04462846E3F795FE631C9BB2834247
S214036ED00FD82846FDF74EFD43785B0707D52146B6
S214036EE02846E4F75BF8013004EB4004E4B220469E
S214036EF038BD0024FBE730B585B0ADF80E00E3F7E8
S214036F0079FE0446BDF80E00FFF7D7FF00F10E0327
S214036F10DBB2E5B2BDF80E20ED1AADB20146009520
S214036F201046FDF701FFA4F10E01C9B20DF10E00E4
S214036F30FDF7A7FE05B030BD4278034612F0080001
S214036F4006D0D20702D403F10800704703F1090004
S214036F50704737B505460C46FDF70CFD437813F02E
S214036F60100211D094B103F001021B074FF0000387
S214036F70009354BF18322032082329462046FDF7D3
S214036F8099FE012003B030BD1046FBE72046F9E723
S214036F9073B505460C46FDF7EDFC437813F0100277
S214036FA010D08CB103F0010201261B0754BF183220
S214036FB020320096082329462046FDF77BFE3046FE
S214036FC002B070BD1046FBE72046F9E700F0030366
S214036FD0012B08D0C30606D400F00C000C2814BFFF
S214036FE008200920704702207047034611F003006B
S214036FF005D003F00303022B14BF022003207047BF
S2140370002DE9F0414E1C07460D46E3F7F3FD864295
S21403701003D900242046BDE8F08129463846E3F725
S214037020BDFF8046FFF7D2FF18F0800F0446F1D06D
S21403703006443846E3F7DEFDB6B28642E9D8291998
S214037040C9B23846E3F7AAFF01464046FFF7CDFF2D
S2140370502044C4B2DEE7F8B506460D46FFF7D0FF78
S214037060044610B900242046F8BD29463046E3F707
S21403707095FF8206F7D53046E3F7BCFD6F1C274421
S214037080BFB28742EED82919C9B23046E3F786FF66
S21403709000F01803082B14BF05340634E4B2830645
S2140370A044BF0834E4B2DEE738B50546FFF705FF0C
S2140370B0044608B9002038BD01462846FFF7CBFF33
S2140370C00028F7D02044C0B2F5E72DE9F04387B097
S2140370D005460C46FDF74EFC8046FDF702FB0746C9
S2140370E02846FFF7EAFE064601462846FFF788FFCE
S2140370F00022034600922946324602A8FDF7DAFD2F
S2140371009DF8086006F00C030C2B06F003090BD061
S214037110B9F1010F59D0F10657D49DF809300DF196
S2140371200A056371002007E0FF2363710DF1090070
S214037130FDF7D7FA0DF10B05208198F80130DA0731
S21403714004D508F10200FDF7CCFA2081B9F1010F4E
S2140371505FFA89F83DD0F3063BD42846FDF7C1FA1B
S2140371606080A81CFDF7BDFA053515F8013C2080A4
S21403717023712B78A372B00606F0400348BF43F092
S2140371802003390627D543F40073F80448BF43F4B5
S2140371908063390548BF43F400633206E38011D5A4
S2140371A06A7812F003020DD0A9786FEA43436FEAB8
S2140371B05343B8F1020FE3800B4611D1EB7841EA53
S2140371C00321218107B0BDE8F083FF230DF10905F4
S2140371D0A7E7FF23CCE77A0648BF43F48073D4E7D8
S2140371E0012A04BF0B029BB22381EBE730B587B0BD
S2140371F00546084611461A46BDF83C300493BDF8CA
S214037200383003939DF8343002930C9B0193BDF8FA
S2140372102C300093BDF82830F3F7CEFE044678B141
S2140372200146002310220120F9F799F930B19DF8A1
S214037230402021462846E4F72BFBC0B207B030BDFA
S2140372401820FBE770B50646F3F7ECFE0446304617
S214037250E7F78CFC2246034600213046F3F7A2FAF2
S2140372600546C0B1FDF786FB04462846E3F7A6FCB1
S214037270E21D121A0023D2B229460820F9F76FF945
S2140372800138C0B2012806D8294630460122BDE897
S2140372907040E4F7FDBA70BD10B513460A460021E8
S2140372A00446F3F759FA014628B102222046E4F7CA
S2140372B0EFFAC0B210BD0120FCE707B500931346F2
S2140372C00A460021F3F7A4F930B10021F0F7D8FEFF
S2140372D0C0B203B05DF804FB0120FAE7F4F76CB91B
S2140372E00BB1F4F7D5B90AB9F4F74EBAFF21F4F7A0
S2140372F077B970B51646FF2204460D46FDF71CFE09
S214037300024610B146B9702070BD29462046FDF7E7
S21403731013FE0028F6D1F7E769082046BDE870405B
S214037320FBF793B870B50646144608461A46082176
S2140373301D46FFF7DEFF98B92A4602213046FFF7BF
S214037340D8FF68B92278531EDBB2FD2B09D8012378
S214037350934023F0FF6323F4FF23002B18BF702012
S21403736070BD19232370FBE730B58DB000220346AA
S214037370CDF826200846CDF82A20ADF82E2041F673
S2140373800632ADF8042000F1250401F115020DF1D3
S214037390060152F8045B41F8045BA242F9D10DF1F1
S2140373A0160203F1100153F8044B42F8044B8B42C8
S2140373B0F9D100F074F901A8EDF714FE0DB030BD55
S2140373C000284FF0000114BF012202220846FDF7F1
S2140373D060BF0020E2F778BF37B504466846FEF77D
S2140373E0E3F808226946201D00F0C1F9D0B92588C4
S2140373F0FDF711FE854215D1FEF77EF90246607B46
S214037400131A002BB8BF5B42C82B13460CDD82420F
S21403741028BF0346DBB29A4204D0FEF787F9A0786A
S214037420E6F764FB03B030BD824238BF0346F1E79C
S21403743010237F221C21F8F7D9BD28237F221D2184
S214037440F8F7D4BD024610237F211C20F8F7D7BDDA
S21403745010B5044600F0E7F820F00200204380B29F
S214037460BDE8104000F0EBB808B5F4F789FB012837
S21403747006D0022806D0032814BF0220062008BD23
S2140374800420FCE70520FAE730B5154689B000224C
S214037490FDF7C3FA0446E0B101460023072209209C
S2140374A0F9F75DF8B8B1FDF7B6FD034600200122F3
S2140374B0CDE901304FF6FF73CDE905020093CDE920
S2140374C003042B464CF62142FF21FFF78FFE09B03B
S2140374D030BD1820FBE71920F9E773B500231546DE
S2140374E006460A460C46009301460823281DFDF768
S2140374F0E1FB04F10801C9B23046E3F74FFD04F19E
S21403750009016873C9B23046E3F748FD04F10A017E
S214037510A870C9B23046FDF71AFC288002B070BDC9
S21403752000B58BB0684600F098F89DF8043001204B
S214037530984080B20BB05DF804FB10B50446FFF725
S214037540EFFF2040C30B0DD10E235A1C01D1FF20A1
S21403755007E020FA03F1C90703F1FF3204D558B256
S214037560C0B210BD0F20FBE71346EEE7024610231A
S2140375707F211C20F8F743BD1FB5102368467F22E2
S2140375801C21F8F733FD9DF80E0005B05DF804FBEB
S214037590F0B585B007460E4615461C467F221023D7
S2140375A01C216846F8F722FDBDF804303B80BDF881
S2140375B006303380BDF808302B80BDF80A302380B0
S2140375C0BDF80C200A9B1A8005B0F0BD2DE9FF41DB
S2140375D00E46BDF8288015461C46074618B14FF6DA
S2140375E0F77399421DD8B5F57F4F1AD214B1B8F583
S2140375F07F4F16D210237F221C216846F8F7F6FC2D
S2140376006846ADF80470ADF80660ADF80850ADF8FE
S2140376100A40ADF80C80FFF7A9FF002004B0BDE8D0
S214037620F0810120FAE71FB5102368467F221C214C
S214037630F8F7DCFCBDF8000005B05DF804FB1FB5E9
S214037640044610237F221C216846F8F7CFFC6846C1
S2140376500094FFF78BFF04B010BD10B590B004463E
S2140376607F221D2106A82823F8F7C0FC00232360E9
S2140376709DF81C30237101A8FAF72CFF0523E118A7
S21403768001A88DF80430FBF7DAF9062304F1150197
S21403769001A88DF80430FBF7D2F910B010BD10B571
S2140376A090B00023069303798DF81C3006AA04468F
S2140376B028237F211D20F8F7A2FC01A8FAF70AFF6A
S2140376C001A8FAF70BFF0523E11801A88DF804308B
S2140376D0FBF798F9062304F1150101A88DF8043089
S2140376E0FBF790F910B010BD1FB57F221C2168462A
S2140376F01023F8F77BFC009B684643F480730093E3
S214037700FFF734FF05B05DF804FB10F8012B11F802
S214037710013B012A28BF9A42F7D0D01A70470A4481
S214037720914200F1FF3300D1704710B511F8014BB9
S21403773003F8014F9142F9D110BD10B56AB1013972
S214037740841810F8012B11F8013F9A4203D1A04286
S21403775001D0002AF5D1D01A10BD1046FCE7034627
S21403776013F8012B002AFBD1181A0138704710B5FD
S21403777001390244904201D1002005E0037811F854
S214037780014FA34201D0181B10BD0130F2E7884217
S21403779010B501EB020402D98442234607D8431EE0
S2140377A0A14208D011F8012B03F8012FF8E7024491
S2140377B001468A4200D110BD13F8014D02F8014D6F
S2140377C0F7E702440346934200D1704703F8011BD0
S2140377D0F9E770477047431C08BF0020DEF744BC38
S2140377E0F8B500BFF8BC08BC9E467047F8B500BFA6
S2140377F0F8BC08BC9E4670475FF800F049160020A8
S2140378000000000000000000000000000000000070
S2140378100000000000000000000000000000000060
S21403782042544E3A20504230202D3E206C656176FD
S2140378306520616E642072656A6F696E0042544EFD
S2140378403A20504231202D3E206E6F7420696E2000
S2140378506E6574776F726B00202062696E645B25B9
S214037860645D3A20747970653D256420636C757396
S2140378707465723D3078253034582065703D256434
S2140378802D3E2564206E6F64653D30782530345870
S2140378900042544E3A20504231202D3E206E6F2037
S2140378A062696E64696E67733B2072656275696CA4
S2140378B0642077697468205357495443485F415599
S2140378C0544F5F46494E445F42494E443D3120740F
S2140378D06F20636F6D6D697373696F6E0042544EEC
S2140378E03A20504231202D3E20746F67676C652026
S2140378F073656E742073743D3078253032582028B3
S21403790062696E64696E67733D256429004E45544B
S2140379103A2066696E642D62696E6420696E6974C6
S2140379206961746F722073746172742073743D306E
S21403793078253032582028617474656D707420255C
S214037940642F256429004E45543A20737465657286
S214037950696E672073746172742073743D30782582
S214037960303258004E45543A206175746F2066696C
S2140379706E642D62696E642064697361626C65640B
S2140379802028636C6F75642072756C65206F776E44
S2140379907320726F7574696E6729004E45543A20DA
S2140379A06C656176652072657175657374656420B0
S2140379B073743D307825303258004E45543A207360
S2140379C07461636B207374617475733D307825300E
S2140379D03258004E45543A206A6F696E65643B2000
S2140379E06175746F2066696E642D62696E642064C7
S2140379F0697361626C65642028636C6F75642072BA
S214037A00756C65206F776E7320726F7574696E6719
S214037A1029004E45543A207374656572696E672073
S214037A20636F6D706C6574652073743D30782530B4
S214037A303258004E45543A2066696E642D62696E6C
S214037A406420696E69746961746F7220636F6D7008
S214037A506C6574652073743D307825303258202861
S214037A60617474656D707420256429004E45543A1C
S214037A702042494E44494E472045535441424C49BF
S214037A8053484544202D2050423120746F67676C5D
S214037A90652073686F756C6420776F726B206E6FEA
S214037AA077004E45543A2066696E642D62696E64AB
S214037AB020726574727920696E202575206D7300B7
S214037AC04E45543A2066696E642D62696E6420677B
S214037AD06176652075702061667465722025642062
S214037AE0617474656D707473005A33537769746385
S214037AF06820696E69742C206E65745374617465AE
S214037B003D256400696E666F006C6962730062737C
S214037B10656E64007261770073656E645F6D756C85
S214037B207469636173740073656E642D7573696E2F
S214037B30672D6D756C7469636173742D62696E6409
S214037B40696E670074696D6573796E630067657443
S214037B502D7074692D726164696F2D636F6E66692B
S214037B606700636F6E6669672D6363612D6D6F646F
S214037B70650076657273696F6E006576656E7473FD
S214037B80007A69676265655F7072696E7400706C0F
S214037B907567696E006E6574006B657973006F7048
S214037BA074696F6E00706C7567006368616E6765F5
S214037BB06B6579006368616E67656B007A646F0056
S214037BC07072696E742072656C6174656420636F8D
S214037BD06D6D616E64732E00617474720074696DEA
S214037BE065005A646F2072656C6174656420636F08
S214037BF06D6D616E64732E00726F75746500706FC1
S214037C00776572006D676D742D6C7169006D676DB5
S214037C10742D62696E64006C65617665006E6F64D0
S214037C20650073696D706C650069656565006E77E0
S214037C306B00756E62696E64006E776B2D7570648B
S214037C40006F75742D636C2D6C69737400696E2DEB
S214037C50636C2D6C697374005A646F20696E2D63B0
S214037C606C2D6C6973742072656C61746564206333
S214037C706F6D6D616E64732E005A646F206F75743A
S214037C802D636C2D6C6973742072656C6174656406
S214037C9020636F6D6D616E64732E005A646F206E81
S214037CA0776B2D7570642072656C617465642063F0
S214037CB06F6D6D616E64732E007363616E2D636802
S214037CC0616E2D6D61736B007363616E0063686133
S214037CD06E5067006368616E005A646F20756E624B
S214037CE0696E642072656C6174656420636F6D6D84
S214037CF0616E64732E0067726F757000756E6963CC
S214037D00617374006368616E67656B65792072657D
S214037D106C6174656420636F6D6D616E64732E00B1
S214037D204F7074696F6E2072656C6174656420634E
S214037D306F6D6D616E64732E00726567697374652B
S214037D4072006469736300696E7374616C6C2D638F
S214037D506F64650062696E64696E672D7461626C38
S214037D6065007072696E742D72782D6D736773007B
S214037D706170737265747279004150532072657432
S214037D80727920666C616720666F72636520636F25
S214037D906D6D616E64730064656661756C74004531
S214037DA06E61626C65732F44697361626C657320E0
S214037DB07072696E74696E67206F66205278206DE4
S214037DC0657373616765732E00656E61626C65002B
S214037DD064697361626C650042696E64696E6720EC
S214037DE07461626C652072656C6174656420636F90
S214037DF06D6D616E64732E00536563757269747975
S214037E00206B6579732072656C6174656420636F9B
S214037E106D6D616E64732E0064656C657465004EEB
S214037E206574776F726B2072656C6174656420632A
S214037E306F6D6D616E64732E00666F726D00726592
S214037E406A6F696E2D646966662D64657669636517
S214037E502D747970650065787470616E6964006965
S214037E60736F70656E0062726F61642D706A6F69FE
S214037E706E006368616E67652D6368616E6E656C20
S214037E8000696E6974006368616E67652D6B65656E
S214037E90702D616C6976652D6D6F64650074696D10
S214037EA0656F75742D6F7074696F6E2D6D61736B6E
S214037EB0006D756C74692D7068792D7374617274B6
S214037EC0006D756C74692D7068792D73746F70000E
S214037ED066696E64006E6574776F726B2066696E92
S214037EE06420636F6D6D616E64732E006A6F696ED6
S214037EF061626C6500756E757365640069646C65B4
S214037F002D736C65657000636F756E7465727300B0
S214037F1066696E645F616E645F62696E6400696E53
S214037F2074657270616E006E6574776F726B2D7315
S214037F3074656572696E67007570646174652D7427
S214037F40632D6C696E6B2D6B6579007A6C6C2D6393
S214037F506F6D6D697373696F6E696E67007A6C6CAB
S214037F602D636F6D6D697373696F6E696E672072CB
S214037F70656C6174656420636F6D6D616E64730018
S214037F8061626F72740067726F75707300736563F6
S214037F906F6E646172792D6368616E6E656C006ED8
S214037FA06F746F7563686C696E6B2D6E666E006EAC
S214037FB06F72657365742D6E666E007365742D72CD
S214037FC0782D6F6E0063616E63656C2D72782D6F0E
S214037FD06E0072782D6F6E2D61637469766500731B
S214037FE063616E2072656C6174656420636F6D6D8A
S214037FF0616E6473007570646174652D74632D6CB3
S214038000696E6B2D6B65792072656C61746564208F
S214038010636F6D6D616E64730074696D6572006E77
S2140380206574776F726B2D7374656572696E6720FE
S21403803072656C6174656420636F6D6D616E6473E5
S2140380402E007072652D636F6E6669677572656460
S2140380502D6B65792D736574006D61736B20726586
S2140380606C6174656420636F6D6D616E642E00735E
S2140380707562747261637400696E74657270616EA2
S2140380802072656C6174656420636F6D6D616E64E8
S214038090732E00667261676D656E742D74657374F6
S2140380A0007365742D6D73672D74696D656F7574D4
S2140380B0006C6F6E67006964656E7469667920721A
S2140380C0656C6174656420636F6D6D616E647300C7
S2140380D046696E6420616E642062696E6420726510
S2140380E06C6174656420636F6D6D616E64732E00DE
S2140380F0656E61626C655F74797065007374616345
S2140381006B00617070007A636C006C6567616379FD
S2140381105F61665F646562756700636F756E74653D
S21403812072732072656C6174656420636F6D6D6134
S2140381306E64732E007072696E742D636F756E7441
S21403814065722D747970650073696D706C652D703A
S21403815072696E74007072696E742D7468726573DA
S214038160686F6C6473007365742D746872657368E6
S2140381706F6C640072657365742D746872657368DA
S2140381806F6C64730073656E642D726571756573C9
S214038190740073656375726974792072656C6174B3
S2140381A0656420636F6D6D616E6473007365742D13
S2140381B0616C6C6F772D74727573742D63656E7452
S2140381C065722D72656A6F696E2D7573696E672D9C
S2140381D077656C6C2D6B6E6F776E2D6B65790073A0
S2140381E065742D616C6C6F772D74727573742D6363
S2140381F0656E7465722D72656A6F696E2D75736927
S2140382006E672D77656C6C2D6B6E6F776E2D6B6559
S214038210792D74696D656F7574007365742D6B6560
S214038220792D726571756573742D706F6C696379DA
S214038230006D66672D746F6B656E00617073005317
S21403824065637572697479206170732072656C61F9
S21403825074656420636F6D6D616E64732E0047658D
S214038260742F736574204D464720746F6B656E2EAE
S21403827000656E64706F696E742072656C617465F8
S2140382806420636F6D6D616E64732E00436F6D6D56
S214038290616E647320746F20636F6E74726F6C20EC
S2140382A069646C696E672F736C656570696E6720A9
S2140382B06F66207468652064657669636500666F1B
S2140382C07263652D6177616B65006177616B652D00
S2140382D07768656E2D6E6F742D6A6F696E656400C0
S2140382E047657473205278204F6E205768656E205A
S2140382F049646C65207374617475732E0043616EF4
S21403830063656C73205278204F6E205768656E2025
S21403831049646C652E0053657473205278204F6E43
S214038320205768656E2049646C65206475726174B5
S214038330696F6E2E00546865206475726174696F88
S2140383406E20666F7220746865205278204F6E2008
S214038350706572696F641F00456E61626C65732099
S214038360546F7563686C696E6B696E672E2054680C
S2140383706973206F766572726964657320746865C5
S214038380206E6F746F7563686C696E6B2D6E666EA8
S21403839020616E64206E6F72657365742D6E666EF3
S2140383A020636F6D6D616E64732E00446973616242
S2140383B06C657320546F7563686C696E6B696E6762
S2140383C02E2054686973206F7665727269646573CC
S2140383D020746865206E6F746F7563686C696E6B66
S2140383E02D6E666E20616E64206E6F7265736574A3
S2140383F02D6E666E20636F6D6D616E64732E004422
S214038400697361626C657320726573657420666F49
S2140384107220616E204E464E206465766963652041
S2140384206F6E20612063656E7472616C697A656431
S214038430207365637572697479206E6574776F72DD
S2140384406B2E0044697361626C657320546F7563A9
S214038450686C696E6B696E672028737465616C69F6
S2140384606E672920666F7220616E204E464E20642A
S21403847065766963652E0052657365747320746848
S21403848065206C6F63616C20646576696365207430
S2140384906F20666163746F7279206E65772E005362
S2140384A063616E7320666F7220616E20756E7573DE
S2140384B065642050414E206964656E74696669651B
S2140384C07220616E6420666F726D732061206E6524
S2140384D077205A4C4C206E6574776F726B2E005360
S2140384E063616E7320666F72206A6F696E61626C79
S2140384F065206E6574776F726B7320616E6420619E
S2140385007474656D70747320746F206A6F696E205F
S21403851069662061206E6574776F726B20697320BD
S214038520666F756E642E005072696E74732074687D
S21403853065205A4C4C206368616E6E656C207365CB
S2140385407420616E6420746F6B656E73005365747C
S2140385507320746865207363616E206368616E6E52
S214038560656C207365742075736564206279207466
S2140385706865205A4C4C20436F6D6D697373696F41
S2140385806E696E6720636F6D706F6E656E742E20F6
S214038590416E20696E646578206F662030207365AF
S2140385A0747320746865207072696D617279205ADD
S2140385B04C4C206368616E6E656C207365742C206A
S2140385C03120697320746865202B31206368616EDF
S2140385D06E656C207365742C203220697320746872
S2140385E065202B32206368616E6E656C207365743C
S2140385F02C203320697320746865202B332063682E
S214038600616E6E656C207365742C20616E64203415
S21403861020697320616C6C205A6967626565206304
S21403862068616E6E656C732E0054686520696E64AF
S2140386306578206F6620746865206368616E6E6572
S2140386406C206D61736B20746F2062652075736593
S214038650641F005365747320746865207363616ECA
S214038660206368616E6E656C20757365642062793D
S21403867020746865205A4C4C20436F6D6D69737384
S214038680696F6E696E6720706C7567696E2E00542D
S2140386906865207365636F6E6461727920636861D1
S2140386A06E6E656C20746F20626520757365641F3B
S2140386B000546865207072696D6172792063686121
S2140386C06E6E656C20746F20626520757365641F1B
S2140386D0005072696E7420746865205A4C4C20747E
S2140386E06F6B656E732E0053656E6473206120474F
S2140386F06574456E64706F696E744C697374526505
S214038700717565737420746F206120736572766566
S214038710722E00546865206E6574776F726B2061E5
S214038720646472657373206F66207468652064657D
S2140387307669636520746F20776869636820746858
S2140387406520726571756573742077696C6C206239
S214038750652073656E741F54686520736F75726346
S2140387606520656E64706F696E742066726F6D2027
S21403877077686963682074686520726571756573C8
S214038780742077696C6C2062652073656E741F5461
S21403879068652064657374696E6174696F6E2065BD
S2140387A06E64706F696E7420746F2077686963688F
S2140387B02074686520726571756573742077696CBB
S2140387C06C2062652073656E741F54686520656E41
S2140387D064706F696E7420696E64657820617420B6
S2140387E0776869636820746F20737461727420728B
S2140387F0657472696576696E6720646174611F00CB
S21403880053656E647320612047726F7570496465A3
S2140388106E746966696572735265717565737420E3
S214038820746F2061207365727665722E00546865D6
S214038830206E6574776F726B206164647265737300
S214038840206F6620746865206465766963652074A6
S2140388506F20776869636820746865207265717530
S2140388606573742077696C6C2062652073656E741B
S2140388701F54686520736F7572636520656E647038
S2140388806F696E742066726F6D20776869636820FF
S21403889074686520726571756573742077696C6C8E
S2140388A02062652073656E741F5468652064657363
S2140388B074696E6174696F6E20656E64706F696E3D
S2140388C07420746F20776869636820746865207203
S2140388D06571756573742077696C6C2062652073A7
S2140388E0656E741F5468652067726F7570207461B7
S2140388F0626C6520696E64657820617420776869A8
S214038900636820746F207374617274207265747266
S214038910696576696E6720646174611F0053656ECE
S214038920647320616E20456E64706F696E74496E61
S214038930666F726D6174696F6E5265717565737477
S21403894020746F206120636C69656E742E00546812
S21403895065206E6574776F726B20616464726573ED
S21403896073206F6620746865206465766963652086
S214038970746F207768696368207468652072657110
S214038980756573742077696C6C2062652073656EF9
S214038990741F54686520736F7572636520656E6413
S2140389A0706F696E742066726F6D2077686963688E
S2140389B02074686520726571756573742077696CB9
S2140389C06C2062652073656E741F54686520646549
S2140389D07374696E6174696F6E20656E64706F6917
S2140389E06E7420746F2077686963682074686520E6
S2140389F0726571756573742077696C6C2062652087
S214038A0073656E741F005365747320746865206401
S214038A1075726174696F6E20746861742061207466
S214038A206172676574206465766963652073686F31
S214038A30756C642072656D61696E20696E20696469
S214038A40656E74696679206D6F64652064757269F6
S214038A506E6720746F7563686C696E6B696E672EDC
S214038A6000546865206475726174696F6E202869A6
S214038A706E2074656E746873206F6620612073655C
S214038A80636F6E6429206F66206964656E74696619
S214038A9079206D6F6465206F7220307846464646AF
S214038AA020746F20696E64696361746520746861FD
S214038AB07420746865207461726765742073686FC8
S214038AC0756C642075736520697473206F776E20E8
S214038AD06170706C69636174696F6E2D7370656322
S214038AE069666963206475726174696F6E2E1F0010
S214038AF0496E697469617465732074686520546F80
S214038B007563686C696E6B2070726F6365647572EB
S214038B10652E0041626F7274732074686520546F0B
S214038B207563686C696E6B2070726F6365647572CB
S214038B30652E00496E6974696174657320612054FB
S214038B406F7563686C696E6B20666F7220746865F8
S214038B5020707572706F7365206F6620726573651B
S214038B607474696E6720612074617267657420642B
S214038B7065766963652E00496E6974696174657309
S214038B80206120546F7563686C696E6B20666F7224
S214038B902074686520707572706F7365206F662029
S214038BA063617573696E67206120746172676574AB
S214038BB02064657669636520746F206964656E74E6
S214038BC069667920697473656C662E00496E6974EC
S214038BD06961746573206120546F7563686C696E90
S214038BE06B20666F722074686520707572706F7381
S214038BF065206F662072657472696576696E672094
S214038C00696E666F726D6174696F6E2061626F75EF
S214038C107420612074617267657420646576696385
S214038C20652E00466F726D732061205A4C4C206E81
S214038C306574776F726B2E00546865206368616E87
S214038C406E656C206F6E20776869636820746F208A
S214038C50666F726D20746865206E6574776F726BCD
S214038C601F54686520706F77657220736574746926
S214038C706E6720666F72206E6574776F726B2074F2
S214038C8072616E736D697373696F6E731F54686573
S214038C902050414E206964656E746966696572206A
S214038CA0666F7220746865206E6574776F726B1FCB
S214038CB0005072696E74732074696D652E0050726D
S214038CC0696E7473206174747269627574652E00BC
S214038CD0436C6561727320746865205A444F206C38
S214038CE0697374206F6620636C69656E74202869E7
S214038CF06E2920636C7573746572732E0041646409
S214038D007320636C75737465727320746F20746854
S214038D1065206B6E6F776E20636C69656E742028B2
S214038D20696E2920636C757374657273206F6E2089
S214038D3074686973206465766963652E00436C65A1
S214038D4061727320746865205A444F206C6973748B
S214038D50206F6620636C69656E7420286F757429AE
S214038D6020636C7573746572732E0041646473209C
S214038D70636C75737465727320746F2074686520F2
S214038D806B6E6F776E20636C69656E7420286F75E3
S214038D90742920636C757374657273206F6E207408
S214038DA0686973206465766963652E0053656E642F
S214038DB07320616E20757064617465206368616EEC
S214038DC06E656C20726571756573742E00636861D9
S214038DD06E6E656C1F0053656E647320616E20753E
S214038DE07064617465206368616E6E656C20706183
S214038DF06765207265712E205468652073746163FD
S214038E006B2073656E6473206E776B20656E686186
S214038E106E63656420757064617465207265712085
S214038E20666F72206E6F6E2D7A65726F2070616743
S214038E30652E006368616E6E656C1F706167651FE3
S214038E4000506572666F726D7320616E20656E6585
S214038E50726779207363616E2E007461726765743E
S214038E604E6F646549641F7363616E447572617403
S214038E70696F6E1F7363616E436F756E741F004276
S214038E80726F616463617374732074686520494408
S214038E90206F6620746865206E6577206E6574772C
S214038EA06F726B206D616E6167657220616E642000
S214038EB0616374697665206368616E6E656C732E94
S214038EC0006E776B4D676549641F6368616E6E65F8
S214038ED06C4D61736B1F00506572666F726D732005
S214038EE0616E20656E65726779207363616E206FAD
S214038EF06E20676976656E206368616E6E656C20AA
S214038F006D61736B2E007461726765744E6F646572
S214038F1049641F7363616E4475726174696F6E1F73
S214038F207363616E436F756E741F6368616E6E65FF
S214038F306C4D61736B1F0053656E64732061206E06
S214038F406574776F726B20616464726573732072E5
S214038F5065717565737420666F7220746865206723
S214038F606976656E2049454545206164647265737C
S214038F70732E00696565651F0052657175657374A8
S214038F807320616E204945454520616464726573AC
S214038F9073206261736564206F6E20612067697653
S214038FA0656E206E6F64652049442E006E6F64659F
S214038FB049641F0053656E647320612073696D7086
S214038FC06C652064657363726970746F7220726572
S214038FD0717565737420666F722074686520736894
S214038FE06F7274206164647265737320616E6420AB
S214038FF0656E64706F696E74207370656369666905
S21403900065642E00646573741F74617267657445C6
S2140390106E64706F696E741F0053656E64732061AF
S214039020206D6174636844657363726970746F72EC
S214039030735265717565737420746F207468652048
S214039040676976656E2064657374696E6174696FAB
S2140390506E20776974682074686520676976656E24
S2140390602070726F66696C652E006E6F6465496466
S2140390701F70726F66696C651F0053656E6473209C
S21403908061206E6F64652064657363726970746FC4
S21403909072207265717565737420746F2061206722
S2140390A06976656E20746172676574206465766997
S2140390B063652E007461726765741F0053656E6482
S2140390C0732061205A444F2042696E6420636F6D9B
S2140390D06D616E6420746F206120646576696365D4
S2140390E02073706563696669656420696E207468B9
S2140390F06520636F6D6D616E6420617267756D6563
S2140391006E74732E0044657374696E6174696F6E52
S2140391101F536F7572636520656E64706F696E7436
S2140391201F44657374696E6174696F6E20656E643F
S214039130706F696E741F636C757374657249441F30
S21403914072656D6F746545554936341F646573746F
S21403915045554936341F0053656E647320616E208F
S21403916061637469766520656E64706F696E7420DA
S2140391707265717565737420746F207468652064F6
S2140391806576696365207769746820746865206707
S2140391906976656E2073686F72742049442E005397
S2140391A0656E647320616E20756E62696E642072EC
S2140391B065717565737420666F72206120756E69BC
S2140391C0636173742062696E64696E6720746F20CE
S2140391D07468652074617267657420646576696374
S2140391E0652E007461726765741F736F75726365AD
S2140391F02065756936341F736F7572636520656EF7
S21403920064706F696E741F636C757374657249441A
S2140392101F64657374696E6174696F6E455549366C
S214039220341F64657374696E6174696F6E20656E4E
S21403923064706F696E741F0053656E647320616E8D
S21403924020756E62696E642072657175657374202D
S214039250666F722061206D756C7469636173742028
S21403926062696E64696E6720746F20746865207423
S2140392706172676574206465766963652E00746140
S214039280726765741F736F757263652065756936DB
S214039290341F736F7572636520656E64706F696ED5
S2140392A0741F636C757374657249441F67726F75B8
S2140392B070416464726573731F0053656E64732034
S2140392C061205A444F204D616E6167656D656E740B
S2140392D0204C6561766520636F6D6D616E642074E6
S2140392E06F207468652074617267657420646576A0
S2140392F06963652E007461726765741F72656D6FAE
S21403930076654368696C6472656E1F72656A6F6919
S2140393106E1F0053656E64732061205A444F204DC0
S214039320474D542D42696E64202842696E64696E07
S21403933067205461626C6529205265717565737484
S21403934020746F2074686520746172676574206486
S21403935065766963652E007461726765741F73743E
S214039360617274496E6465781F0053656E6473207A
S21403937061205A444F204D474D542D4C51492028C7
S2140393804C5149205461626C65292052657175659C
S214039390737420746F2074686520746172676574D3
S2140393A0206465766963652E0053656E6473206179
S2140393B0205A444F20506F7765722044657363725A
S2140393C06970746F72205265717565737420746F5B
S2140393D020746865207461726765742064657669B5
S2140393E063652E0053656E64732061205A444F20D4
S2140393F0726F757465207265717565737420636F1B
S2140394006D6D616E6420746F20746865207461727C
S2140394106765742E007461726765741F696E646590
S214039420781F00696E6465781F65756936341F6931
S2140394306E7374616C6C436F64651F00696E64655C
S214039440781F65756936341F6B65791F0054432092
S2140394506C696E6B206B65792072657175657374C4
S21403946020706F6C6963791F417070206C696E6B36
S214039470206B6579207265717565737420706F6CE7
S2140394806963791F00426F6F6C3A20616C6C6F776B
S2140394902074727573742063656E746572207265CA
S2140394A06A6F696E207573696E672077656C6C2DBD
S2140394B06B6E6F776E206B65791F0070726F6669CF
S2140394C06C6549641F636C757374657249641F0029
S2140394D074617267657449641F00456E61626C65EA
S2140394E073207072696E74696E67206F6620527897
S2140394F0206D657373616765732E005365747320FF
S2140395007468652062696E64696E67207461626C54
S2140395106500696E6465781F636C75737465721F86
S2140395206C6F63616C45701F72656D6F7465457013
S2140395301F65756936341F00436C6561727320744A
S21403954068652062696E64696E67207461626C6523
S2140395502E005072696E7473207468652062696E9B
S21403956064696E67207461626C6520746F2074682A
S2140395706520636F6D6D616E64206C696E652E0089
S214039580436C6561727320616C6C207365637572DE
S214039590697479206B6579732E0044656C65746510
S2140395A02074686520737065636966696564206CFA
S2140395B0696E6B206B657920696E6465782E005042
S2140395C072696E747320616C6C207365637572695F
S2140395D07479206B6579732E005465726D696E61BC
S2140395E074657320746865206D756C74692D5048B6
S2140395F05920696E746572666163650055736564A8
S21403960020746F207374617274206D756C74692D89
S21403961050485920696E74657266616365206F747D
S214039620686572207468616E206E61746976652061
S214039630616E6420666F726D20746865206E657453
S214039640776F726B2E2054686520737461636B208A
S214039650757365732073616D652050616E49642070
S2140396606173206E617469766520726164696F2028
S2140396706E6574776F726B2E00706167651F636823
S214039680616E6E656C1F706F7765721F6F7074699D
S2140396906F6E734D61736B20284269742030203DD2
S2140396A020526F757465727320616C6C6F77656496
S2140396B02C204269742031203D2042726F6164631E
S2140396C061737420616C6C6F776564291F00417445
S2140396D074656D70747320746F206368616E67655C
S2140396E020746865206368696C642074696D656FAF
S2140396F07574206F7074696F6E206D61736B207460
S2140397006F2066696C746572206F757420756E645D
S2140397106573697261626C652076616C756573202A
S21403972028652E672E206E6F206D6F726520746815
S214039730616E20332064617973292E0074696D6528
S2140397406F7574206F7074696F6E206D61736B1F15
S214039750005377697463686573206265747765651B
S2140397606E20646966666572656E74206B656570E7
S21403977020616C697665206D6F6465732073757000
S214039780706F72746564206279206120726F7574DD
S21403979065722E004B65657020616C697665206D79
S2140397A06F64651F005072696E7473207468652059
S2140397B063757272656E74204E6F64652049442C1F
S2140397C02045554936342C20616E642050616E2046
S2140397D049442E00496E697469616C697A65732021
S2140397E061206E6574776F726B3B207468697320B3
S2140397F069732061207465737420636F6D6D616E89
S21403980064207573656420666F722074632D7377A6
S21403981061702D6F75742074657374696E672E009E
S2140398205365747320746865206E6574776F726B06
S21403983020696E646578207573656420627920619B
S2140398406C6C2066757475726520434C4920636F93
S2140398506D6D616E64732E20204265666F7265209F
S214039860657865637574696E67206120434C49208B
S214039870636F6D6D616E642C20746865206672611B
S2140398806D65776F726B2073776974636865732091
S214039890746F2074686973206E6574776F726B2EAD
S2140398A0202041667465722074686520636F6D6D51
S2140398B0616E642066696E69736865732065786592
S2140398C0637574696E672C20746865206672616DB3
S2140398D065776F726B20737769746368657320624C
S2140398E061636B20746F2074686520707265766997
S2140398F06F7573206E6574776F726B2E20205468B5
S2140399006520434C4920757365732074686520731E
S214039910616D65206E6574776F726B20696E646522
S2140399207820756E74696C20746865206465766942
S214039930636520726573657473206F722069742083
S2140399406973206368616E676564207468726F75F7
S2140399506768207468697320636F6D6D616E642E2B
S21403996000417474656D70747320746F206368614E
S2140399706E676520646576696365206F7665722019
S214039980746F206120646966666572656E74206311
S21403999068616E6E656C20676976656E20696E20F9
S2140399A0746865206368616E6E656C2061726775A6
S2140399B06D656E742E00546865206368616E6E650F
S2140399C06C20746F206368616E676520746F1F0078
S2140399D066696E64556E7573656450616E4964009E
S2140399E066696E644A6F696E61626C654E6574770C
S2140399F06F726B005065726D697473206A6F696E5F
S214039A00696E67206F6E20746865206E6574776F65
S214039A10726B20666F72206120676976656E206EB2
S214039A20756D626572206F66207365636F6E64730F
S214039A3020414E442062726F6164636173747320C5
S214039A4061205A444F204D676D74205065726D69CE
S214039A5074204A6F696E696E6720726571756573E7
S214039A607420746F20616C6C20726F7574657273EA
S214039A702E00412073696E676C65206279746520D9
S214039A80696E6469636174696E6720686F77206CBA
S214039A906F6E6720746865206465766963652073F6
S214039AA0686F756C642068617665207065726D6991
S214039AB074206A6F696E696E67207475726E65646A
S214039AC0206F6E20666F722E20412076616C75655E
S214039AD0206F662030786666207475726E73206F0A
S214039AE06E207065726D6974206A6F696E20696E88
S214039AF0646566696E6974656C792E1F00436865D4
S214039B00636B73206E6574776F726B20706A6F6910
S214039B106E207374617475732E005772697465735F
S214039B202074686520657874656E6465642070616A
S214039B306E20494420666F722074686520646576DB
S214039B406963652E0065787470616E69641F0052E0
S214039B50656A6F696E7320616E20657869737469D0
S214039B606E67206E6574776F726B20696E20612056
S214039B70736563757265206F7220696E73656375AE
S214039B807265206D616E6E657220776974682061F8
S214039B9020646966666572656E74206465766963BB
S214039BA06520747970652E00426F6F6C65616E2058
S214039BB06E6574776F726B206B6579206176616969
S214039BC06C6162696C6974791F4368616E6E656C5B
S214039BD0206D61736B1F416E20656E756D657261D6
S214039BE074696F6E20696E6469636174696E672059
S214039BF0746865206465766963652074797065208A
S214039C00746F2072656A6F696E2061732E5468657F
S214039C1020737461636B206F6E6C79206163636578
S214039C2070747320454D4245525F454E445F44452C
S214039C305649434520616E6420454D4245525F5365
S214039C404C454550595F454E445F44455649434548
S214039C502E1F0052654A6F696E732061206E65740D
S214039C60776F726B2E00426F6F6C65616E206E6548
S214039C7074776F726B206B657920617661696C61AE
S214039C8062696C6974791F4368616E6E656C206DDA
S214039C9061736B1F004C65617665732061206E658A
S214039CA074776F726B2E005475726E7320706572C4
S214039CB06D6974206A6F696E696E67206F6E2066C1
S214039CC06F722074686520616D6F756E74206F66A1
S214039CD02074696D6520696E646963617465642EBA
S214039CE000412073696E676C65206279746520692C
S214039CF06E6469636174696E6720686F77206C6F42
S214039D006E6720746865206465766963652073688A
S214039D106F756C642068617665207065726D697412
S214039D20206A6F696E696E67207475726E206F6E37
S214039D3020666F722E20412076616C7565206F66F3
S214039D402030786666207475726E73207065726D47
S214039D506974206A6F696E20696E646566696E69E8
S214039D6074656C792E1F004A6F696E732061206ECE
S214039D706574776F726B206F6E20612067697665F6
S214039D806E206368616E6E656C2C2077697468203C
S214039D906120676976656E20545820506F77657228
S214039DA020616E642050414E2049442E005468655D
S214039DB0206368616E6E656C206F6E2077686963DA
S214039DC06820746F206A6F696E20746865206E65FC
S214039DD074776F726B1F4F6E652D6279746520738F
S214039DE069676E65642076616C756520696E646963
S214039DF0636174696E672074686520545820506FD9
S214039E007765722074686174207468652072616473
S214039E10696F2073686F756C642062652073657460
S214039E2020746F1F5468652050414E204944206FAC
S214039E306E20776869636820746F206A6F696E2086
S214039E40746865206E6574776F726B1F00466F7259
S214039E506D732061206E6574776F726B206F6E2052
S214039E606120676976656E206368616E6E656C2C2B
S214039E702077697468206120676976656E20545878
S214039E8020506F77657220616E642050414E2049E2
S214039E90442E00546865206368616E6E656C206F9F
S214039EA06E20776869636820746F20666F726D2012
S214039EB0746865206E6574776F726B1F4F6E652DC1
S214039EC062797465207369676E65642076616C7564
S214039ED06520696E6469636174696E67207468657A
S214039EE020545820506F776572207468617420740C
S214039EF0686520726164696F2073686F756C64208F
S214039F0062652073657420746F1F54686520504122
S214039F104E204944206F6E20776869636820746F0B
S214039F2020666F726D20746865206E6574776F7235
S214039F306B1F0054686973207365747320746865B7
S214039F402074686520616D6F756E74206F6620746B
S214039F50696D65206265747765656E2073756273D7
S214039F60657175656E742074727573742063656E9F
S214039F70746572206C696E6B206B657920757064EE
S214039F806174657320696E206D696C6C69736563B3
S214039F906F6E64732E0054686520616D6F756E7402
S214039FA0206F662074696D65206265747765656EDB
S214039FB02073756273657175656E7420747275733C
S214039FC0742063656E746572206C696E6B206B65B6
S214039FD079207570646174657320696E206D696C91
S214039FE06C697365636F6E64731F00537562747276
S214039FF0616374732061206368616E6E656C2066AE
S21403A000726F6D2065697468657220746865207068
S21403A01072696D617279206F72207365636F6E6407
S21403A020617279206368616E6E656C206D61736B17
S21403A030206F6620746865206E6574776F726B2D6B
S21403A0407374656572696E6720636F6D706F6E6596
S21403A0506E742E00546865206368616E6E656C20AE
S21403A0606D61736B20746F207375627472616374B1
S21403A07020746865206368616E6E656C2066726F17
S21403A0806D1F546865206368616E6E656C20746F1F
S21403A09020737562747261637420746865206D61E1
S21403A0A0736B2066726F6D1F0041646473206120BA
S21403A0B06368616E6E656C20746F2065697468658D
S21403A0C07220746865207072696D617279206F7290
S21403A0D0207365636F6E64617279206368616E6E68
S21403A0E0656C206D61736B206F6620746865206EE7
S21403A0F06574776F726B2D7374656572696E67200E
S21403A100636F6D706F6E656E742E005468652063A2
S21403A11068616E6E656C206D61736B20746F206171
S21403A12064642061206368616E6E656C20746F1FC3
S21403A130546865206368616E6E656C20746F206179
S21403A140646420746F20746865206D61736B1F00F0
S21403A1505365747320656974686572207468652036
S21403A1607072696D617279206F72207365636F6EAA
S21403A17064617279206368616E6E656C206D6173CD
S21403A1806B2E00546865206368616E6E656C206D87
S21403A19061736B20746F20737562747261637420CD
S21403A1A0746865206368616E6E656C2066726F6D99
S21403A1B01F5468652076616C756520746F2073651F
S21403A1C07420746865206368616E6E656C206D61CB
S21403A1D0736B20746F2E1F00536574732074686549
S21403A1E0207072652D636F6E66696775726564208D
S21403A1F06B657920736F20746861742074686520BA
S21403A2006A6F696E696E6720646576696365206345
S21403A210616E20656E74657220746865206E657461
S21403A220776F726B2E0053657473207468652070A5
S21403A2307265636F6E66696775726564206B6579B0
S21403A2401F0053746F707320746865206E6574778F
S21403A2506F726B207374656572696E672070726FB8
S21403A260636573732E005374617274732074686528
S21403A270206E6574776F726B207374656572696E92
S21403A280672070726F636573732E0041206D617370
S21403A2906B206F66206F7074696F6E7320666F72C3
S21403A2A020696E6469636174696E672073706563A1
S21403A2B069666963206265686176696F722077698B
S21403A2C07468696E20746865206E6574776F726B48
S21403A2D02D7374656572696E672070726F6365733C
S21403A2E0732E1F00446973706C61797320746865FC
S21403A2F02063757272656E7420737461747573204F
S21403A3006F6620746865206E6574776F726B207352
S21403A31074656572696E672070726F636573732EFA
S21403A3200053656E6420616E20696E746572706199
S21403A3306E206D65737361676520746F20616E2090
S21403A340382D627974652045554936342E004C6F96
S21403A3506E672049441F44657374696E6174696F40
S21403A3606E2050414E2049441F44657374696E61E4
S21403A37074696F6E2050726F66696C652049441F5E
S21403A380456E6372797074204F7074696F6E731FB5
S21403A3900053656E6420616E20696E746572706129
S21403A3A06E206D65737361676520746F206120731B
S21403A3B0686F72742069642E0053686F7274204944
S21403A3C0441F44657374696E6174696F6E205041EF
S21403A3D04E2049441F44657374696E6174696F6ED9
S21403A3E02050726F66696C652049441F0053656E82
S21403A3F06420616E20696E74657270616E206D658F
S21403A400737361676520746F20612067726F757060
S21403A4102069642E0047726F75702049441F446597
S21403A4207374696E6174696F6E2050414E2049449F
S21403A4301F44657374696E6174696F6E2050726F22
S21403A44066696C652049441F0053657473207468FD
S21403A450652074696D656F757420666F7220696E0A
S21403A4607465722D50414E206D6573736167657315
S21403A4702073656E7420616E642072656365697609
S21403A48065642E004D6573736167652074696D6539
S21403A4906F757420696E207365636F6E64731F0037
S21403A4A053656E64732061206D6573736167652001
S21403A4B06F6620737065636966696564206C656E94
S21403A4C0677468206F662072616E646F6D207661B4
S21403A4D06C75657320746F2074617267657420648D
S21403A4E06576696365206F76657220696E7465723A
S21403A4F02D50414E2E005468652050414E2049444D
S21403A500207468617420746865207461726765746A
S21403A510206973206C6F6361746564206F6E1F54CB
S21403A52068652074617267657473204555493634CF
S21403A530202862696720656E6469616E291F546806
S21403A5406520636C75737465722049442074686172
S21403A55074207468652073616D706C65206D657317
S21403A560736167652073686F756C6420636F6E74C0
S21403A57061696E1F546865206C656E677468206F2A
S21403A58066207468652072616E646F6D6C792D66E3
S21403A590696C6C6564206D65737361676520746FA1
S21403A5A02062652073656E74206163726F73732017
S21403A5B0696E7465722D50414E1F00446973616263
S21403A5C06C657320696E7465722D50414E20676CFE
S21403A5D06F62616C6C792E00456E61626C657320E8
S21403A5E0696E7465722D50414E20676C6F62616CA4
S21403A5F06C792E005072696E7420776869636820E0
S21403A600656E64706F696E7473206172652072651F
S21403A610706F7274696E672E004D616B657320747C
S21403A620686973206E6F6465207374617274207436
S21403A630686520696E69746961746F7220706172EF
S21403A64074206F66207468652066696E64696E6739
S21403A65020616E642062696E64696E672070726F33
S21403A660636573732E0054686520656E64706F6946
S21403A6706E74206F6E20776869636820746F20623B
S21403A6806567696E207468652046696E64696E67DF
S21403A69020616E642042696E64696E6720696E6924
S21403A6A0746961746F722070726F636573731F00D1
S21403A6B0456E61626C652F64697361626C652064C4
S21403A6C06562756720606C65676163792061707089
S21403A6D0206672616D65776F726B2064656275675D
S21403A6E060207072696E7420747970652E00456EF2
S21403A6F061626C652F64697361626C651F00456EE9
S21403A70061626C652F64697361626C65206465625F
S21403A710756720607A636C60207072696E7420744B
S21403A7207970652E00456E61626C652F646973618E
S21403A730626C652064656275672060617070602076
S21403A7407072696E7420747970652E00456E61624E
S21403A7506C652F64697361626C65206465627567F6
S21403A7602060636F726560207072696E74207479FE
S21403A77070652E00456E61626C652F646973616255
S21403A7806C652064656275672060737461636B60D3
S21403A790207072696E7420747970652E0053656E2E
S21403A7A064732061207265717565737420666F72B9
S21403A7B0204F544120636F756E746572732E00527A
S21403A7C0657365747320616C6C2074687265736856
S21403A7D06F6C64732076616C75657320746F2030BC
S21403A7E078464646462E0053657473206120746887
S21403A7F0726573686F6C642076616C756520666F2E
S21403A80072206120706172746963756C6172207462
S21403A810797065206F6620636F756E7465722E009F
S21403A82054797065206F6620636F756E7465721F4A
S21403A8305468726573686F6C642056616C75651F27
S21403A840005072696E74732074686520746872654C
S21403A85073686F6C6473206F6620616C6C20746819
S21403A8606520636F756E746572732E00436C656145
S21403A870727320616C6C20636F756E7465722076DC
S21403A880616C7565732E005072696E747320616C0B
S21403A8906C20636F756E7465722076616C75657374
S21403A8A02E005072696E7473207468652076616C2E
S21403A8B07565206F662074686973207061727469A9
S21403A8C063756C617220636F756E7465722E0054C7
S21403A8D0686520636F756E74657220747970652081
S21403A8E0746F207072696E741F005072696E747391
S21403A8F020616C6C20636F756E7465722076616C74
S21403A90075657320616E6420636C65617273207471
S21403A91068656D2E00536574204D464720746F6B33
S21403A920656E2C2043414E4E4F5420424520554ED3
S21403A93053455420425920434C492E005072696EA9
S21403A94074204D464720746F6B656E2E00507269F7
S21403A9506E7420616374697665206576656E7473BC
S21403A9602E0044697361626C652074686520656EA9
S21403A97064706F696E7420666F72205A434C206D44
S21403A980657373616765732E00456E64706F696ED9
S21403A9907420696E6465781F00456E61626C65732A
S21403A9A02074686520656E64706F696E7420666FC8
S21403A9B072205A434C206D657373616765732E006E
S21403A9C05072696E7420737461747573206F662099
S21403A9D0656E64706F696E74732E0053686F777359
S21403A9E0207468652076657273696F6E206F6620C3
S21403A9F074686520736F6674776172652E0053659D
S21403AA00742074686520636F6E6669677572656423
S21403AA10203830322E31352E3420434341206D6F9B
S21403AA20646520696E2074686520726164696F2EA0
S21403AA302053656520646F63756D656E7461746914
S21403AA406F6E20726567617264696E672052414952
S21403AA504C5F494545453830323135345F43636191
S21403AA604D6F64655F742E0041205241494C5F4927
S21403AA704545453830323135345F4363614D6F6445
S21403AA80655F742076616C75651F00526574757218
S21403AA906E732050544920726164696F20636F6E31
S21403AAA066696720696E666F726D6174696F6E2082
S21403AAB0746F2064657465726D696E65207468656D
S21403AAC0205048592074797065206265696E672046
S21403AAD075736564206279205241494C2E20726555
S21403AAE07475726E2076616C756520697320656E69
S21403AAF0756D205241494C5F4945454538303231E2
S21403AB0035345F507469526164696F436F6E66696A
S21403AB10675F7420652E6720205241494C5F494584
S21403AB2045453830323135345F5054495F524144DD
S21403AB30494F5F434F4E4649475F32503447485A62
S21403AB40203D203078303055205241494C5F4945EE
S21403AB5045453830323135345F5054495F524144AD
S21403AB60494F5F434F4E4649475F32503447485A32
S21403AB705F414E54444956203D20307830315520AD
S21403AB805241494C5F494545453830323135345F8B
S21403AB905054495F524144494F5F434F4E464947DD
S21403ABA05F32503447485A5F434F4558203D203064
S21403ABB078303255205241494C5F49454545383037
S21403ABC0323135345F5054495F524144494F5F43F5
S21403ABD04F4E4649475F32503447485A5F414E54BA
S21403ABE04449565F434F4558203D2030783033550F
S21403ABF00053656E6473206120726561642061741E
S21403AC00747220666F72207468652074696D65209F
S21403AC106F66207468652064657669636520737063
S21403AC20656369666965642E204974207365747369
S21403AC30206120666C616720736F207768656E20DD
S21403AC406974206765747320746865207265737011
S21403AC506F6E7365206974207772697465732074E8
S21403AC6068652074696D6520746F20697473206F3E
S21403AC70776E2074696D6520617474722E00496462
S21403AC801F737263456E64706F696E741F646573B9
S21403AC9074456E64706F696E741F005768656E2026
S21403ACA073656E64696E67207573696E67206120CD
S21403ACB062696E64696E672C207370656369666982
S21403ACC0657320776865746865722061206D756C9E
S21403ACD07469636173742062696E64696E67207356
S21403ACE0686F756C6420626520757365642E0075E5
S21403ACF073654D756C74696361737442696E6469D8
S21403AD006E671F0053656E64732061207072652D35
S21403AD106275666665726564206D756C74696361D9
S21403AD207374206D65737361676520746F2061208B
S21403AD30676976656E2067726F7570204944206672
S21403AD40726F6D206120676976656E20656E64702C
S21403AD506F696E742E0067726F757049641F737225
S21403AD60632D656E64706F696E741F004372656150
S21403AD707465732061206D657373616765206279FE
S21403AD802073706563696679696E672074686520E9
S21403AD907261772062797465732E2055736520740B
S21403ADA068652073656E6420636F6D6D616E6420E5
S21403ADB0746F2073656E6420746865206D657373A5
S21403ADC0616765206F6E6365206974206861732010
S21403ADD06265656E20637265617465642E204578CE
S21403ADE03A2072617720307830303046207B30301E
S21403ADF0203041203030203131203232203333208E
S21403AE0034342035357D2073656E64732061206D80
S21403AE1065737361676520746F20636C75737465FF
S21403AE2072203135202830783030304629206F663E
S21403AE30206C656E677468203820776869636820BD
S21403AE40696E636C7564657320746865205A434C39
S21403AE50206865616465722E00436C757374657251
S21403AE6049641F446174611F0052657365747320DF
S21403AE70746865206E6F64652E0057726974657317
S21403AE802061206D6573736167652E00456E64707F
S21403AE906F696E741F436C75737465722049441F23
S21403AEA04174747269627574652049441F4D6173F9
S21403AEB06B1F4461746120747970651F446174610B
S21403AEC020627974651F0052656164732061206D8A
S21403AED06573736167652E00456E64706F696E7483
S21403AEE01F436C75737465722049441F41747472F2
S21403AEF069627574652049441F312069662073654D
S21403AF007276657220646972656374696F6E2C204D
S21403AF103020696620636C69656E742064697265A7
S21403AF206374696F6E1F0053656E64732061206DD2
S21403AF306573736167652E0044657374696E617427
S21403AF40696F6E1F536F7572636520656E64706FED
S21403AF50696E741F44657374696E6174696F6E20DD
S21403AF60656E64706F696E741F00536F75726365E8
S21403AF7020656E64706F696E741F004C697374731A
S21403AF80207768696368206F7074696F6E616C20E0
S21403AF906C6962726172696573206F662074686596
S21403AFA020737461636B2061726520696D706C65D4
S21403AFB06D656E746564206F6E20746869732064B3
S21403AFC065766963652E005072696E747320696EC8
S21403AFD0666F726D6174696F6E2061626F7574203F
S21403AFE0746865206E6574776F726B207374617412
S21403AFF0652C20636C7573746572732C20616E64A4
S21403B00020656E64706F696E74732E0053657420CA
S21403B0106F7220636C656172207374617920617747
S21403B020616B65207768656E206E6F74206A6F6942
S21403B0306E656400536574206F7220636C6561727D
S21403B04020666F726365206177616B650044697380
S21403B050706C61792074686520736C656570207305
S21403B0607461747573000000047B030060C50300FD
S21403B07000000000097B030050C503000000000029
S21403B0800E7B030040C50300000000000F7B030097
S21403B09030C50300000000001E1604001CC5030094
S21403B0A0000000001116040008C50300000000009D
S21403B0B066220400F8C4030000000000147B0300AB
S21403B0C0E8C4030000000000187B0300D8C4030094
S21403B0D000000000277B0300C8C403000000000034
S21403B0E0447B0300B8C40300000000004D7B03004C
S21403B0F0A8C4030000000000627B030098C403009A
S21403B10000000000727B030088C4030000000000F8
S21403B1107A7B030048C40300000000005D3304008C
S21403B120E0BB030000000000FB24040020BB030078
S21403B13000000000817B030024BA03000000000027
S21403B1408E7B0300B8B60300000000002C25040025
S21403B15090B5030000000000957B030090B5030044
S21403B16001000000997B030050B5030000000000B7
S21403B1709E7B030014B4030000000000BDE303003D
S21403B18014B40300010000008E7B0300B8B603006E
S21403B19000000000A57B0300B8B603000100000012
S21403B1A0AA7B0300E0B3030000000000B47B0300A7
S21403B1B0E0B3030001000000BC7B030010B20300F1
S21403B1C0000000002EFB0300DCB1030000000000BB
S21403B1D0000000000000000000000000ECB10300C7
S21403B1E0C07B0300A3C60300FE000000D87B030059
S21403B1F008BE030000000000DD7B0300F8BD03006B
S21403B2000000000000000000000000000000000036
S21403B21020B20300E27B0300A3C60300FE00000087
S21403B220F87B030088BF030000000000FE7B0300DA
S21403B23078BF030000000000047C030068BF03001F
S21403B240000000000D7C030058BF03000000000050
S21403B250177C030048BF03000000000080F60300CD
S21403B26010BF03000000000092FF0300FCBE0300B3
S21403B270000000001D7C0300ECBE0300000000007D
S21403B2806DFB0300DCBE030000000000227C03000D
S21403B290CCBE030000000000297C0300BCBE0300F4
S21403B2A0000000002E7C0300ACBE0300000000007C
S21403B2B0327C0300ACB3030000000000397C0300BB
S21403B2C054B3030000000000417C030020B30300D6
S21403B2D0000000004D7C0300ECB2030000000000F9
S21403B2E0000000000000000000000000FCB20300A5
S21403B2F0587C0300A3C60300FE0000004FC80300EB
S21403B30028BE0300000000006027040018BE0300E8
S21403B3100000000000000000000000000000000025
S21403B32030B30300797C0300A3C60300FE000000CD
S21403B3304FC8030048BE0300000000006027040057
S21403B34038BE0300000000000000000000000000FC
S21403B3500000000064B303009B7C0300A3C6030045
S21403B360FE000000B97C030098BE03000000000046
S21403B3705580030088BE030000000000C87C03005D
S21403B38078BE030000000000CD7C030068BE030007
S21403B39000000000D47C030058BE03000000000039
S21403B3A0000000000000000000000000BCB3030023
S21403B3B0D97C0300A3C60300FE000000F67C03004E
S21403B3C034BF030000000000FC7C030020BF030022
S21403B3D00000000000000000000000000000000065
S21403B3E0F0B30300047D0300A3C60300FE000000C1
S21403B3F0F7210400C8BF0300000000002C2504004A
S21403B400B8BF0300000000000000000000000000BA
S21403B4100000000024B40300207D0300A3C603003D
S21403B420FE000000397D030078C003000000000022
S21403B4302320040068C0030000000000427D0300D0
S21403B44058C0030000000000F7210400A8BF030053
S21403B45000000000477D030098BF030000000000C3
S21403B460547D030010B5030000000000627D030056
S21403B470DCB4030000000000707D03009CB40300EE
S21403B48000000000FB24040020BB030000000000B3
S21403B490000000000000000000000000ACB4030041
S21403B4A0797D0300A3C60300FE00000053C7030014
S21403B4B048C003000000000064C7030038C0030050
S21403B4C000000000977D030028C003000000000072
S21403B4D0000000000000000000000000ECB40300C1
S21403B4E09F7D0300A3C60300FE000000C97D030082
S21403B4F098C0030000000000D07D030088C003004E
S21403B5000000000000000000000000000000000033
S21403B51020B50300D87D0300A3C60300FE00000089
S21403B5202EFB0300CCC003000000000060270400CD
S21403B530BCC003000000000055800300A8C0030041
S21403B54000000000000000000000000000000000F3
S21403B55060B50300F87D0300A3C60300FE000000E9
S21403B5602EFB0300FCC0030000000000187E03004F
S21403B570ECC003000000000060270400DCC00300EA
S21403B58000000000000000000000000000000000B3
S21403B590A0B503001F7E0300A3C60300FE00000041
S21403B5A0397E030030C203000000000018270400A1
S21403B5B020C20300000000006C7E030010C20300DC
S21403B5C000000000177C030000C203000000000018
S21403B5D033270400F0C10300000000003E7E030092
S21403B5E0E0C1030000000000567E0300D0C1030044
S21403B5F0000000005F7E0300C0C1030000000000DF
S21403B600667E0300B0C1030000000000727E0300E4
S21403B61080C10300000000005580030070C10300D2
S21403B62000000000817E030060C1030000000000EC
S21403B630C3C8030050C1030000000000867E030059
S21403B64040C10300000000009D7E030030C10300DC
S21403B65000000000B17E03001CC1030000000000D0
S21403B660C17E03000CC1030000000000D07E03006F
S21403B67084B6030000000000000000000000000085
S21403B6800000000094B60300D57E0300A3C60300A3
S21403B690FE000000EC7E0300A0C1030000000000D3
S21403B6A0F57E030090C103000000000000000000C8
S21403B6B00000000000000000C8B60300A3C6030095
S21403B6C0A3C60300FE000000FC7E030020BC0300AC
S21403B6D000000000077F0300A4BA03000000000078
S21403B6E0107F0300FCB90300000000003F220400A3
S21403B6F0D4B90300000000001E7F030064B90300F2
S21403B70000000000277F0300CCB803000000000001
S21403B710387F0300A4B80300000000004B7F03003B
S21403B72034B7030000000000000000000000000023
S21403B7300000000044B703005D7F0300A3C60300B8
S21403B740FE000000397E0300E8BD03000000000091
S21403B750807F0300A8BD030000000000F72104005B
S21403B76098BD0300000000003F22040088BD0300CC
S21403B77000000000047B030078BD03000000000007
S21403B780867F030064BD0300000000005D330400F1
S21403B79050BD0300000000004685030040BD0300C3
S21403B7A000000000797E030030BD030000000000A7
S21403B7B08D7F030020BD030000000000C37C030050
S21403B7C010BD030000000000070F040000BD0300C7
S21403B7D000000000EC7E0300F0BC03000000000045
S21403B7E0F57E0300E0BC03000000000066220400B0
S21403B7F0D0BC0300000000009F7F0300C0BC030012
S21403B80000000000AF7F0300B0BC03000000000090
S21403B810D07D0300A0BC030000000000C97D030028
S21403B82090BC030000000000BB7F030080BC030045
S21403B83000000000C57F030070BC0300000000008A
S21403B840D27F030060BC030000000000C87C030036
S21403B85064B80300000000000000000000000000C1
S21403B8600000000074B80300DF7F0300A3C60300D4
S21403B870FE000000B7820300D8BD030000000000EE
S21403B8803F220400C8BD0300000000006622040037
S21403B890B8BD030000000000000000000000000028
S21403B8A000000000B4B80300F57F0300A3C603003E
S21403B8B0FE0000001980030040C2030000000000E1
S21403B8C0000000000000000000000000DCB80300D9
S21403B8D01F800300A3C60300FE000000070F04003A
S21403B8E0B0C2030000000000BB7E0300A0C203003A
S21403B8F000000000A1C8030090C20300000000007F
S21403B9004280030080C2030000000000C37C0300E3
S21403B91024B903000000000000000000000000003F
S21403B9200000000034B9030059800300A3C60300D7
S21403B930FE0000005580030070C2030000000000F4
S21403B9404FC8030060C20300000000006F800300BE
S21403B95050C20300000000000000000000000000CA
S21403B9600000000074B9030078800300A3C6030038
S21403B970FE000000C97D030028C30300000000008A
S21403B980D07D030018C3030000000000938003006B
S21403B99004C3030000000000A1800300F4C20300F8
S21403B9A000000000F67C0300E4C203000000000071
S21403B9B036310400D4C2030000000000B180030047
S21403B9C0C0C20300000000000000000000000000EA
S21403B9D000000000E4B90300B6800300A3C603001A
S21403B9E0FE0000002EFB030038C303000000000027
S21403B9F00000000000000000000000000CBA030076
S21403BA00D0800300A3C60300FE000000E61E040069
S21403BA1048C3030000000000000000000000000010
S21403BA200000000034BA0300A3C60300A3C6030045
S21403BA30FE000000F08003004CBA03000000000084
S21403BA400000000000000000000000005CBA0300D5
S21403BA50A3C60300A3C60300FE000000FC80030089
S21403BA6098C3030000000000AD36040088C303003B
S21403BA70000000000281030078C3030000000000FA
S21403BA800681030068C30300000000000A81030068
S21403BA9058C3030000000000000000000000000080
S21403BAA000000000B4BA03001A810300A3C6030013
S21403BAB0FE0000002EFB030018C403000000000075
S21403BAC03581030008C4030000000000488103001A
S21403BAD0F8C303000000000060270400E8C3030067
S21403BAE00000000055810300D8C3030000000000D7
S21403BAF066810300C8C303000000000074810300CE
S21403BB00B8C303000000000085810300A8C3030038
S21403BB10000000000000000000000000000000001D
S21403BB2030BB030092810300A3C60300FE0000009F
S21403BB30AC810300F8BF030000000000DF810300B0
S21403BB40E8BF0300000000001A820300D8BF03000A
S21403BB500000000031820300ACBB030000000000BD
S21403BB603B82030078BB03000000000000000000D7
S21403BB70000000000000000088BB03003F820300B3
S21403BB80A3C60300FE00000053C7030018C003004B
S21403BB900000000064C7030008C0030000000000A4
S21403BBA0000000000000000000000000BCBB030013
S21403BBB05E820300A3C60300FE00000026200400E6
S21403BBC038C40300000000005580030028C40300A7
S21403BBD0000000000000000000000000000000005D
S21403BBE0F0BB030071820300A3C60300FE0000003F
S21403BBF02EFB030078C4030000000000C97D030089
S21403BC0068C4030000000000D07D030058C403008E
S21403BC10000000000000000000000000000000001C
S21403BC2030BC03008C820300A3C60300FE000000A2
S21403BC30070F040090C5030000000000BE82030047
S21403BC4080C5030000000000CA82030070C503001D
S21403BC5000000000000000000000000000000000DC
S21403BC6071C80000E0820300A3C60300FF000000C3
S21403BC704DC80000FD820300A3C60300FF000000BA
S21403BC8015C80000168303003583030002FF000077
S21403BC908DCA000058830300A3C60300FF000000FC
S21403BCA0A5CA0000AB830300A3C60300FF00000081
S21403BCB0510D0300FF830300A3C60300FF0000002B
S21403BCC081CA000043840300A3C60300FF000000EC
S21403BCD0550D030077840300A3C60300FF0000008E
S21403BCE04D0D03009F840300A3C60300FF0000005E
S21403BCF075CA0000DF840300A3C60300FF0000002C
S21403BD0035CA000027850300A3C60300FF00000012
S21403BD10D9C900004D8503002986030000FF0000F3
S21403BD209DC90000538603008F86030000FF0000B2
S21403BD3061C9000053860300B186030000FF0000BC
S21403BD40A1C80000D1860300A3C60300FF000000BD
S21403BD5099C70000E786030013870300010000006D
S21403BD60FF0000001DC70000008803002D880300A5
S21403BD7001000000FF00000065C600001D890300E7
S21403BD804E890300010000FF11CA0000068A030063
S21403BD90618A030001FF0000F9C40000F08A030073
S21403BDA0A3C60300FF00000049C60000138B030070
S21403BDB0A3C60300FF000000CDC50000338B0300BD
S21403BDC0A3C60300FF000000CDC50000778B030069
S21403BDD0A3C60300FF000000CDC50000CC8B030004
S21403BDE0A3C60300FF000000C1C40000238C0300A9
S21403BDF0388C0300000301FFAF020300B18C03007D
S21403BE00A3C60300FF000000AB020300BE8C0300C2
S21403BE10A3C60300FF000000C9940000D08C0300F3
S21403BE20A3C60300FF00000065940000FD8C03001A
S21403BE30C594030001FF0000C99400003D8D030074
S21403BE40A3C60300FF000000659400006B8D03008B
S21403BE50C594030001FF0000FD940000AC8D0300B1
S21403BE60CD8D030000FF0000FD940000D68D030077
S21403BE70338E03000000FF0089950000418E030007
S21403BE805A8E0300010001FFF59500007F8E030024
S21403BE90C18E03000102FF0089950000D78E0300C0
S21403BEA0068F030001000102FF0000004993000013
S21403BEB0378F0300738F030007FF000069930000AA
S21403BEC0798F0300AC8F030001FF00007D93000011
S21403BED0B48F0300049003000100FF00A597000041
S21403BEE0199003006A9003000101FF00AD93000060
S21403BEF07A900300B490030001FF0000D99300007A
S21403BF00BC90030005910300010000010707FF0032
S21403BF102596000057910300AC8F030001FF000035
S21403BF202D9700009F910300E39103000107000192
S21403BF300700FF0029030300389203007E920300E4
S21403BF400107000101FF0000AD960000BA9203004E
S21403BF50F5920300010000FF7D9600001393030093
S21403BF60579303000100FF004D9600006A930300F9
S21403BF70579303000100FF00FD960000A9930300FA
S21403BF80B490030001FF00006D970000E4930300E4
S21403BF90159403000100FF0039810000A3C60300C7
S21403BFA023940300000707FFD1800000A3C6030005
S21403BFB03C940300000707FF29860000A3C603007E
S21403BFC04894030007FF000029860000A3C6030069
S21403BFD04894030007FF000005860000A3C603007D
S21403BFE04D9403000000FF00E5850000A3C6030090
S21403BFF03219040001FF0000AD850000A3C603004C
S21403C0008594030000FF0000B1800000A3C6030070
S21403C010A3C60300FF000000B1800000A3C6030010
S21403C020A3C60300FF00000037020300A3C60300F5
S21403C030A3C60300FF00000037020300A3C60300E5
S21403C040A3C60300FF00000037020300A3C60300D5
S21403C050A3C60300FF00000081800000A3C6030000
S21403C060BB9403000101FF006D800000A3C603001C
S21403C070D094030001FF000033020300A3C60300AD
S21403C080A3C60300FF00000035800000A77D030061
S21403C090A3C60300FF00000035800000DA94030007
S21403C0A0A3C60300FF000000C9810000FB94030041
S21403C0B0129503000001000007FF00002F02030093
S21403C0C038950300A3C60300FF000000317F00007D
S21403C0D052950300A3C60300FF000000A902030055
S21403C0E080950300A3C60300FF0000009B02030025
S21403C0F09A9503001C94030000FF000001890000CA
S21403C100BF950300A3C60300FF000000057E0000E2
S21403C110D9950300A3C60300FF000000997D000025
S21403C120FC9503007996030000000310FF0000004F
S21403C130757E0000CE9603003C97030001FF0000C7
S21403C140497E0000519703009497030000FF000008
S21403C1505D7D0000A5970300A3C60300FF00000053
S21403C1602D020300D4970300A3C60300FF000000BC
S21403C170397D0000209803001C94030000FF000094
S21403C180057D000061990300B699030000FF0000D7
S21403C190E97C0000D0990300A3C60300FF0000005B
S21403C1A0CD7C0000E0990300A3C60300FF00000057
S21403C1B01D020300F4990300729A030000FF0000B7
S21403C1C09D7C0000FD9A0300A3C60300FF00000049
S21403C1D0597C00001A9B0300459B030007FF0000E1
S21403C1E01D7C00004F9B0300A89B0300000500FF77
S21403C1F0D57B0000539C0300669C03000002FF00EF
S21403C200B17B0000959C0300A3C60300FF0000005B
S21403C2101D020300A79C0300E19C030000FF00002F
S21403C220457B0000679D0300AD9D0300000301FFEF
S21403C230357B00004D9E0300939E0300000301FF21
S21403C240250D0300339F0300969F030002FF0000A3
S21403C25069AC0000EB9F030054A003000000FF003E
S21403C26069AC0000A9A003000BA103000000FF00B7
S21403C27009AD000050A1030083A103000002FF00E4
S21403C28065AE0000D8A1030026A2030007FF000046
S21403C2903DAE000042A20300A3C60300FF00000059
S21403C2A051AC000066A203008BA2030000FF00004F
S21403C2B05DAD0000E4A20300A3C60300FF00000078
S21403C2C0B9A7000021A303004EA303000701010141
S21403C2D0FF0000003DA7000091A30300B9A30300DD
S21403C2E0010101FF3DA70000EDA3030015A4030011
S21403C2F0010101FF31A7000049A4030084A4030041
S21403C30000FF000081A60000A0A40300F6A403001B
S21403C31001070101FF0000003F0C0300BBA503005B
S21403C320A3C60300FF000000390C0300D8A50300D2
S21403C330A3C60300FF00000099A40000F4A50300B1
S21403C340A3C60300FF000000790B030019A6030031
S21403C35066A6030000FF00006F0B0300B0A60300F1
S21403C360EEA6030000FF0000690B0300FEA6030011
S21403C370EEA6030000FF0000630B030025A70300DF
S21403C380EEA6030000FF00005D0B03004CA70300AE
S21403C390EEA6030000FF0000570B030074A703007C
S21403C3A0EEA6030000FF00003F0B03009DA703005B
S21403C3B0A3C60300FF000000450B0300BFA703004E
S21403C3C0A3C60300FF0000002D9D0000E7A703009F
S21403C3D020A803000001FF00599D000041A80300A8
S21403C3E0A3C60300FF000000410B03006CA8030074
S21403C3F0A3C60300FF0000003B0B030087A803004F
S21403C400A3C60300FF000000E99C0000A2A80300E7
S21403C410CFA8030000FF00002D0B0300EAA80300CB
S21403C420A3C60300FF0000007D86000015A90300D5
S21403C430A3C60300FF0000007D8600003CA903009E
S21403C440A3C60300FF000000257B00004DA90300E0
S21403C450A3C60300FF000000F17A000062A90300F0
S21403C46089A9030000FF0000F17A000099A90300E0
S21403C47089A9030000FF0000897A0000C0A9030011
S21403C480A3C60300FF00000015020300DBA9030098
S21403C490A3C60300FF000000E9760000FEA9030020
S21403C4A068AA030000FF0000C97600008BAA0300F9
S21403C4B0A3C60300FF00000055920000F1AB030083
S21403C4C07EAC0300010000FF459100009BAC030017
S21403C4D0EFAC030000FF00007991000004AD0300F9
S21403C4E056AD03000100FF00E59000006CAD0300AD
S21403C4F059AE03000107FF001902030069AE0300EB
S21403C500A3C60300FF000000E58A00007AAE03001E
S21403C5108CAE0300000101000007FF00D589000070
S21403C520C7AE0300D8AE030000010100FF00000001
S21403C5307991000027AF030038AF0300010000FF26
S21403C5404D89000027AF03006AAF030000FF000019
S21403C550D5FF00007BAF0300A3C60300FF00000067
S21403C5601D770000C7AF0300A3C60300FF0000004B
S21403C570519C00000CB00300CC96030000FF0000A3
S21403C580199C000034B00300CC96030000FF0000A3
S21403C590C99B00004DB00300A3C60300FF434C49EC
S21403C5A020696E7374616E6365206578616D706C67
S21403C5B06500000001000000D01900200000000004
S21403C5C000000000FFFF00000D0B0300000000004A
S21403C5D003000000FFFF0100870B030000000000BC
S21403C5E004000000FFFF0100A50B0300000000008D
S21403C5F003000000FFFF00000F0C03000000000014
S21403C60005000000FFFF0100CDB900000000000098
S21403C61005000000FFFF0100F90D03000000000005
S21403C62000100000FFFF01002B0E030005000000B2
S21403C6300000000000C2010000050000001000001A
S21403C64000000000000000006C150020191900000F
S21403C6500DEB02005FEB020071EB020007EB02003A
S21403C66074150020191900000DEB02005FEB0200A1
S21403C67071EB020007EB0200C0150020851A0000CC
S21403C680E7EB020013EC02003FEC020057EC02005B
S21403C69002010241440001010102022121000102BC
S21403C6A001020100020102212100010202022121EE
S21403C6B000010102212100010202000201220012F0
S21403C6C012022121000102020202212100010101BE
S21403C6D0212100010102005A434C20636F6D6D61F6
S21403C6E06E647300626173696300636F6C6F722DAF
S21403C6F0636F6E74726F6C006C6576656C2D636F1A
S21403C7006E74726F6C006F6E2D6F66660073636572
S21403C7106E657300676C6F62616C006D66672D6390
S21403C7206F6465007573652D6E6578742D7365711A
S21403C73075656E636500782D64656661756C742D2A
S21403C7407265737000746573742D726573706F6EA3
S21403C75073652D6F6E00746573742D726573706FD9
S21403C7606E73652D6F6666005A434C207363656E61
S21403C770657320636C757374657220636F6D6D618A
S21403C7806E6473005A434C206F6E5F6F6666206359
S21403C7906C757374657220636F6D6D616E64730080
S21403C7A05A434C206C6576656C5F636F6E74726F6C
S21403C7B06C20636C757374657220636F6D6D616E48
S21403C7C06473005A434C206964656E746966792005
S21403C7D0636C757374657220636F6D6D616E6473DD
S21403C7E0005A434C2067726F75707320636C7573C1
S21403C7F074657220636F6D6D616E6473005A434C8B
S21403C80020636F6C6F725F636F6E74726F6C2063FE
S21403C8106C757374657220636F6D6D616E647300FF
S21403C8205A434C20626173696320636C7573746545
S21403C8307220636F6D6D616E64730072656D6F76E3
S21403C8406500726D616C6C0073746F726500656170
S21403C850646400657669657700636F707900746F4A
S21403C86067676C65006F6666656666656374006F0A
S21403C8706E726563616C6C006F6E74696D65646F70
S21403C8806666006F2D6D762D746F2D6C6576656C00
S21403C890006F2D6D6F7665006F2D73746570006F76
S21403C8A02D73746F7000717565727900657A2D6DDE
S21403C8B06F64650074726967676572006164642DEE
S21403C8C069662D6964006D6F7665746F73617400B5
S21403C8D06D6F76657361740073746570736174004D
S21403C8E06D6F7665746F636F6C6F72006D6F7665D0
S21403C8F0636F6C6F720073746570636F6C6F720036
S21403C9006D6F7665746F636F6C6F7274656D7000B0
S21403C910656D6F7665746F68756500656D6F7665B2
S21403C92068756500657374657068756500656D6F19
S21403C9307665746F687565616E64736174006C6F99
S21403C9406F700073746F706D6F76657374657000C7
S21403C9506D6F7665636F6C6F7274656D700073745C
S21403C9606570636F6C6F7274656D70007274666465
S21403C97000436F6D6D616E642064657363726970E6
S21403C98074696F6E20666F722056696577536365A8
S21403C9906E650067726F75702069641F7363656EDA
S21403C9A0652069641F00436F6D6D616E6420646566
S21403C9B0736372697074696F6E20666F722056694E
S21403C9C0657747726F75700067726F75702069645C
S21403C9D01F00436F6D6D616E6420646573637269D7
S21403C9E07074696F6E20666F72205472696767652C
S21403C9F0724566666563740065666665637420697A
S21403CA00641F6566666563742076617269616E7419
S21403CA101F00436F6D6D616E642064657363726996
S21403CA207074696F6E20666F7220546F67676C65EB
S21403CA3000436F6D6D616E64206465736372697025
S21403CA4074696F6E20666F722053746F72655363DA
S21403CA50656E6500436F6D6D616E64206465736318
S21403CA6072697074696F6E20666F722053746F708C
S21403CA70576974684F6E4F666600436F6D6D616EDF
S21403CA8064206465736372697074696F6E20666F81
S21403CA90722053746F704D6F7665537465700043E0
S21403CAA06F6D6D616E64206465736372697074691B
S21403CAB06F6E20666F722053746F7000436F6D6DD8
S21403CAC0616E64206465736372697074696F6E2047
S21403CAD0666F722053746570576974684F6E4F663D
S21403CAE0660073746570206D6F64651F737465707C
S21403CAF02073697A651F7472616E736974696F6EE9
S21403CB002074696D651F00537465702073617475B6
S21403CB10726174696F6E207570206F7220646F7710
S21403CB206E20627920737065636966696564207335
S21403CB30697A6520617420737065636966696564E4
S21403CB4020726174652E0073746570206D6F646562
S21403CB501F737465702073697A651F7472616E73D0
S21403CB606974696F6E2074696D651F6F7074696F81
S21403CB706E73206D61736B1F6F7074696F6E7320B5
S21403CB806F766572726964651F00537465702068FA
S21403CB907565207570206F7220646F776E206279DA
S21403CBA0207370656369666965642073697A6520B6
S21403CBB06174207370656369666965642072617465
S21403CBC0652E00436F6D6D616E64206465736372DA
S21403CBD0697074696F6E20666F7220537465704354
S21403CBE06F6C6F7254656D706572617475726500F3
S21403CBF073746570206D6F64651F7374657020733E
S21403CC00697A651F7472616E736974696F6E2074D6
S21403CC10696D651F636F6C6F722074656D706572E6
S21403CC206174757265206D696E696D756D1F636FCE
S21403CC306C6F722074656D706572617475726520B1
S21403CC406D6178696D756D1F6F7074696F6E732093
S21403CC506D61736B1F6F7074696F6E73206F76658B
S21403CC6072726964651F0053746570732074686517
S21403CC70206C69676874696E6720746F206120731F
S21403CC807065636966696320636F6C6F722E0073E9
S21403CC90746570781F73746570791F7472616E7330
S21403CCA06974696F6E2074696D651F6F7074696F40
S21403CCB06E73206D61736B1F6F7074696F6E732074
S21403CCC06F766572726964651F00436F6D6D616E82
S21403CCD064206465736372697074696F6E20666F2F
S21403CCE07220537465700073746570206D6F64658D
S21403CCF01F737465702073697A651F7472616E732F
S21403CD006974696F6E2074696D651F6F7074696FDF
S21403CD106E206D61736B1F6F7074696F6E206F7614
S21403CD206572726964651F00436F6D6D616E642082
S21403CD30746861742072657365747320616C6C200B
S21403CD406174747269627574652076616C75657357
S21403CD5020746F20666163746F7279206465666100
S21403CD60756C742E00436F6D6D616E64206465731D
S21403CD706372697074696F6E20666F722052656D98
S21403CD806F76655363656E6500436F6D6D616E64A4
S21403CD90206465736372697074696F6E20666F7260
S21403CDA02052656D6F766547726F757000436F6DC1
S21403CDB06D616E64206465736372697074696F6E07
S21403CDC020666F722052656D6F7665416C6C536397
S21403CDD0656E657300436F6D6D616E642064657385
S21403CDE06372697074696F6E20666F722052656D28
S21403CDF06F7665416C6C47726F75707300436F6D29
S21403CE006D616E64206465736372697074696F6EB6
S21403CE1020666F7220526563616C6C5363656E6542
S21403CE200067726F75702069641F7363656E652093
S21403CE3069641F7472616E736974696F6E207469B6
S21403CE406D651F00436F6D6D616E6420646573636B
S21403CE5072697074696F6E20666F72204F6E5769C1
S21403CE60746854696D65644F6666006F6E206F66FE
S21403CE706620636F6E74726F6C1F6F6E2074696DBD
S21403CE80651F6F666620776169742074696D651F18
S21403CE9000436F6D6D616E642064657363726970C1
S21403CEA074696F6E20666F72204F6E57697468528E
S21403CEB06563616C6C476C6F62616C5363656E652A
S21403CEC000436F6D6D616E64206465736372697091
S21403CED074696F6E20666F72204F6E00436F6D6DC0
S21403CEE0616E64206465736372697074696F6E2023
S21403CEF0666F72204F666657697468456666656333
S21403CF007400436F6D6D616E64206465736372694C
S21403CF107074696F6E20666F72204F666600436F8B
S21403CF206D6D616E64206465736372697074696F96
S21403CF306E20666F72204D6F7665576974684F6E04
S21403CF404F6666006D6F7665206D6F64651F726150
S21403CF5074651F004D6F766520746F20737065636C
S21403CF6069666965642073617475726174696F6E4E
S21403CF702E00436F6D6D616E642064657363726922
S21403CF807074696F6E20666F72204D6F7665546F8E
S21403CF904C6576656C576974684F6E4F6666006CB1
S21403CFA06576656C1F7472616E736974696F6E2043
S21403CFB074696D651F00436F6D6D616E64206465F3
S21403CFC0736372697074696F6E20666F72204D6F3B
S21403CFD07665546F4C6576656C006C6576656C1F7C
S21403CFE07472616E736974696F6E2074696D651F00
S21403CFF06F7074696F6E206D61736B1F6F707469E9
S21403D0006F6E206F766572726964651F004D6F766A
S21403D0106520746F2068756520616E642073617483
S21403D02075726174696F6E2E004D6F766520746F2E
S21403D03020737065636966696564206875652E008C
S21403D0404D6F766520746F20612073706563696623
S21403D050696320636F6C6F722074656D70657261AF
S21403D060747572652E00636F6C6F722074656D70D5
S21403D070657261747572651F7472616E7369746923
S21403D0806F6E2074696D651F6F7074696F6E7320A1
S21403D0906D61736B1F6F7074696F6E73206F766547
S21403D0A072726964651F004D6F766520746F207316
S21403D0B0706563696669656420636F6C6F722E00C2
S21403D0C0636F6C6F72781F636F6C6F72791F747205
S21403D0D0616E736974696F6E2074696D651F6F7016
S21403D0E074696F6E73206D61736B1F6F7074696FF5
S21403D0F06E73206F766572726964651F004D6F7676
S21403D100652073617475726174696F6E2075702023
S21403D1106F7220646F776E20617420737065636925
S21403D1206669656420726174652E006D6F7665208E
S21403D1306D6F64651F726174651F6F7074696F6EBF
S21403D14073206D61736B1F6F7074696F6E73206FDE
S21403D150766572726964651F004D6F766520687523
S21403D16065207570206F7220646F776E206174205F
S21403D17073706563696669656420726174652E0001
S21403D180436F6D6D616E642064657363726970745A
S21403D190696F6E20666F72204D6F7665436F6C6F96
S21403D1A07254656D7065726174757265006D6F7625
S21403D1B065206D6F64651F726174651F636F6C6FA6
S21403D1C0722074656D7065726174757265206D6921
S21403D1D06E696D756D1F636F6C6F722074656D700D
S21403D1E065726174757265206D6178696D756D1F02
S21403D1F06F7074696F6E73206D61736B1F6F7074DD
S21403D200696F6E73206F766572726964651F004D71
S21403D2106F7665732074686520636F6C6F722E007B
S21403D22072617465781F72617465791F6F707469B3
S21403D2306F6E73206D61736B1F6F7074696F6E739F
S21403D240206F766572726964651F00436F6D6D614A
S21403D2506E64206465736372697074696F6E2066AA
S21403D2606F72204D6F7665006D6F7665206D6F6407
S21403D270651F726174651F6F7074696F6E206D61D0
S21403D280736B1F6F7074696F6E206F766572726949
S21403D29064651F00436F6D6D616E64206465736320
S21403D2A072697074696F6E20666F72204964656E6A
S21403D2B074696679517565727900436F6D6D616E39
S21403D2C064206465736372697074696F6E20666F39
S21403D2D072204964656E74696679006964656E7464
S21403D2E06966792074696D651F00436F6D6D616EA5
S21403D2F064206465736372697074696F6E20666F09
S21403D30072204765745363656E654D656D6265721D
S21403D3107368697000436F6D6D616E642064657336
S21403D3206372697074696F6E20666F7220476574E6
S21403D33047726F75704D656D6265727368697000CC
S21403D34067726F757020636F756E741F67726F7583
S21403D35070206C6973741F00436F6D6D616E64207B
S21403D3606465736372697074696F6E20666F72208A
S21403D370456E68616E636564566965775363656E6B
S21403D3806500436F6D6D616E6420646573637269D7
S21403D3907074696F6E20666F7220456E68616E6387
S21403D3A065645374657048756500436F6D6D616E93
S21403D3B064206465736372697074696F6E20666F48
S21403D3C07220456E68616E6365644D6F7665546F53
S21403D3D0487565416E6453617475726174696F6EE6
S21403D3E000656E68616E636564206875651F7361AA
S21403D3F07475726174696F6E1F7472616E7369748B
S21403D400696F6E2074696D651F6F7074696F6E73D4
S21403D410206D61736B1F6F7074696F6E73206F7608
S21403D4206572726964651F00436F6D6D616E64207B
S21403D4306465736372697074696F6E20666F7220B9
S21403D440456E68616E6365644D6F7665546F4875A7
S21403D4506500656E68616E636564206875651F6444
S21403D4606972656374696F6E1F7472616E73697433
S21403D470696F6E2074696D651F6F7074696F6E7364
S21403D480206D61736B1F6F7074696F6E73206F7698
S21403D4906572726964651F00436F6D6D616E64200B
S21403D4A06465736372697074696F6E20666F722049
S21403D4B0456E68616E6365644D6F76654875650095
S21403D4C0436F6D6D616E6420646573637269707417
S21403D4D0696F6E20666F7220456E68616E63656461
S21403D4E04164645363656E650067726F7570206987
S21403D4F0641F7363656E652069641F7472616E735F
S21403D5006974696F6E2074696D651F7363656E65F4
S21403D510206E616D651F657874656E73696F6E2026
S21403D5206669656C6420736574731F00496E766F55
S21403D5306B6520455A4D6F6465206F6E20616E20C3
S21403D5404964656E74696679205365727665720000
S21403D550616374696F6E1F00436F6D6D616E642047
S21403D5606465736372697074696F6E20666F722088
S21403D570436F70795363656E65006D6F64651F67EF
S21403D580726F75702069642066726F6D1F736365B2
S21403D5906E652069642066726F6D1F67726F7570A3
S21403D5A020696420746F1F7363656E652069642049
S21403D5B0746F1F00436F6D6D616E642064657363E3
S21403D5C072697074696F6E20666F7220436F6C6F3A
S21403D5D0724C6F6F70536574007570646174652068
S21403D5E0666C6167731F616374696F6E1F6469722B
S21403D5F0656374696F6E1F74696D651F73746172FA
S21403D60074206875651F6F7074696F6E73206D6123
S21403D610736B1F6F7074696F6E73206F76657272AB
S21403D6206964651F004164642061207363656E65E9
S21403D63020746F20746865207363656E652074615B
S21403D640626C652E20457874656E73696F6E20660E
S21403D65069656C64207365747320617265207375E5
S21403D66070706F727465642C20616E6420617265DD
S21403D67020696E70757465642061732061727261CF
S21403D6807973206F662074686520666F726D205B01
S21403D6905B636C75737465722049445D205B6C65CF
S21403D6A06E6774685D205B76616C7565302E2E2E12
S21403D6B06E5D202E2E2E5D00436F6D6D616E6420B1
S21403D6C06465736372697074696F6E20666F722027
S21403D6D041646447726F757049664964656E746920
S21403D6E06679696E670067726F75702069641F6775
S21403D6F0726F7570206E616D651F00436F6D6D618F
S21403D7006E64206465736372697074696F6E2066F5
S21403D7106F722041646447726F7570000681030060
S21403D720C010002000000000000000000000000001
S21403D73000000000E4C6030048D803000000000011
S21403D740EAC6030038D8030000000000867F030003
S21403D75028D80300000000003F22040018D8030066
S21403D76000000000F8C6030008D80300000000000D
S21403D77006C70300F8D70300000000000DC7030028
S21403D780E8D703000000000014C70300AC1C040025
S21403D790000000001BC703007C1E040000000000FE
S21403D7A0DD7B03006C1E04000000000024C703009A
S21403D7B05C1E04000000000036C703004C1E040075
S21403D7C00000000045C703003C1E040000000000E4
S21403D7D056C703002C1E04000000000000000000D3
S21403D7E0000000000000000058D8030068C70300CC
S21403D7F0A3C60300FE000000DCD8030084C70300B2
S21403D800A3C60300FE00000030D90300A0C7030030
S21403D810A3C60300FE0000009CD90300C3C7030091
S21403D820A3C60300FE000000F0D90300E1C703000F
S21403D830A3C60300FE00000044DA0300FDC703008E
S21403D840A3C60300FE00000034DB030020C8030069
S21403D850A3C60300FE0000004FC80300D8DE030083
S21403D8600000000054C803004CDB03000000000067
S21403D8703BC8030050DC03000000000042C803005E
S21403D88070DC03000000000048C803008CDB0300C4
S21403D8900000000071C8030090DC030000000000D5
S21403D8A0262004000CDE0300000000004EC8030020
S21403D8B08CDE03000000000053C803002CDE0300C8
S21403D8C00000000059C80300B0DE0300000000009B
S21403D8D000000000000000000000000064C7030012
S21403D8E0E0DC03000000000053C70300C0DC0300B5
S21403D8F0000000005EC803007CDB0300000000009D
S21403D90065C80300D0DC0300000000006FC80300F6
S21403D910B0DC03000000000078C80300A0DC0300AE
S21403D92000000000000000000000000000000000EF
S21403D93085C8030024DD03000000000093C803002D
S21403D940D8DD0300000000009AC803002CDC0300A7
S21403D95000000000A1C80300BCDB030000000000B9
S21403D96083C8030014DD03000000000091C8030011
S21403D970F0DC03000000000098C80300CCDB0300C3
S21403D980000000009FC803009CDB030000000000AB
S21403D990000000000000000000000000C3C80300F1
S21403D9A0FCDD030000000000A6C80300ECDD030056
S21403D9B000000000ACC80300A0DE03000000000067
S21403D9C0B4C803006CDB03000000000053C7030069
S21403D9D0A41504000000000064C7030094150400A7
S21403D9E0000000000000000000000000000000002F
S21403D9F04FC80300FCDE03000000000054C8030009
S21403DA005CDB030000000000262004001CDE03008D
S21403DA10000000003BC8030060DC030000000000B9
S21403DA2042C8030080DC030000000000BCC80300FB
S21403DA30ECDE030000000000000000000000000011
S21403DA400000000011C903004CDD030000000000C5
S21403DA501CC903009CDD03000000000025C9030069
S21403DA60F0DB030000000000C6C8030000DD03006F
S21403DA7000000000D0C8030088DD0300000000009B
S21403DA80D8C80300DCDB0300000000002EC9030037
S21403DA9038DD030000000000E0C8030074DD030067
S21403DAA000000000ECC80300C4DD03000000000013
S21403DAB0F6C8030018DC03000000000000C90300DA
S21403DAC060DD03000000000010C9030064DE0300ED
S21403DAD0000000001BC9030078DE030000000000FE
S21403DAE024C903003CDE0300000000002DC9030028
S21403DAF050DE0300000000003EC90300C4DE03003E
S21403DB000000000043C90300ACDB03000000000074
S21403DB1050C90300B0DD0300000000005EC9030027
S21403DB2004DC03000000000000000000000000000A
S21403DB30000000006CC9030040DC03000000000086
S21403DB4000000000000000000000000021E70200C3
S21403DB5071C9030093C903000100FF0003E7020035
S21403DB60A6C90300C8C9030001FF0000E3E60200DC
S21403DB70D2C90300F8C903000000FF00CBE6020089
S21403DB8012CA0300A3C60300FF000000ABE60200B0
S21403DB9031CA030093C903000100FF0093E60200A5
S21403DBA054CA0300A3C60300FF00000071E6020088
S21403DBB07ACA030088D003000000FF0051E6020083
S21403DBC09FCA03000BCD03000000FF0011150000E1
S21403DBD0BCCA0300E2CA0300000001FFE51400000C
S21403DBE007CB030047CB03000000000000FF000044
S21403DBF0B91400008ACB030047CB030000000000E3
S21403DC0000FF000089140000C3CB0300F0CB030021
S21403DC1000010101010000FF5D14000067CC030052
S21403DC208FCC03000404010000FF0000351400003D
S21403DC30CACC0300E7CC03000000010000FF00008D
S21403DC403BE6020028CD0300A3C60300FF00000046
S21403DC501BE6020065CD030093C903000100FF0025
S21403DC60FDE5020089CD0300C8C9030001FF0000DB
S21403DC70DFE50200ADCD0300C8C9030001FF0000C5
S21403DC80C7E50200D5CD0300A3C60300FF000000CE
S21403DC9009140000FDCD030021CE0300010001FF9F
S21403DCA0DD13000044CE03006BCE0300000101FF2A
S21403DCB0AFE5020091CE0300A3C60300FF000000F9
S21403DCC097E50200C1CE0300A3C60300FF000000D1
S21403DCD077E50200DCCE0300F8C903000000FF006E
S21403DCE061E5020002CF0300A3C60300FF000000A5
S21403DCF041E502001ECF030044CF03000000FF00EF
S21403DD00B913000054CF0300EED303000001000054
S21403DD10FF00000021E5020072CF03009FCF03003F
S21403DD200001FF0099130000B6CF0300DACF03000B
S21403DD3000010000FF0000006D1300000DD003007B
S21403DD40EAD303000000010000FF000041130000B7
S21403DD5029D003005BD403000000010000FF00008D
S21403DD601D13000040D0030066D00300010100002D
S21403DD70FF000000F1120000A7D00300C0D003008C
S21403DD800101010000FF0000CD120000FDD00300DA
S21403DD902BD1030000000000FF000000A9120000C2
S21403DDA059D103002BD1030000000000FF00000040
S21403DDB07D12000080D10300ADD1030000010101F4
S21403DDC00000FF00591200000FD2030020D2030008
S21403DDD004040000FF000000391200004BD20300C9
S21403DDE068D2030000000000FF00000009E50200FF
S21403DDF094D20300A3C60300FF000000EBE4020076
S21403DE00BAD20300DBD2030001FF0000CDE4020018
S21403DE10EAD20300C8C9030001FF0000ADE4020014
S21403DE2015D3030040D303000011FF008DE4020066
S21403DE3058D3030093C903000100FF000D1200002E
S21403DE4082D3030047CB03000001010000FF00005C
S21403DE50E1110000AAD30300E1D30300010001008F
S21403DE6000FF0000B511000028D4030052D40300BD
S21403DE700100010000FF00009111000098D4030088
S21403DE802BD1030000010000FF0000006911000011
S21403DE90C0D40300E9D403000100010617FF000005
S21403DEA071E402002CD5030050D5030000FF0000E8
S21403DEB04111000058D503007AD503000001000184
S21403DEC000FF000011110000B4D50300D9D50300EC
S21403DED000000001010000FFE910000025D6030042
S21403DEE0E9D403000100010617FF000051E4020015
S21403DEF0B8D60300E6D603000106FF0031E40200AD
S21403DF00FBD60300E6D603000106FF040100010169
S21403DF1001023F04040100010101023F0403010062
S21403DF2001013F040102000648000208010A020C30
S21403DF30020E01100601000202010402063D083F1C
S21403DF400C030100020201040301000202010403A0
S21403DF50010002020104030100020201040301009E
S21403DF600202010403010002023D04020100020250
S21403DF700201000202020100020200000500000086
S21403DF800000000040420F000501000000000000F2
S21403DF90000000000000000013B779FAC925DDB7BA
S21403DFA0ADF3CFE0F1B614B80102000000000000A4
S21403DFB0FFFFFFFF0100000001000000000000005B
S21403DFC00000000000000000000000000000000049
S21403DFD00000000000000000000000000000000039
S21403DFE0000000000000000007000003DFEC020052
S21403DFF0DBEC0200B9EC0200B7EC0200C92000001B
S21403E000E9EC02008D2000002C0000000200000254
S21403E0108000080002002000000140000400010008
S21403E02010000806020004090703010540787D0175
S21403E03000000000005A620200010000C0CF6A0020
S21403E04002000000809FD50002010000002D310170
S21403E05002020000010000000000000004000000AF
S21403E060010000000800000001000000100000008E
S21403E070010000000001000001000000000800008D
S21403E0801D000000000200001D0000000004000048
S21403E0901D000000000001001D0000000003010336
S21403E0A003030200000800FC18E103000100010757
S21403E0B0C4E00300000800F8D4E0030000000000FA
S21403E0C00000000083FFBFFFE2FFF1FFF9FFFEFF42
S21403E0D0000000009600FCFEF8006D23441FEEFFD0
S21403E0E0C700F20E8E37FAFF5C00A40324A7FFFFD7
S21403E0F03200D601AD3400001F003001004D000091
S21403E1001200C000CA4A00000B006E00F73C000075
S21403E11005001F002F2000008C00FCFEFFFF000000
S21403E12000000000FC00D2104C06FAFF75009B05A9
S21403E130F132FFFF3E0062020B35000025004B0163
S21403E140885F00001700E0005E5D00000E008C0094
S21403E1506A4F00000700250083280000000800FC23
S21403E160D0E10300010001077CE10300000800F88A
S21403E1708CE10300000000000000000083FFBFFFE7
S21403E180E2FFF1FFF9FFFEFF00000000C800FCFEFF
S21403E190F800C50A571EFBFF7B0095047C02FFFFB1
S21403E1A04A00B60246DFFFFF2D00AD01412F0000F7
S21403E1B01C000701854700001200A70097460000D1
S21403E1C00B0067001A3C00000600220068230000CC
S21403E1D0C800FCFEFC00D80A066CFBFF8800370567
S21403E1E018E2FEFF53000403F5E3FFFF3200B90114
S21403E1F09D43000029005701F85700001600D10080
S21403E200585700000E007C00D04900000700280085
S21403E2101729000000000F400000000000040F4014
S21403E220010000005A335377697463683E00556EE5
S21403E2306B6E6F776E206572726F72004D617869D0
S21403E2406D756D206E756D626572206F66206172E6
S21403E25067756D656E74732065786365656465645C
S21403E2600054686520617267756D656E7420697306
S21403E270206E6F7420666F726D61747465642063BC
S21403E2806F72726563746C7900496E636F72726540
S21403E290637420617267756D656E7420747970653A
S21403E2A000496E636F7272656374206E756D626586
S21403E2B072206F6620617267756D656E7473004EAB
S21403E2C06F20636F6D6D616E6420666F756E64009C
S21403E2D0A3C603002EE203002EE203002EE2030091
S21403E2E02EE203002EE203002EE203002EE20300DA
S21403E2F02EE203002EE203002EE203002EE20300CA
S21403E3002EE203002EE203002EE203002EE20300B9
S21403E3102EE203002EE203002EE203002EE20300A9
S21403E3202EE203002EE203002EE203002EE2030099
S21403E3302EE203002EE203002EE203002EE2030089
S21403E3402EE203002EE203003CE203002EE203006B
S21403E3502EE2030061E203002EE203002EE2030036
S21403E3602EE203002EE2030089E203002EE20300FE
S21403E3702EE203002EE203002EE20300A1E20300D6
S21403E3802EE20300BFE2030075696E743136007532
S21403E390696E743800756E6B6E6F776E0077696C96
S21403E3A06463617264006865786F70740073747276
S21403E3B0696E676F70740075696E7433326F70744C
S21403E3C00075696E7431366F70740075696E7438D3
S21403E3D06F70740068657800737472696E67007591
S21403E3E0696E743332002A002E2E2E200068656C68
S21403E3F070000A25730A2573257300257320080009
S21403E400000108070F000A00C8002000A000010052
S21403E41000000000A00068010A200706020A04079D
S21403E4200000000207002F686F6D652F7068752F58
S21403E43053696D706C696369747953747564696F35
S21403E4402F53444B732F6765636B6F5F73646B2F38
S21403E450706C6174666F726D2F736572766963652F
S21403E4602F6C65676163795F68616C2F7372632FC6
S21403E470626173652D7265706C6163656D656E743C
S21403E4802E63002573203D2025346C780052657377
S21403E49065742063617573653A20576174636864B5
S21403E4A06F6720657870697265642C206E6F2072C2
S21403E4B0656C6961626C6520657874726120696E4B
S21403E4C0666F726D6174696F6E0A00526573657468
S21403E4D02063617573653A205761746368646F6778
S21403E4E020636175676874207769746820656E6851
S21403E4F0616E63656420696E666F0A00496E7374A5
S21403E50072756374696F6E20616464726573733ABF
S21403E5102025346C780A0052657365742063617530
S21403E52073653A204173736572742025733A256CBC
S21403E530640A0052657365742063617573653A20D7
S21403E54048617264204661756C740A0048465352EB
S21403E5502E5645435454424C3A206572726F7220CD
S21403E56072656164696E6720766563746F72207482
S21403E57061626C6520666F7220616E2065786365E4
S21403E5807074696F6E0A00484653522E464F5243C4
S21403E59045443A20636F6E666967757261626C659F
S21403E5A0206661756C7420636F756C64206E6F747F
S21403E5B02061637469766174650A00484653522E77
S21403E5C044454255474556543A206661756C742057
S21403E5D072656C6174656420746F20646562756728
S21403E5E0202D20652E672E2C20657865637574654F
S21403E5F06420424B50540A0052657365742063616D
S21403E6007573653A204D656D6F7279204D616E6145
S21403E61067656D656E74204661756C740A00496C97
S21403E6206C6567616C206163636573732061646402
S21403E630726573733A2025346C780A004346535246
S21403E6402E25730A005265736574206361757365BE
S21403E6503A20427573204661756C740A00416464FF
S21403E66072657373206973206F6620616E20696E0E
S21403E670737472756374696F6E2061667465722055
S21403E680627573206661756C74206F63637572724E
S21403E69065642C206E6F74207468652063617573DF
S21403E6A0652E0A00434653522E286E6F6E65292048
S21403E6B06C6F6164206F722073746F72652061746F
S21403E6C020616E20696C6C6567616C20616464729E
S21403E6D06573730A005265736574206361757365A9
S21403E6E03A205573616765204661756C740A00525B
S21403E6F0657365742063617573653A204465627556
S21403E70067204D6F6E69746F72204661756C740A6C
S21403E710006D61696E005468726561640048616EDD
S21403E720646C6572002573206D6F6465207573696C
S21403E7306E6720257320737461636B202825346C01
S21403E7407820746F2025346C78292C205350203D74
S21403E7502025346C780A0025752062797465732049
S21403E760757365642028257525252920696E20255F
S21403E7707320737461636B20286F7574206F662033
S21403E780257520627974657320746F74616C290A29
S21403E790005350206973206F757473696465202570
S21403E7A07320737461636B2072616E6765210A0060
S21403E7B0496E7465727275707473206163746976DA
S21403E7C06520286F72207072652D656D70746564A0
S21403E7D020616E6420737461636B6564293A0A0072
S21403E7E04E6F20696E746572727570747320616300
S21403E7F0746976650A000D0A5B4153534552543AD1
S21403E80025733A25645D0D0A00554E4B00474F208D
S21403E8100042544C00474F3200474F3300474F34B3
S21403E82000474F3500474F3600474F3700474F38AE
S21403E83000474F3900474F4100474F4200474F4379
S21403E84000474F4400474F4500474F46004A4D5048
S21403E85000424452005550520042544D004D534D11
S21403E8600046544C00554E4B00474F200042544C34
S21403E870004241440046544C00465243004F544124
S21403E8800044534C00554E4B0050494E00454D3402
S21403E89000554E4B0048562000554E4B00455850E9
S21403E8A0004C574D00554E4B005242540044534CB7
S21403E8B000454D3400554E4B0041535400554E4BC6
S21403E8C00056465900494E4800554E4B004C434BA4
S21403E8D00058544C004F424600554E4B0048524495
S21403E8E0004D454D0042555300555347004442479B
S21403E8F000444D410056435400554E4B005550209E
S21403E9000052502000415030004150310041502009
S21403E91000445020004445430000000009E803007B
S21403E9200DE8030065E8030085E8030091E80300AB
S21403E93099E80300A5E80300B5E80300BDE8030073
S21403E940C9E80300D9E80300F9E80300554E4B0075
S21403E9504649420042544C00455854005057520012
S21403E960574447002053570043525300465348002A
S21403E97042414400464C540042524F0001040000FA
S21403E980050B060B070B000000000000010301093E
S21403E99006000105000000000000000003065230D8
S21403E9A000523100523200523300523400523500C6
S21403E9B05236005237005238005239005231300076
S21403E9C05231310052313200523133284C52290031
S21403E9D04D5350005053500050430078505352004C
S21403E9E04D535020757365640050535020757365FE
S21403E9F0640043535441434B20626F74746F6D003D
S21403EA004943535200534843535200494E545F41BF
S21403EA1043544956453000494E545F414354495682
S21403EA20453100434653520048465352004446532A
S21403EA3052004D4D41522F424641520041465352D9
S21403EA4000526574300052657431005265743200AA
S21403EA50526574330052657434005265743500444D
S21403EA6061743000446174310000454D555F49526E
S21403EA70516E004652435F5052495F4952516E00F1
S21403EA8057444F47305F4952516E0057444F473102
S21403EA905F4952516E004652435F4952516E004DD4
S21403EAA04F44454D5F4952516E005241435F5345B3
S21403EAB0515F4952516E005241435F52534D5F4975
S21403EAC052516E00425546435F4952516E004C44C4
S21403EAD04D415F4952516E004750494F5F45564579
S21403EAE04E5F4952516E005553415254305F52584F
S21403EAF05F4952516E005553415254305F54585F2C
S21403EB004952516E0041434D50305F4952516E0099
S21403EB10414443305F4952516E0049444143305F9C
S21403EB204952516E00493243305F4952516E004795
S21403EB3050494F5F4F44445F4952516E005553410D
S21403EB405254315F52585F4952516E0055534152E9
S21403EB5054315F54585F4952516E004C45554152EB
S21403EB6054305F4952516E0050434E54305F495201
S21403EB70516E00434D555F4952516E004D53435FEE
S21403EB804952516E0043525950544F305F495251C7
S21403EB906E004C4554494D4552305F4952516E0004
S21403EBA04147435F4952516E0050524F54494D45B9
S21403EBB0525F4952516E00525443435F4952516E5D
S21403EBC00053594E54485F4952516E004352594FB1
S21403EBD054494D45525F4952516E00524653454E75
S21403EBE053455F4952516E0046505545485F49525A
S21403EBF0516E00534D555F4952516E005754494D5F
S21403EC004552305F4952516E005754494D45523173
S21403EC105F4952516E0050434E54315F4952516E14
S21403EC200050434E54325F4952516E005553415281
S21403EC3054325F52585F4952516E005553415254F5
S21403EC40325F54585F4952516E00493243315F492F
S21403EC5052516E005553415254335F52585F4952D6
S21403EC60516E005553415254335F54585F495251C5
S21403EC706E0056444143305F4952516E004353453C
S21403EC804E5F4952516E004C4553454E53455F49BE
S21403EC9052516E0043525950544F315F4952516E90
S21403ECA00054524E47305F4952516E004941434328
S21403ECB056494F4C3A20617474656D7074656420D0
S21403ECC0696E737472756374696F6E2066657463B8
S21403ECD0682066726F6D2061206E6F2D65786563A0
S21403ECE075746520616464726573730044414343BD
S21403ECF056494F4C3A20617474656D707465642090
S21403ED006C6F6164206F722073746F726520617418
S21403ED1020616E20696C6C6567616C206164647247
S21403ED20657373004D554E53544B4552523A2075F6
S21403ED306E737461636B2066726F6D2065786365AE
S21403ED407074696F6E2072657475726E2063617578
S21403ED50736564206163636573732076696F6C61A2
S21403ED6074696F6E004D53544B4552523A20737478
S21403ED7061636B696E672066726F6D206578636585
S21403ED807074696F6E206361757365642061636375
S21403ED906573732076696F6C6174696F6E004D4D91
S21403EDA0415256414C49443A204D4D415220636FDF
S21403EDB06E7461696E732076616C69642066617532
S21403EDC06C742061646472657373004942555345DD
S21403EDD052523A20696E737472756374696F6E204B
S21403EDE07072656665746368206361757365642015
S21403EDF0627573206661756C7400505245434953BF
S21403EE004552523A20707265636973652064617473
S21403EE106120627573206661756C7400494D5052AB
S21403EE20454349534552523A20696D70726563698A
S21403EE307365206461746120627573206661756C06
S21403EE407400554E53544B4552523A20756E7374A4
S21403EE5061636B696E67206F6E2065786365707497
S21403EE60696F6E2072657475726E20636175736563
S21403EE7064206461746120627573206661756C74C6
S21403EE800053544B4552523A20737461636B696E58
S21403EE9067206F6E20657863657074696F6E206592
S21403EEA06E7472792063617573656420646174613E
S21403EEB020627573206661756C7400424641525633
S21403EEC0414C49443A204246415220636F6E746176
S21403EED0696E732076616C6964206661756C742054
S21403EEE06164647265737300554E444546494E53D8
S21403EEF054523A20747269656420746F206578658D
S21403EF006375746520616E20756E646566696E65EB
S21403EF106420696E737472756374696F6E00494E0C
S21403EF205653544154453A20696E76616C696420A1
S21403EF3045505352202D20652E672E2C207472695F
S21403EF40656420746F2073776974636820746F2018
S21403EF5041524D206D6F646500494E5650433A202A
S21403EF60657863657074696F6E2072657475726E0A
S21403EF7020696E7465677269747920636865636B6C
S21403EF8073206661696C6564004E4F43503A206196
S21403EF907474656D7074656420746F20657865633A
S21403EFA0757465206120636F70726F636573736F2A
S21403EFB07220696E737472756374696F6E00554E52
S21403EFC0414C49474E45443A20617474656D7074EC
S21403EFD0656420616E20756E616C69676E6564207A
S21403EFE06D656D6F72792061636365737300444961
S21403EFF05642595A45524F3A20617474656D70747F
S21403F000656420746F206578656375746520534462
S21403F0104956206F722055444956207769746820F4
S21403F02064697669736F72206F6620300000000093
S21403F0306AEA030073EA030080EA03008BEA03002C
S21403F04096EA03009FEA0300AAEA0300B7EA03006E
S21403F050C4EA0300CEEA0300D8EA030094EB0300F5
S21403F060E7EA0300F6EA030005EB030010EB0300F0
S21403F0701AEB030025EB03002FEB03000AEC030057
S21403F0803DEB03004CEB03005BEB030068EB030074
S21403F09073EB03007CEB030085EB030092EB0300AA
S21403F0A0A0EB0300A9EB0300B7EB0300C1EB0300DF
S21403F0B0CCEB0300DBEB0300E8EB0300F3EB03000E
S21403F0C0FCEB030009EC030016EC030021EC030041
S21403F0D02CEC03003BEC03004AEC030054EC030067
S21403F0E063EC030072EC03007DEC030087EC030083
S21403F0F094EC0300A1EC0300ACEC0300ECEC03007F
S21403F100A3C6030024ED030065ED0300A3C60300B6
S21403F110A3C603009EED0300CBED0300FAED030048
S21403F1201CEE030042EE030081EE0300A3C60300B9
S21403F130A3C60300BBEE0300E8EE03001EEF0300C6
S21403F14059EF030089EF0300A3C60300A3C6030019
S21403F150A3C60300A3C60300BEEF0300EEEF03003F
S21403F160000008070A00000000CA9A3B00E1F50504
S21403F1708096980040420F00A086010010270000EA
S21403F180E8030000640000000A00000001041040C9
S21403F190010000000500000000020000030000005C
S21403F1A0F0F30300ECF30300D8F30300D4F30300F7
S21403F1B0D0F30300CCF30300BAF30300AAF303006F
S21403F1C090F3030088F303007EF303007CF303004D
S21403F1D064F3030061F3030059F3030048F30300E9
S21403F1E038F3030026F303000CF3030004F30300D1
S21403F1F0F8F20300F4F20300F2F20300E5F2030070
S21403F200DAF20300C1F2030065F2030064F20300BE
S21403F21054F203002CF2030021F2030020F2030051
S21403F2200F000000000000000000000000000000C7
S21403F23000000000000000000000000000000000C6
S21403F24000000000000000000000000000000000B6
S21403F25000000000010000000000000000000000A5
S21403F260000000000F000000000000000000000087
S21403F2700000000000000000000000000000000086
S21403F2800000000000000000000000000000000076
S21403F2900000000000000000000000000000000066
S21403F2A00000000000000000000000000000000056
S21403F2B00000000000000000000000000000000046
S21403F2C00000000000000000000000000000000036
S21403F2D00000000000000000000000000000000026
S21403F2E00000000000000000000000000000000016
S21403F2F00000000000000000FFFFFFFFFFFFFFFF0E
S21403F300FFFF0000000000000000000000000000F7
S21403F31000000000000000000000000000000000E5
S21403F32000000000000000000000000000000000D5
S21403F33000000000000000000000000000000000C5
S21403F34000000000000000000000000000000000B5
S21403F350000000000000000000FFFFFFFFFFFFFFAC
S21403F360FF9C0000FF0000000000000000000000FB
S21403F3700000000000000000800000000000FFFF07
S21403F380FFFFFFFFFFFFFFFF00000000FFFF00007F
S21403F3900000000000000000000000000000000065
S21403F3A000000000000000000000FFFFFF00000058
S21403F3B00000000000000000000000000000000045
S21403F3C00000000000000000000000000000000035
S21403F3D00000000000000000000000000000000025
S21403F3E00000000000000000000000000000000015
S21403F3F0FC030101010101010101010101010101F8
S21403F4000100000000000001000A060000060101DA
S21403F410000002041104040211101A080A0218015B
S21403F420081110111A080A04020D0B195C011028A2
S21403F4300B010000000000000000000000000000B8
S21403F44000010101010101000101010101010000A8
S21403F450010100010001010000000000000000009F
S21403F4600000000000000001000000000000000093
S21403F4700000000001FF010023E1010075E4010024
S21403F48063E2010063E5010062E1010079EB01003C
S21403F49064EE010024E1010025E1010026E10100FC
S21403F4A027E1010028E1010029E101002AE101002A
S21403F4B0000001008000010000010100800101003E
S21403F4C0000201008002010020E2010000030100A7
S21403F4D0000501008005010000060100800601000A
S21403F4E00007010001E5010002E501000008010034
S21403F4F0800801002F686F6D652F7068752F53693C
S21403F5006D706C696369747953747564696F2F538E
S21403F510444B732F6765636B6F5F73646B2F706CFD
S21403F5206174666F726D2F736572766963652F7487
S21403F5306F6B656E5F6D616E616765722F73726365
S21403F5402F736C5F746F6B656E5F6D616E6167655D
S21403F550722E63002F686F6D652F7068752F536961
S21403F5606D706C696369747953747564696F2F532E
S21403F570444B732F6765636B6F5F73646B2F706C9D
S21403F5806174666F726D2F736572766963652F7427
S21403F5906F6B656E5F6D616E616765722F73726305
S21403F5A02F736C5F746F6B656E5F6D616E756661EE
S21403F5B063747572696E672E6300FFFFFFFFFFFFBC
S21403F5C0FFFF34B684327032F6101A104375727227
S21403F5D0656E7420436F6E6669673A20253078003F
S21403F5E053657420434341206D6F646520746F2018
S21403F5F025643A20253078006F757428636C696536
S21403F6006E742900696E2028736572766572290008
S21403F6104D464720537472696E673A20257300413E
S21403F62070704275696C646572204D464720436F5F
S21403F63064653A20307825303458006E6F64652050
S21403F6405B004164646974696F6E616C20696E74F3
S21403F6506572666163657300202025643A20007036
S21403F660616765205B25645D206368616E205B25AA
S21403F670645D20707772205B25645D006E6F742076
S21403F680616374697665006572726F7220307825DF
S21403F69032580070616E4944205B30782530345808
S21403F6A05D206E6F64654944205B3078253034589E
S21403F6B05D20007870616E205B3078007061726543
S21403F6C06E744944205B3078253034585D20706171
S21403F6D072656E7452737369205B25645D006E6F8A
S21403F6E0646554797065205B00536563757269744D
S21403F6F079206C6576656C205B25785D006E657495
S21403F700776F726B207374617465205B2530325893
S21403F7105D200042756666733A202564202F2025F7
S21403F7206400457020636E743A202564006570207B
S21403F7302564205B656E64706F696E742025732C78
S21403F740206465766963652025735D20006E776B9C
S21403F750205B25645D2070726F66696C65205B3084
S21403F76078253034585D206465764964205B3078AC
S21403F770253034585D20766572205B307825785DB9
S21403F7800020202020257320636C75737465723AFD
S21403F7902030782530345820004E776B20636E7403
S21403F7A03A202564006E776B202564205B25735D05
S21403F7B0005072696D617279202870726F2900207B
S21403F7C0206E6F646554797065205B30782530321F
S21403F7D0585D002020736563757269747950726F83
S21403F7E066696C65205B3078253032585D0045507D
S21403F7F02025643A20257320004572726F723A20E2
S21403F80020556E6B6E6F776E20656E64706F696ED3
S21403F810742E00456E61626C65206576656E742095
S21403F820646562756720696E666F20696E20436F34
S21403F830726520434C4920636F6D706F6E656E74FE
S21403F840006F6E6C7920636F6F7264696E61746F9C
S21403F85072732063616E20666F726D0A006A6F6949
S21403F8606E203078253032580A00257320307825EC
S21403F8703032580A002573203078253032780072EB
S21403F880656A6F696E44696666446576696365543E
S21403F8907970650025732030782578006578742E96
S21403F8A02050414E2049443A20004E574B206F705B
S21403F8B0656E3A20257520736563004E574B2063AB
S21403F8C06C6F7365640066696E64206A6F696E6147
S21403F8D0626C653A203078253032580066696E646B
S21403F8E020756E757365643A20307825303258007B
S21403F8F04368616E67696E6720746F206368616E24
S21403F9006E656C2025643A203078253032580069BD
S21403F9106E76616C6964206E6574776F726B2069AE
S21403F9206E6465780053686F72742049443A2030D9
S21403F93078253034582C2045554936343A20002C47
S21403F9402050616E2049443A2030782530345800E0
S21403F95053746172746564206D756C74692D706878
S21403F9607920696E74657266616365004661696CC9
S21403F970656420746F202573202573203078253026
S21403F9803258005465726D696E6174656420257320
S21403F99020307825303258004B65657020616C69DD
S21403F9A0766520737570706F727420656E61626C15
S21403F9B065642E006661696C656420746F207365E8
S21403F9C074206B65657020616C697665206D6F6465
S21403F9D0652E007375636365737366756C6C792047
S21403F9E073657420746865206368696C6420746941
S21403F9F06D656F7574206F7074696F6E206D6173BB
S21403FA006B2E006661696C656420746F2073657481
S21403FA1020746865206368696C642074696D656F1B
S21403FA207574206F7074696F6E206D61736B2E0032
S21403FA30646973636F766572004D6174636820252D
S21403FA4070792066726F6D203078253034582C20FC
S21403FA506570202564004E574B20416464726573BD
S21403FA607320726573706F6E73653A203078253035
S21403FA7034580049454545204164647265737320D4
S21403FA80726573706F6E73653A200053657276699C
S21403FA9063652025737920646F6E652E002320200E
S21403FAA0747970652020206E776B20206C6F63203E
S21403FAB0202072656D202020636C75732020206ED5
S21403FAC06F6465202020657569002020256420204A
S21403FAD0202030782530345820203078253034588C
S21403FAE0202030782530345820307825303458207C
S21403FAF000656D62657247657442696E64696E6718
S21403FB00204572726F723A2030782532580A0025E3
S21403FB1064206F662025642062696E64696E67736D
S21403FB20207573656400656E61626C65642070722F
S21403FB30696E740064697361626C656420707269CF
S21403FB406E7400616464206C696E6B206B6579006B
S21403FB504552523A2043616C63756C617465642048
S21403FB6043524320646F6573206E6F74206D617417
S21403FB706368004552523A20496E7374616C6C2078
S21403FB80436F6465206D75737420626520382C207E
S21403FB9031302C2031342C206F722031382062799A
S21403FBA074657320696E206C656E677468004552D1
S21403FBB0523A204145532D4D4D4F206861736820BE
S21403FBC06661696C65643A203078257800536574FD
S21403FBD0206A6F696E696E67206C696E6B206B6551
S21403FBE079007365742062696E642025643A203058
S21403FBF0782530327800454D50545900554E4943C8
S21403FC0041004D324F4E45004D554C5449003F2060
S21403FC1020202000F6FB0300FCFB030002FC03008D
S21403FC2008FC03000EFC0300496E64657820494512
S21403FC30454520416464726573732020202020208C
S21403FC402020204E574B496E6465782020496E204D
S21403FC504643202020202054544C28732920466CE9
S21403FC606167202020204B65792020202000256412
S21403FC702020202020002020256420202020202053
S21403FC8020002020253038582020002030782530CA
S21403FC903458202000496E64657820494545452040
S21403FCA04164647265737320202020202020202066
S21403FCB0496E20464320202020205479706520205A
S21403FCC04175746820204B6579002D202020202064
S21403FCD000256320202020202563202020202000CC
S21403FCE0696573005741524E494E473A20205245A4
S21403FCF04144494E47204F46204B45592056414CD8
S21403FD005545532044495341424C454420425920CB
S21403FD104D464720544F4B454E004E574B204B65A0
S21403FD2079002573206F75742046433A20253038B2
S21403FD305800257320736571206E756D3A203078F0
S21403FD4025780025733A20002573206F75742046A6
S21403FD50433A202530387800544320257320002565
S21403FD6073205461626C650025642F256420656EDC
S21403FD70747269657320757365642E005472616EC0
S21403FD807369656E74204B657900256420656E740F
S21403FD9072257320636F6E73756D696E67202564B5
S21403FDA0207061636B657420627566666572257381
S21403FDB02E0057494C4C0057494C4C204E4F54008C
S21403FDC054727573742043656E74657220257020B3
S21403FDD0616C6C6F772074727573742063656E74D0
S21403FDE065722072656A6F696E73207573696E67D4
S21403FDF02077656C6C2D6B6E6F776E206B65792E36
S21403FE00005365742074696D656F757420666F7230
S21403FE102054727573742043656E74657220726520
S21403FE206A6F696E73207573696E672077656C6C8D
S21403FE302D6B6E6F776E206C696E6B206B65792009
S21403FE40746F202564207365636F6E64732E00459C
S21403FE5052524F523A20002570737461636B206DC3
S21403FE6075737420626520646F776E2E004E4F4E56
S21403FE70450052656164696E6720416C6C6F7765F7
S21403FE80640048617368696E67206F6E6C7900451D
S21403FE906D6265724B657953657474696E67733A00
S21403FEA0203078253034580020205065726D6973F1
S21403FEB073696F6E733A202573004572726F723AD8
S21403FEC0204661696C656420746F206765742063DF
S21403FED06F6E6669672C207374617475733A20308D
S21403FEE07825303258004661696C65643A2030786C
S21403FEF025303258004D73673A20636C7573203093
S21403FF0078253034582C20636D64203078253032C1
S21403FF10582C206C656E20256400627566666572D3
S21403FF203A2000454D4245525F00257353454355DD
S21403FF30524954595F4C4556454C3A202530325861
S21403FF400025736572617365206B65792025643AB5
S21403FF502030782530325800636D64206E6F74202D
S21403FF606275696C74007372632065702025303285
S21403FF70782C20636C757320253034780073656E97
S21403FF8064696E6720746F206D756C746963617342
S21403FF90742062696E640025733A2065703A2025E2
S21403FFA0642C20636C3A203078253034582C20613A
S21403FFB07474723A20307825303458002C207376C7
S21403FFC0723A2025630025733A20726561643A20ED
S21403FFD0307825303278002C207376723A202563E9
S21403FFE02C2064747970653A2030782530325800B6
S21403FFF0417267756D656E7420617420696E646501
S214040000783A202564206973206F7574206F662003
S21404001072616E676500436F6D6D616E6420616C1E
S2140400207265616479206275696C742E2020436160
S2140400306E6E6F7420736574204D4647207370652A
S214040040636966696320636F646520666F72206304
S2140400506F6D6D616E642E004D464720436F646578
S2140400602053657420666F72206E65787420636F03
S2140400706D6D616E643A20307825303458005573BF
S21404008065204E6578742053657175656E636520CA
S21404009053657420666F72206E65787420636F6D86
S2140400A06D616E643A2030782530325800446973A6
S2140400B061626C652044656661756C742052657374
S2140400C0706F6E73652053657420666F72206E655C
S2140400D0787420636F6D6D616E643A2030782530D5
S2140400E03258004552523A2072656164696E672040
S2140400F061747472696275746520253032780045BF
S21404010052523A2061747472696275746520736918
S2140401107A6520256420746F6F206C617267652091
S214040120666F7220627566666572004572726F72DB
S2140401303A2061747472696275746520494420308B
S2140401407825303458207265706F727461626C65FD
S214040150206368616E67652069732073697A652019
S2140401602564422C206275742025644220656E74D2
S214040170657265640A006E6F20636D640045727272
S2140401806F723A20434C492053656E642066616959
S2140401906C65642C207374617475733A203078250A
S2140401A0303258004572726F723A202045554936EF
S2140401B03420617267756D656E7420697320656D91
S2140401C070747920616E64206C6F6F6B757020623A
S2140401D079206E6F6465204944206661696C6564A5
S2140401E02E00556E696361737400556E62696E64A1
S2140401F02025702025703078255800526571756565
S21404020073743A20005A444F2073696D706C6520ED
S21404021064657363207265712025303278005A4411
S2140402204F206E6F64652064657363207265712069
S21404023025303278005573696E67206D79206C6FAF
S21404024063616C20455549363420666F72206465B8
S214040250737420455549363420696E2062696E648D
S214040260696E67005A444F2062696E642072657135
S214040270202530327800636C7573746572206C695F
S2140402806D6974207265616368656400696E766181
S2140402906C696420706167653A202564206F72205B
S2140402A06368616E6E656C3A202564004368616E0F
S2140402B06765206368616E6E656C2073746174751F
S2140402C0733A203078253032780064757261746928
S2140402D06F6E206D75737420626520696E2072617E
S2140402E06E67652030202D203500636F756E742090
S2140402F06D75737420626520696E2072616E676521
S2140403002031202D2038007363616E20737461746D
S21404031075732030782578006E6574776F726B205D
S2140403207570646174652073657420737461747584
S21404033073203078257800416374697665204550CB
S2140403402072657175657374207374617475733A7D
S2140403502030782558004C5149205461626C652041
S214040360726571756573743A203078255800426951
S2140403706E64696E67205461626C6520726571757F
S2140403806573743A2030782558004C65617665208C
S21404039025703078255800506F7765722044657351
S2140403A063726970746F7220257030782558005512
S2140403B073696E67206D79206C6F63616C20455598
S2140403C049363420666F7220646573742045554937
S2140403D0363420696E20756E62696E64696E6700D5
S2140403E0526F757465205461626C65202570307890
S2140403F02558005A444F206D617463682064657301
S214040400632072657120257800000000000000005B
S214040410002F686F6D652F7068752F53696D706C4B
S214040420696369747953747564696F2F53444B73A5
S2140404302F6765636B6F5F73646B2F70726F746F77
S214040440636F6C2F7A69676265652F6170702F66BB
S21404045072616D65776F726B2F636F6D6D6F6E2F44
S2140404607A69676265655F6170705F6672616D6503
S214040470776F726B5F636F6D6D6F6E2E630045787A
S21404048074656E64656420526573657420696E666F
S2140404906F3A2030782532582028257329002F6893
S2140404A06F6D652F7068752F53696D706C6963691D
S2140404B0747953747564696F2F53444B732F67654F
S2140404C0636B6F5F73646B2F70726F746F636F6CA4
S2140404D02F7A69676265652F6170702F6672616D29
S2140404E065776F726B2F636F6D6D6F6E2F7A6967AA
S2140404F06265655F6170705F6672616D65776F7265
S2140405006B5F736C6565702E6300796573006E6F40
S2140405100053746179206177616B65207768656E36
S214040520206E6F74206A6F696E65643A20257300C6
S214040530466F726365642073746179206177616BBA
S214040540653A2020202020202020202025730046E5
S2140405506F7263696E672064657669636520746F7D
S2140405602073746179206177616B6500416C6C6FF0
S21404057077696E672064657669636520746F2067A3
S2140405806F20746F20736C6565700052583A205261
S21404059065736574546F466163746F7279446566F7
S2140405A061756C747343616C6C6261636B00257572
S2140405B0292025703A2025750053657474696E6782
S2140405C0205468726573686F6C6420636F6D6D6128
S2140405D06E64003F3F3F004D6163205278204263C3
S2140405E0617374004D6163205478204263617374B0
S2140405F0004D6163205278205563617374004D6129
S21404060063205478205563617374004D61632054ED
S21404061078205563617374205265747279004D6155
S21404062063205478205563617374204661696C00B6
S21404063041505320527820426361737400415053F2
S21404064020547820426361737400415053205278DA
S21404065020556361737400415053205478205563C9
S214040660617374205375636365737300415053203C
S214040670547820556361737420526574727900410E
S2140406805053205478205563617374204661696C16
S21404069000526F757465204469736320496E6974EB
S2140406A06961746564004E65696768626F722041AB
S2140406B064646564004E65696768626F722052659B
S2140406C06D6F766564004E65696768626F72205365
S2140406D074616C65004A6F696E20496E6469636173
S2140406E074696F6E004368696C64204D6F76656448
S2140406F000415348204F766572666C6F770041530D
S21404070048204672616D65204572726F72004153CF
S21404071048204F76657272756E204572726F72004D
S2140407204E574B204643204661696C7572650041FE
S2140407305053204643204661696C757265004153E8
S2140407404820584F66660041505320556E617574B4
S214040750686F72697A6564204B6579004E574B2042
S21404076044656372797074204661696C757265734A
S2140407700041505320446563727970742046616961
S2140407806C75726573005061636B657420427566A0
S21404079066657220416C6C6F63617465204661699E
S2140407A06C757265730052656C6179656420556377
S2140407B06173740050687920746F204D4143207132
S2140407C075657565206C696D69742072656163680A
S2140407D06564005061636B65742056616C6964617E
S2140407E074652064726F7020636F756E74004E5764
S2140407F04B207265747279206F766572666C6F77BB
S21404080000434341204661696C7572657300427209
S2140408106F616463617374207461626C65206675CD
S2140408206C6C00505441204C6F2050726920526505
S21404083071005054412048692050726920526571F5
S21404084000505441204C6F205072692044656E69F4
S21404085065640050544120486920507269204465FC
S2140408606E69656400505441204C6F2050726920B4
S21404087054782041627274005054412048692050D4
S214040880726920547820416272740041646472650F
S214040890737320436F6E666C6963742053656E745D
S2140408A0000D004465627567207072696E74206777
S2140408B0726F75702025730A0057726F6E6720700A
S2140408C06172616D657465720A0076730052583AF7
S2140408D02041646447726F7570526573706F6E73EF
S2140408E06520307825782C203078253278005258C8
S2140408F03A205669657747726F7570526573706FE4
S2140409006E736520307825782C2030782532782C44
S21404091020220052583A2047657447726F75704D0E
S214040920656D62657273686970526573706F6E7315
S2140409306520307825782C20307825782C00205BAC
S21404094030782532785D0052583A2052656D6F76BD
S2140409506547726F7570526573706F6E736520307D
S2140409607825782C203078253278007472756500E6
S21404097066616C736500456E64706F696E742030D2
S214040980782578206973206964656E746966796968
S2140409906E673A202570004552523A2072656164AB
S2140409A0696E67206964656E746966792074696D1A
S2140409B065202578004552523A2077726974696E2C
S2140409C067206964656E746966792074696D65204C
S2140409D02578005258206964656E746966793A49C8
S2140409E044454E54494659203078253278004964A7
S2140409F0656E746966793A206661696C656420740C
S214040A006F2073656E6420257320726573706F6E35
S214040A1073653A2030782578005258206964656EEC
S214040A20746966793A51554552590073756363651E
S214040A307373006661696C7572650053656E6469EC
S214040A406E6720696E7465722D50414E206D657315
S214040A5073616765206F66206C656E20256420745C
S214040A606F200020776974682072616E646F6D2051
S214040A7076616C7565733A200025732028307825D6
S214040A805829004552523A20696E7465722D5041B9
S214040A904E20667261676D656E746174696F6E2050
S214040AA066656174757265206D697373696E670037
S214040AB0656E61626C696E670064697361626C6915
S214040AC06E67004552523A206661696C656420255B
S214040AD07320696E7465722D50414E204D4143203B
S214040AE066696C74657220283078257829000500BC
S214040AF01500250009001900290006001600260026
S214040B000A001A002A000080542534783A496E7484
S214040B1065722D50414E2054582028256429205BA8
S214040B20005D2C2030782578004552523A20496ED4
S214040B307465722D50414E20002570426164204138
S214040B405053206672616D6520636F6E74726F6CAD
S214040B5020307825580025704261642044656C690D
S214040B6076657279204D6F646520307825580025A7
S214040B70704150532064656372797074696F6E2097
S214040B806661696C6564202830782558292E0052E1
S214040B905820696E7465722D50414E206D657373CE
S214040BA0616765202800756E690062726F61640073
S214040BB06D756C74690063617374293A0020207340
S214040BC072632070616E2069643A2030782532782A
S214040BD0002020737263206C6F6E672069643A206D
S214040BE00020207372632073686F72742069643AFD
S214040BF020307825327800202070726F66696C6524
S214040C002069643A203078253278002020636C7599
S214040C10737465722069643A20307825327820002F
S214040C20202067726F75702069643A203078253208
S214040C30780025706D65737361676520746F6F2027
S214040C4073686F727420282564203C20256429214B
S214040C50002570556E737570706F72746564205AD3
S214040C60434C206672616D6520747970652E00258C
S214040C70706D65737361676520746F6F2073686F3A
S214040C8072742100257070726F66696C6520307806
S214040C902532782C20636C75737465722030782541
S214040CA032782C20636F6D6D616E64203078257801
S214040CB0206E6F74207065726D6974746564004389
S214040CC068616E6E656C206E6F742076616C696404
S214040CD03A202564005072696D617279002570208F
S214040CE06D61736B206E6F7720307825345800530F
S214040CF065636F6E64617279004D61736B206E6F0D
S214040D00742076616C69643A202564007072696D9B
S214040D10617279007365636F6E6461727900257021
S214040D203A20536574202570206D61736B20746FB0
S214040D302030782534580053746174757300257018
S214040D403A2025703A004368616E6E656C206D61CA
S214040D50736B3A002020202028312920307825344F
S214040D6058205B0020202020283229203078253483
S214040D7058205B0053746174653A203078255820F7
S214040D80282573290043757272656E742063686142
S214040D906E6E656C3A20256400546F74616C206234
S214040DA06561636F6E733A202564004A6F696E202E
S214040DB0617474656D7074733A202564004E6574AE
S214040DC0776F726B2073746174653A203078255897
S214040DD00025733A2025733A203078255800556E3E
S214040DE0737570706F72746564206665617475726D
S214040DF065207768656E207573696E67206F7074FA
S214040E00696D697A6564207363616E732E20546F0E
S214040E1020757365206120636F6E666967757265F9
S214040E2064206B6579207768656E206A6F696E69E1
S214040E306E672C2061646420746865206B65792075
S214040E40746F20746865207472616E7369656E745D
S214040E50206B6579207461626C65207573696E67B2
S214040E60207468652077696C6463617264204555F4
S214040E70492028616C6C20464673292E0025702074
S214040E8053746F702E2020436C65616E696E672004
S214040E9075702E004B6579207665726966696361A4
S214040EA074696F6E206661696C65642E204C65619A
S214040EB076696E67206E6574776F726B0025703A7C
S214040EC02025700042726F616463617374696E6793
S214040ED0207065726D6974206A6F696E0025703AB9
S214040EE02025703A20307825580054727573742083
S214040EF063656E746572206C696E6B206B65792011
S214040F0075706461746520737461747573002573F9
S214040F103A205741524E494E473A20656D626572F3
S214040F20536574496E697469616C53656375726957
S214040F3074795374617465206661696C65642E20E7
S214040F40436F6E74696E75696E6720776974686F2F
S214040F50757420696E7374616C6C20636F64652E9F
S214040F60004572726F723A20696E7374616C6C20FD
S214040F70636F6465207365747570206661696C655B
S214040F80642E20497320616E20696E7374616C6CE4
S214040F9020636F646520666C6173686564206F6E99
S214040FA0746F20746865206465766963653F00D055
S214040FB0D1D2D3D4D5D6D7D8D9DADBDCDDDEDF0080
S214040FC05A6967426565416C6C69616E6365303960
S214040FD000FFFFFFFFFFFFFFFF0025733A20697342
S214040FE07375696E67207363616E206F6E20257358
S214040FF0206368616E6E656C7320286D61736B2068
S21404100030782534582900257320697320616C7262
S2140410106561647920696E2070726F677265737398
S214041020005374617274004578616D696E696E6709
S21404103020626561636F6E206F6E206368616E6EFA
S214041040656C20256420776974682070616E496435
S21404105020307825325800546869732062656163CD
S2140410606F6E206973206E6F742070617274206FC7
S21404107066207468652063757272656E7420636892
S214041080616E6E656C206D61736B20283078253434
S21404109058292E2047657474696E67206E657874C7
S2140410A020626561636F6E2077686F73652063687E
S2140410B0616E6E656C206269746D61736B20697312
S2140410C0207365742E004572726F723A2025702064
S2140410D0636F756C64206E6F7420617474656D70D4
S2140410E074206A6F696E3A2030782558004E6F2057
S2140410F0626561636F6E73206C656674206F6E2024
S21404110063757272656E74206D61736B2E204D6FFD
S21404111076696E6720746F206E65787420737461C8
S2140411207465002570206A6F696E696E6720307872
S214041130253278206F6E206368616E6E656C20259C
S214041140640025702053746174653A202570004548
S21404115072726F723A20257020636F756C64206E0D
S2140411606F74207365747570207365637572697423
S214041170793A2030782558004572726F723A2053B7
S21404118063616E20636F6D706C6574652068616E54
S214041190646C65722072657475726E65642030784E
S2140411A02558002573207363616E20636F6D706C21
S2140411B06574652E20426561636F6E732068656191
S2140411C072643A20256400257320737461636B206F
S2140411D07374617475732030782558002570206EFA
S2140411E06574776F726B206A6F696E65642E00256E
S2140411F07020747279696E67206E657874206E65E7
S21404120074776F726B2E005A6967426565416C6C21
S21404121069616E636530394E574B20537465657249
S214041220696E67004E6F6E65005363616E20507280
S214041230696D617279204368616E6E656C732061B6
S2140412406E642075736520496E7374616C6C2043FC
S2140412506F6465005363616E205072696D617279C4
S214041260204368616E6E656C7320616E64205573EE
S214041270652043656E7472616C697A6564204B659B
S21404128079005363616E205072696D6172792043F0
S21404129068616E6E656C7320616E6420557365209C
S2140412A04469737472696275746564204B65790069
S2140412B05363616E205365636F6E64617279204375
S2140412C068616E6E656C7320616E6420757365204C
S2140412D0496E7374616C6C20436F6465005363617C
S2140412E06E205365636F6E64617279204368616E25
S2140412F06E656C7320616E64205573652043656E5D
S2140413007472616C697A6564204B65790053636115
S2140413106E205365636F6E64617279204368616EF4
S2140413206E656C7320616E64205573652044697322
S2140413307472696275746564204B657900536361E1
S2140413406E205072696D617279204368616E6E65B5
S2140413506C7320616E642055736520416C6C204B61
S2140413606579732028696E7374616C6C20636F648E
S214041370652C2063656E7472616C697A65642C20D2
S2140413806469737472696275746564290053636171
S2140413906E205365636F6E64617279204368616E74
S2140413A06E656C7320616E642055736520416C6CA9
S2140413B0204B6579732028696E7374616C6C2063A6
S2140413C06F64652C2063656E7472616C697A6564FB
S2140413D02C2064697374726962757465642900529A
S2140413E0583A2052656D6F76655363656E6552652F
S2140413F073706F6E736520307825782C20307825CE
S21404140032782C20307825780052583A2052656D70
S2140414106F7665416C6C5363656E65735265737065
S2140414206F6E736520307825782C203078253278D6
S2140414300052583A2053746F72655363656E655252
S2140414406573706F6E736520307825782C2030783D
S2140414502532782C20307825780052583A20476573
S214041460745363656E654D656D6265727368697005
S214041470526573706F6E736520307825782C203033
S2140414807825782C20307825327800456E68616E91
S2140414906365640052583A2025704164645363655A
S2140414A06E65526573706F6E736520307825782C80
S2140414B02030782532782C20307825780052583A17
S2140414C0202570566965775363656E65526573703B
S2140414D06F6E736520307825782C20307825327826
S2140414E02C203078257800222C00205B307825329A
S2140414F078203078257820005374617274696E679A
S21404150020757064617465207472757374206365E5
S2140415106E746572206C696E6B206B6579207072D0
S2140415206F6365737300557064617465205443205B
S2140415304C696E6B204B657900204E6577206B6591
S214041540792065737461626C69736865643A002017
S2140415504572726F723A00506172746E65723A2008
S2140415600057726974657320746865204964656EF3
S2140415707469667954696D652061747472696275FC
S21404158074652E00656E64706F696E741F74696D81
S214041590651F0000ED0203006115040071AF03002F
S2140415A000FF0000D7020300611504008415040040
S2140415B00001FF5A434C20676C6F62616C20636CB9
S2140415C0757374657220636F6D6D616E6473006409
S2140415D06972656374696F6E00646973632D636F03
S2140415E06D2D67656E00646973632D636F6D2D7270
S2140415F06563006578706563742D7265706F7274C8
S2140416002D66726F6D2D6D65007577726974650051
S2140416106E7772697465007265706F72742D726588
S21404162061640073656E642D6D652D612D72657041
S2140416306F72740043726561746573206120676C11
S2140416406F62616C20646973636F76657220636F82
S2140416506D6D616E6420666F7220746865206173B8
S214041660736F6369617465642076616C7565732E47
S21404167000636C757374657249641F61747472696F
S2140416806275746549641F6D61784E756D62657226
S214041690546F5265706F72741F004372656174658F
S2140416A073206120676C6F62616C2073656E6420C2
S2140416B06D652061207265706F727420636F6D6D46
S2140416C0616E6420666F7220746865206173736F40
S2140416D06369617465642076616C7565732E006356
S2140416E06C757374657249641F617474726962758B
S2140416F0746549641F64617461547970651F6D690B
S2140417006E5265706F727454696D651F6D617852A0
S21404171065706F727454696D651F7265706F72744C
S21404172061626C654368616E67651F00437265613C
S214041730746573206120676C6F62616C20726561EA
S21404174064207265706F7274696E6720636F6D6D66
S214041750616E6420666F7220746865206173736FAF
S21404176063696174656420636C75737465722C2098
S21404177061747472696275746520616E6420736541
S214041780727665722F636C69656E7420646972651F
S2140417906374696F6E2E00636C7573746572496446
S2140417A01F61747472696275746549641F64697232
S2140417B0656374696F6E1F00476C6F62616C20729C
S2140417C065706F7274696E6720636F6D6D616E64A9
S2140417D000656E64706F696E741F636C75737465F0
S2140417E07249641F61747472696275746549641F12
S2140417F06D61736B1F0043726561746573206120AD
S214041800676C6F62616C207265616420636F6D6DD6
S214041810616E64206D65737361676520746F2072F2
S2140418206561642066726F6D2074686520636C75EC
S2140418307374657220616E64206174747269627573
S2140418407465207370656369666965642E00636CED
S214041850757374657249641F617474726962757411
S2140418606549641F0043726561746573206120676F
S2140418706C6F62616C20777269746520636F6D6D3E
S214041880616E64206D65737361676520746F20777D
S2140418907269746520746F2074686520636C757350
S2140418A074657220616E6420617474726962757402
S2140418B0652073706563696669656400636C757337
S2140418C074657249641F61747472696275746549DB
S2140418D0641F747970651F646174611F00437265C8
S2140418E06174652061206578706563742D72657017
S2140418F06F72742D66726F6D2D6D65206D657373D2
S2140419006167652077697468206173736F636961C2
S2140419107465642076616C7565732E00636C7573EC
S21404192074657249641F617474726962757465497A
S214041930641F74696D656F75741F00437265617406
S21404194065206120446973636F76657220436F6D0A
S2140419506D616E64732047656E657261746564209C
S214041960636F6D6D616E642077697468206173734C
S2140419706F6369617465642076616C7565732E00A7
S214041980636C757374657249641F7374617274430F
S2140419906F6D6D616E6449641F6D6178436F6D6D24
S2140419A0616E6449641F005365747320746865200F
S2140419B0646972656374696F6E20666F7220676C03
S2140419C06F62616C20636F6D6D616E64732C20654D
S2140419D0697468657220636C69656E7420746F2020
S2140419E0736572766572206F72207365727665729F
S2140419F020746F20636C69656E742E00536574736F
S214041A00206120666C616720736F2074686174209F
S214041A10746865206170706C69636174696F6E20A8
S214041A206672616D65776F726B2057494C4C204E19
S214041A304F5420726573706F6E6420746F207468E0
S214041A4065206E657874205A434C206D6573736107
S214041A506765207468617420636F6D657320696EB2
S214041A60206F76657220746865206169722E005353
S214041A70657473206120666C616720736F207468D8
S214041A80617420746865206170706C696361746940
S214041A906F6E206672616D65776F726B2057494C66
S214041AA04C20726573706F6E6420746F2074686562
S214041AB0206E657874205A434C206D657373616795
S214041AC065207468617420636F6D657320696E2089
S214041AD06F76657220746865206169722E0053659E
S214041AE07473207468652044697361626C6520446D
S214041AF0656661756C7420526573706F6E736520CD
S214041B004672616D6520436F6E74726F6C206269F5
S214041B107420746F2075736520666F722074686510
S214041B20206E65787420636F6D6D616E64206966DF
S214041B302074686520636F6D6D616E642069732020
S214041B406E6F7420616C7265616479206275696C6D
S214041B50742E0064697361626C6544656661756CB5
S214041B6074526573706F6E73651F005365747320CB
S214041B7074686520666C616720746F2075736520D1
S214041B8074686520696E6372656D656E746564203D
S214041B9073657175656E6365206E756D626572201A
S214041BA066726F6D20746865206672616D65776F06
S214041BB0726B20666F7220746865206E6578742078
S214041BC072617720636F6D6D616E642E0075736548
S214041BD04E65787453657175656E63651F00436C56
S214041BE06920636F6D6D616E6420746F2063616C31
S214041BF06C20656D626572416653657454696D65E3
S214041C002066756E6374696F6E20646F63756D65A8
S214041C106E74656420696E2061662E680075746350
S214041C2054696D651F005365747320746865207469
S214041C30776F2062797465206D616E756661637472
S214041C40757265722073706563696669632069647A
S214041C50656E74696669657220746F207573652095
S214041C60666F7220746865206E65787420636F6D85
S214041C706D616E642069662074686520636F6D6D9F
S214041C80616E64206973206E6F7420616C72656186
S214041C906479206275696C742E006D66675370658E
S214041CA0636966696349641F00000000BC1C040085
S214041CB0B3150400A3C60300FE000000CF150400FD
S214041CC01C1E040000000000D91504000C1E0400AD
S214041CD000000000E6150400FC1D040000000000DF
S214041CE0F3150400EC1D04000000000011160400A7
S214041CF0D81D04000000000009160400C41D0400DA
S214041D000000000010160400B01D040000000000CF
S214041D101E160400A01D0400000000002D1604007A
S214041D208C1D040000000000171604007C1D04002F
S214041D300000000023160400681D040000000000D4
S214041D4030FA0300581D04000000000000000000E4
S214041D500000000000000000050303003416040021
S214041D6071160400010100FF299000009A16040071
S214041D70DF160400010100010107FF00E58F0000E3
S214041D802C17040097170400010100FF258F00009C
S214041D90B8170400D117040000010100FF0000007A
S214041DA017030300F61704004E1804000101FF0091
S214041DB0FF02030065180400BC18040001010207B2
S214041DC0FF000000F902030065180400BC180400B4
S214041DD001010207FF000000F30203006518040077
S214041DE0BC18040001010207FF000000D98E0000A1
S214041DF0DD1804001C190400010101FF798E00009F
S214041E003B19040080190400010000FF358E000011
S214041E103B19040080190400010000FFBD8E000079
S214041E20A7190400AD17040000FF0000D102030048
S214041E30FC190400CC960300FF000000CB0203004C
S214041E406F1A0400CC960300FF000000158E0000F5
S214041E50DE1A0400531B040000FF0000ED8D000092
S214041E606B1B0400CD1B040000FF0000BD02030032
S214041E70DE1B04001D1C040002FF0000B58D0000DC
S214041E80261C04009A1C040001FF7776004964654A
S214041E906E7469667920726571756573740045722F
S214041EA0726F723A200025702570206661696C6531
S214041EB0642030782578002570546F756368206C2C
S214041EC0696E6B696E6720696E2070726F677265E3
S214041ED07373002570446576696365206973206EA4
S214041EE06F7420616E20696E69746961746F720024
S214041EF0546F756368206C696E6B696E67206661E3
S214041F00696C65643A200025702570257030782544
S214041F107800636F756C64206E6F742073746172DE
S214041F2074207363616E3A20006E6F207363616E73
S214041F30206368616E6E656C7320636F6E66696796
S214041F4075726564002570307825782570256400E0
S214041F50202D20636F756C64206E6F742072657319
S214041F60746F7265206368616E6E656C20746F3A78
S214041F70200077750044657669636520696E666F30
S214041F80726D6174696F6E20726571756573740025
S214041F90636F756C64206E6F742073656E64206462
S214041FA0657669636520696E666F726D6174696FC4
S214041FB06E20726571756573743A20006E6F2072B8
S214041FC065706C7920746F20646576696365206932
S214041FD06E666F726D6174696F6E20726571756579
S214041FE073743A2000636F756C64206E6F7420738C
S214041FF0656E64206964656E7469667920726571BD
S214042000756573743A200053656E64696E672000C4
S21404201025702570257000207265717565737420AF
S214042020746F2074617267657400636F756C6420E6
S2140420306E6F742073656E642073746172742F6A95
S2140420406F696E3A2000526573657420746F20665B
S2140420506163746F7279206E657720726571756539
S214042060737400636F756C64206E6F742073656E92
S214042070642072657365743A200052583A204465A9
S21404208076696365496E666F726D6174696F6E52C8
S2140420906573706F6E73652030782534782C203025
S2140420A07825782C20307825782C20307825782CC4
S2140420B0002030782578203078253278203078252E
S2140420C032782030782578203078257820307825A6
S2140420D07800202869676E6F726564290061626FF4
S2140420E072746564206279206170706C69636174CF
S2140420F0696F6E00546F756368206C696E6B696EE9
S21404210067206661696C65642064756520746F2059
S214042110707265656D7074696F6E3A2000636F75D2
S2140421206C64206E6F7420737461727420736563BC
S2140421306F6E64617279206368616E6E656C20737D
S21404214063616E3A2000636F756C64206E6F742052
S2140421506368616E6765206368616E6E656C3A20BD
S214042160006E6F206E6574776F726B73207765727E
S2140421706520666F756E64000648000108020A0250
S2140421800C010E010F2570206368616E6E656C731A
S2140421903A2000202830782534782900257020300D
S2140421A078257800746F756368206C696E6B0064BC
S2140421B0657669636520696E666F726D6174696FB2
S2140421C06E00726573657420746F20666163746F45
S2140421D07279206E65770055736167653A00706C96
S2140421E07567696E207A6C6C2D636F6D6D69737399
S2140421F0696F6E696E67206C696E6B00706C7567CC
S214042200696E207A6C6C2D636F6D6D697373696F7C
S2140422106E696E67206C696E6B20646576696365AB
S21404222000706C7567696E207A6C6C2D636F6D6DCB
S214042230697373696F6E696E67206C696E6B20696B
S21404224064656E7469667900706C7567696E207A69
S2140422506C6C2D636F6D6D697373696F6E696E67F1
S214042260206C696E6B20726573657400746F756399
S21404227068206C696E6B2061626F727465640038E6
S214042280767576767500656E64706F696E7420690F
S2140422906E666F726D6174696F6E00676574206731
S2140422A0726F7570206964656E74696669657273A9
S2140422B00067657420656E64706F696E74206C695F
S2140422C073740073657420666F720052782D4F6EB7
S2140422D02D5768656E2D49646C6500257020257041
S2140422E02025642025700063616E63656C6C6564EC
S2140422F000257020257000696E6163746976650038
S2140423005A4C4C20546F6B656E730046726565209C
S2140423104E6F6465204944732C20204D696E3A2024
S21404232030782532782C204D61783A203078253262
S2140423307800467265652047726F7570204944734D
S2140423402C204D696E3A2030782532782C204D6149
S214042350783A203078253278004D792047726F75A8
S21404236070204944204D696E3A2030782532780032
S2140423705253534920436F7272656374696F6E3AA1
S2140423802025640053656375726974792042697404
S2140423906D61736B3A203078253478005365637525
S2140423A072697479204B657920496E6465783A20A1
S2140423B0256400536563757269747920456E63728B
S2140423C0797074696F6E204B65793A2000496E7691
S2140423D0616C6964206368616E6E656C20256400B8
S2140423E0496E76616C6964206368616E6E656C2004
S2140423F06D61736B20696E6465782025640049649A
S214042400656E74696679206475726174696F6E208E
S21404241073657420746F00257020256400437572FC
S21404242072656E74206368616E6E656C3A00546FF4
S2140424307563686C696E6B696E6720706F6C696330
S214042440793A007A6C6C20636F6D6D697373696F8B
S2140424506E696E67206E6574776F726B20706C752C
S21404246067696E206E6F7420666F756E64007A6C92
S2140424706C20636F6D6D697373696F6E696E672028
S21404248073657276657220706C7567696E206E6F00
S2140424907420666F756E6400546F7563686C696E3D
S2140424A06B696E6720656E61626C656400546F7557
S2140424B063686C696E6B696E672064697361626CCD
S2140424C065640000008810020010210400204A0001
S2140424D00040840100F8FF0747656E657261746901
S2140424E06E672072616E646F6D206B657900496E4D
S2140424F0697469616C697A696E672073656375725D
S214042500697479005A6C6C436F6D6D496E697420FA
S2140425102D20646576696365206973206E6F742068
S2140425206A6F696E656420746F2061206E657477C7
S2140425306F726B00526573657474696E6720746F8E
S21404254020666163746F7279206E657700457272D7
S2140425506F723A204661696C656420746F206C65FE
S214042560617665206E6574776F726B2C2073746168
S2140425707475733A203078255800257025702570B8
S2140425803A20737461747573203D2025582C206698
S2140425906C616773203D202558006A6F696E696E0A
S2140425A067206661696C6564000000000000000036
S2140425B00FC0C1C2C3C4C5C6C7C8C9CACBCCCDCE5A
S2140425C0CFD0D1D2D3D4D5D6D7D8D9DADBDCDDDE9A
S2140425D0DF00000052583A20436F70795363656EEB
S2140425E065526573706F6E736520307825782C207D
S2140425F030782532782C20307825780052583A20C6
S214042600456E64706F696E74496E666F726D617440
S214042610696F6E20002C2030782532782C20307894
S21404262025782C2030782532782C2030782532787E
S2140426302C20307825780052583A20476574477223
S2140426406F75704964656E74696669657273526500
S21404265073706F6E736520307825782C203078255B
S214042660782C20307825782C00205B30782532783A
S21404267020307825785D0052583A20476574456EB8
S21404268064706F696E744C697374526573706F6EA0
S214042690736520307825782C20307825782C2030E7
S2140426A07825782C00205B30782532782030782501
S2140426B078203078253278203078253278203078A3
S2140426C025785D0054727573742043656E74657264
S2140426D0204A6F696E2048616E646C65723A207396
S2140426E07461747573203D2025702C2064656369BD
S2140426F073696F6E203D20257020282578292C20AC
S21404270073686F7274696420307825327800554E89
S21404271073656375726564206A6F696E00646576B6
S214042720696365206C65667400554E7365637572DF
S21404273065642072656A6F696E00757365207072D1
S21404274065636F6E66696775726564206B6579008C
S21404275073656E64206B657920696E2074686520E5
S214042760636C6561720064656E79206A6F696E00D9
S2140427706E6F20616374696F6E00616C6C6F772096
S21404278072656A6F696E73206F6E6C790000000064
S2140427902B2704000E2704001D2704002927040005
S2140427A03A27040050270400662704007027040014
S2140427B07A2704006E6F7420004E4554574F524BD0
S2140427C05F00257025705550203078253258005407
S2140427D0727573742043656E74657220455549207E
S2140427E06861732025736368616E6765642E0025CF
S2140427F0702570444F574E005F4641494C4544008F
S21404280025704A4F494E257000454D4245525F4E4D
S2140428104554574F524B5F4F50454E45443A20253A
S214042820642073656300454D4245525F4E455457D8
S2140428304F524B5F434C4F5345440025703A202576
S214042840703A20307825780064697374726962750A
S2140428507465640063656E7472616C697A6564009D
S214042860466F726D002570696E67206F6E20636810
S2140428702025642C2070616E4964203078253258F7
S214042880004572726F723A20446576696365206407
S2140428906F6573206E6F7420737570706F7274201A
S2140428A02573206E6574776F726B20666F726D6128
S2140428B074696F6E004A6F696E00496E76616C6962
S2140428C0642053656375726974792050726F666903
S2140428D06C653A203078255800704A6F696E206619
S2140428E06F72202564207365633A2030782578005B
S2140428F04C696D6974696E67206475726174696F7A
S2140429006E206F66207065726D6974206A6F696EDA
S2140429102066726F6D20666F726576657220283247
S21404292035352920746F203235340052583A205AEF
S214042930444F2C20636F6D6D616E642030782532B1
S214042940782C207374617475733A20307825580097
S21404295053696D706C650052583A202570204465A2
S21404296073632052657370004D61746368002C2095
S2140429704D6174636865733A20256400446576691E
S214042980636520416E6E6F756E63653A20307825F8
S21404299032780052583A20494545452041646472CD
S2140429A065737320526573706F6E73650052583A80
S2140429B02041637469766520455020526573706FB4
S2140429C06E73652C20436F756E743A202564004E32
S2140429D06F6465002C204D6174636865733A20301B
S2140429E07825327800737461636B207665722E20C6
S2140429F05B25642E25642E256400202570206275D0
S214042A00696C642025645D005A444F0053450048B1
S214042A104100436C757374657200476C6F62616C39
S214042A2000257074782025782C200050726F666913
S214042A306C653A20257020283078253258292C20B9
S214042A40436C75737465723A2030782532582C209E
S214042A5025642062797465732C00205A434C202523
S214042A607020436D642049443A2025640050726502
S214042A702D52656C6561736500416C706861203128
S214042A8000416C706861203200416C7068612033CC
S214042A900042657461203100426574612032004250
S214042AA06574612033004741000000000000000008
S214042AB06D2A040011000000792A040012000000A8
S214042AC0812A040013000000892A04002100000063
S214042AD0912A040022000000982A04002300000023
S214042AE09F2A0400AA000000A62A0400FF00000093
S214042AF000000000000001526573657420696E666C
S214042B006F3A203078257820282570290064656C73
S214042B106574652062696E64696E673A202578205C
S214042B20257800080109020A030B040C050D060E9D
S214042B30070F081001180119021A031B041C051DAF
S214042B40061E071F0820012102220323042405254C
S214042B500626072708280129022A032B042C052DFC
S214042B60062E072F0830013102380239043A08E0ED
S214042B7004E104E204E802E902EA04F008F11000C1
S214042B800000000000000205982B0400070019004E
S214042B90242C040003000F0000000000602C040036
S214042BA00D000000400000000000000003000000CC
S214042BB0FC2C04000100020080000000000000005D
S214042BC003000000082D040002000400400000007A
S214042BD00000000006000000202D04000100020092
S214042BE08000000000000000070000002C2D0400F8
S214042BF00200020040000000000000000800000080
S214042C00442D0400010002008000000000000000C3
S214042C1019000000502D040003000D008000000081
S214042C200000000000000000602C04000D000000FE
S214042C30400000000000000003000000082D04000F
S214042C40010002004000000000000000190000001F
S214042C50502D040003000D0080000000000000005A
S214042C6000002001200000000800000001002001F0
S214042C7020000000000000000200200120000000E8
S214042C8000000000030020012000000000000000F7
S214042C90040042212000000000000000050042213C
S214042CA02000000000000000060042112000000082
S214042CB000000000070030012000000000000000B3
S214042CC00800300120000000FF0000000900300169
S214042CD020000000FF0000000A0041112000000050
S214042CE0000000000B00424120000000000000002D
S214042CF0004042112000000000000000FDFF2102F9
S214042D004000000002000000000021020100000054
S214042D1000000000FDFF2102000000000200000089
S214042D20FDFF210240000000020000000000300108
S214042D300000000000000000100030010100000048
S214042D4000000000FDFF210240000000010000001A
S214042D500000F00840000000942E04000100230444
S214042D60400000009C2E04000600300140000000D5
S214042D70000000000000000803000009030000062D
S214042D8003000109030040010400000104000004DC
S214042D90040001010400010404000201040002040A
S214042DA004000301040003040400040104000501F4
S214042DB005000001050000040500010105000104EA
S214042DC005000201050002040500030105000304D2
S214042DD005000401050004040500050105000601BC
S214042DE005000604050040040500410405004204ED
S214042DF006000001060001010600020108000001A9
S214042E00080001010800020108000301080004018B
S214042E100800050108000601080007011900010161
S214042E201900030119000601000307010003080145
S214042E300003090100100009001001060010020931
S214042E4000100306001006090010070900101009F8
S214042E5000101106001012090010130600101409C1
S214042E60001015060010160900104006001041094F
S214042E7000104106001042090010420603004100FB
S214042E80E10B030003004200070C0300008000006F
S214042E9000000000FFFFFFFFFFFFFFFFFFFFFFFF35
S214042EA05752495445204552523A200025706570C1
S214042EB020257820636C757320253278206174741D
S214042EC07220253278206E6F7420737570706F725E
S214042ED0746564002570696E76616C69642064614B
S214042EE07461207479706500257061747472206E44
S214042EF06F74207772697461626C65005752495426
S214042F00453A206E6F2077726974652C206A757353
S214042F10742061207465737400524541443A2061FC
S214042F2074747269627574652073697A6520746F47
S214042F306F206C6172676520666F722063616C6CCB
S214042F40657200636C6E740073727672005257007A
S214042F50524F00202052414D20200020746F6B6594
S214042F606E200065787465726E2000454E44504F9E
S214042F70494E5420257800636C7573202F2073699E
S214042F806465202F2061747472202F206D6667207C
S214042F90202F74797065286C656E292F207277202F
S214042FA02F2073746F72616765202F2064617461CB
S214042FB020287261772900253278202F202570205A
S214042FC02F20253278202F20002D2D2D2D00202F68
S214042FD02025782028257829202F202570202F20AA
S214042FE02570202F2000556E737570706F7274658F
S214042FF064004F544120524541443A2065703A25B6
S21404300078206369643A2532782061747469643A76
S214043010253278206D736B3A2578206D66636F646D
S214043020653A25327800524541443A20636C7573FC
S214043030202532782C20617474722025327820661C
S21404304061696C656420257800524541443A2063E2
S2140430506C7573202532782C2061747472202532A6
S214043060782C20646174614C656E3A2025782C2097
S2140430704F4B0028256329255825582558255825BB
S21404308058255825582558002570642C2064726FDE
S2140430907070696E67206570203078257820636CC0
S2140430A0757320307825327820636D642030782557
S2140430B0780047656E657261746564005265636581
S2140430C06976656400446973636F76657220436F3E
S2140430D06D6D616E647320726573706F6E736520B8
S2140430E028636F6D706C6574653A202563292C20FF
S2140430F02573204944733A2000307825582000521E
S2140431004541445F415454520057524954453A206D
S214043110636C7573202532782061747472202532AE
S2140431207820004641494C2025780057524954459A
S2140431303A20746F6F2073686F7274004449534367
S2140431405F4154545200257025703A20636C7573A1
S21404315020253278005F455854005376632044692E
S21404316073633A2000257057616974696E67202579
S214043170642073656320666F7220646973636F7678
S21404318065727920746F20636F6D706C657465006A
S214043190537461746520636F72726573706F6E64C6
S2140431A0696E6720746F2074686520746865207281
S2140431B0657175657374206E6F7420666F756E64C2
S2140431C00A002570636F6D706C6574652E0A0025A1
S2140431D0705365727669636520446973636F7665B8
S2140431E07279205374617465206C696D69747320F8
S2140431F0726561636865640A002570496C6C65676E
S214043200616C2062726F61646361737420616464CC
S214043210726573732C2072656D617070696E6720B9
S214043220746F2076616C6964206F6E652E0025705D
S2140432304661696C656420746F2073656E64206DE6
S2140432406174636820646973636F766572793A2083
S214043250307825780025705374617274696E67201F
S214043260646973636F7665727920666F7220636C27
S214043270757374657220307825327800257046613F
S214043280696C656420746F2073656E642073696D61
S214043290706C652064657363726970746F722072F3
S2140432A06571756573743A20307825780025704604
S2140432B061696C656420746F2073656E642049458B
S2140432C04545206164647265737320726571756523
S2140432D073743A20307825780025704661696C65E9
S2140432E06420746F2073656E64204E574B206164AF
S2140432F0647265737320726571756573743A2030F1
S214043300782578004572726F723A202570206261C3
S214043310642073696D706C6520646573637269708C
S214043320746F72206C656E6774682E0025704D6528
S214043330737361676520746F6F2073686F727400AF
S21404334025704D65737361676520746F6F207368AD
S2140433506F727420666F72206E756D2E20656E64B3
S214043360706F696E74730025704D617463682570A0
S21404337020666F756E642066726F6D203078253215
S214043380782E004572726F723A20257020696E7628
S214043390616C6964206C656E6774682028256420F7
S2140433A0213D2025642920666F7220416374697666
S2140433B06520456E64706F696E7420726573706FF5
S2140433C06E7365002570676F742061637469766533
S2140433D020455020726573706F6E736500555443B4
S2140433E02074696D653A2025642F25642F25642092
S2140433F025643A25643A2564202825347829001F54
S2140434001C1F1E1F1E1F1F1E1F1E1F28556E6B6EA1
S2140434106F776E20636C75732E205B307825327858
S2140434205D29000D0A542534783A005258206C65FC
S2140434306E2025642C2065702025782C20636C75FE
S214043440732030782532782000206D666749642022
S2140434502532780020464320257820736571202580
S2140434607820636D64202578207061796C6F6164C0
S2140434705B0007021F012F0037013F005701DF02E0
S214043480E700FF020000000000000000000000004B
S2140434900000000000000000000000000000000023
S2140434A000000000426173696300436F6C6F722012
S2140434B0436F6E74726F6C004C6576656C20436F58
S2140434C06E74726F6C004F6E2F6F6666004F6E2FB1
S2140434D06F66662053776974636820436F6E666907
S2140434E06775726174696F6E004F766572207468D2
S2140434F0652041697220426F6F746C6F6164696EF7
S21404350067005A4C4C20436F6D6D697373696F6E18
S214043510696E670000000000A43404000003000085
S214043520AA34040004000000F6CD030003000000E3
S214043530D2D2030008000000B834040006000000DD
S214043540C634040007000000CD340400190000004F
S214043550E934040005000000CECD0300001000008E
S21404356002350400FFFF00000000000025705258DA
S21404357020706B7420746F6F2073686F72743A20B7
S2140435802564203C202564002570525820706B74F6
S214043590206D616C666F726D65643A202564203C0C
S2140435A0202564002020456E61626C65640020203E
S2140435B044697361626C6564004572726F7220724E
S2140435C0657472696576696E6720696E666F2066D3
S2140435D06F72206C69627261727920494420256496
S2140435E0002573206C69627261727925732070728B
S2140435F06573656E740020204861766520526F7589
S21404360074657220537570706F7274002020456E56
S2140436106420446576696365204F6E6C79005A6948
S214043620676265652050726F0042696E64696E67F2
S21404363000536563757269747920436F726500532D
S21404364065637572697479204C696E6B204B657975
S214043650730043424B45203136334B310043424BD3
S2140436604520445341205369676E00454343004355
S214043670424B452044534120566572696679005092
S21404368061636B65742056616C6964617465005A85
S2140436904C4C0043424B45203238334B31004543B3
S2140436A043203238334B310043424B4520636F721C
S2140436B065004E4350004D756C7469206E657477D2
S2140436C06F726B00456E68616E6365642042656167
S2140436D0636F6E205265710043424B452032383387
S2140436E04B312044534120566572696679004D7506
S2140436F06C74692D50414E001E36040029360400B1
S214043700A3C60300313604003F360400A3C60300F4
S214043710523604005D3604006B3604006F3604002F
S2140437207F360400D01204008F360400933604005B
S2140437309E360400A8360400B2360400B6360400EA
S214043740C4360400D8360400EE36040060090000CF
S21404375006000A0026002A00008000000000000080
S2140437600000002F686F6D652F7068752F53696DA4
S214043770706C696369747953747564696F2F534404
S2140437804B732F6765636B6F5F73646B2F70726F19
S214043790746F636F6C2F7A69676265652F737461E3
S2140437A0636B2F73656375726974792F7A696762C0
S2140437B065652D73656375726974792D6D616E61C7
S2140437C06765722D6E6F2D7661756C742E630000BE
S2140437D0666E692B00666E69006E616E00666E69C1
S2140437E02D00000000000000000000000000F03F74
S2140437F000000000000024400000000000005940C3
S2140438000000000000408F40000000000088C34015
S21404381000000000006AF8400000000080842E418A
S21404382000000000D01263410000000084D79741D6
S2140438300000000065CDCD41020203000000000038
S2140438400000020800000000FFFFFFFFFFFFFFFF6D
S214043850FFFFFFFF00000000000000000000000063
S2140438600000000000000000000000005241494C27
S21404387000000000A0000000FD2901005000000028
S214043880DD2A0100FA04FA000033330A0A0A0304A4
S2140438900408080808080840002100000001000089
S2140438A0010100010101000000000000000000000A
S2140438B0A806000048704C0D4470D80C3070641292
S2140438C03C70AE163870340D34705A0D30700A0FD2
S2140438D02C700A0F2870DC102470F41020703E0D33
S2140438E01C7080111870F21114703A0DB110076034
S2140438F001D80A7108B87F78020C7E78641000C676
S214043900A01F00218CB8707801B007680F305CB334
S2140439100F330111C04806984A022FB006D80C711E
S21404392009DD087100B853A809BB111007680168BF
S2140439302148076004100112FF32215007605148E5
S214043940076000880698441300C4401F002103DD66
S214043950087214BA281400A000BA03DF107109DF35
S2140439600672029860058CB8507800A04413281498
S21404397041158110076002D81471108806982E1815
S21404398000C00C70084006987C1A009106986002E5
S2140439900060B83020D8067190BC637C784D541211
S2140439A0F03240DE0472404804DB08720DDD0C720F
S2140439B0044BEF3014480698FC0600C4E010084098
S2140439C04412076201322140084C287C811140D9F8
S2140439D01C72B1123032CF4A013AB1DA107208D8EA
S2140439E0067104D80871B04C237C4070684C4412AD
S2140439F0FF328722047580B8D84C81D8327140D9FA
S214043A000472237C084B0698FC0604BA88B97679B7
S214043A1000C1186008403579E049007906B904A960
S214043A2001D86E72227CBC4C307C0298320208D8D4
S214043A303C7100C14C000840141110D93071104C70
S214043A4000C11400084014111814076100C5206052
S214043A5008405415FF35047110491814A84C441234
S214043A6007620132067102981201B84C08D80C712C
S214043A7007BA24D8047106BA187004D80C7101BAAF
S214043A8040D80E7102BA0A7005BA20D8047203BA76
S214043A90227C604C4411404C181407611814911190
S214043AA0383111429111076910D90472EF3200C1FE
S214043AB00060084014111031016911422814A11144
S214043AC0076118140698621A181400C100600840AA
S214043AD014110769FF31181400C13C300840141152
S214043AE0181407611814308802480698C005009315
S214043AF008DB047101F800A05CB00F3000A0108849
S214043B00B111076980D90A7100C180000840081104
S214043B10009100A000C400010840441000A000C0AA
S214043B2020300E40041104101050F47200A05415F6
S214043B3050451271069806070698960618B87078C7
S214043B4000B841780698400390BA5B7A5C7A5D7A4E
S214043B5000C218500840241200C1501F002128112A
S214043B60069838182088008800C5441F002154157C
S214043B705112FF350762FF3206986A02015951292D
S214043B800475115900902129207506988604069814
S214043B90A2040698FA02009203D80C7281110761F7
S214043BA002D90472FF0FBA7018B8727800F804D8F5
S214043BB042710088308800C0FC1F0021041000C138
S214043BC0501F00211412012A215A00C3185008401D
S214043BD03413312A1A7500C00060084004100730F8
S214043BE0FE200C76381108B87F78020C7E78009395
S214043BF0009000A000C0F41F0021041000BB1DB4F8
S214043C0000A000C1DC1F002114111088FF3100C57C
S214043C10FFFF0000311207620762513A513B0E72F1
S214043C200698720C1159011201131E703114008883
S214043C3031100698720C1159415C41280698740C90
S214043C40513801130090012B00902088076001145E
S214043C500760FF30215D411207620762312D087646
S214043C60FF34415C4128015D31100698740CFF3026
S214043C703088011300C0E01F00210410512B0C767D
S214043C80076801150768FF356070315BFF32212B2A
S214043C900C75076001150760FF354E7000C5E41FFC
S214043CA000215415076507655112FF35FF30012BB7
S214043CB0087521100760327021100768FF30012B49
S214043CC00A75211007600760207000C2E81F0021F3
S214043CD02412211007600760FF30012B087521109D
S214043CE00768067021100760FF300093009200C139
S214043CF00060084014142C490734FE242A76141550
S214043D00F0BC076C513C076803680154107100C48A
S214043D10FF0FFFFF513C01444811311200C5E81F54
S214043D2000215415FF3507620762214354491412D3
S214043D302155FF355152281100A001D8187100886A
S214043D4000C00470084004108020FF3006710698F6
S214043D504E03009000A002D8047200A000880698C3
S214043D6096061DB428B9112C408800C3EC1F002108
S214043D70341440445A71441306982005411500C073
S214043D800060084004100730FD20447500C2087027
S214043D90084024100760FF3080DC34710698AE0CAF
S214043DA001591C4A241007600260FF300698AE0CC6
S214043DB00158B2200129541331100698AE0C11286C
S214043DC00A75042554155045EE720698200500948D
S214043DD0009000A07FB9066100C01C6008400698E9
S214043DE04A1304155153113B315558100298441385
S214043DF0EBBD00C0401F00210411113D10D9127103
S214043E00FF33076B00C190400846381118B974791F
S214043E10581000A0069860028024E4240D30047232
S214043E20044800C11C510840141100C3DC1E0021C4
S214043E30911504351A72181388BB08D804716C7B64
S214043E4004D804716A7B8CBB2F7C5B7B16703C4B5E
S214043E50181388BB08D804716F7B04D804716D7B73
S214043E60217C0C300160069882060698680B06983A
S214043E70320700B8B111076940D90672029866067F
S214043E8001BC00C20060084000DC0A71241501650C
S214043E90604A0A701C4A241507657C4A043508D90A
S214043EA020712024512A241200C180000840320CBC
S214043EB02811076228110762281107622811500C7E
S214043EC000C1381F0021141200DC1A7120D80671B4
S214043ED001B80C70F0DA0C720CDB087102B80698A4
S214043EE08A0648240449141100C380000840FFB819
S214043EF0012011410871014118130824014200C130
S214043F002000084014110141036D514191152035DC
S214043F10016D514118132813481300C37C00084050
S214043F20341003D80C71073005DC0671084B227B6D
S214043F308CB8507800B800C1381F002114120368EA
S214043F402150F0300152281100A04024066400C01D
S214043F50FFFF0100013C1DB00220015840280675F1
S214043F601EAC01EC00A0208800C0185008400412C3
S214043F701DB4211304123052F871066C402400C399
S214043F80741F0021341014110698C00C06690092A0
S214043F9011592129067600BB11590698960C80B84B
S214043FA00158013A0662313B0472215A412A00A0A4
S214043FB000C200010840317A00A0308880B9076941
S214043FC000C30000C0FF3110312800BC002D0C7562
S214043FD011541EAC01EC312DF470066C511341558E
S214043FE0312C009300A000C028400E400413315129
S214043FF007610C3107691153381000A006984A0867
S21404400000C0F41F0021041106983207217A237A8F
S21404401000C3000010000698720700C0581F002155
S2140440201DB1181000A000C0541F00211DB11810A7
S21404403000C09C1F00210410002D067500B826A899
S2140440400698060700C09C1F00210410012C067564
S2140440500698960628B010B9115911380EB91140B1
S21404406028A880B800C144300840081100C1F01FD9
S21404407000211410303B06710760076000C4083046
S214044080084044111150FF30015118146FB80768E6
S21404409026A8217A050C21102048267800C063EF54
S2140440A00000314026A8050C20ECB11140D9087256
S2140440B0247A20EC217A184826A828B00AB9015197
S2140440C00F31115028A8050C207A20EC0F0C98B854
S2140440D04678417806986A0200C2441F00212410DC
S2140440E00151FF311150081200A006984A0800B882
S2140440F026A800C05C1F00211DB1181000A030B80F
S21404410040780DB101D9FC72427800C074300E407C
S21404411004114CBA407A1810144804115C7A18102A
S214044120A4BB707B4E7B4F7B00C20430084000A0CB
S21404413006984A08217A227A00BB0698720700C0BD
S214044140681F00211DB11810A4BB00C040300E40EB
S2140441500411033101492872B1120762076230481C
S214044160041121510F3118726E7B6F7B10480411B5
S2140441704CBA7C7A181014480411607A1810B110DE
S21404418002D81071707B30B8627860780DB001D8B0
S214044190FC7100C0F8600840041101D90C7100C01D
S2140441A01800084002B9181008B86E780EB84EB158
S2140441B010D90C723EA8140C0FB83EA8107044A870
S2140441C0140C01B800C1B0300E40081100C077804E
S2140441D01F003DB201423DAA00C0FFFFFFFC013AAA
S2140441E03DAA140C00C077E01F0001423DAAFFB8A8
S2140441F045207D7808B87E7800C1246008401411F4
S21404420007610631087100B906985A1006984A13D1
S214044210B11101D90E710698881A02D90672069849
S214044220AE0B06984413511406989606F4B84578CF
S2140442300A0C00C0641F00211DB118100298341027
S214044240FFB845205D7803B8076044A83EA800C1BF
S214044250B0300E40081110B807683DB101393DA9C9
S21404426008B86F7800A046A800C0FFFF0000013B16
S214044270076356AB94BA437A01D91471013C47B329
S21404428000C0FE20FFFF013B314447AC637AFFB811
S2140442902120407802D90471607800A0C8BC066C5E
S2140442A0415C512C06750698960606986E0DB1105C
S2140442B0076805D8347140BA06981A1308B86578A2
S2140442C0911004D8187188B86E78577800C06400C6
S2140442D0084021780698821001400A728CB8427809
S2140442E0069856130298400B08B86C7820B859788C
S2140442F05B7800C0F44008407878797800C1C81F1D
S2140443000021141040A818491413044940881414B2
S2140443100C4914118112076A006A01DA187188B808
S214044320577800C0CC1F002104100161076307639F
S214044330076407640698B20900944EB010D8427217
S2140443404DB161B80158113840B102D90A726048BB
S21404435004BB41540870204802BB02BC4DA8F8B800
S2140443607078190C3EB141413EA9F4B9737973785B
S214044370717800C4F840084000C20041084022702A
S21404438000C20000010044AA230C00C200000B0077
S21404439044AA00C41041084000C21841084004BBA7
S2140443A0587C050C597C0C240F0C2FAB050CB11053
S2140443B008D81471647A657A1CB879787B7820B842
S2140443C079787B78607CF42441130698FC065114B3
S2140443D04044067506989606727BFFB84D20050C79
S2140443E0687840EC00C0601F00211DB118109110C1
S2140443F004D8147100C0BC1E0021041080D80671B5
S2140444001CB8737800F818B800C1D81E002100C282
S2140444101850084024122811767800F800C0B860B6
S214044420084004110761076180D9047240EC00C497
S214044430F84008404EB010D80471182441130C23D9
S214044440527C407B11512FA9050C797C0A0C00C0C4
S214044450000001020814787C050C507C08B86D78BE
S21404446000A000C0287008400411108800C100187D
S2140444700040181044480411108878480411108825
S21404448000884CBA757A18103DB11088F4B8427892
S2140444904420727828487378F8B873784FB200C40A
S2140444A0FFFF8080413A4FAA01BC016441130763B1
S2140444B000C06C70084003B918100110011001B94F
S2140444C0181001100110011001106848041107614A
S2140444D001B80160003A0471044904D904724152D7
S2140444E00760003A0471084908D90472315204601E
S2140444F0003B0E7200630064314241424FAAB27020
S2140445004FAAF8B853781820537828485278009160
S2140445103DA9009000911810009178481810009159
S2140445204448181000A0115910D906710760076096
S21404453008D90471076004D90471036002D90471B0
S214044540016001D90471006000A000BA01D80671A8
S2140445500148112A0069006001D8F6720138F67223
S21404456000A08020FF30FF48812000A000C2185021
S2140445700840241211592129127300210E7100C219
S2140445803050084024120121212900A006984A0828
S21404459088B8577800C57C1F00215088044D88BC15
S2140445A000C0C81E0021811101D91E71407C0095EF
S2140445B00115044D50881C4DFFBB076B315B04117D
S2140445C00698B80C3129F875069876195415069885
S2140445D0881A01D9087206987C0806700698DE08C0
S2140445E088BB547B009500F806988C090E700698D4
S2140445F0680B06988C09069860110698360891127E
S214044600211900C0246008400A78097800F810B917
S21404461001BA069810130698341000C57C1F0021B2
S21404462000F89112033288B900C3BC1E002134136B
S21404463000C4A81008408CB84278707903DE06716E
S21404464044786E707179A11020D806710298160FFE
S21404465080DB507102D84C7205B830880763076354
S21404466002DB2A7100C3AC0008403413066380DB07
S2140446700472804800C3102008403413315B04726F
S214044680404831283128026008140768009308144B
S214044690A11010300248081400B8081491100760DE
S2140446A008148CB86278A11000DC0676517900BA3A
S2140446B080DB587100C000000200003B4E71508839
S2140446C04110344803DE0471904804150820041190
S2140446D0F82058101C2021780698AE0E00C0A400BE
S2140446E008400E7810D91C7151451A7100C5340063
S2140446F0084407B8081500C53400084604B8081569
S21404470004702E780698741600959111203102696B
S214044710911004D80E7200C14C1F0021141101D947
S2140447200A71208806985A10009200C118000840A2
S2140447300533054B1872184C03DE0471904C441470
S21404474000C3FF1F0000413BFF233811B849076A26
S2140447500698A20E04490879097914102140081114
S21404476000A000C5540008405415514550711088E7
S21404477000C13400084407B8081101B83088076B34
S21404478040DB247100C0370C00000811364800C511
S214044790D01E0021541102D90E72104801D9087196
S2140447A000C01104000000C134000846081100C10E
S2140447B034000840141530350093009100A000BD65
S2140447C00698440210B903DC047100B901BA0698CD
S2140447D0101302D9067100404E7201B107690F31F9
S2140447E006988210FFD82872811008D8187106DD42
S2140447F00A710698440203DC0C720698C8100698E0
S21404480056130C7006DD10710698CE10487020B84A
S21404481002A806DD107206988C090698360801F878
S21404482040B802A800F800C0BC1E002104130763A9
S21404483001DB227191100111076911388CB910D867
S214044840087144790298160F02DBFA72A11328DB6A
S214044850F47203BD0698281006988C098CBA7F7AE1
S2140448600698FC0600C5801F00210698440200BA7C
S21404487003DC3272044DA11002D804710C4D00C042
S214044880140008400410026800C3701F002134118D
S2140448901128FC2334110698960C00C10C510840CC
S2140448A00698B2065415212D00C0F860084004117D
S2140448B001D9227100C03C1F00210410033001DC22
S2140448C0147200C0140008400411FD21087602BAD0
S2140448D0076A212D069848070298E80991100155A1
S2140448E003355150011900A000C1481F00211410BF
S2140448F001D8427101480760FE200E75811020D849
S214044900087100C14C1F0021141101D9287100C080
S214044910246008400412215107610F3107691152BF
S214044920281000C000600840041191122151203163
S2140449301152211900A0811380DB067201B800A071
S21404494000C30C5008403410063030727C4B3412CE
S2140449502C4B34100760076040302072811080D8DA
S214044960DC713410014A07620360803021508C48A1
S2140449700A717F2355233410013000A000BD069829
S214044980281088B847784578437800B8447800A05B
S21404499006988C090698C81000C58C1F002154156B
S2140449A0069848070298E80900C374000840027B8A
S2140449B006984A1350BA06981A1306988210FFD817
S2140449C04A71911004D84872811007601CD840724E
S2140449D020D938721112FF3221513471802180217E
S2140449E0111400C0E41E00210413FFBA3151113A19
S2140449F0215111538CB938107B7940440E7200B99A
S214044A0000C2C41E00211812067008B86078069802
S214044A10441300F800B900C29C1008401812244A37
S214044A200AB9181288BA507A517A577A8CB94279E8
S214044A305F7900A00698440207DC107291100020EB
S214044A400A75069860110298660D0698360801B92C
S214044A50911004D8047100B910BA0698101300BA5D
S214044A6000402A7100C0BC1E00210411076101D950
S214044A70127104D9E2728110076001D8DA718CB819
S214044A80647800C11C5108400698B2060698601166
S214044A9000C5901F00215415212D06987C0800C5DA
S214044AA0941F002100F800BC811108D9167280D921
S214044AB0207201B910BA0698101300400E7101BC9A
S214044AC010700698C8100698561320B802A800F866
S214044AD00698601181110231127100B900C20C10DF
S214044AE008401812244A02B918120698C81000C5BD
S214044AF0981F002154150698001A0298E809041114
S214044B000121147188BA737A04200412281104202F
S214044B1004110121F47200A00698FC0601F8911015
S214044B2010D8347106984003069886040698A204A2
S214044B3000C51C51084054110698B80C00C5D41E74
S214044B40002154155129E27518B875788CB8447844
S214044B5001B802A800F8B110076810D82E7100C07A
S214044B604810084000C3000008403114884C441123
S214044B703411076101D9FA7144122810076228100B
S214044B800762281007622810E87000C1BC1E0021C6
S214044B90141080D82C7100C154000840141111411F
S214044BA0207100C1000002401038167100C03400A5
S214044BB0084407B9181000C03400084601B9181094
S214044BC002987A020698600211380472016A00BBE1
S214044BD000C1E41E0021141120390C72911210DA5F
S214044BE00672417B00A006984A1300C2BC1E002130
S214044BF0241220DA0472617B88BA527A00A088BA3A
S214044C00727A811204DAFC7200A088B86B7857783E
S214044C1000C0640008402F7800A006986E10076352
S214044C20076390B9637900B902DB36713112076203
S214044C3040DA2E7200C2540008402410014022724A
S214044C4002EC00C909B801D9507200C2AC00084091
S214044C500E7A10D904722E7A06987416E03107611B
S214044C6002EC00CD114502EC00CC01DB087100BB60
S214044C700298CA1703B841110731FA211C76062197
S214044C80911210DA087102DD10721E7020B80698B0
S214044C90720C3038147208B80698820600C02400D5
S214044CA008402978207800F8046020D80671029815
S214044CB02C1502EC00CA05B823DA187104DBDA7185
S214044CC020DAD67110DAD27290B8617800B801DAB8
S214044CD0067202EC00C8911110D9267100C1CC1ED0
S214044CE0002114111150FF300C720661A1101150EE
S214044CF002300A7180DB0A720AB89E708CB97C791D
S214044D000768911111402111C0311140011990B862
S214044D10411108D90471667820D904726578A11007
S214044D2002D80672C0DA1E7190B8273123DD0872E5
S214044D3010DB1072607825DD0A7121DD087208DB4D
S214044D400471627803B8411107310872A115203541
S214044D50AA7102DD3272A11120D9A07102D928727B
S214044D60CCDA9872411140D9927206B802DB1071FF
S214044D70046500C1102008401411112D112D054D95
S214044D805C720298BA1321114049C0D94E71A03101
S214044D9041154035016551410361076308DA1E7207
S214044DA004DA38721049A1150235067110DB0E724A
S214044DB001340A7108DB247190B86778CC3211107C
S214044DC01A300ADC0872CCDE0471FD3100C00D0F07
S214044DD00C0D0698740C01D8607207B80298E41398
S214044DE000BA411108D90C7102EC00CA05B830DAD1
S214044DF0EC720734F031026101DA0471014900C033
S214044E00F300A3E30698740C01D8D07100C098147C
S214044E1040680698740C4030014440DA0471204C13
S214044E2004320162204A111006300068014218312B
S214044E300269114202980214204A00C0051708505D
S214044E400698740C113001422088FFBB0DDA5071AD
S214044E5000C1DE1B250180BC04DA107208DA0A726F
S214044E6000C120841000E024A024076341430164A9
S214044E7001DA06711E49024B00C02C1F002107638D
S214044E803810BC2002DA127101B91159A11380DB63
S214044E90087100C100FCFF0118100298561700C4E0
S214044EA0BC1E0021441080D87C710092D0DA0671B2
S214044EB00DDA0C7190BD437DEFBD06983E05036286
S214044EC00DDA8672A11105D95C7100C2381008404B
S214044ED024120C24281401D9067202D9327140D93E
S214044EE01E7102EC00CA211018320471FA2220D86E
S214044EF004720822FE22087502EC00C8F87001D974
S214044F000E7102EC00C802D9067204DC187200C0E6
S214044F10BC1E00210410026801D8067190B864789B
S214044F2018B873780298CA1700C50020084000C055
S214044F300417000008D904720A480815104D00B872
S214044F4008D90472FF200815084D00C00884000024
S214044F5008D9087200C02083B8ED0815104D207DCE
S214044F6000A000B8011A00C074000840027891102E
S214044F701030011905BA06981A1302D9067101B839
S214044F8002A800C0BC1E0021041380DB0671029830
S214044F9066138CBA7C7A01DB6C7100C2301F002168
S214044FA024111114FF3402EC00C8FF24FA760761BA
S214044FB00698820C036111380F3003611114011135
S214044FC041100698820C01D8087203B80298E413BC
S214044FD0044A02DB2471241011281128041202301A
S214044FE006710762076200C0FFFF0000213800C296
S214044FF018000840FF200812411007600698820C2B
S21404500001D87C7120BC1033767100BB00C12C1F04
S21404501000211415C021112C5112076A0F320E718B
S214045020408851140698FA174143009451120765B4
S214045030036A0F320E71411151140698FA17036C65
S21404504041430765513B00C1E81E002114111112AB
S21404505031100F30127100BA046101D80471114284
S21404506000600FD8F472311002601E30047201B86A
S214045070003A087204B80298E4130298EA1500C0CD
S214045080381F002104110F3103DD1A7200C00060BE
S2140450900840041007D80E7200C01040084004B937
S2140450A0181000F806986E1006983C0500F830882C
S2140450B05088FF34087102ECFF24F87002EC00CD2F
S2140450C0141001BB5150FFD8047131440760006BC3
S2140450D010DBF2710421FF22E4720F4C009500935A
S2140450E000A000C1C01E0021141100A0308806983C
S2140450F0381A8111076102D906720298141988BBFE
S214045100557B076120D90671029804190088A110FE
S214045110076806982E1808211415FC2590BB5C7B9E
S2140451205D7B00C10060084014110731FE21307613
S21404513008D82A725113FC23341304DB2071076B3E
S214045140FF33315B00C108700840141107618049C1
S2140451500C71FF313029547590BB7B7B10707B7BC0
S2140451607C7B00DD04717D7B01BB3815EC25541374
S21404517000DF5471042505DF54715415211120886D
S2140451800698B80C009251293E7500C1006008408C
S214045190141102DB0C710731315B31292A760C704D
S2140451A004DF0872006180D91E7206982E1800C0AB
S2140451B00870084006987C1A06982E181411FFD911
S2140451C0607202985A190090009300A05415A11119
S2140451D0076910D9A672082508D8A071082510D822
S2140451E09A71208821110698B80CFC255412112AAD
S2140451F0F82554110C2520D80871F02554111025D3
S214045200202904762159181500920298C61818B950
S2140452107179811010D80A7188B8447800B841783A
S21404522088B9747908B9677900F88110A0D808712C
S21404523088B9497900A0076002D8FA7106982E1832
S214045240108806984A130762076210DA0871082164
S2140452501415F025541100C20020FEFF20291275F3
S2140452600698881A01D90A7206988C090698360890
S21404527000941CBB41100C2006984A1241110821C8
S214045280141006984A123128441111120761FF318E
S214045290FF320122105210720769181404244413B2
S2140452A0042438140C7007692141181408240814BF
S2140452B0029844134044147100C1C41E00211415FE
S2140452C05113036B0FDB0C72066D06980607411527
S2140452D000A00698360806984A1308BB5114069888
S2140452E0C0194415FC2554150298480788B900C30C
S2140452F0BC1E00213413076308DB1A718113A0DB7C
S2140453000671497910706979076302DB087208B977
S214045310677900F800A08111076102D9107188B975
S214045320757906982E181411FF3100A0FFB900A055
S214045330041008211411F421081100A0811107613A
S214045340076110310E7106982E1808211411F821E1
S214045350141100A01D620100D5610100E161010085
S214045360B5620100373F0300674203006B42030047
S214045370774203006F4203007342030000000000FC
S2140453804801000078170020945304000000000031
S214045390000000005054040000000000AC53040059
S2140453A0010000000000000000000000D0530400CC
S2140453B04063598F404B4C000B000B001A00FF7FD4
S2140453C06C12002000000000000000000000000036
S2140453D0F81F0101F4550400DC1F040102006206F4
S2140453E009C805780704DC0678070607F41F0101D8
S2140453F001000000FC1F010100000000380002004C
S21404540000000000000000002C6002000050010FA5
S21404541040B80040786001005063820BE8600100E9
S214045420590B00001470011000F8070014700130C6
S214045430F5000000187001000018000070700300EA
S214045440030101000F9C030006E04900FFFFFFFF75
S214045450F01F01013F003700040002000180140021
S2140454607F0000001800020000000000000000009A
S21404547028000400000000000000000000000000F7
S2140454800000000040000100A007000048000100E2
S21404549000000000540002000000000000000000AD
S2140454A0A000040000400000FF4C00000041000083
S2140454B0FF4D00000020010004070000102001003A
S2140454C000000000182001000884000008300100D5
S2140454D013AC000130300200244910000100000023
S2140454E04030010000000000A04001007A27000FB1
S2140454F0B840010000C0A300F440010020100000E2
S2140455003441020080080000E687000040410200A3
S2140455106D008800C0E6524D6041040000000000A3
S21404552000000000060000000600000014600600EC
S2140455301000000020F913040B00720060700000D5
S214045540008000000000000350600600FC006900B4
S2140455504108000001000000B0070700700A0000C0
S214045560000000007C600B009BC34A74F00300003C
S21404557003800000BE0A00000101103050707F7FD7
S2140455800000000000000000000000000000000012
S21404559000000000E46001008000D78BEC6005008A
S2140455A0640483078813C83A9C2006000061200020
S2140455B0B756852004610300383E120020300000F0
S2140455C088BB000020610100001E00001C7005005E
S2140455D060000505030050AB820000000000800157
S2140455E0D5000000487002003C3D0000BC190000D5
S2140455F0FFFFFFFF0D000000D7540300000000006B
S214045600485604004056040000000000001A9A00A1
S214045610005A620280841E0004200000244900020E
S2140456200000000000000000000000000000000071
S21404563000000000D1841E000000000000000000EE
S214045640ED17000000000000193F010604100100D9
S21404565000010106001027000009000000000000F9
S21404566000006C6F7765722D6D61632D7261696CD5
S2140456702D3830322E31352E342E63006C6962722A
S21404568061696C2E610000010304756E636C6169C8
S2140456906D6564006275666665722D6D616E616720
S2140456A0656D656E742E63006C65676163792D7035
S2140456B061636B65742D6275666665722E6300653C
S2140456C076656E742D71756575652E63000007002A
S2140456D0100008001A000600110002001100040061
S2140456E0040001000400090008000A000A000B0078
S2140456F00200000000000000E4580400855804007E
S21404570000000000E5580400CF3704000000000045
S2140457105D3704005F3704000000000061370400B2
S2140457205D580400FA5804001F5904005E3704004C
S21404573000000000623704004C5704005A37040087
S2140457405C370400603704005B370400000203047F
S2140457500508090A0B0001020304051D20000000C9
S21404576007050100AA00000065800200A99D01004B
S21404577095D00100BDB10200A5D30100D14F0300AE
S214045780D34F0300D74F0300D94F0300D54F030070
S2140457907D4902006D20020015680200659B010029
S2140457A0CDBD0100CD4F0300D9240200199F02008D
S2140457B041B20100CF4F030051C40200D9AC02002D
S2140457C00D050300000000007A69676265652D75A3
S2140457D0707065722D6D61632E63006E656967680F
S2140457E0626F722E63006173736F63696174696FAD
S2140457F06E2E63000013000000000000000000008E
S2140458000000000001000000B128020002000000B1
S21404581037610300030000000928020004000000AA
S214045820B160030005000000A92702000000000084
S214045830000000000023001B2200FF000000000000
S2140458400C090202000000001C1A0B0303FF0608E2
S2140458500402020204020A0B030302030480FF028A
S21404586004FF0101010108000000000000000031EF
S21404587038323173005A6967426565416C6C6961F8
S2140458806E63653039803131313100313432323132
S214045890003132310032730031323231313200326B
S2140458A0383100383131003138323131003132315B
S2140458B031313231323232317300313231313232B7
S2140458C03100323238000000183810300000000072
S2140458D000008F8E8C80726F7574652D7461626C97
S2140458E0652E630081815A6967426565416C6C69FF
S2140458F0616E6365303906080C10806D61632D6D2A
S214045900756C74692D6E6574776F726B2E63000008
S214045910FFFFFFFFFFFFFFFFFFFF38343132008039
S21404592000000000000000003231323231313134E0
S214045930003131313234383131323231310038319C
S214045940323231313100383147003132323232327C
S21404595032323200383200383131320038313132A6
S214045960320010270F51421B390F390F1C00060056
S2140459700A0026002A00008050684C6900000000D7
S214045980434C534E000000000020202020202020FE
S21404599020202828282828202020202020202020D6
S2140459A020202020202020202088101010101010E6
S2140459B01010101010101010100404040404040432
S2140459C004040410101010101010414141414141CC
S2140459D001010101010101010101010101010101AE
S2140459E001010101101010101010424242424242BE
S2140459F0020202020202020202020202020202027E
S214045A000202020210101010200000000000000025
S214045A10000000000000000000000000000000007D
S214045A20000000000000000000000000000000006D
S214045A30000000000000000000000000000000005D
S214045A40000000000000000000000000000000004D
S214045A50000000000000000000000000000000003D
S214045A60000000000000000000000000000000002D
S214045A70000000000000000000000000000000001D
S210045A8000000000000000000000000011
S20C045A8C54AFFB7F010000008B
S210045A94A05A04009810002074010000C2
S214045AA0000000000000000068B00300D0190020C9
S214045AB0E01C00200200000061100000000000004E
S214045AC0000000001CD7030034D70300D7C6030029
S214045AD0A3C60300FE000000C0EA2101C0EA2101BB
S214045AE00080000000F04902E410002000700F005F
S214045AF0009000008C200020C8000000FE0000007B
S214045B0000000000ECDF030068160020C0EA210154
S214045B1060F1030033000000319A0000D30504004E
S214045B20D7050400E4050400F1050400FE0504009E
S214045B300B0604001E060400300604003D0604009E
S214045B404A060400570604006C0604007F06040098
S214045B5091060400A6060400B5060400C606040062
S214045B60D5060400E5060400F1060400FE0604005B
S214045B700E070400200704002F0704003E07040055
S214045B80470704005C070400710704008607040046
S214045B90A6070400B4070400D3070400EE070400B5
S214045BA0010804000E080400230804003208040058
S214045BB0410804005308040065080400780804003B
S214045BC08B080400000000000F0000000030E7040B
S214045BD000C81803241204002912040054120400F6
S214045BE082120400B0120400DD1204000D13040037
S214045BF03D1304008D130400005C2605F8110020F4
S214045C0007000000BCC503000000000001000300FC
S214045C1000000000802A0020010019000100000096
S214045C20602A00200200030000000000402A002032
S214045C300200190001000000202A00209F3C0300F7
S214045C409B3C0300FFFFFFFFED3C0100FFFFFFFF4F
S214045C50FFFFFFFFFFFFFFFFFFFFFFFF8151010074
S214045C60FFFFFFFF693E0300C34203007C530400AA
S214045C70FFFFFFFFFFFFFFFF0000000064000000BF
S214045C8020A1070000000000498601000000000073
S214045C901C4D002000000000D83B0020C5830100F6
S214045CA0EDAF0100A3C603000000000000000000E2
S214045CB00000000000000000D83B002021910100F5
S214045CC000000000A3C6030000000000000000005F
S214045CD000000000000000008B490300D83B0020B1
S214045CE0CD9B0100EDAF0100A3C603000000000039
S214045CF0000000000000000000000000D83B002068
S214045D00B5A40100EDAF0100A3C603000000000027
S214045D100000000000000000000000008A56040096
S214045D20D83B0020D5C9010000000000A3C603002C
S214045D30000000000000000000000000000000005A
S214045D40D83B002049CF010000000000A3C6030092
S214045D50000000000000000000000000000000003A
S214045D60D83B0020A9E3010000000000A3C60300FE
S214045D70000000000000000000000000000000001A
S214045D80B80B0000D83B00201DE90100000000000D
S214045D90A3C603000000000000000000000000008E
S214045DA000000000D83B0020BDF401000000000005
S214045DB0A3C603000000000000000000000000006E
S214045DC000000000D83B002075F60100000000002B
S214045DD0A3C603000000000000000000000000004E
S214045DE000000000D83B00208F560300000000008F
S214045DF0A3C603000000000000000000000000002E
S214045E0000000000D83B002091FC010000000000C8
S214045E10A3C603000000000000000000000000000D
S214045E2000000000D83B0020B5020200000000007D
S214045E30A3C60300000000000000000000000000ED
S214045E4000000000D83B00205B6303000000000055
S214045E50A3C60300000000000000000000000000CD
S214045E6000000000D83B0020C567020000000000C8
S214045E70A3C60300000000000000000000000000AD
S214045E8000000000D83B0020897F020000000000CC
S214045E90A3C603000000000000000000000000008D
S214045EA000000000D83B002039A9020000000000D2
S214045EB0A3C603000000000000000000000000006D
S214045EC000000000D83B00208DB202000000000055
S214045ED0A3C603000000000000000000000000004D
S214045EE000000000D83B002009BA020000000000B1
S214045EF0A3C603000000000000000000000000002D
S214045F0000000000D83B0020B5BD020000000000E1
S214045F10A3C603000000000000000000000000000C
S214045F200000000020150020000000008C3C00202B
S214045F30F43C00205C3D002000000000000000004F
S214045F400000000000000000000000000000000048
S214045F500000000000000000000000000000000038
S214045F600000000000000000000000000000000028
S214045F70000000000000000005070200000000000A
S214045F8005060200FFFFFFFFCEFAEFBEFDFFFFFF90
S214045F9004002C01001E2C0140061027FFFF0E00F3
S214045FA00000000004F8FFFFFDFF2C019C00000029
S214045FB0FFFFFDFFFFFFFFFF60EA8000800010C1C7
S214045FC0CDAB00004000FFFF0504010101FFFFFF09
S214045FD0FFFFFFFFFFFFFFFFFFFFFFFFFFFFFFFFC8
S214045FE0FFFFFFFFFFFFFFFFFFFFFFFFFF01FF05B0
S214045FF001FFFF0201FF01D80F010208031E060578
S214046000021601010A0C050A07051010010F080400
S2140460101001060101040301FF0EFE01FF7F01507B
S214046020403000FFFFFF0B03FF64FF01FF050B0179
S21404603001FF03010305020201FFFFFFFFFFFFFF4D
S214046040FF010102FFFFFF40FF01FF01FF00000008
S21404605030BF4223013BFDD1024A5368DB00FCD427
S214046060704700BF00300E40BD09000095090000CF
S8040017558F
