S00E00005A334C696768742E73333761
S214000000001000209D19000001610000056100003D
S2140000106F5F030009610000116100006F5F03005D
S2140000206F5F03006F5F03006F5F03006F5F030087
S21400003015610000C47E04006F5F03006F5F03005D
S2140000406F5F03006DBA01006F5F03006F5F030010
S214000050ADB201000FC403000BC403008DBA01004B
S21400006003C4030029210000892200006F5F0300FB
S214000070891100003D5503006F5F03006F5F0300AA
S2140000806F5F03006F5F0300A52200006F5F030031
S2140000906F5F03006F5F03006F5F03006F5F030017
S2140000A06F5F03006F5F03006F5F03006F5F030007
S2140000B0C1BA010007C403004D730000FDBA010079
S2140000C06F5F030025DE01006F5F03006F5F0300B4
S2140000D06F5F03006F5F03006F5F03006F5F0300D7
S2140000E06F5F03006F5F03006F5F03006F5F0300C7
S2140000F06F5F03006F5F03006F5F03006F5F0300B7
S2140001006F5F03006F5F03006F5F03000000000077
S214000110013800D0FCE770472DE9F04FC9B00DF16B
S2140001201B094FF0FD0B08AFCDF80C90CDF808B0CA
S21400013001979A469DF85031059303890093837979
S21400014004460E46904641888288407814F044FA69
S214000150054650B10090A38862883B49002014F001
S214000160A1FD284649B0BDE8F08F99F8000039F0A7
S214000170BFFA38B12846A3886288344914F092FD45
S2140001808D25EEE75A4699F80000394639F07FFA91
S2140001908346002851D0529B1BB1BDF84C31984283
S2140001A04BD899F80090A9F141020023012A079341
S2140001B05FFA8BF123D80139254ADFF89CC05FFA35
S2140001C081FE3846734513DB059B07920421C3B9AD
S2140001D007AF2048182202FB06049FED197B204635
S2140001E00A460830394684ED027B3FF05BFF11E09B
S2140001F010F8011F51400CFB01F20133E2E7059BAA
S21400020033B1009623464A4638460FF069FBA8E706
S2140002100829DED9B8F1000F01D088F80090BAF1AD
S214000220000F01D0AAF800B0529B002B99D05A4676
S21400023008A918463FF036FF93E7012591E700BF6F
S2140002400000000000000000CFBE040000BF040055
S214000250C59D1C815017002093010001000000007E
S2140002602DE9F04F93B0CDE90A329DED1C7BDDE918
S2140002701E530E9353EC172BCDE908011046194672
S2140002808DED067B209E34F0E7FC80B1DDE90601AB
S214000290C94B4FF0FF3234F007FD40B9DDE90601E7
S2140002A04FF0FF326FF4801334F0E0FC80B10E9B09
S2140002B02096CDE91E539DED067BDDE90A32DDE989
S2140002C008018DED1C7B13B0BDE8F04F00F08CB933
S2140002D0DDE906010022002334F0C8FC002800F007
S2140002E03681DDE906A303F1004BCBF30A5016F482
S2140002F08063A0F2FF3008BF06250F9334F0DAF9CA
S2140003009DA3D3E9002334F03FFA9DA3D3E900234D
S21400031034F084F8CBF31304894644F07F518046CA
S214000320A64B0022504641F4401134F075F896A3CF
S214000330D3E9002334F028FA02460B4640464946E5
S21400034034F06CF834F0BAFC044634F0B3F990A3F9
S214000350D3E900238046894634F016FA984B0022EB
S21400036034F05CF834F0AAFC8BA3D3E900230746EC
S2140003704946404634F008FA80463846894634F006
S21400038099F987A3D3E9002334F0FEF902460B4619
S2140003904046494634F040F802460B46CDE90C2369
S2140003A034F0F2F9DDE90C238046894610461946FA
S2140003B034F034F8834BCDE910010022404649461C
S2140003C034F00CFB804B002234F028F802460B4633
S2140003D04046494634F002FB7C4B002234F01EF8BF
S2140003E002460B464046494634F0F8FADDE90C234F
S2140003F08046894600204FF0804134F00DF80246D2
S2140004000B464046494634F009F802460B46DDE9FD
S214000410100134F0E3FA07F2FF376D4B002233F099
S214000420FDFF00223B0534F0AFF952465B4680469E
S214000430894634F039FC002840F08C80CDE90C89E0
S21400044004F16303C72B34BF0427052731051ED5E7
S21400045055A3D3E900235046594634F01BFC002828
S21400046000F0828052A3D3E900235046594634F068
S214000470FDFB002878D0A542C8BF2C1B4FF0000714
S214000480CCBF04F1FF35002546F480663C460E9B43
S2140004909F4234BFA3EB07084FF0000816F002098E
S2140004A003D0002F18BF4FF000083CB15046594605
S2140004B0DDE90C2334F092FA82468B46DDE906012C
S2140004C00022002334F0D2FB10B10BF100439B4610
S2140004D026F40063CDE90383CDE900ABDDE90A32FB
S2140004E0DDE90801029500F07FF802465FB316F0DA
S2140004F0200F00F10105DDE909130CBF652045203A
S214000500089EB0470523059300220A23002CCDE958
S214000510023207F1FF374FEAD473B8BF6442019343
S2140005202A46DDE908010A9B049700943BF06DF823
S2140005300246B9F1000F06D00B9BC41A0B9B1A1982
S2140005400E9BA34246D8104613B0BDE8F08FDDE9F7
S21400055006ABCAE61C4B00224046494634F03EFA3B
S214000560013CCDE90C016BE7002D90D00F9B002BD2
S2140005708DD0013D8BE700BFFB799F501344D33FDE
S214000580B3C8608B288AC63F61436F63A787D23F94
S21400059071A379094F930A401655B5BBB16B02405B
S2140005A0EF39FAFE422EE63F2D431CEBE2361A3FA9
S2140005B00000000080842E41FFFFEF7F0000F83F20
S2140005C00000E03F00002C400000244000001840DF
S2140005D00000F03FDDE90913089D2020A8470134FC
S2140005E0ACE700BF000000002DE9F04F97B0DDE952
S2140005F020ABCDE90501CDE90723504652465B46C0
S2140006005946DDE92257249E34F026FB70B90323B1
S214000610CDE922762193B44B2093DDE90501DDE98F
S214000620072317B0BDE8F04F3AF00FBF4FF0FF3288
S2140006306FF480135046594634F018FB28B1042353
S2140006402193CDE92276A94BE6E7A94B4FF0FF327E
S2140006505046594634F028FB68B1A64A06F0040313
S214000660002B08BF0322A44B1CBF13460422CDE96F
S21400067022762192D0E798A3D3E900235046594624
S21400068034F012FB38B996A3D3E9002350465946F6
S21400069034F0ECFA68B1DDE90723DDE90501CDE9C0
S2140006A02376CDE920AB229517B0BDE8F04FFFF7D3
S2140006B0D7BD002200235046594634F0D7FA00280A
S2140006C000F09A805B4652460020002133F0A4FEDC
S2140006D0012382468B46099316F4806400F08E80D0
S2140006E0092D40F28E800EABA5F1090200243021C0
S2140006F00134202C03F8011BA5EB040901D0944219
S214000700F6D15946504634F0D9FA7C4B03EBC90370
S21400071093ED007B05468DED0A7B33F0CBFF02465A
S2140007200B465046594633F077FEDDE90A2334F08F
S2140007302BF802460B46CDE90C2334F0E7FA804648
S21400074033F0A8FF02460B46DDE90C0133F064FEE9
S21400075002460B46CDE90C23694B002234F0A4FA7E
S214000760002851D008F10108404633F093FF0246B6
S2140007700B46DDE90A0134F083FA10B101354FF07B
S2140007800008B9F1000F50D1284633F093FF024617
S2140007900B465046594633F03FFE594B00228046E2
S2140007A0894634F063FA30B1554B0022404649463C
S2140007B034F07AFA10B1E80700D501350EAB1A19F5
S2140007C00A21202C0AD095FBF1F001FB105530359C
S2140007D002F8015B013405460028F2D106F0030258
S2140007E0012A5FD1002F5DD0099A12B916F00C0FBE
S2140007F000D0013F302244E009906DE74FF0060933
S2140008007FE7A94600247CE7DDE90C013C4B00228B
S21400081034F02CFA0028B4D1B8F1000F02D018F04A
S214000820010FAED008F10108ABE70EAB23440A2156
S214000830202C0DD0B8FBF1F001FB10823032B8F15D
S214000840090F03F8012B09F1FF3904F1010411D84F
S214000850A1440EAA3021202CB0D0A14504F10103FA
S2140008600AD11C4609F158030DEB03092E2309F89B
S214000870203CA3E78046DBE7A1541C46EBE71A556D
S2140008800134A7420ED9202CF9D1CDE90034CDE9A8
S2140008900276DDE90723DDE905013AF0D6FD17B05B
S2140008A0BDE8F08F202CF0D0099A3AB104F1580236
S2140008B06A442D2102F8201C0134E6E7710704D5AE
S2140008C004F158026A442B21F4E73207DDD504F11F
S2140008D058026A442021EDE70000000065CDCD41B6
S2140008E00000000065CDCDC195EC040099EC040035
S2140008F0FFFFEF7F8CEC040091EC0400A0EC0400FA
S2140009000000E03F0000000070B58EB02C220021F1
S21400091003A83FF019FC64234FF00232CDE905230B
S21400092008930B238DF83430514B1B880121D807D0
S2140009308DF8101000F1968008461EF093FE4D4B81
S2140009404D494E484E4C0A221A704FF42873ADF8A3
S21400095012301CF035FD206020B94A4840F25B2179
S21400096005F0CCFA206805213BF09BFF20B14548F6
S21400097040F26B2105F0C2FA206800F011FC424BF1
S214000980206819683BF0C6FB1FF04EFD0C25684337
S21400099009901FF049FD684307900DEB050120689C
S2140009A018F05CF820B137484FF4207105F0A6FA2D
S2140009B03649206800223BF038FC20B1314840F22E
S2140009C0822105F09BFA324E324D96F9000040F235
S2140009D003532B807F284FF00503AB7001D11EF028
S2140009E09FFF3378EB701FF01FFD00EB8000800048
S2140009F0A8801FF019FD0023C000E880AB604FF010
S214000A00FF3019A3D3E900234FF0FF311EF0E6FFB5
S214000A10214920683CF01AF8206802A93BF0DFFB69
S214000A2020B1184840F2BB2105F068FA042220687D
S214000A300DEB02013BF05CFB042804D0114840F2A9
S214000A40BE2105F05BFA01A901203CF038FB05F059
S214000A509BFB01201FF086FF35F0D6FD1FF0ACFF94
S214000A601EF084FE0EB070BD0A0020FF4203000098
S214000A70B2490020A25400208DF601000813002081
S214000A800C400020200B050008110020B054002068
S214000A90B0160020004000202DF801000348044B4B
S214000AA0834202D0034B03B118477047001700205B
S214000AB000170020000000000548064B1B1AD90F3F
S214000AC001EBA301491002D0034B03B1184770474E
S214000AD000170020001700200000000010B5064C8C
S214000AE0237843B9FFF7DAFF044B13B10448AFF39A
S214000AF000800123237010BD3A4A00200000000049
S214000B002C0F050008B5054B1BB105490548AFF38A
S214000B100080BDE80840FFF7CFBF00BF0000000020
S214000B20401B00202C0F0500A3F5803A704700BF3D
S214000B30174B002B08BF134B9D46FFF7F5FF002110
S214000B408B460F461348144A121A3FF0FDFA0E4B16
S214000B50002B00D098470D4B002B00D09847002064
S214000B60002104000D000D48002802D00C48AFF309
S214000B70008034F017FC2000290034F0A0FC34F08C
S214000B805DFA00BF00000800000000000000000042
S214000B9000100020001700202C5500200000000048
S214000BA000000000094A904208B506D135F026FA42
S214000BB0012801D1064B187008BD064A9042FBD1A9
S214000BC035F01CFA0128F7D1034BF4E7BC640400A7
S214000BD03C4A0020A46404003B4A002008B50B4BA6
S214000BE01A7832B100200A49187014F05BF800F049
S214000BF0C5F8084B1A7842B100200749187014F05F
S214000C0051F8BDE8084000F0EDB808BD3C4A0020A9
S214000C10C00104003B4A0020DD01040013B538F093
S214000C20C9FC02281BD10F4C01200AF05BFB23787D
S214000C3005210246009101330B49002014F032F8DA
S214000C4023780133DBB2042B237008D8074843F619
S214000C509822FF2102B0BDE8104036F066BE02B012
S214000C6010BD00BF3D4A002004020400581B0020AF
S214000C7010B538F09FFC022803D10B4B00221A70E7
S214000C8010BD0DF09FFF094904460246002014F0EF
S214000C9009F8002CF4D0BDE81040054842F2107266
S214000CA0FF2136F042BE00BF3F4A00203A02040051
S214000CB0781B002008B5074B1B7853B1064835F063
S214000CC030FABDE8084005484FF4FA72FF2136F0C6
S214000CD02CBE08BD3F4A0020EC640400981B002090
S214000CE013B5FF241C4A1D4800942346002108F033
S214000CF0FFFE1B4A1B4800942346002108F0F8FE1E
S214000D00194A1A4800942346002108F0F1FE38F0EC
S214000D1051FC022816480DD135F0FDF9154B134845
S214000D2000221A70214640F6B83202B0BDE81040E4
S214000D3036F0FBBD35F0F2F90F4B0A4801221A7067
S214000D40214640F6B83236F0F0FD0448214602B09F
S214000D50BDE8104036F0F2BDB50C0000981B002030
S214000D60710C0000781B00201D0C0000581B002092
S214000D70EC6404003D4A00203F4A002008B538F0E5
S214000D8019FC02280BD1114B01221A703DF076F99E
S214000D90BDE8084002460E49002013F083BF38F035
S214000DA009FC0128EFD00B4B0B4801221A7035F0D6
S214000DB0B5F90A48FF2140F6B83236F0B6FDBDE870
S214000DC008400748FF2136F0B9BD00BF3E4A002064
S214000DD0580204003F4A0020EC640400781B002000
S214000DE0981B0020034B04480022FF211A7036F09F
S214000DF0A5BD00BF3D4A0020581B002010B5024686
S214000E0004461C49002013F04DFF902C17D11A4BB6
S214000E101A480024FF211C7036F098FDFF21184860
S214000E2036F094FD174835F076F9174B17481C70C6
S214000E30BDE8104040F6B832FF2136F076BD912C62
S214000E4016D1104835F06AF9114B1A7882B1002293
S214000E501A70094B0A4801221A70FF2140F6B83270
S214000E6036F063FDBDE810400448FF2136F066BD4D
S214000E7010BD00BF770204003F4A0020981B0020E8
S214000E80781B0020EC6404003D4A0020581B00201C
S214000E903E4A002010B5024604460749002013F0DB
S214000EA001FF3CB1BDE81040044842F21072FF2139
S214000EB036F03BBD10BD00BF90020400781B00203A
S214000EC030B5062985B014D19AB9402B11D101232B
S214000ED000930DF10F0338F0FCFF044648B99DF867
S214000EE00F5007483DB135F016F90649204613F075
S214000EF0D9FE05B030BD35F011F903492846F6E7AE
S214000F00D4640400B1020400BB0204001FB5012330
S214000F100022009306210DF10F038DF80F2038F004
S214000F20D8FF28B99DF80F30044823B135F0F3F800
S214000F3005B05DF804FB35F0F1F8F9E7D464040079
S214000F4008B5FFF7CDFE34F0B5FA38F033FBBDE850
S214000F50084002460149002013F0A4BEC602040061
S214000F6030B50A4C0A4B22680A4D1A6085B00A4B07
S214000F702B600A4B019304F013FA2B68029001A928
S214000F802068039335F035FD05B030BDA410002071
S214000F90942900209029002098100020A9630400BE
S214000FA0014B186835F039BDA410002038B5084D3F
S214000FB004F0F6F92B680446D3F8B00204F0E4F91E
S214000FC0286835F03DFD2046BDE8384004F0DCB921
S214000FD0A410002038B501F0CDFD0E480E4C0121BE
S214000FE001F052FA01221146002001F027FD0225E9
S214000FF001221146C4F88050002001F01FFD012296
S214001000C4F884501146002001F018FDC4F888503A
S214001010002038BD30253E0000400E4008B5224B6B
S21400102001225A6402F084FDA0B9204B4AF6E85229
S214001030C3F89021D3F8982142F00402C3F898210F
S214001040C3F89001194AD2F8643143F40053C2F849
S214001050643101E00128F5D0154A136A23F44413DD
S21400106043F488131362A2F58042136843F4807336
S214001070136004F06BF900F0EDFB04F005F904F0E2
S21400108051F904F017F9FFF7A5FF36F03DF800F028
S214001090D3FB00F01DFD04F067FC01F011F9BDE87C
S2140010A0084005F0BFBA00BF00000E4000300E40FA
S2140010B000400E4030B5204D0FCD97B00FAC0FC49A
S2140010C095E807001D4B84E807001D4ACDE9032379
S2140010D04FF08073059303F1022306934FF0F0510F
S2140010E01E23CDE907130E2200210DF12E003FF03E
S2140010F02BF8144B4FF44020CDE909030C238DF850
S2140011002C300D238DF82D300F4B0C9320230D9390
S21400111001238DF839300D4B00930FAA03AB09A9B4
S2140011200B4804F04DFB002104464FF4E13034F048
S21400113010FF204617B030BD88640400004204004B
S214001140000001401C000140404A0020741E0020A0
S214001150C81E0020012905D8034B1B68186808B173
S214001160436A1847704700BFA810002008B5044916
S214001170044805F005FBBDE80840FFF79BBF00BF2D
S214001180AC100020EC1E0020014836F053B900BF1A
S214001190C81E0020014B1A6A18681047C81E002097
S2140011A008B517F089FC024B00221A7008BD00BF74
S2140011B0604A002008B5044834F01BFFBDE808402C
S2140011C0024834F016BF00BFBC640400A4640400E8
S2140011D008B5044834F09CFFBDE80840024834F0E7
S2140011E097BF00BFEC640400D46404001FB5084930
S2140011F0034602AA0868097902908DF80C1000923E
S21400120005210022012007F00FFE05B05DF804FB63
S214001210046504001FB50A4A03461068029002A936
S21400122090889279ADF80C008DF80E20009144223B
S2140012304FF44071012007F0F7FD05B05DF804FBA0
S2140012400A6504001FB50849034602AA086809791A
S21400125002908DF80C10009205214222012007F022
S214001260E3FD05B05DF804FB126504001FB50849F0
S214001270034602AA0868097902908DF80C100092BD
S21400128005214022012007F0CFFD05B05DF804FBE4
S214001290046504001FB5074A039203AA034600929A
S2140012A04FF440714122012007F0BEFD05B05DF805
S2140012B004FB00BF010221211FB50949034602AA0B
S2140012C00868097902908DF80C1000924FF440716E
S2140012D04022012007F0A8FD05B05DF804FB00BF22
S2140012E0186504001FB50949034602AA086809796B
S2140012F002908DF80C1000924FF4407143220120AA
S21400130007F092FD05B05DF804FB00BF1865040009
S2140013101FB50949034602AA0868097902908DF8A4
S2140013200C1000924FF440714222012007F07CFD21
S21400133005B05DF804FB00BF0C6504001FB5064A47
S214001340039203AA0092012203460821104607F0E2
S2140013506BFD05B05DF804FB010121211FB5074AAE
S214001360039203AA034600924FF44071082201201C
S21400137007F05AFD05B05DF804FB00BF12122121EC
S2140013801FB5094A034610689288ADF80C2002AAD9
S214001390029000924FF440714B22012007F044FD6A
S2140013A005B05DF804FB00BF1E6504001FB5074AC4
S2140013B0039203AA0092012203464FF4407110469E
S2140013C007F032FD05B05DF804FB00BF01012121E6
S2140013D01FB5074A039203AA034600924FF44071D2
S2140013E00422012007F020FD05B05DF804FB00BFD5
S2140013F0010121211FB50949034602AA0868097997
S21400140002908DF80C1000924FF4407107220120D4
S21400141007F00AFD05B05DF804FB00BF1F65040079
S2140014201FB5074A039203AA034600924FF4407181
S2140014300A22012007F0F8FC05B05DF804FB00BFA7
S214001440020221211FB50949034602AA0868097944
S21400145002908DF80C1000924FF44071002201208B
S21400146007F0E2FC05B05DF804FB00BF256504004C
S2140014701FB50949034602AA0868097902908DF843
S2140014800C1000924FF440710622012007F0CCFCAD
S21400149005B05DF804FB00BF256504001FB5064ACD
S2140014A0039203AA0346009208210022012007F0B7
S2140014B0BBFC05B05DF804FB010221211FB5074AFD
S2140014C0039203AA034600924FF4407103220120C0
S2140014D007F0AAFC05B05DF804FB00BF010221215D
S2140014E01FB50949034603AA08888978ADF80C0099
S2140014F08DF80E10009206214222012007F094FC7F
S21400150005B05DF804FB00BF2B6504001FB5094954
S21400151003AA0346009208888978ADF80C000522D5
S2140015208DF80E100120114607F07EFC05B05DF820
S21400153004FB00BF2F6504001FB50849034602AA36
S2140015400868097902908DF80C1000920821022292
S214001550012007F069FC05B05DF804FB2565040072
S2140015601FB50949034602AA0868097902908DF852
S2140015700C1000924FF440710922012007F054FC31
S21400158005B05DF804FB00BF336504001FB50A4ACA
S21400159003461068029002A990889279ADF80C0074
S2140015A08DF80E2000914C224FF44071012007F078
S2140015B03BFC05B05DF804FB396504001FB509491E
S2140015C0034602AA0868097902908DF80C1000926A
S2140015D04FF440710222012007F026FC05B05DF8AA
S2140015E004FB00BF416504001FB50949034602AA73
S2140015F00868097902908DF80C1000924FF440713B
S2140016000522012007F010FC05B05DF804FB00BFC2
S214001610416504001FB50949034603AA088889786E
S214001620ADF80C008DF80E1000920821062201205D
S21400163007F0FAFB05B05DF804FB00BF4765040041
S2140016400A46014934F052B9A07E04000A46014910
S21400165034F04CB9957E04000A46014934F046B988
S214001660907E04000A46014934F040B98B7E04009F
S2140016700A46014934F03AB9867E04000A46014912
S21400168034F034B9817E04000A46014934F02EB99C
S214001690747E04000A46014934F028B9657E0400C9
S2140016A00A46014934F022B9607E04000A46014920
S2140016B034F01CB9577E04000A46014934F016B9C6
S2140016C04E7E04000A46014934F010B9457E0400F7
S2140016D00A46014934F00AB93E7E04000A4601492A
S2140016E034F004B9337E04000A46014934F0FEB8EB
S2140016F0287E04000A46014934F0F8B81D7E04002E
S2140017000A46014934F0F2B8147E04000A4601493C
S21400171034F0ECB8097E04000A46014934F0E6B815
S214001720067E04000A46014934F0E0B8037E040051
S2140017300A46014934F0DAB8007E04000A46014938
S21400174034F0D4B8FD7D04000A46014934F0CEB822
S214001750FA7D04000A46014934F0C8B8F57D040055
S2140017600A46014934F0C2B8F07D04000A46014931
S21400177034F0BCB8E77D04000A46014934F0B6B838
S214001780DC7D04000A46014934F0B0B8D77D040079
S2140017900A46014934F0AAB8D27D04000A46014937
S2140017A034F0A4B8CD7D04000A46014934F09EB852
S2140017B0C87D04000A46014934F098B8BD7D04008F
S2140017C00A46014934F092B8B27D04000A4601493F
S2140017D034F08CB8AB7D04000A46014934F086B874
S2140017E0A87D04000A46014934F080B8A57D0400AF
S2140017F00A46014934F07AB89A7D04000A4601493F
S21400180034F074B8957D04000A46014934F06EB889
S2140018108C7D04000A46014934F068B8837D0400D4
S2140018200A46014934F062B87E7D04000A46014942
S21400183034F05CB8737D040008B50548012100F05B
S21400184023FE33F044FEBDE8084000F01DB800BF9C
S21400185000350A000148012100F016BE00350A00D6
S21400186007B5082034F03DFC064B02226846CDE959
S214001870002334F032FB082003B05DF804EB34F0AC
S2140018803BBC00BF006A18102DE9F0433B4D3C4FAF
S214001890DFF80091DFF800810FCD89B001AC0FC4EE
S2140018A095E8070084E80700364C3748012100F029
S2140018B0EBFD3846012100F0E7FD0125334B03938D
S2140018C001A920468DF8125034F04EFE2B46042215
S2140018D00621022001F0B4FE2A460023072102203A
S2140018E001F0AEFE2B4604220821022001F0A8FEDD
S2140018F0042211462B46002001F0A2FE244BA367CB
S2140019000B23636710264FF4487005F0E1FFC9F813
S2140019100C60142005F0DCFFC8F80C60232005F0EE
S214001920D7FFC9F80C60B921204634F05CFE0023CE
S2140019301A46C8F80C600621022001F081FE00233A
S2140019401A460721022001F07BFE2B4600220821C2
S214001950022001F075FE002210462B46042101F0FD
S2140019606FFE204602F03CF90021A1673846616709
S21400197000F08AFD09B0BDE8F08300BFA87E040031
S214001980005204000004014000350A0000127A00EC
S2140019900B0B000B00A0004400A0004608B500F0AA
S2140019A083F8124B12498B4212D3124B1249002075
S2140019B08B4218D3FFF7BCF8186850F822405868D6
S2140019C040F82240013298688242F5D30C33EAE7A9
S2140019D00022F8E71C6844F8220001325C68A24244
S2140019E0F8D30833E4E70022F8E700BF340F050019
S2140019F0400F0500400F0500400F050000487047E7
S214001A0000F04902104AD2F8943003F00703023B74
S214001A10032B13D8DFE803F00C14020E0B4B1B68E5
S214001A20D2F80001C0F304200130B3FBF0F0704799
S214001A30074BF4E7074B1B685B08F1E7054BEEE73F
S214001A404FF40043ECE700BF00400E40D8100020E3
S214001A50DC100020D010002008B5FFF7D3FF054BA0
S214001A60D3F80831C3F308230133B0FBF3F0024B7D
S214001A70186008BD00400E40D4100020014B1868C6
S214001A80704700BFDC100020054B1860054BD3F8EC
S214001A90943003F00703022B01D1FFF7DDBF704738
S214001AA0DC10002000400E40044B054A9A60D3F834
S214001AB0882042F47002C3F88820704700ED00E0EA
S214001AC000000000014B1868704700BFD8100020C7
S214001AD00F4BD3F82838A3F17E62A2F58432B2F514
S214001AE0104F10B511D219680A4A91420DD10A4C0E
S214001AF0227812F0FD0F01D0002010BDDB69984758
S214001B000028FAD101232370F6E74FF48170F4E73A
S214001B100000E10F07B0CD5E614A002070B5D0B17D
S214001B20C9B10E4E431E013913F8014F325D02F063
S214001B300302012A11F8012FB55C05F003052046C3
S214001B4008BF04F12000012D08BF2032801A01D101
S214001B50002CE9D170BD0120FCE700BF290E05006E
S214001B6037B5046801210546124800F08DFC0023B5
S214001B7061792079012201F063FD6179207934F0E2
S214001B8042FAB0FA80F35B092370A379022B0ED1D8
S214001B9000F01EFB084960792A4600F043FB01234B
S214001BA0617902462079CDE9003301F005FD002079
S214001BB003B030BD00350A002160030008B529488F
S214001BC0012100F061FC012304220221052001F01E
S214001BD037FD002001F0E4FC234B0122C3F8102857
S214001BE01146042000F02AFF204800F09FFD204BFD
S214001BF0D3F8F02042F00102C3F8F020D3F8FC201E
S214001C0042F08072C3F8FC20A3F55D43194A1A60BF
S214001C1000F5D520184B00F2FC40B0FBF3F0174B54
S214001C20013802221861C3F8F0204FF48072C3F81E
S214001C3004234FF06043124AC3F8B02F114AC3F88A
S214001C40802ED3F8002E42F48072C3F8002EFF22B6
S214001C5083F82020D3F8002E22F48072C3F8002EDA
S214001C60002008BD00350A000080144206000E0061
S214001C7000ED00E0FF030040F8590D00000004E00E
S214001C8055CEACC5090001004FF0604330B5D3F81F
S214001C90802ED20715D501240B4D8440D5F8FC20A4
S214001CA042F08072C5F8FC20D3F8002E2243C3F819
S214001CB0002E53F82020002AF0D003F82010002031
S214001CC030BD1120FCE700BF00ED00E010B501219B
S214001CD00446094800F0D8FB0848012100F0D4FB70
S214001CE0A37820786178B3FA83F35B09042201F0C5
S214001CF0A7FC002010BD00BF4041050000350A00CB
S214001D002DE9F04F9A46554B85B01B78DDF83C9090
S214001D109DF844B0DDF8508006460F461546002B69
S214001D2000F09680072A00F295800E9B002B00F0AC
S214001D309180B9F1000F00F08D80129BB3F5006F13
S214001D4000F38880012803D1109B002B00F08280CE
S214001D50434B03EB05131B7B002B7DD0414C10221D
S214001D60002168463EF0F0F904EB451410229FBBB4
S214001D70394620463EF0E8F943F210036380BBF193
S214001D80000F03D1E37843F00303E370354A0E9B5C
S214001D90CDF800A002EB451CCCE90193129B581E1F
S214001DA09DF84C30690103F00303C0F30A009B065C
S214001DB043EA001E53582C4818404EEA0003012EF2
S214001DC0535017D0B8F1000F2ED19CF8023068F3AC
S214001DD004138CF8023027E0002120463EF0B4F9C8
S214001DE04FF444736380BBF1000FCFD1E37843F028
S214001DF03003CAE71323CCF80C309CE80F000CF134
S214001E00100E8EE80F00DCF81C20109BCCF8143067
S214001E106FF0030161F39F02012FCCF81C2003D161
S214001E20CCF81890CCF804300D4A290102EB0513C3
S214001E3042F80180159A5A600027284622466946CD
S214001E409F605E7301F080FC384605B0BDE8F08FF9
S214001E500648FAE70648F8E70648F6E7624A00202A
S214001E60F41F0020F41E00200F80FFF3028000F015
S214001E70018000F0078000F038B5124B1B7805464D
S214001E80DBB1E0B134F0F9F90F4A00231146147BB8
S214001E9054B92B601A0101EB031301258C501D73F6
S214001EA034F0F1F9204638BD0133082B02F1100258
S214001EB0EDD134F0E8F90548F5E70548F3E70548BD
S214001EC0F1E700BF624A0020F41F0020048000F003
S214001ED0028000F0018000F038B534F0CEF90C4AEC
S214001EE005460023147B6CB90133082B02F110025F
S214001EF0F8D101F0DFFB074B28461C7034F0C3F91D
S214001F00204603E0284634F0BEF9034838BD00BF3B
S214001F10F41F0020624A0020058000F00D4B1B785D
S214001F2010B5044693B1072812D834F0A6F90A4B28
S214001F3003EB04131A7B2AB100241C7334F0A3F9B4
S214001F40204610BD34F09FF90448FAE70448F8E745
S214001F500448F6E7624A0020F41F0020068000F0DE
S214001F60028000F0018000F013B5164B186801904F
S214001F7000238DF8043034F080F9134B1C7824B11C
S214001F8034F081F9114802B010BD01221A7034F005
S214001F907AF90F4B1C731C7783F82C4083F83C406F
S214001FA083F84C4083F85C4083F86C4083F87C40B0
S214001FB004230DEB03008DF8073001F09BFB204651
S214001FC0E1E700BF147F0400624A0020038000F0AF
S214001FD0F41F00200A4A127808B55AB107280BD811
S214001FE0084A02EB00131B7B43B1002101F078FB8B
S214001FF0002008BD0448FCE70448FAE70448F8E770
S214002000624A0020F41F0020028000F0018000F0E9
S214002010078000F00A4A127808B55AB107280BD88C
S214002020084A02EB00131B7B43B1012101F058FB69
S214002030002008BD0448FCE70448FAE70448F8E72F
S214002040624A0020F41F0020028000F0018000F0A9
S214002050078000F00A4A127808B552B107280AD855
S214002060084A02EB00131B7B3BB101F0BDFB0020CE
S21400207008BD0548FCE70548FAE70548F8E700BF4D
S214002080624A0020F41F0020028000F0018000F069
S214002090078000F00D4B1B7893B1072812D889B142
S2140020A00B4B03EB00131B7B73B10A4B1A6E012319
S2140020B08340134214BF012300230B700020704797
S2140020C0054870470548704705487047624A002033
S2140020D0F41F002000200E40028000F0018000F077
S2140020E0078000F00B4A127810B50C4662B107283C
S2140020F00CD859B1084A02EB00131B7B43B101F020
S21400210089FB2070002010BD0448FCE70448FAE76D
S2140021100448F8E7624A0020F41F0020028000F01E
S214002120018000F0078000F02DE9F041DFF86480C0
S214002130D8F86070D8F86C301F4000D5FEE7134C16
S21400214001260025374218D02368C8F86860A3B176
S214002150A16862680131A16028469847637B012B1D
S2140021600BD150B90A4B03EB45131A7B60F34102BF
S2140021701A731A7F60F341021A770135082D4FEA69
S214002180460604F11004DDD1BDE8F081F41F0020FE
S214002190F41E002000200E4070B50C4E04460125AB
S2140021A004B970BD94FAA4F0B0FA80F006EB001201
S2140021B005FA00F324EA03045368002BF0D0117BE1
S2140021C011B191689847EBE79847E9E7742000203B
S2140021D008B5122000F086FD28B1084B4FF4802287
S2140021E0C3F880211A600A2000F07CFD28B1034B5A
S2140021F04FF48062C3F880211A6008BD00E100E059
S21400220038B505460C4634F038F8054B03EB051395
S21400221000225C601A73BDE8384034F034B800BF62
S21400222074200020F8B505460E46174634F025F80B
S214002230134BD3F8282422FA05F3DB0705F0FC013C
S2140022402C4612D500230133DBB2042B04D1FF2425
S21400225034F019F82046F8BDEC1804F003040C44DA
S21400226022FA04FC1CF0010FEDD1FF2CF0D0054B38
S21400227003EB04130122C3E901671A73E8E700BF02
S21400228000A0004074200020054BD3F82804D3F8A3
S2140022901C24104000F05530C3F82404FFF77CBF20
S2140022A000A00040054BD3F82804D3F81C241040A7
S2140022B000F0AA30C3F82404FFF76EBF00A0004069
S2140022C0024B1968024B186815F064BFE010002036
S2140022D00011002070B59400224605460E4634F0E4
S2140022E0FCF8431C0AD058B92246314628463DF031
S2140022F001FF0028034808BF002070BD0248FCE725
S2140023000248FAE710E000F021E000F024E000F0D8
S21400231010B5044601F02EFB431C10D088B901F01E
S2140023200FFC20F0030023462044984201D10020F1
S21400233010BD53F8042B0132F7D00348F8E70348E2
S214002340F6E70348F4E700BF0EE000F021E000F0F7
S21400235024E000F008B533F085FF014B186008BD97
S21400236064290020014B186833F080BF64290020E0
S2140023700C4B984205D90C4B984210D801220123E9
S21400238001E00022134609490B640949D1F80031DF
S21400239023F0807343EA0263C1F8003170470222DB
S2140023A0EDE700BF0048E8010090D0030000C843F6
S2140023B000400E400F4B5B680F4B30B500221C46AA
S2140023C0C9B21D798D4202D11D6885420DD20132F7
S2140023D0052A03F10803F4D10321064A536823F0C3
S2140023E0407343EA0163536030BD04EBC204617975
S2140023F0F3E700BF00000E40587F040038B5074CD6
S21400240041F67133256C2364FFF7F8FAADB200216C
S214002410FFF7D0FF0DB10023236438BD00000E4047
S214002420044BDB6B5B0604D4034AD2F8C830002B9F
S214002430FBD1704700300E400000C64308B5FFF7DA
S214002440EFFF024B5868C0F3014008BD00300E4055
S214002450044BD3F84421D20703D4D3F840211042CA
S214002460FBD1704700400E4038B5064C256C41F64F
S21400247071332364ADB2FFF79DFF0DB100232364D3
S21400248038BD00BF00000E4038B5C0F30323013B43
S214002490092B11D8DFE803F0052710102B221D109A
S2140024A01511154DC0F3043405F1424505F58015A8
S2140024B004EBC5008000016038BD104DC0F3043445
S2140024C0F2E70F4DC0F304344FF48030FFF7C0FF3F
S2140024D0EAE7C0F304340B4D1020F7E7C0F30434EA
S2140024E0094D0120F2E7094DC0F30434DCE7084D3E
S2140024F0C0F30434D8E700BF00400E4050410E4001
S214002500F0400E40E8400E40E0400E40C0400E4016
S214002510B0400E40C0F30313013B092B2AD8DFE876
S21400252003F0050B0F1929291F23374B274BD3F828
S2140025300001C0F304207047244BD3F81401F8E7D9
S214002540224BD3F80031C3F30063013301209840D7
S214002550013870471D4BD3F80C01C0F308207047B4
S2140025601A4BD3F80801F8E7194B984204D0194BD8
S214002570984207D000207047144BD3F8203103F060
S2140025800F03E3E7114BD3F82031C3F30113DDE764
S214002590114B98420CD003F5B01303F580539842C4
S2140025A0E8D10A4BD3F82831C3F301230433CDE72F
S2140025B0064BD3F82831E8E7084B9842DAD1034BAC
S2140025C0D3F8300100F00300704700BF00400E4013
S2140025D08006160080162E0090171A00A009140018
S2140025E000F00F000138072850D8DFE800F0041587
S2140025F0244F34384F402B4BD3F8943003F0070366
S214002600023B052B06D8DFE803F049243F030543C9
S2140026100B20704705207047224BD3F8800000F04F
S214002620070002283DD0042836D0012808BF032022
S21400263018BF012070471B4BD3F8843003F0070304
S214002640013B032B03D8DFE803F0041F25270120F6
S214002650704703207047134BD3F88800DFE7114B11
S2140026601B6F13F0010F0CBF0720092070470D4B9E
S214002670D3F85C3103F03003202B0FD0302B0FD073
S214002680102B08BF0720D3E70220704700207047B2
S2140026900C207047062070470A20704704207047B9
S2140026A00820704700400E4008B50146FFF798FF27
S2140026B01A4B994211D01A4B994212D0194B994293
S2140026C004D1194BD3F8800000F007000138032826
S2140026D021D8DFE800F00A0E1612134BD3F8840058
S2140026E0F2E7114BD3F88800EEE7BDE8084033F078
S2140026F03FBCBDE80840FFF7E5B9BDE8084033F049
S2140027003ABCFFF77FF9084BD3F80031C3F30063F8
S2140027100133D84008BD0020FCE700BF03002000BE
S2140027200500240002001E0000400E4000F478134E
S214002730B3F5B01F10B5044674D025D8B3F5402FB6
S2140027405ED010D8B3F5802F49D005D83BB1B3F58D
S214002750003F4FD0002010BDB3F5202FFAD1BDE8C2
S2140027601040FFF74FB9B3F5801F00F08480B3F533
S214002770A01F4DD0B3F5602FECD14A48FFF730FFCD
S214002780072878D00928E9E7B3F5381F53D013D8BF
S214002790B3F5001F58D00AD8B3F5D01F56D0B3F5FE
S2140027A0F01FD7D14048BDE81040FFF77DBFB3F516
S2140027B0101FCFD13D48F6E7B3F5481F4DD0B3F50F
S2140027C0781F65D0B3F5401FC4D13948FFF76CFFBA
S2140027D0384BD3F82831C3F30123043320E0FFF746
S2140027E011F9344BD3F80C31C3F308230133B0FB93
S2140027F0F3F0B0E7FFF706F92E4BD3F80831F3E70E
S214002800FFF700F92B4BD3F81431C3F30423EDE79D
S2140028102648FFF749FF274BD3F8303103F0030370
S214002820D84098E72048FFF73FFF224BD3F82031E7
S21400283003F00F03F4E71C48FFF736FF1D4BD3F8F1
S2140028402031C3F30113EBE71948ACE71848FFF74C
S2140028502BFF184BD3F82831F3E71748FFF7C0FED5
S214002860072808D0082809D004287FF473AFBDE8ED
S2140028701040FFF703B9114B18686CE7FFF7C2F872
S2140028800C4BD3F80031C3F3042303FB000062E7CC
S214002890FFF7B8F80146204633F0DFFCB1FBF0F056
S2140028A059E700BF06000E0002001E0005002400C7
S2140028B00300200000400E40B80032000411002043
S2140028C010B5FFF79BFD094B07225A67FFF79AF8EA
S2140028D0FFF74EFDFFF7C0F80446FFF7AFFD0146D1
S2140028E02046BDE81040FFF7BFBD00BF00400E40C9
S2140028F0014B1880704700BF06160020014B188059
S214002900704700BF0416002010B5042813D8DFE86F
S21400291000F047032F132100294AC1F30801D2F81B
S2140029206838002BFBD1274A136A23F4FF7323F081
S21400293001030B43136210BD214A01F07F01D2F858
S2140029406038002BFBD11F4A136923F07F030B432B
S2140029501361F0E71A4A01F07F01D2F86438002BC1
S214002960FBD1184A936923F07F030B439361E2E798
S214002970144AD2F89030536A23F0300343F0100321
S2140029805362146B104BC1F3C31003300F2803EAD5
S214002990040328BF0F200B4343EA00731363CAE700
S2140029A04F29074A28BF4F21D2F87438002BFBD195
S2140029B0044A936B23F07F030B439363BBE700BF8C
S2140029C00020C84300400E4000F8FF0F104A536A2C
S2140029D013F0300F18D0202913D0302914D0002936
S2140029E00C4B08BF4FF44003D2F8901033EA0101B5
S2140029F0FAD15B0246BFD2F8A000C0F380200120C7
S214002A0070474FF40003EFE74FF44003ECE700BFD6
S214002A1000400E40FF33E10702280AD129B1064BD9
S214002A204FF48060C3F8A800596612B10220FFF781
S214002A30CDBF0120704700BF00400E400428F8B507
S214002A4048D8304B13F800C02F4B1D5C2F4B33F883
S214002A5010702F4B33F810402E4B002940D0022820
S214002A6039D15C6A14F0300F35D12B4CE46B5C6ABC
S214002A70E40705D55E6A26F0300646F010065E626C
S214002A80264C244B25441F66AD002B68002BFCD03B
S214002A9002B36444A4002368002BFCD0022819D19A
S214002AA0C1B11C4D696A11F0010116D00122202126
S214002AB0FFF7B2FFD5F89C60012200210220FFF745
S214002AC0BDFFC6F30A010220FFF71EFF2F6623682C
S214002AD0002BFCD0F8BD0021D2E7FFF777FFE9E72F
S214002AE001211C66A940D3F890000842FBD1002AB9
S214002AF0F0D00123074903FA0CF3D1F890201A42CC
S214002B00FBD1E7E7537F04004E7F0400447F0400B8
S214002B103A7F040000400E4000300E408004F21061
S214002B2010B50246B8B901221146FFF787FFFFF736
S214002B3065FC0F4B04225A67FEF764FFFFF718FC8C
S214002B40FEF78AFF0446FFF779FC01462046BDE8FB
S214002B501040FFF789BC012807D10146FFF76EFF3A
S214002B60FFF74CFC024B0322E5E7FFF747FCE3E7E1
S214002B7000400E4038B5FEF781FF0021044600F005
S214002B80B7FA1248FFF7F4FB012211460220FFF7BE
S214002B9055FFFFF733FC0CB1FFF742FC0C4B02224B
S214002BA05A67FEF72FFFFFF7E3FBFEF755FF0546D4
S214002BB0FFF744FC01462846FFF756FC2CB9204692
S214002BC00121BDE8384000F093BA38BD0148E8015D
S214002BD000400E40012210B511460320FFF72EFFDD
S214002BE0FFF70CFC084B05225A67FEF70BFFFFF7B2
S214002BF0BFFBFEF731FF0446FFF720FC01462046E8
S214002C00BDE81040FFF730BC00400E4010B504464B
S214002C101120FFF7E5FC002101220220FFF70EFF3E
S214002C20184A217C536A23F00103022908BF43F0A7
S214002C3001035362144B2178C3F8A014637AA18869
S214002C4043EAC123D362136BA07A217A03F07F6331
S214002C500343E08843EAC02343EAC11303310F2944
S214002C6028BF0F2143EA01731363A37B617B1B011B
S214002C7043EA0133E17B0B43217B43EA0143536381
S214002C8010BD00BF00400E400000C84338B50E4DD2
S214002C900E4C01461120FFF7A3FCAA6B4B7814409C
S214002CA00A78144344EAC3248B7844EA0364CB7856
S214002CB044EA0324AB6BA34205D000210122084658
S214002CC0FFF7BCFEAC6338BD00400E4080E4FFF862
S214002CD0034B5868C0F30800003818BF012070473F
S214002CE000ED00E04209054B53F8223000F01F00CB
S214002CF023FA00F0C04300F00100704700E100E056
S214002D00034BD86B80F04000C0F38010704700BFC4
S214002D1000300E4042EA0322B2F5007F10B5194C8F
S214002D2029D00AD8B2F5807F22D040F201139A4209
S214002D3015D062B9D4F81C320BE0B2F5407F1DD036
S214002D4040F201339A4210D0D4F8283201E0D4F889
S214002D502432C3F30722DBB203600A6010BDD4F846
S214002D6024321A0EC3F30743F6E7D4F82832F8E7FE
S214002D70D4F81C32F5E7D4F82032EAE7D4F820324B
S214002D80EFE700BF0081E00F08B5FFF7B9FF20B1FD
S214002D90024AD2F8C830002BFBD108BD0000C6435B
S214002DA008B5FFF7ADFF80B1FFF7EEFF074B1968D8
S214002DB05A68C1F30121C2F3014291421A688CBFDE
S214002DC042F0100222F010021A6008BD00300E40D9
S214002DD0064B1B68DB0608D5054B1B69C3F304438B
S214002DE0082B02BF034B044A1A60704700300E409F
S214002DF000400E40D0100020C0EA210170B5FFF759
S214002E007FFF38B12D4B1A781023C2F1020293408F
S214002E102B4A13612B492C4DD1F8804145F60E0301
S214002E20C1F880312B6823F0AA03DB05DB0D0B66A7
S214002E30FFF7AAFF224B1B68D80604F0010415D53D
S214002E40D1F84031DA01FBD4204B1B680B61204BD4
S214002E501B78052B0AD11F4B1E68FFF795FF184BF2
S214002E6059683046C1F30141FFF7FEFA184B1B784C
S214002E70023B0A2B0AD8DFE803F0061517090909F2
S214002E800909091A1D000020FFF74AFE2B68DB0718
S214002E905EBF0C4B02221A661CB10A4B0022C3F816
S214002EA0802170BD0120EFE7FFF764FEEEE7FFF735
S214002EB091FEEBE7FFF704FDE8E700BF634A00205A
S214002EC000300E4000400E406C290020682900208B
S214002ED0644A0020D010002010B50B4C0B4BD4F8E1
S214002EE090201A601120FFF77BFB094B1870FFF744
S214002EF04BFF084B084A5B68C3F301431370074B4C
S214002F0022691A6010BD00BF00400E406C290020E8
S214002F10644A002000300E40634A002068290020E2
S214002F20064942780B6823F4407343EA0223022AD8
S214002F300B6004BF024B5B6A704700BF00300E4058
S214002F4000400E4010B5044608B1FFF7C5FFFFF776
S214002F5027FF144A136943F00403136133F0A7FAFA
S214002F6033F0A6FA104B114AC3F8242403F559236C
S214002F701B68DB060ED533F075F93DF00DF933F01E
S214002F8075F933F096FA03F0C7FD2CB1BDE8104092
S214002F90FFF734BF30BFF4E7FFF71AFFBDE8104075
S214002FA0FEF75ABD00ED00E000A000400000FFFF65
S214002FB010B5044608B1FFF78FFFFFF7F1FE1A4B76
S214002FC0D3F8802145F60E01D207C3F8801148BF1A
S214002FD000224FF42071196648BFC3F88021134AB7
S214002FE0136943F004031361114B124AC3F82424F7
S214002FF033F05DFA104B1B68DB060CD533F032F964
S2140030003DF0CAF833F032F903F086FD2CB1BDE886
S2140030101040FFF7F3BE30BFF6E7FFF7D9FEBDE876
S2140030201040FEF719BD00BF00400E4000ED00E066
S21400303000A000400000FFFF00300E400E4A03795B
S214003040916921F03F010B43017843EA81034178FF
S21400305043EA4103817843EAC103C178012908BFE6
S21400306043F0010393611368417923F4403343EA44
S21400307001431360704700BF00300E402DE9F04159
S21400308004460D46FFF73CFE60B3DFF86080FFF7AE
S2140030907BFED8F80430C3F301439C4222D0124B87
S2140030A0D3F80031FEF7AEFC022C07464FF01006B0
S2140030B009D12146FFF7D8F9C8F8106095B1BDE8E8
S2140030C0F041FFF761BEC4F102039E40C8F81060ED
S2140030D00DB1FFF759FE2CB921463846BDE8F04140
S2140030E0FFF7C2B9BDE8F08100400E4000300E4048
S2140030F038B505460C46FFF703FEB8B145B90C4B8C
S214003100D3F80051FEF77EFCC5F3042505FB000549
S214003110084B1B7821463BB1074B9D4204D8022042
S214003120BDE83840FFF7AABF0020F9E738BD00BF6A
S21400313000400E40654A0020002D3101034B027806
S2140031401A7001210020FFF7D3BF00BF654A002098
S214003150234B4AF6E85210B5596B5A639A6FD2075A
S214003160FCD41B6C13F0030306D01E4A01249842BD
S214003170C2F8B44A1AD110BDA0B1431E012B17D80D
S214003180174A4FF40023D362936FDB07FCD4136C0B
S21400319023F0030343F001031364114A536A1C032C
S2140031A0FCD505E00F4BC3F8B40AE4E7032BE4D0E4
S2140031B00B4B9A6FD207FCD41A6C22F00302024320
S2140031C01A649A6F12F00102FBD10038054C18BF42
S2140031D001200129C4F8B40A08BF5A63CBE700BF30
S2140031E000300E400000C6432DE9F04F00238BB0A0
S2140031F0CDE90433CDE90633CDE90833A0F5E16324
S214003200B3F5966F05460191934603D900200BB09F
S214003210BDE8F08F624BDFF88C81D3F81842B0F52A
S214003220E16F15BF4FEA146AC4F3072AC4F30744D4
S214003230E4B20694CDF824A0D8F84C60C6F3017624
S2140032408CBF01220022334607A904A815BF4FF4FD
S214003250E1674FF496674FF496694FF41679039238
S214003260FFF758FDD8F8EC30039AC3F3012308A9FA
S21400327005A80293FFF74EFDA5EB070CAAEB040288
S2140032800CFB02F2B2FBF9F214445445079F049873
S214003290089A0599BAD8A2EB010E0CFB0EFEBEFBEF
S2140032A0F9FE11EB0E012CBF4FF0010E4FF0000E91
S2140032B08A42ABD3BEF1000FA8D13A1A0CFB02F239
S2140032C0B2FBF9F280182CBF0122002287429DD360
S2140032D0002A9BD1029BBBF1000F0FD0D8F85C20D0
S2140032E0B5F5E16722F4FE4218BF012722F002027C
S2140032F042EA470242EA0422C8F85C20019A0AB968
S214003300012084E7264A022ED2F830223ED0032E31
S2140033103FD0012E14BFD2B2C2F30722120312F41A
S214003320702F7FF473AF1F4EF46E24F47044224364
S214003330F2661B4A022BD2F830222CD0032B2DD05B
S214003340012B14BFD2B2C2F30722120312F4702F5D
S2140033507FF45CAF134CD4F8EC3023F47043134383
S214003360C4F8EC30636E884238BF084623F4FF7317
S214003370E72823F0010328BFE720B5F5E16F18BF63
S21400338043F0010343EA40036366B9E7C2F307422A
S214003390C4E7120EC2E7C2F30742D6E7120ED4E71E
S2140033A00081E00F00300E402F4B1A6FD96C11F0E1
S2140033B0010F02F0060242D0002A40D013284FD94F
S2140033C0143813288CBF102308232749013BCA6CE6
S2140033D0180322F47F4240EA03231343CB64234BB3
S2140033E0CA6C1B88C2F303222833013202EB820028
S2140033F003EB5303B3FBF0F3C86C013B072B28BF6A
S214003400072320F0EE6040EA036343F48013CB64A6
S214003410174BB3F90030002B10DB2833500800EBB5
S214003420420203EB5303B3FBF2F30A6D072B28BFEC
S214003430072322F0700242EA03130B657047D96C2B
S21400344001F00101114304D1092809D90A380928D5
S214003450B8E7DB6C13F00103B7D01AB92728B1E739
S2140034600423B2E70023B0E700300E406843002094
S21400347064430020064A074BD3F88039136F23F0C5
S214003480070303431367044B1888FFF78DBF00BF7D
S21400349000300E400000C64366430020394B02222F
S2140034A02DE9F0419A639B6B03F00F0393420446A9
S2140034B003D000252846BDE8F081C288B0F8088011
S2140034C08588B0F90C6047784A2A4ED9B2F5FA7F5B
S2140034D04DD340F6C3139A428CBF4FF040524FF084
S2140034E000522849CB6C23F0405323F00103002EF2
S2140034F0A8BF43F001031343CB64D1F8EC3043F488
S2140035004073C1F8EC30204B1D80CB6E43F08073C7
S214003510CB661E4BD3F8800900B10420FFF7AAFF44
S2140035201B4BA3F800801B4B28461E80FFF73CFF72
S214003530A37BFBB1012B21D0012260881146FFF747
S21400354053FE05460028B4D00E4AD36B43F480637E
S214003550D3633846FFF7FCFDA37AA3F1200253425B
S21400356053410A4AC2F89437A4E70022B9E74FF05D
S2140035708052B6E7034B084A9A65DDE7014B074AD7
S214003580FAE700BF00300E40664300200000C64346
S214003590684300206443002077402057372110B747
S2140035A0044AD2F8443423F003030343C2F84434F5
S2140035B0704700BF00A00040072AF8B501F00306D8
S2140035C014461F464FF00F011FD8950000FA05F26B
S2140035D0A940154832F072FF0321144806FA05F296
S2140035E0A94032F06BFF12499DF81830114A214469
S2140035F089000F60C1F880300123A340C2F824344C
S2140036009DF81C30C1F80033F8BDA2F10805AD00E6
S21400361000FA05F2A940084832F050FF0321074897
S21400362006FA05F2A940DCE700A4004008A4004022
S2140036308020851000A0004004A400400CA4004098
S21400364000EB4000F8B50D461F46040116463AB199
S214003650154801238B402044C7B100F1C0600360C9
S214003660072D4FF00F0114D8AB00104806FA03F2EE
S2140036709940204432F022FF3EB90B4A0123AB406A
S214003680224477B102F1C0621360F8BD00F1806099
S214003690E5E7A5F108039B00054806FA03F2994002
S2140036A0E7E702F18062EFE70CA0004004A00040CC
S2140036B008A00040084B4FF40072C3F88020BFF308
S2140036C04F8FBFF36F8F054B0021D9664FF4AA408A
S2140036D01962FEF7D9BE00BF00E100E000200E40F0
S2140036E0034B03449B0081F001011960704700BF43
S2140036F0A001F11010B5044601214FF4AA40FEF7D0
S214003700C3FEB4F8013022785BBA9BB243EA026388
S2140037100B4A136000231362D36253634FF00043D7
S214003720D3664FF0FF339366064A4FF40071C2F833
S2140037308011E3785B01DBB282F80933116010BDBB
S21400374000200E4000E100E0F8B5254D8F7AD1F854
S21400375000C0C3B201269E404FF0300ECB7A0EFB5F
S21400376000500C461B05097BAE6643EA0743C0F8CB
S21400377080C094F80DC0C0F888C043EA415322F0D8
S2140037800302C0F88430C0F8982032F076FDEB6E65
S2140037903343EB66237A13B16B6B33436B63637A05
S2140037A013B1EB6A3343EB6223792A6823B1DB4318
S2140037B01B0263F47F431A4063790BB142EA03228B
S2140037C0A3790BB122EA0302E3791343044A136098
S2140037D0044B9E62D663BDE8F84032F054BD00BF8D
S2140037E000200E4000200E4410B5C0B201248440D4
S2140037F032F043FD054AD36E23EA0403D366044B36
S2140038001C62BDE8104032F03EBD00BF00200E40F6
S21400381000200E4410B5C0B20124844032F02DFDC5
S214003820074B1A6A224208D19B6A9C430CBF0124AC
S214003830002432F028FD204610BD0024F9E700BF22
S21400384000200E40054B5A685B68054B41F6713206
S2140038501A649A6822F001029A60704700300E409F
S21400386000000E40034B9A6822F001029A60002284
S2140038701A64704700000E40094A0A4BD969C90706
S21400388005D512B96FF002007047013AF6E7002A34
S214003890F8D001221861DA60D86940F380007047DA
S2140038A08096980000000E4070B509B9002070BDE3
S2140038B00E4A0023082550F8234094610C4CD5602E
S2140038C00133D669F60705D514B96FF00200EEE7A6
S2140038D0013CF6E7002CF8D0D469A40702D499423C
S2140038E0E9D1E3E76FF00100E1E700BF00000E401A
S2140038F0809698002DE9F8431C4B0D4641F6713131
S2140039001E6C19641A49804648684968996841F0EF
S2140039100101B6B2996097084FF00009B94501D386
S214003920002005E008EB89042046FFF7A5FF48B114
S2140039300E4B9A6822F001029A600EB100221A64B9
S214003940BDE8F883C4F30A01C1F500618908A7EB56
S2140039500903994228BF19462846FFF7A5FF002805
S214003960E6D1894405EB8105D8E700BF00000E408C
S21400397000300E40234B41F671311A6C10B51964B5
S21400398021494C684968996841F001019960012114
S2140039901861D960D9694C0792B209D5996821F0A7
S2140039A0010199600AB100221A644FF0FF3010BD81
S2140039B00221D9601549D869C00700D569B9D86908
S2140039C010F002000BD0996821F0010199600AB14D
S2140039D000221A646FF00100E9E70139EBE741B90C
S2140039E0986820F00100986002B119646FF0020038
S2140039F0DDE7996821F0010199600AB90020D6E751
S214003A001864FBE700000E4000300E4080969800D9
S214003A10014B01229A60704700500E40134B144928
S214003A20F0B500225D68134E1046D6F8E8714C6873
S214003A300B687F070BD4B3F5006F06D012D8B3F52A
S214003A40007F02D0B3F5806F01D144F480742B421E
S214003A5002D02C4208BF18430132092A01F108019E
S214003A60E3D1F0BDB3F5803FEEE700BF00500E4057
S214003A70807F04000040E00F8B784A789B0143EA81
S214003A8082030A781343CA7843EA02130A7943EAA0
S214003A90C2234A7943EA02338A79043043EA42432E
S214003AA00001014A1350704700200440014B186083
S214003AB0704700BF00008442437882789B0043EA48
S214003AC0021302781343C27843EA4213027943EAA8
S214003AD00223427943EA0233827943EAC233C27947
S214003AE043EA0243027A43EA4243014A13607047BC
S214003AF0002004400D4AD2F8E430D2F8E0109B00D3
S214003B0003F03C03C1F381110B438370D2F8E0301D
S214003B1003F03F034370D2F8E830D2F8EC2003F00D
S214003B20F003C2F3031213430370704700FF0FE065
S214003B30024BD3F8FC00000E704700BF0081E00F78
S214003B40044BD3F8E4301B0E0A3303F01F030120A6
S214003B50984070470081E00F70B5054616461C4633
S214003B6019B91448FEF7E2FD0146402C1BD003D8D5
S214003B70DCB1202C1BD070BD602CFCD1042303FBD1
S214003B8006F2530803EB4113B3FBF2F30A4A203B59
S214003B9002EAC3032A6822F060022A602A681443F5
S214003BA02C606B61E7E70623E9E71023E7E70823C5
S214003BB0E5E700BF40410500F8FF7F0038B5054641
S214003BC0144619B90548FEF7B1FD014601396400EF
S214003BD0B1FBF4F10902696138BD00BF4041050040
S214003BE040F6AA63C36041F2050200230360426008
S214003BF0104A83604361C36482640F4A036690423E
S214003C0043678367C3670DD002F5806290420BD08E
S214003C1002F58062904205D002F58062904203D0A1
S214003C20836570470365FBE7036583650023C3650B
S214003C30704700BFF9FF01000000014038B5044698
S214003C4038F079FA0FCC044D0FC594E80F0085E8DC
S214003C500F00002038BD00BF7029002047F6FF7314
S214003C609A42F0B572D0062972D83A4B5B5C022BAA
S214003C706ED8394D05EBC304DF00A17815F8333054
S214003C80012938BF0121012B13D1E0780025401A05
S214003C90A84202D80844C0B2F0BD431BA0EB5303B1
S214003CA0666836F913609642CCBF03F1FF301D46B6
S214003CB0EEE760680028EFD0B0F90040944204DBDD
S214003CC0B0F902409442B8BF14468388FF2B04BF65
S214003CD0B0F90620B0F908C03D440FBF0126002603
S214003CE0C8224FF0280C131B93FBFCF333446E786A
S214003CF01BB29E4201DD002B01DA731E1BB201339C
S214003D009BB24FF47A7C071D5D1E2DB24FEAC50E9E
S214003D1000EBC5059E42EA88AD6814FB025222EA13
S214003D20E27202F15C02B2FBFCF205DD37F83350BA
S214003D30954203F10103E7D200EB0E039888904208
S214003D4028BF1046884238BF0846A4E7FF20A3E7EE
S214003D500020A1E7C87F0400702900200629F0B5DE
S214003D6061D8324B595C02295DD8314B13F83100CB
S214003D70012816D103EBC1039C78D8785B68012C28
S214003D80214638BF0121904294BFC1EB0001C1EB30
S214003D900201CAB2001B8242C8BF002233F91200D9
S214003DA0F0BD002A3DD003EBC103596800293AD084
S214003DB09878904202D3B1F90200F1E7DC78B1F9C5
S214003DC000009442ECD95C788B88A3F1FF06013C96
S214003DD0734201F10405E4B2734101F10C07DEB24F
S214003DE0B44216D805EBC3034FF47A75B3F9024014
S214003DF05B686A43D21A04EBD47302EB630292FB4D
S214003E00F4F29042CCDBB1F902009042C8DC10B26A
S214003E10C6E737F833C0944503F10106E2D33346CC
S214003E20DDE70448BCE70448BAE700BFC87F0400E3
S214003E30702900200CFEFFFF0080FFFF08B5044835
S214003E40FFF7FCFEBDE80840012038F099B900BF36
S214003E50D07F04007FB5094B09490222CDE9012332
S214003E604FF08373CDE903134FF0FF300D2301A904
S214003E70059338F0C1F907B05DF804FB006A180036
S214003E8006010C00024B03480122C3F800267047C7
S214003E900010C84300000F40094B98420ED003F5AF
S214003EA08063984209D10122064B03EBC2035A688D
S214003EB0054B13449B0000221A6070470022F3E76C
S214003EC000000F40408104008005F21010B5044643
S214003ED02369DB07FCD404F1800032F01BFA014BA7
S214003EE0236510BD510545012DE9F043064689B00E
S214003EF0174698460C4600294DD1FFF7C3FF0146EA
S214003F000446304632F08DFB4FF0010996F86C50AF
S214003F1006F15C01C5F10F06C5F10E03F6B22A469E
S214003F200DF1010001358DF800303CF0BBF832464B
S214003F3000210DEB05003CF007F9C6F11000012347
S214003F403246002168448DF80F303CF0FDF832F020
S214003F5089F904F1800605466946304632F0DAF9FA
S214003F600E4B23652369DB07FCD404A9304632F0E8
S214003F70EEF9284632F07AF9424604A938463CF073
S214003F8091F8B9F1000F02D02046FFF785FF002018
S214003F9009B0BDE8F0834FF00009B7E7055101000E
S214003FA02DE9F04F89B00546DDF8489016461F46C5
S214003FB00C4639BBFFF766FF01460446284632F03A
S214003FC030FB4FF0010B6B6C33446B6432F04AF9F4
S214003FD08246D6B9504632F049F9BBF1000F0ED0F2
S214003FE032F040F905F14C01064604F1840032F047
S214003FF0AEF9304632F03AF92046FFF74DFF09B0E9
S214004000BDE8F08F4FF0000BDDE72B79102EB046A1
S21400401028BF4FF01008012B0DD110220021684652
S2140040203CF092F83946424668463CF03BF8694612
S2140040302046FFF74BFF394604F18C0032F06AF950
S214004040124B2365012363652369DB07FCD404A9AF
S21400405004F1800032F07BF904A9424648463CF061
S21400406021F8297961B9102268463CF06DF8494676
S214004070424668463CF016F869462046FFF726FF9B
S214004080C1444744A6EB0806A3E700BF480559030A
S21400409070B5048804F4E043B3F5005F05461ED10E
S2140040A0C4F30223042B1AD181F0AA6383F480732D
S2140040B033F47E13204821F47E1618D081F0AA63CC
S2140040C083F4007333F47E1311D0864230D1B4F5F6
S2140040D0105F0CBF6FF086006FF0850070BDB4F502
S2140040E0105F25D1144B21F47E119942F1E78642E8
S2140040F04FEA1143C1F305411AD1B4F5105F17D149
S21400410004390C2911D813F001000ED1073A062AFB
S2140041100BD86B88C02B0BD0B3F5807FDED0802BFE
S2140041200CBF00206FF08600D8E76FF08600D5E75A
S2140041306FF08500D2E700BF000140052DE9F04F83
S214004140A7B0DDE93475DDF8D880DDF8EC9008928C
S21400415006461C468A4629B96FF08602104627B0E6
S214004160BDE8F08F0028F7D0309B002BF4D0329BB0
S21400417013B9339B002BEFD1002F7DD1002DEBD14F
S214004180389B002BE8D0B9F1000FE5D03A9B002B06
S214004190E2D0399B002BDFD0338803F4E042B2F53F
S2140041A0005F74D1C3F30222042A70D184F0AA639C
S2140041B083F4807333F47E1306D084F0AA6383F40A
S2140041C0007333F47E136BD1C4F30543319AC9F8F8
S2140041D00030214630460993FFF75AFF0246002872
S2140041E0BCD17288089BB3EBD20F4FEAD20BB3D385
S2140041F0379B9D425FD83A9A099B93425BD84745C6
S21400420008D27B19984505D239462A4640463BF0E7
S21400421081FF4746702200210AA83BF095FF5A46C8
S21400422051460DF12D00CDF850B03BF03BFF234B2F
S21400423024F47E149C423BD13388B3F5105F37D10B
S214004240D9F800300693399B0397CDE90483339B56
S2140042500293329B0193319B00932A46309B0121A7
S2140042600AA832F0F9FA0246E0B9389B1D607021C0
S2140042700AA832F0E9FA71E7002D81D0B8F1000FF4
S2140042803FF46AAF379B002B7FF47AAF64E742F2C5
S2140042900402934204D184F0052383F4801390E74C
S2140042A0002393E7389900230B60C9F80030DEE757
S2140042B06FF08502DBE76FF089024FE700014005EB
S2140042C02DE9F04FABB0DDE938A4DDE93B65894662
S2140042D0099298460746002800F0A280002900F0C0
S2140042E09F80349B002B00F09B80369B1BB9379B2E
S2140042F0002B40F09580BAF1000F02D1002C40F060
S2140043008F801DB93D9B002B40F08A803E9B002B82
S21400431000F086803A9B002B00F08280359A41465A
S2140043203846FFF7B5FE0246002866D17A88099B14
S214004330B3EBD20F4FEAD20B72D33D9B9C4272D89E
S214004340AA4509D20AEB0402954205D251462246F6
S21400435028463BF0DFFEAA46702200210EA83BF05E
S214004360F3FE5A4649460DF13D00CDF860B03BF0ED
S21400437099FE2E4A28F47E1800219045CDE90A11B0
S214004380CDE90C1149D13A88B2F5105F45D1379B7B
S2140043900293369B01930AAF359B00932246CDE9E4
S2140043A00457349B0696CDF80CA00EA832F054FAAB
S2140043B00246C8B93A9B384603EB060C90469C4525
S2140043C01FD11EB13146384632F03EFAB8F1000F22
S2140043D020D03E9A002313601CB12146284632F0B6
S2140043E033FA6FF0940204E01EB13146384632F0DC
S2140043F02BFA70210EA832F027FA10462BB0BDE833
S214004400F08F10F8011B13F801EB81EA0E0148EA61
S2140044100108D4E73E9B1C60EBE76FF08502E8E7F7
S2140044206FF08602E9E76FF08902E6E700014005D3
S2140044302DE9F04F8FB09846DDF86CA004909346B7
S2140044400023B8F1000F16D0D8F800401029CDE9A7
S2140044500633CDE908330CBF08231023029300254A
S2140044605D450AD3B8F1000F01D0C8F8004000201F
S2140044700FB0BDE8F08F4446E8E75CB1199B1A9A86
S2140044801B5D525D013453400AF8053004F00F04FA
S2140044900135E5E7FFF7F6FC4FF440434460036060
S2140044A0064631F0DFFE029A04990746304631F0A0
S2140044B083FF06F1840318461899019331F02AFF0A
S2140044C03846ABEB050731F0D1FE27F00F0706F1B3
S2140044D0A0032F440593AAF11009BD4234D11A9BBC
S2140044E03B440AAD03F1100C186859682A4603C20B
S2140044F0083363451546F7D10F2F0ED90AEB07038D
S21400450006AD103B0DF1280C2A4603CA624518601A
S2140045105960154603F10803F6D106F180035744A7
S2140045200AEB0B0903934F4536D131F09BFE1899E1
S2140045300546019831F00BFF284631F097FE3046CD
S214004540FFF7AAFC5D468BE731F08CFE224B03900A
S21400455033653369DA07FCD41A9B0598591931F08C
S214004560D9FE0F2D0ED90DF1180C09EB05020DF131
S214004570280E634603CB7345106051609C4602F1DB
S2140045800802F6D106A906F1800031F0E0FE039895
S21400459031F06CFE1035A0E774B931F063FE0E4BB7
S2140045A0336505463369DB07FCD40398199931F067
S2140045B0CEFE284631F05AFE04F138030DEB030216
S2140045C0199B12F8102C1B5D0134534007F8013B71
S2140045D004F00F04A7E700BF480503012DE9F74FD5
S2140045E0DDF848A0DDE90E74DDE9106883461D4657
S2140045F0894621B96FF0860003B0BDE8F08F002A27
S214004600F8D00FB9002CF5D116B9B8F1000FF1D1DA
S214004610BAF1000FEED02E4B9D4215D00BD82D4B85
S21400462025F4807199420FD003F580639D420BD02C
S2140046306FF08500E0E7284B9D4205D025F4007119
S214004640A3F580739942F2E7BBF80030B3F5105F2C
S214004650EED1BBF80230B2EBD30FE9D3802B02D0F9
S214004660B3F5807FE4D124B3B7420AD23B199E4209
S21400467007D24445BED83946224630463BF04AFD6E
S2140046803746164BBBF802B09D424FEADB0BCFD144
S2140046904445AFD814F00F05ACD17319009301222E
S2140046A07B195946484632F010F930B91035AC42FD
S2140046B0F3D8CAF8004000209EE742460021304664
S2140046C03BF042FD0023CAF800306FF0920093E7FB
S2140046D00010C004004040040012C004004440041F
S2140046E02DE9F04F91B0DDE91A4ADDE91C56DDF8F8
S2140046F0789007469B46884629B96FF0860840465C
S21400470011B0BDE8F08F002AF7D014B9BAF1000F47
S214004710F3D10DB9002EF0D1B9F1000FEDD0574B03
S2140047209B4515D00BD8564B2BF4807199420FD071
S21400473003F580639B450BD06FF08508DFE7514B90
S2140047409B4505D02BF40071A3F580739942F2E7E0
S2140047503B88B3F5105FEFD17B88B2EBD30FEBD37A
S214004760802B02D0B3F5807FE6D1BAF1000F04D1DA
S214004770C9F800A04FF00008C1E7AC420BD204EB2A
S2140047800A039D4207D2B245B7D82146524628466C
S2140047903BF0C0FC2C46394B7F889B454FEAD70739
S2140047A058D003F540739B4521D0374B9B45C3D16A
S2140047B0B245A2D81AF00F0B9FD140463B4608AA36
S2140047C0394632F0BCF88046002898D105EB0B033A
S2140047D00093002204EB0B03394608A832F075F864
S2140047E0804670BB0BF1100BDA45EFD8C0E7AAF194
S2140047F00D0AB2453FD801238DF810300DF1110295
S214004800234604F10C0153F8040B42F8040B8B42C8
S214004810F9D11B7813704FF48073ADF81E300D3449
S21400482004ABCDE900334046CDE9024500235246AD
S2140048303946FFF7FDFDC9F800A0804600283FF482
S2140048405EAF3246002128463BF07EFC0023C9F8C6
S214004850003054E7AAF1100AB2453FF64EAF04AA5C
S21400486004F1100C20686168134603C308346445DD
S2140048701A46F7D1D4E76FF0890840E70010C00465
S214004880004040040012C0040044400410B54FF439
S2140048902F72044600213BF057FC8023C4F88C306E
S2140048A0054BC4F88430012384F8883004F19C005A
S2140048B0BDE8104031F062BB5081040010B5D0F85E
S2140048C0A0400A4684B932F045FA044610B90024DE
S2140048D0204610BD2D2896BF064B074953F82010DA
S2140048E0064832F07EFBF3E7D0F8A4101046A04747
S2140048F0EDE700BFFC810400598104008CAA040087
S214004900F8B590F88060044616B100263046F8BD2B
S21400491032F051F80028F8D1012384F8803094F85A
S214004920883033B1D4F88410194884F8886032F09F
S21400493058FB4FF0FF37D4F8B402421C1CD0C4F822
S214004940B47210F0FF0520D0204632F031F8294628
S214004950204600F0AFFB0028EDD0204632F036F8B7
S21400496094F888306BB1D4F88410094832F039FBDB
S214004970002384F8883004E032F018FB431CE0D1B2
S2140049800126002384F88030C0E70126D3E700BF65
S21400499010A60400F8B50B78302B04460D461646D4
S2140049A004D14B7803F0DF03582B11D0284F6A1E32
S2140049B012F8011F002935D128460A2230F0E8FCFB
S2140049C0202C03460D4632D1B1FA81F040091BE097
S2140049D04A1C1F4912F8013F93B928463BF082FB58
S2140049E01C4B2340032BA0F1020012D10134A4106B
S2140049F084420AD1A87837288CBF0020012003E023
S214004A00CB5C13F04400E5D1F8BDCCBF01200020FC
S214004A10FAE7002CB8BF0334B0EBA40FD4BF0120D4
S214004A200020F1E77B5C13F00400C1D1ECE726B16F
S214004A30084302D0013B61F100050122A240013A81
S214004A401A40002D08BF9A420CBF01200020DBE769
S214004A50290E050003000080F0B503787B2B014685
S214004A6017D10D4F06460224002216F8015F7D2D51
S214004A7005D10B5D6BB9D24302F0010008E07B5D07
S214004A8013F0440002D001320134EEE7202DFBD0B3
S214004A90F0BD0020FCE700BF290E050070B50646F5
S214004AA00D463BF01FFB0446304632F09AFA044EA1
S214004AB0AC4200D370BD304632F093FA0134F7E7CB
S214004AC0489D04002DE9F84F044602216048FFF790
S214004AD0E5FF1E212068FFF7E1FF6368586832F0A3
S214004AE080FA5C4832F07DFA67683B7BFD2B12D873
S214004AF0D7F80880DFF85891DFF8B4A1DFF870B176
S214004B0040463BF0EFFA0C3706464FF0FF3417F8F6
S214004B10013BFF2B01D1BDE8F88F212B14D8212BA8
S214004B2014D8DFE803F0178C8884807C787413131D
S214004B30131313131313706C6864605C58541313C8
S214004B40131313131313504CFE2B34D006B1013439
S214004B50414D02E006B10134404D02214846FFF7C0
S214004B609DFF1E214846FFF799FF504632F039FA5E
S214004B70594628463BF08CFA3949002818BF294682
S214004B80384832F02EFA3B78202B02D12B2032F018
S214004B901CFA354832F025FA4EB118F804301F2BAF
S214004BA005D018F804001F2801D0B4424BDB294872
S214004BB032F017FAABE706B101342C4DCDE706B15B
S214004BC001342B4DC9E7002EA1D001349FE706B172
S214004BD00134284DC1E706B10134274DBDE706B1C3
S214004BE00134264DB9E706B10134254DB5E706B1C7
S214004BF00134244DB1E706B10134234DADE706B1CB
S214004C000134224DA9E706B10134214DA5E706B1CE
S214004C100134204DA1E706B101341F4D9DE706B1D2
S214004C2001341E4D99E706B101341D4D95E706B1D6
S214004C3001341C4D91E706B101341B4D8DE706B1DA
S214004C4001341A4D89E732F0C0F90134A9E700BFF4
S214004C50C1DB040033870400C1820400BB82040069
S214004C601283040010A60400DC97040041C0040070
S214004C70C9820400D2820400D9820400E4820400BF
S214004C80EE820400F8820400E3820400ED82040051
S214004C90F782040000830400048304000C830400ED
S214004CA0B5820400BC8204000B830400B4820400B6
S214004CB0A9AF04002DE9F04F9BB005468B46009245
S214004CC004933BF00FFA249F049B059000241C607D
S214004CD00AAA3C6009A9284632F0A4F9064658B943
S214004CE00A983BF0FFF9049B1860D5F89C300393B4
S214004CF03446B146039B1BB920461BB0BDE8F08F77
S214004D00039B9B680193002B69D02E4416F8013B49
S214004D10202B12D000260C23019A734302EB030AC1
S214004D20D3580293002B55D0DDF82480C84551DBBC
S214004D309AF808302BB1721C35E03B6801333B60B3
S214004D40E4E73B68D5F894200299D21A049B1A60CF
S214004D501AAB03EB890353F8403C069318463BF026
S214004D60AFF907900028E6D102983BF0BBF9DAF8D5
S214004D700410079AD7F800A00346087BFE2816D131
S214004D8008F1FF38C8452ED00B68069802920193AA
S214004D903BF0A8F90AF10103029A0344E95C21B149
S214004DA03B6009F101091646B5E70133F6E7D5F889
S214004DB09420A2EB0A029A42BDDC584606933BF0CA
S214004DC091F9069B03447B2B1DD91F4A0099584630
S214004DD031F0FBF8059A2B462A449A422AD1039BC7
S214004DE01B68039386E7D5F89420A2EB0A029A4242
S214004DF0E3DDD1F8008058F80C2B82B9059B3B60A8
S214004E00049B1A60E6E7029A0099584631F0DDF8EE
S214004E100E4A00995846013431F0D7F88BE70099CE
S214004E20584631F0D2F8094A0099584631F0CDF884
S214004E300134E0E713F8011B0029CED14FF0200122
S214004E4003F8011CC9E700BF14830400489D040052
S214004E502DE9F04786B0DDE90EA800241C60064662
S214004E6089468AF800401168154888F800401746B9
S214004E701D468DF81740FCF751FE18B92B68013314
S214004E802B600124D6F89C60002036B914B10123AB
S214004E9088F8003006B0BDE8F087B06868B14B46C9
S214004EA0CDE902A8CDE900750DF11702002131F019
S214004EB0F0FE9DF81730002BE8D13668E5E700BF16
S214004EC0198304002DE9F0430026ADF5457D044620
S214004ED07C22314605A802AF04963BF035F90097D0
S214004EE003AB802204A92046FFF7E4FE01283ED14A
S214004EF004A83BF0F7F803993B68A0EB01080B44C5
S214004F00234428EAE878054604A8014442461846A1
S214004F103BF0C8F800F80860D4F89060039B396846
S214004F20D4F890201944B14212DCD4F89410E81A50
S214004F300244C4F89020014404AAC4F89410D4187B
S214004F4025182B1B002B0DDC0DF5457DBDE8F083E9
S214004F50A05C32F03AF8D4F890300133C4F89030C0
S214004F600136DBE714F8010B32F02FF8E9E7EBDD4A
S214004F7024AD8022314628463BF0E6F844AB4FF499
S214004F800072314618463BF0DFF80DF11009034673
S214004F904A464FF00108314612F8016B002E49D1FF
S214004FA004A843F828103BF09DF82946334619F824
S214004FB0016B0DF5887C5CF8042B824243D10133EB
S214004FC0984501F8016BF2DAD4F89060039BB3427F
S214004FD042DC364A3648234604A932F002F8284610
S214004FE03BF080F8039B3F6806461F44F61AE0191C
S214004FF01D4426EAE67204F198031744984204EB2F
S21400500007014ED204F1900399424AD96A1E8119CB
S2140050100B1A002B39DD12F8013F00F8013BD4F8DB
S21400502090300133C4F89030D4F894300133C4F88B
S2140050309430EDE7202E01F1010104BF43F828105B
S21400504008F10108A8E70DF1100E7244D25CB242D6
S214005050B1D00022EA54B7E7D4F89030E05C31F0E3
S214005060B4FFD4F890300133C4F890300136ADE781
S214005070D4F890200132C4F89020D4F8942001325D
S214005080C4F89420013B002BF2DC0023E3552E44A9
S214005090731B002B7FF758AF15F8010B31F095FF07
S2140050A0F6E729463AF0FEFF3346ECE75081040067
S2140050B01E8304002DE9F843D0E9245604460F4623
S2140050C0002294F89830012B07D10A2F07D100232D
S2140050D084F898300020BDE8F88300F29F801B2FEC
S2140050E001D10223F4E70D2F0DD1012384F8983067
S2140050F00D2031F06AFF0A2031F067FF0023C4E973
S21400510024330120E7E74FF00008082F84F8988042
S21400511034D1454530DDB5420FD1384631F055FF24
S214005120013D202031F051FF384631F04EFF04F8A3
S2140051300580013EC4E92456CCE7FBDA05F1FF39C9
S214005140384631F042FF04EB0903A6EB0902611969
S21400515018463AF0DFFF04F806800146484831F06A
S21400516040FF013E35464D4501DC4D46E2E708204E
S21400517031F02BFF013DF6E7ACD0DBE77F2F1CD1EB
S214005180002EA7DDB542A5DA6319691C2144721BFF
S21400519018463AF0BFFF04F806800146394831F059
S2140051A020FF0820013E31F010FFB542F9D1D4F8B7
S2140051B09430013BC4F894308CE70A2F98D0092F1E
S2140051C003D12046FFF77EFE84E7D4F88C30013BFF
S2140051D0B3427FF77FAFB54204EB050805F101093E
S2140051E00CDB88F80070D4F89430C4F89090013343
S2140051F0C4F89430384631F0E8FE6BE7721B41463F
S21400520004EB09003AF086FF404631F0EAFE08203B
S214005210013E31F0DAFEB542F9DDE2E7022B06D1B7
S2140052205B2F01D1032353E784F8982049E7032B2B
S2140052307FF450AF413F84F89820032F3FF64AAFE3
S214005240DFE807F002070A160121204631F06EFE5D
S21400525040E74FF0FF31F8E7B542BFF63BAF605D81
S21400526031F0B3FED4F890300133C4F8903031E713
S214005270002D7FF72FAF013DC4F890500820BAE705
S21400528027830400C19804007FB5094B6A4603F1E2
S2140052901006154618685968144603C40833B34206
S2140052A02246F7D12846FEF7F9F8002004B070BD74
S2140052B02C83040070B5184B86B001AA03F11006C3
S2140052C0154618685968144603C40833B342224684
S2140052D0F7D11B882380114BD3F8B420120316D5C0
S2140052E0A3F500434FF6FF721B88934208BF4FF4A6
S2140052F0A5730B48ADF80A30FCF7C6FB2846FDF749
S21400530085FC3220FDF7FAFA002006B070BDD3F80F
S214005310B830C3F30803ECE73C8304000081E00FD9
S21400532000F0490207B5084B18680190202301A831
S2140053308DF80430FDF7AAFC3220FDF7D9FA0020DC
S21400534003B05DF804FB00BF4E83040010B50C48A4
S2140053500C4C6FF00403A02113F0800F03F1010240
S21400536007D12344332A83F800131346F4D10020D0
S21400537010BD03F00F03043B034419761346EBE716
S21400538000ED00E000E100E010B5044630F06AFFF2
S214005390024B1C6030F06AFF002010BD98290020E8
S2140053A010B530F05FFF034B1C6830F05FFF2046FF
S2140053B010BD00BF9829002038B50C46154601469A
S2140053C010B9FFF7EDFF01462B462246034811F0C1
S2140053D0AFFD0028D4BF3720002038BD8D710300F4
S2140053E030B5144687B00546104631F001FF6369B4
S2140053F083423CBFD4E903315B181B1A02467BB1DB
S2140054000F4903910021CDE9013101230494009353
S214005410D4E90013284630F0D5FE002007B030BD92
S2140054200122627694F82D20002AF6D084F83530D2
S2140054301321E36920469847636A20469847ECE7BD
S214005440E15300002DE9F04788B004460F461646A3
S214005450984630F012FF8146002E7BD0237E03F064
S214005460FF02002B00F0A380204631F0C1FE6569E4
S214005470A84205D1637ED4E9033213445D1B01E0E4
S214005480F9D9451BB54228BF354630F0F6FE94F8EC
S2140054902D308246002B6ED161692A4638463AF096
S2140054A001FE63692B4463612E4621E0037803F016
S2140054B0FD0111295CD1216B814205D1A3F11101B7
S2140054C04B424B4184F83430013E6369216B8B427A
S2140054D003F1010308BF23636361013295426069EB
S2140054E0E4D1D4E90323216B1344994200D122630B
S2140054F0D4E903236169207A134499424FF00005EA
S21400550008BF62616576FCF765FD204631F070FEE7
S2140055106369834232D194F82D302576E56865615B
S21400552003B12563636A20469847224B0393002302
S214005530049402932369019301230093636821680E
S214005540207A2A4630F03EFE207AFCF763FD50466D
S21400555030F099FE4846C8F8006030F094FED8F85F
S2140055600030002B0CBF1B20002008B0BDE8F087E1
S21400557007F8013BA9E72E460022AFE70123237672
S214005580207A0DF11E01FCF7ADFD9DF81E30002BB4
S214005590DAD00DF11F01207AFCF77CFD9DF81F1074
S2140055A00029D1D1207A2246FFF71AFFCCE716460B
S2140055B0D0E700BFE1530000002807DB044A41099A
S2140055C0012300F01F00834042F82130704700BFDF
S2140055D000E100E0002808DB4309044900F01F0052
S2140055E001226033824041F82320704700E100E04A
S2140055F070B504460568FFF7D3FE844202D100204A
S214005600FFF7C2FE95F936603046FFF7E3FF002E3F
S2140056100CDB7309194906F01F0620330122B2403D
S21400562041F82320BFF34F8FBFF36F8F95F9376094
S2140056303046FFF7CFFF002E0CDB73090F4906F04C
S2140056401F0620330122B24041F82320BFF34F8FBC
S214005650BFF36F8F287AFCF7FDFC287AFCF75EFC18
S214005660FCF73AFC0023C4E90033C4E90433A36022
S2140056702846AB6ABDE87040184700BF00E100E06E
S2140056802DE9F0430C461546064687B04022002119
S21400569020461F463AF058FD002395E803002A6985
S2140056A02376EB68E360C4E904232A7D84F82C2083
S2140056B0AA7D2363012384F8343084F835300E9BAA
S2140056C0236284E803000F9B6362109B84F82D20FE
S2140056D0E761A3622B7A84F836306B7A84F8373029
S2140056E02D4B73602D4BB3602D4B33612D4B3460C7
S2140056F073612D4BF360FCF737FC38B12B4B9842A7
S21400570004D01024204607B0BDE8F083002104F141
S2140057100800FCF7B1FB07460028F2D1244B3362A1
S2140057204FF00108234B84F83C80B361224BF361B1
S2140057309DF8483084F83B309DF8443084F83A3081
S214005740697D84F8390084F83880204631F061FDA0
S21400575095F909904846FFF73DFF4846FFF72CFFAE
S214005760164B0494CDE902732369CDE90083636880
S214005770E2682168207A30F025FD04460028C0D172
S21400578095F908502846FFF725FF2846FFF714FF2F
S2140057903046FFF7F9FDB5E7637203004554000095
S2140057A0DF710300E5710300F1550000038000F08F
S2140057B0B971030013720300EB710300E15300009C
S2140057C02DE9F04186B01C46524B0C9D0293524B7D
S2140057D001930126514B0093CDE90366504B90464A
S2140057E00A462946FFF74CFF0746002856D123688D
S2140057F02B6463686B64637A85F84930237A85F88E
S2140058004830E37A85F84B30A37A85F84A30637BD4
S21400581085F84D30237B85F84C30E37B85F84F3098
S214005820A37B85F84E303F483146FCF72DFE3E48B8
S2140058303146FCF729FE617A207A33460422FDF7CA
S214005840FFFE33460222E17AA07AFDF7F9FE606891
S2140058503146FCF719FE88F800704146206830F0A3
S21400586045FE2268536F43F003035367936F617CD2
S21400587023F4F85323F01F0343EA0123A17C0B43D0
S21400588093670323536785F8507098F81920202AE9
S21400589028D007D8E2B1102A38D02327384606B0D9
S2140058A0BDE8F081302AF8D185F850300222002376
S2140058B0617B207BFDF7C4FE2368E27CDA675A6EC4
S2140058C042F004025A665A6F42F010025A6766B9EE
S2140058D02A6C2068D36C43F00403D364052130F0AF
S2140058E0FEFDDBE7022385F85030E17BA07B00233A
S2140058F00422FDF7A5FE2368217DDA6F42EA012225
S214005900DA675A6F42F020025A67E1E733463E46AE
S214005910CAE700BF8F730300837303001B74030082
S2140059200F7403004041050000350A0007B501F07A
S21400593019FB6A4601F07CFB18B10448522100F0BE
S214005940DDFADDE9000103B05DF804FB52830400D4
S21400595008B501F03BFA18B102487A2100F0CEFAF9
S214005960002008BD5283040008B500F025FA0D4A51
S214005970536A43F4E0235362EFF308830A4A043B76
S2140059804FF0CD31934209D2084B01221A61FFF73E
S214005990DFFFBDE808400648FEF750B943F8041993
S2140059A0F0E700BF00ED00E00000002000300E40F1
S2140059B08880040007B504220DEB0201002036F0B3
S2140059C097FB042804D0054840F2671100F096FAC9
S2140059D0019800F0D9FB03B05DF804FB5283040085
S2140059E010B50A0A41400748C9B2082301F001046D
S2140059F0490804B14140013B13F0FF03F6D181EAA8
S214005A00020010BD2083B8ED2DE9F843134C144E68
S214005A10DFF85480134FDFF85490002523780BB935
S214005A20BDE8F88356F8043B22464146002031F094
S214005A30B6FB227823460134002AFAD15B7853B1AC
S214005A4005F00303032B0CBF39464946002031F00E
S214005A50A6FB0135E2E73946F8E700BFCA8804002E
S214005A600010002032870400AF830400A8C10400A1
S214005A706B4B1B8840F6052293422DE9F0410ED869
S214005A80B3F5206F0DD840F20252934218D040F280
S214005A900172934220D040F2015293420AD0BDE8F0
S214005AA0F081A3F602235F4C032B1ED8DFE803F039
S214005AB0376396B25C490020BDE8F04131F06FBB19
S214005AC05A49002031F06BFB564B1A6C5849BDE81A
S214005AD0F041002031F063BB524A5649BDE8F04120
S214005AE0D2E92423002031F05ABB5349002031F07C
S214005AF056FB94F868309E0703D55049002031F0D5
S214005B004EFB94F86B305D0603D54D49002031F00E
S214005B1046FB94F96B30002BC1DA4A49CBE74A4979
S214005B20002031F03CFB94F86430980704D0226CD7
S214005B303F49002031F033FB94F96430002B04DA3F
S214005B40226F4249002031F02AFB414FDFF80C81DA
S214005B5000250126626E06FA05F3134207D057F8B1
S214005B60252013781BB14146002031F018FB013583
S214005B70082DEFD193E73749002031F010FB2C4970
S214005B80226C002031F00BFB94F86530590703D5E2
S214005B903149002031F003FB94F96530002B04DA1C
S214005BA0226F2A49002031F0FAFA294E2B4F082599
S214005BB0636EEB40DA0707D556F8252013781BB13D
S214005BC03946002031F0EBFA0135102DF0D194F86B
S214005BD0640000287FF463AF21496DE721491C4E1D
S214005BE01E4F002031F0DBFA226C1149002031F004
S214005BF0D6FA1025636EEB40DB0707D556F825204E
S214005C0013781BB13946002031F0C9FA01351A2D38
S214005C10F0D144E71449002031F0C1FA226C55E770
S214005C206A43002000100020B9830400F7830400B4
S214005C3028840400438404005F84040078840400FD
S214005C40B3840400E7840400248504004A85040025
S214005C50249004007185040089850400688504008A
S214005C60D0850400018604001B8604002DE9F04F51
S214005C70424CD4E90D32D4E9121B580748BF00261F
S214005C80D4F83CA05DBFD4F850803D4EDFF81C91A0
S214005C90DFF81C915ABF8B469246B04613F0080FA9
S214005CA0384B394A394918BF1A46B6EB080718BFA9
S214005CB07D0885B01BBF642303FB0B553D46B5FB33
S214005CC0F7F54B4618BFADB2CDE9016ACDF80080B6
S214005CD00020BFB231F063FACDE900972C492B467D
S214005CE01FFA8BF2002031F05AFAB24501D8C245AD
S214005CF004D228494A46002031F051FAD4E9170365
S214005D00184338D02449254FDFF8A880002031F00A
S214005D1046FA00250126E26D06FA05F3134207D07F
S214005D2057F8252013781BB14146002031F037FA8A
S214005D300135202DEFD11A4FDFF878800025012697
S214005D40226E06FA05F3134207D057F8252013787B
S214005D501BB14146002031F022FA0135122DEFD159
S214005D601049002031F01BFA0E49002005B0BDE8AE
S214005D70F04F31F014BA0C49F4E700BF00100020D1
S214005D800010002042860400498604005186040064
S214005D9083860400BD860400DC8604005C8F040055
S214005DA0DC8F0400338704000C8704003D86040063
S214005DB0C6C704000FA6040010B5FDF72FFE044664
S214005DC0FDF726FEE30721D401221046114600FA0D
S214005DD001F3234002F101021AD0214B33F81130AF
S214005DE02049062B19D040F20722934212D14FF0D9
S214005DF000524FF20F00548884420BD1108898420C
S214005E0008D14CF23C335380088010BD0021E4E7F3
S214005E10112ADBD1134A138012E04FF000534FF2E1
S214005E200F025888904218D11B88B3F5406F28BFE0
S214005E304FF4C0630B804FF000534CF23C325A8054
S214005E40084B1A8840F201739A4201BF064A074B74
S214005E50D2E90001C3E90001D7E74FF4C063E9E7E0
S214005E60A88804006A430020901000209C29002087
S214005E70014B1888704700BF6A430020014B188802
S214005E80000A70476A430020044B05481B881A0A1C
S214005E90B3F5406F38BF00EB820070476A430020BE
S214005EA078880400044B1888044B020AC0B253F8E2
S214005EB0223003EB800070476A43002048880400C5
S214005EC010B5044630F0D5F94FF000534FF20F02EC
S214005ED01C805A80BFF35F8FBFF34F8F0549064B78
S214005EE0CA6802F4E0621343CB60BFF34F8F00BF73
S214005EF0FDE700BF00ED00E00400FA0538B50446F3
S214005F000D4637F06EF808492B462246002031F041
S214005F1046F931F025FB30F0ACF929462046BDE8BD
S214005F20384031F003BB00BF228704006B4A6C4B3D
S214005F302DE9F04155685D65516A996569496A4C75
S214005F40D1F80002D865D1F804121966916A59662C
S214005F50D16A9966116BD966516B1967D26B586B0B
S214005F605A67D3E90E1210F0040F18BF11465F4AA5
S214005F701A6500209142D8645DD301F12000A0424A
S214005F8059D888691864C5F30805CE695E64062D7D
S214005F9055D1574DA84252D3564DA8424FD20588E8
S214005FA04DF6426085424AD11868C3F8900058689A
S214005FB0C3F8940040F20170A242154605D22E683E
S214005FC0B6F1CD3F02F10402F6D00022C3E91E224C
S214005FD0C3E92022C3E92222641BDFF814C1424D24
S214005FE0DFF810E19C648D422CD8D3E91EC7D3E9B4
S214005FF02065D3E922414FF0000E013AD2B2FF2AC3
S2140060003BD1BEF1000F05D0C3E91EC7C3E920652A
S214006010C3E92241B3F85430C3F30803DA1E0F2A4B
S21400602052D8DFE802F03458414451515151514E94
S2140060305151515151380021C3E910112B494FF4E9
S2140060402060B9E755F8044D6445CCD37445CAD2F0
S214006050E607C8D5284F002657F8048FA045C2D0BB
S2140060600136062EF8D132B1013AD2B202F11E063E
S21400607043F82640B7E70522F8E7E0464FF0010E62
S214006080BC4637462E4625460C464146B5E740F602
S2140060900120BDE8F081194BDB6913F0020F40F2D6
S2140060A0025318BF1846F4E740F60320F1E740F223
S2140060B0017240F60423B0F5206F14BF1046184650
S2140060C0E7E740F60520E4E7013B40F60722412BD0
S2140060D098BF1046DDE740F60220DAE700ED00E064
S2140060E00010002000E100E000100020000000206A
S2140060F00C01000080010400741000200020054000
S21400610000F00CB800F00AB800F008B800F006B8C6
S21400611000F004B800F002B800F000B872B61EF046
S214006120080F09D01EF0040F0DD0DFF850E0AEE8DF
S214006130FF1F6FF002000CE0DFF840E0AEE8FF1F44
S2140061406FF00E0005E0DFF834E0AEE8FF1F6FF0FA
S21400615006006946EFF309828EE80700864608487F
S214006160084C854501D3A54501D384F30888FFF77D
S214006170DDFE84F30888FFF7A3FE00000010002071
S214006180400000200010002083B24BF6EF62002B88
S21400619008BF1346044A000C13804FF6CE2308BFF0
S2140061A01846024B188070470A1600200816002072
S2140061B00B4BB3F900201888002AB8BF80F06200A5
S2140061C042001A80074AB2F9001013880029BCBFA3
S2140061D083F4805383F00B035900118058407047B6
S2140061E00A1600200816002008B501F00DF960B167
S2140061F00A4B0344072B0DD8072B0BD8DFE803F018
S2140062000C060A080A0A0A04C12008BDC320FCE7D7
S214006210C420FAE7C520F8E7C220F6E7FF1FFF0F05
S214006220F0B551B1002807DA2D23B0F1004F1370F6
S21400623000D04042012100E0002100250E4F2C46F0
S21400624057F8046B002301E0801B6346864203F187
S214006250010CF9D913F0FF0300D125B14D1C3033E2
S2140062605354E9B201250134E4B2092CE8D13030A8
S2140062705054481CC0B2F0BD949004002DE9F04F75
S214006280002495B021468046164603A84422029470
S2140062909A4639F059FFA146274602AC2546317882
S2140062A059B9641BE4B2224629460020C04700289C
S2140062B040F08F803819C0B28CE0252918D0B9F18B
S2140062C0000F19D104F8011B12AB9C42C0F0D3801A
S2140062D0641BE4B2294622460020C0470146002837
S2140062E077D13C4448222846E7B239F02DFFC1E07A
S2140062F0B9F1000F00D101363278622A47D021D892
S214006300252A3ED004D8002ACBD04FF00009DBE780
S214006310392A15D82F2AF8D9717801F0DF015829C3
S21400632040F0D880322A06F1010940F0C0802046AD
S2140063303AF8041B042231F01AF904464E46E4E704
S214006340582A15E0632A6BD0A2F1640C5FFA8CFC25
S214006350BCF1140FD9D8614B012101FA0CF010EAF8
S214006360030940F08A8010F4104060D1BCF1140F8D
S214006370CBD120461AF8041B022231F0F8F8044666
S214006380C3E7214601F8022B62700C46BDE7DAF837
S21400639000300193DAF8043000934FF000090DF155
S2140063A0480B009B994502D10AF1080AADE7019B0C
S2140063B0204613F80910022231F0D9F85845044651
S2140063C012D3441BE4B2294622460020C0470146A9
S2140063D018B1002015B0BDE8F08F4822284639F0E5
S2140063E0B3FE3C44E7B22C46009B5A1E4A4584BF87
S2140063F0202204F8012B5C450FD3641BE4B2294627
S21400640022460020C04701460028E2D148222846FE
S21400641039F09AFE3C44E7B22C4609F10109C0E780
S214006420534653F8042B04F8012B9A466DE7641B79
S214006430E4B22246294648465AF804BBC04700281C
S214006440C7D13C44482249462846E4B239F07CFE8F
S2140064505FFA89F34F461BF8030009F1010900288B
S214006460F6D1FFB23A465946C0470028B1D13C445F
S214006470E7B281462C46013611E76C2ADAF80000AE
S2140064800AF104090FD17378752B01D0642B04D15F
S214006490B3F1750118BF012101362246FFF7C0FE91
S2140064A0CA46044431E7752A08BF0021F5E7342AB6
S2140064B010D15646042256F804AB20464FEA1A413D
S2140064C031F055F81FFA8AF1042231F050F8B2463E
S2140064D0044633E74FF00109F6E600BF010102006B
S2140064E008B5054813460A460021FFF7C7FEB0FA6E
S2140064F080F0400908BD00BF63750300054B1A789D
S2140065002AB95B78002B0CBF0320022070470120BD
S214006510704700BF6F4A00200329F8B598BF134B99
S214006520054698BF5C5C0E4688BF0024032805D845
S214006530DFE800F002080B0E44F002040C4B1F6864
S2140065404FB9F8BD44F00804F8E744F02004F5E736
S21400655044F08004F2E77B681A68144203D05B6854
S2140065603146284698473F68EAE700BFB8900400DF
S214006570D029002038B5104D2B78ABB10F4C2378BE
S2140065801BB131F015F800232370002031F011F80C
S2140065900B4C50B100F0DEFA002320782B7001215E
S2140065A0FFF7BAFF0123237038BD064B01221A708D
S2140065B0054B22781A70F7E76B4A0020694A0020DC
S2140065C0714A00206C4A00206D4A002010B52FF05A
S2140065D049FE064B1B7804461BB1BDE810402FF061
S2140065E045BEFFF7C7FF2046F7E700BF684A002012
S2140065F0094A137830B101331370084B1B78012B0E
S21400660003D87047013B13707047054B1B780BB9D6
S214006610FFF7B0BF704700BF6F4A0020714A0020E6
S2140066206C4A002070B5144E2FF01CFE33780546D9
S214006630ABB900F0CBFB044620B128462FF016FE7F
S214006640204670BDAFF300800C482FF097FC00F09A
S2140066509BFE0B4B1C6000F09FFC0A4B186000F082
S214006660EFF930F0A8FF084B186001232846337076
S21400667000242FF0FBFDE3E7724A0020D02900201B
S214006680A4290020CC290020A82900202DE9F843C1
S214006690284A0138135C39B1274F3978013301296C
S2140066A0135404D8BDE8F883013B1354FAE7FFF708
S2140066B025FF0128044635D8DFF888802FF0D2FD64
S2140066C098F80030054613B31C4E33781BB90122E8
S2140066D032701B4A1370DFF8709099F8003023B1BF
S2140066E030F066FF002389F8003028462FF0BEFD04
S2140066F0012030F05EFF2FF0B5FD337805461BB164
S21400670000F028FA00233370002388F8003028466B
S2140067102FF0ACFD38788442C4D02146FFF7FCFE4B
S2140067203C70BFE70329F5D10228F3D100F05EFAEA
S214006730F0E700BF6F4A0020714A0020684A002038
S2140067406C4A00206B4A0020694A002038B52FF0BA
S21400675089FD094B1B78012B054604D82FF086FDD2
S2140067600024204638BD054B1C6800F031FA04446E
S21400677028462FF07BFDF4E7714A0020A42900206C
S21400678038B5416004462FF06DFD214605460448A5
S2140067902FF0F7FB2846BDE838402FF067BD00BF56
S2140067A0D0290020054B1B68584300F57420044B85
S2140067B000F23F20B0FBF3F0704700BFCC2900206A
S2140067C040420F002DE9FF47EFF3108772B6AFF394
S2140067D000802EF0B9FE002871D0714EDFF8E481FB
S2140067E0337823B10020FFF703FF00233370FFF751
S2140067F085FE0446002869D0841EE4B2012C6CD9BC
S214006800FFF77CFE0128674CDFF8BC91054600F2D6
S2140068108E802078A84205D099F80030002B00F032
S214006820B2802570207800F0BDF999F8003013B1D9
S2140068305D4B1B782370AFF3008007B962B6EFF3A9
S214006840108772B6594B1A7852B100221A70564BFE
S21400685020781B78984203D101212170FFF75CFE57
S214006860534800F0EDFA2EF083FE05460028B7D117
S214006870DFF8588198F80030A3B189F80000DFF8F7
S214006880409199F800301BB130F092FE89F8005024
S214006890002030F08EFE002879D000F05BF900234F
S2140068A088F80030337823B10020FFF7A1FE0023DC
S2140068B0337020780021FFF72FFE00232370AFF3FC
S2140068C0008007B962B604B0BDE8F0873378002BC5
S2140068D096D0FFF78DFE347092E703A9002000F0F3
S2140068E0FDFA044600288BD1D8F80030039A9A4265
S2140068F005D80120FFF77CFE0123337080E72D4B7F
S2140069001D6800F065F9039B05449D42F1D200F036
S21400691083F982000399264842F0020292B2CDE93A
S21400692000422346244A491B30F049FE68E7DFF858
S2140069309CA09AF80030CBB930F037FE207885421C
S21400694003D099F80030D3B125709AF80030002BA8
S2140069507FF468AF194B1B7823B930F028FE184B2C
S21400696001221A7001238AF800305BE720788542FE
S2140069703FF458AF99F80030002B7FF452AF294609
S214006980FFF7CAFDE0E72946FFF7C6FD49E7012005
S21400699000F008F907B962B6EFF3108772B677E72A
S2140069A06A4A0020714A00206D4A0020664A00208C
S2140069B0AC290020A4290020CD6500006E4A0020E6
S2140069C0694A0020A82900206C4A00206B4A002053
S2140069D010B52FF047FC054B00221C781A702FF0DC
S2140069E045FC00F0F1FB2043C0B210BD674A002012
S2140069F073B5114E3378834204460ED000230F4DF4
S214006A00ADF8043058B101A8FCF78AFA1E20FFF74B
S214006A10C9FE2B681B1A2B60347002B070BD0223AF
S214006A2001A88DF80530FCF77BFA1E20FFF7BAFEAA
S214006A302B680344EFE700BF4E160020D82900203D
S214006A4073B52D4C002501A8636A636A8DF804505F
S214006A50FCF774FB2846FFF7CBFFD4F8903003F022
S214006A600403AB42254B14BF01222A461A70D4F801
S214006A709030234CC3F30033237005D04FF41670C8
S214006A80FFF790FE1F4B186023781F4DEBB11120C7
S214006A90FBF74CFE1849D1F80031C3F3042303FB7F
S214006AA0000292B14C6C194EC4F30B44002301341F
S214006AB01946501E04EB8404E4FB06012EF046F94A
S214006AC0FFF770FE2B6803442B60114B1B680120F8
S214006AD0C3F303239840C0F1010000EB800064304C
S214006AE0FFF760FE2B6803442B60034BD3F890201F
S214006AF0084B1A6002B070BD00400E40754A002078
S214006B00734A0020E0290020D829002040420F00C8
S214006B1000200440D429002008B50B4B1B7893B105
S214006B20022000F003FC70B100F008FA58B1002211
S214006B3001210220FBF782FF30F084FD034B186032
S214006B40034B01221A7008BD754A0020DC2900207C
S214006B50744A002038B50E4C0E4D23782BB92B788E
S214006B601BB130F06FFD0C4B18602FF0A5FC2B7896
S214006B706BB10A4AD2F890301B07FBD530F062FDA5
S214006B80054B1B68C01A064B18600023237038BDDF
S214006B90744A0020754A0020DC29002000400E4080
S214006BA0E029002002280AD003280BD001280CD1A7
S214006BB0064A136923F00403136130BF70470020B0
S214006BC0FCF7C0B90020FCF7F3B9704700ED00E011
S214006BD0044B1B680BB103EBD303034A106818443D
S214006BE0704700BFE0290020D8290020084B45F652
S214006BF00E02D3F88011C3F88021064A126802F408
S214006C00A0721A66CA0744BF0022C3F880217047E4
S214006C1000400E40D4290020014B1878704700BF72
S214006C20754A002038B500F01FFB094C094B1A685E
S214006C3023680025C31A2AB123B15169994203D3A8
S214006C40C91A5161206038BD55615B1A9268F2E737
S214006C50E8290020EC290020C38870B504460D46BC
S214006C603BB9FFF773FD8542064602D230F091FC31
S214006C7035460E4965610B688BB90C60A3600DE064
S214006C80AD1A9A68656118466AB113465A69AA42EF
S214006C90F6D930B18460521BA3605A6170BD0020E3
S214006CA0F4E70C60F7E79C60A260F7E7EC290020A9
S214006CB038B5134D2B685B6993B1124A14680220ED
S214006CC01C4400F005FB204600F0D4FA0E492A6862
S214006CD000230B70D088800709D501230B7038BDC0
S214006CE0022000F0F5FA022000F018FBEEE79268AA
S214006CF0002AF4D050690344012BEBD9EFE700BF1C
S214006D00EC290020E8290020774A002070B51646B6
S214006D109DF814200271049A0260C0E9033600222E
S214006D20BDF81830826004460D46C380EEB900F008
S214006D309BFA2844A0619DB12E462FF093FA054693
S214006D40FFF770FF31462046FFF786FF104B1B68A3
S214006D50A34201D1FFF7ACFF28462FF087FA02E0E6
S214006D60E36865617BB9002070BD00F07DFA3044B1
S214006D70A061002DE0D1E3686561002BDDD02168BD
S214006D8020469847D9E7216820469847EBE700BF9A
S214006D90EC2900200C490B6800227BB183420AD103
S214006DA083687AB1936083681BB15A6941690A4463
S214006DB05A61002070471A469B68EEE70028EFD01D
S214006DC0022070470B60EEE7EC29002070B5154EE8
S214006DD02FF053FA34780546FCB9134B1C60134B5E
S214006DE01C60134B1C8000F0FBF9012000F070FAC9
S214006DF000F0C4FA0F4B0246186020B928462FF060
S214006E0042FA232070BD23460B4840F2E7312DF0AE
S214006E109DFF0A4B18600123337028462FF033FA83
S214006E200020EFE7784A0020EC290020E82900201F
S214006E306C430020F029002018FCFFFFE429002006
S214006E4070B5044640B32FF00DFA144E0546FFF712
S214006E50E9FE3068A04209D02046FFF79BFF0446B3
S214006E60B0B128462FF002FA204670BDFFF792FF19
S214006E7004460028F5D133683BB9022000F036FA04
S214006E8028462FF0F3F90024EEE7FFF711FFF7E7A7
S214006E903368002BF4D1F0E72224E5E7EC29002044
S214006EA038B50C460546A8B1A1B100230B702FF0EB
S214006EB0E4F9094B1B68012133B92FF0E4F90020EF
S214006EC038BD9D4204D121702278002AF9D0F4E71B
S214006ED09B68F1E72220F3E7EC290020F8B5064688
S214006EE00F462FF0CAF9134B1B680446002523B93A
S214006EF020462FF0C8F91B2011E05A691544DA889D
S214006F00B2420DD10C4E00F0AFF93368C01AA84259
S214006F100AD3002320463B602FF0B5F90020F8BDC9
S214006F20FF2EEFD09B68E2E700F09EF933682B4413
S214006F301B1AEFE7EC290020E829002008B5074BCC
S214006F40187848B130F07EFB054B1B689B69C01A69
S214006F5002288CBF0020012008BD00BF774A002011
S214006F60EC29002070B52FF088F9064600F07CF971
S214006F70084B1D8804460120ADB200F0D7F918B1C1
S214006F8000F072F90135044630462FF07CF92046B1
S214006F90294670BD6C430020014B1868704700BF3F
S214006FA0F0290020F8B50C4B1B68834205460E46B8
S214006FB00FD30A4B00241F6840F2E73021464FF4F7
S214006FC07A720023E5FB07012DF0C0FE30602046F4
S214006FD0F8BD2120FCE700BFE4290020F0290020AE
S214006FE0014B1868704700BFE42900200F4B1A6851
S214006FF010B59AB1531E4FF47A711342A0FB0101EB
S2140070000ED1B2FA82F2C2F11F04531CE040D24302
S21400701001FA03F3184321FA02F20243104610BDA8
S21400702000232DF093FE0246F8E700BFF02900206B
S21400703038B5154B8342154B8B41144621D3144B60
S2140070401A68F2B14FF47A75A0FB050305FB01310F
S214007050531E134211D1B2FA82F2C2F11F05531C1D
S21400706001FA03F3D243E84021FA02F21843104330
S214007070E940C4E90001002038BD00232DF066FE7B
S214007080F7E72120F8E700BFEFA7C64B3789410096
S214007090F0290020C2072DE9F84304460BD5474ADD
S2140070A0138801339BB21380FFF7BCFD444B1B686B
S2140070B00BB1FFF7FDFDA3077DD52FF0DEF80546E3
S2140070C0FFF7B0FD4FF000083D4F46463C680CB158
S2140070D063698BB13B4B0022012E1A7003D118F066
S2140070E0020F18BF1E70002C61D0FFF7E1FD284686
S2140070F0BDE8F8432FF0C7B823465A693AB91A795B
S2140071002179914288BF1C469B68002BF5D1284602
S2140071102FF0B9F82569DDB100F0A6F8A269A0EB5A
S21400712002084FEAE873A84573F1000311DB2369F0
S2140071301344A361E368B4F80680013613B12168EE
S214007140204698472FF099F80546FFF76BFDBDE7F8
S214007150A8462FF092F881462046FFF71BFE4846C9
S2140071602FF091F82369002BE4D0A38BB5EB08052C
S21400717033B1E28B13449BB2B3F57A7F0FD2E3832D
S2140071802FF07BF8294680462046FFF765FDA36969
S21400719022691344A36140462FF075F8CAE7A3F5A9
S2140071A07A73E383A369013B013DA361E8E702200C
S2140071B000F09CF89BE7BDE8F88300BF6C43002016
S2140071C0EC290020764A002010B52FF056F8034B25
S2140071D01C782FF058F8204610BD00BF764A0020D5
S2140071E010B51D4B86B01868596803AA03C2197AF1
S2140071F0D3F8090011700190B3F80D201748DB7B17
S214007200ADF8082001218DF80A300024FBF73CF980
S21400721003A88DF80C408DF81040FCF74DFC01A932
S21400722001208DF80440FCF727FC0D4A536A23F42E
S214007230FF6323F00703536240F2FF7313620120DB
S2140072409460FCF733FC074B4FF08042C3F8802174
S2140072501A6006B010BD00BFBC900400A009140060
S2140072600020044000E100E0014B9868704700BF32
S2140072700020044010B504462EF0F4FF124A93682E
S214007280516D9269520704D4CA1A032A01D899424A
S2140072900DD1E21A022A98BFDC1C0B4BB4F1FF3F5B
S2140072A038BF013C5C655A6A42F004025A622EF00E
S2140072B0DDFF064A137833B103490B6D43F0020332
S2140072C00B650023137010BD002004404F160020ED
S2140072D08207054A00F00103516A48BF43F00403E1
S2140072E00B435362704700BF00200440820700F043
S2140072F0010309D5074A0121117007490A6D22F0DA
S214007300030243F004030A6503494A6A22EA0303B8
S2140073104B6270474F16002000200440830742BF90
S214007320014B0422DA61704700200440064B012816
S2140073309B6904D0022805D1C3F38000704703F090
S21400734001007047002070470020044010B52EF062
S21400735094FF094A93690446590703F0010003F0B5
S214007360070348BF40F002001362FFF793FE204673
S214007370BDE810402EF087BF002004400148FBF710
S214007380D5B900BFA00914000A4BD3F8883003F023
S2140073900703013B012B10B50BD82EF063FF01212C
S2140073A004460220FFF772F92046BDE810402EF092
S2140073B05DBF10BD00400E4031282DE9F341054663
S2140073C004D82C46204602B0BDE8F0810B4E0C4F88
S2140073D0DFF8308000240023CDF8008038681A4695
S2140073E0194634F0EBFC8442EBD2322CE9D056F846
S2140073F0043BAB42E6D00134EDE700BFF89404004E
S21400740000110020FFFF0F002DE9F04F644E654D80
S2140074103168286889B010F0BDFE0446002827D0E1
S21400742033689A69D3E900011268904733689B690C
S21400743004A89B68984733689B690220DB689847D6
S2140074400024326805985368B3FBF0F3E7B2BB42FA
S214007450916904F101044DD8CB6800209847336841
S2140074609B695B6898473168286810F093FE04466D
S214007470DFF84C914C4FDFF84C81DFF84CA100262A
S214007480F4B94A4B28689B5D002B00F08380D7F840
S21400749000B002AB03AA594611F0BEF8504507D01B
S2140074A070B9039B012B0BD02868594611F0F8F8E9
S2140074B0D9F8003028681A68594610F0DDFF0446EF
S2140074C00136322E09F1040907F1040708F1010814
S2140074D0D6D1374AB4FA84F35B0913702B681B7C49
S2140074E023B134484FF48B71FEF708FD204609B0EF
S2140074F0BDE8F08F12680B6907FB00209847A0E7ED
S2140075003B6803AA194402AB019111F085F8504577
S214007510019903462ED028682BB30BF1010B009B74
S21400752028685FFA8BF19942EAD3234B9B5D002BC8
S214007530C6D0DDF800B028685FFA8BF37E2BBFD884
S214007540396802AB594403AA009111F065F850451A
S214007550B6D00099286811F0A3F80BF1010B044689
S2140075600028E8D0ACE7039B7BB998F80020029B84
S2140075709A42D2D098F80030D9F80020286810F047
S214007580E3FE0028C9D00446CFE7019111F088F841
S2140075900199EFE7094B9B5D0093A346BFE700BF49
S2140075A0E010002000110020F8940400C4940400A9
S2140075B0794A0020C0950400929404002E9404009A
S2140075C0CC900400609404000BE000F0F8B50D4683
S2140075D016461F46FFF7F0FE312804461CD8174B08
S2140075E01B780BB3164B1868164B53F82410164B23
S2140075F01B5D3BB1324610F08BFF0446A0B130F065
S21400760045F812E07F2D08BF00253B46324651FA6A
S21400761085F110F0E3FEF0E7FF2808D981B23B467B
S214007620EAB230462FF091FF00242046F8BD074806
S2140076304FF4A671FEF762FCF6E700BF794A002019
S21400764000110020F8940400C4940400C0950400BF
S214007650F8B50D4616461F46FFF7AEFE312804461F
S2140076601CD8164B1B7803B3154B1868154B53F8EC
S2140076702410154B1B5D3BB1326810F0FDFE04462E
S21400768098B130F003F811E07F2D08BF00253B4687
S214007690324651FA85F110F057FEF0E7FF2807D979
S2140076A03A46314680B22FF059FF00242046F8BDF6
S2140076B006484FF4C371FEF721FCF6E7794A00202E
S2140076C000110020F8940400C4940400C09504003F
S2140076D010B5FFF771FE0A4B1B7813B9002420463D
S2140076E010BD084B53F82010074B0022186810F006
S2140076F04DFF04460028F1D02FF0C8FFEFE700BF8B
S214007700794A0020F89404000011002073B516464C
S2140077101D46002B73D04BF23463984210D1082DCF
S21400772028BF082537492A46304638F0BBFC36497C
S2140077302A46304638F0DEFC30B3002002B070BD7A
S214007740C9B27F2980B208BF0021984218D17F2293
S21400775041F20201684608232FF0F7FE2A49082264
S214007760684638F0C7FC30B908237F2241F2F01192
S21400777068462FF0EAFE6B4603CB30607160DCE7AC
S21400778041F2F01398421ED1204B701ED3F8F01031
S214007790D3F8F4202C1F2B46013B9C4200F8011F17
S2140077A04FEA11210CD1002CC7D00423D9B20729E7
S2140077B0F2544FEA1222C0D001339D42F6D1BCE704
S2140077C0002BE9D1B9E700F47043B3F5805F0AD126
S2140077D0C0F30B0404F17E642A4605FB01413046E3
S2140077E038F060FCA9E700F46043B3F5005FA4D16D
S2140077F0C0F30B0404F17E6404F58044ECE721201A
S2140078009CE700BF0200E00F869604000081E00FB0
S2140078102DE9F8431646C20704460F4604D52A4803
S21400782040F2D311FEF76AFBF30704D526484FF45F
S214007830EA71FEF763FB04F47043B3F5805F24D16E
S214007840C4F30B04214A04F17E64731E234493425E
S21400785015D82546DFF8709005EB0608A84529D10F
S21400786056B17208394620462FF028FF20B1164838
S2140078704FF40271FEF742FB0020BDE8F883124881
S21400788040F2D911FEF73AFBE3E704F46043B3F5A0
S214007890005F06D1C4F30B0404F17E6404F5804453
S2140078A0D7E709484FF4F071FEF728FB6FF00F0595
S2140078B00024CFE715F8013BFF2BCFD04FF4F5712E
S2140078C04846FEF71BFBC9E720960400FF07E00FBB
S2140078D010B50446FAF7C0F80B4BA0F57A729A4238
S2140078E010D84FF47A735C43B0FBF3F0074BB3FB4E
S2140078F0F0F3B4FBF3F0032804D9BDE81040800889
S214007900F8F706BC10BD00BFFFC99A3B40420F0007
S21400791010B51BF0BDF934F077FCBDE81040034607
S214007920024A0121022003F075BC00BF98960400AD
S21400793013B5D0E9023253F822301C78204636F0D0
S21400794014F8044A009023460121022003F062FC4A
S21400795002B010BDAC960400014B187832F033BC70
S2140079607A4A00202DE9F04F8FB0FF2308A88DF843
S214007970133031F095FCB34A08AB0021022003F027
S21400798049FCB14A41F202030121022003F042FC05
S21400799006A80CF0C9F808A90DF1130031F04AFE4C
S2140079A00220AA4A002103F035FC002032F03DFCFC
S2140079B010B106A80DF002F99DF92A30A44A0093EA
S2140079C001219DF82B30022003F024FC35F0D4FF73
S2140079D0831EDBB2FC2B05462DD89E4A9E4E9F4F3B
S2140079E0DFF8E0820121022003F014FC0124234684
S2140079F032460021022003F00DFC05A9E0B21BF080
S214007A0023F800F0FD02912A034600F0A780002824
S214007A1040F0AA809DF9143001939DF8163000932B
S214007A208F4A9DF815300121022003F0F3FB013444
S214007A30E3B29D42DBD8BDF8284031F0B7FD894A55
S214007A40009023460021022003F0E4FB0220864A31
S214007A50002103F0DFFB002032F0E7FB10B108A89E
S214007A600DF0ACF8814A0121022003F0D3FB21F08F
S214007A70FDFC044621F0F4FC23467D4A00900121DB
S214007A80022003F0C7FB0CF055F87A4A00210220CA
S214007A9003F0C0FB9DF81330FF2B6BD0764A002115
S214007AA0022003F0B7FB714ADFF81C820121022096
S214007AB003F0B0FB31F0CAFD704A034601210220F4
S214007AC003F0A8FB1AF05CFF6D4A03460021022073
S214007AD003F0A0FB31F0CAFD044631F0CDFD694A43
S214007AE0009023460121022003F094FB2FF038FD7E
S214007AF00CF0BCF8644A03460121022003F08AFB1E
S214007B0000250CF0B3F8ECB2A04239D82FF028FDCF
S214007B10012319465D4A5E4C022003F07BFB0020E1
S214007B2032F051FB5B4B00935B4A0023012102209D
S214007B3003F070FB236863B11B78584A01210220CA
S214007B4003F068FB2368564A5B780121022003F0A5
S214007B5061FB32F03EFB0FB0BDE8F08F3A460121E4
S214007B60022003F057FB62E742460121022003F0A1
S214007B7051FB5CE74B4A0021022003F04BFB92E7E7
S214007B80494B4A4F03EB04162046D6F808900CF0F3
S214007B9003FA824620460CF06FF800280CBFC34656
S214007BA0BB4620460CF0F8F90DF0DEFF002808BFB3
S214007BB04746CDE900B73E4ADFF810B153460021EC
S214007BC0022003F027FBB3790293B38801937388EE
S214007BD00093337B374A0121022003F01BFB00266B
S214007BE099F80430F4B2A34203D82FF0B9FC01355B
S214007BF087E7D9F8007014235C4307EB040A3A5B66
S214007C009AF90C3000922C4A32EA230228BF5A46D0
S214007C1013460220294A002103F0FCFA002032F025
S214007C2004FB38B150463C5B31F06AFD0146204605
S214007C300DF0E6FF224A0121022003F0EBFA01369E
S214007C40CEE700BFDC960400EB960400079704001E
S214007C50339704000E970400249704004897040006
S214007C602B9704005F9704007F9704001C750400A0
S214007C7088970400AA970400D4990400B5970400D6
S214007C80C9970400DF970400EE9704006598040087
S214007C90F02E00207D980400719804008B98040054
S214007CA09F980400C1820400B42E0020A4D30400D0
S214007CB0F997040019980400D09604004D98040023
S214007CC0C1DB040053970400B9D30400C496040033
S214007CD02DE9F743134EDFF85C8000250BF0C6FF56
S214007CE0ECB2A04202D803B0BDE8F08327012046DC
S214007CF016F807900BF0C0FF0B4A002808BF424654
S214007D004B46002100920220084A03F083FAF05DF9
S214007D1031F0BAFC064A0121022003F07BFA013555
S214007D20DCE700BFB42E00205EEA0400BA98040028
S214007D30C1DB040068EA040008B583685A68117855
S214007D40C26853F82230A1F16502514251411878B9
S214007D500CF042FA30B9BDE80840034A012102207F
S214007D6003F058BA08BD00BFC5980400024A0021B7
S214007D70022003F04FBA00BFDF980400024A002139
S214007D80022003F047BA00BF0D99040010B586B074
S214007D90044618220021684638F0D6F9684632F0C4
S214007DA07EF9D4E9022052F8203002EB80021B78DC
S214007DB08DF80B30516891F900108DF80A10916813
S214007DC00988ADF808106168091A032907DDD2682A
S214007DD0127803F01F0343EA42138DF80B3068460F
S214007DE00BF01AFB034A03460021022003F012FAA6
S214007DF006B010BD2999040007B536F03FF9054BCB
S214007E000090054A0021022003F004FA03B05DF852
S214007E1004FB00BFEF0304003699040007B5D0E961
S214007E20023253F8221003EB820308785B68196865
S214007E30094B002908BF1946003818BF0120A222A6
S214007E401DF088F9054B0090054A0121042003F037
S214007E50E1F903B05DF804FB00F8FF077DD70400E6
S214007E604199040013B5D0E9023203EB820153F8BE
S214007E702230D1E90114187822780968003818BF32
S214007E80012036F078F8044B0090044A01210420C3
S214007E9003F0C0F902B010BD4B99040060990400CD
S214007EA008B50D4A0123002132F0C9FB0A4832F01A
S214007EB016F9002009490CF00FFF002032F0B5F942
S214007EC010B105480CF07AFEBDE80840044A0121CE
S214007ED0042003F09FB900BFDE5300206899040019
S214007EE0C1DB040010B531F0CDFB034630B1BDE870
S214007EF01040064A0121042003F08CB9BDE810406A
S214007F00034A0121042003F085B900BF76990400D6
S214007F108799040010B532F0E4F8BDE81040034637
S214007F20024A0121022003F075B900BF92990400AD
S214007F3010B532F0AAF8BDE810400346024A012107
S214007F40022003F067B900BFA899040037B5D0E94E
S214007F50023253F822301D78012404FA05F100237A
S214007F60FE224FF6FF7026F059FA044A00902B4680
S214007F702146042003F04EF903B030BDBC9904003E
S214007F80D0E9023253F822301B7823B1034A01218C
S214007F90022003F03FB9024A13707047DB990400D1
S214007FA07A4A002007B568460BF0BEFD31F0FEFAAF
S214007FB0094A03460121022003F02CF968460CF01A
S214007FC0FDFD31F0F5FA054A03460121022003F0D3
S214007FD021F903B05DF804FBF19904000B9A040044
S214007FE037B5D0E90245406854F8253004EB8504DF
S214007FF0401B032819786368C8BFE0681A78A3682E
S214008000C8BF007893F90030D8BF00200090012048
S21400801035F066FC38B9094A0121022003B0BDE8F4
S214008020304003F0F7B8064B01900093054A064B24
S2140080300121022003F0EEF803B030BD1C9A0400C4
S214008040249A0400389A04008D06040007B501201F
S21400805035F048FC48B90090094B0A4A0121022035
S21400806003F0D8F803B05DF804FB054B01900093CD
S214008070054A064B0121022003F0CCF8F2E700BFC8
S214008080249A04004F9A0400389A040007670400F4
S21400809008B5D0E9023253F8223018781EF090FD69
S2140080A030B9044ABDE808400121042003F0B2B804
S2140080B0014AF7E7649A0400809A040008B5D0E9FC
S2140080C0023253F8223018881EF074FD30B9044A84
S2140080D0BDE808400121042003F09CB8014AF7E7F8
S2140080E09F9A0400CF9A040073B5037813F0050F27
S2140080F004460ED04588062D17D18368184A5B685B
S2140081001B780193838800930121164B042003F00B
S21400811081F82378012B20D0124B134A012104202A
S21400812002B0BDE8704003F075B835B983880F4AD1
S2140081300121042003F06EF8EBE7012DE9D18668F3
S2140081400B4900200CF0C8FD30460CF037FD094AFC
S2140081502946042003F05EF8DBE702B070BD00BFDE
S214008160059B0400FC9A0400579B0400229B040015
S2140081703F9B0400C1DB04002DE9F04F374DDFF8CC
S214008180F8900FCD8FB009AC0FC42B68344A23602B
S2140081900121022003F03EF80026344631F05AFA58
S2140081A0F5B2A8420BD831F055FA2E4A0090234675
S2140081B00121022003F02EF80FB0BDE8F08F05A9CC
S2140081C0284636F077FE0346002841D19DF8143045
S2140081D0032B39D904238DF81430234A2B4600216B
S2140081E0022003F017F89DF814300EAA02EB830362
S2140081F0002153F8143C4A46022003F00BF82846A8
S2140082009DF821A09DF815B09DF81870BDF8168051
S21400821025F06CF9CDE900B7CDE90280134A0220BB
S2140082205346002102F0F6FF01340020E4B231F09C
S214008230FCFF18B10DF119000CF0C0FC0C4A00212F
S214008240022002F0E7FF01E0002BC6D10136A5E7C9
S214008250084A0021022002F0DDFFF7E7DC9C04005C
S214008260699B0400DB9B040026970400969B040091
S21400827033870400BD9B040010A60400C368826810
S214008280013BDBB2022052F823301B78652B064BED
S2140082900BBF064A002201211A701ABF0121044AA8
S2140082A0197002F0B7BF00BF82160020F29B0400D0
S2140082B0009C0400D0E9023253F822301A88014BA1
S2140082C01A8070470C16002007B5D0E9023103EB80
S2140082D0810253F82130526819880548054B1288E8
S2140082E00093008801230DF077F903B05DF804FBD6
S2140082F00C160020E9800000C3688268013BDBB2F0
S21400830052F823305B78A3F1660253425341014A88
S214008310137070478516002030B5D0E9023253F846
S214008320223089B01D780123194602AA044632F08D
S21400833086F90123009310230DEB03022046022149
S21400834032F05EF904AA02A9284632F077FE002829
S2140083504FF0000014BFB324002431F066FF18B1BC
S214008360054821460BF000F8044A0121042002F0DB
S21400837051FF09B030BD00BF0F9C0400C1DB0400F4
S21400838070B58EB00026122309AA02210096054673
S21400839032F036F905AA014609A80AF0D9FD0446C6
S2140083A098B1BD2805D1154A0121042002F032FFFC
S2140083B009E0022801D1124AF6E70346114A0121D4
S2140083C0042002F027FF0EB070BD0123194603AA51
S2140083D0284632F034F9224605A903A832F046FEB4
S2140083E00028304618BF182431F01FFF18B1064881
S2140083F021460AF0B9FF054AD6E700BF1C9C0400D8
S2140084003F9C04007A9C0400999C0400C1DB040095
S214008410D0E90232F0B553F8221003EB820387B09E
S2140084209B680E781F780546384631F0DEFE044617
S21400843008BBD5E90221012319448DF8083052F80B
S214008440210002EB810200888DF809709268ADF871
S2140084500A0012788DF80C2004210DF10D02284632
S21400846032F0EDF802A930468DF8154025F08CF86C
S214008470044631F0AEFE044A00943346012104203F
S21400848002F0C8FE07B0F0BDAE9C04002DE9F04136
S214008490284A294E294FDFF8B4808EB001210220E9
S2140084A002F0B8FE05AB01AA09A9002032F021FFB0
S2140084B0002504461CB128460EB0BDE8F081022017
S2140084C02B463246214602F0A5FE204631F0ADFE90
S2140084D010B10AA80CF072FB9DF830303A46002125
S2140084E0022002F097FE079B42460021022002F07F
S2140084F091FEBDF82030124A0021022002F08AFECA
S214008500BDF814300F4A0021022002F083FE013528
S21400851001A831F085FEEDB20B4A0121022002F0DF
S21400852079FE05AB01AA09A9284632F0E2FE044608
S214008530C0E700BFF09C0400369D04003E9D04008A
S214008540159A0400539D0400C1DB04004A9D0400F4
S2140085502DE9F04F064699B0C0B931F079F80746D4
S2140085600EA832F02BFA404ADFF80481DFF80491B7
S214008570DFF804A10121022002F04CFE00252C4663
S214008580BC4205D3284619B0BDE8F08F0127E7E7BF
S21400859013A832F013FA002E4BD04FF0020B06A9A8
S2140085A013A88DF84CB032F01CFD0446002859D1B3
S2140085B002A913A832F008FE9DF859302B4A43F062
S2140085C00103214658468DF8593002F023FEFE245A
S2140085D09DF859300AA943F0010313A88DF85930C5
S2140085E032F0F2FD002031F020FE10B114A80CF09D
S2140085F0E5FA0C9B42460021022002F00BFEBDF875
S214008600282012F4007F14BF41234C2312F0100FD1
S2140086100CBF6E227922009200214A46022002F008
S214008620F9FD06A831F0FCFD0135EDB20134E4B2E7
S214008630A6E70AAB06AA13A9204632F0E8FD0028F2
S214008640F4D102A913A832F0BFFD9DF8593043F0CB
S21400865001038DF85930524623463146022002F077
S214008660D9FDB5E7FE24E1E75D9D0400929D040078
S2140086704A9D0400999D0400369D040030B599B0CB
S2140086800EA832F09BF9012413A88DF8384021F08B
S2140086902BFDC0B9BDF84C1011EA040513D1454AAC
S2140086A02146022002F0B6FD434A2946022002F087
S2140086B0B1FD404A2146022002F0ACFD3D4A21466B
S2140086C0022002F0A7FD06A90EA832F08AFC20B10F
S2140086D01022FF2106A837F037FD04A832F02CFC44
S2140086E0059B364A00930121354B022002F092FD8D
S2140086F09DF81230334A00930121314B022002F0DC
S21400870089FD2F4B304A0021022002F083FD06A887
S21400871031F086FD13A832F051F902230AA913A8F6
S2140087208DF84C3032F050FD00283FD10B9B009363
S214008730264A274B0121022002F06CFD244B254AD5
S2140087400121022002F066FD0120FFF701FF204B09
S214008750214A0121022002F05DFD0020FFF7F8FE0D
S214008760044630F075FF234600901C4A0121022083
S21400877002F050FD1A4B184A0121022002F04AFD71
S214008780FFF784FE1749184A02280346174828BFF1
S2140087900A460849009228BF0146CDE90131144A2D
S2140087A00121022002F036FD19B030BD4FF0FF3334
S2140087B0BDE700BFC1DB0400A89D0400E69D0400E1
S2140087C0DE9D0400F69D0400079E04000C9E040037
S2140087D0D8C704001C9E0400239E04002C9E0400A0
S2140087E0409E040014AB040003C2040011A604005B
S2140087F04E9E0400D0E9023210B553F822301C78A1
S214008800201E18BF01201DF08DFB054A054B0649AA
S214008810002C18BF1A460020BDE810400CF042BAE3
S2140088207B9E0400769E0400849E0400D0E90232FB
S21400883053F8223003491A88034B00201A800CF0A4
S21400884031BA00BFC59E04002A160020D0E90232C5
S21400885053F822100878044903EB820308705B681B
S2140088601A78024B1A707047F8530020F75300200E
S21400887037B504461AF084F8014638B10D4A0E4959
S214008880002003B0BDE830400CF00CBAE368A268E4
S2140088900A48013BDBB252F82330094A1D7801230F
S2140088A000936C2D08BF02461023204631F0A8FE28
S2140088B003B030BD139F04001B9F04006016002009
S2140088C05016002013B583689A681278672A22D15A
S2140088D001A821F009FC0446A8B9BDF804201749F0
S2140088E00CF0E0F9BDF80430DA070AD413F0020FF2
S2140088F0134B144A18BF1A46134900200CF0D2F93D
S21400890019E0124AF8E70246114900200CF0CAF9AD
S21400891010492246F1E7C26853F8220003EB8203AF
S21400892000685B6801A91B68ADF8043021F0ACFB59
S21400893004460028ECD102B010BD00BF539F0400CF
S214008940469F0400319F04006C9F0400369F04007D
S2140089507E9F0400AA9F0400034A04491388C85453
S21400896001331380704700BF7C430020804A0020FC
S21400897073B5164D164E2B78164A13F0040F4FF0AB
S21400898001040CBF02230423147032880192EB5CAE
S2140089900093114B114A5B882146022002F03AFCF4
S2140089A00F4A0021022002F035FC0E4B009332885D
S2140089B029462346022002F077FC0B4A2146022075
S2140089C002B0BDE8704002F025BC00BF804A00201F
S2140089D07C4300207F4A00206E430020B99F04009D
S2140089E0DE9F040000A00400C1DB0400134B70B53A
S2140089F016464FF48A52DA805980114B114D1B8867
S214008A001A1E18BF012240EA82000F4A1278003A66
S214008A1018BF012240EA0210287063B16B701B0A6F
S214008A20AB7003240DF014F9631C2855EE54074B65
S214008A3002341C8070BD0124F4E700BF6E430020A2
S214008A407A430020804A00207E4A00207C43002093
S214008A5038B5D1E9023253F822300C4619880D4B4E
S214008A60024605461878FFF7C1FFE368A26801339F
S214008A7052F8233018882EF095FE4DB1E368A268B0
S214008A80023352F823301878BDE83840FFF764BF49
S214008A9038BD00BF7B4A0020F0B5054685B0EB68C0
S214008AA0AA68264E264F0233084652F823301C7812
S214008AB02946FFF7CDFF204630F00EFE78B320465D
S214008AC030F016FE03AA441C032128462DF075FF3D
S214008AD032880399E4B2C2F152031B1B9BB28B424D
S214008AE022443CBFC2F152030393012303210093A7
S214008AF03A449DF80C30284631F082FD039A3388BC
S214008B00022C08BF0F48FA5404BF110AC15413447C
S214008B101C44348005B0BDE8F040FFF729BF20466E
S214008B200BF010F8328801230093044603463A44BB
S214008B300321284631F064FD3388E9E77C430020B2
S214008B40804A0020814A002007B505230093054A85
S214008B50054B0121022002F05DFB03B05DF804EB3B
S214008B60FFF78CBDEE9F0400E79F040013B5044694
S214008B7032F043FC38B1CDE90040044B044A0121F1
S214008B80022002F047FB02B010BD00BF139F040096
S214008B9005A00400194B1B7837B53BB9184A0121CC
S214008BA0022003B0BDE8304002F034BBD0E9023208
S214008BB053F82230134C1D7863880093124A2B46D4
S214008BC00121022002F026FB104B25711B78104D68
S214008BD063B1104A0121022002F01CFB0E4A2988CC
S214008BE0204603B0BDE8304030F054BA0A4A29881F
S214008BF0204603B0BDE8304030F015BB7F4A002069
S214008C001CA004006E4300202AA004007C4A00201A
S214008C107C43002041A00400804A0020D0E90232B4
S214008C2053F8221003EB82032DE9F0415A680C78C2
S214008C3017889A68DB68B2F800801D78334A344B90
S214008C40C6B0CDE9017800940021022002F0E2FAD5
S214008C508DB379232F4A0121022002F0DBFA40234C
S214008C60FF220DF1170606AD0192204602960095EA
S214008C704246394631F01FF9044600283DD1307887
S214008C8030F030FD0746F0B1284631F076FAFD2880
S214008C90214B0093A8BFFD20234682B20DF1190197
S214008CA0022002F001FB1D4A0121022002F0B2FA66
S214008CB046B0BDE8F0816E23164A0121022002F07C
S214008CC0A9FA8023CCE7307830F012FD60B1284650
S214008CD031F058FAFD28104B0093A8BFFD203B4604
S214008CE082B20DF11A01DBE730780AF02BFF0C4B4D
S214008CF00093024601232946D2E70090094B0A4A10
S214008D000121022002F086FAD2E700BF5BA0040031
S214008D10BCC8040080A0040087A00400C1DB0400D7
S214008D2000A00400DFA804008AA00400D0E90232F4
S214008D3053F8221003EB82032DE9F04F5A680F78A0
S214008D40B2F800809A68B2F80090DA681B6992F868
S214008D5000A01E78304A314BC7B00021CDE901890A
S214008D6004460097022002F055FABAF1000F14BF2D
S214008D7079236E232A4A00960121022006AD02F0CE
S214008D8049FAFF220021284637F0DEF9304630F057
S214008D90A9FC834608B3002300930DF11902FD23B6
S214008DA00521204631F02CFC2870BAF1000F0CBFCC
S214008DB0802340234A464146CDE90056384631F0E6
S214008DC037F8014615480AF0CFFA164A0121022064
S214008DD002F020FA47B0BDE8F08F304630F088FC4D
S214008DE060B1CDF800B0FD230DF11A020521204632
S214008DF031F006FC85F801B02870D6E705903046BD
S214008E000AF0A0FE059A009203462A46052120464F
S214008E1031F0F6FBC9E700BF5BA00400AFC8040052
S214008E209BA00400C1DB04002DE9FF475F681C46D9
S214008E30DB680025FF1A0395FFF7D8FDFFB2A846AA
S214008E40EBB29F4245D90C9B13F80830A3F12102E0
S214008E50D1B2072925D9A3F1310013280BD8DFE8B2
S214008E6000F0515A637D383838380A0A0A0A0A0A66
S214008E700A0A0A0AAA9008F10108142B5FFA88F871
S214008E8025D833B3013B132B23D8DFE803F03B444C
S214008E904D272222222222222222222222223B4442
S214008EA04D67232A15D8DFE802F02D363F19141433
S214008EB0141414141414141414142D363F591414C2
S214008EC014141414141414141414866C866C2329A5
S214008ED0E7D9FFF74DFD04B0BDE8F087E368A26868
S214008EE02B444FF0040952F823301E68F0B209F103
S214008EF0FF39FFF731FD19F0FF094FEA1626F5D1C5
S214008F0001359DE7E368A2682B4452F823301878B1
S214008F10FFF722FDF4E7E368A2682B4452F82330FB
S214008F2018882EF03FFCEBE7E368A2682B4452F863
S214008F3023301E68B6F1807F09D2F0B2FFF70CFD31
S214008F40C6F30720FFF708FDC6F30740E0E7274A09
S214008F502B460121082002F05DF9BAE7E368A26813
S214008F602B444FF0040952F823301E68F0B209F182
S214008F70FF39FFF7F1FC19F0FF094FEA1626F5D185
S214008F80BEE71B4E03AA294620462DF016FD338861
S214008F90184ADDF80C90002102EB030CCAB291458A
S214008FA001F1010102D84B443380A9E710F802A072
S214008FB00CF802A0F2E70E4EDFF838A03288C2F1B5
S214008FC051039BB2FF2B28BFFF23002101320091E3
S214008FD0DBB2524469B2204631F0EEFA33880AF822
S214008FE003000133184430808AE700BFB4A00400B1
S214008FF07C430020804A0020094B1B7823B1094A95
S2140090000121082002F006B9D0E9023253F82230D6
S214009010054A1B8813800121044A082002F0FAB88A
S2140090207F4A0020DAA004007A4300201CA1040036
S214009030D0E9023253F82230054A1B78003B18BFAD
S214009040012313700121034A082002F0E3B800BF91
S2140090507D4A002042A10400D0E9023253F82230B3
S214009060034A1B7813700121024A082002F0D2B886
S2140090707E4A002071A10400D0E9023210B553F8F0
S214009080223019880C4B044613221878FFF7AEFCE2
S214009090E368A268013352F823301878FFF75CFCC7
S2140090A0E368A268023352F823301878FFF754FCBE
S2140090B0BDE81040FFF75CBC7B4A0020D0E90232D6
S2140090C010B553F8223019880C4B04461122187834
S2140090D0FFF78CFCE368A268013352F82330187857
S2140090E0FFF73AFCE368A268023352F82330187898
S2140090F0FFF732FCBDE81040FFF73ABC7B4A002081
S214009100D0E9023253F82230034A1B78003B18BFDE
S2140091100123DB00137070477B4A0020D0E902323F
S21400912010B553F8223019880E4B044606221878DC
S214009130FFF75CFC0120FFF70FFCE368A26803441E
S21400914052F8233018882EF02DFBE368A26802330D
S21400915052F8233018882EF025FBBDE81040FFF7A4
S21400916007BC00BF7B4A0020D0E9023201322DE95D
S214009170F04353F8221003EB8203C7B05A68B1F8E5
S214009180008017889A6853F8043C14781878002CE6
S2140091900DF117054FF0FD0906AE0CBF80234023E6
S2140091A00295CDF8049000963A46414630F083FE8C
S2140091B0034638B1184A0121082002F02BF847B0C0
S2140091C0BDE8F083201E18BF01200A224146C000D9
S2140091D0FFF70CFC38462EF0E5FA2878FFF7BCFBC4
S2140091E028784A46314630F052FA044628B10B4FEA
S2140091F03D88C5F15203984202DD094A2346DAE764
S2140092000246084831462844254436F04BFF3D8048
S214009210FFF7AEFBD3E700BFA7A104007C43002006
S214009220C3A10400804A0020D0E9023210B553F8EA
S214009230223019880C4B044608221878FFF7D6FB14
S214009240E368A268023352F823301878FFF784FBED
S214009250E368A268013352F8233018882EF0A2FA89
S214009260BDE81040FFF784BB7B4A0020D0E90232FD
S214009270023273B553F8221003EB82030C7853F8CE
S214009280042C53F8083C16881988234B05460622FA
S2140092901878FFF7ABFB0020FFF75EFB30462EF09A
S2140092A081FA2046FFF758FBEB68AA68033352F8AA
S2140092B0233018882EF076FAEB68AA68043352F842
S2140092C0233018882EF06EFA20460CF0B3FEE8B96C
S2140092D020460AF037FC05210446019001AA2846DC
S2140092E02DF06BFB019B9C42014606D02246314680
S2140092F00A480DF0FBFD02B070BD094D09482E88E6
S21400930022463044344436F005FF2C8002B0BDE8D7
S2140093107040FFF72DBB00BF7B4A0020EFA1040082
S2140093207C430020804A0020D0E9023273B553F80F
S2140093302230114D1A88114B4FF48A51D9805A8029
S214009340002300932A465223012131F059F92B7845
S21400935013F0040F0A4B1B7804460CBF01260326A5
S21400936013B10CF075FCA855064B1C8002B0BDE886
S2140093707040FFF7FDBA00BF804A00206E43002011
S2140093807D4A00207C430020D0E9023253F8223088
S214009390034A1B78003B18BF01231370704700BFB9
S2140093A07C4A002010B50C4608B90BF0E3FB024BD4
S2140093B018715C7110BD00BF6E4300202DE9F341AB
S2140093C0D0E90253024655F8231052680C882A4EFC
S2140093D005EB8301D21A013BDBB2022A4868C8BFFC
S2140093E08A6855F8238033780078CCBF1178FF213F
S2140093F03BB9224A0121022002B0BDE8F04101F04B
S21400940009BFFFF7CFFF1E4F1E4D30F0CFF83B8849
S214009410009301462B461C48224630F048FEB0B961
S21400942098F804303A885F2B14D117492B4620460B
S2140094302FF029FE28B10346144A0121022001F02C
S214009440E9FE134A00231380124A3370137002B0E9
S214009450BDE8F0814FF6FB739C4205D90A492B46BE
S21400946020462FF077FEE5E713460095064A21468C
S2140094702FF09AFEDEE700BF7F4A00203AA20400E3
S2140094807C430020804A00206E43002041A2040056
S2140094907A4300207E4A002010B5002204460A21A6
S2140094A01046FFF7A3FA00202EF07CF9044B0122A9
S2140094B01A70FFF75DFA2046BDE81040FFF77EBF42
S2140094C0DC53002038B51C4615460123224631F0F1
S2140094D0B6F828B92146284619F0FCFB044610B910
S2140094E00024204638BD034A0121042001F092FEE4
S2140094F0F7E700BF68A204002DE9F04315461F46B3
S214009500D0E902230C4652F8231002EB83020E88A1
S214009510936893F80080D3688BB0B3F80090324617
S21400952006AB0121FFF7CEFFF0B90DF1200CF4B128
S2140095302A8801234021CDE90471CDE902C2CDE994
S214009540009306AA43462221304631F0AFF80B4B73
S2140095500B4A00930B4B0190002C08BF13460121C9
S214009560094A042001F056FE0BB0BDE8F0832868D7
S2140095706968624603C203232246DBE7BFA20400F3
S214009580A6A204007C750400AEA2040007B5012361
S2140095906A46002131F053F8034968460CF098F803
S2140095A003B05DF804FB00BFE9800000D0E902329A
S2140095B053F82230014918880CF05CB8E9800000A6
S2140095C0D0E9023210B503EB820153F82230496825
S2140095D0188809784FF48A5231F058F8BDE81040E0
S2140095E00346024A0121042001F014BEC9A2040069
S2140095F0D0E9023253F8223010B518884FF48A5258
S214009600022131F035F8BDE810400346024A012138
S214009610042001F0FFBD00BFE2A20400D0E9023240
S2140096202DE9F04353F8221003EB82030E885A68A4
S21400963017789A68DB6892F80090B3F800808BB0D1
S21400964006AB324604210446FFF73CFF28BB08ADB4
S21400965001232A460521204630F0F1FF38B90420C0
S2140096600F4A012101F0D6FD28460AF05DFA4FF4B4
S2140096708A53CDE904930023CDE902530323CDE9B1
S214009680008306AA3B462121304631F00FF8054AF2
S21400969003460121042001F0BDFD0BB0BDE8F083B8
S2140096A0F9A2040028A3040038B5D0E9024303F168
S2140096B08043023B0F4954F8230002229D0036F0F7
S2140096C019FD60B90C4B0D491A78042A0BD82C44A6
S2140096D0A068008821F8120001321A7038BD084BC5
S2140096E008491A78F1E7BDE83840074A0121042006
S2140096F001F090BD3F860400D34A00208843002036
S214009700D24A00207E4300203AA3040008B5C3686E
S2140097108068084903F18043023B022250F8230088
S21400972036F0E8FC10B9044B187008BD034B002255
S2140097301A70FAE73F860400D34A0020D24A002077
S21400974037B5D0E9023153F8212015784268521A0D
S214009750012A4FEA810410DD234429465B681C7801
S214009760204630F0BCFED0B1164A009523460121B3
S214009770042001F04FFD03B030BD6C0944F018041E
S21400978005F01F052946204630F0A9FE0028EBD13B
S2140097900121A9400023FE2241EAC46105E001211F
S2140097A0A940002CF4D12346FE224FF6FF7024F089
S2140097B035FE054A03460121042003B0BDE83040CB
S2140097C001F028BD50A3040070A3040070B5D0E9D2
S2140097D0021551F8253001EB8501044618884B68C0
S2140097E01A788B68052A1B8802D85E1E072E0BD9AE
S2140097F00D4A0121042001F00DFDBDE870400B4A22
S2140098000121042001F006BD6468641B032CCABF56
S214009810C9680749096824F001FEBDE870400246A1
S214009820044900200BF058BA8EA30400AEA304002F
S21400983000F8FF07CBA3040008B5D0E9023253F8BE
S214009840220003EB8203FF225968038809684FF65B
S214009850FF7024F0E3FDBDE8084002460149002001
S2140098600BF03ABADCA3040008B5D0E9023253F88C
S214009870223005211888402230F0FAFEBDE8084064
S2140098800246024900200BF027BA00BFFBA30400E3
S21400989008B5D0E9023203EB8201486853F822107B
S2140098A0027809884023312030F035FFBDE80840B3
S2140098B00246024900200BF00FBA00BF1AA40400AB
S2140098C008B5D0E9023203EB8201486853F822104B
S2140098D0027809884023332030F01DFFBDE8084099
S2140098E00246024900200BF0F7B900BF32A404007C
S2140098F01FB5D0E9023253F8221003EB82030C881E
S2140099009B680C491A7808684968003A18BF012213
S21400991002AB03C3D20102A94023204630F00AFF5F
S214009920054B0090054A0121042001F073FC04B0A9
S21400993010BD00BFCDA40400BFA204004EA40400C6
S21400994007B5D0E9023253F82230032118884022A6
S21400995030F08EFE044B0090044A0121042001F0F2
S21400996059FC03B05DF804FBBFA204005BA404002E
S214009970C36837B50533826852F8233004211D7852
S2140099806A460123044630F05AFE38B90420074AD6
S214009990012101F03FFC68460AF0C6F82B466A46ED
S2140099A000212046FFF7A8FD03B030BD73A40400D5
S2140099B007B5D0E9023203EB8201486853F822105B
S2140099C0027809884023322030F0A5FE044B009030
S2140099D0044A0121042001F01DFC03B05DF804FBDD
S2140099E0BFA20400A4A404001FB5D0E9023203EB12
S2140099F0820153F822304968188809880A4A4FF4C9
S214009A008A530293094B0193094B0093094B127832
S214009A101B782DF03DFF084A03460121042005B0BF
S214009A205DF804EB01F0F6BBD34A00207E4300202D
S214009A3088430020D24A0020B7A40400836970B58A
S214009A4013F00106044603F0020509D1EDB9C36917
S214009A505BB318F029FEE3692046BDE8704018475E
S214009A601DB11B489B21FCF749FAA069C0F3810091
S214009A7030F0A9FBE3691BB91548A321FCF73EFAB1
S214009A80204618F011FE4DB916E0C3F3072030F05B
S214009A90ACFBE369B3B1204618F006FEE369607ECE
S214009AA09847BDE8704030F094BB0948A321FCF706
S214009AB025FA204618F0F8FDE36920469847002E60
S214009AC0EFD170BD0248A321FCF718FAE3E700BF08
S214009AD0D5A4040008B518F0E5FF28B1BDE8084095
S214009AE002483F21FCF70ABA08BD00BFD5A404000F
S214009AF02DE9F84FFF2B9DF82870DFF868B0DFF8E7
S214009B0068A00446884691461D464FF0000612D1CE
S214009B10C0E900BAC0E9066206618660C160FF2F30
S214009B2007D0A36943F0020323F47F4343EA0723E5
S214009B30A361BDE8F88FFF2F03D00948BE21FCF7CC
S214009B40DDF9AD0045F00105EDB2C4E900BA2661C5
S214009B50A660C4F81C90C4F80C80A561DFE700BFBF
S214009B60D5A40400F42900203D9A000010B5064C48
S214009B700460064CC2610023C0E90143036101236F
S214009B80C160836110BD00BFF42900203D9A00002B
S214009B90826938B502F00203D20704460D4620D586
S214009BA053B9FF2921D1A36913F00C0F17D0114820
S214009BB0FC21FCF7A3F912E00E48ED21FCF79EF914
S214009BC0FF2DF0D028462FF01EFEFF28054603D1B5
S214009BD00848F521FCF792F92DB204EB451420460F
S214009BE038BDFF29FBD0002BECD10248F221FCF750
S214009BF085F9E7E7D5A40400014833F036BE00BF78
S214009C00F4290020014833F03CBE00BFF4290020B0
S214009C1013B5164833F0FEFDF7F792F92CF07AF8F4
S214009C202CF099F82CF0A3F8FCF722F90446FCF780
S214009C3039F90F4A009023460121042001F0EAFA80
S214009C40FCF71CF90123834040F2A17213420BD0AB
S214009C500020FCF70BF80020FBF70AFF002002B0FC
S214009C60BDE81040FBF7D0BE02B010BDF4290020BE
S214009C7042A50400022808B503D12DF029FC014BAB
S214009C80186008BD242A002008B50FF083F8074B9B
S214009C90012018702DF07BFE02202DF078FEBDE826
S214009CA0084003490348FCF76BBD00BFD54A0020B7
S214009CB00C110020282A0020014B1870704700BFA6
S214009CC0D44A002038B50E4B1C786CB9204638BDF7
S214009CD02FF070FC04280FD02FF06CFC054630F0F7
S214009CE078FA052D0AD0F1E7002030F06CFA28B992
S214009CF02FF060FC0228EBD130F06BFA0024E5E789
S214009D007016002008B5074B1B780BB1002008BD65
S214009D10FFF7D8FF0028F9D109F028FE023818BF4F
S214009D200120F4E7D44A002070B518F023FF04465B
S214009D30FFF7E8FF14F0070F204D0CD158B118F0CC
S214009D4019FF10BB4FF0FF34FFF756FF844228BFC1
S214009D500446042C1DD82B7823B901202DF017FEBD
S214009D6001232B702DF021FE044628B32B781BB957
S214009D701348F921FCF7C2F818F014FE0446FFF762
S214009D803BFF844228BF044616E018F00BFE04464C
S214009D90DAE720462DF00BFE0028DCD02B785BB1EE
S214009DA02CF060FA002106460120FCF76FFC3046D6
S214009DB02CF05CFA00232B70204670BDD54A00209C
S214009DC062A504001FB5FFF7AFFF0446FDF708F9CC
S214009DD0A04228BF204688B103A9FDF7E3F8034652
S214009DE038B9CDE90000064A039906482DF0E7FB8E
S214009DF018B105489221FCF781F8012004B010BD87
S214009E008D790300042A002062A504000D4B0E4A3B
S214009E101B7870B50D4D0E4C0121002B0CBF2B4648
S214009E202346022001F0F6F90A4B0B4A1B78012163
S214009E30002B0CBF2B4623460220BDE8704001F0E5
S214009E40E9B900BF70160020D5A50400D2A504000D
S214009E50CEA50400D44A0020F4A5040010B5D0E92D
S214009E60023253F822301B78002B14BF0124002442
S214009E704FF0020014BF054A054A012101F0CAF955
S214009E802046BDE81040FFF717BF00BF13A604002A
S214009E9030A60400D0E9023253F82230034A1B7879
S214009EA0003B18BF01231370704700BF70160020D8
S214009EB010B50B4C0B4900200AF0F4FE23681B6813
S214009EC058792FF049FE23681B6858792EF0F9F868
S214009ED005F040FE002030F03FFA012010BD00BF24
S214009EE0B42F00204FA6040008B50748FF212DF028
S214009EF02DFD0648FF212DF029FDBDE80840044849
S214009F00FF212DF023BD00BF702A0020502A00201C
S214009F10302A00207FB50D460621064614462FF04F
S214009F2090FC08B3012300930F220DF10E034FF4AB
S214009F30407130462FF0CDFF024630B11549002063
S214009F400AF0B0FE00238DF80E30012300930022A5
S214009F500DF10F03062130462FF0BBFF024630B14D
S214009F600D4900200AF09EFE012004B070BD9DF849
S214009F700F30002BF8D1FF2D06D1FF2C06D19DF80F
S214009F800E0000F00100F0E7EB07F8D504F0010042
S214009F90EBE700BF72A6040099A604001FB52123B4
S214009FA0ADF80E10009302220DF10E034FF440712F
S214009FB02FF05EFF18B10348FF21FBF79FFF05B0A7
S214009FC05DF804FBBEA604007FB5234C2046A67BA6
S214009FD02EF0C8F8054621482EF0C4F80DB9002822
S214009FE034D0FFF781FF6388ADF80E30212300934D
S214009FF0A07B0DF10E0303224FF440712FF038FFC3
S21400A00020B117484FF49771FBF778FF134D6B8814
S21400A010ADF80E3021230093A07B0DF10E03042231
S21400A0204FF440712FF024FF20B10D484FF49C717F
S21400A030FBF764FF6B8862880A4900200AF032FE4C
S21400A040304604B0BDE870402EF04CB80648642296
S21400A050FF212DF06AFCC6E7C2430020B243002071
S21400A060BEA6040039A70400502A002030B5164CBE
S21400A07085B02046A57B2EF075F8F8B1FFF734FFC3
S21400A0806388ADF80E3021230093A07B0DF10E03FC
S21400A09007224FF440712FF0EBFE20B10B484FF42F
S21400A0A0A171FBF72BFF6288094900200AF0FAFD30
S21400A0B0284605B0BDE830402EF015B805486422A5
S21400A0C0FF212DF032FCDBE7A2430020BEA60400F1
S21400A0D04FA70400702A00201FB50123009300221A
S21400A0E00DF10F034FF440712FF0F3FE20B1054839
S21400A0F040F2A531FBF702FF9DF80F0005B05DF8B2
S21400A10004FB00BFBEA604001FB50123009308226F
S21400A1100DF10F034FF440712FF0DBFE18B1044829
S21400A1209821FBF7EBFE9DF80F0005B05DF804FBE9
S21400A130BEA604007FB50E460546FFF7E5FFB04213
S21400A140044644D02023009344F201020DF10F038D
S21400A1504FF4407128468DF80F602FF089FE20B12D
S21400A1601C4840F20911FBF7C9FE20230093082281
S21400A1700DF10F034FF4407128462FF079FE20B101
S21400A18014484FF48871FBF7B9FE04EB0613DBB2F4
S21400A190122B16D00BD8022B13D0102B0BD0012B62
S21400A1A015D1284604B0BDE870402DF09BBF202B8B
S21400A1B001D0212BF4E7284604B0BDE870402DF00E
S21400A1C090BF284604B0BDE870402DF08CBF04B0A8
S21400A1D070BD00BFBEA604001FB5012200920DF19F
S21400A1E00F034FF440712FF074FE20B1044840F284
S21400A1F0B331FBF783FE9DF80F0005B05DF804FB56
S21400A200BEA6040070B5084D00260446AE80FFF7D3
S21400A21063FF2C726870054D2046EE80FFF7DCFF6A
S21400A220AC73688070BD00BFD2430020924300200C
S21400A2301FB50223009303220DF10E034FF4407165
S21400A2402FF047FE20B1054840F2B741FBF756FE17
S21400A250BDF80E0005B05DF804FB00BFBEA6040006
S21400A2601FB50223009304220DF10E034FF4407134
S21400A2702FF02FFE20B1054840F2C541FBF73EFE09
S21400A280BDF80E0005B05DF804FB00BFBEA60400D6
S21400A2901FB50223009307220DF10E034FF4407101
S21400A2A02FF017FE18B10448A621FBF727FEBDF8CD
S21400A2B00E0005B05DF804FBBEA604002DE9F843C9
S21400A2C0914605460C462DF024FF074628462DF0FD
S21400A2D034FFB9F1010F064638BF4FF00109FFF70A
S21400A2E003FE02212846FFF725FFBC4238BF3C4646
S21400A2F0A4B2B442284628BF3446FFF7C9FFDFF8A9
S21400A3003C80A8F800002846FFF7C2FFA4B288F8F1
S21400A3100E50A8F80200A8F80440A8F80690A8F87E
S21400A3200890A8F80A70A8F80C600348BDE8F8433F
S21400A3306422FF212DF0F9BA702A0020A2430020E3
S21400A3407FB5534CA188257A31B30139A37A89B2F7
S21400A350A18013B92846FFF721FEA37862789A42B7
S21400A36017D0617A22781846002950D0934234BF1D
S21400A37003F1FE011946891AA288C9B24A43E18848
S21400A380B2FBF1F2D2B2934238BF03F1FE00801A5C
S21400A3906070A288002A4DD03E482DF0E3FE0028CB
S21400A3A070D0FFF7A1FD63788DF80F30202300935F
S21400A3B0207A0DF10F0300224FF440712FF058FD64
S21400A3C020B135484FF48D71FBF798FD314E7388F8
S21400A3D08DF80F3020230093B07B0DF10F03012280
S21400A3E04FF440712FF044FD20B12B484FF492718A
S21400A3F0FBF784FD009573886278284900200AF0F0
S21400A40051FC284604B0BDE870402DF06ABE934269
S21400A41084BFFE3292B2D21AD1B2A2884A43E188F1
S21400A420B2FBF1F253FA82F2FE2A84BFFE3A92B2EF
S21400A4306270AEE7A27A0AB3607A21781A4688B1CB
S21400A4408B4234BF03F1FE021A46521A53FA82F2C6
S21400A450FE2A01D9FE3A92B2D2B223700A23A27023
S21400A460A38099E78B4284BFFE3189B2C91AC9B26C
S21400A4708B4238BF03F1FE02521AEDE705482DF075
S21400A48071FE8EE706486422FF212DF04EFA8AE719
S21400A490D243002092430020BEA6040064A7040016
S21400A4A0302A002013B5FF2423460B4A0B4800949D
S21400A4B00021FFF71DFB2346094A0A4800940021A5
S21400A4C0FFF716FB084A0948009423460021FFF7C9
S21400A4D00FFB02B010BD00BF6DA00000702A002068
S21400A4E0C99F0000502A002041A30000302A002007
S21400A4F0364B2DE9F7431B681B685C7906462046F9
S21400A500FFF7EAFD694605463046F7F78FF930B1A2
S21400A51080202FF021FF012003B0BDE8F0839DF8D6
S21400A52000909DF80180B9F1FF0FF1D0B8F1FF0F50
S21400A530EED09DF805209DF80410BDF80260204678
S21400A540FFF7E8FC0028E4D04D4538D2A9EB050714
S21400A5507E2FCCBF00270127012E38BF0126FFF72C
S21400A560C3FC00212046FFF7E5FD2046FFF74AFE24
S21400A570174B20465F7200271D705D7083F80290AF
S21400A5809E80DE801C729F72FFF726FE114D28808B
S21400A5902046FFF721FEFE23688031462046AB8129
S21400A5A0A5F80480EE802E81AC736F81FFF7F6FC71
S21400A5B009486422FF212DF0B8F93846A9E7A5EB33
S21400A5C009077F2FD4BF00270127C5E7B42F002037
S21400A5D0D243002092430020302A00202DE9F34188
S21400A5E0324B1B681B6801A95C79F7F765F80546CE
S21400A5F030B180202FF0B0FE012002B0BDE8F0811F
S21400A6009DF807209DF806109DF804809DF80570BB
S21400A6102046FFF77FFC064608B90020EAE7FFF76A
S21400A62063FCB8F1000FF8D029462046FFF782FDFC
S21400A6302046FFF7E7FD2046FFF74EFD1C4D28702D
S21400A6402046FFF749FDB8F1010F687020D120467B
S21400A650FFF742FD3B189BB2FE2B84BFFE3B9BB22E
S21400A660DBB2AB700A232046AB80EB804FF6FF715F
S21400A67001232C72AB726E72FFF790FC0D4B0E48E6
S21400A68000246422FF21DC802DF04FF92046B1E73C
S21400A690B8F1030FADD12046FFF71EFDB8423CBF10
S21400A6A0FE3080B2C31BDBB20026DAE7B42F0020F0
S21400A6B0D243002092430020302A00202DE9F341A7
S21400A6C0284B1B681B6801A95E79F6F7FBFF054659
S21400A6D030B180202FF040FE012002B0BDE8F081AE
S21400A6E09DF807209DF806109DF804809DF80570DB
S21400A6F03046FFF70FFC08B90020EBE7FFF7F4FB46
S21400A700B8F1000FF8D0002FF6D029463046FFF7F4
S21400A71011FD3046FFF776FD134B144C9D803046F6
S21400A720FFF75AFD20803046FFF756FDB8F1010FBF
S21400A73014BF0023FE23608039462046A3802DF0F8
S21400A740D3FCFE230146E08020813046A381A67319
S21400A7506581FFF723FC06486422FF212DF0E5F80B
S21400A7602846B7E7B42F0020D243002092430020AB
S21400A770302A00202DE9F341334B1B681B686946DD
S21400A7805D79F7F735F808B180200DE09DF80520D3
S21400A7909DF804109DF800709DF80140BDF80280F9
S21400A7A02846FFF7B7FB28B92FF0D6FD012002B0E8
S21400A7B0BDE8F0812846FFF78FFCFF2FE4D0032C7E
S21400A7C0E2D8DFE804F0333A02030124B8F1010FBF
S21400A7D038BF4FF00108FFF787FB00212846FFF738
S21400A7E0A9FC2846FFF70EFD2846FFF775FC174E16
S21400A7F030702846FFF770FC631E5C425C41144BC9
S21400A80070707472414600242846DC80B770A6F843
S21400A8100480A6F806803572B472FFF7BFFB0D48B9
S21400A8206422FF212DF081F82046BDE7C01B10F002
S21400A830800F0CBF03240124C8E7C01B10F0800F54
S21400A84018BF0324C2E700BFB42F0020D243002065
S21400A85092430020302A00202DE9F341244B1B6848
S21400A8601B6869465E79F6F7D5FF054630B180204D
S21400A8702FF072FD012002B0BDE8F0819DF80520A2
S21400A8809DF804109DF80080BDF802703046FFF772
S21400A89041FB0028ECD0012F38BF0127B8F1FF0F8D
S21400A8A0E5D0FFF721FB29463046FFF743FC30464C
S21400A8B0FFF7A8FC0F4B104C9D803046FFF78CFC32
S21400A8C020803046FFF788FCFE23608039463046FD
S21400A8D0A381A4F80480E7802781A6736581FFF72B
S21400A8E05DFB06486422FF212DF01FF82846BFE7CF
S21400A8F0B42F0020D243002092430020302A0020AC
S21400A9002DE9F347304B1B681B6869465C79F6F700
S21400A910EBFE804630B180202FF01EFD012002B0F5
S21400A920BDE8F0879DF804209DF803109DF800A070
S21400A9309DF801909DF802502046FFF7EBFA074677
S21400A94008B90020E8E72046FFF7C6FB0646FFF7F3
S21400A950CBFABAF1000FF4D041462046FFF7EAFBE7
S21400A9602046FFF74FFCBAF1010F334621D106EB24
S21400A97009039BB2FE2B84BFFE3B9BB2DBB2134A9D
S21400A980012D9370124B16702946204638BF0121C0
S21400A99000259180D1805670577214729572DD80B2
S21400A9A0FFF7FCFA0B486422FF212CF0BEFF284676
S21400A9B0B2E7B14584BF06F1FE039BB2A3EB0903E1
S21400A9C0DBB20027DBE700BFB42F0020D243002015
S21400A9D092430020302A00202DE9F7432B4B1B68BA
S21400A9E01B6869465F79F6F785FE044630B180201D
S21400A9F02FF0B2FC012003B0BDE8F0839DF8028082
S21400AA009DF804209DF800909DF801604146384668
S21400AA10FFF780FA08B90020EAE73846FFF7DCFBC4
S21400AA200546FFF761FAB9F1000FF4D02146384623
S21400AA30FFF780FB3846FFF7E5FBB9F1010F1FD1A2
S21400AA402E44B4B2FE2C28BFFE24114B41460026ED
S21400AA5001299E800F4B38BF0121FE223846D9803F
S21400AA6019819A811D805D809C809F735E81FFF7AF
S21400AA7095FA09486422FF212CF057FF3046B7E7C5
S21400AA80AE429CBFAE1BF4B2DFE700BFB42F00207F
S21400AA90D243002092430020302A00202DE9F743BD
S21400AAA02B4B1B681B6869465C79F6F765FE074604
S21400AAB030B180202FF050FC012003B0BDE8F083B9
S21400AAC09DF807209DF80610BDF80080BDF802909E
S21400AAD0BDF804602046FFF71DFA0028EAD0012ED4
S21400AAE038BF0126FFF700FA01212046FFF722FBB8
S21400AAF02046FFF79DFB174D28802046FFF798FB62
S21400AB00A5F8048068804FF6FF682046EE802E8108
S21400AB10AC736F81A5F80C80FFF7A2FB0E4D288062
S21400AB202046FFF79DFB314668802046A5F8049036
S21400AB30EE802E81AC736F81A5F80C80FFF72EFA9D
S21400AB4006486422FF212CF0F0FE3846B2E700BF2C
S21400AB50B42F0020C2430020B2430020502A002019
S21400AB602DE9F347334B1B681B6869465D79F6F79A
S21400AB70C7FD074630B180202FF0EEFB012002B063
S21400AB80BDE8F0879DF805209DF80410BDF90090FB
S21400AB90BDF902A02846FFF7BDF908B90020EBE78B
S21400ABA0FFF7A2F959EA0A03F8D001212846FFF771
S21400ABB0C1FA2846FFF73CFB1F4C1FFA89F9B9F18A
S21400ABC0000F4FF6FF680CBF00234346494620801F
S21400ABD060802046A3802DF087FA0646E08020811C
S21400ABE02846A5736781A4F80C80FFF739FB134C41
S21400ABF01FFA8AFABAF1000F0CBF002343462080E2
S21400AC00608051462046A3802DF06EFA86420146AB
S21400AC10E080208138BF31462846A5736781A4F8B6
S21400AC200C80FFF7BBF906486422FF212CF07DFE5E
S21400AC30B4E700BFB42F0020C2430020B243002078
S21400AC40502A00202DE9F7433A4B1B681B686946DB
S21400AC505C79F6F75BFD074630B180202FF07CFB71
S21400AC60012003B0BDE8F0839DF807209DF806108C
S21400AC70BDF90080BDF90250BDF804602046FFF71C
S21400AC8049F90028EAD02046FFF7D2FA10EB08036D
S21400AC9005D4B3F57F4FB4BF9FB24FF6FF6720468B
S21400ACA0FFF7DEFA45193FD4B5F57F4F3EDAADB271
S21400ACB0012E38BF0126FFF717F901212046FFF7BE
S21400ACC039FA2046FFF7B4FAB0461B4E30802046CD
S21400ACD0FFF7AEFA4FF6FF697080B7802046002770
S21400ACE0A6F80680A6F80880B4737781A6F80C90BC
S21400ACF0FFF7B6FA114E30802046FFF7B1FA41460C
S21400AD0070802046B580A6F80680A6F80880B47342
S21400AD107781A6F80C90FFF741F909486422FF21D5
S21400AD202CF003FE384699E70025C1E74FF6FF658D
S21400AD30BEE700BFB42F0020C2430020B24300206D
S21400AD40502A0020F7B5114B1B681B6869465D79D1
S21400AD50F6F70CFD044628B180202FF0FDFA0120FE
S21400AD6003B0F0BD9DF805209DF80410BDF8006006
S21400AD70BDF802702846FFF7CDF80028EDD028462B
S21400AD803A463146FFF79AFA2046E6E7B42F002007
S21400AD902DE9F04F364B1B6885B01B6801A95D791D
S21400ADA0F6F772FC30B180202FF0D6FA012005B0FD
S21400ADB0BDE8F08F9DF80D209DF80C109DF804B0AE
S21400ADC0BDF80690BDF80880BDF80A702846FFF763
S21400ADD0A1F808B90020E7E728462DF09AF90446BE
S21400ADE028462DF0AAF98246FFF77EF8BBF1000F41
S21400ADF0F0D0B9F1000F01D18520D5E7A0454FF07E
S21400AE00020138BFA0462846574528BF5746FFF7D9
S21400AE1091F92846FFF73CFA164E30802846FFF791
S21400AE2037FABBF1010F1FFA88F8BFB21AD1BA453C
S21400AE3028BFBA461FFA8AF4708049460D48B48087
S21400AE402DF052F90146F08030812846B573A6F8F9
S21400AE500A80B781FFF7A2F807486422FF212CF08A
S21400AE6064FDB7E7444538BF4446A4B2E4E700BFF4
S21400AE70B42F0020A2430020702A00202DE9F04FB6
S21400AE80384B1B6885B01B6801A95C79F6F702FC95
S21400AE9030B180202FF060FA012005B0BDE8F08FB9
S21400AEA09DF80F209DF80E109DF804A0BDF80690A2
S21400AEB0BDF80850BDF80A70BDF80C602046FFF7D4
S21400AEC029F808B90020E5E720462DF022F9834648
S21400AED020462DF032F98046FFF706F8BAF1000F4B
S21400AEE0F0D05F454FF0020138BF5F46204646452A
S21400AEF028BF4646FFF71EF92046FFF7C9F9DFF8D8
S21400AF006C80A8F800002046FFF7C2F9BAF1010FDE
S21400AF10A8F80200BFB2B6B220461DD1FFF7B8F9B6
S21400AF2000EB0903012D29469BB238BF01212046BC
S21400AF30A8F80610A8F80810A8F8043088F80E40FC
S21400AF40A8F80A70A8F80C60FFF728F806486422EC
S21400AF50FF212CF0EAFCB5E7FFF79AF9A0EB09030E
S21400AF60E0E700BFB42F0020702A0020A243002094
S21400AF7013B50F4B1B681B6801A95C79F6F772FBCB
S21400AF8028B180202FF0E8F9012002B010BD9DF80E
S21400AF9005209DF804102046FEF7BCFF08B1FEF71A
S21400AFA0A3FF20460021FEF7F9FF0020EAE700BFD6
S21400AFB0B42F00202DE9F3410C4E0D4DDFF83880FC
S21400AFC00C4F002456F8043B0BB9D8F8003035F87F
S21400AFD0022B0092394622460020013409F062FE18
S21400AFE0292CEFD102B0BDE8F08100BF1811002077
S21400AFF0B444002085A704001411002007B5D0E94A
S21400B000023253F822301A78282A0DD8084B53F803
S21400B01022300BB9074B1B68074931F81210009114
S21400B0200020064909F03EFE03B05DF804FB00BFB1
S21400B0301811002014110020B444002085A7040035
S21400B04038B5D0E9023253F8221003EB82030C78AD
S21400B0505B6805491D88002009F024FE2946204625
S21400B060BDE8384000F0BAB890A704002DE9F341D7
S21400B0700C4E0D4DDFF838800C4F002456F8043B7C
S21400B0800BB9D8F8003035F8022B00923946224624
S21400B0900020013409F006FE292CEFD102B0BDE8ED
S21400B0A0F08100BF181100206244002085A704002C
S21400B0B0141100202DE9F34102AB03E90600044613
S21400B0C0904617F0D7FB0546204617F0E3FB384FAF
S21400B0D09DF80060374BFDB1202C98F8002033F81F
S21400B0E0141037F8140008D9814253D34FF6FF7274
S21400B0F091421DD102B0BDE8F081012A32D802EBA0
S21400B10042122D4822444FF6FF7530F81210A9421D
S21400B11002D0013120F8121033F8141037F814005A
S21400B120814237D34FF6FF7291424FF0010502D0AD
S21400B130013123F8141004F0FD02092A2CD19A8A52
S21400B140B98A32448A42B4BF9A82998233F814305C
S21400B1508342CFD3002DCDD1204602B0BDE8F041CA
S21400B1602DF00FB9022AD7D1134A32F814104FF631
S21400B170FF70814204F121001CBF013122F8141037
S21400B18032F810104FF6FF75A9421CBF013122F8A5
S21400B1901010C1E70025CBE71D2CD7D15A8F911987
S21400B1A08142BDBF02F1FF32B6185E875887CDE7F1
S21400B1B062440020B4440020DE43002002485222AD
S21400B1C0002134F0C1BF00BFB44400200248522220
S21400B1D0FF2134F0B9BF00BF62440020014B23F8C2
S21400B1E0101070476244002008280ED84FF48B7366
S21400B1F0C340DB0709D5064A136819B10343136039
S21400B2000020704723EA0003F9E72120704700BFBB
S21400B210C01100200CB4082813B50C4611D84FF402
S21400B2208B73C340DB070CD5084B1B68184208D04D
S21400B23005A9049801910BF06DFE14B1044830F096
S21400B2407FFA02B0BDE8104002B07047C01100207F
S21400B25078AA0400034610B5D3E9023253F8223028
S21400B2601C780846211E18BF0121FFF7BDFF0146C6
S21400B27050B9094A094B0220002C08BF1346BDE806
S21400B2801040074AFFF7C6BFBDE81040054A002138
S21400B2900220FFF7BFBF00BFB9D30400A4D3040049
S21400B2A07AAA040090AA04002DE9F041DFF8308065
S21400B2B005461F460C468E18B44201D1BDE8F08103
S21400B2C014F8013B069A00212846FFF7A3FF002F3B
S21400B2D0F2D0424600212846FFF79CFFECE700BF6D
S21400B2E0489D04001FB5B42303210446ADF80E3074
S21400B2F02EF0A7FA98B12123009320460DF10E03F5
S21400B300002203212EF0B4FD0446064B064A0749E8
S21400B3100094002009F0C6FC204604B010BD862428
S21400B320F3E700BFA1AA0400AEAA0400C3AA040063
S21400B3302DE9F74F4049DFF824B1DFF824910020CB
S21400B34009F0CAFC4FF0000846469BF800305FFA4A
S21400B35088F7BB4208D8B3426BD13849002003B007
S21400B360BDE8F04F09F09EBC384613F02FFD0028CC
S21400B3705CD048257D4309EB05043149A368019359
S21400B380A37D009363683A46002009F0A5FC4FF0C1
S21400B390000A94F82C30FF2B35D12A49002009F0FA
S21400B3A09BFC2949002009F097FCBAF1060F04F12E
S21400B3B00C0425D12449DFF894A0002009F08CFC69
S21400B3C01B354D44102415F8012F51460020013C32
S21400B3D009F082FC14F0FF04F5D11B49204609F061
S21400B3E07BFC482303FB079318499A69204609F01B
S21400B3F073FC1749204609F06FFC08F10108A4E722
S21400B4004FF0060AC5E7022B05D1E28D1149002050
S21400B41009F062FCC5E7032BC3D10F49002009F0F1
S21400B4205BFC04F12E0009F0C9FBBAE70136F6B260
S21400B430E3E703B0BDE8F08FD0AA040007AB040032
S21400B440DEAA0400C7060400489D040026AC0400DB
S21400B45033870400FCAA040003AB04009B160020FC
S21400B4605039002038B5104C237ADA0715D513F07A
S21400B470040506D023F004032372BDE838402DF0FF
S21400B4805CB82EF099F809490246284609F00AFCED
S21400B49018F02CF925722DF06BF8BDE838400448FA
S21400B4A0FF212CF053BA00BF0645002018AB04005D
S21400B4B0902A002008B5054B0549DA880020187048
S21400B4C009F0F0FBBDE808402DF052B80645002014
S21400B4D02AAB040008B5FFF7EDFFBDE808400248B8
S21400B4E0FF212CF033BA00BFB02A00202DE9F04F20
S21400B4F093B09246209A0D929DF884200E92229A3E
S21400B5000F929DF88C201092249A11925A7A0092EB
S21400B51080460E461A68197A9DF870B09DF87490A9
S21400B5209DF878409DF87C7018461D462DF059F918
S21400B530002800F08D802B7A1BB92A68002A00F0BC
S21400B5408780002C40F08480FA07A8F17E0848BF68
S21400B55043F00803B8F1010F44D8B9F1000918BF49
S21400B5604FF0010943EA092343F4007343EA0B133F
S21400B5709CB244F40063384C0B9394F805802B6817
S21400B58095F809900C93B8F1000F2ED032F0FFF921
S21400B5900F9B0690CDE90763119B0593109B0493C0
S21400B5A00E9B03930D9BCDF800A0CDE901B3DDE91A
S21400B5B00B014B462A4600F06BFF002848D0314668
S21400B5C038462DF0D6F809F061FA4FF2F223838060
S21400B5D0E18800202EF03BFD002013B0BDE8F04FC0
S21400B5E01CF036BA43EA8913C0E732F0D0F90F9B55
S21400B5F00690CDE90763119B0593109B04930E9B61
S21400B60003930D9BCDF800A0CDE901B3DDE90B0156
S21400B6104B462A4600F03CFFD0B109F037FA4FF20D
S21400B620F2238380C388AAF10C0443F00203E4B239
S21400B630C3803146847238462DF09BF8284631F098
S21400B6409BFC224601464FF6FD702EF003FDC3E735
S21400B65013B0BDE8F08F00BF0645002030B50128C6
S21400B66085B0044613D002281DD070B9FF250146C8
S21400B670134A144800952B46FEF73AFA124A134826
S21400B68000952B462146FEF733FA05B030BD104C28
S21400B69010480021602221606160218134F054FD51
S21400B6A0A0236380F1E705238DF80F302023009355
S21400B6B010220DF10F032121F2202EF0C9FBE4E742
S21400B6C0D5B40000B02A002065B40000902A0020FF
S21400B6D006450020D02A00202DE9F84305460F46EF
S21400B6E0164600F001081C462BB1B8F1000F1DD11C
S21400B6F0FFF7E0FE05E01E4B1B681B685B79F22B2C
S21400B70003D001242046BDE8F883DFF8689099F856
S21400B71000302BB123F0AAFEB9F806308342F1D1EF
S21400B720B8F1000FE4D023F0A1FE01E032F02FF9CB
S21400B730104C1149E08001232370A0236380C5F3D9
S21400B7404203024663700020C5F34013637109F09C
S21400B750A9FA63780948DA074ABF4FF47A72084AAA
S21400B7607A43FF212CF0E1F8EB06CAD52671C8E72C
S21400B770B42F00200645002041AB0400B02A00206C
S21400B7800071020070B598B00AA905462AF0BDF807
S21400B790002875D10A9C3B4B2D790B9A2340082B29
S21400B7A004F007069DF8383008BF8DF85E00009359
S21400B7B031460CAB07A82DF014F830B30EB90B9B2E
S21400B7C01BB33149002009F087FA304B1B681B6811
S21400B7D05B79F22B43D1C4F34123012B3FD00A9B64
S21400B7E003F01802182A3AD0C4F3C222053A012AF6
S21400B7F035D914F0600FC4F3411609D1D90607D421
S21400B800042D02D085202EF0A7FD012018B070BDB3
S21400B810BDF842201E4900920020079A09F042FA1D
S21400B8209DF85E300593129B049313AB03930DF1C2
S21400B83039030293BDF85C300193BDF844300093A1
S21400B8400A98BDF84230324607A913F05FFE044658
S21400B85038B1104B5B789A0701D5FFF72BFE002016
S21400B860D1E70A9B1B07FAD513F0E6FAFF28F6D1B4
S21400B8700949204609F016FA042DF0D08920C2E7BF
S21400B8800020C3E70800020059AB0400B42F0020D4
S21400B89065AB04000645002090AB040030B58FB0C1
S21400B8A007A92AF08BF9002840F08E80614B9DF89E
S21400B8B01C501B681B685B79F22B40F085809DF856
S21400B8C031205D4909F0EEF905F007059DF83030A6
S21400B8D00093099A0AAB294604A82CF082FF002898
S21400B8E03ED09DF83140002D3DD1099B002B3AD12A
S21400B8F0F32C35D1BDF81E4032F049F8844260D1B1
S21400B9004E484F4CFF212CF028F810B1237A9907A7
S21400B9105AD52CF012FE237A43F0010323722DF041
S21400B9204BFE9DF820200B32904240D04549002027
S21400B93009F0B8F99DF8203001210B339940002218
S21400B940032017F027FE237A03F0FD033B482372FB
S21400B95041F28832FF212BF0E8FF00202EF0FCFC9D
S21400B96001200FB030BDF32CFAD0F02C42D1BDF838
S21400B9701E5032F00CF885422DD1334A3349002050
S21400B98009F090F900250D9BCDE902555A1C01924D
S21400B9901B78009304AA23462946012031F097FA23
S21400B9A0024698B92A49002009F07CF90CE0237A6F
S21400B9B09A0744BF43F004032372237A43F002033A
S21400B9C0C4E71E48FFF74EFD0020CAE72149284677
S21400B9D009F068F9F8E72049002009F063F9002328
S21400B9E0CDE90233CDE9003304AA1946184631F0F2
S21400B9F06EFAE9E7F62C03D85034E4B20F2CE3D8FD
S21400BA00164A1249002009F04DF900240D9BCDE995
S21400BA1002445A1C01921B78009304AA9DF8313008
S21400BA202146012031F053FA02460028BAD00949CF
S21400BA302046CDE7B42F0020A5AB0400902A0020B6
S21400BA4006450020B9AB0400CC9C0400CEAB040035
S21400BA50E4AB0400ECAB0400F6AB040002AC04005C
S21400BA602DE9F041B0B004A92AF05DF800285ED1B7
S21400BA705C4B9DF810501B681C791CB1012030B03F
S21400BA80BDE8F0811B685B79F22B50D1274609A9E7
S21400BA90F8B213F055F90646002848D19DF8243030
S21400BAA0FF2B18BF013407F1010718BFE4B2052FBA
S21400BAB0EDD115F0180FC5F3C10347D19DF820301E
S21400BAC0009305F00705059A06AB29461BA82CF03F
S21400BAD088FE10B135B9059B23B900230393FF23D5
S21400BAE0029308E01BA813F083F9FF2805460CD143
S21400BAF00023CDE9020301948B2300930B223A4BDB
S21400BB002121112008F036FF1DE0FF230122CDE998
S21400BB100232002300932121334B01940B22112083
S21400BB2008F028FF09A9284613F00AF908B10020F2
S21400BB30A5E72E4C2E49238809A819442CF02CFD85
S21400BB4023881844208000F015FD97E7012B45D187
S21400BB509DF821300025A3420395C1D2CDE90143CB
S21400BB600095214B0B222121112008F003FF2C46C3
S21400BB7009A9E0B213F0E4F80028D8D19DF82430E3
S21400BB80FF2B1AD09DF821300136F6B2B34214D2FC
S21400BB90164F1BA909A82CF0FFFC3B8803EB0008F6
S21400BBA0B8F1510F02460BDC11481BA918440135A9
S21400BBB034F078FAADB2A7F800800134052CD7D15E
S21400BBC00B4B9D7100F0D6FC74287FF457AF9DF8A0
S21400BBD021200023CDE9016203938EE700202EF09A
S21400BBE0BBFB4BE7B42F002004AC04003445002018
S21400BBF08A5300202DE9F047A8B0F228BDF8C0808F
S21400BC00BDF8C47003D0002028B0BDE8F087212915
S21400BC10F9D1112AF7D1802BF5D1B8F1000FF2D166
S21400BC20052FF0D91F4EDFF8809010462EF05FFAF1
S21400BC3035880435ADB22C4601A95FFA88F013F0BA
S21400BC407FF80028DFD19DF80430FF2B19D013A908
S21400BC5001A82CF0A1FC00EB040ABA45024609DD57
S21400BC60641B8920A4B208F03DFF33881C4434804E
S21400BC700120C9E709EB040013A934F013FA1FFAF0
S21400BC808AF408F10108B8F1050FD5D1641B00202D
S21400BC9008F028FFA4B2432008F024FF20462EF028
S21400BCA026FAE2E7344500208A53002010B5024603
S21400BCB004460749002008F0F5FF44B9054B1B7AF7
S21400BCC0DB0704D5BDE810400348FFF7CBBB10BD2B
S21400BCD009AC040006450020902A0020086808B534
S21400BCE0C37B0BB1812008BDC37C013B0A2BF9D86E
S21400BCF001A252F823F000BF25BD000031BD0000B0
S21400BD00E5BC0000E5BC0000E5BC000037BD000057
S21400BD10E5BC0000E5BC0000E5BC0000E5BC00009A
S21400BD203DBD0000FFF72EFD0028DBD00020DAE73F
S21400BD302CF02EFDF8E7FFF7B1FDF5E7FFF790FED4
S21400BD40F2E700BF2DE9F04F9BB007469B469DF8F3
S21400BD50A000764B9DF89480269C9DF89C901546F6
S21400BD60482202FB00330E465A6842F4C0625A600C
S21400BD7008A912F0E5FF002840F098809DF84C30A6
S21400BD802A7A002B40F0958042F008029DF8583041
S21400BD90002B40F0968042F00802099B19069DF899
S21400BDA090304FEA032348BF42F0100243EA8B1359
S21400BDB01A4309F12003DBB242F4A04A012B1FFA12
S21400BDC08AFA02D85A4B1B7833B118F0010F1CBF01
S21400BDD042F4B0421FFA82FA6B7A0793BBF1000F67
S21400BDE008BF3446D5F800B031F0D1FD2A9A039248
S21400BDF09DF8A420079B0094CDE90407CDE90192A5
S21400BE0059462A46504600F0E1FA00284ED0022253
S21400BE1013A928462CF0E4FC08AC0DF1380B4FF6BD
S21400BE20FB7A94F82C300BB1032B52D108F02EFE7F
S21400BE304FF2F2238380394640462CF09AFCE38E7C
S21400BE40534506D904F12E0016F028FF504598BF3A
S21400BE50E086E18E00202EF0FAF800201BF0F8FDB8
S21400BE600C345C45DDD1099B1A061FD508F00EFE82
S21400BE704FF2F2238380C388867243F00203C380A6
S21400BE809DF86430C372394640462CF072FC099B1C
S21400BE909B0446D5BDF83440284631F06DF832464E
S21400BEA021462EF0D1F800201BF0D2FD1BB0BDE8D5
S21400BEB0F08F032B3FF468AF022B08BF42F020023E
S21400BEC064E7032B3FF467AF022B08BF42F0200263
S21400BED063E7022BC4D108F0D9FD4FF2F22383802A
S21400BEE0C388A6F1090943F002035FFA89F980F8CE
S21400BEF00A90C3809DF86430C372394640462CF0E1
S21400BF0038FCE38D218E07934FF6FF73994203D1D9
S21400BF10284631F031F8014607984A462EF094F844
S21400BF209BE7284631F028F80446B5E7503900204C
S21400BF30064500202DE9F04FA7B01F469DF8C430F7
S21400BF400D93349B0A93369B0E939DF8DC300F932B
S21400BF509DF8E0300B93399B0C93B24B9DF8C08054
S21400BF609DF8C8A09DF8CCB09DF8D44016461A7A25
S21400BF708946D107054640F1AC80E32C40F0D780D7
S21400BF80B8F1000F32D11B78002B00F0A9800028F2
S21400BF9040F0E981BAF1000F00F090813A7A002A69
S21400BFA000F0D880A5F17E03E02CDBB240F0F780ED
S21400BFB0012B03D8B8F1030F00F0E8810C9B3893EF
S21400BFC00B9B37930E9BCDF8C8A0CDE935430A9B53
S21400BFD0CDE933B30D9B3246CDE9308349463B4627
S21400BFE0284627B0BDE8F04FFFF780BAF0B17C28AE
S21400BFF040F0BC811B78002BCCD10F9BFF2B00F0B0
S21400C00096800C9B36930B9B35930F9BCDE9334361
S21400C0100A9BCDE931B30D9B30933A4643463146F1
S21400C020484627B0BDE8F04FFFF78CBE1B78002BC4
S21400C030E3D0BAF1000F00F052813A7A002A40F0BD
S21400C040B1803B68002B40F0AD80764B1A78002A12
S21400C0506DD01B7A03F00303012B68D008240D9BD8
S21400C060DFF8C0A144EA83149AF8055044EA08149D
S21400C07044F40064002D00F0368131F088FC0E9BFD
S21400C0800690CDE907930C9B05930B9B0493E32343
S21400C09003930A9B0096CDE9018300231A461946AE
S21400C0A0204600F0F5F9002841D008F0EFFC4FF2EA
S21400C0B0F2238380494658462CF05BFBBAF80610FC
S21400C0C000202DF0C4FF002027B0BDE8F04F1BF085
S21400C0D0BFBCB8F1000F13D11B78002B40F0408195
S21400C0E0384612F085FEFF280AD014A912F028FE62
S21400C0F0159B5B041BD49DF866301843C0B2B0B9DC
S21400C100C5B17C2D40F03281464B1B78002B00F0E9
S21400C1102081BAF1000F7FF441AFE22C00F24F818C
S21400C120DF2C40F29C8049E77E2D00F0228127B06C
S21400C130BDE8F08F3B4B1B78002B00F00A81BAF16C
S21400C140000F7FF42BAFE22C00F20781DF2C7FF686
S21400C15054AF33E73B68002B7FF424AFA5F17E0392
S21400C160012B74D8B8F1030F00F01081E22C40F2D6
S21400C1702281E32C00F0A2807F2D7FF43EAF0C9B43
S21400C18038930B9B37930E9BCDF8C8A0CDE935436B
S21400C1900A9BCDE933B30D9BCDE9308306E1E22C53
S21400C1A03FF406AF1BF0010313921093D6D1396803
S21400C1B07B7A1291119331F0EAFB0D9B139A06904D
S21400C1C04FEA831C0E9B12990096CDE907930C9BB1
S21400C1D005930B9B4CEA081CCDE903430A9B4CEAEB
S21400C1E0020CCDE901833A46119B4CF4006000F046
S21400C1F04FF90028B2D008F049FC4FF2F2228280B4
S21400C2001190494658462CF0B4FA064A119B5179CB
S21400C21051B1D18810982DF01AFF00201BF018FCA1
S21400C2209CE700BF06450020D988A6F10C02D2B2D2
S21400C23041F002019A72D9803846109230F09CFE86
S21400C240109A01464FF6FD702DF004FFE5E7E22C4C
S21400C25012D8DF2C3FF6B2AE7C2D7FF4CEAE04F1C2
S21400C2605003DBB20F2B11E0E22C25D8DF2C3FF673
S21400C270A5AE7C2DF3D07FE7E32C3FF4E6AE7C2D15
S21400C2807FF4BBAE04F11C03DBB20B2B3FF6B5AE5E
S21400C2900C9B38930B9B37930E9BCDF8C8A0CDE92B
S21400C2A035430A9BCDE933B30D9B3246CDE9308347
S21400C2B049463B467C2094E6E32C47D1424B1A780D
S21400C2C0002A3FF434AF1B7A03F00303012B3FF43C
S21400C2D02EAF7E2D7FF4C2AE4FF40274BFE602F09E
S21400C2E00302012AB9E631F052FB0E9B0690CDE917
S21400C2F007930C9B05930B9B0493E32303930A9BE2
S21400C3000096CDE901832A462B462946204600F0B2
S21400C310BFF800283FF40BAF08F0B8FB4FF2F2234B
S21400C3208380C3880C3E43F00203F6B2C3804946BE
S21400C330867258462CF01DFA384630F01DFE3246FE
S21400C34001464FF6FD702DF085FEBCE67C2D99D09B
S21400C35012E7E22C7FF451AEE9E6E32CAED04CE6D1
S21400C36000283FF4ECAE7C2D3FF4D3AE7F2D7FF457
S21400C370DBAE154B1B78002B3FF4D9AEBAF1000F9D
S21400C3807FF40CAEB8F1030F7FF46EAF0C9B3893BE
S21400C3900B9B37930E9BCDF8C8A0CDE935430A9B7F
S21400C3A0CDE933B30D9B3193032330933B4632469E
S21400C3B049467E2015E6DF2C3FF600AEDCE6E32C91
S21400C3C03FF47CAF5EE700BF064500202DE9F7434B
S21400C3D0904610F007029DF83040064689461F46F4
S21400C3E00ED10090294B2121112008F0C3FA0546F2
S21400C3F048462DF08BFED0B9002003B0BDE8F08390
S21400C400022AF9D100902121204B0022112008F0A9
S21400C410B1FA08210546404608F078FB0028EBD024
S21400C420384608F05FFB0028E6D0093500E0043502
S21400C4300A98ADB22DF06AFE0028DDD09DF82C00DB
S21400C44008F050FB0028D7D0204608F04BFB002809
S21400C450D2D00D98214608F059FB0028CCD02C44A9
S21400C4607304A4B202D4A01D80B2C6E7BDF838009B
S21400C4702DF03DFE0028BFD09DF83C0008F032FBB2
S21400C4800028B9D004F10900EEE700BF62C104003D
S21400C4902DE9F7431F4610F007039DF8384006467F
S21400C4A08946904610D10090314B0422212111205C
S21400C4B008F060FA054648462DF028FED8B9002454
S21400C4C0204603B0BDE8F083022BF8D1009021216E
S21400C4D0274B0422112008F04DFA08210546404655
S21400C4E008F014FB0028EAD0384608F0FBFA0028CB
S21400C4F0E5D0093500E004359DF828009DF82C208D
S21400C5000C9B002A18BF1846ADB22DF0FFFD002880
S21400C510D5D09DF8340008F0E5FA0028CFD02046A4
S21400C52008F0E0FA0028CAD00F98214608F0EEFA84
S21400C5300028C4D02C443205A4B20BD40634B3056C
S21400C540A4B2BDD512982DF0E1FD0028B7D0043472
S21400C550A4B2B5E7BDF840002DF0C9FD0028AED066
S21400C5609DF8440008F0BEFA0028A8D00934E6E793
S21400C57062C10400044B1B689A6912B9DA88034B3F
S21400C5801A802DF0E6BE00BFB42F002036450020EE
S21400C5901FB500246946E0B232F08CFC50B99DF815
S21400C5A00030032B06D1BDF805309DF80120044964
S21400C5B008F078FB0134032CECD104B010BD00BFAA
S21400C5C029AC040008B50020034908F06BFBBDE861
S21400C5D00840FF2000F004BB38AC04002DE9F0430F
S21400C5E085B007460D4690462CF039F9044640B112
S21400C5F03846424629462CF01CF9002005B0BDE816
S21400C600F0835FFA84F96946484632F053FC9DF899
S21400C6100030034313F0FF0614D103238DF80030D7
S21400C62069462B0A48468DF805508DF806308DF879
S21400C630017020F0A9FF02460028D9D006493046EE
S21400C64008F030FB0134032CDBD10020034908F04E
S21400C65029FB8920D2E700BF4DAC040072AC040071
S21400C6601FB5002304468DF80F302CF0E3F828B1F0
S21400C6709DF80F3063F07F038DF80F301823019379
S21400C6800DF10F03009300224023042120462DF0D5
S21400C690CFFB024618B10349002008F003FB04B0A4
S21400C6A010BD00BF8DAC04001FB502A9F5F752F807
S21400C6B0044680BBBDF80820184908F00DFB20464C
S21400C6C0039908F06BFA1649204608F0EBFABDF815
S21400C6D00810144C4B1E9BB24FF6F672934218D8B5
S21400C6E02368039A1B685879FFF778FF23681B793D
S21400C6F0012B0BD8BDF808300022CDE90003042139
S21400C700094B092008F036F92DF023FE012004B06D
S21400C71010BD8720EAE70020F9E700BFAAAC0400B6
S21400C72031650400B42F002061C1040070B50024F8
S21400C7308AB005460D22214606A8059433F004FD6E
S21400C740284604A9F4F7EEFF054600283AD11E4E07
S21400C750BDF810201D4908F0A5FA32681379012BA0
S21400C76029D8BDF810104B1E9BB24FF6F6708342C8
S21400C77005AC23D8136858792CF071F800B33368E9
S21400C780BDF810101B68224658792CF051F8BDF8F9
S21400C79010300294CDE9005301220D4B04210920EC
S21400C7A008F0E8F82DF0D5FD034620B1094A0A49FD
S21400C7B0002008F077FA01200AB070BD8725E6E76A
S21400C7C08B25E4E72046F7E7B42F0020C0AC040032
S21400C7D0D4AC0400D8AC0400E3AC04002DE9F0436C
S21400C7E08DB006A9F5F71CF80446002840F0C38073
S21400C7F09DF818206149624E08F06EFA25469DF8AD
S21400C8001820EBB29A4247D85E49002008F04AFA50
S21400C8109DF81850002D40F08C802C462E4608A916
S21400C820F0B232F047FBD0B99DF82030032B16D17A
S21400C830554B9DF821201B681B685B799A420ED1E8
S21400C84005F130036B449DF8252003F8202C0235B3
S21400C8509DF8262003F81F2C0134EDB2E4B2013611
S21400C860032EDCD19DF818300BB1002C66D004AB3B
S21400C870CDE90143FF2300930222444B0395042194
S21400C880092008F077F82DF064FD0346002867D1EC
S21400C89001200DB0BDE8F08307986B0003F4FF732A
S21400C8A00222002118442DF062FC31460246002088
S21400C8B008F012FA0135A2E70798730003F4FF7335
S21400C8C00222002118442DF052FC0027804608A9B9
S21400C8D0F8B232F0EFFA10BB9DF82030032B1ED1D1
S21400C8E0D9F800309DF821201B685B799A4216D152
S21400C8F09DF825105FFA88F3994210D19DF82630EE
S21400C900C8F307229A420AD105F130036B44023578
S21400C910013403F8201C03F81F2CEDB2E4B20137F3
S21400C920032FD4D101369DF81820F3B29A42C3D80B
S21400C93098E70025DFF850902E46F4E78B202DF080
S21400C9400BFD03460028A3D09DF81800104A114995
S21400C950002818BF0A461049002008F0A3F997E7F8
S21400C9609DF818202AB10B4A0949002C18BF0A4620
S21400C970F1E7074AEFE700208BE700BF3BAD040076
S21400C98058AD0400C1DB0400B42F002061AD0400E4
S21400C9900CAD04002AAD040065AD04002DE9F0419D
S21400C9A088B002A9F4F7C4FE0446002865D1BDF895
S21400C9B008203349DFF8DC8008F074F9BDF8085029
S21400C9C06B1E9BB24FF6F672934252D8D8F80030E0
S21400C9D01B685E79294630462BF041FF00284AD076
S21400C9E0E7B203A9384632F065FA28B903AA294601
S21400C9F030462BF021FF18B90134032CF0D1FF2765
S21400CA00384620F099FD044660BB014603900D228F
S21400CA1004A833F099FB03AA294630462BF009FFF9
S21400CA20D8F800301A79012A18D81B68BDF8081003
S21400CA30587904F0C5F9BDF808300322CDE9004363
S21400CA400421104B092007F095FF2DF082FC0346C9
S21400CA5020B10D4A0D49002008F024F9012008B045
S21400CA60BDE8F08102460A49002008F01BF90124BF
S21400CA70D6E78724D4E78B24D2E70020EFE700BF71
S21400CA8085AD040061C10400C0AD0400E3AC040041
S21400CA909BAD0400B42F00202DE9F043DFF8B080F2
S21400CAA02749D8F800301B688BB000205E7908F064
S21400CAB0F9F8002501275FFA85F901A9484632F002
S21400CAC0F9F9044690B99DF80430032B0ED19DF871
S21400CAD00530B3420AD1484620F02EFD0146F0B19B
S21400CAE002461849204608F0DDF827460135032D92
S21400CAF0E1D1D8F800301B680021587904F060F9BD
S21400CB0087F001002DF028FC034620B10E4A0F499D
S21400CB10002008F0C7F801200BB0BDE8F0830590B0
S21400CB200D2206A833F010FBBDF80940304621461A
S21400CB3005AA2BF07EFE2146304604F041F9D5E7E3
S21400CB40CDAD04009BAD04002AAD040065AD040025
S21400CB50B42F002037B56946F4F702FE04460028D5
S21400CB6032D1BDF800201949194D08F0B5F80199E1
S21400CB70204608F013F82046164908F093F82B686C
S21400CB801B6858792DF0C2FB70B1BDF800104B1E23
S21400CB909BB24FF6F67293420ED82B68019A1B682A
S21400CBA05879FFF71BFD044620462DF0D5FB0346BB
S21400CBB020B9012003B030BD8724F5E7064A0749AF
S21400CBC0002008F06FF8F4E70020F3E7E1AD04007A
S21400CBD0B42F0020316504002AAD040065AD0400C2
S21400CBE07FB505460024E6B26946304632F062F963
S21400CBF0A8B99DF80030032B11D19DF80130AB4247
S21400CC0004D0FF2D0BD19DF80D3043B9304620F0EF
S21400CC1093FC024618B10449002008F043F801349A
S21400CC20032CE0D104B070BD9BAD04002DE9F041AB
S21400CC300E4E0F4FDFF83C80002407F017F8E5B2E1
S21400CC40A84201D8BDE8F081284607F0A5F90546B8
S21400CC502DF05CFB2A4600280CBF33463B46414677
S21400CC60002008F01FF80134E7E700BF09AE040013
S21400CC7004AE04000FAE040030B585B002230025D4
S21400CC80CDE90135009140232A4603212DF013F902
S21400CC90044620B102460349284608F003F8204619
S21400CCA005B030BD30AE04001FB5212301930DF151
S21400CCB00E03ADF80E1000930022402303212DF042
S21400CCC0B7F8044620B102460349002007F0EAFF01
S21400CCD0204604B010BD00BF4EAE040073B503215D
S21400CCE004462CF0BDFDFF2805461DD00DF10601BB
S21400CCF02046FFF7C1FF134EC0B916F8253053B9CA
S21400CD00012306F8253006EB8503BDF8061059808A
S21400CD1020462BF0DEFDBDF806303BB14FF47A72AC
S21400CD20032120462CF037FB02B070BD00232046BE
S21400CD3006F825302BF0CEFD032120462CF03FFBD5
S21400CD40F2E700BF1045002013B501A9F4F7E4FC94
S21400CD500446C8B9BDF804200C4907F0A3FF0C4BE5
S21400CD60BDF804101B681B685879FFF79DFF2DF06F
S21400CD70F3FA034610B9012002B010BD054A064971
S21400CD80204607F08FFFF6E70020F5E76CAE0400BC
S21400CD90B42F00206905040087AE04001FB51749AC
S21400CDA0002007F07FFF164B1B681B680DF10E0175
S21400CDB05879FFF761FF044610B9BDF80E3063B925
S21400CDC020462DF0C9FA034620B10E4A0E4900202F
S21400CDD007F068FF012004B010BD0246009303214F
S21400CDE00A4B092007F0C6FD2DF0B3FA03460028CB
S21400CDF0F0D0074A04492046EAE700BFB2AE040076
S21400CE00B42F00206905040087AE040062C1040048
S21400CE100C6704002DE9F043D0E9023253F82230C3
S21400CE20DFF89C801D8887B001230446194604AAB3
S21400CE302DF005FCD4E902320232002653F8221007
S21400CE4003EB82030F885B681C8840F2DC539C422D
S21400CE5028BF1C46C146B3B29C4221D8224613497D
S21400CE60002007F039FF1249002007F035FF40F296
S21400CE700913CDE9007304A9CDE9024900234FF652
S21400CE80FF7228462CF0D2F90A490B4A031E08BF47
S21400CE900A460020094907F005FF07B0BDE8F08301
S21400CEA0F9F786F9013608F8010BD4E7C4AE04009A
S21400CEB0ECAE0400E4AB04007DC6040002AF040040
S21400CEC0D64A00200149002007F0ECBE0CAF040053
S21400CED010B5194B0446187886B028B9174906B01D
S21400CEE0BDE8104007F0DEBE16220021684633F08B
S21400CEF02BF9D4E9022352F8231002EB83030988A6
S21400CF0058689B680088ADF80C001B88ADF80E309A
S21400CF100B4B5B88ADF8103093680A4A1B78672B7A
S21400CF20094B0CBFADF81210ADF80A106846198808
S21400CF3000F07EF806B010BD7F4A00203AA204003A
S21400CF406E430020804A00207C43002010B51B4B17
S21400CF500446187886B028B9194906B0BDE81040CE
S21400CF6007F0A0BE16220021684633F0EDF8D4E99B
S21400CF7002320132204653F8221003EB820309885E
S21400CF805A68ADF80C1012889B68ADF80E201B8806
S21400CF9043F00203ADF814300A4B5B88ADF810304E
S21400CFA001230DEB030200212DF049FB064B074A37
S21400CFB01988684600F03CF806B010BD7F4A00208D
S21400CFC03AA204006E4300207C430020804A0020E2
S21400CFD010B528B1094815F071FF034660B910BDB9
S21400CFE015F06CFF03460028F9D0054A0549BDE850
S21400CFF01040002007F056BE034AF7E778AF04005B
S21400D00042AF04004CAF040039AF0400012804BF4F
S21400D010014B1870704700BFB2500020034A1178C9
S21400D020814202D01070FFF7D3BF7047B250002085
S21400D030F0B50E464549174602780978002AA3B08F
S21400D04004460CBF1E23202300297AD033447D2BB0
S21400D05079DC838A13F0020F4CF601434CF6010587
S21400D06018BF1D460AB945F02005684606F05CFD67
S21400D070A3898DF80B301B0A8DF80C30A38AADF807
S21400D08008509A0750D5D4F80130CDF80D30D4F8B2
S21400D0900530CDF811300DF115052CF089FA6B46E8
S21400D0A02870000A687003CB0B23AB720023EB7268
S21400D0B02378C5F8020043F003020C2B2A7311BF35
S21400D0C005F10D0305F10F03628AA5F80D20C5F8DA
S21400D0D006101D46228A25F8042BE2895A80394616
S21400D0E03246284632F0DEFFA38ADB0705EB060051
S21400D0F023D402A9401AC0B22BF02EFC0446E8B98D
S21400D1002DF002F9334602461149204607F0E4FDA9
S21400D110324639462046012307F032FD0D492246A5
S21400D120204607F0BFFD09E063898DF80D301B0A25
S21400D1308DF80E300DF10F05AFE7B724204623B06B
S21400D140F0BD7024FAE77424F8E700BFB250002060
S21400D15092AF0400ABAF0400F0B50E4689B01622BD
S21400D1600021054602A832F0EFFF33884CF6014155
S21400D17023F020038B429AB228D106F10D02114605
S21400D18031F8023BADF814300223ADF81C30D2F86B
S21400D1900230CDF809304B68CDF80D3002F10A01A7
S21400D1A0891B691AC9B206290DD953890B2B0AD1D6
S21400D1B0177B27F02C03032B0ED0714A71493B4690
S21400D1C0002007F06FFD002009B0F0BD4CF601030B
S21400D1D09A42F8D1F21DD2E707F00C03082B8DF81F
S21400D1E0083002D00C2B02D0DBB90D3207E0023932
S21400D1F00629E8D9B2F80D30ADF81A300F32138888
S21400D200ADF8183017F020075388ADF8163002F145
S21400D210040209D00323ADF81C30594A5A49B723F3
S21400D220CEE7574A5949CBE7941B14F0FF04CAD0FF
S21400D2303846574907F050FD9DF8080000284ED1A3
S21400D240544907F049FD5449002007F02BFD002003
S21400D250BDF81420514907F025FDBDF81C0010F05C
S21400D260020045D04E49002007F036FD0DF10900BA
S21400D27007F0A4FC4B49002007F014FDBDF816206B
S21400D2804949002007F00EFD0020BDF81820474948
S21400D29007F022FD00202CF0C8FF38B1BDF818704A
S21400D2A008F0CEFC0146384608F0AAFC3D490020AE
S21400D2B007F0F8FC9DF808300C2B05D1BDF81A20B5
S21400D2C03B49002007F0EEFC2D1B3719EDB23A461D
S21400D2D0294602A82BF029FB80B1012074E7082814
S21400D2E002D134493846ACE70C28ACD13249F9E7CC
S21400D2F0BDF81220314907F0D5FCBFE73A4629466B
S21400D30002A804F08FFF0028E7D1BDF816304CF2D3
S21400D3105E02934204D1BDF81820B2F5805FDCD0DF
S21400D320022D08D803230093154A25492B460020D2
S21400D33007F0B8FC47E7BDF81C0010F001007FF4CA
S21400D34042AF325D12F0020404D00D4A1D4907F0C8
S21400D350A9FC38E7520710D5042D03D8084A1A4905
S21400D3602046F4E73A790192BDF818200092174952
S21400D370034A002007F096FC25E7BA78F3E700BFDB
S21400D380B3AF0400C3AF0400F9AF0400E0AF04007D
S21400D39019B0040030B0040040B0040047B00400E8
S21400D3A05BB00400C1DB040081B0040095B004004B
S21400D3B0AAB0040034B004003AB004006BB0040015
S21400D3C0BCB00400DBB00400F9B004000EB10400E9
S21400D3D01FB564236331B1FBF3F12123ADF80E10C2
S21400D3E0009301220DF10E0308212CF041FD0246A8
S21400D3F018B10349002007F055FC05B05DF804FBA2
S21400D40049B1040003297FB5064615461C4602D9D5
S21400D410012004B070BD06212CF013FA0028F7D0C6
S21400D420012300930F220DF10E03082130462CF045
S21400D43050FD024630B11449002007F033FC0023AB
S21400D4408DF80E300123009300220DF10F03062104
S21400D45030462CF03EFD024620B10C49002007F075
S21400D46021FCD5E79DF80F30002BD1D1FF2D06D13A
S21400D470FF2C06D19DF80E0000F00100C9E7EB076F
S21400D480F8D504F00100C4E772A6040099A60400CB
S21400D49008B508212CF0E4F9FF281FBF00B2044BA2
S21400D4A000EB800003EB800008BF002008BD00BF33
S21400D4B0302B00201FB5012300930F220DF10F0320
S21400D4C0082104462CF005FD024628B10649002036
S21400D4D007F0E8FB04B010BD9DF80F309B07F9D5A8
S21400D4E020462AF062FEF5E772A6040038B50C4620
S21400D4F0062105462CF0A5F998B15CB109490A4AFF
S21400D500002007F0CFFB012128460122BDE8384065
S21400D51001F054BD0349054A204607F0C3FB2146E7
S21400D520F2E738BD68B10400B8020400C202040085
S21400D5302DE9F0474A4F99463B681B685D7986B0EF
S21400D540064628468846ADF80E20FFF7A1FF04469B
S21400D550002800F081809DF838304A46314628463B
S21400D560FFF750FF8246002873D0082128462BF08C
S21400D57026FF0123009300220DF1170308212846F9
S21400D5802CF0A7FC814678B136490246002007F009
S21400D59089FB3B681B685B88082B02D148462CF049
S21400D5A0DBFE06B0BDE8F0874146012938BF012101
S21400D5B02670FE299DF8178028BFFE2188456170D9
S21400D5C027D8042E05D1013918BF01212846FFF7B8
S21400D5D08DFF94F801809DF81730984539D0A8EB58
S21400D5E003085FFA88F8BDF80E1084F802A04FF61C
S21400D5F0FF73994215D10223009310220DF10E03FA
S21400D600082128462CF065FC814640B116490246A2
S21400D610BCE7A8EB01085FFA88F88246E3E7BDF8A6
S21400D6200E104FF47A7359430A23B1FBF3F100232B
S21400D6302361E370BDF83C30E160E380B1FBF8F1B4
S21400D6402846A1602BF0A1F9042E02D1386804F018
S21400D65077FF4FF000099CE74FF0010999E700BFFC
S21400D660B42F002091B10400AFB10400F8B5104B00
S21400D6701B681B685C79054620460E461746FFF772
S21400D68007FF98B13B46324629462046FFF7BAFECA
S21400D69038B1082120462BF092FE00212046FFF7E5
S21400D6A097FE0020BDE8F8402CF056BE0120F9E7B2
S21400D6B0B42F00202DE9F04F1D46494B1B681B6810
S21400D6C05F7985B08246384689469046FFF7E0FE89
S21400D6D00646002800F082809DF83C309DF83820F1
S21400D6E051463846FFF78EFE00285DD008213846A2
S21400D6F04FF0010B2BF063FECDF800B00DF10F03D9
S21400D7000022082138462CF0E4FB044650B10246BD
S21400D7103449002007F0C6FA20462CF01DFE05B05E
S21400D720BDE8F08F86F800A0B9F1000F04D0B9F17B
S21400D730010F1DD08524EFE79DF80F9086F802B004
S21400D740C9F1FE0444450EDAE4B24FF0FE099DF836
S21400D7500F3086F801904B4517D94FF6FF739D4260
S21400D76024D100212FE0C1445FFA89F94446EEE750
S21400D7709DF80F40B070444502D8013CE4B2E6E79D
S21400D780A4EB08045FFA84F9F0E7BAF1060F06D1B5
S21400D790B9F1010118BF01213846FFF7A7FE7278DC
S21400D7A09DF80F309A42D8D10024B5E74FF47A732B
S21400D7B0444503FB05F14FF00A03B1FBF3F102D039
S21400D7C06143B1FBF8F10023F1603361B1FBF4F182
S21400D7D0F370B16038462BF0D8F8E5E701249BE7F4
S21400D7E0B42F002091B104002DE9FF471D46454B9C
S21400D7F01B681B685F79804638460E469146FFF7E1
S21400D80047FE044600287BD09DF830302A46414625
S21400D8103846FFF7F7FD002858D0082138464FF065
S21400D820010A2BF0CCFDCDF800A00DF10E0300226E
S21400D830082138462CF04DFB054650B132490246C9
S21400D840002007F02FFA28462CF086FD04B0BDE82D
S21400D850F08784F800801EB1012E23D08525F2E7DC
S21400D8609DF80E6084F802A0FE2363709E1B61780C
S21400D8709DF80E308B42F6B21AD9B9F1FF0F3AD1A5
S21400D880012300934FF000080DF10F031422082126
S21400D89038468DF80F802CF01CFB0546C0B11B499E
S21400D8A00246CDE766709DF80E60A070013EDEE78A
S21400D8B0B8F1050F05D1013918BF01213846FFF729
S21400D8C015FE62789DF80E309A42D6D10025BAE74A
S21400D8D09DF80F20002AB6D04FF47A73B3FBF2F30C
S21400D8E0A360A16800234E43E6602361E3703846D8
S21400D8F02BF04BF8EAE74FF47A73B3FBF9F3EFE754
S21400D9000125A0E7B42F002091B10400D6B1040091
S21400D91030B585B00546FFF7BBFD0446B0B10369D8
S21400D9208268134403610123009300220DF10E0365
S21400D930082128462CF0CDFA024648B1504900206E
S21400D94007F0B0F900212846FFF742FD05B030BDCC
S21400D9509DF80E204B4907F0BFF9E368E3B96278FB
S21400D96049498DF80E20002007F0B6F9A3784749FC
S21400D970002B0CBF2D222B22002007F093F920232A
S21400D980009300220DF10E03082128462CF070FAB1
S21400D990024660B33E49D2E7A2789DF80E309AB1AF
S21400D9A0FD2B03D93B48C721F8F7A8FA62789DF803
S21400D9B00E309A4203D83748C821F8F79FFA9DF8E8
S21400D9C00E200132D2B2CBE7012B03D83148CB214F
S21400D9D0F8F794FA62789DF80E309A4203D32D48F1
S21400D9E0CC21F8F78BFA9DF80E20013AEAE7284694
S21400D9F0FFF760FD052128462BF023FF10B12846CF
S21400DA0002F0CAFC9DF80E30617899422CD123783A
S21400DA10043B022B1BD8013918BF01212846FFF70B
S21400DA2065FD9DF80E30012B8CD1E378002B89D054
S21400DA3020230093231D0022082128462CF018FAE4
S21400DA4002460028A6D12846FFF734FD7AE7E38889
S21400DA504FF6FF7293423FF475AF8DF80F302023D8
S21400DA6000930DF10F03E6E7D4E90313C91A28461D
S21400DA7089B2FFF7ADFCA16828462AF086FF65E765
S21400DA8091B10400F8B1040079B2040081B2040038
S21400DA908CB204000CB2040010B586B004A9F3F7EB
S21400DAA0B3FE044600BB9DF8153002939DF8143073
S21400DAB00193BDF812300D4A0D4900939DF81030C1
S21400DAC007F0F0F84FF6FF7301939DF815300093BA
S21400DAD020469DF81430BDF812209DF81010FFF770
S21400DAE027FD012006B010BD0020FBE7AAB2040007
S21400DAF0BCB204001FB503A9F3F780FEC0B9BDF899
S21400DB000E300C4A0C4900939DF80C3007F0CAF80A
S21400DB10FF234FF6FF72CDE900320420BDF80E2039
S21400DB209DF80C10FFF704FD012005B05DF804FB1E
S21400DB300020FAE7AAB20400D9B204001FB503A970
S21400DB40F3F7B4FDC0B99DF80D300C4A0C490093AC
S21400DB509DF80C3007F0A6F89DF80F3000930120D2
S21400DB609DF80E309DF80D209DF80C10FFF73CFE3A
S21400DB70012005B05DF804FB0020FAE7AAB2040015
S21400DB80FCB204001FB503A9F3F78AFDA8B99DF8F7
S21400DB900D300B4A0B4900939DF80C3007F082F8C5
S21400DBA0FF2305209DF80D209DF80C100093FFF72D
S21400DBB01BFE012005B05DF804FB0020FAE700BF5D
S21400DBC0AAB2040009B304001FB502A9F3F786FD44
S21400DBD0F0B9BDF80A3001939DF809300D4A0E4998
S21400DBE000939DF8083007F05DF89DF80D3001931E
S21400DBF09DF80C3000930220BDF80A309DF80920ED
S21400DC009DF80810FFF756FD012005B05DF804FBEF
S21400DC100020FAE7AAB2040022B304001FB503A945
S21400DC20F3F756FDD8B9BDF80E3001939DF80D30C8
S21400DC300C4A0D4900939DF80C3007F033F8FF238B
S21400DC40CDE900330620BDF80E309DF80D209DF876
S21400DC500C10FFF72FFD012005B05DF804FB002037
S21400DC60FAE700BFAAB2040033B3040007B501A95F
S21400DC70F3F7F2FC70B9084A084907F013F80320D6
S21400DC809DF805209DF80410FFF7F0FC012003B076
S21400DC905DF804FB0020FAE7AAB2040050B30400C3
S21400DCA008B5064A0649002006F0FCFFFF2211468A
S21400DCB00720FFF7DBFC012008BD00BFAAB2040066
S21400DCC057B30400F0B585B001270E4600970DF156
S21400DCD00B030022082105468DF80D702CF0F9F88C
S21400DCE0044630B122462349002006F0DBFF05B08B
S21400DCF0F0BD1122009703AB082128462CF0E9F866
S21400DD0002460028EFD19DF80C30FF2B04BF9DF88B
S21400DD100B308DF80C300223009310220DF10E0309
S21400DD20082128462CF0D5F804460028DAD1BEB1E2
S21400DD3020230246009308210DF10D0328462CF0FF
S21400DD4097F802460028CED14FF6FF72FF23CDE9A2
S21400DD5000329DF80C10BDF80E20FFF7E9FBC6E771
S21400DD609DF80B300193FF23BDF80E209DF80D1093
S21400DD700093F2E791B1040007B5D0E9023253F8F8
S21400DD8022301878003818BF012000F021F9054B22
S21400DD900090054A0549002006F084FF03B05DF8B0
S21400DDA004FB00BF6AB304006FB30400C3AA0400F8
S21400DDB073B5D0E9022102EB8103D3E902565C6811
S21400DDC052F8213095F900201878218833780038E9
S21400DDD018BF012000F036F9044B0090044A0549AC
S21400DDE0002006F05FFF02B070BD00BF6AB30400FB
S21400DDF06FB30400C3AA0400F7B5D0E9023253F8A3
S21400DE002210214C0E78214903EB82035A6853F8FE
S21400DE10047C15681E4A3846012E18BF1446032295
S21400DE2032F068F970B3A5F10B030F2B1AD9194B12
S21400DE30194A1A490095002006F034FF1849194A75
S21400DE402368012E18BF0A460020174906F044FF33
S21400DE50206806F001FF1549002003B0BDE8F04039
S21400DE6006F020BF03221249384632F043F9012358
S21400DE702268AB4010B913432360DFE722EA0302AF
S21400DE802260DBE72560D9E7C811002036090400C8
S21400DE90C41100208DB304006FB30400C3AA0400AD
S21400DEA083B304007BB30400A6B304001C7504000F
S21400DEB0B5660400144B154A154970B51C68154B19
S21400DEC0154E1D68154B002006F0ECFE2346012279
S21400DED03146002006F000FF2046114C06F0BCFE3E
S21400DEE02146002006F0DEFE31462B4602220020A8
S21400DEF006F0F2FE284606F0AFFE21460020BDE8FA
S21400DF00704006F0CFBE00BFC81100206FB30400FB
S21400DF10D0B30400C4110020D8B30400C3B3040077
S21400DF201C75040007B5064A064912780092034697
S21400DF30054A002006F0B6FE03B05DF804FB00BFFD
S21400DF40B3500020E9B304006FB304001FB50E4BB6
S21400DF501B68019300240423029403208DF80830E4
S21400DF600A4B039300942FF0CFFC012368468DF8EC
S21400DF70003002F00FF98DF8004010B9684602F044
S21400DF8009F904B010BD00BF582B0020BDE000000A
S21400DF9038B50E49082211F8013B013A013B12F050
S21400DFA0FF02DBB207D0FD2BF5D8BDE838400749A5
S21400DFB0082232F0AFB8FD2BF7D9451EC41DF8F77E
S21400DFC0F7F805F8010FA542F9D138BDDE53002059
S21400DFD037B5144C2378DB07054618D42BF0EAFA3D
S21400DFE0A8B9114B1D70114B1A68114B1A60114BD2
S21400DFF002468021013010281A70597003F102037E
S21400E000F8D1227003B0BDE83040FFF79FBF2378F9
S21400E0100093094A094B0A49002006F043FE702087
S21400E02003B030BDB350002071160020C811002088
S21400E030582B0020B45000206FB304000DB4040029
S21400E040C3AA040070B588B01D46044602A8ADF801
S21400E05010108DF81220FFF79BFFA5F10B030F2B76
S21400E0608DF8135009D9114A11492B46002006F0A5
S21400E07019FE0224204608B070BD0E4B20461C70C8
S21400E08000F028FA044606460028F3D102A805F058
S21400E09089F9064A0090084904462B46304606F0A1
S21400E0A001FE314602A82AF0F7FCE3E76FB304004E
S21400E0B021B404007116002047B404002DE9F0478F
S21400E0C083890646980588B04FEA132505D530782B
S21400E0D008B0BDE8F047FFF725BF15F00105DBB235
S21400E0E000F08680326842B17379784901229A40FE
S21400E0F00B6823EA02030B6091E0002B40F08F8050
S21400E100F8F756F804462AF0C8FCADF810002AF0D6
S21400E110C6FC6F4F8DF8120002A8FFF739FF3B7858
S21400E120990715D569490A6892B96A480B234FF0D2
S21400E130010C10F913E01EF1800F18BF0CFA03FE55
S21400E14003F1010318BF42EA0E021B2BF1D10A604D
S21400E150614B187800F0BEF968B904F00F04DFF8D8
S21400E1606C81DFF884910B34D8F80030A3B93560A1
S21400E170002D32D001E0306005463B789A0735D452
S21400E180564A1168514A43F0020311603B7008B0CA
S21400E190BDE8F047FFF7DABE1A2C1ABF0134E4B226
S21400E1A00B244FF0010A0AFA04FA1AEA030FDBD02E
S21400E1B002A88DF8134005F0F5F849490090054689
S21400E1C023464A46002006F06DFD45B9397802A878
S21400E1D0C1F340012AF060FC3560002078E7D8F8EB
S21400E1E0003023EA0A03C8F80030BDE728466FE788
S21400E1F0012B17D1B2683B4C9178A1F10B00C0B24D
S21400E20014F810200132D2B2142A04F8102006D9CD
S21400E2102E4A03FA01F1136823EA0103136008B0DB
S21400E220BDE8F087002BFAD175792E4996F90400DF
S21400E230A5F10B04E6B201EB460292F901708742A3
S21400E2403BDA224F507038689E461A4601F10109A3
S21400E2504FF0010A19F9128018F1800F10D002F160
S21400E2600B0C0AFA0CFC1CEA000F09D001EB4E0C52
S21400E27001339CF901C0C445DBB2B8BF5FFA82FE29
S21400E2800132102AE6D1042B17D901EB4E0201EB1E
S21400E290440492F9013094F901409C42DABF0EF131
S21400E2A00B03DBB22B4601229A4001EB430320EA24
S21400E2B002008022386003F8152C11F81630142B53
S21400E2C0ADD901220149AA4012E700BF582B002011
S21400E2D0B35000209F50002071160020C41100206B
S21400E2E047B40400B45000206FB30400C368013B79
S21400E2F007B5DBB280680C4950F82300042231F0E1
S21400E300F9FE68B900F026F9084B094ACDE9003055
S21400E3100121084B0220FCF77DFF03B05DF804FBEB
S21400E32000F032F9044BF0E7330604006BB4040047
S21400E3308BB4040076B4040070B4040030B5102525
S21400E3408BB0012304460DEB0502002103952CF04B
S21400E35076F903AA0121204628F02FFB2A46044618
S21400E360002106A831F0F0FE2A46214606A831F024
S21400E370D1FE06A900220DEB05002CF077FE044B1B
S21400E3800090044A0449002006F08CFC0BB030BD17
S21400E390999C040076B40400A2B4040007B51BF0F0
S21400E3A025FA0020044B054A0549009006F07AFC41
S21400E3B003B05DF804FB00BFAFB4040076B40400FD
S21400E3C0A2B4040070B58AB010230446039304AACE
S21400E3D0012300212CF033F903AA0121204628F05E
S21400E3E0ECFA06AA034600F11006154618685968A6
S21400E3F0144603C40833B3422246F7D1099B009360
S21400E40095E80E0004A800F0D7F8044A044903462D
S21400E410002006F047FC0AB070BD00BF76B40400CA
S21400E420C7B4040037B5102501AA0021019528F0CD
S21400E430C4FA074B04462A460021184631F084FEEB
S21400E4402A46214603B0BDE8304031F063BE00BF27
S21400E4507216002013B51448FF2129F077FA2BF026
S21400E460A9F8022819D1114B1888FE2817D9FE38AA
S21400E47018800F4A0C48FF2129F057FAFE24002086
S21400E48004F060FD0121204605F068F8094B009075
S21400E490094A0A49002006F005FC02B010BD002219
S21400E4A0C4B21A80EBE700BF5C2B002018450020A2
S21400E4B030E00300DEB4040076B40400A2B4040026
S21400E4C0024A03480021FBF751BB00BF55E4000099
S21400E4D05C2B002010B58EB004462A2200210DF1D8
S21400E4E00E0031F031FE41F60433ADF80C303CBB83
S21400E4F0144A0DF10E0302F1100152F8040B43F812
S21400E500040B8A42F9D141F606330DF11E00ADF830
S21400E5100C302FF0F6F9044640B903A81EF0FCF8BC
S21400E520044618B910201DF0D1FF0446064B074AD2
S21400E53007490094002006F0B5FB20460EB010BD3B
S21400E5407024F3E772160020EBB4040076B40400DF
S21400E550A2B404001FB52BF02DF802280ED101A896
S21400E5601DF0D6FF064B07484FF49672FF211A801F
S21400E57029F0E4F9002005B05DF804FB0120FAE775
S21400E580184500205C2B002008B52BF013F8022855
S21400E5900ED11BF02BF9FF21064829F0D7F90420ED
S21400E5A004F0D0FCBDE808400121002004F0D6BFEE
S21400E5B0012008BD5C2B002084B008B503A880E8C5
S21400E5C00E002AF0F7FF02280CD1074B07484FF43D
S21400E5D09672FF211A8029F0B1F90020BDE80840A4
S21400E5E004B070470120F9E7184500205C2B002096
S21400E5F0034B1B681878012808BF0220704700BF2D
S21400E600F02E0020D0E9023253F822301A78024B5E
S21400E6101A7000F0D7BA00BFD450002070B5D0E909
S21400E62002456B1EDBB21D4954F82300032231F06D
S21400E63061FD54F8253004EB8504197863681A7870
S21400E640A2F10B030F2B05D91549BDE87040002039
S21400E65006F028BB01290FD1124C9140236840B91F
S21400E6600B43114A2360BDE870401049002006F0B5
S21400E67019BB23EA0103F4E702290CD10C49012354
S21400E68003FA02F20B6818B913430A4A0B60EAE76A
S21400E69023EA0203F9E70A460749D6E7B566040007
S21400E6A0F1B40400D01100207BB3040007B50400C9
S21400E6B0CC11002083B3040019B5040007B5D0E9D7
S21400E6C0023103EB810253F821300B491B78526864
S21400E6D0012B0A4B126808BF0B464FF000001A6069
S21400E6E00092074A074B084918BF1346074A06F028
S21400E6F0D9FA03B05DF804FBD0110020CC1100203D
S21400E70034B504002CB504003EB504000FBA04006E
S21400E71038B5254A254B264C2649274D002006F0BD
S21400E720C1FA2649002006F0BDFA226824490020D6
S21400E73006F0D2FA2068234C06F08EFA2146002016
S21400E74006F0B0FA2A682049002006F0C5FA2868C4
S21400E75006F082FA2146002006F0A4FA1B4B1C495C
S21400E7601A781C4B002053F8223006F09BFA00F073
S21400E77027F919490246002006F094FA174B184963
S21400E7801A78002006F08EFA164B17491A780020E1
S21400E79006F088FA2AF00EFFBDE838400246134914
S21400E7A0002006F07FBA00BF0FBA040057B5040079
S21400E7B0D0110020D0B30400CC1100205EB50400B8
S21400E7C06CB504001C7504007CB50400F0500020F5
S21400E7D08CB50400D41100209DB50400E65000203E
S21400E7E0B1B50400E5500020C3B50400D5B504005B
S21400E7F007B500F08FF8054B0090054A0549002044
S21400E80006F050FA03B05DF804FB00BF1D69040073
S21400E8100FBA0400A2B404000149002006F042BA70
S21400E820E9B50400014813F097BA00BF1A45002066
S21400E830F8B50C4F0C4E0D4D0D4A0E4904460020FF
S21400E84006F030FA3B78297832782046F2F722FB39
S21400E85000233B7033702B70BDE8F8400648FF215C
S21400E86029F074B8F0500020E5500020E650002053
S21400E8700FBA040088B604007C2B002037B5194870
S21400E880FF2129F063F8184B1B7813F0200013D0F3
S21400E89002F0F6FF2FF0F2FB0020144B144A154945
S21400E8A006F000FA0120FFF7C3FF4FF4806003B0C4
S21400E8B0BDE830402BF010BC13F0100404D003B0B9
S21400E8C0BDE8304002F0E4BF0121B42004F046FE6B
S21400E8D0094B00900546064A0849204606F0E2F92C
S21400E8E02846E0E77C2B0020F05000209FB604006E
S21400E8F00FBA0400C8B60400CFB60400C3AA0400CA
S21400E900024A03480021FBF731B900BF7DE800004A
S21400E9107C2B002008B5054B1B7823B19420FFF70D
S21400E92087FF002008BD7020FCE700BFF0500020E5
S21400E93037B51E4C2378DB0605462FD500901C4BBA
S21400E9401C4A1D49002006F0ADF91E2D10D0652D7D
S21400E9500ED0032D24D12378184843F0200341F22B
S21400E9608832FF21237003B0BDE8304028F0DDBFB9
S21400E970237823F020032370F7F71AFC4FF4FA638A
S21400E980B0FBF3F202FB1300C21892B20B48FF2151
S21400E99028F0CBFF237823F01003237003B030BD9C
S21400E9A02FF06CFBAE20FFF743FFF3E7F05000209C
S21400E9B0E8B604000FBA0400C3AA04007C2B0020AB
S21400E9C0014B187A704700BF9C2B002070B5424E52
S21400E9D03378DD1F012B8EB0EDB258D0042B56D005
S21400E9E0032B41F6041255D0991F4B424B415B0056
S21400E9F013433A48ADF80C302AF05AF848B9384B69
S21400EA00364A03F1100153F8040B42F8040B8B420C
S21400EA10F9D13378032B3FD0062B3DD0314B0DF187
S21400EA200E0203F1100153F8040B42F8040B8B425C
S21400EA30F9D103A81DF070FEB728044610D1012DA9
S21400EA4036D8294A2949002006F02CF9BDF80C30A2
S21400EA5003A823F40053ADF80C301DF05DFE044609
S21400EA607CBB30201DF032FD044650BB2AF02AFA4B
S21400EA70012D26D81E4A1068516801AB03C32246F2
S21400EA801C4901A82CF0F2FAF0B1182419E043F65C
S21400EA900412A9E70223ABE7104A0DF10E0302F1B8
S21400EAA0100152F8040B43F8040B8A42F9D1C0E770
S21400EAB03378012B01D0042B03D10F49002006F038
S21400EAC0F1F820460EB070BD0449224601A82CF08D
S21400EAD0CDFA0028D9D1F4E7F0500020D550002018
S21400EAE0ADB70400BEB704000FBA04000CB70400AC
S21400EAF0CFB70400FFB904005FB7040030B5044682
S21400EB0087B0252017F0CCFA1C220021144831F0DB
S21400EB101BFB144B1878FFF76BFD022814BF01236C
S21400EB20042303208DF808302EF0EEFE04238DF823
S21400EB30103002A80C4B0593039401F02BFB0B4BF3
S21400EB400B4A19680B4B0094A14218BF13460546A2
S21400EB50094A0A49002006F0A5F8284607B030BD45
S21400EB609C2B0020F050002001EE0000D011002069
S21400EB7034B504002CB504000FBA0400D8B704005E
S21400EB8008B50E490A78531CDBB2072B0B7001D070
S21400EB90092B04D19420FFF74BFE942008BD02F009
S21400EBA0FB02032A07D1064B18680028F2D0FFF7AD
S21400EBB0A5FF3D20F2E70020F0E700BFF050002060
S21400EBC0CC11002073B51C4C1C4E236832681343CE
S21400EBD030D01B4B1B6833B31A4D2B781BBB2AF067
S21400EBE0E9FCD8B94FF480602BF037FA24688CB172
S21400EBF001232B7002F044FE2046FFF77FFF0446F9
S21400EC00114B124A12490094002006F04BF8204699
S21400EC1002B070BD042334682B70EBE70121B420EA
S21400EC2004F09CFCEBE7094A0A49002006F03AF893
S21400EC307024E5E77024EAE7D0110020CC1100200C
S21400EC40F02E0020F0500020EBB404000FBA0400B1
S21400EC50A2B4040005B804002DE9F341374C384946
S21400EC60227AA388002006F01DF82268207A22FA6D
S21400EC7000F010F0010002D1324906F013F8324DD0
S21400EC80287838B131493248082231F033FA003852
S21400EC9018BF01202F4E2D4F06F10E0807E0082260
S21400ECA03946404631F026FA003818BF0120227A4D
S21400ECB02368D340DB0700D560B1304617F0BCF9B7
S21400ECC000282DD12B78002BE9D1227A2368D34057
S21400ECD0DA07F2D5237A0093A3881F4A1F4900203B
S21400ECE005F0E0FF1E4B1878FFF782FC0123032295
S21400ECF0184916F06FFB1B4A13780133137004464D
S21400ED0010B902B0BDE8F081134A17492346002027
S21400ED1005F0C8FF204602B0BDE8F041FFF788BD09
S21400ED201249002005F0BEFFFFF72AFF0028E8D1B1
S21400ED3002B0BDE8F04100F01BB800BF9C2B0020DD
S21400ED401FB804004FB80400EF500020E750002022
S21400ED50AE2B0020A02B00200FBA04001BB9040025
S21400ED60F0500020E5500020BEB80400E5B80400CE
S21400ED7070B51B4C1B4B22781B4953F822301B4A9C
S21400ED801A4D1B4E002005F08DFFFFF71FFE0346B1
S21400ED9083B92378032B19D8D3B1164B16481B68B2
S21400EDA040F8043B17F026F9A0B1BDE870400120FA
S21400EDB0FFF73EBD2A463146002005F073FFFFF7F9
S21400EDC0DFFE58B9FFF702FE0346E1E7072BE4D063
S21400EDD00A4BE3E7BDE87040FFF73EBF70BD00BFDB
S21400EDE0F0500020D41100203AB904000FBA0400F5
S21400EDF047B90400D01100209C2B0020CC11002025
S21400EE0070B51A4C237883B3838913F4407F2CD0D3
S21400EE10056835B12A461649BDE87040002005F061
S21400EE2041BF17F037F9134E134A307003461349A3
S21400EE30284605F037FF33781BB1BDE87040FFF772
S21400EE4097BF2378062B06D8032B06D9BDE870405B
S21400EE50AB20FFF7EDBC082BF8D004232370084B3B
S21400EE60BDE870401868FFF749BE70BDF05000203E
S21400EE7070B90400E65000200FBA04009BB90400E5
S21400EE80CC11002030B5434D434A4449034687B071
S21400EE900446002005F006FF2B782BBB01A82BF0BC
S21400EEA08DFD022301A88DF804302CF005F8B0B9CA
S21400EEB03B4901A82CF067F888B1902C0FD1F7F7E2
S21400EEC077F947F23153B0FBF3F202FB130000F57B
S21400EED01C50103080B202F0DBFC07B030BD912C25
S21400EEE0FBD102F00FFDF8E7902C2AD12A4A2D49D3
S21400EEF0002005F0D7FE2B78032B11D0062B0FD061
S21400EF00294B1B78DA070BD401A81DF001FB18B9B2
S21400EF10BDF804309B0703D42B7843F010032B7006
S21400EF20F7F746F94FF4FA63B0FBF3F202FB13006F
S21400EF30C2181E4892B2FF2107B0BDE8304028F044
S21400EF40F4BC13F025FD04460028C6D12B78013BFF
S21400EF50072B19D8104A164905F0A4FE154817F0D5
S21400EF606BF860B11449204605F09CFEFFF708FEDA
S21400EF700028B2D107B0BDE83040FFF7F9BE07B0B1
S21400EF80BDE83040FFF768BEAE2007B0BDE83040B1
S21400EF90FFF74EBCF05000200FBA0400BFB90400C3
S21400EFA0FFB90400D4B90400D45000207C2B002004
S21400EFB0E7B90400A02B0020E5B804002DE9F041D5
S21400EFC00B4686B004460F4616463E4902460020CB
S21400EFD005F068FE4FF000080123CDE901380DF179
S21400EFE01603009342464023062120462AF063FF7C
S21400EFF0054640B102463449404605F053FE2846D1
S21400F00006B0BDE8F0819DF816202AB937B92F4919
S21400F010002005F047FEF2E7012FF8D082F001034A
S21400F0202B498DF81730002005F03CFE9DF8173070
S21400F0300DF117075BB31023CDE9007300224023C0
S21400F040062120462AF0F4FE074630B121493A460A
S21400F050002005F027FE3D46D1E766B1204603F0C6
S21400F06033FD052120462AF0ECFB0028C7D02046B9
S21400F07001F092F9C3E7082120462AF0E2FB0028B7
S21400F080EFD09DF817102046FEF71CFEE9E74EB9B4
S21400F090082120462AF0D5FB20B19DF817102046FF
S21400F0A0FEF710FE1023CDE9007300224023062150
S21400F0B020462AF0BDFE07460028C7D1002ECDD137
S21400F0C0CFE700BFD7BB0400EFBB040006BC0400BC
S21400F0D026BC040042BC040038B5094D2B681B68EA
S21400F0E0002258791146FFF769FF044610B92868D0
S21400F0F003F07AFC20462BF02FF9012038BD00BF24
S21400F100B42F002038B5094D2B681B6800225879AB
S21400F1100121FFF753FF044610B9286803F06EFC80
S21400F12020462BF019F9012038BD00BFB42F00206F
S21400F13038B5094D2B681B68002258790221FFF765
S21400F1403DFF044610B9286803F080FC20462BF0EB
S21400F15003F9012038BD00BFB42F0020034A034640
S21400F1600120C3E9032000221A7070470100FEFF49
S21400F1702DE9F041264E274FDFF8A88088B00024FE
S21400F18000F05CFAA5B2854202D308B0BDE8F08173
S21400F19003A9284629F00DFDA2B23146002005F04D
S21400F1A09BFD9DF80D2012B39DF81210BDF810308F
S21400F1B0402914BF6E217921CDE900310020BDF829
S21400F1C00E30394605F088FDBDF814201AB11249F4
S21400F1D0002005F081FD9DF80C00BDF8182070B9E0
S21400F1E0079B00930D49BDF81A3005F075FD0C49D4
S21400F1F0002005F057FD013428F0B2F9C0E7BDF84D
S21400F2001C30009341469DF81A300020EDE700BF01
S21400F21059BC04005DBC04007CBC040084BC040033
S21400F220C1DB0400A8BC040010B500F045FBBDE837
S21400F23010400346024A0349002005F033BD00BFD4
S21400F240AAD7040017C00400D0E9023253F82230CF
S21400F25010B5188800F020FBBDE810400346024AAF
S21400F2600249002005F01EBDD608040017C00400A1
S21400F27010B5D0E9023286B000248DF8044053F869
S21400F280221003EB820309788DF805105A6812885D
S21400F290ADF806209A681288ADF80820DA68127869
S21400F2A0ADF80C40A24214BF402280228DF80A20FE
S21400F2B01A691288ADF810205A699B691288ADF851
S21400F2C012201B68059301A800F06AFC034A044953
S21400F2D00346204605F0E6FC06B010BDB566040001
S21400F2E017C0040038B5074D002428F0F1F845F89B
S21400F2F024000634542CF8D1BDE8384002490020DA
S21400F30005F0D0BC50170020CCBC040030B5214915
S21400F31087B0002005F0C6FC1F49002005F0C2FC9F
S21400F3201E49002005F0BEFC28F0D2F80024054651
S21400F330A0B201A9013429F03CFC0E2CF8D128F02B
S21400F340C7F81749421B002005F0ACFC1549002001
S21400F35005F0A8FC28F0BCF80446012000F030F9BF
S21400F36028F0B6F80E49021B002005F09BFC0E495B
S21400F370002005F097FC28F0ABF8044600F016F8DD
S21400F38028F0A6F80649021B002007B0BDE830406A
S21400F39005F088BCF8BC040027BD040057BD040077
S21400F3A074BD040083BD04009DBD04002DE9F04734
S21400F3B086B04FF6FF73ADF800304FF000084FF000
S21400F3C0010900F03BF91FFA88F4A04214D8264F32
S21400F3D000264FF01408C6F3CC0318336B4406F02F
S21400F3E0070213F8183CD340DB072DD40136092E4C
S21400F3F0F1D106B0BDE8F087204601A929F0D9FB77
S21400F400DFF864A00024C4F3CC0505F118030DEB67
S21400F410030504F0070715F8186C26FA07F3DA0751
S21400F4200AD5514601A829F0E1FB28B109FA07F7E9
S21400F43026EA070605F8186C0134092C0AF1140AA6
S21400F440E1D108F10108BCE708FB06750FCD01AC59
S21400F4500FC42B68236001A800F0CAF94FF6FF73AB
S21400F4609842C3D1C5E700BFC0BD040070B410B356
S21400F470164B417800221C465D788D421DD1468889
S21400F4805D88AE4219D186889D88AE4215D18679B0
S21400F4909D79AE4211D106891D89AE420DD1034633
S21400F4A0002103F80C1B142101FB0242D2E90301E0
S21400F4B083E80300012070BC70470132092A03F17B
S21400F4C01403D9D170BCFFF749BE00BFC0BD04000D
S21400F4D010B50C4606F048FB08B9032C12D12AF0EA
S21400F4E069F804280ED02AF065F805280AD00648E0
S21400F4F005F06AFAB42801D12AF0A3FDBDE8104051
S21400F50005F088BA10BD00BF9D8B03002DE9F04FB3
S21400F510DFF8A8B0274C87B000274FF0FF36BBF8BF
S21400F5200030B8B2834209D8731C3BD0224832461A
S21400F530FF2107B0BDE8F04F28F0F7B901A929F080
S21400F54038FB9DF8050004F0B5FCF8B19DF8048082
S21400F550B8F1000F1AD1BDF810A0BDF8129027F030
S21400F560B7FF1821BBB24B430246E018E158007CB7
S21400F570A2EB010C4FF47A7350B103FB0AF3634518
S21400F5800ED30B44981A864228BF06460137C6E7B4
S21400F5904D466B43FAD06345F5D31944881AF2E713
S21400F5A04046F0E70448FF2107B0BDE8F04F28F0DA
S21400F5B0CDB900BF50170020B82B00201C450020F6
S21400F5C02DE9F041014688B020B1022809D008B0E4
S21400F5D0BDE8F081FF23154A15480093FAF788FA2C
S21400F5E0F5E70024134E27464FF00108A5B228463B
S21400F5F003A98DF80D7029F0DCFA9DF80D0068B1AE
S21400F60004F058FC20B19DF80C300BB986F8108039
S21400F61001340E2C06F11806E8D12546064B1D804F
S21400F62008B0BDE8F041FFF771BF00BF85F90000E4
S21400F630B82B0020501700201C450020014B1888CE
S21400F640704700BF1C4500202DE9F04F624A077D39
S21400F650624989B00446002005F03EFB00202AF0EF
S21400F660E4FD20B12368218A588806F0C9FA0020F4
S21400F6705B49DFF8789105F015FB637D002B236866
S21400F6805988574B0093228A4FF009030DBF082074
S21400F69000204FF080084FF0400805F045F9A28999
S21400F6A0BB1C93420CDB2AF054FE034620B14D4AA5
S21400F6B04D49002005F0F6FA012009B0BDE8F08FAC
S21400F6C0A068791C89B2C55D2AF051FD0337012D6B
S21400F6D00646BFB213D8236859885879238A009300
S21400F6E0324643462AF042F8824600283ED186201B
S21400F6F005F0F8F9284605F0F5F9304668E085206B
S21400F700F6E703A929F055FA9DF80C30AB4223D151
S21400F71023689DF80D105A7991421DD1BDF80E1040
S21400F7205A88914218D1BDF81020B24214D19DF8E3
S21400F7301220424510D1BDF81410228A91420BD1F6
S21400F740002D38D0BDF81810E288914204D19DF8FB
S21400F7501A201B799A422ED00BF1010BB9F8003013
S21400F7605FFA8BF08342CCD88B20C1E74FF0000BBA
S21400F770F4E79AF8020005F0B5F9BDF818002AF08B
S21400F780B6FCBDF81A002AF0B2FC9AF8020006F0A1
S21400F79051FC002883D19AF8020004F0D3F9079EA2
S21400F7A00546002D3FF47BAFF0B2013D05F09AF917
S21400F7B0360AEDB2F5E7002005F094F9284605F084
S21400F7C091F930462AF093FC012DD2D1BDF81C00E9
S21400F7D02AF08DFC63E700BF74BE040081BE0400FF
S21400F7E0C1DB040086BE0400A3BE04001C45002046
S21400F7F038B5084D2C880D2C014607D8204629F030
S21400F800E2F92B8801332B80204638BD4FF6FF7473
S21400F810FAE700BF1C4500202DE9F0431C4F91B0CD
S21400F8206946804629F0C5F9388800238DF80130EE
S21400F830431E98B28045388009D16946404629F073
S21400F840C2F9684629F0A8F911B0BDE8F08305A909
S21400F85029F0AFF90F4C3E884FF0180909FB064611
S21400F8600FCE0AAD0FC596E803000AAE85E8030082
S21400F87005A9404629F0A7F90FCE09FB08440FC496
S21400F88095E8030084E8030038886946D7E700BF98
S21400F8901C4500205017002008B5064B1B888342E5
S21400F8A005D9FFF7B9FFFFF731FE002008BDB120EC
S21400F8B0FCE700BF1C45002038B5074D2C882CB946
S21400F8C00648FF2128F042F8204638BD601E80B268
S21400F8D0FFF7A2FFF2E700BF1C450020B82B002070
S21400F8E02DE9F347264F9DF82890CDE900129A4659
S21400F8F0182303FB09731446D3E902232AF00AFEF1
S21400F900064620460D4606F095FB04F0FD03382B10
S21400F91080460FD10094DAF8100032462B460021BC
S21400F92029F087F9B8F1010F1BD135431ED102B07B
S21400F930BDE8F087392CDAF810300BD107EE906A64
S21400F94007EE103AF4EEC77AF1EE10FAACBF0120DB
S21400F9500020E7E79E4275F100032CBF012000203F
S21400F960E0E7B8F1000FE2D10028E0D0182303FB4F
S21400F970097701233B7402B0BDE8F047FFF7C6BD28
S21400F980501700202DE9F04F0025DFF8C491D1B0C4
S21400F9902F462E46AA462C46694B1B88A8B28342A1
S21400F9A009D81CB161882079FFF792FDFFF7AEFDFC
S21400F9B051B0BDE8F08F0BA929F0FBF81FFA85F8C7
S21400F9C027F086FD182303FB08F3059009EB030BCD
S21400F9D09DF82D0059F80330049304F06BFA0028C4
S21400F9E000F0AB809DF82C10002940F0A680DDE9E1
S21400F9F00432D01ABDF838304FF47A72534383423B
S21400FA0000F29B809BF8103043B9BDF83A30002BCB
S21400FA1000F093805343834200F28F80FD23002240
S21400FA20CDE9013210AB00930DF119020DF11A0366
S21400FA30E9B20BA8F0F770FB002873D1BDF81A30B6
S21400FA400493DA1CD2B214B33E4B9DF82D101B88DB
S21400FA5013442279914214D1BDF82E106288914247
S21400FA600FD19DF83220B6EBD21F0AD1BDF8342054
S21400FA70524506D1BB4249DD3349002005F012F954
S21400FA8001E0BB42F8DC61882079FFF721FD04F035
S21400FA90FDFF9DF932602D4B00930446F043C00FE6
S21400FAA00A23BDF83420BDF82E10C00004F03CFF39
S21400FAB09DF82D302371BDF834A04FF48A53E380AF
S21400FAC04FF0000BFF2707A95FFA8BF02FF0F2F933
S21400FAD0B0B99DF81D109DF82D20914210D1BDF8AB
S21400FAE01E10BDF82E2091420AD19DF829109DF8CF
S21400FAF01C0022462AF036FCB84228BF3846C7B259
S21400FB000BF1010BBBF1030FDDD1F60FBDF8300092
S21400FB102AF0EDFA9DF8190004F0E4FF049910A805
S21400FB2004F0F4FF182303FB08F809EB080300228F
S21400FB301A7427F0CDFC49F8080001352CE700BF01
S21400FB401C450020344500205ABF0400C1DB0400D9
S21400FB505017002070B5114D8AB0002401262B885E
S21400FB60A0B2834204D80AB0BDE87040FFF7CEBC0E
S21400FB7005A929F01EF89DF8150004F09BF950B170
S21400FB809DF814303BB9CDE9013600931A46E1B230
S21400FB9005A8F0F7C1FA0134E1E700BF1C450020D4
S21400FBA02DE9F043DFF858810389B8F800908BB050
S21400FBB004460093837982884188407829F0D6FDF0
S21400FBC0002800F09580E78927B1A389BB4200F2A0
S21400FBD091800027B8F80030BDB2AB4214D84D462D
S21400FBE00126E2894FF6FF739A4226D146B9B8F845
S21400FBF00030AB4202D92846FFF70EFEFFF786FC20
S21400FC0000200BB0BDE8F08305A9284628F0D1FFF8
S21400FC109DF814307BB92268059B5340FF2B0AD809
S21400FC206368069E5E4036F07F4604D1BDF81C2011
S21400FC3023899A42D5D00137CCE7E2689A422BD086
S21400FC40002E53D1D4E90323CDE9082305A828F0D4
S21400FC50A3FF0028D5D1B8F80030AB4204BF6B1C18
S21400FC60A8F8003027F034FC1823244A6B43D41835
S21400FC70D0500023CDE9013300931A46E9B205A817
S21400FC80F0F74AFA18B100220023C4E9022305A9B6
S21400FC90284628F098FFB1E7234605AA04F1100C81
S21400FCA018685968174603C7083363453A46F7D1BC
S21400FCB01868386005A8FFF7D9FB0028C0D00D2DBE
S21400FCC01AD800238DF8143063788DF815306388C1
S21400FCD0ADF81630A388ADF81830A3798DF81A3031
S21400FCE02389ADF81C300028B0D1ABE70020E6E74A
S21400FCF0862086E7872084E7892082E75017002041
S21400FD001C4500202DE9F04FA24A057DA2498DB082
S21400FD100446002004F0E0FF00202AF086FA20B116
S21400FD202368218A588805F06BFF00209B49DFF87E
S21400FD3088B204F0B7FF637D002B14BF80234023F6
S21400FD40029323685988954B0093228A4FF0070345
S21400FD500CBF0820002004F0E7FD4FF0000AA2893F
S21400FD6005F10308904506DBBAF1000F1FD1504697
S21400FD7004F0B8FE1BE0A068691C89B2475D2AF053
S21400FD80F6F98749064603463A4600201FFA88F8E1
S21400FD9004F088FFC7B1012F00F0A980852004F089
S21400FDA0A1FE384604F09EFE30462AF0A0F92AF05E
S21400FDB0D0FA034620B17B4A7B49002004F072FF4C
S21400FDC001200DB0BDE8F08FA068A28910F8088069
S21400FDD0291D89B22AF0CBF9A91DA289049089B2FF
S21400FDE0A0682AF0C4F9049B059000906F49384635
S21400FDF0424604F057FF08354046ADB206F01AF901
S21400FE00002835D1404603F09DFEA2890346814670
S21400FE102946A0682AF099F965490390384604F007
S21400FE205BFFA1684A4629443B46384604F0A8FED4
S21400FE305A49384604F036FFA9441FFA89F5236864
S21400FE4059885879238A00933246029B29F08EFC03
S21400FE5080B1837843450DD08D2004F043FE00200A
S21400FE6004F040FE30462AF042F94FF0010A76E7E9
S21400FE700397E4E7A8F148085FFA88F8B8F1090F95
S21400FE8007D840F2113323FA08F3DB0701D58C209C
S21400FE90E3E700238DF81C3023685A798DF81D207F
S21400FEA05B88ADF81E30029B8DF82230238AADF8B1
S21400FEB02430049BADF82830059BADF82A3007A8FF
S21400FEC0039BADF820600B93FFF76AFE814600287F
S21400FED03FF445AF484604F005FE384604F002FEFF
S21400FEE030462AF004F9B9F1850FBED15FE7A28942
S21400FEF0A06841462AF03BF92E490246814600207A
S21400FF0004F0D0FE0535BBF80020ADB20023BBF8E8
S21400FF1000101FFA83F8414506D80D2A4ED98920CD
S21400FF2004F0E0FD01209BE707A94046CDE9032346
S21400FF3028F03FFE9DF81C100129DDE9032326D199
S21400FF40D4F800E09DF81DC09EF8050084451ED13B
S21400FF50BDF81EC0BEF80200844518D1BDF82000CA
S21400FF60B04214D19DF82200029988420FD1BDF804
S21400FF7024C0208A84450AD1BDF828C0E08884457C
S21400FF8005D19DF82A009EF8041088422FD0013330
S21400FF90BDE700BF85BF040081BE0400C1DB0400CE
S21400FFA08DBF0400DEBF0400A3BE0400A7BF04008C
S21400FFB0C4BF0400CFBF04001C45002001238DF8F9
S21400FFC01C30236859798DF81D105988ADF81E101D
S21400FFD002998DF82210218AADF82410E188ADF838
S21400FFE02060ADF828101B798DF82A30904607A8B7
S21400FFF0ADF82C9028F0D0FD814600287FF46AAF3B
S214010000BBF80030434508BF08F1010307A9404685
S21401001008BFABF8003028F0D6FDA0E62DE9F04F7A
S21401002089B09A46BDF848B09DF84C60149C244BA4
S21401003007468846914600251A88A8B2824235D9D5
S21401004003A928F0B6FD9DF80C201D4BB2BB9DF808
S2140100500D10B94232D1BDF80E1041452ED1BDF872
S214010060101049452AD19DF81210514526D1BDF8E8
S2140100701410594522D13046029203F063FDA6F1D1
S2140100804103012B01460AD820462AF076F80D4B8B
S2140100900D4A204484420CD1029302AC0421EDB2F5
S2140100A0009503AB32462046FFF71AFC09B0BDE8BF
S2140100B0F08F14F8011F4B405343EBE70135BBE7C4
S2140100C01C450020C59D1C81930100011FB50F4CE6
S2140100D02478C4B142EA03229DF818308DF8051041
S2140100E042EA43220A4BADF80C201A78094B8DF8E8
S2140100F0061003EB0213079900908DF80400DB68E5
S21401010002916846984704B010BD00BFF150002028
S214010110F3500020D82B002073B51A4D1A48FF2142
S21401012027F014FC2B7853B3184C194E237818017A
S21401013006EB0313305C1A7A596813F02BFA4D2834
S2140101401DD0E0B1227801230021CDE90031120152
S214010150C0B2B25CFFF7BAFF23780B4801330A221C
S214010160DBB2B3FBF2F102FB113323702B78FF21D4
S214010170013B2B7002B0BDE8704027F0DFBB02B038
S21401018070BD00BFF1500020782C0020F3500020F5
S214010190D82B0020F8B5104F3E780A2E1AD00FC87B
S2140101A0DFF840C00D4D9CF8004005EB0415013406
S2140101B085E80F00E4B20A230948B4FBF3F20136DE
S2140101C003FB1244FF218CF800403E7027F0B6FB7B
S2140101D00020F8BD0120FCE7F1500020D82B0020BC
S2140101E0782C0020F2500020024A03480021F9F73B
S2140101F0BDBC00BF19010100782C002037B5134D96
S21401020000232A78CDE900330C4612011049012358
S2140102108A5C01462046FFF759FFA4B90D490A78C2
S2140102208AB12B7801330A20DBB2013AB3FBF0F432
S21401023000FB143308480A70FF212B7003B0BDE899
S214010240304027F07BBB03B030BD00BFF350002029
S214010250D82B0020F1500020782C002008B5002073
S214010260034904F01FFDBDE80840FF2000F0B8BABE
S214010270F2BF040037B51D469DF81C300093069B5F
S21401028029F0F6FD044630B10090044A04492B4695
S214010290002004F007FD204603B030BD07C004006F
S2140102A00CC004002DE9F34106460F4690461D4654
S2140102B029F0C7FA044680B19DF8243000934246DF
S2140102C0089B3946304629F004FE38B10090054AAD
S2140102D005492B46002004F0E5FC0024204602B028
S2140102E0BDE8F081BCC804000CC004001FB5202383
S2140102F001930DF10F038DF80F1000930022034BAD
S2140103000521FFF7B7FF05B05DF804FB1FC0040029
S21401031038B5074D04460123284626217F2227F0BB
S21401032007F929782046BDE83840FFF7DFBF00BF50
S214010330F450002010B586B0202301930DF10F0371
S2140103408DF80F10ADF80C20009301220F4B8DF89D
S214010350172005210446FFF78DFFA8B92123019335
S21401036003AB009302220A4B05212046FFF782FFCA
S21401037050B9102301930DF1170300930322054B87
S21401038005212046FFF776FF06B010BD2BC00400FE
S21401039039C0040047C004001FB500238DF80F3094
S2140103A0102301930DF10F0300930322034B052144
S2140103B0FFF760FF05B05DF804FB00BF47C004000F
S2140103C070B5314C314E324D20468EB001237F221E
S2140103D0262127F0ADF822782E490323002004F0C9
S2140103E061FC00242623E2B2272104A827F0A0F806
S2140103F022463146002004F06FFC9DF81020002AAA
S21401040039D0BDF8163001939DF814302249009377
S2140104100020BDF8123004F05FFC9DF818201F493B
S214010420002004F059FC9DF81A201D49002004F014
S21401043053FC9DF81C201B49002004F04DFCBDF820
S2140104402230BDF81E201849002004F045FCBDF8F6
S21401045034300393BDF8303002939DF82D3001936C
S2140104609DF82B300093BDF826209DF829300F49C2
S214010470002004F031FC29460020013404F012FC6F
S214010480032CAFD10EB070BDF450002076C004002E
S214010490C1DB040053C004007BC0040039DA040049
S2140104A0FBBB040098C00400A0C00400AFC0040059
S2140104B0F0B591B005A9F1F76BF90446002878D19B
S2140104C03D499DF81630BDF814203C4E04F0EAFB79
S2140104D0BDF8141031B133681B68587928F0D4F987
S2140104E000284CD00025EFB226233A46272106A83D
S2140104F027F01EF833689DF818201B685B799A422E
S21401050038D1BDF81A20BDF814309A4232D19DF880
S2140105101C209DF816309A422CD1294D00233946CD
S2140105208DF8183006AA2623272027F00AF801237B
S2140105307F222621284626F0FBFF2B78013B2B70D5
S2140105402A4601237F21262026F0FBFF33681B68FD
S2140105505F792621284601237F2226F0E9FF2978A4
S2140105603846FFF7C3FE33681B79012B09D90120F2
S21401057011B0F0BD0135032DB5D18B24F3E78524E9
S214010580F1E79DF816300293BDF814300222CDE94A
S214010590004305210B4B092004F0ECF929F0D9FEA4
S2140105A003460028E3D0084A0849002004F07AFBF5
S2140105B0DDE70020DCE700BFC1C00400B42F002047
S2140105C0F4500020DDC00400E1C00400EEC00400C9
S2140105D0F0B58FB003A9F1F7B1F8044600286CD145
S2140105E03749BDF80C20374D04F05CFBBDF80C1004
S2140105F031B12B681B68587928F046F9002845D098
S2140106000026F7B226233A46272104A826F090FFB3
S2140106102B689DF810201B685B799A421ED1BDF8A5
S2140106201220BDF80C309A4218D139460023264FC5
S2140106308DF8103004AA2623272026F082FF0123F6
S2140106407F222621384626F073FF3B78013B3B701C
S2140106503A4601237F21262026F073FF0136032E1A
S214010660CFD12B68184E1B685F79262130460123AF
S2140106707F2226F05DFF31783846FFF737FE2B687C
S2140106801B79012B04D901200FB0F0BD8524F6E7B4
S214010690BDF80C300322CDE9004305210B4B0920A0
S2140106A004F068F929F055FE03460028EBD0084A05
S2140106B00849002004F0F6FAE5E70020E4E700BF69
S2140106C017C10400B42F0020F450002061C10400BB
S2140106D031C10400EEC00400F0B591B004A9F1F7F1
S2140106E033F8044600286CD13749BDF81020374D41
S2140106F004F0D8FABDF8101039B12B681B68587988
S21401070028F0C2F8002808BF8524314E01237F2235
S2140107102621304626F00CFFBDF8103002933378C0
S214010720C3F10303CDE9004306222A4B0521092024
S21401073004F020F934B12B681B79012B30D9012044
S21401074011B0F0BD26462623F2B2272106A826F0D0
S214010750EFFE2B689DF818201B685B799A420ED134
S214010760BDF81A20BDF810309A4208D104F14003B2
S2140107706B449DF81C2003F82C2C0134E4B201369E
S214010780032EE0D1204604F0ADF905AF0026F3B202
S2140107909C4210D82B681B79012B01D9002CCED096
S2140107A029F0D7FD03460028C9D00B4A0B49002083
S2140107B004F078FAC3E717F8010B04F093F9013651
S2140107C0E5E70020BCE700BF43C10400B42F0020CA
S2140107D0F450002060C1040064C10400EEC00400AF
S2140107E0F0B505468BB00024E6B2684626233246AD
S2140107F0272126F09DFE9DF8000050B1A8421CD18D
S21401080000238DF800306A4626233146272026F03D
S21401081098FE0134032CE7D1154A002401237F21D9
S2140108202620147026F08DFEFF2D1FD02146284667
S2140108300BB0BDE8F040FFF759BDFF2DE9D129F017
S214010840CAFC0028DCD0E4E707EB05131E7B2EB9B3
S214010850284603F0A1FB3146FFF748FD013403F0BB
S21401086005FAE5B2A842EFD80BB0F0BD014FF6E7A6
S214010870F4500020B42E00202DE9F04F93B0DDE9AE
S2140108801C970546868990F814A006921C46C37CE0
S21401089004934846884629F070FC2B6804995B79D6
S2140108A0BD4DBE4A0593063E069B0093A6EB0A067F
S2140108B0402918BF2A464346B9490194361A0020F2
S2140108C004F00AFA4946002004F068F9B549002008
S2140108D004F002FAB6B2002339461846324604F04E
S2140108E04FF92946002004F0DDF9B8F1000F40F079
S2140108F0838000254FF0FF095FFA85FA26235246CA
S214010900272108A826F014FE9DF82030059A934268
S21401091009D1BDF82220424505D19DF8242006992B
S2140109208A4200F09280B9F1FF0F02D1002B08BF76
S214010930D1460135032DDFD1B9F1FF0F00F0448117
S214010940AA464A462623272108A826F0F1FD049B3D
S214010950402B01BF0A22B4FBF2F202EB8203A4EBA6
S214010960430306BF1446DBB20023ADF8264000243D
S2140109708DF828308DF829408DF82B408DF82D40C4
S2140109808DF830408DF834408DF838408DF83A4077
S2140109908DF83C408DF83E408DF84240B44256D327
S2140109A0D14521D0804C059B8DF82030069B8DF8D3
S2140109B024307F22012326212046ADF8228026F00E
S2140109C0B7FD237801332370224601237F21262099
S2140109D026F0B7FD2621204601237F2226F0A8FD1A
S2140109E021780598FFF782FC262308AA4946272086
S2140109F026F0A7FD002307E00598414627F044FFAF
S214010A0000287FF476AF8523684A12681279012A96
S214010A1017D8049A0093A2F140014A424A41069926
S214010A20634BCDE9018192010521092003F0A2FF64
S214010A3029F08FFC034620B15E4A5F49002004F08E
S214010A4031F9012013B0BDE8F08FD14679E7A51C36
S214010A50B54201DB8023D7E7ADB2214632463846A0
S214010A6029F085FB7D5DE11C89B2002D00F0AA808E
S214010A704B199E42EEDB082811D0B0F5407F16D008
S214010A80062809D14FF001038DF829307B5C003B25
S214010A9018BF01238DF82A300D44ACB27EE74FF023
S214010AA001038DF82B307B5C8DF82C30F4E7012D9B
S214010AB0F2D00123324638468DF82D30A5F1020BCF
S214010AC029F055FB5FFA8BFB611DBBF1010FADF8F9
S214010AD02E0089B20DD90123324638468DF83030C2
S214010AE0079129F044FB049B0799ADF83200402B8F
S214010AF001D05D46D0E72B1FDBB2E11D012B89B289
S214010B005ED94FF0010B324638468DF834B029F0E5
S214010B102EFB04F10901062DADF8360089B24DD041
S214010B207B5C8DF838B004F10A01072D8DF8393059
S214010B3089B243D07B5C8DF83AB004F10B01082DE5
S214010B408DF83B3089B239D07B5C8DF83D30A5F10C
S214010B500903DBB204F10C015B458DF83CB089B2A8
S214010B602ED9324638468DF83EB00B3D29F0FFFAB5
S214010B70EDB204F10E015D45ADF8400089B28BD9A6
S214010B803246384607918DF842B029F0F0FA0799B7
S214010B90ADF8440080E700BFC1DB040079C1040062
S214010BA082C10400A7C10400F4500020B42F002025
S214010BB0DDC00400ABC10400EEC0040000256BE7F5
S214010BC01D4669E70C46E9E689231DE72DE9F04154
S214010BD00368C77C93F805808EB00C4615460092D4
S214010BE00B466E4A6E490020412F08BF0A466D49E2
S214010BF004F058F8C4B900262623F2B2272104A827
S214010C0026F096FC9DF81030434508D1BDF8123009
S214010C10A34204D19DF81430AB4200F0B9800136EE
S214010C20032EE9D18B2606E02146404627F02CFE0E
S214010C300028E0D18526412F0CBF41220122CDE9B3
S214010C400145594B00960521092003F093FE002E1D
S214010C5040F08C80412FBDF8160001BF9DF818307A
S214010C6000EB800003EB400398B229F040FA002025
S214010C7003F038FF9DF819304BB1062029F037FAFA
S214010C80012003F02FFF9DF81A0003F02BFF9DF8BB
S214010C901B304BB1082029F02AFA012003F022FF6D
S214010CA09DF81C0003F01EFF9DF81D30002B5DD043
S214010CB04FF4407029F01BFA3C4B00201C8803F0CF
S214010CC011FF9DF81D30002B64D0BDF81E00384D75
S214010CD029F00DFA2B5D02332B559DF8203033B1E8
S214010CE0BDF8220029F003FA2B5D02332B559DF83F
S214010CF0243033B1BDF8260029F0F9F92B5D023313
S214010D002B559DF8283033B19DF8290003F0EAFEF3
S214010D102B5D01332B559DF82A3033B19DF82B00FE
S214010D2003F0E0FE2B5D01332B559DF82C3033B1DB
S214010D309DF82D0003F0D6FE2B5D01332B55BDF833
S214010D40300048B19DF82E30002B08BF002029F056
S214010D50CEF92B5D02332B559DF8323033B1BDF8F9
S214010D60340029F0C4F92B5D02332B55114B1B6857
S214010D701B79012B08D829F0ECFA034620B10E4A5C
S214010D800E49002003F08EFF01200EB0BDE8F08171
S214010D90002650E74FF6FF7099E700BFC1DB04005D
S214010DA079C10400B5C10400DDC00400344500204B
S214010DB08A530020B42F0020D1C10400EEC00400E5
S214010DC02DE9F04106468AB00F460025ECB22623EF
S214010DD022462721684626F0ABFB9DF80030B34239
S214010DE02DD1BDF80230BB4229D100232146174C34
S214010DF0ADF802308DF800306A462623272026F00B
S214010E00A0FB01237F222621204626F091FB237892
S214010E10013B2370224601237F21262026F091FBE9
S214010E200B4B1B681B6893F805802621204601237F
S214010E307F2226F07DFB21784046FFF757FA0135E1
S214010E40032DC3D10AB0BDE8F08100BFF4500020E5
S214010E50B42F00202DE9F04704468EB0914688460F
S214010E6021B127F011FD002800F019810026FF2589
S214010E705FFA86FA26235246272104A826F058FB55
S214010E809DF81030A34208D1BDF81220424504D186
S214010E909DF814204A4500F0F080FF2D02D1002B6A
S214010EA008BF55460136032EE2D1FF2D00F0F9802A
S214010EB0B24626232A46272104A826F039FB012715
S214010EC00DF11A0300930022774B01970621204665
S214010ED0FFF7E8F907AB8DF8190000930022734B72
S214010EE0019708212046FFF7DDF902260DF11E03C2
S214010EF08DF81B00009303226D4B01964FF4407151
S214010F002046FFF7CFF90DF122038DF81D0000935F
S214010F100422684B01964FF440712046FFF7C2F950
S214010F200DF126038DF8200000934FF48042624BAA
S214010F3001964FF440712046FFF7B4F90DF12903ED
S214010F408DF8240000933A465C4B01974FF44071AC
S214010F502046FFF7A7F90DF12B038DF82800009323
S214010F6044F20202564B01974FF440712046FFF7B8
S214010F7099F90DF12D038DF82A00009344F203022E
S214010F80504B01974FF440712046FFF78BF90CAB9D
S214010F908DF82C00009344F204024B4B01964FF45B
S214010FA040712046FFF77EF90DAB8DF82E000093B9
S214010FB00722464B01964FF440712046FFF772F91F
S214010FC09DF820309DF828208DF8320013441844EF
S214010FD0C0B2B8421BD90DF10F030026009301974A
S214010FE03B4B8DF80F6008224FF440712046FFF707
S214010FF059F960B19DF80F30BB4240D0022B45D065
S2140110002BB98DF81D308DF820308DF83230AA4579
S21401101024D0304E8DF810400023ADF816308DF8F0
S21401102018307F22012326213046ADF812808DF834
S214011030149026F07DFA337801333370324601235B
S2140110407F21262026F07DFA2621304601237F22A5
S21401105026F06EFA31782046FFF748F9262304AACF
S2140110602946272026F06DFA424649462046FFF7D4
S21401107061F900200EB0BDE8F087554619E78DF8F6
S21401108024608DF828608DF83260C0E78DF8246002
S2140110908DF828608DF81D608DF82060B7E78520F3
S2140110A0E8E78920E6E700BFDCC10400E3C10400ED
S2140110B0F1C10400FBC1040005C204001AC2040009
S2140110C02DC204003FC2040054C2040064C20400DE
S2140110D076C20400F450002030B587B005A9F0F7B9
S2140110E05DFB044678BB194D9DF81630BDF81420FB
S2140110F0174903F0D7FD2B689DF816201B68BDF82D
S21401110014105879FFF7A6FE2B681B79012B02D91C
S214011110012007B030BD9DF816300293BDF814309B
S2140111200422CDE9000305210A4B092003F022FC25
S21401113029F00FF903460028EAD0074A0749204656
S21401114003F0B0FDE4E70020E3E700BFB42F002082
S21401115083C20400DDC004009EC20400EEC0040089
S214011160F0B504468DB017460D4621B127F08CFB2D
S214011170002800F0B98000262623F2B2272102A813
S21401118026F0D6F99DF80830A34240F0A780BDF8B6
S2140111900A30AB4240F0A2809DF80C30BB4240F0D2
S2140111A09D809DF8113053B1102301930DF1120368
S2140111B0009300224D4B06212046FFF75BF89DF871
S2140111C013304BB12023019305AB00930022484B0B
S2140111D008212046FFF74EF89DF815305BB1212314
S2140111E001930DF1160300930322424B4FF4407115
S2140111F02046FFF73FF89DF818305BB12123019395
S2140112000DF11A03009304223B4B4FF44071204624
S214011210FFF730F89DF81C3063B1212301930DF1DF
S2140112201E0300934FF48042344B4FF44071204626
S214011230FFF720F89DF820305BB1202301930DF1D4
S2140112402103009301222E4B4FF440712046FFF7F5
S21401125011F89DF8223063B1202301930DF1230389
S214011260009344F20202274B4FF440712046FFF7E9
S21401127001F89DF8243063B1202301930DF1250375
S214011280009344F20302204B4FF440712046FEF7D0
S214011290F1FF9DF826305BB1212301930AAB009341
S2140112A044F20402194B4FF440712046FEF7E2FF68
S2140112B09DF82A3053B1212301930BAB00930722EB
S2140112C0134B4FF440712046FEF7D4FF2A463946A9
S2140112D02046FFF72FF800200DB0F0BD0136032E93
S2140112E07FF44AAF8B20F7E78520F5E7DCC10400E1
S2140112F0E3C10400F1C10400FBC1040005C20400FF
S2140113001AC204002DC204003FC2040054C20400E5
S21401131064C204002DE9F04190B004A9057D04469D
S214011320F0F754FA002842D1A389BDF810203549B8
S21401133004359D42A4BF4FF6FF73ADF81430BDF8D7
S2140113401430314D009300209DF8123003F0AAFCB2
S2140113502B68BDF810601B689DF812805F7946B156
S2140113603146384627F090FA18B985238DF80F30A4
S2140113703DE000242623E2B2272106A826F0D8F86D
S2140113809DF81830BB4207D1BDF81A30B34203D1DD
S2140113909DF81C3043450CD00134032CEAD18B2335
S2140113A0E4E71A4A1A49002003F07CFC26E00020F4
S2140113B025E00123BDF814108DF80F300DF10F0252
S2140113C006A827F04FFC50B92B689DF812201B6821
S2140113D0BDF810105879FFF7C3FE8DF80F009DF881
S2140113E00F3023B92B681B68587901F099FC9DF8DA
S2140113F00F0028F0B1FF03460028D2D1012010B01B
S214011400BDE8F081AAC20400B42F00202AAD040072
S214011410CDC204002DE9F0438FB028F01DF93F4DF1
S2140114203F4FDFF81C81DFF81C9106460FCD08AC54
S2140114300FC495E8030084E80300002439490294A8
S214011440204603F02FFC3849204603F02BFC2546A6
S214011450E0B286420AD828F0FFF8344903462A4605
S214011460002003F01FFC0FB0BDE8F08303A928F0AD
S214011470FBF8002846D19DF81430042B84BF0523C1
S2140114808DF814309DF814300EAA02EB8303BDF8D4
S21401149016200092002053F8183C2246394603F0E5
S2140114A01BFC01350020EDB228F0BFFE10B103A8E9
S2140114B003F084FB0020414603F00EFC9DF81A0061
S2140114C010BB1B4903F008FC079A3B2A8ABF19493F
S2140114D019493C234FF0000088BFB2FBF3F203F03A
S2140114E0FBFB02A903A812F0DDFE10B14FF0FF339B
S2140114F0029349460020029A03F0EEFB09490020B8
S21401150003F0D0FB0134A3E7421E02230B4903FA82
S21401151002F2002003F0E0FBD6E700BF6CC7040030
S21401152042C30400C1DB0400EDC204007FC3040013
S21401153050C3040057C3040067C3040060C304001B
S214011540489D040077C304002DE9F04100248CB0C7
S21401155028490794204603F0A5FB274FDFF8A08013
S214011560264628F07BF8E5B285420AD328F076F8BD
S214011570224903463246002003F094FB0CB0BDE836
S214011580F08108A9284612F0C7FC88BBBDF82020C8
S2140115904FF6FF739A422BD0013607A90DF12600AC
S2140115A0F6B212F07FFE10B14FF0FF330793079BA0
S2140115B004939DF8253003939DF8243002939DF8FB
S2140115C0233001939DF8223000930020BDF820308F
S2140115D02A46394603F080FB002028F026FE18B183
S2140115E00DF1260003F0EAFA4146002003F05AFB0B
S2140115F00134B6E797C30400C6C304007FC30400E2
S214011600C1DB04002DE9F041264CDFF8A48094E804
S2140116100F008EB00EAD103405E90F0094E80700F8
S21401162007AB83E807002049002003F03BFB0025B9
S2140116302C464FF6FF7728F013F8EEB2B0420AD8E0
S21401164028F00EF8194903462246002003F02AFB2B
S2140116500EB0BDE8F08105A930461FF0BBFFF0B91A
S214011660BDF81430BB421AD09DF818200EA901EB24
S2140116708202013452F8102C03929DF81A2001EBD5
S2140116808202414652F81C2C02929DF819200192C2
S214011690BDF8162000923246E4B203F003FB013592
S2140116A0C9E700BF84C70400EDC304007FC304007C
S2140116B014C404002DE9F04389B013F0BBF90546C4
S2140116C00DF1060015F0F0FDDFF89491064627F0BF
S2140116D06DFFD9F80030002407468DF8054033B376
S2140116E002A90DF1050027F0A5FF804627F068FF47
S2140116F046490246204603F0D5FAD9F80030DFF80D
S21401170064911A78424959F82230204603F0CAFA01
S2140117109DF805203F4959F82230204603F0C2FAC9
S214011720B8F1930F06D13C49204603F0BBFA09B045
S214011730BDE8F0839DF813203849204603F0B2FA3D
S21401174037493A46204603F0ADFABDF81020354930
S214011750204603F0A7FA3449204603F0BDFA02A852
S21401176003F02CFA3149204603F09CFA9DF8182024
S2140117702F49204603F096FABDF816202D4920463B
S21401178003F090FA2C49204603F0A6FA079803F0D6
S21401179063FA2A49204603F085FA27F063FF284BAF
S2140117A0284A2949002818BF1A46204603F07AFA23
S2140117B0FA2D20D905F10E03DBB2244A244952F84A
S2140117C0233000202A4603F06DFAFF2E1CD0052E8A
S2140117D0334628BF0523DBB21E4A1F4952F8233081
S2140117E00020324603F05EFABDF806201B490020B1
S2140117F003F058FA9BE7A02D04D0042D34BF2B46E6
S2140118000523DAE70623D8E70623E5E732C4040012
S21401181044C4040062C4040081C40400ACC40400CF
S214011820BEC40400D3C40400E8C40400C1DB040041
S214011830F8C404000EC5040024C504003387040060
S214011840CEA50400D2A504003BC5040018C70400B9
S2140118505CC5040050C7040078C5040094C50400A4
S214011860F02E002004C7040008B503201AF00CF877
S21401187010B9024B01221A7008BD00BFF5500020B6
S214011880024B002218781A70704700BFF5500020EE
S2140118900246FF21014826F048B800BF982C0020D8
S2140118A0114B37B51D78BDB9FF21104826F04EF80B
S2140118B0FFF7DAFF0E4B009004460E4A0E49284603
S2140118C003F0F0F944B10D4B1B78DB0604D52CF080
S2140118D0D5FB204627F0EEF8094B186803B0BDE8A3
S2140118E03040FFF7D5BF00BFF5500020982C0020F0
S2140118F0A0C70400CEC70400C3AA0400F05000200D
S214011900F81100200148FF2126F020B8982C00206D
S21401191070B5194E337805460C4663B3174A184915
S214011920002003F0D9F9032C01D0652C1FD11549ED
S214011930002003F0D1F922461349002003F0B2F942
S2140119401249002003F0C8F9012329460822002085
S21401195003F016F900200E4903F0A4F9032C84BF06
S214011960002333702046BDE87040FCF7E1BF012C30
S214011970E1D00849DCE770BDF5500020CEC7040071
S214011980D4B30400E1C7040016D90400FFC704005D
S214011990C1DB0400F7C70400014B1860704700BFA5
S2140119A0F8110020024A03480021F8F7DFB800BF0B
S2140119B0A1180100982C0020F8B5084B084E1D68A8
S2140119C0084F0024E3B29D4204F1010400D8F8BD9B
S2140119D056F82300394625F0B0F9F3E7C063040052
S2140119E0C4630400B410002008B50020144A154949
S2140119F003F072F9002028F018FC18B121F07CFFE2
S214011A0003F02AF921F078FF0F490246002003F07F
S214011A1049F900200D4A0B4903F05EF9002028F031
S214011A2004FC18B121F06EFF03F016F921F06AFFED
S214011A30BDE8084002460449002003F033B900BF60
S214011A407BB3040026D1040034D1040083B3040020
S214011A50D0E9023210B503EB8201D1E9011053F847
S214011A60223091F900100288187800F0C9FABDE812
S214011A7010400346024A0349002003F013B900BF91
S214011A800B06040017C004000149002003F00AB940
S214011A903DD10400C36882682DE9F04701338CB05C
S214011AA052F823301F780446384627F0ACFE022849
S214011AB041D8224E06EB00154FEA001908A895F802
S214011AC006A02EF0A2F9089B1B0648BFB5F80280B7
S214011AD006AD28464E4458BF4CF25E0802F024F884
S214011AE027F064FDCDF814A0B3880095CDE90383F3
S214011AF0CDE90107124B40224FF48051092002F034
S214011B0039FFE368A2680233384652F82330197861
S214011B1002F0C2FFD4E9023253F8223000201988BD
S214011B2028F095FA0346074A0749002003F0BAF859
S214011B300CB0BDE8F087A323F5E700BFB42E002064
S214011B4067D104006ED1040017C00400C36837B51E
S214011B500133826852F823301D780446284627F060
S214011B6052FEFF2827D0E368A26803334FF4805162
S214011B7052F823301B7800934122104B012002F0CB
S214011B80F9FEE368A2680233284652F82330197832
S214011B9002F082FFD4E9023253F82230002019887D
S214011BA028F055FA0346064A0649002003B0BDE868
S214011BB0304003F077B8A323F5E700BF8EA70400F3
S214011BC083D1040017C00400C36837B501338268A7
S214011BD052F823301D780446284627F014FEFF28C5
S214011BE027D0E368A26803334FF4805152F82330BC
S214011BF01B7800934222104B012002F0BBFEE368E3
S214011C00A2680233284652F82330197802F044FFBE
S214011C10D4E9023253F822300020198828F017FA46
S214011C200346064A0649002003B0BDE8304003F0EB
S214011C3039B8A323F5E700BF8EA7040099D10400A5
S214011C4017C00400D0E9023253F8223013B51C68DD
S214011C50204621F0AFFB054B054A0649CDE9004376
S214011C600020054B03F01EF802B010BD80BD040035
S214011C70B3D10400C3D10400ABD1040010B50020D9
S214011C8021F098FBBDE81040024B034A03490020AF
S214011C9003F008B8CFD10400B3D10400D9D10400B1
S214011CA010B521F0CDFB064A064B0749002818BFA0
S214011CB01346BDE81040054A002002F0F3BF00BFFE
S214011CC038C20400DFD10400D9D10400B3D1040026
S214011CD000B58FB068462EF098F804A82EF09AF852
S214011CE02149002002F0DEFF009A2049002002F080
S214011CF0D9FFBDF80630BDF804201D49002002F0CA
S214011D00D1FFBDF80C30BDF80A201A49002002F0B8
S214011D10C9FFBDF808201849002002F0C3FF9DF84E
S214011D200E201649002002F0BDFF049A1449002037
S214011D3002F0B8FF9DF814201249002002F0B2FF0D
S214011D400020114902F0C8FF002028F06EFA18B1F1
S214011D500DF1150028F064FA0C49002002F0A2FFEC
S214011D600FB05DF804FB00BFE8D1040075D2040093
S214011D70F3D104001AD2040041D2040058D2040060
S214011D806CD2040084D204009BD20400C1DB0400A0
S214011D9038B5D0E9023253F822301C7834B92046DF
S214011DA021F0B6FDBDE83840FFF71EBEA4F10B03D7
S214011DB00F2B06D922460C49BDE83840002002F018
S214011DC071BF0120A04021F0A3FD10F0D9FD05460A
S214011DD00028E7D1204613F08DF90449224628460B
S214011DE002F060FFDEE700BFB5D20400C8D20400EF
S214011DF008B5D0E9023253F822301A7832B91046C3
S214011E0021F08CFDBDE80840FFF7EEBDA2F10B0303
S214011E100F2B05D9BDE808400349002002F042BF58
S214011E2001209040ECE700BFB5D2040008B5D0E928
S214011E30023253F822301A78042A05D9BDE8084040
S214011E400649002002F02EBF054B53F8220021F070
S214011E505FFDBDE80840FFF7C7BD00BFE6D204003E
S214011E60C4D3040010B50446FFF7BEFD2046FFF7B5
S214011E702FFF2BF06EFD084C084A03462146002032
S214011E8002F010FF26F05DFF21460346BDE8104034
S214011E90034A002002F006BF15D3040004D3040051
S214011EA01BD304000149002002F0FCBE30D304001D
S214011EB008B526F075FFBDE808400249002002F08B
S214011EC0F1BE00BF5BD3040008B526F072FFBDE883
S214011ED008400249002002F0E5BE00BF77D30400A7
S214011EE008B526F039FFBDE808400249002002F097
S214011EF0D9BE00BF97D3040008B526F024FFBDE87D
S214011F0008400249002002F0CDBE00BFACD3040059
S214011F1010B588B002AC21460DF1070027F08AFB08
S214011F200C4B9DF813209A701A46BDF8101022F833
S214011F30041B94E8030082E803009DF818205A73F6
S214011F4000221146184626F0F0FE034B00221A80A6
S214011F5008B010BDB82C00201E45002007B50DF1B5
S214011F60070027F071FB932807D1064B1B681B78E7
S214011F70012B08BF02238DF807309DF8070003B038
S214011F805DF804FBF02E002070B5184D0FCD90B013
S214011F9006AC0FC40FCD0FC495E8030084E8030018
S214011FA027F008FB054618B10024204610B070BD86
S214011FB002A82BF0A6FC0446064638B10C4B0D4A87
S214011FC00D490090284602F06DFEEEE706A826F0C1
S214011FD0ABFE06A902A82DF0B7FE04460028E3D002
S214011FE00090064B034A04493046ECE7DCD4040073
S214011FF0D8D30400EED30400F6D3040007D40400BB
S21401200070B590B006460C461546002129220DF102
S21401201017002EF099F806A88DF81660ADF8145042
S21401202028F03DF801A82DF0F0FE019BADF83A30FE
S214012030FFF794FF8DF83C00FFF7A6FF214605A8A1
S21401204021F018F920B9034A138843F480731380EA
S21401205010B070BD1E4500201FB526F09DFE00285D
S21401206014BF0724032426F099FE08B144F008049F
S214012070204621F03BFC154821F04AFC144821F08B
S2140120804DFC26F054FEF8B11249002002F00AFE7B
S214012090114B1B681878012808BF022021F084F92B
S2140120A000F0A0F868462DF0B0FE009B684643F0AD
S2140120B0800300932DF0B3FEFFF766FF032004B004
S2140120C0BDE810402BF020BC04B010BD0088100203
S2140120D00070EF051DD40400F02E002008B50C4951
S2140120E0002002F0DFFDFF2027F036FDFF20FAF783
S2140120F077FDFF20FEF774FB2CF0EBFE0020FFF7C8
S214012100ABFF26F013FE034B00221A8008BD00BF6A
S2140121104DD404001E4500200D4A138810B543F423
S2140121200073138010F02CFC04462BF0A7FF024628
S21401213038B9012C0AD121F09DFBBDE81040FFF70C
S214012140CDBF0449002002F0ADFDF4E710BD00BF8D
S2140121501E45002066D4040030B51D4B1B8804467E
S21401216013F4007089B006D0912C19D109B0BDE8DE
S2140121703040FFF7B3BF13F08F0513D0902C04D176
S21401218009B0BDE83040FFF7C3BE912C08D0CDE9B9
S2140121900143104B0093104A104B114902F082FD87
S2140121A009B030BD04A82DF030FE902CF8D1049B68
S2140121B0DA07F5D523F0010304A8CDE90435069521
S2140121C0ADF81C502DF02BFE2DF051FFE8E700BFB7
S2140121D01E450020CAD40400EED3040093D40400A4
S2140121E0AAD4040010B50C4C002021F0E3F82246D6
S2140121F00A49002002F056FD01202DF0D1FD2046AF
S21401220021F0D8F80B2012F075FFBDE81040044904
S2140122100B22002002F046BDE093040004D5040022
S214012220C8D20400F0B51446C2894CF25E039A4245
S21401223085B00D4603D1038AB3F5805F02D0002036
S21401224005B0F0BD0378002BF9D1838A9807F6D53F
S2140122500629F4D923780BB1112BF0D12A46032194
S2140122602046A77827F07DFF062F064617D0072FB2
S214012270E5D1FFF773FE012826D01D49324600201E
S21401228002F010FD26F053FDF0B901A81AF040F94E
S21401229020B3184B80221A80FFF73EFF14E0082D6A
S2140122A012D907212A46204627F061FF044626F068
S2140122B048FD41070AD500200F492346324602F061
S2140122C0F1FC204626F067FD0120B9E726F02FFD38
S2140122D00028F0D1094902F0E5FCF5E7BDF8043025
S2140122E09A07D6D426F02DFD0307D2D4ECE700BF1B
S2140122F085D504001E4500201FD5040040D50400E6
S21401230008B501462C2203482DF004FF024B80221B
S2140123101A8008BDB82C00201E45002020B10023DD
S2140123200380024825F012BB704700BFE42C002052
S214012330F0B50E4B0E4E1A880E4F9B7885B003AC47
S214012340ADF80C208DF80E30002514F8013B0093F3
S2140123503046FF233A4600210135F7F7C9FB032D26
S21401236006F12006F1D105B0F0BD00BFA8D50400E6
S214012370E42C0020D92401003F4B73B51B681B6871
S2140123805E7904460321304627F06AFA0546FF2D9A
S21401239001A920460BD1EFF76BF9012838BF0120C0
S2140123A0C4B2204627F0D8FF012002B070BDEFF777
S2140123B05FF904460028F4D19DF805309DF8042005
S2140123C02E4902F06FFC2E4A12F8353093B102EB1B
S2140123D0C5039978FE2903D0FF2904D00124E0E73C
S2140123E001225A70DDE728B2314602EBC000FFF742
S2140123F095FFD6E79DF804300B2B30D80B2BEDD884
S21401240001A151F823F000BF732401003924010013
S2140124106B240100DD230100DD230100DD23010023
S214012420DD230100DD230100DD230100DD230100A2
S214012430DD2301006F240100042002EBC5010871B1
S214012440012022F835008B704FF480629DF805302C
S214012450CB70CA800B48314625F067FAA1E70233F4
S214012460DBB2022B28BF01249BE70620E5E7082004
S214012470E3E70220E1E700BFB42F0020ACD504005B
S21401248020450020E42C002038B50321054627F01E
S214012490E7F9FF280CD00F4B03EBC00422794AB9A9
S2140124A000B203EBC0002946BDE83840FFF736BF4F
S2140124B00020F8E7002025F022F8002025F01FF87C
S2140124C0002025F01CF8002025F019F82379013B9F
S2140124D0237138BD204500202DE9F0410321054632
S2140124E027F0BEF9FF28044624D0DFF8508008EB19
S2140124F0C00306B29B78022B08EBC6064FEAC0075C
S21401250001D90B2B06D12846FFF7BEFF08EB0703C0
S2140125105A782AB129463046BDE8F041FFF7FEBE9B
S21401252018F8342032B12946DA880348BDE8F0416C
S21401253025F0FBB9BDE8F081E42C00202045002001
S2140125401FB501238DF80F300368587910230093C7
S2140125504FF480420DF10F03062127F089FC044653
S21401256020B102460349002002F09CFB204604B03D
S21401257010BD00BFD9D5040037B51546012200921B
S2140125800A46062127F0A5FC044630B10090044A0D
S21401259004492B46002002F085FB204603B030BDDF
S2140125A0BCC80400FED5040037B5154602220092C9
S2140125B00A46062127F08DFC044630B10090044AF5
S2140125C004492B46002002F06DFB204603B030BDC7
S2140125D0BCC80400FED5040030B585B015468DF89C
S2140125E00F30102300930A460DF10F03062127F042
S2140125F03FFC044630B10090044A05492B460020B2
S21401260002F050FB204605B030BD00BF07C00400F5
S214012610FED5040030B585B01546ADF80E30212341
S21401262000930A460DF10E03062127F021FC04460D
S21401263030B10090044A05492B46002002F032FBD7
S214012640204605B030BD00BF07C00400FED504001B
S21401265037B52C4A0DF1030300210446FFF78CFF22
S214012660D8B9294A01AB44F201012046FFF79CFF85
S21401267098B9264A0DF1060344F202012046FFF7F7
S21401268093FF50B99DF803304BB3BDF8043033B90E
S21401269064220621204626F07EFE03B030BD013BB3
S2140126A09BB2194AADF8043044F201012046FFF707
S2140126B0B1FFBDF80450002DEAD12B46134AADF800
S2140126C0065044F202012046FFF7A4FF0D4A8DF89A
S2140126D003502B4629462046FFF77EFFDDE7BDF86F
S2140126E00630002BD4D0013B9BB2084AADF8063029
S2140126F044F202012046FFF78DFFBDF80630002B9D
S214012700C6D1CAE7DCC104000FD6040017D6040000
S214012710274B284A1B68F0B51B685E7985B00DF11A
S2140127200D034FF480413046FFF726FF054600288B
S21401273037D19DF80D70002F33D13A4639463046D1
S214012740FEF70EFD044640B100901B4B1B4A1C4988
S214012750384602F0A7FA254623E00123154A8DF8EC
S2140127600D304FF480413046FFF736FF044600280F
S214012770F1D1144A0DF10E0344F201013046FFF780
S21401278013FF04460028E6D1BDF80E304BB90346C8
S2140127900D4A44F202013046FFF73CFF044600288A
S2140127A0D9D1284627F0D8FD012005B0F0BD00BFDD
S2140127B0B42F002025D604003AD60400D7660400BC
S2140127C0FED504000FD6040017D604007FB5304BA3
S2140127D01B681B6803A95D79EEF750FF002855D1E9
S2140127E09DF80C20012A4FD89DF80D30022B4BD8AE
S2140127F0012A01D1002B47D1264A0DF10B034FF4D4
S21401280080412846FFF7B8FE0446064648BB9DF8B9
S2140128100B30C3B99DF80D209DF80C10284626F004
S214012820E0FA0446E8B9024601462846FCF7C6FB2C
S2140128300446B0B90346184A44F201012846FFF798
S214012840E9FE04460DE0024601462846FEF702FB75
S214012850044660B10090114B114A1249304602F00D
S21401286021FA204627F078FD012004B070BD8DF8CE
S2140128700B000346074A4FF480412846FFF7ACFE9B
S21401288004460028C6D0ECE78724EAE70020ECE7F8
S214012890B42F002025D604000FD604003AD6040033
S2140128A047D60400FED5040030B54B4B1B6885B0F7
S2140128B01B6802A95D79EEF7C3FE0146002840F0C9
S2140128C08980BDF80A204FF6FF739A427CD0BDF886
S2140128D00C209A4278D0414A0DF103032846FFF7AF
S2140128E04BFE0446002869D19DF80830DB0703D566
S2140128F09DF80330002B61D0394A01AB44F2010147
S2140129002846FFF751FE002862D1364A0DF106032C
S21401291044F202012846FFF747FE002858D1BDF8C9
S2140129200620EAB19DF80330D3B9BDF80C309A42BF
S21401293088BFADF80630BDF806302A4A44F20201D7
S2140129402846FFF767FE002842D1BDF804204FF65F
S214012950FF739A4229D10621284626F030FD2DE044
S214012960BDF80A30BDF804209A4238BFADF80430ED
S214012970BDF804301A4A44F201012846FFF74AFE20
S21401298030BBBDF80C30174AADF8063044F20201F0
S2140129902846FFF73FFE0146C0B901230F4A8DF8CE
S2140129A003302846FFF718FECDE7BDF806209A4209
S2140129B0D1D064220621284626F0EDFC204627F0D9
S2140129C0CBFC012005B030BD8524F7E70446F5E7CA
S2140129D00446F3E70020F5E7B42F0020DCC104002D
S2140129E00FD6040017D604000068034A4079002376
S2140129F044F20101FFF70EBE0FD6040013B50368BB
S214012A000F4A5C7944F201010DF106032046FFF7F7
S214012A10CBFD48B9BDF8063043B10A4A01234FF44D
S214012A2080412046FFF7D8FD02B010BD0346064A96
S214012A3044F202012046FFF7EDFD0028EDD0F3E752
S214012A400FD6040025D6040017D6040013B5036874
S214012A50194A5C7900210DF105032046FFF78CFD2C
S214012A60A8B99DF80530F3B1144A0DF1060344F2F6
S214012A7001012046FFF798FD48B9BDF8063043B17D
S214012A800F4A01234FF480412046FFF7A5FD02B00F
S214012A9010BD03460B4A44F202012046FFF7BAFD79
S214012AA00028F4D1ECE70346044A44F2010120462B
S214012AB0FFF7B0FDEBE700BFDCC104000FD6040052
S214012AC025D6040017D6040013B5134A0DF10503E5
S214012AD000210446FFF750FD48B99DF8052042B98C
S214012AE00E4A034644F201012046FFF793FD02B069
S214012AF010BD0A4A0DF1060344F201012046FFF714
S214012B0053FD0028F3D1BDF80620002AEFD1044A70
S214012B10034644F20201E7E7DCC104000FD60400D5
S214012B2017D604002DE9F04F9DB005A9EEF78EFDEE
S214012B308146002840F0E6809DF81C309DF8145030
S214012B400293BDF81A3001939DF818306E49009330
S214012B502A46BDF816306D4F02F0A4F8BDF81610DF
S214012B60002940F08280BDF81A1031B13B681B681D
S214012B70587925F089FE00287FD005F001054FF031
S214012B80000A85245FFA8AFB26235A46272108A8CD
S214012B9024F0CEFC3B689DF820201B685B799A42A6
S214012BA040F08E80BDF82220BDF816309A4240F0E3
S214012BB087802DB99DF824209DF818309A427FD140
S214012BC04FF00008FF245FFA88F65E4566D026239C
S214012BD03246272112A824F0ABFC3A689DF848300B
S214012BE0126852799A4254D1BDF84A10BDF81A209B
S214012BF091424ED19DF84C10002D47D09DF82420CF
S214012C00914246D13446BDF81A30ADF82230002D37
S214012C104DD19DF81C308DF8243008AA2623214674
S214012C20272024F08EFCA6421DD0394C01237F229A
S214012C302621204624F07CFC23780133237022468B
S214012C4001237F21262024F07CFC3B681B685E79EB
S214012C502621204601237F2224F06AFC2178304673
S214012C60FDF744FB5DBB4C4608E03B681B685879A2
S214012C7025F00AFE00287FF476AF85243B681B7991
S214012C80012B27D901201DB0BDE8F08F9DF81C202F
S214012C90B6E7FF2C02D1002B08BF344608F1010825
S214012CA0B8F1030F8FD1FF2C11D04646ABE7262390
S214012CB008AA2146272024F044FCA642B5D10024C8
S214012CC00AF1010ABAF1030F7FF45CAFD6E74FF0C1
S214012CD08909C8E79DF818300293BDF816304222DC
S214012CE0CDE9004305210B4B092001F043FE27F0F7
S214012CF030FB03460028C5D0074A0849002001F0EA
S214012D00D1FFBFE70020BEE74CD60400B42F002059
S214012D10F4500020DDC0040079D60400EEC00400A3
S214012D201FB501238DF80F30102300934FF4804216
S214012D300DF10F03062127F09BF8044620B1024649
S214012D400349002001F0AEFF204604B010BD00BFCD
S214012D50D9D504002DE9FF47304B1B681B6893F853
S214012D6005800446404626F00EF802A9064620468F
S214012D70EEF732FD044600284DD19DF8082028497B
S214012D80284FDFF8B8A001F08DFF9DF808304122EA
S214012D904FF48051CDE900630920234B01F0EAFD91
S214012DA02046B7F8009001F09DFE204B204A198876
S214012DB0204627F0D7FA522828BF52209DF808400F
S214012DC085B2B44203D23B880233AB4207DB27F01D
S214012DD0C0FA0346C8B9012004B0BDE8F08703AACB
S214012DE02146404625F0D1FF60B1BDF80C0027F022
S214012DF07EF99DF80E0001F075FE1AF809300133D0
S214012E000AF809300134E4B2DBE70A4A0A4900202D
S214012E1001F048FFDFE70020DEE700BFB42F002007
S214012E2084D604003445002006AC04003645002054
S214012E3038450020A8D60400BAD604008A530020DC
S214012E40374B2DE9F0471B681B6893F8058086B061
S214012E500446404625F09BFF02A906462046EEF7AB
S214012E60C1FC0446002859D19DF808202D492E4F53
S214012E70DFF8CCA001F016FF9DF8083042224FF48F
S214012E808051CDE900630920284B01F073FD2046EF
S214012E90B7F8009001F026FE254B264A19882046F1
S214012EA027F060FA522828BF52209DF8084085B2C4
S214012EB0B44203D23B880733AB4207DB27F049FA1B
S214012EC0034628BB012006B0BDE8F08703AA2146C9
S214012ED0404625F05EFFC0B1BDF80C0027F007F9AB
S214012EE09DF80E0001F0FEFDBDF8100027F0FFF87A
S214012EF0BDF8120027F0FBF89DF8140001F0F2FD72
S214012F001AF8093001330AF809300134E4B2CFE780
S214012F10094A0A49002001F0C5FED3E70020D2E79E
S214012F20B42F0020E0D604003445002006AC04008F
S214012F30364500203845002000D70400BAD60400E4
S214012F408A530020014B187000207047F65000206D
S214012F502DE9F743254B01930D461646044650B11D
S214012F604AB101AA042312F8011BA94235D0013B3C
S214012F7013F0FF03F7D1022003B0BDE8F08317F882
S214012F80010F90FAA0F0000E24F0C1FA014608EBFA
S214012F9007039945F3DCCAB2C1F30F2392FAA2F2F2
S214012FA093FAA3F3120E1B0E03EB02236219DB4303
S214012FB012F8020C99B2DBB298420CD112F8013C1D
S214012FC0B3EB112F07D132462146284603B0BDE8A0
S214012FD0F0432BF09ABBBD20CEE7671E4FF6FF717C
S214012FE0A5F10209C4F10108D1E700BF080A0E12D3
S214012FF02DE9F04186B015460F469846064627F05D
S214013000E6F8184B03A81C7819F082FA15F0FD0FA4
S21401301026D0F8B9BDF80C309B071BD5032D08BF89
S21401302003242B46424639463046009427F05BF887
S2140130300D4B0E4A53F8243052F825200C49CDE9A1
S2140130400046002001F02EFE27F0C3F8204606B009
S214013050BDE8F081032DE4D1042C08BF0024E0E78D
S2140130600324DEE7F6500020E8D70400D8D7040092
S2140130700ED70400014B1870704700BFF7500020B0
S214013080024B186800B14068704700BFFC11002071
S2140130900B4B1B6870B5044600257BB11E880021CA
S2140130A007E05A6802EB0110013145B9021B55428F
S2140130B055418AB29642F4D89B68EEE7184670BD31
S2140130C0FC1100202DE9F04F93B01E469DF8743098
S2140130D00493022E4FF00003DDF87090DDF880A017
S2140130E0ADF81E3007468846144640F2B98099F876
S2140130F000305A072AD5042E40F2B28099F804B05F
S2140131005B4B002533F83520002A00F0AF800135EF
S2140131100A2DF7D1BAF1000F40F0A680FF25002353
S21401312020798DF81D3008AA0DF11D0126F0B5FF96
S21401313078B1BDF82C309DF81D00238027F043F8A8
S2140131408DF81C00C8B113B0BDE8F08F99F802B035
S214013150D6E7207926F057FB0228059000F28280F8
S214013160207927F042F88DF81C000028EBD1414A5F
S214013170059B02EB03135B88238062884FF6FF737F
S214013180002F08BF4346CDE9002300212388049A77
S214013190584602F03FFE18B1E38843F02003E3806F
S2140131A0049BCDF83C9007A90DA8CDE90DA4ADF878
S2140131B04080ADF842608DF844708DF8453026F0B9
S2140131C07CFF10B19DF81C00BDE7484602F06EFD7D
S2140131D0A01D02F059FD22464146384627F0C2F8A6
S2140131E0B04208D274238DF81C30BAF1000F32D1E8
S2140131F026F0EFFFE6E79DF87C300393BDF87830C4
S21401320002930DF11E03CDE900932246F3B2414627
S214013210384626F0F0F88DF81C00BAF1000F0FD0F2
S21401322070B9BDF81E203AB1092D05D8124B03EB33
S214013230C50143F835A08A80112026F00EFFD7E796
S214013240BA2808D1E388DB06D2D5002301208DF801
S2140132501C30FFF70FFF9DF81C30002BC8D1EBE7A1
S214013260012070E7A3206EE7B4206CE7EDB256E7C5
S214013270482D0020B42E0020442D00209D2837B56F
S21401328004462AD8902812D856D126F08FF92B4B0F
S21401329000902B4A2B49002001F004FD902C29D1E7
S2140132A00FF0B4FA03B0BDE8304026F00FBF00F1CE
S2140132B06F03DBB201259D4015F0A90528D19D2895
S2140132C033D09C2838D126F0DDF91F49024628461E
S2140132D003B0BDE8304001F0E5BCBC28D5D007D826
S2140132E05534E4B2042C27D8184B154A184914E073
S2140132F0BF28C9E7174B184A1849BC2C08BF1A46FD
S214013300002001F0CFFC26F0E0FE26F0DFFEC9E744
S2140133109128E9D1094B0A4A1149002001F0C2FC63
S21401332003B0BDE8304027F005B80E49284603B083
S214013330BDE8304001F0B6BC03B030BD01D8040092
S214013340E79F04000AD8040051D8040040D80400BE
S21401335048D80400C1DB0400FCD7040017D80400D9
S21401336037D804006ED8040007B5094A034610880A
S21401337031B9084A084903B05DF804EB01F0ACBC6A
S2140133800091064A064901F0A7FC03B05DF804FB6C
S214013390444500203BA80400C8B60400DFA804008A
S2140133A083D8040030B5164D2B6887B004461BB38E
S2140133B003890093C37A134A1349002001F072FC73
S2140133C003A819F0A5F82B681A78012A06D0BDF8CB
S2140133D00C30022A03F0020305D17BB1204612F01D
S2140133E0A7F807B030BD094A0949002B18BF0A469D
S2140133F00849002001F056FC7020F2E7034AF7E77F
S214013400F02E00206AB30400A8D804009CD804005B
S21401341090D80400C4D804000D4B1B6837B5044689
S2140134209BB11D7803890093C37A0A4A0A49012D84
S2140134304FF0000008BF022501F034FC2146284663
S21401344003B0BDE830402AF0BBBD702003B030BDEC
S214013450F02E0020F8D80400A8D8040010B50020EB
S21401346026F0B1FE0D4B1B688BB15A78052A08D899
S2140134708AB9144610460FF0A1FC20460FF030FA28
S21401348005E0FF2A07D00649002001F00BFCBDE845
S214013490104026F09EBE05240222EBE7F02E002007
S2140134A0FDD8040013B5124C002026F08CFE2368CC
S2140134B09BB101A826F0C8F878B923681A789DF858
S2140134C004309A4209D0D91E032906D9D11E0129F2
S2140134D003D9012A07D1022B05D1032301A8ADF890
S2140134E0043012F0DBF802B0BDE8104026F071BEE1
S2140134F0F02E00200023044A194601330A2B91803E
S21401350042F8081BF9D17047442D00207FB50E46BE
S214013510054611F005FD0F49044603462A460020DC
S21401352001F0C0FB96B10C4B1A889B788DF80E30D3
S2140135300323ADF80C200093002203AB36214FF68F
S214013540FC708DF80D5027F0A8F90446204604B00B
S21401355070BD00BF1CD9040034DB0400FF2810B581
S2140135600C4604D10020044901F09CFBFE202146B4
S214013570BDE81040FFF7CABF33D90400F8B51F46AF
S2140135800B8806460C461546002B5DD14A88B1F9D4
S21401359002100029B8BF6B782C49002001F082FB8D
S2140135A06288132A1DD002F5FF417F3189B20529B1
S2140135B01FD8A2F50042013A052A1AD8DFE802F020
S2140135C0153B19033809224A2249002001F06AFBFB
S2140135D00FE0214A1F49002001F07EFB2A791F498E
S2140135E0F3E7B5F801201E49EFE71E49002001F078
S2140135F059FB3B462A462146304622F049FC70B923
S2140136003B462A462146304622F044FC628848F270
S21401361021039A4203D16978304626F045FD638836
S214013620B3F5004F02D9082026F056FD0120F8BD5B
S2140136302A790D49C9E70D4A0649002001F04CFBDD
S214013640B5F801200A49C0E70020F0E76ED904006A
S21401365093D904009AD90400ABD90400B1D9040067
S214013660BFD90400D6D90400F0D9040012DA040048
S21401367017DA0400F0B585B004AB03E90300184A75
S2140136809DF80D609DF80E7000231C46D9B202EB22
S214013690C1004568EDB99DF80C3000939DF80A20ED
S2140136A09DF80B300F49284601F016FB26B10E494E
S2140136B03246284601F010FB0C4ABDF808300C498A
S2140136C0002C18BF2246002005B0BDE8F04001F0EE
S2140136D0E9BA12F831100133B94208BF2C46D5E7D2
S2140136E0ECDA040028DA040039DA0400AAA7040098
S2140136F03DDA04002DE9F04F85B08046BDF83870FC
S2140137000F9DBDF840B0894614461E46002B2FD0AB
S214013710454A4649002001F0DFFA2388002B74D081
S21401372040F20912934272D0414A4249B3F5827F70
S21401373018BF0A4601976188009100203E4901F0B2
S214013740CBFA238883B1022F0ED92B783B493C4A0A
S21401375013F0010F08BF0A4659074CBF2B79AB7807
S2140137603849002001F0B8FA3749002001F09AFAEA
S2140137703649002331F833205A454AD1344A52F8A3
S21401378033A0002331F8330058454FEAC30246D12F
S2140137902F4900200A4441F83300908046B9238817
S2140137A033B9B4F90230002B02DB082026F055FCB1
S2140137B0012026F091FC9DB12A78D30710D512F08E
S2140137C0040004D03A460121284626F0D0FCCDE973
S2140137D0016000953B4622464946404626F0E2F9FE
S2140137E0BAF1000F06D0CDE900563B4622464946BF
S2140137F04046D047CDE900563B462246494640461C
S21401380025F0A1FD05B0BDE8F08F124A92E7124AF5
S21401381090E701330A2BADD14FF0000AB1E701332F
S2140138200A2BAFD1BAE700BF139F040064DA040085
S21401383052DA0400ABA704006EDA04005DDA040075
S21401384055DA04009DDA0400C1DB0400482D00208F
S214013850442D00204BDA04004FDA04000D4BF0B57E
S2140138600D4E1F88054600234FF00C0CDCB2BC42FF
S21401387001D30020F0BD0CFB04F43019345DAC42DA
S21401388005D144888C4202D104799442F2D00133A6
S214013890ECE700BF0E1600200C1200202DE9F341C4
S2140138A0DFF8C480234F244E2448254D012400947C
S2140138B04246FF230021F6F71BF900943A462148B9
S2140138C0FF230021F6F714F9009432461E48FF2321
S2140138D00021F6F70DF900942A4602241B48FF231F
S2140138E00021F6F705F9424619480094FF23002106
S2140138F0F6F7FEF83A4617480094FF230021F6F73C
S214013900F7F8324614480094FF230021F6F7F0F842
S2140139102A4612480094FF230021F6F7E9F8104AD8
S21401392010480094FF230021F6F7E2F802B0BDE844
S214013930F08100BF5126010011D90000942E00200D
S214013940115D0300742E0020542E0020342E00201A
S214013950142E0020F42D0020D42D0020B42D00209C
S214013960135D0300942D0020DB8803002DE9F84346
S2140139700D4B0E4F1E78DFF8388000244FF00C09EF
S2140139803A88E5B2954202D33046BDE8F88309FB92
S2140139900585FF21A86823F0E7FF18B9AB799E4299
S2140139A038BF1E460134EBE7F85000200E16002003
S2140139B00C120020F8B506460C4626F06CFB0546B0
S2140139C0C8B9304625F01FFF022815D80B4B03EB6C
S2140139D000131F7B87B95A8822809A8862809B7958
S2140139E023710121304600F0DDFA39466071304618
S2140139F000F0D8FAA07101252846F8BDB42E0020A3
S214013A0070B504460E46154625F0FDFE022802D97D
S214013A104FF6FF7070BD094B03EB00131A7B002AAB
S214013A20F6D146B901222946204600F0E3FA0028DD
S214013A30EED00088EEE7012EEAD1F4E7B42E00209E
S214013A4013B5FF230DF1070104468DF8073026F064
S214013A5020FB18B19DF8070002B010BD074B03EB21
S214013A6004131B7B0BB1FF20F6E7204600F004F998
S214013A700028F8D0204600F08FFAEDE7B42E00209B
S214013A8010B5F2F7FBF90446F2F7FEF922460346B3
S214013A901049002001F006F901F062F8FFF72AFD4F
S214013AA000F07CF80221084602F08AFBFFF7D6FCFC
S214013AB0094B41F202021A80084A52231380084A2F
S214013AC04FF40040138029F08AFABDE81040002028
S214013AD029F04BBF37DB0400401600203C160020BF
S214013AE03A16002038B5054626F0F2FA80B928467F
S214013AF019F022FD044618B1752814BF88248D24B8
S214013B00044923462A46002001F0CCF8204638BD59
S214013B108D24FBE74DDB04000249102309887F2230
S214013B2023F013BD96960400014908222CF0F2BA40
S214013B30B0540020024B18685968FFF79BBD00BFC0
S214013B401A0C0500064A0123D15C814202D1054ABE
S214013B50D05C704702335D2BF6D10020704700BF62
S214013B6062DB040063DB040070B50A4B1D780A4B68
S214013B7004460022D0B2854201D8FF2070BD1E78CF
S214013B80A64204D10029F9D05E7BF607F6D40132AD
S214013B901033EFE7F9500020B42E00202DE9F04154
S214013BA02A4BDFF8C4801A889B7888B06C468DF85B
S214013BB00230274B04934AF2E013ADF81430254B3C
S214013BC006936123ADF81C30234BADF800201A880C
S214013BD09B788DF80630214BADF804209A78198829
S214013BE08DF80A20B3F803205B798DF80E301C4B54
S214013BF0ADF80C2003221A701A4BADF808100DF11F
S214013C00100C06AF01A802A903AA00254FF0010E69
S214013C1014F8016B1E703CF8026B5E8037F8026B7D
S214013C209E8010F8016B9E7111F8016B83F80DE010
S214013C3008EBC60601359E60032D12F8016B1E7354
S214013C4003F11003E4D108B0BDE8F081A8D5040063
S214013C500401040101010D01BFDB040076E3040049
S214013C60F9500020B42E0020CCDB0400014B18785C
S214013C70704700BFF9500020034B03EB0013587B3D
S214013C8000F00100704700BFB42E00202DE9F04F70
S214013C908DB0DFF81C8202939DF858300793804B55
S214013CA006911B7808EB0313054616460A934FF058
S214013CB000090A9B984501D1862068E02B7803937A
S214013CC0039A98F80030D8F808A0934240F0E080B4
S214013CD098F80D30DC0709D59AF8043009934FF0AF
S214013CE0000B099A5FFA8BF3934202D308F110088E
S214013CF0DFE7DAF80070142303FB0B772946384612
S214013D0025F009FD002800F0BE803B8908930023BA
S214013D1008999AB2914202D80BF1010BE1E70C2205
S214013D205A430B937B6804929C1821462A463846D0
S214013D30059325F007FD22790B9B002800F09A8059
S214013D40069B03B11C60900624D4564B09EB03086E
S214013D500BE01A79910642BFDA7890441FFA88F888
S214013D600C339C42F5D8504B9844079B63B32146CD
S214013D70384625F0C7FCDDE90413B5F802905B5A16
S214013D8002464946039826F06DF938B97E200DB0F3
S214013D90BDE8F08F454B4FF00008E2E72379DA06DD
S214013DA039D44346B0461E46029AA378002A43D128
S214013DB0E278A3F14101012940D8013AD2B2414645
S214013DC0304626F009FB00E00EB90020DFE7214669
S214013DD0384625F097FCDDE90413B5F802905B5AE6
S214013DE002464946039826F03BF90028CED02379AF
S214013DF0DB06D9D52146384625F084FC95F80080A7
S214013E00E2786D880346CDE900622946224640469F
S214013E1026F037F9BBE72146384625F073FC95F8BE
S214013E2000806D88169603462246294640460DB008
S214013E30BDE8F04F26F027B9029ABAE7433B012BBB
S214013E4006D8023A92B24146304626F0DDFABCE781
S214013E50079BE2781BB9029B0BB193421ED34146E6
S214013E603046B8F1000F02D12CF06EF9ADE72CF018
S214013E7051F9AAE712F0300F02BFE2784A441FFA5E
S214013E8082F9013344E77B894B441FFA83F943E700
S214013E90BAF806304B441FFA83F927E7892076E7FC
S214013EA0F9500020B9510020FA50002060DD0400CE
S214013EB0B42E002008B50021FFF756FEFF281BBFD1
S214013EC0044B03EB00130846587B18BF00F00100B3
S214013ED008BD00BFB42E00202DE9F0410D46164660
S214013EE01F4625F090FC02280AD8074C04EB001068
S214013EF03B46324629468068BDE8F04125F050BC75
S214013F000020BDE8F08100BFB42E00202DE9F0416D
S214013F100D4616461F4625F0A0FC02280AD8074C77
S214013F2004EB00103B46324629468068BDE8F04166
S214013F3025F036BC0020BDE8F08100BFB42E00207D
S214013F402DE9F047002306460F469046FFF7C4FFCB
S214013F50E0B10F4BDFF83CA093F8009000252C460B
S214013F60EBB24B4502D32046BDE8F08701352B0165
S214013F701AF803008642F6D0002342463946FFF778
S214013F80C5FF002818BF0134E4B2E9E7FF24EAE7D9
S214013F90F9500020A42E0020014B0001185C704748
S214013FA0B42E002070B50C4625F02DFC02281BD837
S214013FB00F4B03EB00139A68C2B10023157918461C
S214013FC01426D9B28D4200D870BD116806FB0311C4
S214013FD0097B34B911F0800F1CBF0130C0B2013328
S214013FE0EFE711F0400FF7E70020EDE71046EBE7AB
S214013FF0B42E0020F8B50D46164625F004FC02281E
S2140140000BD80F4B03EB00134FF0140C9A680023E8
S21401401017791C46D9B28F4201D80020F8BD106826
S2140140200CFB0300017B46B911F0800F03D0AC42B4
S214014030F4D00134E4B20133ECE711F0400FF5E7B8
S214014040B42E00202DE9F04F4A4BDFF82CB11B7837
S2140140508DB08046059104930024049B9C4229D28E
S214014060B8F1FF0F76D0404625F0CDFB0228044676
S21401407074D90DB0BDE8F08F1B68142202FB05351C
S2140140802B89B3F5967F01D923F06AFA4FF0000920
S2140140902A891FFA89F39A4215D80AF1010A079B61
S2140140A05B445FFA8AF59B681A79AA42E4D8B8F1AC
S2140140B0FF0F4AD0059B002BDBD140460DB0BDE873
S2140140C0F04F25F0D0BB0C2269681FFA89F35343E1
S2140140D0CF183A79D0062FD40698CB5A00788DF8A7
S2140140E0240012F0400F28880390ADF8260014BF74
S2140140F0802040208DF8280039462846ADF82A3021
S21401410025F000FB5207FB78ADF82C0017D5022BE3
S214014110BE6800D93668012300930023194632464B
S21401412009A8FFF7B3FD059B33B10699039A0978F1
S2140141303B46304625F048FC09F10109A8E7022B69
S2140141408CBFBE6807F10806E5E7049B0134E4B2BC
S2140141509C42AFD20BEB04131B7B3BB923010793A5
S2140141600BEB04134FF0000A069398E70134E4B210
S21401417073E700BFF9500020B42E002070B50A4A3C
S214014180068808231488B44208D19578047B2C400D
S2140141903F2C03D90D4201D0506870BD013B02F19E
S2140141A00802EFD11846F8E714E3040070B5084D8D
S2140141B0084E00242B78E0B2834200D870BD06EB8F
S2140141C00010437BDB0701D525F070FD0134F1E7D4
S2140141D0F9500020B42E0020F8B50C460021054603
S2140141E0FFF7C2FCFF2827D0144A02EB0016737BA8
S2140141F003F001012CB143F00103737331B10120C7
S214014200F8BD74730029FAD014270FE000B202EB50
S214014210001025F04BFDF2E711687B43CA182846CB
S214014220127BC95AD20925F0BEF80134B268117959
S214014230E3B29942F0D8E2E70846E1E7B42E00205F
S214014240F0B59646497D00B321B3012918BF042174
S2140142500026194F344632464FF6FF703D887545A5
S2140142600DD197F803C01CEA010F08D0BD789D4216
S21401427005D38AB1A54202D81CF0100F15D101361C
S214014280592E07F10407E9D1F0BD002914BF042116
S2140142900821DDE70221DBE70CF0100CBCF1000F72
S2140142A01EBF2C4601220020E9E7A54201D30028C3
S2140142B0E5D02C460020E2E7B0E104002DE9F04FFE
S2140142C00A9FBDF824E09DF82C809DF830904C7D27
S2140142D078B39CB3012C18BF04241A48002500F5B6
S2140142E0B27C068896421ED190F803B01BEA040FF2
S2140142F019D08678464516D31BF0100F91F80FA0FB
S21401430004D0BAF1000F0ED0B1F810A0BAF1000F28
S21401431009D1A94514D0AE4512D95E553E8801355E
S21401432001363E80ADB204306045DAD10120BDE8E9
S214014330F08F002C14BF04240824CEE70224CCE717
S2140143400020F4E7B0E104002DE9F04FB1F57C4F11
S21401435085B0CDE9023228BF2B4B01904FF0000407
S21401436028BFB3F800A000940E4638BF4FF0010AEC
S214014370A1464FF6FF78544503D3404605B0BDE845
S214014380F08FB6F57C4F0CD3204B029A019803EBC5
S214014390840331465B88FFF79FFD0546F0B1002791
S2140143A018E0029A0198314625F054FAF5E70C23F5
S2140143B0BCB25C43D5F804B0039B3BF804009842BA
S2140143C00BEB040105D3009B5BB9284625F09AF94F
S2140143D0A0B901372A89BCB2A242E8D80134A4B2F6
S2140143E0C9E74845F5D8284625F08CF90028F0D0CD
S2140143F03BF80410494501D38045EAD901233BF82F
S214014400049000938046E4E7C2DB0400C4DB0400AA
S2140144102DE9F04F8FB098469DF870300593002334
S214014420BDF860A08DF82C00ADF82E10ADF8322046
S21401443005460E46174600931A4608A90BA8199C6E
S2140144409DF868B09DF86C9008938DF83080ADF8B3
S21401445034A0FFF71BFC089850B9CDE90067594A0C
S21401446059492B4600F01EFC86200FB0BDE8F08FA0
S214014470B9F1000F14D183785B4506D04846514AFE
S214014480524900F00FFC8D20EFE7037913F001038A
S21401449006D118464B4A4E4900F004FC8820E4E752
S2140144A003795B0731D583685A689B6809920A933A
S2140144B0807826F00EF8089A92F80390B9F1020F68
S2140144C0034613D807904A46214609A825F0BDFFA2
S2140144D0079B06904A4621460AA825F0B6FF069B8A
S2140144E0012B01D0013010D18720BEE706904A4645
S2140144F00998214625F0A9FF0128F5D0069B0A98C0
S2140145004A46214625F0A1FFECE7059B002B51D139
S214014510089B4FF6FF729878214625F0B8F80028D8
S2140145204DD05FFA80F9CDE90294CDE900AB434660
S2140145303A463146284625F0B8FD002895D1CDE902
S2140145400294CDE900AB43463A463146284625F06B
S21401455087FB002889D101230093059B2246194633
S2140145600BA8FFF793FB00287FF47FAF089B32462A
S2140145702946204625F028FA43463A46314628463B
S214014580CDE901B4CDF800A0FBF748FD43463A4615
S21401459031462846CDE90294CDE900ABECF790FC14
S2140145A0CDF800A043463A463146284625F030FB72
S2140145B000205AE70749002000F074FBF8E70120C5
S2140145C053E700BF7CE3040088E30400B0E3040083
S2140145D0C4E30400D8E3040070B586B000258DF866
S2140145E01030BDF828308DF80C00ADF80E10ADF87F
S2140145F01220ADF814300B9ABDF83030009502A9A0
S21401460003A80D9E0295FFF741FB044630B916B18B
S214014610029B9B783370204606B070BD8928FAD17C
S2140146200249284600F03EFBF5E700BFF5E304002B
S2140146302DE9F04F4FF0000AC7B0FFF717FB5FFAFE
S2140146408AF6B04202D847B0BDE8F08F5B4B5C49B2
S214014650360100209A5D00F025FB5A49002000F043
S21401466021FB00230593554B9DF8144033449B686A
S2140146701A79A24202D80AF1010ADEE71B6814225F
S21401468002FB04344FF0000922891FFA89F39A428B
S21401469002D8059B0133E5E7D4F804B00C231FFAD2
S2140146A089F803FB08F80BEB080522F059FF2B7974
S2140146B04549228813F0400F3BF8083000934FF02D
S2140146C00000424B18BF0B46414900F005FB294646
S2140146D0204625F017F8074600283CD13D4900F052
S2140146E0FBFA2979DFF814C13B48AA78EB7811F078
S2140146F0010F08BF604611F0020F32D1DFF800C18A
S21401470011F0100F354918BF6146CDE90001344953
S214014710002000F0E1FA2B793BF808202188274891
S21401472013F0400F4FF0000B4FF0FD030DF118088A
S214014730CDE9023BCDE900780CBF40238023805DA4
S214014740FFF74AFF86280ED12649002000F0AAFA74
S21401475009F1010998E702462349002000F0BCFA56
S214014760BFE72249D1E7A87824F0BCFFD8B140467C
S21401477025F003FD421C92B201234146002000F0C1
S214014780FFF92088394601F01DFA4FF6FF7398426B
S21401479007D0174B174903EBC00300205A6800F0F7
S2140147A081FA1549D1E7A87824F0A2FF20B1404646
S2140147B025F0E8FC821CDEE7EA78DDE7B42E00206F
S2140147C047E4040053E404001FE4040024E4040066
S2140147D093E4040052BD040029E404002FE404001D
S2140147E0A5E40400BDE404008CAB040037E4040037
S2140147F0C4E9040048DB0400C1DB04002CE4040027
S2140148003FE404002DE9F04FC7B00646BDF84491D9
S214014810BDF840B1B9F1040F0D4614461F4636D90E
S214014820CDE9013B00920B4602463149002000F0DB
S21401483039FA0DF1170AFD230DF1180802933046D7
S214014840CDE900B8CDF80CA03B4622462946FFF735
S214014850C3FE064638BB9DF817A0FD2241465046CA
S21401486024F015FF074620469FB1A9F10403BB4279
S2140148700FD3DFF88CB025F03AFCBBF80030BA1C39
S214014880C3F152039A4219DB892000F02BF98926DD
S21401489005E025F02CFC8926304600F023F9304649
S2140148A047B0BDE8F08F0090124923462A46002003
S2140148B000F0F8F9204625F01AFCEDE7304600F046
S2140148C011F9504600F00EF9BBF800900A483A4636
S2140148D041464844B9442BF0E5FBABF80090074944
S2140148E0009723462A46304600F0DCF9D7E700BF9A
S2140148F0C9E40400FDE404008A53002020E5040016
S2140149003445002010B5044C206004480180044959
S2140149100A60044A136010BDEC2E002030450020CA
S214014920E82E0020E42E002030B587B00AAC0D46F4
S21401493054F8041B0093CDE9011413460949059464
S214014940024609480988006825F0D1FA074B1B681A
S2140149501880074B1B684FF48A525D80DA8007B0D7
S21401496030BD00BF30450020EC2E0020E82E002090
S214014970E42E002008B410B587B009AB0C4653F8F6
S214014980041B0092CDE9011302460B490B4805931F
S21401499009880068002325F0AAFA094B1B681880CD
S2140149A0084B1B684FF48A525C80DA8007B0BDE87A
S2140149B0104001B0704700BF30450020EC2E0020AB
S2140149C0E82E0020E42E0020044A0346116804481D
S2140149D0044A09881268006824F0EFBBE82E00201C
S2140149E0E42E0020EC2E00201FB51446064A12685D
S2140149F012880091CDE901430449054B09681B68FB
S214014A0024F018FB04B010BDE82E0020E42E002090
S214014A10EC2E0020044B054A1B6812681988044BCB
S214014A20186824F037BB00BFE82E0020EC2E0020CB
S214014A30E42E002007B5074B1B681B880192064A27
S214014A4012680092054A126824F08BFB03B05DF8E9
S214014A5004FB00BFE82E0020EC2E0020E42E0020F0
S214014A601FB51446064A126812880091CDE9014323
S214014A700449054B09681B6824F057FB04B010BDB8
S214014A80E82E0020E42E0020EC2E0020014B1868B2
S214014A90704700BFE42E0020024B1B681871597145
S214014AA0704700BFE42E0020094B10B500241C708F
S214014AB024F07CFD074B52221880214606482BF035
S214014AC043FB064B1C80064B1C605C609C6010BD63
S214014AD0E6530020364500208A5300203445002046
S214014AE03845002007490B88512B9FBF064AD054F2
S214014AF0581C80B29DBF088000F1FF30801800204E
S214014B00704700BF344500208A530020F8B5094F8E
S214014B103B885C18512C0D460ADC074E0A46A4B2A7
S214014B200146F0182BF0F6FA3C80641BA019F8BD7C
S214014B300020FCE7344500208A5300208A420346C1
S214014B400AD95B5CFF2B08BF00230B4408440349CA
S214014B509342A8BF08467047004870473245002078
S214014B60024B034A1A600020704700BFF02E002057
S214014B70C8DB0400014B1878704700BFB42E002034
S214014B8030B4044D044C002B0CBF2B46234630BCDE
S214014B9025F033BB26AC04004AE5040070B5054693
S214014BA008460C4625F0E9FA611C0246024B2846E7
S214014BB0BDE8704025F021BB87A0040000B589B090
S214014BC0037806934378059383780493C378039315
S214014BD0037902934379019383790093C379044857
S214014BE0044900883E2200F077F809B05DF804FB1E
S214014BF0444500204EE504002DE9F047DFF84C80DF
S214014C00DFF84CA0DFF84C9005460E461746002408
S214014C10AC4201D1BDE8F087B8F8000006EBC4014C
S214014C205346082225F0E9FA0134B8F800003FB9E6
S214014C30044AA54208BF4A46034900F04DF8E7E793
S214014C404A46F9E7C1DB04002EC4040044450020AF
S214014C504AE50400328704002DE9F0410E4E044671
S214014C60308825F0E2FAA8B10C4FDFF83480002531
S214014C70E3070AD518B93088414600F02DF8308888
S214014C802A46394600F028F8002001351B2D4FEA48
S214014C905404EDD1BDE8F08144450020BBC40400B6
S214014CA0A8C104000EB417B505AA044652F8041BA1
S214014CB001920120F1F714FC054A01210220F6F7C2
S214014CC0A9FA044B1C8003B0BDE8104003B070473E
S214014CD032870400444500200EB417B505AA0446E1
S214014CE052F8041B01920120F1F7FAFB034B1C80DA
S214014CF003B0BDE8104003B0704700BF4445002034
S214014D0013B503680446587900F02EFF80B923686E
S214014D105A88032A0CD0E17C5B79CDE9002114493D
S214014D20144AFFF7BFFF0121204625F018FB1BE0C0
S214014D30637D012B0AD0637D33B92368228A5988A3
S214014D40587924F06CFD48B9C321EDE72368228A1F
S214014D505988587924F06CFD0028ECD0204625F0BF
S214014D6066FA01460028DFD1012002B010BD00BF5F
S214014D7063E50400A2050400002970B50F49104E32
S214014D801D46104B14460CBF6E227922002808BF20
S214014D900B460D490020FFF79FFF2544AC4205D185
S214014DA0BDE8704009490020FFF77CBF14F8012BCD
S214014DB031460020FFF790FFF0E700BF97E50400BB
S214014DC0D4E504008DE50400A0E5040017B0040056
S214014DD02DE9F04F427D036890F8149090F813B0D7
S214014DE0866885895F88002A8BB014BF802240229E
S214014DF0044658790592C84600F0B6FE98B9BBF14C
S214014E00050F05D86FF02D0343FA0BF3DB070AD520
S214014E10032F08D0AF490020FFF744FF01212046A9
S214014E2025F09DFA7CE0E37B73BB607DAA4AB0FA6D
S214014E3080F040091380C000FFF754FEE37B93B374
S214014E40208A25F054F98246A07CFFF74BFEBBF181
S214014E50160F00F2B281DFE81BF02800B6017D00D4
S214014E606700EA017D00AA01F301B201FC01050217
S214014E700E024D012502B001B001B00138028202D6
S214014E8038029F024D012502238A002B00F09581EE
S214014E90607D914BB0FA80F040090022C0001A8074
S214014EA040F00400C8E79A46CEE78C4A8C49DFF802
S214014EB028A23B460020FFF7F5FE0120FFF712FE71
S214014EC008F10209A94529D841462A46304625F067
S214014ED04EF9236880465879BAF80030C3F1520378
S214014EE09BB20193238A00934246059B394620F0E4
S214014EF0D2FF10B11FFA89F8E2E723685879BAF8A9
S214014F000030C3F152039BB20193238A00934246B9
S214014F10059B3946FFF776FC8928EBD125F019FA6F
S214014F2001200BB0BDE8F08F0420FFF7DBFDEB1E80
S214014F304FF0000A0893089B984550D3BAF1000F2A
S214014F40ECD1E37B94F81480002B634B0CBF022258
S214014F5004221A800420FFF7C5FD00230693994614
S214014F6008F1030A554540F2A1802A4641463046DB
S214014F7025F0FDF806EB0803EA1E9B780790B2447D
S214014F80A2EB080292B251461846099324F07FFB21
S214014F90089000287BD02268099B5079079ACDE9B2
S214014FA001A3238A00933946059B24F015FF079B2E
S214014FB04C4982463A460020FFF78EFEBAF1000FB2
S214014FC055D1069B48490133DBB250460693FFF79D
S214014FD069FE089B033343441FFA83F8C0E72A4659
S214014FE04146304625F0C3F806EB080308F10301F5
S214014FF093F80290089B0690A3EB0802314492B204
S2140150004846099124F043FB079068B32368099941
S2140150105879CDF808900191238A00933946DDE945
S214015020053224F035FF8146C0B14846FFF75AFDE8
S214015030069825F05CF8069B2A493A460020FFF7B9
S21401504031FE2A494A460020FFF72CFE0AF1010AE2
S214015050B9F1800F5FFA8AFA3FF470AF079B03330A
S21401506043441FFA83F866E74FF08009DDE75046B0
S214015070FFF738FD079825F03AF809F101091B49B1
S214015080524600205FFA89F9FFF70CFEA1E7872058
S214015090FFF728FD079825F02AF809F101091349B9
S2140150A0089887225FFA89F9FFF7FCFDBBF1050F27
S2140150B03FF436AFB9F1000F7FF430AF069B2BB942
S2140150C00B491846FFF7EEFD8021A8E64846FFF794
S2140150D009FD23E7B9D3040034450020DAE50400CE
S2140150E023E60400E4E5040047E50400FEE50400C9
S2140150F006E60400BBF1150F00974CD00020B54B17
S214015100B54AB649FFF7CEFD0D20FFF7EBFC2A4660
S2140151104946304625F02BF8B144BBF10C0F99F8FF
S214015120026005463FD1192E28BF1926E37BBBB185
S214015130B4F810804FF6FF73984511D12068059B8F
S21401514040792A463946FFF7FFF8404508D0BAF1BC
S214015150000F05D020828AF80000000A8AF80100B4
S2140151609F4B0020B3F80080FFF7BCFC2368ABF12F
S214015170150C5879DCF1000343EB0C03CDE9016310
S214015180238A00932A46059B394624F0B2FD954BA7
S21401519003F80800C2E60020934B8F4A8F49FFF7B9
S2140151A081FD1620B1E7132E28BF1326BEE7204641
S2140151B0FAF7A8FD00287FF4B3AE81212FE620463A
S2140151C0FAF742FAF6E70A2F06EB0908A5EB090AF1
S2140151D022D1DFF818B29BF80030EBB1E37BDBB9E4
S2140151E0BAF1080F18D12A464946304624F0BFFFC7
S2140151F090B998F802307BB998F80320E22A0BD1CF
S2140152002A4609F104013046059324F0AAFF25F049
S21401521079F8059B8BF800301FFA8AF2414638462A
S21401522020F043FE00287FF47BAE0021F7E5A5EBD6
S214015230090292B206EB0901384624F056FFF1E75F
S214015240A5EB090292B206EB0901384624F00FFFDE
S214015250E8E7A5EB090292B206EB0901384624F00D
S21401526032FFDFE7A5EB090292B206EB09013846E9
S21401527020F01DFED6E716F80950236809F101094A
S214015280587916F80960238A0193059B00932A46EC
S2140152903946334624F06AFC32462946384624F01D
S2140152A0E8FE3DE609F1010216F80910AB1AABF16A
S2140152B0160568426841003900909BB2324418BF17
S2140152C00121384624F0D7FEACE716F80950B14460
S2140152D0BBF1110F99F801603BD11220FFF702FCD8
S2140152E04FF00008E37BB3B1B4F810904FF6FF73AC
S2140152F0994510D12B463A4621464046FEF7A0FF77
S214015300484508D0BAF1000F05D020828AF800007F
S214015310000A8AF80100DFF8C890DFF8C8B0B9F8CB
S21401532000A0CDF80490CAF1510292B20AF101032D
S21401533000925B44CDE902563A4621464046FEF7C6
S214015340BDFFB9F800300BF80A000133A9F80030A8
S214015350E4E51420FFF7C6FB4FF00108C2E709F1A8
S21401536001039D4234D316F809801E44B8F10008A3
S214015370A5EB030318BF4FF001089DB22B4632463A
S21401538041460020FFF7F8FC0095218A3346424645
S214015390384624F074FE45E709F101039D4217D310
S2140153A016F80980ED1AB8F1000818BF4FF0010889
S2140153B01E44ADB22B46324641460120FFF7DCFCC7
S2140153C00095218A33464246384624F056FE29E7A0
S2140153D00020A6E5C1DB040017E6040021E6040070
S2140153E0344500208A53002030E60400DC530020B8
S2140153F038B54FF6FB750446A9429DF81000626069
S21401540098BF43F40043012121702381A0720A4A08
S2140154100A4902230020FFF745FCE07A084B40F6D4
S214015420CA0203EB4010FF2122F07FFABDE83840A4
S214015430042024F012BE00BF35E6040040E6040056
S214015440342F002030B5054685B028B91D4905B072
S214015450BDE83040FFF726BC0024007B24F0B3FEF5
S214015460194A1A492C702046FFF71CFC184BE87A9B
S214015470FF2103EB401022F069FA164B2046020189
S2140154809A5C22B901300428F9D124F025FE696816
S21401549099B1B5F908302A899B1303F002038DF8F8
S2140154A00430C2F30E03ADF806304FF6FF73ADF8C5
S2140154B008300023039301A8884705B0BDE83040B3
S2140154C024F087BE6BE6040035E604009DE6040082
S2140154D0342F0020F42E00200948037873B9094AB6
S2140154E01946D3720133042B117311705160118167
S2140154F0917202F11002F4D101230370704700BFCC
S214015500DD530020F42E002008B5FFF7E5FF06491D
S21401551000231A0101EB03108A5C1AB10133042B34
S214015520F7D1002008BD00BFF42E002070B5064656
S2140155300D46FFF7D1FF0A48002300EB0514A17AB8
S214015540B14205D1217819B12B4400EB031070BD8F
S2140155500133042B04F11004F1D10020F7E700BF5A
S214015560F42E002010B50446FFF7B6FF0E4B9C4202
S21401557012D003F12002944210D003F1400294426B
S2140155800ED060339C420DD10323084800EB031074
S214015590BDE81040FFF756BF0023F6E70123F4E706
S2140155A00223F2E70020F3E7342F0020F42E002038
S2140155B070B5074D074E00242846324600210134B7
S2140155C0F4F7D4FA042C05F12005F5D170BD00BF1F
S2140155D0342F0020655501002DE9F34105460C46A0
S2140155E017469846FFF790FF064640B91C4A1D49E4
S2140155F0FFF758FB7024204602B0BDE8F0814FF655
S214015600FB739D420AD94FF6FD739D4204D0144A9E
S21401561015490020FFF746FB4FF6FD754346214628
S2140156203A46284624F044FE044600F027FE80460B
S21401563034B10B4A0D4923460020FFF733FBDAE766
S2140156403B462046064A0A49FFF72CFB089ACDF846
S2140156500080062329463046FFF7CAFECBE700BF87
S21401566035E60400AAE60400D4E6040009E70400CF
S21401567030E70400F7B506460F46FFF745FF054637
S21401568038B9104A1049FFF70DFB7024204603B0C5
S214015690F0BD002240231146304629F02EFD044677
S2140156A019F01CF934B1074A084923460020FFF7D0
S2140156B0F9FAEBE7009001233A4631462846FFF710
S2140156C097FEE3E735E60400AAE6040057E7040080
S2140156D073B504460E46FFF717FF054638B9104A5C
S2140156E01049FFF7DFFA7024204602B070BD002291
S2140156F02046114629F009FD044619F0EFF834B1A9
S214015700074A094923460020FFF7CCFAECE7009048
S214015710234632464FF6FC712846FFF769FEE3E75B
S21401572035E60400AAE6040083E704002DE9F04309
S214015730884610789FB0002114461D46FFF7F6FEF6
S2140157400646002800F001810778002F7ED0B8F8C1
S2140157500010002940F0F9800389B8F8022043F4CC
S2140157600040824240F0F180617800296ED1A2F5B6
S2140157700042062A00F2E980DFE812F0A400A40045
S214015780E700E7000700BB006C00E388E17AADF8AC
S21401579024302389ADF8263063798DF828308B1DA7
S2140157A00D3D14F813208DF8141015F001058DF831
S2140157B01C2046D10BA8069004F10C0C80465FFA1B
S2140157C085FE8E450CF1020C09D21CF8019C1CF8D2
S2140157D002EC0EEB092E28F802EB0135EFE75B0031
S2140157E0013300EB41000A4403F0FF030890D2B2F4
S2140157F08A420FD01EA800EB4105E018013190F84F
S21401580001C0E05C023300EB0C2025F84C0CC9B259
S214015810DBB2EDE7B6F908203389002AB4BF0322CC
S2140158200122C3F30E038DF80820ADF80A30628812
S214015830ADF80C2005AB049302A9304624F023FDF5
S21401584004E0434A43490020FFF72CFA38461FB0CC
S214015850BDE8F083042D02D83D4A3F49F3E723799A
S214015860B4F80280053DADB29D4202D0384A3B49AC
S214015870E9E73B4A3B4B3C49CDF80080002D18BF79
S21401588013460020324AFFF70DFA05348DF81450FE
S214015890B6F90830069485B1002BACBF012303236B
S2140158A08DF82C303389ADF83080C3F30E03ADF894
S2140158B02E3005AB0D930BA9BFE7002BACBF06231B
S2140158C00523EDE70B2DC7D9D4F80200D4F806104E
S2140158D005AA03C213F4004F14BF032204228DF855
S2140158E02C20C3F30E036289ADF83020ADF82E30BC
S2140158F0DFE7042DB0D96388ADF83030237905335E
S214015900DBB29D4206D0124A184900950020FFF7E7
S214015910C9F99BE70E4A16490020FFF7C3F93389F8
S214015920B6F90820C3F30E03ADF82E3005AB002AF6
S2140159300D9304F10503B4BF0322012206932379D4
S2140159408DF82C208DF81430B5E700277EE700BFD0
S21401595035E60400AEE70400D6E70400EAE70400F3
S214015960C1DB04007F9E040011E804002DE804005A
S2140159706EE80400334BB0FBF3F2F0B503FB120004
S2140159804FF46165B0FBF5F3DCB205FB13033C2570
S214015990B3FBF5F3DBB24B71A0EB0410C3EB0313BF
S2140159A0A0EB83004FF4FA630B8040F201134B80A7
S2140159B0254E887101230C7100201F4664259042F4
S2140159C029D091F802C043B1BCF1020F05D14FF0C6
S2140159D01D0E06E04FF0010C002306EB0C0414F834
S2140159E001ECCC78744513BF01340CF1010C012491
S2140159F0E4B208BF81F802C0CC708C780D2C00F19F
S214015A000100DCD10B888F7001339BB29C070B80A1
S214015A1002D08242DED1F0BDB3FBF5F405FB1434AF
S214015A20A4B224B18242F6D001239C46D5E74FF4B6
S214015A30C874B3FBF4FC04FB1C339BB2B3FA83F3C8
S214015A405B09BCE780510100A9E8040010B588B0E5
S214015A5006A90446FFF78EFF9DF81E3003939DF8B6
S214015A601D3002939DF81C3001930748BDF818308D
S214015A70009304949DF81B309DF81A200349008872
S214015A80FFF710F908B010BD4445002087E8040070
S214015A9008B50268154B11881980518859805179CB
S214015AA01971117959714FF48A51D980D28812F03F
S214015AB0200F0CBF0A464FF48B52DA8081690C4ADC
S214015AC0137831B90B49C088088023F0020313709C
S214015AD008BD43F002031370074B15220131184627
S214015AE02AF018FB002200F8012CF1E738450020C7
S214015AF0E6530020364500204745002010B5184CD7
S214015B002368587923F07FFE022822D8154B03EB31
S214015B100010237F027B9A421BD123684288198892
S214015B208A4205D04FF6FF70814212D1120410D47A
S214015B302279023A012A06D9A37B63B9BDE810404F
S214015B400748FFF745B91989587922F09DFE0028C4
S214015B50F2D1002010BDBDE810400148FFF7D0B8D3
S214015B60B82F0020B42E002008B523F04CFE0228E2
S214015B7096BF024B0020185C08BD00BFEB53002007
S214015B8008B5002024F01FFBFF2023F0E2FF24F0DD
S214015B9020FBFEF76BF80121024606482AF0D4FAEC
S214015BA0054B064A06485221FEF7ACFEBDE8084002
S214015BB0FEF7FCBAEB5300203845002034450020A0
S214015BC08A530020F0B50D4F044600224FF6FF75AC
S214015BD090B2034637F83060AE4201D12846F0BD98
S214015BE0A64209D1B4F57C4FF9D307EBC3035B8812
S214015BF08B42F4D00029F2D00132E9E7C4E904006F
S214015C0010B50446FFF7DEFF094A034610884FF633
S214015C10FF72934217BF074A0749084902EBC303BD
S214015C200CBF22465A68BDE81040FFF755B800BFC2
S214015C3044450020C4E90400B5E8040048DB04003C
S214015C40024B186800B1008A704700BFB42F0020CD
S214015C50034B18780130C0B2187000F07F0070470F
S214015C6083160020044A137818B143F00103137019
S214015C70704703F0FE03FAE7E6530020014B187065
S214015C80704700BFE953002038B1074B1B78012B42
S214015C9004D1038843F0400303807047022BFCD1F4
S214015CA0038823F04003F7E7E953002068B1074A69
S214015CB01378012B07D1064B1B781370037843F03A
S214015CC01003037001E0022BF8D07047E853002060
S214015CD0E753002073B5244E3378D907024640D4E3
S214015CE02249096881B10868C1888D0641BF204CE8
S214015CF0E18841F02001E180C1884C0641BF1C4883
S214015D00C18841F04001C1801A4D1B4928780978A5
S214015D1040074CBFE9706970184913F002040988FE
S214015D2009D0144A1648F7F783F9337823F00203AB
S214015D30337002B070BD134B18884FF6FB73984250
S214015D4008D8CDE900520B46094A0146204623F001
S214015D5008FAEEE70092074B0A46054923F0D3F905
S214015D60E7E70020E5E700BFE6530020B42F002058
S214015D70384500208A530020841600203445002030
S214015D80464500203645002070B50379012B0446B0
S214015D900D46164631D883681B78DB0600D561B3FD
S214015DA0A37B13B9E37C0B2B27D0154B00221A805B
S214015DB0637DB3FA83F35B09D800E37BABB9FEF7E7
S214015DC091FEA07CFEF78EFE0B20FEF78BFEE07C9C
S214015DD0FEF788FE2846FEF785FE2046FFF758FEAA
S214015DE03046BDE87040FFF775BF40F00400FEF78F
S214015DF079FE208A24F07BF9E3E7002070BD00BF1E
S214015E0034450020024B0A4601461868FFF7BCBF1E
S214015E10B42F0020F0B4054618460F4B0F4E1B78E2
S214015E20012B0C46BDF8101001D0377827B100239E
S214015E3033700020F0BC70470CB9002AF9D143B189
S214015E404FF65743994204D02B462246F0BC24F025
S214015E500CB90120EEE700BF85160020EA530020AA
S214015E602DE9F04F664E674C8446964698460F4697
S214015E700FCE25460FC596E80F0085B085E80F00C2
S214015E80DDF83C90BDF838300093CDE901944346E7
S214015E9072463946604600F0DBF8DFF89081064628
S214015EA070B90025FEF700FE1622002156482AF09A
S214015EB04BF900232846C8F8003005B0BDE8F08F3E
S214015EC0524BA27C1A70524BC8F800401B78002B2C
S214015ED036D024F019FA4F4902460020FEF7FCFEA0
S214015EE022684D495379528800920020A289FEF714
S214015EF0F3FE002024F099F920B12368218A5888FE
S214015F00FFF77EFEE37B23B1228A44490020FEF799
S214015F10E3FEA36842491A78E37C0093A37C002041
S214015F20FEF7DAFE207DA289A168121A0144012338
S214015F30002092B2FEF724FE3A490020FEF7B2FE98
S214015F403048FFF7A5FD2F481FF0A0FF054630BBE0
S214015F50B9F1000F25D12168E0880B880190BA1E9F
S214015F6049880091032A8CBF00220122E07C01218E
S214015F70FFF750FF38B923685B79FF2B3AD0FFF75C
S214015F80BDFD05468EE72368DB889A06F3D4264CCA
S214015F901C480121217024F0E2F984F8009035466E
S214015FA080E7B9F814309B07E5D47AE75846FDF741
S214015FB0F3FF82465846FDF75FFE88B12368228AC2
S214015FC05988504623F022FC50B13846FFF760FD51
S214015FD0236889F804A083F805A0FFF78FFD00B9B0
S214015FE0284601360546FDF741FE5FFA86FB584511
S214015FF0DCD857E7034FDFF838900026F3E700BFF9
S21401600030E90400B82F0020464500208416002001
S21401601082160020CDE80400D5E80400F3E8040069
S214016020FEE804001C750400EA530020B42F00208B
S21401603038450020054A0023D15C814202D31A4428
S214016040507870470233DBB2F6E700BF1CE9040064
S21401605073B51546089C2E7816F0040F0CBF032660
S21401606005269E421A4608D9224A23490096002050
S214016070FEF718FE002002B070BDBDF81830217181
S2140160802060E380A560A2812B7803F00103A3734F
S2140160902B7803F00403002B14BF01210021E173C8
S2140160A02978C1F3C00161754FF00101217518D03F
S2140160B0284624F05CF8237D208202332375227D56
S2140160C0531CDBB22375A95CA1740232D2B22275CD
S2140160D0EB5CE374A3899A4205D900920749054A05
S2140160E0C5E72382EBE7079BA36100232377012003
S2140160F0C1E700BF139F040024EA040040EA04003D
S2140161002DE9F341244E254FDFF8B0800024E0B29C
S2140161100CF090FBFF2805460ED1214A23460121AB
S2140161200220F5F777F83078013421F0EEF9152CD6
S214016130EDD102B0BDE8F081020657F8243010D543
S214016140184A00920121184A0220F5F763F884B92B
S214016150EB074CBF154A164A01210220F5F75AF8FB
S214016160E1E7114ACDF8008001210220F5F752F847
S214016170D9E7032CECD00A2CD5D10E4B0E4A15F0DC
S214016180010F18BF1A4601210220F5F743F83078AF
S21401619021F0BBF90B24BAE786160020B0EB040009
S2140161A071EA0400C1DB040099EA0400AEEA0400C7
S2140161B0C4EA04005CEA040066EA04007F9E040068
S2140161C0034B1870034B1970034B00221A7070476B
S2140161D0EF530020F0530020EE5300202DE9F74F37
S2140161E0DFF89080224F98F800303C7805460E463E
S2140161F0002B3AD04FF6FB73984236D8DFF878A0DA
S2140162004FF0000B98F800309AF800005FFA8BF90F
S2140162104B450ED948446946C0B217F037FB0822F1
S2140162203146684629F066FF0BF1010B0028E9D1DB
S2140162304C463B78A34208D198F80020631CDBB299
S2140162409A423B7004BF00233B709AF800301C440E
S214016250E4B23146204617F00DFC30B929462046F7
S21401626003B0BDE8F04F17F0FDBA03B0BDE8F08FFC
S214016270EE530020F0530020EF530020024B187815
S21401628000F07F00704700BFF1530020034B1878E1
S2140162900130C0B2187000F07F007047F153002043
S2140162A030B585B00024ADF80A20021D92B2012A4D
S2140162B01D46ADF80840ADF80610ADF8044003D908
S2140162C04FF6FF72904207D1064A2B46127801A973
S2140162D028F0A9FC05B030BD014601AA204614F0FD
S2140162E01FF9F7E78716002000487047B0480020DE
S2140162F0014B1878704700BFA1160020014B188883
S214016300704700BF16160020014B1878704700BF73
S21401631099160020014B1878704700BF9016002090
S214016320014B1878704700BF9316002008B5084B3C
S21401633000221A605A60EFF73BFF064B1870EFF722
S21401634037FF054B1870054B1A78054B1A7008BDB8
S2140163501E4100203754002036540020911600209C
S2140163603554002000B5002193B008466A460AF06D
S214016370DBFF0146C8B90E4B0E4A09930E4B0A9332
S2140163800D920E4B0E4A0B930E920E4B0E4A0C9329
S214016390CDE90F230D4B11936A460BF0A5FA003891
S2140163A018BF012013B05DF804FB0120FAE700BF17
S2140163B005DA0300BD70020091DB0300977C030041
S2140163C0A938020013DC0300B9870200256B02001E
S2140163D0074B1878112803D8064B0341DA0704D572
S2140163E0A0F143035842584170470120704700BF4F
S2140163F039540020CBFFFDFF08B5064B1B78013B47
S214016400022B05D80020FFF7E3FF0138C0B208BD14
S214016410FF20FCE73A5400202DE9F74F414B01934A
S214016420414B424A1B78DFF84491DFF84481DFF89C
S21401643044E1DFF844C13E4F3E4E3F4D3F494048A0
S21401644002EB431A019B524503F1200309F120098F
S21401645008F120080EF1200E0CF1200C07F12007A0
S21401646006F1200605F1200501930FD1354B334D7A
S2140164701C78354E354B324F00221146D0B284423D
S21401648003F1200346D803B0BDE8F08F304B314C02
S2140164905360002349E907432F4CDFF8E0B0116051
S2140164A048E907432D4C13614EE907432C4C49F844
S2140164B0201C4CE907432B4C48F8201C47E90743AE
S2140164C0294C4EF8201CC2E9023049E9050348E987
S2140164D005034EE905034CE9050347E905034CF8B6
S2140164E0201C47F8201C46F8201C46E90743019C5F
S2140164F045F8201C45E907B3DFF884B044F8201CB2
S21401650046E9050345E9050344E907B344E90503FC
S214016510203297E743E9085643E9061743F8101C6B
S2140165200132ABE7A83B0020A7160020C83C00209C
S214016530083C0020E83B0020C83B002074410020B6
S214016540C1DB04009F160020F1B70200483C002082
S214016550D9620200F9DE0300E57602001D0303009E
S214016560B7F00300DD990200CDE40100A83C00204D
S214016570883C0020683C0020283C0020C12B0300FA
S214016580595F0200044B00F1100250F8041B43F857
S214016590041B9042F9D170473B540020044B03F191
S2140165A0100253F8041B40F8041B9342F9D17047BC
S2140165B03B540020014B93F95A007047B440002029
S2140165C0F0B5071D0546002293B00C463846082153
S2140165D027F08CF96A7B0646D0070BD5687808A9A0
S2140165E024F005FFDDF83D306B60DDF841307B605F
S2140165F080B101E0910702D42D2013B0F0BDD20086
S21401660002F080020121384624F0FCFEFF28687063
S214016610F2D0E6B1192319466A7801A820F088FF5E
S2140166209DF81C305B0604D50B484FF4C071EFF79C
S21401663065FC234603AD07AC2A4603CAA24218608E
S2140166405960154603F10803F6D10020D5E708A9DD
S21401665024F0CDFECCE700BF1FEC04002DE9F0438B
S21401666007468BB01D4888461646FFF797FF00255C
S214016670002D01AB194A0CBF36205C200024994638
S21401668012F8011B0134E4B24140102C03F8011B3F
S214016690F6D105A827F06CFF4A46214605A827F043
S2140166A06BFFBDB941463A4605A827F0CCFF05ACBD
S2140166B032460DF1240C234603CB6345106051602E
S2140166C01C4602F10802F6D115B10BB0BDE8F08305
S2140166D00125CDE732462146E6E700BF6B54002090
S2140166E02DE9F04F99B0DFF8E880DDF890909DF83D
S2140166F08CB09DF8886088F800B0174682460C4634
S2140167001D462022304B0F93002110A829F01CFDB6
S2140167104F4504D02A463946484629F0FBFC4FEA45
S2140167200B4303F47C1343F0A86343F48073781996
S214016730711B09EB050C6CB30DAACDE90AB209EB86
S214016740060209920EAACDE907120D22CDE9051C13
S214016750CDE90350CDE900A21C49029710220FA8EB
S214016760EDF7ECFC07460FA824F062FE17F1950F33
S21401677024D02FBB0E9B761BF6B29E4220D10CB3C3
S21401678098F800000D9B984214BF2120002019B0F4
S214016790BDE8F08F0EAACDE90912BA19CDE90512A6
S2140167A00D22CDE90350CDE900A2CDE907BC07498A
S2140167B0029710220FA8EDF783FDD3E72C20E6E71A
S2140167C02120E4E72046E2E7002480006B54002005
S2140167D0A8160020F0B51B4B93B0002607460C46C2
S2140167E01546314620220AA8CDE9086329F0ACFCFB
S2140167F008AB1022DFB1CDE90523CDE90325CDE9AC
S2140168000164114B1149009609A8EDF7E7FE04460D
S21401681009A824F00DFE14B9089B102B04D00C48CF
S21401682040F23E21EFF76AFB002013B0F0BDCDE940
S2140168300323CDE90125044B0449009409A8EDF78B
S2140168404FFFE4E700248000004440046B5400201E
S2140168501FEC040030B5054689B0694624F0C1FB3B
S2140168606B8804ACABB122462946684624F02EFB61
S2140168700E4A08AD234603CBAB42106051601C465E
S21401688002F10802F6D10948FFF77CFE002009B0A4
S21401689030BD064D6B461A4603CAA242286069609F
S2140168A0134605F10805F6D1EDE700BF6B5400204D
S2140168B050B10B4B0B4A03F1100153F8040B42F88D
S2140168C0040B8B42F9D17047064B054A03F11001C0
S2140168D053F8040B42F8040B8B42F9D1704700BF02
S2140168E06B5400204B54002008B51022024829F0B2
S2140168F011FC002008BD00BF5B54002008B5084607
S2140169001022024929F006FC002008BD5B54002035
S214016910F0B587B0054603A80C4615F0F9FD01460B
S214016920002847D1BDF80C30980643D510222046E2
S21401693029F00AFC01A814F09DFDB8B16E7B16F093
S214016940020F05F1040706D0082201A9384629F0EE
S214016950D1FB00282CD101AB03CB46F002066860C0
S21401696079606E73238843F008032380238843F0FD
S2140169700203238014F06AF9606027F008F830B14A
S2140169800D4B1B68A360238843F0040323800B4B45
S2140169901A68D1035EBF238843F0100323801302D5
S2140169A042BF238843F400632380002007B0F0BD74
S2140169B02D20FBE72420F9E7F83C0020FC3C0020D2
S2140169C02DE9F04F91B09B460B1E0A93AC4B1A9ED5
S2140169D0904614BF8146994600249BF8000060B992
S2140169E044450A992CBF08F1FF322246434600204F
S2140169F0C847204611B0BDE8F08F25280BF1010BE2
S214016A0006D022460A99651C4346C8472C46E4E749
S214016A1000230DE02D2A2AD0302A06D0303A092A42
S214016A204FF0000711D80A2532E043F001038B46E8
S214016A30594611F8012B2B2A1CD0EBD8202A1CD042
S214016A40232A1DD02A2A2BD000279BF800202E2A85
S214016A5064D19BF80110A1F1300009280BF1010265
S214016A6043F4806351D800254FF00A0C26E043F02A
S214016A700203DCE743F00403D9E743F00803D6E753
S214016A8043F01003D3E705FB0722A2F130078B463C
S214016A90594611F8012BA2F130000928F3D9D4E7A1
S214016AA056F8047B002FBCBF43F002037F428B469F
S214016AB0CBE70CFB0511A1F130050246104610F894
S214016AC0011BA1F1300EBEF1090FF2D9114611F8E2
S214016AD0010B6C282CD024D8682830D06A2837D0EF
S214016AE011468B461BF8010B672875D857284BD8DB
S214016AF0452807D085D9462800F03181472880D11E
S214016B0043F4006343F0200341E12A2907D156F8F4
S214016B10045B0BF1020225EAE575D7E75A46002524
S214016B20D4E7742801D07A28DAD143F48073D8E701
S214016B3050786C28F9D143F44073911CD1E7507812
S214016B40682802D043F08003CBE743F0C003F4E7A4
S214016B5043F40073C5E70A2A00F06681072A7FF42A
S214016B6050AF43F0210305930823CDE903531023C7
S214016B70CDE9011356F8043B00930A994346224691
S214016B80484624F042FDFCE0A0F158020F2A3FF6E9
S214016B9038AF01A151F822F0096C0100036A010027
S214016BA0036A0100036A0100036A0100036A010027
S214016BB0036A0100036A0100036A0100036A010017
S214016BC0096C0100B16D0100096C0100876D0100BF
S214016BD0636D0100876D0100A0F16902D2B20F2A30
S214016BE03FF60FAF0121914049F2410C11EA0C0129
S214016BF0B1D0782803F4806122D1002900F090807A
S214016C0023F00D02102307E0622803F4806220D1EE
S214016C1042BB23F00C02022312F4007100F08380C1
S214016C20CDE907720022CDE9043206F1070A2AF0FF
S214016C30070A06950292FAE80223CDE900233DE011
S214016C406F2812D123F00C0209B123F00D0208239C
S214016C50E2E7582816D1002A39D123F00C0242F077
S214016C602002CFE723F00D02D5E7692823F01002B2
S214016C7030D023F01C0209B123F01D020A23CBE712
S214016C8049B4030042BB23F01002930527D507360B
S214016C9026F00706B24671685AF8083B0695CDE914
S214016CA007720A26CA0F00270029CDE90467029257
S214016CB002DA5B4261EB4101CDE900310A994346B4
S214016CC02246484624F0E4FC0446564685E623F070
S214016CD00D02C4E70029D8D023F01102D5E7D0056C
S214016CE006F1040A01D5336802E0510613D533785C
S214016CF00395CDE904720A220292002B4FEAD37261
S214016D000192B8BF5B4200930A9943462246484621
S214016D1024F07BFCD8E71306E5D5B6F90030E7E7A3
S214016D2023F00C026EE7D00506F1040A06D5CDE97C
S214016D300472CDE9023501913368E4E7510608D5BE
S214016D403178CDE902350023CDE90472CDE900138F
S214016D50DAE7316812F0800F18BF89B2F1E743F025
S214016D602003CDE90373073626F007060295F6E8F9
S214016D7002230A99CDE90023484643462246E9F70D
S214016D8033FC044629E6672801D143F40063CDE9C4
S214016D900373073626F007060295F6E802230A99DA
S214016DA0CDE90023484643462246E9F759FAE8E783
S214016DB013F0020523D04FF0010A631C0B930A99C6
S214016DC016F8040B43462246C8475DB30B9A544651
S214016DD01EE00A9943462020C8470AEB04020AF13E
S214016DE0010A5745F5D8002F07F1FF3308BF0023E6
S214016DF007F1010A1C4408BF4FF0020ADDE7AA4664
S214016E00EBE7551C0A9943462020C84701342A4619
S214016E10BC42F6D30B9AA7EB0A03574538BF0023AB
S214016E201A440B920B9CD8E53246002D52F8046B9F
S214016E300B9214BF29464FF0FF3131443246107889
S214016E4008B18A4211D1A2EB060A13F480620C92B1
S214016E5002D0AA4528BFAA4613F002030D931BD100
S214016E60AAEB040322460F9308E00132E7E7531C1E
S214016E700E930A9943462020C8470E9A0F9BD318B3
S214016E809F42F4D8A7EB0A03574538BF00230AF1FF
S214016E9001021C4403EB020AA31B0E9304E01D46E9
S214016EA00A9943462246C8470E9BF41816F8010B6A
S214016EB028B10C9B002BF3D06B1E002DEFD10D9B40
S214016EC093B12246AAEB040505E0561C0A994346EF
S214016ED02020C847324653199F42F6D8A7EB0A032B
S214016EE0574538BF00231C440B9E76E50FB41FB5EB
S214016EF006AA02A952F8043B0392009204484FF0F6
S214016F00FF32FFF75DFD05B05DF804EB04B0704796
S214016F102FB703001FB5034600914FF0FF3203A9B8
S214016F200248FFF74DFD05B05DF804FB2FB70300DF
S214016F301FB5CDE90201009302A9134603484FF09D
S214016F40FF32FFF73DFD05B05DF804FB37B70300E0
S214016F502DE9F04F14469B46C36B87B005465B6927
S214016F6060680E46012202A99847EB6B01225B6915
S214016F7003A93046984702A824F0A4FF074648B163
S214016F800023A37563754FF0FF33A360002007B09D
S214016F90BDE8F08F03A824F0A2FF0123A375237E8A
S214016FA004EBC303DE611F846368B3420ED1206025
S214016FB003A824F0B6FF4FF0FF332075A360237DAE
S214016FC0043B022B25D80023A375DFE723681A1A92
S214016FD053425341A37503A824F0A3FF237D8342A4
S214016FE018BFA77503A824F07EFF074602A824F061
S214016FF07AFF87421CBF0023A37503A824F07BFFFA
S214017000074602A824F077FF87421CBF0023A3751A
S214017010D5E703A824F067FF80B1EB6B02225B691A
S21401702004A93046984704A824F06CFF0346207D47
S214017030032839D8DFE800F03838040903A8F3E755
S214017040237E04EBC303CC221A8401F037FC109B89
S2140170501870277E03A824F03AFF04EBC70787F8C9
S2140170602200237E04EBC30303A8B3F8209093F811
S214017070227024F038FF804603A824F03CFF8246A5
S214017080B8F1000F15D0EB6B02225B6904A93046FC
S214017090984704A824F0FBFE6075637D6BB9002356
S2140170A0A3754FF0000838E0227E04EBC202138479
S2140170B0CBE703A824F0D6FEEEE794F81680B8F1E5
S2140170C0000FEED0B9F1000F09D1DFB10123E3754E
S2140170D0637E002B4FD1012F42D1677614E06B6C93
S2140170E006EB0A02594286EA020008421CBF00214A
S2140170F0A175591E0A409B1A9945D0D8A37D002B2D
S214017100E3D1CEE7E37D43B94FF000084B46524644
S2140171103146284624F059FCA060A27D12B12369AD
S2140171204B4423611949237E097899422AD90133B0
S2140171302376BBF1000F27D032B3E37D23B3B8F13A
S214017140000F21D1032F1FD0A1684B1C1CD0109B10
S2140171500093224601232846FFF7FAFEA07513E0A6
S21401716095F8343063B9EB6A0133CFD1032FCDD113
S2140171700123A376C8E7012FCFD0032FC4D1F7E7A9
S2140171809846C3E70023A375A07D00E7387F040077
S2140171902DE9F04F8BB00E46044698464FF0FF316E
S2140171A00023104617468DF8133001F071FBB6F533
S2140171B0801F3BD3B21C53D1E56A6B1C57D1616A61
S2140171C0204624F048FB0546B31C18BF0123DFF810
S2140171D014910193636A626C0293236802FB053A79
S2140171E0E36B05A95B6905225046984705A824F07C
S2140171F022FF24F045FF504624F04DFF4FF0000BD0
S214017200824601464B1C05D0636C81EA0A025B424A
S214017210134232D02946204624F01DFB029BAB4286
S2140172204DD0BBF1000F4DD10546D3E7314605AA37
S21401723004F1080024F0FBFD0146481C10D0384636
S21401724001F026FB0DF1130301223946204624F0F6
S21401725037FC28B19DF8133088F80030002003E091
S214017260237C002BA8D11D480BB0BDE8F08F236806
S214017270ED1A636CB5FBF3F5A6E7484601F008FB8B
S2140172800DF11303019A4946204624F019FC0346E2
S21401729090B1B21C03D0D9F80020B2420CD10393AE
S2140172A00F4B9DF8132088F8002049461A68384687
S2140172B028F0F8FE039B9B46D9F80810A2E7BBF11D
S2140172C0000FD0D0B6F5801FC8D298F800307A6883
S2140172D0314604F1080001F01FFABFE70BE000F0A9
S2140172E0347F0400E02800202DE9F3410E461B4DB3
S2140172F0816A044617469846E36A8B422AD04B1C9D
S21401730018E0284601F0C4FA0DF1070301222946C8
S214017310204624F0D5FB30B19DF807204346294688
S2140173202046B847B0B1A9684A1C05D0012E0AD03C
S214017330E36A9942E5D10DE06968204624F018FB1E
S214017340012E0146D8D16B6881EA0302636C5B4269
S2140173501A42D1D002B0BDE8F08100BFB4280020A7
S2140173602DE9F041036B07689046826B9A4288BF0D
S2140173708363426C436A02FB0377C36B90B05B691D
S2140173800E46052201A904463846984701A824F06E
S21401739052FE01280146307057D0656CE26B2368B7
S2140173A0606AD2F814C005FB0030052206A9E04742
S2140173B006A824F040FE01284FF0000523D0D4E9AA
S2140173C00A3201219342CDE90B458DF834800E95A2
S2140173D08DF83C102AD11946204624F0C9FA236BB1
S2140173E0626CE06214339B1A23630C9B53B99DF8BD
S2140173F03C303BB1626A616C2368E06B01FB023191
S21401740024F0D1FD0C9DE36B05225B6901A938468A
S214017410984701A824F00FFE3070236BA26B284614
S2140174209A4288BFA36310B0BDE8F081237C33B9CC
S2140174301C490BAA04F1080001F0BEF9D5E71A4A67
S2140174400BAB2046FFF750FFCFE7237C23BB174942
S214017450224604F1080001F0AFF9616A204624F0E3
S2140174601BFA616A421C204624F0E4F9054620B95D
S214017470236B626C1344143B2363A16A204624F0F9
S21401748077FA2368A062C01A636CB0FBF3F06062FF
S214017490204624F0B0FAB6E7054A00232046FFF757
S2140174A023FFDAE7617E0100DD7D010049BB0300B1
S2140174B0E5BA030073B50D46D11E4A421C461B7E33
S2140174C04A419A4226D129682368994222D36368A1
S2140174D099421FD8114E0DF107033246FFF758FEA9
S2140174E0C0B972686B689A4214D19DF80730DA1EEB
S2140174F053425341227E93420CD163690133636147
S214017500D4E90323934205D2A268296842F82310DE
S21401751001332361012002B070BD00BF0C29002099
S2140175202DE9F04F8BB0DFF858B19A469DF85030F0
S2140175300293DBF81030534580460D461646C0F0E0
S2140175409980DBF804300193D146B9F1000F00F0C1
S2140175508D80D8F83C3001985B69012207A99847CD
S21401756007A824F0BCFCDBF80030984240F0858088
S21401757007A824F0C0FC0428074614D107A824F065
S214017580C1FC019B029A04463B44002A3FD1864235
S21401759012D9361A14460199404624F0E9F9A9EBA6
S2140175A004090190D1E7D8F83C3001985B690222C2
S2140175B008A9984708A8E2E7841B544528BF544603
S2140175C0032C03EB0607AAEB040A4FEA94021CD924
S2140175D0D8F83C3029465B693846984724F00303BF
S2140175E004F003061F441D44002ED4D0D8F83C30C6
S2140175F001225B6908A9384698473246284608A9F9
S214017600354428F04FFD0026C5E72646ECE700F096
S2140176100302039203442A18074604920593049B27
S214017620DD1B059BD81B039B9F420FD1002FB2D0B9
S214017630D8F83C30012208A95B6998473A4608A960
S214017640284628F057FD78B93D44A4E7D8F83C30E1
S214017650012208A95B699847042208A9284628F050
S21401766049FD08B9043FDAE7DFF8189048460BB041
S214017670BDE8F08FDFF81090F8E7DFF81090F5E737
S2140176803829002012E000F011E000F022E000F0BE
S2140176902DE9F0410F4688B016469846044660B379
S2140176A090F83450FDB1012124F09AF80E9BCDF8E4
S2140176B00480CDE902379DF83C308DF81C30237CE0
S2140176C004960021CDE905118BB90D4901AA04F1F3
S2140176D0080001F071F8DDE90553E06B002E08BFE4
S2140176E01D4624F03FFA284608B0BDE8F081054A59
S2140176F001AB2046FFF7F8FDEDE70546F3E700BFCF
S21401770013BB0300B57401007FB590F84260019287
S21401771004460DF10B030A463046124924F02AFAB4
S214017720012EE36B054619D15B69324603A99847DA
S2140177309DF80B10039B019A59B19BB243EA024391
S2140177400393E36B9B69012203A92846984704B07B
S21401775070BD1B0C1B0492B21343F1E79B69012217
S21401776001A9F3E7382900202DE9F04F99B00F461B
S21401777009920A69416C0E931439D31DB3FBF1F3D8
S214017780013302EBC302036B93420446C0F00D8241
S2140177900023DFF820940D93E36A079319464846C1
S2140177A001F076F8D7E9033604930E9B022B4ED1EF
S2140177B0CC2E40F08A81099B002B42D039462046C8
S2140177C024F02FFA656C079A14906B1E1340ED1A7D
S2140177D0E36B78685B69012216A9984716A824F01E
S2140177E082FB00280CBF04230823782E06933DD97C
S2140177F00123002505934FF0080A3B6805990E986A
S214017800C9F80030C9F8106024F08FFB4FEA9A03DC
S2140178101093DDF81CB089F8140000230B930F9326
S21401782008930C93616C4A1E0BEA02028B1A002E17
S21401783038D05544AB4240D8236B5B1A13442363BC
S214017840ABE0049B1B68149308230693D0E7656C92
S214017850079A6B1E1340782EA5EB030516D8FB7D01
S2140178607BB9099B002BB3D104230693331DAB428E
S21401787010D9A6B1082DBBD8042500230593AA4626
S214017880BBE7099B002BA3D10823EEE7099B002B3E
S2140178909ED1D9E7002505954FF0040AADE70425EA
S2140178A00596F9E75345C7D30BEB0A030393B04696
S2140178B0089B002B18BF032313E0A3EB0A039E4289
S2140178C0B0460BEB0A0228BF98469E420392EFD9B8
S2140178D0D9F810200123964289F8173071D1C9F8DA
S2140178E004B0089399F81730002B6CD099F818203B
S2140178F00899D31C09EBC3030132C3F804B0A3F8FB
S2140179000880997289F81820B8F1000F14D00E9BE0
S214017910022B5BD10B9B7BB90F9B4344032B0BD9EB
S214017920E36B03989B69012214A998470546002832
S21401793040F03D8101230B93089B0193059B009327
S21401794099F814203968434616A800F057FFE36BF0
S214017950109A9B6916A958469847051E0D9B18BF95
S2140179605B460D93524643465946204624F02DF871
S214017970236BC9F8080008F10302A3EB0A0322F0FF
S21401798003029B1A2363002D40F011810F9BDDF843
S2140179900CB04344A6EB08060F935946204623F045
S2140179A0E7FF00258346002E7FF43CAF814A396805
S2140179B09368E36252680E9B04F1080000F0ACFE87
S2140179C0DEE002238DE7C9F804B09DE7099B002B92
S2140179D030D1049BB8F1030F43440A9327D9E36BD4
S2140179E0DDE903019B694FEA98029847054600289E
S2140179F065D118F003025FD0049B28F003052B44E1
S214017A000493039B1D444FF0FF330499159315A867
S214017A1028F048FBE36B28469B69012215A9984785
S214017A200A9B04930546002D86D0039B99E7039D88
S214017A304246E8E7039B0A9307F120031193FB7D77
S214017A4078689BB13D7E0C9A0023D9B28D4211D93C
S214017A50119931F83310914203F1010C26D907EB45
S214017A60C3030699D8690A44104403E00C9B069A9E
S214017A7013441844E36B01225B6915A99847159BCB
S214017A8013930C9B0A9804330C93E36B01229B69B6
S214017A9013A99847039B0A9A43449B1A042B05464D
S214017AA007D978B9134604330A93C8E7521A6346CE
S214017AB0CBE70A9B0393B6E70A9B04933CE70A9B32
S214017AC00493B2E70A9B0393AFE73B4E04F1080326
S214017AD003932368079A606CA2EB030ABAFBF0FAD9
S214017AE000FB0A3024F0D7FAE16A8046204623F0EC
S214017AF03FFFA26A82424AD0626CD9F808302568F4
S214017B00E062511E0B40216B891A0B4423630D9BC7
S214017B105D1BB5FBF2F5AA4536D1079BB3EB080A08
S214017B2012D0E36B4FEA9A029B6941469847E36A93
S214017B30079A5344E362236B9B1A434483462363A9
S214017B40039824F044F9DA462368616CE06B01FB84
S214017B50053124F015FA204623F04DFE204623F089
S214017B604AFF2063BAF1000F11D03A69616CD31D48
S214017B701439B3FBF1F3013302EBC3029042A8D2EE
S214017B80304619B0BDE8F08F4FF0000ADCE73A69DD
S214017B90616CD31D1439B3FBF1F3013302EBC3025D
S214017BA0236B9342BFF4F8ADEAE7044EE8E72E46AE
S214017BB08CE700BFE028002023E000F006E000F09C
S214017BC02DE9F3471E4643699DF82890B3420446C3
S214017BD0884617463DD300258DF80750204623F0EA
S214017BE0D6FDD4F830A082450AD2236AB5EB430FFE
S214017BF006D200220DF107012046FFF7B1FB30B394
S214017C009DF80730012B05D100220DF10701204612
S214017C10FFF7A6FBB9F1030F06D03146204623F045
S214017C20A1FD256B854218D30D4D4FF0FF31284637
S214017C3000F02EFE4B46002229462046C5E9037673
S214017C40C5F8008002B0BDE8F047FFF78DBD0135ED
S214017C50C4E7044802B0BDE8F0870348FAE700BF6E
S214017C600C2900200FE000F006E000F02DE9F047B7
S214017C7090F8426086B0012E05460391A1EB0207FB
S214017C8015D1B7F5807F28BF03264FF06408DFF8CB
S214017C9048A100244FF6FF7995F84230012B14BF16
S214017CA0322364239C420AD35FFA88F415E0B7F5C1
S214017CB0803F34BF012602264FF03208E7E705ABC6
S214017CC022465146284623F08AFF95F84230012B7A
S214017CD0059B34D14B452DD1E4B295F84230012BAA
S214017CE00CBF64223222121BB24217D3012E39D1A5
S214017CF00022012B05978DF8132027D1082205A90C
S214017D000DF1130024F01EF99DF81330059A42EA8E
S214017D10032221462846FFF7F7FC40B102232E49ED
S214017D2000930968CC2303AA2846FFF749FF06B04B
S214017D30BDE8F087DBB203B902340134ACE7591C65
S214017D40CAD09BB2002BF8D10134F6E7102205A960
S214017D500DF1130024F0F6F89DF81330059A42EA67
S214017D600342D6E7039A0592012B23D1082320224A
S214017D7005A90DF113008DF8133024F0E3F89DF8F2
S214017D801320120221462846FFF7BEFC95F8423022
S214017D90611C012BC9B21AD10028BFD1BDF814202D
S214017DA02846FFF7B1FC0028B8D10234BDF81620EA
S214017DB0E1B2AFE71023202205A90DF113008DF8DB
S214017DC0133024F0BFF89DF813201204DAE70028D8
S214017DD0A4D1059A9EE700BF38290020032A2DE981
S214017DE0F34106460D4617461C4606D1237A012B5B
S214017DF023D0012002B0BDE8F081DFF86080096879
S214017E000DF107034246FFF7C3F960600028EDD184
S214017E109DF80720237A032AE8D0D8F804106A6868
S214017E209142E3D1012B2969D4F80CC007D17269BC
S214017E300CEB0103934202D92074207CDAE7083167
S214017E406144E1603B46012229463046FFF78CFC3F
S214017E5060600028CAD00020CCE700BF0C290020B3
S214017E602DE9F341089C032A2668174606D1237A92
S214017E70012B24D0012002B0BDE8F081DFF890800C
S214017E800DF1070342463046FFF782F9606000288D
S214017E90EDD12568D8F80400A96AD5F844C0227A3D
S214017EA04840CCF100031840E1D1012A09D1E2682B
S214017EB0D8F8103013447269934202D92074207C9A
S214017EC0D9E72868EB6A1B1A081AB3FBFCF3B0FB68
S214017ED0FCF083420BD1706CF36A421E1340326B86
S214017EE0121A13443363284623F042FDE862D8F899
S214017EF01020E3680649206808321344E360012233
S214017F003B46FFF731FC60600028B0D00020B2E7A6
S214017F100C2900202DE9F04F4FF0FF334FF6FF728A
S214017F20002500F10806C0E9092387B00446C362AC
S214017F300562056330460F4623F049FF204623F0CD
S214017F405AFC28BB2046394623F0D5FC204623F0B0
S214017F5052FC28BB8A4D204623F080FDECE0E26B04
S214017F602368606CD2F814C001A9052200FB053015
S214017F70E04701A824F05FF8012828D129462046C9
S214017F8023F08AFC421C2946204623F053FC013587
S214017F90E3699D42E3D3204623F02DFC0028D1D08F
S214017FA000254FF6FF73C4E908534FF0FF39CA4660
S214017FB0A846E369984514D3A5EB0905012D37D8E2
S214017FC0636A4FF6FF72934247D16E4DC3E724F0C2
S214017FD05CF80028DBD02946204623F05DFC0246EB
S214017FE0D1E72368E26B606C576901A9052200FBA3
S214017FF00830B84701A824F01EF8834601A823F0EC
S214018000F1FF0746584624F03BF870B15745236AFE
S21401801038BFC4F82480B94503F1010328BFB94627
S214018020BD42236238BF3D46BA4608F10108C0E7A3
S2140180304FF6FF7363620025E3699D42C0D2676C09
S2140180402068E36B05225B6901A907FB05009847D9
S21401805001A823F0C7FF0135EEE7E26B676C2068E5
S214018060556901A9052207FB0300A84701A823F0CB
S214018070B9FF626A2368606C434D00FB023024F04E
S2140180800AF84FF0FF33A062E3622A460DF10303BC
S2140180906FF001012046FFF77BF8002850D1AD684C
S2140180A0E5622946204623F082FB206320B9E16A77
S2140180B0204623F05DFCE0622946204623F058FC6A
S2140180C00546A36A9D423DD16569626CE91C143A76
S2140180D02046B1FBF2F105EBC1050335B5FBF2F520
S2140180E023F0BCFC0235A84280463DD2616A204698
S2140180F023F0B1FB0027064604F1400A474512D398
S214018100626C236802FB0639E36B05225B6901A9F1
S2140181104846984701A823F065FF5346024649465C
S214018120E06B23F0BAFF3146204623F094FB01377B
S214018130AF420646E2D3154D284607B0BDE8F08F9C
S214018140A56AADE72946204623F031FB236B03449D
S214018150294607462363204623F00AFC0546002FDE
S214018160AFD1C4E90B07ACE7304623F030FE00235D
S214018170074A19462046FFF7B7F80025EBE600BF89
S21401818003E000F016E000F00C29002013E000F0F8
S214018190AFBA0300634A00232DE9F0411768136064
S2140181A00E46044618B9604D2846BDE8F08190F8A1
S2140181B034500DB309680268914240F0AA80716894
S2140181C04268914240F0A580B1688268914240F0D1
S2140181D0A080F168C268914240F09B803169426993
S2140181E0914240F09680B169C26B914240F0918015
S2140181F0726982611D46D7E750222946D0F8388039
S21401820027F0A2FF33682360736863603369636194
S2140182107369A361D6E9021204F10800C4F8388034
S21401822023F0E7FDB369E36304F140009B689847D8
S21401823094F8432020B1E561002AB4D03B4DB3E762
S214018240656C002DF7D06668B6FBF5F3E361002A8E
S214018250A9D0B542F2D82268B2FBF5F105FB11228E
S214018260002A58D105FB1363002B54D1204623F076
S2140182708EFAA369043303449E424ED3636940F6E3
S2140182803472CC3B93424AD8B5F5007FD6D303214E
S214018290204623F0A5FAE36BD4E900011B68984752
S2140182A0E36B0546DB68022098471DB1002384F87E
S2140182B034301EE039462046FFF72CFE1C4B984210
S2140182C0054604D139462046FFF724FE0546636C71
S2140182D0143B002DEAD1226A204602FB03F623F066
S2140182E056FAA369043303449E4206D284F83450F6
S2140182F0104DE06B23F036FC56E70F4A012384F855
S21401830034301368D4E90001013313601DF0A4FF73
S214018310EFE70A4D48E70A4D46E7064D44E7094DA3
S21401832042E700BF043D002009E000F004E000F051
S21401833013E000F002E000F0003D002008E000F04D
S21401834001E000F005E000F02DE9FF410F46904600
S2140183501E46054698B390F8343093B3B1F5801FA6
S21401836031D21A4C022123F03BFA22460DF10F03BB
S21401837039462846FEF70CFF024678B101230093E2
S2140183804246334639462846FFF71AFC0446E86B50
S21401839023F0E8FB204604B0BDE8F0819DF80F30DD
S2140183A0012BEBD12169B142E8D100934146334616
S2140183B02846FFF7B5F804460028DFD1E7E7044C66
S2140183C0E8E7044CE6E7044CE4E700BF3829002060
S2140183D009E000F007E000F00AE000F02DE9FF41B7
S2140183E00C4616461F46054688B390F8343083B3CC
S2140183F0B1F5801F2FD2DFF87C80012123F0F0F940
S21401840021460DF10F0342462846FEF7C1FE0446FB
S21401841070B99DF80F30012B11D1D8F81030BB423E
S21401842013D10090024631462846FFF779F80446F4
S214018430E86B23F097FB204604B0BDE8F081074CBB
S214018440074A022B08BF1446F2E7064CF0E7064C33
S214018450F1E7064CEFE7064CEDE700BF0BE000F056
S2140184600CE000F011E000F009E000F007E000F099
S2140184700AE000F03829002070B586B00E46039257
S2140184800546A0B390F834309BB3B1F5801F32D2C5
S214018490022123F0A5F9194A0DF1170331462846A2
S2140184A0FEF776FE044618B99DF81730032B0ED159
S2140184B00223009303AACC2331462846FFF780FB0C
S2140184C00446E86B23F04EFB204606B070BD022B37
S2140184D00BD10A49284623F0A4FB039981420246A0
S2140184E0EFD02846FFF7C2FBEAE7054CE9E7054C63
S2140184F0EAE7054CE8E7054CE6E700BF3829002027
S2140185000DE000F009E000F007E000F00AE000F0FE
S21401851073B50C461646054630B390F834302BB387
S214018520B1F5801F24D2012123F05AF92146114AC0
S2140185300DF107032846FEF72BFE044680B99DF889
S2140185400730032B0CD0022B0CD10A49284623F006
S21401855068FB3060E86B23F005FB204602B070BD77
S214018560054CF7E7054CF5E7054CF6E7054CF4E74F
S214018570054CF2E7382900200BE000F00DE000F092
S21401858009E000F007E000F00AE000F0F7B50C465D
S2140185901646054668B390F8343063B3B1F5801FCC
S2140185A02BD2022123F01CF9154A0DF107032146AF
S2140185B02846FEF7EDFDC0B99DF80730032B14D011
S2140185C0022B14D10E49284623F02BFB471C0246EA
S2140185D039462846FFF74AFB044606B13760E86B82
S2140185E023F0C0FA204603B0F0BD064CF7E7064C70
S2140185F0F5E7064CF6E7064CF4E7064CF2E700BF53
S214018600382900200BE000F00DE000F009E000F052
S21401861007E000F00AE000F02DE9F3411F460023D1
S2140186200C4616463B60054650B390F834304BB3C3
S214018630B1F5801F28D2DFF86480012123F0D0F83D
S21401864021460DF1070342462846FEF7A1FD0446E2
S214018650A0B99DF80730032B10D0022B0AD10123B5
S214018660336004233B60E86B23F07CFA204602B0BB
S214018670BDE8F081D8F810303060F3E7034CF2E73C
S214018680034CF3E7034CF1E7034CEFE70BE000F094
S21401869009E000F007E000F00AE000F038290020C9
S2140186A030B50C4685B0054628B390F8343023B370
S2140186B0B1F5801F23D2022123F092F80DF10F03AA
S2140186C0104A21462846FEF763FD034688B99DF801
S2140186D00F20032A0DD00322009221460246284687
S2140186E0FFF76EFA0446E86B23F03CFA204605B025
S2140186F030BD054CF7E7054CF8E7054CF6E7054CA9
S214018700F4E700BF382900200BE000F009E000F094
S21401871007E000F00AE000F02DE9F04346688EB36A
S214018720056898464FF0000CA946AE4655F83C4001
S214018730C4F3130701340CF1010C01D0B94218D06F
S21401874066450EF1080EF1D12F46002403E0A6423D
S21401875007F1080713D055F83430013304F101044A
S214018760F5D1C1F3130141EA0851C7E90012BDE88A
S214018770F08341EA0851CEE90012BDE8F083B8F172
S214018780030F03D101230372BDE8F083002303E046
S2140187909E4209F10809F5D055F83340C4F3075451
S2140187A0032C03F10103F3D1C1F3130343EA085386
S2140187B0C9E90032BDE8F0832DE9F043476883B08C
S2140187C0CFB10646884691460024336853F83450A4
S2140187D0C5F30752C5F31301013503EBC403304655
S2140187E004F1010405D05B68CDF80090C04710B1D4
S2140187F07768BC42E9D303B0BDE8F08373B504469D
S21401880022489DF81850012A00EAC11123F07C4045
S21401881007D9961E012E28D9073303F07F03194383
S21401882008E09DF81C30DB060A4303F0C0531343EF
S21401883043F060410023C4E900108DF80730B5B15C
S214018840202221460DF1070023F07CFB1A220DF1B0
S2140188500700211D23F076FB63689DF8072043EA95
S21401886082636360082002B070BD1143E2E71B22F9
S2140188700DF10700214623F065FB23689DF80720CC
S21401888043EAC26323600420EDE700BF80FFFF07D1
S21401889038B5094B04461A680D46002127F054FCEA
S2140188A000234FF0FF322383C4E900252361A26031
S2140188B0E382A37638BD00BF347F04000138C0B21E
S2140188C005289ABF014B185C01207047F0EC0400A4
S2140188D02DE9F0410E46596888B007461546490A03
S2140188E00024012922464FEA510104F10104F8D877
S2140188F0DC7899781B882403C90201F4006104F42A
S21401890080540C43C3F30A035203234492B29C18C7
S214018910284B03934FF0000825F0784302A90DF188
S21401892007001B2202938DF8078023F00BFB9DF8AE
S2140189300720029B8DF80780ED4343EAC26302A934
S2140189400DF1070025F078451B220493029523F0CC
S214018950F9FA9DF80720029B6FEA044443EAC263D2
S21401896005936FEA14444FF0FF3306930794BB69EF
S21401897007A9012206F110009847BB6905A904461C
S214018980012206F108009847BB69404518BF044616
S21401899004A90122301D9847BB69404518BF04460B
S2140189A0012203A930469847404508BF204608B033
S2140189B0BDE8F08101009AB213B50446694623F07A
S2140189C0BCFB204623F0E9FDFF28024606D09DF8B1
S2140189D000102046EBF7C2F902B010BD0048FBE7D5
S2140189E00080FFFF2DE9F0411B4A8AB001AC054625
S2140189F00B4602F1200C274610685168264603C62E
S214018A00083262453446F7D1002B08BF3B46106852
S214018A103060002703F10C061C46384690B95FFA11
S214018A2087F821884246284623F08CFE50B9E18813
S214018A304246284623F097FE20B94246314628464C
S214018A4023F0A3FE0137032F06F1080604F1020402
S214018A50E4D10AB0BDE8F08100ED0400F0B589B0BC
S214018A6005460E4623F0A0FE044600BB06F10C07A1
S214018A700FCF01AC0FC497E8070084E8070001A9EF
S214018A80284604F081FD311D284623F090FF044658
S214018A9048B90849284604F0B1F8044618B92846EA
S214018AA004F0E8FB044631682846FFF79BFF2046A2
S214018AB009B0F0BDF8EC0400014923F0A4BB00BFE7
S214018AC065D2010070B5164E0328337804460D466C
S214018AD01ED023FA04F202F00102AA421DD053B1BD
S214018AE00122A24023EA0203A5402B43DBB23370E6
S214018AF04BB1012070BD2DB10A4B01201B68984770
S214018B003378EDE73570074B00201B689847F0E790
S214018B109A07DED003F0FC03E9E7002070BD00BF32
S214018B207B540020443D002038B504460D4604F031
S214018B306DFC60B104F00AFB48B9012D07D801208D
S214018B4023F0DBFD0D4B1B6823B15B6898470C4B8C
S214018B501C7038BD1EF076FD0A4B1A68801A186024
S214018B60EEF744FA084B1B684FF47A7202FB0030AA
S214018B7023F047FB012004F0F1FAE8E7B43D0020BA
S214018B80AA1600203C3D0020403D0020F8B5124FBB
S214018B9005460C461DF066FB3B78064633B1012DB3
S214018BA004D01CB90D48EEF74BF93C702146284617
S214018BB0FFF788FF0A4B1B7804463BB93B782BB975
S214018BC023F090FD10B1074B1B68984730461DF007
S214018BD04DFB2046F8BD00BF7C540020183D002008
S214018BE07B5400207C120020054A0B46117831B1D7
S214018BF000211170034A1878526801211047704706
S214018C007C5400207C120020124B0239012910B539
S214018C1018701ED804F0FAFBD8B104F097FAC0B168
S214018C2004F08AF8A8B90C4B1C6834B1236898473D
S214018C30BDE81040002023F060BD23F0E0FA074BAA
S214018C4018601EF0FFFC064B1860204604F086FAFA
S214018C50EEE710BDAA160020B43D0020403D0020DE
S214018C603C3D002038B5044680B11DF0FBFA0121D9
S214018C7004460846EDF70AFD012108460A4A1EF099
S214018C8093FC2046BDE838401DF0F0BA1DF0EAFA24
S214018C90214605460120EDF7F9FC0120024A21464E
S214018CA01EF082FC2846EDE724ED0400F0B5324DB7
S214018CB085B01DF0D7FA2B78044623B12F48EEF77E
S214018CC0BFF800284AD1EEF767F902AA03A923F0F4
S214018CD0F3FC0346002832D023F002FD029B9842A3
S214018CE01ED10020264B03991B68264E99423070F0
S214018CF021D9C91A00270123CDE900771F482B7017
S214018D00214A33461EF07AFC00282FD11F4A1378D9
S214018D10D90717D420461DF0A9FA002005B0F0BDEA
S214018D2023F0DCFC029B98421ED0154B154A1B68AB
S214018D300393002010700121FFF7C4FEEAE72046E6
S214018D402B70E8E731780029E4D103F0FE031370B5
S214018D50002BDFD10E4B1B689847DBE720461DF042
S214018D6085FA032005B0F0BD0220BBE703232046A9
S214018D702F703370F3E700BF7C540020183D0020AD
S214018D80383D0020A9160020E98B01007B54002005
S214018D90443D002038B5134D1DF064FA2B78044687
S214018DA0C3B9114A11491370114B124A1A6012487D
S214018DB0124A5A60EDF7E4FC11491248EDF7E0FC5F
S214018DC0114B124A1A60124B1B68124B02221A6090
S214018DD001232B70AFF3008020461DF047FA0020D8
S214018DE038BD00BF7D5400207C5400202CED0400CB
S214018DF07C120020AD8C0100083D00208D8B010007
S214018E0034ED0400103D0020443D0020658C010037
S214018E1000300E40383D0020431C08D0044AD2F8EA
S214018E203C311B0C1B0480B20343C2F83C31704733
S214018E300040084030B5074B85B00C46D3F8C0500B
S214018E4000950022694623F001FA0CB100B92560AD
S214018E5005B030BD0081E00F054BD3F8B400431CCC
S214018E6014BFC0F380700120A622312104F004BD96
S214018E700081E00F034B1A689B8802608380002004
S214018E80704700BF1C1600200F4B0628D3F8883108
S214018E9004D183F40013C3F340507047022805D170
S214018EA013F4400F0CBF01200020704750B9074A49
S214018EB0D2F8D40010F0010005D083F48003C3F388
S214018EC0805070470020704700400E400081E00F40
S214018ED00C4A5288B2F5E16F94BFC8225A2210B5E7
S214018EE094BF7824502490428CBF172210220A7017
S214018EF0054A0346107818B19C422CBF0020012079
S214018F0010BD00BF1C160020AE16002013B5234B63
S214018F101B780E2B04463ED00DF10701FFF7D8FF54
S214018F201E2C8CBF1E4C1F4C9DF807304FF00102C3
S214018F308CBF01210021C4F8082170B1194A4DF6F1
S214018F400174C2F804411B0202F1007243F440436B
S214018F50C2F80431144AA2F8D430134A134C92F8DA
S214018F60D83023F00103034323F0020343EA41030D
S214018F70DBB282F8D83024786CB923F0040343EAD4
S214018F80800323F00803B2F8D440A2F8D64043EA9F
S214018F90C10382F8D83002B010BD00BF1C160020F5
S214018FA00040084600400844001F0021805400206D
S214018FB0084B094AD3F88831DB4303F4FE1343F424
S214018FC00053B3FA83F30E33A3EB4313013B137041
S214018FD0704700BF00400E40AD16002002280CD09E
S214018FE0062802D020B100207047054B187870473C
S214018FF0034B18780430C0B270470720704700BF93
S214019000AD1600202DE9F7433A4E3B4F96F80090F7
S21401901015463A4AD2F8C820B9F1020F04468846E6
S21401902007EA02071AD147EA006788F8000000231A
S21401903072882B60B2F5E16F94BFC8225A2227F4DA
S2140190407F57944227F008079ABF380A00F47F50EA
S21401905043F6C870384303B0BDE8F083284A127857
S214019060904228BF144604EB83030B70F4B1013C15
S214019070E4B24FF030632B606A4601A9204623F024
S2140190801EF9DDE9002347EA03671E4B98F8001036
S2140190901B7847EA823747F47F5747F008073BB902
S2140190A00029194B18BF4FF07F43C1E7164BE2E783
S2140190B0164B1748B9F1060F08BF03462AB900290F
S2140190C0114B18BF4FF07F43B2E7B2FA82F2C2F1FA
S2140190D01F02D2B29B5CDBB239B15A1ED2B2FD2A54
S2140190E005D81B0643F00403A2E7074BA0E74FF0A1
S2140190F07F439DE71C1600203F00C0E0001F0021B3
S214019100AD160020815400200400000BB883E00F48
S214019110B083E00F2DE9F3410446C820FFF7F6FEC1
S2140191202B4B2C4E18780E2801D0FF2C05D1FF248E
S2140191303470204602B0BDE8F08102282DD1072CFC
S214019140204628BF072001284FF0000301AA0DF191
S214019150030138BF0120FFF755FF05461E4B1F4F81
S214019160DDF80480C3F85881C7F8C8509DF803405D
S21401917034702046FFF7CAFE194A4FEA082303F463
S214019180E063127843EA1863A7F8D030002AD0D1FA
S214019190C7F8CC50A7F8D230CBE7A0B9052C32BF20
S2140191A0002701270420201A3B4601AA0DF10301DE
S2140191B0C0B2FFF727FF4FF48003054637B1094ACF
S2140191C0C2F80831CAE700273846ECE7064AF7E74F
S2140191D01C160020AF16002000400840001F00218A
S2140191E080540020004008460040084408B501F0BD
S2140191F0B7F9094B094A002818BF1A46136823F421
S2140192007F115B0803F4FE130B431360044B4FF00E
S2140192100072DA6108BD00BF0041084018410840ED
S2140192200040084008B501F09BF9064B4FF40012C8
S21401923028B1C3F800214FF000621A6208BDC3F8D6
S2140192401821F8E700400844014B1868704700BF32
S214019250483D0020436C012B38BF01232DE9F04720
S2140192609A46464B464F9B69464E474D03F4E0737C
S214019270A3F5C072804645485142514102685245A5
S214019280434A0FD114788C420CD198F8D0C03C7860
S214019290A44507D198F815C03478A44502D1A8880A
S2140192A0BDE8F087B3F5C07FC0F800A011704AD1C1
S2140192B0D8F8944024B12368082B58D994F838403C
S2140192C00F21204622F0DDFFBAFA8AF3002852D099
S2140192D0B0FA80F29B1A002BC6BFD840C3F10F0923
S2140192E04FF00F09504501D909F1FF39234B2004EE
S2140192F0C3F8BC0003F1806340F6FF72C3F8B820E0
S21401930003F100734FEA0921C3F8B81022F0EAFF0F
S214019310A88000F04BFE09F01F094FF4FA7304FA17
S21401932009F45C4341F66A03B0FBF3F00A23B4FB8D
S214019330F0F45C43174B1C6098F8D0303B7098F8FB
S21401934015303370ABE798F8D030062B06D1124BA8
S2140193501B78002B0CBF9624C824B1E7022B08D03B
S2140193600D4B1B78002B0CBFB424F024A8E7002477
S214019370A6E73224A4E74FF00F09B7E700600840DC
S214019380AC160020AB1600201C160020841200200C
S21401939083540020483D002081540020FF290DD031
S2140193A00F4B1048C3F850010B04090501F0F87182
S2140193B003F4E0230B430C49C1F85031FF2A0DD0CA
S2140193C0074B40F2F711C3F85011130103F4F87379
S2140193D002F007021343044AC2F8503100207047D6
S2140193E0004008440000F70100400846F8B5134B5A
S2140193F0134E1F68134D384601F09EF83378C4B2F9
S214019400A34201D12B78A3B1092C14D80E4B012C01
S214019410195D05D10D4B1B78022B01D141F040019E
S21401942001F00F0238460909FFF7B8FF0023347030
S2140194302B700020F8BD0024FA21F1E7C43D00207E
S2140194407F5400207E5400203CED04001C160020B2
S21401945038B5044600F052FD142200212E4826F0AD
S21401946073FE2E4B25781A782D49521B18BF012200
S2140194700A7022681A60C820A2889A80FFF746FD03
S214019480284BD3F8C820284BFF211970274B2849B1
S214019490062D03EA0203274A1AD14FF4EE40C2F81A
S2140194A024014FF48A42C1F82421012243F080436B
S2140194B0C1F820211B4AC2F8C8301E4B0322C3F84C
S2140194C05821FFF793FF1C4B01221A70002038BD6C
S2140194D0022D4FF007000ED1C2F80C010620C1F88C
S2140194E00C011649C2F808114FF4404143F003033A
S2140194F0C2F80411DEE7C2F80C010520C1F80C0120
S214019500C020C2F8080143F08043812243F00403DF
S214019510C1F80821CEE700BFC81F00211C16002095
S2140195207E540020001F0021AF1600202800C0A096
S214019530004008460040084482540020C100400014
S214019540014B1870704700BF815400202DE9F04789
S2140195502D4C2E4B236000F029FD4FF4FA7307467D
S2140195604FF47A76B0FBF6F629482A4A7343190E69
S2140195701B02181841F1000100231BF0E7FBA0F5C0
S21401958080730546A36220B966222B2104F074F984
S21401959001254FF47A726A434FF0000A5346500889
S2140195A031021BF0D3FB1C4B19601C4BB7F57A7FBD
S2140195B04FEA05688946044618604FEA152505D224
S2140195C076222B21504604F057F901264FF47A7380
S2140195D0A8FB030103FB05117308C01841F1000144
S2140195E0002332461BF0B2FB0D4B023419600D4BC3
S2140195F049F10009A408186044EA8974024B013C49
S2140196001C63BDE8F08700BF00500840021101004E
S21401961020A1070040420F00583D0020543D002085
S214019620503D00204C3D0020044B4FF00052C3F843
S21401963080211A60024B01225A60704700E100E067
S21401964000500840074B4FF00052C3F88021C3F882
S2140196508020BFF34F8FBFF36F8F034B04225A60F6
S214019660704700BF00E100E00050084010B5044616
S214019670A242A2EB0000A3EB010104D2034B1B6B39
S21401968001331844013901F0030110BD00500840B0
S21401969038B502010A4B01259D500A4A4FF48073E2
S2140196A08340536604461CF0DDFD074A1378A54047
S2140196B023EA05031370BDE838401CF0D7BD00BF90
S2140196C00051084400500840845400202DE9F0471A
S2140196D01546044688461E461CF0C4FD022D00F0C1
S2140196E0B88007461CF0C9FD6C4B6D4AD3F818903C
S2140196F092F815A0DA6D5FFA8AFA520744BFD3F8DA
S21401970018900AF1010A1CF0BEFD664B664A1B68FA
S21401971011684FEA8A7CA3FB093213F1004301FB6F
S21401972009CCD8F800304CEB020C012D04BF0133F4
S2140197306344ACEB030C08BFC8F80030BCF1804FA3
S2140197400AF0030AC0F09880584AD2F800C0584A76
S214019750D2F800E0514A23F04041106B4FF0004828
S2140197600022ECFB01820EFB012282424FEA937338
S21401977081BF01330130121A03F00303A3EB0A037E
S214019780914588BF4549DFF848C184BF096B03F19D
S214019790FF3303F003030CF80430A2EB0900A3B176
S2140197A0F10742BF434B41F61F71D966B30742BF6B
S2140197B0404B4149D966710742BF384B00211967B2
S2140197C0330742BF354B00211965344B04F11001B4
S2140197D003EB041E0901CEF80C2111225A50374919
S2140197E09A694FF0010EA2EB090A0EFA04F8D3F8B3
S2140197F05C900A785FFA88F848EA020282450A70A5
S21401980026D34FF48072A24019EA020F20D11CF829
S214019810040000283FD10DB3F0071A6608D5254B82
S214019820274941F61F7240F20110DA66C866DA6609
S214019830B10706D51F4B22491F4A2248DA66C86679
S214019840DA66720742BF204B01229A60330719D4A9
S21401985038461CF00BFD0120BDE8F0871B482401AB
S21401986040F804E05A661CF0FDFC14490B7823EA24
S21401987008030B701CF0FAFC38461CF0F7FC0020BD
S214019880BDE8F087212000F0B9FA044B4FF480328E
S2140198905A603846DDE71A663846DAE7005008406F
S2140198A0803D00204C3D0020503D0020543D0020CE
S2140198B0583D00200050084400001F1F845400201B
S2140198C000500846000001010040084000510844CD
S2140198D085540020024B1878003818BF01207047C5
S2140198E0845400201030034B0001185800F001008A
S2140198F0704700BF005008401030044B01F460016F
S214019900000141F003011950704700BF00500840A4
S21401991038B51CF0B2FC084B084A9D69547DDA6DD7
S214019920520748BF9D69E4B248BF01341CF0ABFC46
S214019930284604F0030138BD00500840803D002051
S21401994038B50B4B03EB001210300001D2F80C4176
S2140199501D58FFF7DDFFAB0706D5844200D9013954
S214019960204601F0030138BD844238BF0131F7E7D4
S2140199700050084070B5184CE66B26BB202000F05E
S2140199803DFA164B10251D6002F080F8144B80221C
S214019990C3F8802101F046FA38B13246002008218A
S2140199A002F02CFA0F4B65669D660F4A536803F06A
S2140199B07063B3F1807FF9D9074B0C4ADA6641F23E
S2140199C001421A6770BD01F02DFA0028F4D0054A4D
S2140199D0074B63669366EFE7005008400040084671
S2140199E000E100E00050084600400840011B011855
S2140199F01000000208B5212000F000FA024B4FF4D7
S214019A0080325A6008BD00BF0050084008B52220C9
S214019A1000F0F4F9024B4FF480225A6008BD00BFF3
S214019A2000500840064B1B68434303EB8171054B0E
S214019A301B68A3FB003013F1004341EB00007047A5
S214019A40503D00204C3D00200D4A10B5146820F012
S214019A50404301464FF000420020E4FB0320094A40
S214019A60126802FB0300084B1B6B98424FEA917188
S214019A7004D901330131C01A01F0030110BD00BF42
S214019A80543D0020583D002000500840F8B50646D9
S214019A9003F05CFB044608B1FFF7D4FD084D094FFF
S214019AA000232B6130466B61AB617B75FFF7CCFF02
S214019AB0C9B27975A8610CB1FFF7B6FD0020F8BDF3
S214019AC000500840803D00202DE9F041224F064617
S214019AD0386820F4700040F4A00038609DF81C40FF
S214019AE01D1E9DF818304FEA042444EA036444EA34
S214019AF0021408BF002144EA05440C43FC64D7F86D
S214019B002C80B8F5803F40F2B5224FF018012CBFEB
S214019B100020012003F0B0FEC7F83880CDB10F4B0E
S214019B20B468D3F88030412C38BF41245B0606D593
S214019B3000F0F0FA18B10A4BB3FBF0F31C442046D0
S214019B40FFF782FF01308045034B3ABF0022DA63FC
S214019B50D863BDE8F08100BF00500840007008409F
S214019B6000093D00F8B5184DAB691B04044626D51F
S214019B7000F08CFBAB6913F0787FA0FB04464FEA3C
S214019B809367C3F34450C3F3044505D140F25E42E4
S214019B902B2103F071FE0120AD01B5FBF0F010EBB7
S214019BA0871005D140F263422B2103F065FE0120A8
S214019BB002460023204631461BF0C8F8F8BD00F0E7
S214019BC0A9FAA0FB0401F9E70070084030B50C4C77
S214019BD002460120A0F12003C0F1200524FA05F574
S214019BE004FA03F32B4304FA00F595428B4100D3A4
S214019BF030BD0F2801D00130ECE7FF20F8E700BFA9
S214019C0040420F0010B50C46FFF7ACFFC30943EA0C
S214019C104163C01A61EBD111FFF7D8FFFF2814D0BA
S214019C200C4B0F22C3F8802003F1007340F01000A4
S214019C30C3F8800003F17A439B69DBB2802B06D020
S214019C402046BDE8104000F00DBB012010BD0220EB
S214019C50FCE700BF007008443B4B082270B50121A9
S214019C600546C3F8C8203948394CE8F70DFC394B8E
S214019C701D702378013B012B0CD8237CE07B01224D
S214019C809A400C21302313FB001303F1884303F59C
S214019C9020431A60304B00225A677DB92F4A4FF68F
S214019CA0FF71D16702F10072F821D1675D672C4B15
S214019CB04FF08042C3F89420002070BD636853B310
S214019CC000F074F9626800EB5203B3FBF2F3013B58
S214019CD01B0243F0F80326782049224A022E1CD0A4
S214019CE0032E1D484FF6FF7521D0012E27D143F0D4
S214019CF00203CD67D36707234367237CE07B0122FA
S214019D009A400C21302313FB001303F18C4303F517
S214019D1020431A6011E0F823DDE743F001034FF614
S214019D20FF70C867D3670C4B05225A67E5E743F017
S214019D300503CD67D367012343670B4BB8E7CD67B0
S214019D40D3670023F8E700BF00400E4600350A003F
S214019D505C3D00208A5400200000084000000844B2
S214019D60004008440000084600400846F8B506468C
S214019D7004460FCE1C4F3D460FC533682B601B4B68
S214019D801B480822C3F8C8200121E8F77DFB194AC1
S214019D9000235367A37BE17A1B0443EA0123217A5C
S214019DA00B4393673B78032B1BD8DFE803F01402C1
S214019DB0080E617B207B00230422E9F741FC217C0D
S214019DC0E07B00230422E9F73BFCA17A607A0123B9
S214019DD00422E9F735FC084B1878BDE8F840FFF790
S214019DE03BBF0120F8BD00BF5C3D002000400E4691
S214019DF000350A00000008408A540020044BD3F8BE
S214019E009430002BBCBF034BC3F88000704700BFE3
S214019E10004008400000084008B5064B06491A688D
S214019E204FF00450920026F03DF9BDE8084000F0DE
S214019E3001BD00BF68ED04006CED040007B501A884
S214019E40E9F758FE134B144AC3F8442148F2E67268
S214019E50C3F838214FF40862C3F834210F4AC3F817
S214019E60A0200F4A4AF63F41916002F580424FF02A
S214019E70C07191620022C3F8FC200A4AC3F89C20F4
S214019E80094B7F225A6203F1007323225A6203B000
S214019E905DF804FB00400840C0E653517A27000FE6
S214019EA000300840806D6303003008440F4B0022E9
S214019EB010B5C3F88820C3F88C20C3F890200C4A4C
S214019EC00121D1605A6812F0706FFBD14FF0045235
S214019ED0DA67012402F5FD52C3F880401A66054B85
S214019EE01B689847044BDC6010BD00BF004008406B
S214019EF0004008468812002000400844034BFD221B
S214019F00C3F8C8200122C3F8CC20704700400E4693
S214019F1038B5FFF7F3FF1B4B1B481C4C1C490222AC
S214019F20C3F8C8201B4B1A6842B102EA0005A542D5
S214019F3004BF5D68156008338B42F4D1164B0222CC
S214019F40C3F8C820154B164AD3F83C111160154AC0
S214019F50C3F8942000F0A2FBFFF770FF124B032218
S214019F60C3F8D820A3F500530122C3F894204FF478
S214019F706072DA604FF04072C3F8F820C3F810211F
S214019F8038BD00BF00400E460000FFFF000008403D
S214019F90B081E00F0080E00F00400E440040084012
S214019FA08C1200200048F0000060084608B5E7F76C
S214019FB029FD044BD3F81031C3F308230133B0FB5A
S214019FC0F3F008BD00400E4070B5044618B1284DA8
S214019FD02268531C00D170BDC2F30063110C35F822
S214019FE0130011F0FE0F93B243EA0043606818D0E5
S214019FF00434CAB2022A216808D9D4E90160033AB6
S21401A000C3E9001698600C340C33F3E704D1626898
S21401A010C3E900120834DBE7012AD9D104341960F8
S21401A020D6E7120F072AF5D8DFE802F00704090D74
S21401A0301013181DC04303F180631860EAE71A681D
S21401A04042401A60E6E703F1C063F6E722F078F9CA
S21401A050E0E70122824003F1C063F2E70122824079
S21401A06003F18063EDE71A6830EA0202FBD1D1E71B
S21401A0704EED0400024B0122C3F89420704700BF46
S21401A08000400846024B0122C3F89420704700BFE7
S21401A09000400844024B4022C3F89420704700BF9A
S21401A0A000400844024B4022C3F89420704700BF8A
S21401A0B00040084608B50C4B1B68D3F8943023B112
S21401A0C01A68022A01D9186A08BDFFF76FFF074B05
S21401A0D01B6D024698B20028F6D0C3F30743D20898
S21401A0E05343B3FBF0F0EFE7C43D002000600840A7
S21401A0F0064B5B68C3F30363984206D1044A936B2D
S21401A10023F0F00343EA01119163704700400840D1
S21401A110001F00211F4B1B68D3F8943070B52BB17C
S21401A1201A680A2A02D91C6C204670BD1A4DAA6DFF
S21401A1306B6DC2F34544C2F3CD010134C3F344163B
S21401A14001FB0444C3F3822103F01F0306FB013322
S21401A1505C4302F00702114B9B5C5C43640004D035
S21401A160FFF724FF7043B0FBF4F4D5F8E43019058B
S21401A17005D513F0FF021CBFE401B4FBF2F41A018B
S21401A180D2D5C3F30A43002BCED0A402B4FBF3F41A
S21401A190CAE700BFC43D00200060084046ED040049
S21401A1A02DE9F0470E4622F0B5F8DFF8B090DFF85B
S21401A1B0B0A0804600251CF055F8D9F80430C3F34A
S21401A1C00363012B07460BD1711C1AD022F0A2F8AB
S21401A1D0A0EB080538461CF049F8AE42EBD80DE076
S21401A1E0052BF1D00B2BEFD0023B012B0CD90136FE
S21401A1F002D022F08FF838461CF038F81648BDE831
S21401A200F0871CF033F8D6E7DAF808301A04C3F3FF
S21401A21089140FD4013602D022F07CF838461CF09F
S21401A22025F824B2A4F1C8006FF4FF739842B8BFB2
S21401A2301846E4E7731C03D022F06CF8A0EB08057F
S21401A2406FEA84546FEA945438461CF00FF814F5FC
S21401A250007FC2D0E6E700BF00FEFFFF00400840D7
S21401A2600070084010F1800F04D04D28DABF32305C
S21401A27040B27F20044BFF229A6103F10073C0B203
S21401A28098610020704700BF007008440B4B0C49D2
S21401A2909A6D70B502F007029E6D8C5C9D6DFFF79E
S21401A2A085FEC6F3CD0606FB0444C5F3454505FB0E
S21401A2B004448001B0FBF4F070BD00BF00600840AC
S21401A2C046ED0400084910B5D1F8703140B11C467E
S21401A2D04A68D1F870319C42F9D1C2F30362027028
S21401A2E003F00F0010BD00BF00400840094BD3F833
S21401A2F0883001F0800103F480030B4309D1064B3B
S21401A3004FF400129A61837F1BB1044B0122C3F8FC
S21401A310F820704700400840006008440060084686
S21401A3202DE9F0411F4CDFF89080069F0646A2FB00
S21401A33003502C1960F1000E9C46A0454FF0000317
S21401A34073EB0E0E07D24FF4B4720E21184603F0CB
S21401A35093FA02201BE00029FBD0C6F3130601EB9B
S21401A3605C04B4FBFCF4A4FB0646E40C44EA463465
S21401A3700D4E34600D4C22600D4A914209D10D4AB2
S21401A380A5FB025302FB00339B093B600020BDE89E
S21401A390F081C4040A46E80444EA55311AF0D6FCB2
S21401A3A03860F3E700C9E876703D0020743D002070
S21401A3B000F049020A3BB2DF0046C32338B5164D0A
S21401A3C02B780C4623B9154B1B6D03F03F032B70FE
S21401A3D0134BD3F894305B051CD5124BB0FBF3F04E
S21401A3E040F24D534343A3F546430C3B584300F517
S21401A3F0C91000F5556028B940F21B322B2103F035
S21401A4003BFA01202B78084A5343B3FBF0F30020B4
S21401A410236038BD0220FCE78E540020003008403F
S21401A4200040084000366E018096980070B5374CA3
S21401A430374B256B374C1B682468ED024CBF1B1944
S21401A4401B1BB3F1804F04D8002B3AD1324E1C4669
S21401A4500AE0B3FA83F4314EC4F10204E340304D0E
S21401A460AB4201D901345B0803EB5605B5FBF6F5A3
S21401A4702C4EB34234BF002601262403013D44EA94
S21401A48086242C430C60D8B1B3FBF0F1642400FBA6
S21401A49011336343984288BF01F1FF314808013800
S21401A4A001390728204D214C4FEA510311D90021CB
S21401A4B029700621C4F894101B0243EA00131360A6
S21401A4C070BDB3FA83F4D4F10204134EC6D500244A
S21401A4D0C5E71029EBD068B1012129700621C4F81F
S21401A4E09410134909780029E6D012490224C1F8CC
S21401A4F09440E1E7012914BF0121002129704FF0A2
S21401A5000601C4F89410ECD1D6E700BF003008402D
S21401A510743D0020703D0020E0673500C0CF6A0022
S21401A5203FBE4025401B5F138B540020004008446B
S21401A5308C54002000400846084B5B6B03F0070074
S21401A540C3F3C20213F0380F18BF5043C3F382128D
S21401A55013F4E07F18BF5043704700BF0030084037
S21401A560034BD3F8380180F01000C0F30010704799
S21401A57000400840174B4FF4002210B5C3F8942052
S21401A580154C164BB0F1804F88BF1C46144BDA6C45
S21401A590D2071DD51B6F134A04F5F42404F59074F5
S21401A5A0B4FBF2F4033CE4B203F00703A34202D087
S21401A5B02046E8F75FFF0C4B1B784BB10B4B4FF473
S21401A5C07022C3F8942003F100732404C3F8944066
S21401A5D010BD00BF00400846E0673500C0CF6A00E6
S21401A5E000300E4040420F008D54002000400844C9
S21401A5F07FB50446E7F742FA1C4B06462C335868EB
S21401A6000093A37922683146FFF78AFE054648BBC8
S21401A610A379012B14BF164916491022C1F8382117
S21401A620206815495843FFF7C9FE03AA02A9304618
S21401A630FFF7FCFE0F4A43F6FF53C2F8A4300C4B5B
S21401A6400299C3F8A4104FF4EE611163039A1A63DA
S21401A6502068FFF78FFF094BA2881A6203F5405363
S21401A66000229A63284604B070BD00BF003008403F
S21401A67000400846004008445030084000000840AA
S21401A68008B5044B01221A70034B1868FFF772FFD6
S21401A690002008BD8D540020743D0020024B4FF46D
S21401A6A08062C3F894207047004008460D4BD3F8EB
S21401A6B00421D3F8B030D2B2FF2A03D043F30743C4
S21401A6C0591C01D190221923074903EBD37302EBDE
S21401A6D06302022381F84630232381F8472081F85C
S21401A6E0453070470081E00F001F0021044A53687F
S21401A6F0C3F30363022B04BF8023936000207047DB
S21401A700004008402DE9F04F384C0A4685B00D460A
S21401A7100021814625F018FDD4F8C83043F06C02BC
S21401A7209A4204D00025284605B0BDE8F08F304B8C
S21401A730DB68D907F6D402F00FFF0028F2D0D4F870
S21401A7401061C6F30826002EECD12A4C2A4BD3F80A
S21401A7501880D4F884300193284B4FF060529A61E8
S21401A76003F100734FF000629A612423C4F8843029
S21401A770234B04221A604FF4804A4FF48053C4F8E6
S21401A78068A0B3466362AB4512D31E4B04221A601F
S21401A790184A019BC2F88430184B4FF060519961FA
S21401A7A008EA010318498B614FF480439366BAE7C0
S21401A7B0226E5204FCD52268D305F9D5C4F868A0E8
S21401A7C00136D4F888200392012EDCD9A5EB0B07BD
S21401A7D0042FA8BF04273A4609EB0B0003A95F44E0
S21401A7E025F060FC1FFA87FBCDE700BF00400E4056
S21401A7F0004008400000084000600840006008442F
S21401A800004008460040084400600846074BD3F85D
S21401A810D8304FF604014FF605029BB28B4208BFB3
S21401A8201346034A01209365704700BF0081E00F7D
S21401A8300050084070B5194C0FCC86B001AD0FC55D
S21401A840C822236816482B60002125F07DFC7C2257
S21401A8500021144825F078FC134B144AC3F8F02065
S21401A860FFF724FF124B1B782BB101AD0FCD0B4E1A
S21401A8700FC62B6823600F4B0F4AC3F8DC2F0F4A15
S21401A880C3F8E02F0E4AC3F8E42F02F1957202F2E4
S21401A8907112C3F8E82F06B070BD00BFC81F0021B3
S21401A8A0381F0021BC1E0021001F00213F00370079
S21401A8B082540020001000210200620209C80578B7
S21401A8C00708DC060A4B197801F0FF0229B10021BE
S21401A8D0197008499202C1F8A020597801F0FF02C8
S21401A8E029B1002159709302024AC2F8A430704778
S21401A8F08F54002000000846074BD3F8E40E074BA0
S21401A900D3F88C301A0103D4054B1B6E1B0401D5FA
S21401A91000F58070704700BF00100021004008401D
S21401A9200000084008B51BF09DFC0F4B1A78B2B921
S21401A9300E4A126812F4843F11D10D4A1021C2F852
S21401A94094101B786BB9094B1B68DB0509D4084BBF
S21401A9502022C3F89420BDE808401BF087BC054AB6
S21401A960ECE7044BF4E700BF93540020481900209D
S21401A970004008440040084610B51BF073FC0E2149
S21401A98004460320FFF7B4FB044B40F201222046A5
S21401A9905A62BDE810401BF069BC00BF00000840C9
S21401A9A0044B00221A70044B197811B11A70FFF784
S21401A9B0B9BF7047925400209354002008B51BF08D
S21401A9C051FC244B4FF08052C3F88020BFF34F8FC9
S21401A9D0BFF36F8F4FF48072C3F88020BFF34F8FA1
S21401A9E0BFF36F8F0222C3F88020BFF34F8FBFF3F0
S21401A9F06F8F1022C3F88020BFF34F8FBFF36F8F86
S21401AA002022C3F88020BFF34F8FBFF36F8F4FF024
S21401AA100052C3F88020BFF34F8FBFF36F8F8022A1
S21401AA20C3F88020BFF34F8FBFF36F8F4022C3F868
S21401AA308020BFF34F8FBFF36F8F4FF00042C3F8F4
S21401AA408020BFF34F8FBFF36F8FBDE808401BF028
S21401AA500DBC00BF00E100E008B51BF003FC0D4B88
S21401AA604FF080521A604FF480721A6002221A6008
S21401AA70002283F8012310221A6020221A604FF068
S21401AA8000521A6080221A6040221A60BDE808400F
S21401AA901BF0ECBB00E100E070B5084C012323700D
S21401AAA0074B1E68074BD3E9005332401940284034
S21401AAB001F0A4F90023237070BD00BF915400205B
S21401AAC07C3D0020481900202DE9F047DDF820A044
S21401AAD003EA0108099B06460D4602EA000703EA57
S21401AAE00A09BAF1000F40F04981031F0B4300F039
S21401AAF00F81052871F1000380F0E38050EA01031D
S21401AB0000F05C81431E0B4300F01D81FFF756FFEA
S21401AB10AB4AD2E9004323EA050324EA06043C4390
S21401AB2043EA0807A74BA84D1E68DFF8EC8226EA21
S21401AB300A0646EA09061E60C2E90047FFF7F2FE6A
S21401AB4014F02A4F14BF48F202034FF40043B00733
S21401AB509E48C26E48BF43F4005383EA020122EACC
S21401AB600302EA669A4A81660B40D366C4F38042C2
S21401AB701203210348BF42F48072E30648BF42F441
S21401AB800052A50648BF42F4007260069148924DF5
S21401AB90D0F80C3248BF42F48062210648BF42F426
S21401ABA0006282EA030123EA0203C5F80C328B4BEA
S21401ABB0C0F808120A40C7F34025AD04C3F80C22BA
S21401ABC0E20448BF45F48035A30348BF45F4801529
S21401ABD0A00748BF45F4001514F4001F06D0D8F8A6
S21401ABE0000021F013FE08B945F40025E1027C4976
S21401ABF07C4848BF45F40035FA0648BF45F4800551
S21401AC000A6A730748BF45F0040585EA020323F084
S21401AC1001031A4002621D40CB61734B73481D62EB
S21401AC20734B744A16F0010F18BF1A46836E7D07E0
S21401AC3048BF42F40012704D82EA030123EA020380
S21401AC40AB666E4B41660A4000F500509A66C16BD2
S21401AC5004F0010305F5005581EA030221EA030128
S21401AC60E96382631A40664BDA63D8F80020200253
S21401AC7048BF644B92F8E92058BF634B610748BF51
S21401AC8043F4806322B114F4C06F18BF43F4807399
S21401AC905E485F4CD0F8EC10320748BF43F00043E3
S21401ACA083EA010222F4A0221140C4F8EC101340FA
S21401ACB0C0F8E820574ABDE8F047C2F8EC30FFF785
S21401ACC0CBBEA0F580630B4306D020F48063A3F5CA
S21401ACD000730B437FF41AAF1BF0C4FA3849D1E96D
S21401ACE0003223EA060322EA050242EA08023B434F
S21401ACF0C1E90032484A126892F8E9200AB313F40F
S21401AD00C06F1ED0434B4FF48072C3F8EC2014E0A2
S21401AD101BF0A8FA2A4AD2E9003123F004033B4388
S21401AD2041EA080157EA0807C2E9003114BF394A67
S21401AD30374A4FF48063C2F8EC30BDE8F0471BF0A9
S21401AD4095BA334BDFE71BF08DFA1D4AD2E9003185
S21401AD5023F001033B4341EA0801C2E900312F4ACF
S21401AD6057EA08074FF0010315BF93632C4902F118
S21401AD70C062CB6314BFD3639363DEE750EA01037B
S21401AD807FF4C4AEBAF1010F7FF4C0AE1BF06AFACD
S21401AD900C4A136823F0010343EA09031360134ABC
S21401ADA04FF48063B9F1000F04D0536602F1C0621C
S21401ADB09366C2E710498B665366BEE7BDE8F08727
S21401ADC0481900207C3D002000000844000008408F
S21401ADD0000008460060084000600844006008461D
S21401ADE00040084000400844004008460050084023
S21401ADF0041C500004185000005008440050084637
S21401AE00007008460D0A0A09090A0A0900100840D6
S21401AE100010084400100846C43D00200070084099
S21401AE2000700844024B5868C0F3C000704700BF6A
S21401AE3048190020024B186800F00100704700BF57
S21401AE4048190020024B5868C0F3C030704700BF55
S21401AE504819002010B50446FFF75AF8FFF7AEFD73
S21401AE6004F14C0002F02EFEFFF720F8FEF76EFB11
S21401AE70FEF7DAFB03F0BCF81049114AD1F8F810D6
S21401AE80072304F1A40003F0EFF84FF4400100207B
S21401AE90FEF732FD4FF400110120FEF72DFDFFF7FE
S21401AEA0B5FC20B940F2E722142102F0E5FCFFF7D9
S21401AEB0E7FBBDE810400120FEF7CEBE001F0021D3
S21401AEC06C1F0021084B8022C3F8882003F17E43C3
S21401AED00822C3F88820054AD2F8BC3E23F0200396
S21401AEE0C2F8BC3E704700BF004008460010002173
S21401AEF008B51BF0B7F9FFF7E5FF034B01229A608F
S21401AF00BDE808401BF0B2B900400840F8B5194C3E
S21401AF1005462078B0FA80F040F206423E2140090C
S21401AF2002F0AAFC55B96078B0FA80F0BDE8F840A6
S21401AF3040F206423E21400902F09EBC0E4F0F4DE4
S21401AF40D7F8A0304FF44066C3F381232370C5F8C9
S21401AF50A0606078B0FA80F040F206423E214009D7
S21401AF6002F08AFCD7F8A430C3F381236370C5F8D6
S21401AF70A460F8BD8F54002000000840000008447B
S21401AF80F8B50B4C0B4DD4F888300B4F0423C5F89D
S21401AF908830D4F888305B0300D4F8BD0426C7F89F
S21401AFA08860022021F0CCF9C5F88860F1E700BF7F
S21401AFB00040084000400846004008441C4B70B55D
S21401AFC0D3F888601B4D03F18063A822C3F888205C
S21401AFD010221A60184A194B93666B66FFF772FCCB
S21401AFE0174B1B7813B90320FEF752FB00242C677E
S21401AFF0FFF7C6FF134A144BD2F8E41E0B40C2F803
S21401B000E43E124B0422C3F88820114BB206C3F863
S21401B010C44008D503F580739B6CB3F5817F22BFCE
S21401B020034B80229A60BDE8704001F0A3BE00BFCA
S21401B030004008400050084000500844100000023C
S21401B0409654002000100021DF0000FF0040084455
S21401B050001E002110B549B918B3144A53681B0ED7
S21401B06013F00E0F1DD113689A061AD4FFF784FC4D
S21401B0700E4C0020FFF726F9032801D0092806D137
S21401B080D4F88C30DB03F4D4636F0C2BF1D9FFF7C3
S21401B09077FF074B0122DA6003F17E430422C3F8EF
S21401B0A08820044B4FF4C0625A6210BD004008402D
S21401B0B0004008460060084408B503210920FFF750
S21401B0C017F8024B20229A6008BD00BF00400840D6
S21401B0D038B505461BF0C6F8044602F0AFFC35B19C
S21401B0E0FFF75EFC2046BDE838401BF0BFB8084BB2
S21401B0F01B78002BF6D0074B1D78002DF2D1FFF7F9
S21401B1004FFC2A464FF480400021FFF7C5FCE9E7D3
S21401B11092540020915400202DE9F84F564B0646D4
S21401B120D3F888300D461446002A40F0A28013F06A
S21401B130A00F14BF4FF001094FF00009DFF854814A
S21401B1404E4F01F017FEA023C8F888300320FEF703
S21401B1509FFA0420FEF79CFA4FF0000AFFF720FC46
S21401B160474BFB66C7F870A0FFF70AFF454BD3F8BD
S21401B170BC2E42F02002C3F8BC2EFF22C8F80020E5
S21401B1803D4A4FF480719160D3F8E42E3E494FF06A
S21401B190040B1140C3F8E41EC8F888B0C3F8C4AE67
S21401B1A0FB6813F0060F04D0FEF730FC5846FEF796
S21401B1B06FFAB9F1000F08D0344B4FF40062C3F8B0
S21401B1C08820334B4FF400425A6666B1304B5B6CB5
S21401B1D0180701D4FFF7D0FBFFF76EFF0420FEF738
S21401B1E057FAFFF76FFB244BDA68D1073FD55A6849
S21401B1F012F0706FFBD1274B274AC3F88820274AE5
S21401B200936B23F0F003936315B12046FFF760FFBD
S21401B210234BD3F8B4305A1C01D05B0002D51D4B2A
S21401B2200122DA601CB31A4BDA6E9A66124A136A66
S21401B23023F00103D3611B4BD3F80C22C3F8082279
S21401B240A3F54053DA6F9A67A3F50053D3F8EC20C1
S21401B250C3F8E82003F5C043DA6B9A63A3F50053FD
S21401B260114A5A660B4B4FF60842C3F88820BDE8D0
S21401B270F88F4FF0000961E7004008400050084091
S21401B2800000010100100021DF0000FF0040084619
S21401B290000008400040084410003000001F002154
S21401B2A00081E00F006008405000F0029A4B196ED2
S21401B2B0DA6E2DE9F04F01EA0209C3F8689003F54A
S21401B2C0805385B0D3F8E060D3F8EC201640C3F87D
S21401B2D0E86003F5A043D3F80012D3F80C2201EA84
S21401B2E0020AC3F808A2A3F5005359691A6A01EACB
S21401B2F002088A4A08EA0202DA61894BD3F8002278
S21401B300910006D4D3F800319A00C3F3407740F198
S21401B310E1801AF0A7FF834BDA68DF6D12F0060FA3
S21401B3209A6E07EA020727F4800222F4006214BF2D
S21401B3304FF0010B4FF0000B5A667B0704D57A4A93
S21401B340537D0133DBB253751AF090FFB9F1000F4C
S21401B35000F0DF8019F4004427D01AF083FF01467D
S21401B360FFF7CAFA6F4D0446AA69AB699A42FCD048
S21401B370AA699342FCD0FFF7BFFAA04240F0AC8026
S21401B38008461AF073FF694B1C60694BD3F8885066
S21401B39015F4E05240F0A28024F07F4424F0DF044C
S21401B3A00CB9FFF70BFE4FF0807419F0020F4FF047
S21401B3B0000516D05E4B5F49D3F8883003F460422F
S21401B3C0C1F88820002A00F09E801D0400F19E80AE
S21401B3D013F4005F0CBF4FF000534FF000631C43A3
S21401B3E00025C9F340394FEA4909534B3340002B36
S21401B3F04AD016F4206F0AD040F60F02062100202C
S21401B40002F03AFA0020FFF763FE26F48026F005E4
S21401B41006D5484BFF221A6044F4C064FFF7ACFA25
S21401B42016F0090F0AD040F624020821002002F087
S21401B43023FAFFF741FE414B01229A6216F0106F84
S21401B4400CD040F62D020921002002F015FAFFF774
S21401B45033FE00221146104602F0C8FA16F4202FD9
S21401B4600AD040F635020721002002F005FA002036
S21401B470FFF72EFE26F48026F10301D502F006FC26
S21401B480002EB8BF49F0080972070DD52B4B5B6A31
S21401B49013F4005F14BF2A4A2A4A4FF400531ABF16
S21401B4A0536244F400045362730548BF44F0040435
S21401B4B016F4802600F0AA8002F0B2FB01380628B6
S21401B4C042D8DFE810F021012401210127012A01D9
S21401B4D02D012D01BB4639E7044645E70192FFF7EA
S21401B4E06DFD144B019AC3F8882015F4805307D1DB
S21401B4F015F4806F0CBF4FF080544FF0806454E712
S21401B5004FF0804451E74FF0007368E74FF0004377
S21401B51065E74C464D4668E7000008400000F7FF27
S21401B52000E100E000500840803D0020783D00200A
S21401B5300040084000400844090B0B8900100840F1
S21401B540001008440010084640F666020321002059
S21401B55002F092F97C4A136ED2F8800003F00703DA
S21401B5600633012101FA03F3C0F30C001B1A9BB248
S21401B570072B13D9754BD3F8883058020ED474486C
S21401B580136B126DC06C58B103F007030633994074
S21401B590C2F30C03C91A89B2072901D844F400740E
S21401B5A06C4B1B78002B31D0674BD3F8E03013F48B
S21401B5B0A02F2BD1684B694A1B7893B9FB0410D492
S21401B5C0137873B1E308664943EA457383F00103D0
S21401B5D0D1F8E41E03F001035B0021FA03F3980798
S21401B5E014D10420FEF754F85E4B5F49D966FFF785
S21401B5F0D7F95A4A13782BB95C4B5D4A1B6823402E
S21401B600134201D144F4804427F48057BAF1000F65
S21401B6101DD01AF4805F18BF44F480241AF4807F8A
S21401B62018BF44F400241AF4005F18BF44F0100455
S21401B6301AF4007F18BF44F020041AF4806F18BF74
S21401B64044F040041AF4006F18BF44F08004B8F1C7
S21401B650000F3BD018F4802F18BF45F4007518F47E
S21401B660803F18BF44F4805418F4801F18BF44F478
S21401B670003418F4001F18BF44F0020418F4003F09
S21401B68018BF44F4801418F4800F18BF45F0100555
S21401B69018F4002F1AD0324BD3F8BC3E13F0C00F6B
S21401B6A014D02A4B5A68C2F30362032A01D0072A30
S21401B6B007D1D3F88C20D10603D4D3F890201207F3
S21401B6C031D54FF40022DA6128F40028002F00F06B
S21401B6D00D81380540F18180264ADFF888A0D378AD
S21401B6E0002B4DD0013B4FF40061DBB2CAF8641069
S21401B6F0D37033B9204B1B78C3B1204B40F60142BF
S21401B700DA660023002266E044F4803422E744F43B
S21401B71000641FE744F480641CE744F4807419E76E
S21401B72044F0080416E744F40014CFE7DAF8703062
S21401B73013F4A05F15BF4FF4807340F60143CAF8B7
S21401B7405030CAF87030DCE700100840004008406E
S21401B7500000084093540020925400209454002086
S21401B7600010002100500840000001014819002087
S21401B770088D01008554002096540020005008468C
S21401B7800320FDF785FFDAF80C30A848A84913F026
S21401B790060F02BFA74B41F61F72DA664FF400632D
S21401B7A0CAF86430DAF80C3013F0060308BFCAF89A
S21401B7B07030C38A13F4006260D023F40063C3823E
S21401B7C00B7803F0FF0A002B5CD1FEF71FF9FFF799
S21401B7D0F5FB534620221C431543B9010BD52E20F9
S21401B7E0FEF70CFB934A4FF00073936602F17C421E
S21401B7F045F008055366FA0608D52B20FEF7FEFA33
S21401B8008C4A1023936602F17C42536617F4E00FCC
S21401B81005D1FB045ED5BBF1000F00F0AC80B80289
S21401B82010D52920FEF7EAFAFFF7FCFA40B1824963
S21401B830824A834B53668B6682494968490424D4FD
S21401B84045F0040517F4800BDFF8F0A129D0042099
S21401B850FDF71EFF2720FEF7D1FAFFF7AFFB4FF4E7
S21401B8608003CAF86430784BD3F8E42E50067CD4B3
S21401B870764B02221A6045F0020528E00B784FF459
S21401B8800053A8E74FF400433CE76A4920208B6643
S21401B8905366FEF7B3FA2D2045F00C05FEF7AEFA17
S21401B8A0D0E7FA024CD50420FDF7F2FE2820FEF779
S21401B8B0A5FADAF87030002B3FD1FFF77FFB5D4A1F
S21401B8C05F4B936602F17C4245F0010553665B4B84
S21401B8D000221A657B0509D55D4A9378002B00F096
S21401B8E09880013B9370002349EA03094A462046A3
S21401B8F02946FFF7D1F80EB102F0BAF918F4002F75
S21401B90000F08C804F4B4FF40022DA6118F0206F64
S21401B91000F0888018F0007F01D0FDF767FC18F072
S21401B920006F01D0FDF77EFC002200204FF400617D
S21401B93005B0BDE8F04FFFF7AFB8CAF870B0BEE784
S21401B940FB04C4D50420FDF7A3FE424BCAF86C30B5
S21401B950FEF75CF8DAF85C3013F4A00FB7D12A20B2
S21401B960FEF74CFAFFF72AFB7DE7D3F8BC3E9906B3
S21401B97081D4394B7DE7364A13794BB1013BDBB2B3
S21401B980137113B92C4B354ADA6600231C43A1E721
S21401B9900420FDF77DFE0320FDF77AFE274B2D4A96
S21401B9A0DA661AF05FFC82460DF10F00FEF78AFC9C
S21401B9B02B4B1B7883460BB1FEF7DEFFBBF1030F63
S21401B9C00ED1DFF880B00020FEF77CFC032807D1FB
S21401B9D0DBF88C30DA03F6D4DBF874300C2BF2D9B2
S21401B9E09DF80F30032B06D11E4B012250461A70CC
S21401B9F01AF03CFCC9E71C4BD3F8E03013F4A02F37
S21401BA00F2D1FEF7CDFF50461AF030FC4FF48043DA
S21401BA10BCE70220FDF73CFE012365E7B8F1000F05
S21401BA207FF474AF05B0BDE8F08F00BF803D002005
S21401BA309654002000500844005008460050084024
S21401BA401000000200400840001000210040084499
S21401BA508554002000000101004008460000010D49
S21401BA60955400209254002000100840014B1B689A
S21401BA70184700BF9C120020034A0123136202F1FB
S21401BA807C42D361704700BF004008440B4B10B5A1
S21401BA905C691A6A1440A2B2DA61E20704D55868F2
S21401BAA0C0F30360FFF7E8FF630706D5BDE8104063
S21401BAB0042200200021FEF7EFBF10BD0040084021
S21401BAC00C4A08B5136BD16B0B409363DB070FD59C
S21401BAD0094B187840F6AC22122100F0010001F063
S21401BAE0CBFEBDE80840002201200021FEF7D4BFAE
S21401BAF008BD00BF0070084048190020044BDA6FEB
S21401BB00D207FCD41A6FD96F0A409A67704700BFF4
S21401BB100030084070B50D4614461AF0A3FB064BDC
S21401BB20D3F8BC6E74402C407440C3F8BC4E1AF077
S21401BB309DFB05EA060070BD00100021034BD3F8FB
S21401BB40BC3E99430CBF0120002070470010002125
S21401BB502DE9F04117460A43012A9DF818409DF841
S21401BB601C60DDF820801D4629D8B44227D2082E55
S21401BB7025D8032B23D8B8F1000F20D00A46002180
S21401BB8001F060F8EB00FF219940DFF838C0C943A7
S21401BB9008F1FF38FF00E2B2964202D80020BDE865
S21401BBA0F0813D190CEB850518F8010FD5F8EC204E
S21401BBB098400A401043C5F8EC000134EBE7012039
S21401BBC0EDE700BF001E002109490A4AD1F8EC0042
S21401BBD010B504230124C2F8EC308C624FF40051F6
S21401BBE05162410744BF02F10072C2F8EC3010BD49
S21401BBF000100840001008442DE9F7438E780F2EF8
S21401BC0080460C4603D9012003B0BDE8F08326B96F
S21401BC1001232E4A00201370F6E70D7891F8019063
S21401BC20002D3BD1B9F1000FEDD194F90310E08856
S21401BC30FDF7E8FF0128E6D055EA0903A088244F5E
S21401BC4032D1FDF701FF23498A6D4FF6040583B211
S21401BC5092B24FF60500AA4208BF02463A8008256E
S21401BC60802201278F658A672A461A4903B1013B5C
S21401BC70013ECB62F6B200230193009601232946CA
S21401BC8008F1A400FDF720FF1FB1134B4FF48012FB
S21401BC90DA64124BA2681A600223BAE7082DB2D8FA
S21401BCA0B9F1080FAFD8C0E7FDF7CEFE3A884FF6D8
S21401BCB004039A421EBF07498A653B80A9454A4646
S21401BCC083B238BF2A460027CFE700BF975400202B
S21401BCD02216002000500840005008469C3D0020D7
S21401BCE00C4BD0F8C42010B5C3F8C020027C044623
S21401BCF0120202F400624FF40061FFF70BFF237C8F
S21401BD0013F0080F14BF044A044A4FF40073C2F834
S21401BD10883010BD001E002100400846004008443F
S21401BD2037B5204D0C4641B90A460721FFF7F2FE0A
S21401BD301D4B2C635C6003B030BD07221146FFF734
S21401BD40E9FE1A4B07225A60237985F83030637969
S21401BD500193012101A820F013FF019BC2B2D34039
S21401BD6000F00F0040EA031085F83100A27985F84B
S21401BD703220E27985F833202068686383B102882F
S21401BD8001218B4205D82379013B1344084A93616C
S21401BD90D1E730F81150AA4228BF2A460131F0E710
S21401BDA01A46F0E7001F0021301F0021000008445A
S21401BDB000000840431C07D0044B6FF0FF029A6155
S21401BDC003F1007310409861704700BF007008448B
S21401BDD000F01803182B0AD003070AD410F010003D
S21401BDE040F2011318BF1846034BD8647047002071
S21401BDF0FAE70120F8E700BF001F0021344B2DE9C8
S21401BE00F7431E6801F4007900F00103174653EA70
S21401BE10090205460C462ED04FF0000803B3002356
S21401BE20002201200021CDE90088FEF74DFE4146A3
S21401BE303046FEF7B5F941467083012001F092FBCA
S21401BE40716B06F1A400FEF751FA22490868FFF764
S21401BE50B1FF4FF0FF330B60337C43F004033374C0
S21401BE60B9F1000F07D00121304620F08BF924F4F8
S21401BE70007405430C43D6E93E232A40234052EA88
S21401BE80030103D01449304609688847FB070FD5DC
S21401BE901249134A0868136800211160114A0121EA
S21401BEA0117003B19847104B00215B680220984738
S21401BEB017F00E0F08D040F2F3123B21002003B01A
S21401BEC0BDE8F04301F0D8BC03B0BDE8F08300BF85
S21401BED0C43D0020A0120020A4120020AC3D00208A
S21401BEE0B03D00209A5400207C120020044B1868B4
S21401BEF0830654BFC0F30F204FF6FF70704700BF94
S21401BF00783D0020F7B50446D4E93EC71046DDE982
S21401BF1008268CEA020587EA06010540194085EAEB
S21401BF200C057940C4E93E5123F4004106EA0103B9
S21401BF3020F00100002543F40073024043F00203A1
S21401BF40CDE90055FEF7C0FD237C9A0717D5D4F836
S21401BF50FC309B0513D54FF48811204620F012F9CA
S21401BF60237C65F341032374D4E93E2302400B404E
S21401BF7052EA030103D00349204609688847002096
S21401BF8003B0F0BDA412002038B10368044A002BA8
S21401BF9008BF1346034A13607047014BFAE700BF18
S21401BFA013C40300A4120020024B986B00F00F008C
S21401BFB0704700BF001F00210F2938B505460C4603
S21401BFC00ED801F0DFF801280CD1074A936B23F055
S21401BFD00F0323439363284620F0F5FB002038BD6A
S21401BFE00120FCE70220FAE7001F0021014BD86B75
S21401BFF0704700BF001F0021014B0020D963704726
S21401C000001F002103282DE9F7434CD8274B13F8CE
S21401C0100080274B1E5C274B13F800901AF022F97C
S21401C0200746FEF707FF054640B10023CDE900337A
S21401C0300022002301200021FEF746FDFEF702FF45
S21401C04048B10023CDE900330022002300204FF43D
S21401C0500041FEF739FD26B3174B5C6C04F008046B
S21401C060164B31465C644046FEF7F4FF4A463146BD
S21401C0704046FFF751F8124B5C6465B1114B1868E6
S21401C080416BA430FEF732F90F490868FFF792FEBC
S21401C0904FF0FF330B60384603B0BDE8F0431AF0AB
S21401C0A0E5B83446DCE703B0BDE8F0835AED04009A
S21401C0B056ED040052ED040000000840000008445C
S21401C0C000000846C43D0020A0120020104AD2F805
S21401C0D0883013F0A00F16D1D2F88C0010F00400AF
S21401C0E013D10C4BD3F8E43E23F07F4323F0FF0338
S21401C0F05BB15368C3F30362092A07D0B2F10C009F
S21401C10018BF01207047002070470120704700BF0C
S21401C110004008400010002170B50D46064620B9C3
S21401C120194B1B68A3B1032011E001F02BF801287D
S21401C13028D1164B93F90040C4F11C04641BC4F1CA
S21401C1401C03002BB8BF5B42232B0CDD012070BD06
S21401C15081EAE173A3EBE173DBB2232BF6D80B4B39
S21401C16019700020F3E7B5741AF07CF8084A536991
S21401C170E40223F4FF2304F4FF241C4354611AF061
S21401C18075F8EEE70220E2E7C43D0020985400204F
S21401C1900070084018B9034B93F90000704790F9F6
S21401C1A0120070479854002008B5FFF799FD1AF061
S21401C1B059F8074AD2F8BC3E23F02003C2F8BC3E29
S21401C1C01AF054F8034B02221A60002008BD00BF83
S21401C1D0001000210040084690F8C23053B9074BC2
S21401C1E0DA69920208D49B6F13F4706F14BF0120B2
S21401C1F0002070470020704701207047006008400B
S21401C200F8B5436B02EA010523EA01032B434363B6
S21401C210344A01F00B030C4623EA0501516402F18E
S21401C22000722B4061070646536411D50121FFF7C2
S21401C230D3FF68B1FEF7A4FE15F0040F14BF2A4A17
S21401C2402A4A4FF40073D361294B0422C3F888208D
S21401C250E20606D515F0100F264B14BF00221B224E
S21401C260DA6423061DD52F0616D51F4B4FF4001290
S21401C2709A6103F17E430122C3F8F82019F0F2FF18
S21401C2800E2107460320FDF733FF1A4B40F2012229
S21401C2905A62384619F0EAFF294606F1A400FEF76D
S21401C2A025F8E00503D5E90516D5FDF7EBFEA20551
S21401C2B003D5AB0513D5FDF7F5FE14F0600F09D0D5
S21401C2C0D6F89410304620F0A5F80B4B98640B4B2B
S21401C2D080229A600020F8BDFDF7CCFEE7E7FDF767
S21401C2E0D9FEEAE7000008440060084600600844FA
S21401C2F00040084400000840001F0021004008409C
S21401C300014B1868704700BFA83D002037B50123D0
S21401C31000240022CDE90034002310461946FEF71A
S21401C320D3FB0220FDF7B4F9054D064B21461C60F0
S21401C33002206B6898472B6803B0BDE83040184769
S21401C3407C120020B03D00202DE9FF410229039018
S21401C3500C461546984605D1FFF7D8FF002004B0D5
S21401C360BDE8F081194E19F07DFF336807463BB1F1
S21401C370AB4205D019F07AFF002333600120EEE7C7
S21401C380134B3560C3F8008001230022CDE900334A
S21401C390002310461946FEF797FB0E4B0025022098
S21401C3A01D70FDF775F922462B4603A90220FDF7FD
S21401C3B08DF9094B039A1A60084B1B680446984787
S21401C3C0384619F053FF002CC8D1D5E7B03D002000
S21401C3D0AC3D00209A540020A83D00207C1200208D
S21401C3E0044BDB6D5B055ABF034B1878012000F048
S21401C3F001007047005008409A540020014B98698C
S21401C4001FF0ABBF00600840014B98691FF0BBBF2F
S21401C4100060084070B50E4619F024FF054600F08E
S21401C420D5FE044620B1284619F020FF204670BDEF
S21401C430FEF7A6FD114B3278D3F8E43E022A23F02C
S21401C440F00316D0101F42424241520043EA021343
S21401C4507278022A0FD0111F4A424A41520043EA1B
S21401C4608213064AC2F8E43E054B0422C3F888202C
S21401C470D9E70122EAE70122F1E700BF0010002117
S21401C4800040084470B50E4619F0ECFE054600F073
S21401C490B5FE044620B1284619F0E8FE204670BDD8
S21401C4A0FEF76EFD104B3278D3F8E43E022A23F0F5
S21401C4B00F0315D0101F42424241520013437278B7
S21401C4C0022A0FD0111F4A424A41520043EA820310
S21401C4D0054AC2F8E43E054B0422C3F88820DAE791
S21401C4E00122EBE70122F1E7001000210040084499
S21401C4F0F8B50E7890F8D070044630460D46FCF735
S21401C500C3FC002844D094F8D030B34208D1AA889E
S21401C510636C9A4204D16A88B4F8D2309A4235D014
S21401C52084F8D060AB88A4F8D4306B88A4F8D230F5
S21401C530AB886364FF23637530461FF0B2FE04F1D7
S21401C540D00520752846FCF783FF10BB2846FCF76C
S21401C55091FCF0B9D4F8903053B194F8D010B942A8
S21401C56006D0B3F912202046E7F778FB84F8D90005
S21401C5702046FCF76FFE0949A4F8D400084AD1F812
S21401C580F810012304F1A40001F06EFD0020F8BDAF
S21401C59001200E2384F8D030F9E700BF001F0021E8
S21401C5A06C1F002170B5054690F8D0000E280C4689
S21401C5B01DD0FF291DD01AB10F4B4FF0FF321A6064
S21401C5C01FF06FFE064695F8D000FCF707FD844283
S21401C5D028BF0446E4B2B44238BF3446E0B26875B8
S21401C5E0FCF798FDA0F1FF035842584170BD0220A8
S21401C5F0FCE70120FAE700BF84120020C36B012B81
S21401C60001D10020704770B5364BD0F89060D3F852
S21401C610F830C0F8943086B03146058B04461FF0DA
S21401C620D7FEB3898DF80600D6E90121EB1A9BB235
S21401C63001FB032268460021ADF804300092FDF7A5
S21401C640D7FF38B9284B228BDA63FCF7CFFE20B12F
S21401C65006B070BD022006B070BD227C60F34102B8
S21401C66022741FF078FED4F890305969431EDBB26D
S21401C67009680291FD2B02460BD9CD1C09D91B4B2B
S21401C68001311B680CD0D81C07D802A9204602939A
S21401C69001E002A920461FF0D9FD002006B070BDBA
S21401C6A0D91C04D802A9204602931FF0CFFDD4F866
S21401C6B0FC309B0504D4237C43F002032374ECE78F
S21401C6C04FF4803120461FF05DFDD4E93E23024041
S21401C6D00B4052EA0301E0D0054920460968884725
S21401C6E0DBE700BF001F0021003008408C1200204D
S21401C6F0A412002038B505460C4641B120F01FF8BB
S21401C70028B14FF400312846FFF718FA04342046C2
S21401C710FDF79AF9024B4042C3F8D40E002038BD0B
S21401C7200010002170B54C30814214BF0C46002425
S21401C730164619F097FD0D494A684FF49C53C2F30B
S21401C7400362D340DA07054603D5D1F888309B0348
S21401C7500AD420460122314601F048F9044628460B
S21401C76019F084FD204670BD0324F8E70040084018
S21401C7702DE9F74F06461546084619B9012003B0BC
S21401C780BDE8F08F002AF9D0032904D8002101F072
S21401C79091FA0028F2D082780488037990F805B0DF
S21401C7A0C788B0F90000002802F00701C0F2D18066
S21401C7B0A1F1070CDCF1000040EB0C000529287301
S21401C7C08CBFC2F300100020C2F3801C687390096E
S21401C7D085F810C000F00200C2F3C00C40EA0C005D
S21401C7E0C2F340126874AA74AF820BB996F8CA30C5
S21401C7F0013BDBB2EB74736BD80600F19680063909
S21401C800012900F29280544BDB6C544B5A6B1B6B24
S21401C81003F0070306334FF0010909FA03F909F19A
S21401C820FF39083C42F0005804EA0904002318F8CE
S21401C83004A0AB60013404EA0904631D03EA09039A
S21401C8405A1C02EA090218F8037018F80220BAF115
S21401C850800F47EA0227727C18BFAAF1320A3BB260
S21401C86014BF4FFA8AFA6FF07F0AC7F30B079AB321
S21401C8700020D6F89C300BB151469847631C03EA5A
S21401C8800903E87385F80EA018F80310013303EACC
S21401C890090318F80320013303EA090341EA0221D8
S21401C8A018F80320013303EA090341EA024118F8A4
S21401C8B003006A7C002341EA0061304601F0A2FCD5
S21401C8C02860737C042B03D1022FDCBF0130286063
S21401C8D00423AB71002052E7D90422D5D6F8942060
S21401C8E09AB11368022B10D992F82400FB0008B104
S21401C8F0B3FBF0F39B45BBD8002BB9D0CBEB0B2099
S21401C900B0FBF3F0C043C0B2B3E730461FF0FBFD07
S21401C910019030461FF0E7FD019BB3FBF0F0C0B27B
S21401C920E4E718F804004000EDE70023EB730C4B36
S21401C930DA68C2F30723120448BF63F0FF035AB252
S21401C94012F1800F1CBF323B5AB20023AA732B6030
S21401C950BFE7022013E700BF0000084000100840B0
S21401C9600070084038B58D880C461FF0CCFDEB00F2
S21401C97080B1B3F5803F0DD8074A430902FB053362
S21401C98022680009B3FBF0F31A4407232260A3715F
S21401C990002038BD0220FCE720A1070070B50A4B35
S21401C9A00A4DD3F8EC604FF48064C5F8EC400020E3
S21401C9B0FEF78EFB4FF400536B65730544BF044BC3
S21401C9C0C3F8EC4070BD00BF0010084000100844DA
S21401C9D00010084611F5004F1FBF01F30E01044B6E
S21401C9E0C1F30E01002014BF19640120704700BF77
S21401C9F000300840F8B504460E4641B9037C5A0695
S21401CA0041BF4FF6FF7261F38613828303743C4B7A
S21401CA10D4F894701B680BB120469847394BA18B0C
S21401CA20D3F8842012F4E05F04BF2022C3F810225A
S21401CA304FF6FF73994204D0334B1B680BB1204667
S21401CA409847324DD4F894102A68914207D0204670
S21401CA501FF0E0FC2E4B98642E4B80209860974286
S21401CA6045D02D4B1B684BB11FB13A68002A40D008
S21401CA70BF68394620469847D4F8941008461FF0F8
S21401CA80E1FC30B3254901F06DFA07272046FCF793
S21401CA90E1FB16B3224B94F9122093F90030214999
S21401CAA0D4F89400C3F11C039B1A4A69DB0222F4F2
S21401CAB0FF2203F4FF2313431B4A4B611B4B2860E1
S21401CAC006211167204601221A701FF07CFE002005
S21401CAD0F8BD20461FF0EBFED4E70D4B0F4AD3F806
S21401CAE0F81004F1A4003B4601F0BEFAD2E7012794
S21401CAF0CCE71746394620469847D4F89410BDE748
S21401CB00B83D002000600840A43D0020983D00206C
S21401CB10001F002100400840A03D00206C1F00219E
S21401CB2098540020007008400000084499540020E2
S21401CB3002484822002123F007BB00BFE81E00215F
S21401CB40002373B583746423C0E92C33C0E92E3304
S21401CB504FF0FF35C0F8AC30A0F8C0300E264FF6C7
S21401CB60FF73C0E9075580F8D060456485828375F8
S21401CB7004461120E5F734FD042834D11B4B5B68CD
S21401CB8013F4403F2FD12046FEF764F92046FFF705
S21401CB90CFFF94F912102046FFF7BEFA144A60231D
S21401CBA0536402F5805240F6FF7151625165114A95
S21401CBB05364114B4022C3F88820626B29462046F5
S21401CBC0FFF71EFB002240F2022310461946CDE96C
S21401CBD00066FDF779FFFCF7EBF9204602B0BDE8E9
S21401CBE0704000F02FBE022002B070BD00300E4033
S21401CBF000000840000008460040084410B50C46F6
S21401CC00FFF796FFBCB1A378082B16D8E278082A5E
S21401CC1013D843EA021313F0FF03094A14BF6168ED
S21401CC201946C2F8E810217882F82C11617882F84A
S21401CC302D1182F82F31002010BD0120FCE700BF26
S21401CC40001E0021012A10B512D8032B10D803EBC1
S21401CC508202084C0123934094F82E01DBB221B1E5
S21401CC60034384F82E31002010BD20EA0303F8E7C1
S21401CC700120F9E7001E002170B50C68B0F8D42039
S21401CC808D680346013404BFD3F8AC400C604C6891
S21401CC90013404BFD3F8B8404C606E1C00F1A40008
S21401CCA038D1D3F8B440CE688C60751C38D1D3F82F
S21401CCB0B0500E69CD60013604BFD3F8A4600E6192
S21401CCC04E69013604BFD3F8A8604E618E690136FD
S21401CCD004BFD3F8BC608E618E693EB34132B24266
S21401CCE038BF32460E688A61C3F8B4404C68C3E95F
S21401CCF02E420A69C3F8A4204A690D49C3F8A82040
S21401CD00C3E92B650B4AD1F8F810072301F0ACF9FB
S21401CD10002070BD02F14104AC4238BF2C46C2E788
S21401CD2002F16405B54238BF3546C2E76422D9E749
S21401CD30001F00216C1F002170B519F093FA0C4EEC
S21401CD40054600F01FFA012804D0284619F08EFA8D
S21401CD50022070BD736813F0706FC3F30364F0D1E3
S21401CD60F36BDB06EDD5284619F080FA2046F0E78E
S21401CD700040084038B519F075FA0B4A13884FF68B
S21401CD80FF718B4203D119F071FA032038BD074CAD
S21401CD90074DE56504F100741B04E365118019F085
S21401CDA065FA0020F2E700BF241600200060084460
S21401CDB00000FFFF2DE9F34105460F461446FFF735
S21401CDC085F980B1DFF81882D8F80C30DE0740F11B
S21401CDD0EA8019F047FA06460320FCF783FD38B1CE
S21401CDE0304619F043FA0226304602B0BDE8F0811B
S21401CDF0D8F80C3013F0060FF2D1304619F036FA97
S21401CE006A4B4FF400612846D3F8E48ED3F8C46E1B
S21401CE10FEF794FE40B1664B4FF400720121C3F851
S21401CE208820084600F09EFB3946284600F0ECFCB8
S21401CE305E4BC3F8C46EC3F8E48E06460028D3D111
S21401CE402B7CD80601D4002C66D0C4F34000FEF734
S21401CE505DF814F4807F14BF564A554A4FF002031A
S21401CE601BBFC2F88830544AC2F8883000211CBF64
S21401CE70D16093624D4BD3F8BC7EFEF781F84F4AE2
S21401CE8014F0040F07EA02034FF480616BD04C489C
S21401CE909342C16106D14B4A92F8D03043F0020367
S21401CEA082F8D030424B042214F0400FC3F8882099
S21401CEB014BF454A454A40232046C2F88030FEF753
S21401CEC087FF28461FF099FB40B114F0010F14BFED
S21401CED0384A374A4FF48073C2F88830A1064CD5D9
S21401CEE06B8C4FF6FF7293420FD0394A3949D26D97
S21401CEF0100CC2F30112088001323749B3FBF2F37A
S21401CF002F4A3648C8651B04D3652B7C003C18BFE6
S21401CF10012464F304132B7428461FF010FCF0B1AF
S21401CF2028461FF06AFBD0B14FF400312846FEF7C1
S21401CF3005FE431C9BB203221F4801A91FF0EBFD0F
S21401CF409DF8042002F00703052B9DF805301DD13E
S21401CF50120715D443F480731A4AC2F8CC30002065
S21401CF601FF08BF940E71C489342C1619AD1154ADC
S21401CF7092F8D03023F0020392E7FFF7FBFEC4E7F6
S21401CF8013F0040F09D19DF80630E3E703F03002F1
S21401CF90202A05D113F0010FF4E74FF48073DBE785
S21401CFA09DF80630D8E703261EE700BF00100021D3
S21401CFB00040084400400846001008408000004039
S21401CFC000600846001E00210070084600700844F4
S21401CFD00060084024160020006008440000FFFF9F
S21401CFE0005008402DE9F3410646884615461F467F
S21401CFF019F038F904460320FCF774FC38B12046D2
S21401D00019F034F90324204602B0BDE8F08104206B
S21401D010FCF768FC0028F2D1204619F027F92A46C9
S21401D02041463046FFF7C6FE04460028EBD1DFF83E
S21401D030BC80002F38D088F8000039463046FEF70D
S21401D040DBFD002845D198F80030012B29D0224B72
S21401D0502022C3F88820214B9B6CB3F5817F2BD20D
S21401D06001201FF06DF919F0FDF81D4B1B680193A7
S21401D07006464BB10420FCF70BFB0023012201A955
S21401D0800420FCF723FB00B3FCF774FC2B0617D532
S21401D090144B00221A67FCF7ADFC304619F0E6F88F
S21401D0A0B1E7FDF725FFAEE798F80030012BF8D081
S21401D0B0002BCCD10124A6E70B4B80229A60CFE748
S21401D0C0FCF798FCFDF7FEFEE7E7FDF777FF012486
S21401D0D0E3E7044697E700BF00400846001F00212B
S21401D0E09C3D002000500840004008409754002016
S21401D0F008B5094BD3F8B4305A1C0BD05B0009D4E1
S21401D1000320FEF77FFF054B4FF08062C3F89420A3
S21401D1100122DA6008BD00BF0081E00F004008462A
S21401D120054BD3F8880003F180634FF40022C3F85F
S21401D1308820C0F3C040704700400840014B024AB7
S21401D1401A607047A03D002021BD0100024BD8683F
S21401D15000F00100704700BF00500840084BDA6835
S21401D160D10707D508B9FCF76DBADB68DA0706D42C
S21401D170FCF75ABADB68DB0701D40028F8D1704700
S21401D180005008400F4B5B68C3F30363013B0B2B56
S21401D1900FD8DFE803F006060C06060606080A089E
S21401D1A008080220704704207047052070470320B6
S21401D1B07047054BDB6813F0060F0CBF01200420F7
S21401D1C0704700BF00400840005008400A4A5368B4
S21401D1D0C3F303630B2B08D06FF49050184100F093
S21401D1E0010080F0010040007047D2F8880010F47A
S21401D1F08030ECD1704700BF004008400C4A5368AD
S21401D200C3F30363062B07D8042BD8B20CD8C31E6E
S21401D2105842584140007047072B07D1D2F84401C5
S21401D22010F00050EBD17047022070470020704785
S21401D230004008400A4A5368C3F30363032B01D036
S21401D240072B0AD1D2F88C30DB0606D4D2F8900030
S21401D25080F00800C0F3C00070470020704700BF90
S21401D26000400840024B002219681FF047BA00BF71
S21401D2704008050010B5FF224FF6FF7104461FF067
S21401D28061FA68B9FF224FF6FF7120461FF06BFA6C
S21401D29030B920460349BDE81040FF221FF075BA99
S21401D2A010BD00BF5EED040010B55B0743EA024304
S21401D2B09DF80820520543EAC16302F0BC621A4396
S21401D2C0084942F4C8720446FEF724FC064B1B6864
S21401D2D00BB120469847002211462046FFF722FA56
S21401D2E0002010BD9007E12DBC3D002008B51FF0C1
S21401D2F026FA20B1024B586D003818BF012008BD30
S21401D3000000084008B5FFF795FFA8B10B4B5A6916
S21401D310110311D5D3F8882092030DD4D3F8903099
S21401D32013F0100F4FF0100304D1054AC2F89030E5
S21401D330002008BD034AF9E70220FAE7004008404A
S21401D340004008460040084438B5044608B3134A6E
S21401D35053691B031FD5D2F88C50114BC5F38115A9
S21401D360032DB3F8C8300ED1083B9BB208220D48F6
S21401D37021461FF0D0FB094B2572D3F890301B0ACB
S21401D3806372002038BD022D05D1023B9BB22A46AE
S21401D390EDE70120F6E70220F4E700BF0040084071
S21401D3A0001E002130100840034B1868034B00286C
S21401D3B008BF1846704700BFC03D00200C08050096
S21401D3C0F8B50D4610B900242046F8BD0E4F3E684C
S21401D3D0002EF8D100F062F804460028F3D0386039
S21401D3E000F0A8F820461FF052FA38B130463E60E9
S21401D3F000F0A0F820461FF045FAE4E7002DE3D040
S21401D4002046A847E0E700BFC43D0020024B18684D
S21401D410003818BF01207047C43D0020024B002190
S21401D4205B680846184700BF7C12002010B51FF045
S21401D4305BF9044618B9034B01215B6898472046FF
S21401D44010BD00BF7C12002010B5FFF7CBFD0446CF
S21401D45018B9034B01215B689847204610BD00BFF1
S21401D4607C12002010B51EF034FE044620B9034B92
S21401D47001215B6808469847204610BD7C120020B3
S21401D480431E033306D8044B984228BF1846642827
S21401D49038BF6420704700BF40420F00F8B505460C
S21401D4A018F0E0FE0F4B1E68074626B9384618F0FE
S21401D4B0DDFE344611E0B4688CB194F810C01CF05F
S21401D4C0010F0CD195E80F004CF0010C84E80F0019
S21401D4D084F810C0384618F0C9FE2046F8BD3668F4
S21401D4E0E3E700BFAC12002038B505460C4641B153
S21401D4F00B6833B11B68013303D0CB680BB18B6863
S21401D5004BB91EF0B7FEBDE838404FF49272412188
S21401D510002000F0B1B90846FBF79EFC0023044A40
S21401D52085F8DC30C5E92343C2E9003338BD00BFC6
S21401D5305019002010B5044618B9054B054A13606A
S21401D54010BDFEF721FDD4F89830002BF6D1F4E794
S21401D5506DC80300A8120020014B1868704700BF71
S21401D5605019002010B50C46FEF74CFD054B002166
S21401D5705B68032098471CB1FFF704FE0128FBD126
S21401D58010BD00BF7C12002008B502460868FFF7F0
S21401D59077FF08604868FFF773FF48608868FFF701
S21401D5A06FFF8860C868FFF76BFF0B69C860581C7F
S21401D5B003D00B48834228BF03460B614B69581CB6
S21401D5C003D00748834228BF034688694B61FFF7AB
S21401D5D057FFBDE8084088611046FFF74DBB00BF06
S21401D5E040420F002DE9F84FD0F8903006460F461E
S21401D5F013B1038B8B4244D0D6F88CB0BBF1000F2D
S21401D60042D0DBF80830002B3ED0DBF80C100029A6
S21401D6103AD0D6F8A0A0BAF1000F38D04FF00009E2
S21401D6204D46C84601E0DBF8083005EBC50203EBC2
S21401D63082040135E389BB4214D8238ABB423046B3
S21401D64010D3B4F91220B6F924309342A04653DD24
S21401D65096F8D010E6F702FB337D834281464BD91C
S21401D660DBF80C108D42DED3B8F1000F3ED000235C
S21401D670424619463046D0473783C6F8908086F82A
S21401D680D9900020BDE8F88F0320BDE8F88FD14679
S21401D6905446524647F6FF7504EBC40803EB880868
S21401D6A0B8F80E30BB421BD8B8F81030BB4217D3BF
S21401D6B0B8F91220AA4207D14FF0FF093783C6F8FE
S21401D6C0908086F8D990DCE796F8D0103046E6F7D9
S21401D6D0C5FA337D834281464246EFD9DBF80C100A
S21401D6E00134A14204D9DBF80830D5E70120C9E7A7
S21401D6F0002AFBD09046E1E7A046B8E72DE9F047BF
S21401D70082B0044689461646FFF70AFD3B4D08B12E
S21401D71000236B602B68D4F88CA0D4F890700BB102
S21401D72053454BD04FF00008C5F80890FFF72AFD87
S21401D730012836D12B68DAF800103A6813B1186858
S21401D740884246D020461EF0ABFFC5E900A7D4F8B4
S21401D750A0508DF80760002D42D000220DF107037E
S21401D76011462046A8472046FEF748FF0546B8F171
S21401D770000F00D08EB1B5FA85F040F2DE324009D6
S21401D780332100F079F831462046FFF733F91C4B78
S21401D79005461B68394620469847284602B0BDE82C
S21401D7A0F0870120FEF72EFC164B00215B68032054
S21401D7B09847FFF7E7FC0128FBD1BBE76B68002B16
S21401D7C0B0D0BB42AED1AB68994514D04FF001083A
S21401D7D0AAE7696811B109689142B6D05968B1E7FC
S21401D7E0217D94F8D930994228BF19463246204601
S21401D7F0FEF7D8FEB7E70025CFE700BF5019002097
S21401D800A81200207C120020F8B505460E4618F036
S21401D81029FD314607462846FFF7E4FE044620B1B7
S21401D820384618F023FD2046F8BDFFF761FC224676
S21401D83031462846FFF762FF0446384618F016FDC3
S21401D8402046F8BD07B54FF400730A49ADF8063017
S21401D8500DF106021FF0F4F8BDF80630B3F5007FAF
S21401D86005D1022808BF002003B05DF804FB0120A3
S21401D870FAE700BFC83D002008B550B90548064B79
S21401D88001601A60054B1A68054B1A60186803F0A8
S21401D8902DF808BDB0120020CC3F0020C43D00206A
S21401D8A0C83F00200D4BD3F8E020D20314D50C4915
S21401D8B04FF48032C3F8E820C1F8EC209A6BD1B25D
S21401D8C0C2F3072299679A6704229A6700229A6729
S21401D8D09A679A679A679A67704700BF0010084070
S21401D8E000100846F8B50C4C0D461746064618F0CB
S21401D8F0B9FC0123A362042327606660A560C4F80F
S21401D900E830064B4FF48072C3F8802118F0AEFC65
S21401D9100DB10223A362F8BD0010084000E100E04B
S21401D920054B1860054B01229A6540F6FF72196394
S21401D93058635A65704700BFD43F00200010084066
S21401D9402DE9F04F042A83B0054639D90B78836157
S21401D9504B7883618B788361CB7883610068D5F8D7
S21401D96008B06E6800F007000123063003FA00F8DD
S21401D97008F1FF3909EA0B07A2F1040AA8EB07022E
S21401D980924501F1040446F000560DD8F0192146DF
S21401D990524622F087FB0AEB0B0248EA09031A40BB
S21401D9A0AA6003B0BDE8F08F2146F019019222F07B
S21401D9B079FB019AA118AAEB080230463A44E8E737
S21401D9C0013A032AEDD8DFE802F00B08050211F848
S21401D9D0013B836111F8013BAB6111F8013BAB617F
S21401D9E00B78AB6103B0BDE8F08F00BF38B50C46CD
S21401D9F0104B1546014668B10122C3F8B8200E48FF
S21401DA002246FFF79DFF1DB10A4B0422C3F8B8203A
S21401DA10002038BD64B1D3F89C20A24284BF012205
S21401DA20C3F8B820C3F898400222C3F8B820EAE742
S21401DA300122FAE7001008409010084010B518F0CF
S21401DA4011FC184B184901229A65C3F888201A66FA
S21401DA50164A5A660722C3F884200A80144900220F
S21401DA600A804FF4A021C3F8E81003F1C06304460E
S21401DA70C3F8EC100F4B1A600F4BD3F888305B02DB
S21401DA800AD50E4B18680E4B4FF48002C3F8882057
S21401DA90416BA430FCF72AFC2046BDE8104018F084
S21401DAA0E5BB00BF00100840A8490020A81A0020C6
S21401DAB0A6490020D03F002000400840C43D002079
S21401DAC0004008440D4B07221A800D4B00221A8095
S21401DAD00C4B0121C3F8B810C3F890204FF4005244
S21401DAE0C3F89400C3F8B420074BF0221A6403F17C
S21401DAF00073A0221A64FFF7A1BF00BFA849002047
S21401DB00A649002000100840000008442DE9F04115
S21401DB10044688B1394E3A4F18F0A4FB3388394A87
S21401DB2003F07801032C054603F07F0C114453D112
S21401DB303C6824B918F09AFB0320BDE8F08124F074
S21401DB400104386820F00100A0424AD100223A6060
S21401DB5022886FEA42426FEA52428C42228036D1D4
S21401DB60294CDFF8B8C02788ACF180083A46083A55
S21401DB7092B201F10800604528BF4046082A04D940
S21401DB80B0F900E0BEF1000F36DB22803B440C8882
S21401DB9088781E499B1ADBB2C4F30C04CC6300F0F0
S21401DBA007003380CB66C1F88420FFF77BFE04288C
S21401DBB00DD1174BD3F88830164B1868164B4FF417
S21401DBC08002C3F88820416BA430FCF78FFB2846FF
S21401DBD018F04CFB0020B0E7601E012898BF0C46E9
S21401DBE0AFE7094862440088A21A48BF8032083865
S21401DBF09042ADDC28469DE70146B8E7A6490020DD
S21401DC00D03F0020A81A0020A84900200010084094
S21401DC1000400840C43D002000400844281B002066
S21401DC200E490F4B0A881B880E481344073B03F026
S21401DC30780303440832987892B20A8000F007000D
S21401DC4009490428C1F8842004D101F540514A68E5
S21401DC501203FCD4054A1360704700BFA849002090
S21401DC60A6490020A81A002000100840D03F002036
S21401DC7010B5054C206828B1C30701D4FFF746FF4D
S21401DC800023236010BD00BFD03F0020084B4FF497
S21401DC908032C3F8EC2003F17C43C3F8E420D3F8C8
S21401DCA08030C3F30C03782B01D8FFF7FBBD704718
S21401DCB0001008442DE9F84304460E4618F0D2FA3F
S21401DCC0504B514D1A882D888146504802F07801F4
S21401DCD0032C02F07F03014417D14D4C24688CB904
S21401DCE02A44073A02F0780284180344E31A48BF2C
S21401DCF08033AB4210DB484618F0B8FA00242046C1
S21401DD00BDE8F88324F00104EFE7012C02D0022CD1
S21401DD10EBD1083D0C46E8E7002E41D08C423D4948
S21401DD2042D1D1F83C800A6B02F007020632012785
S21401DD309740D1F88020C2F30C029A4247DDB4F92D
S21401DD4000302588002BD6DBA378C5F30C0503F03D
S21401DD5007037A1EA5EB08053A43052B337005EA3F
S21401DD6002052CD82DB2E84340F236420421C00FFA
S21401DD70FFF782FD7580E378274A337412687B1EAD
S21401DD8003EA0803D118B160A9B213FA85F5BD42BA
S21401DD9089BFFF1A0023B780F2609CBFB180F36091
S21401DDA0484618F063FAAAE7A4F10802824238BF8F
S21401DDB004F17802B2F80080C8F30C08B3E7174BF9
S21401DDC0DB6C003B18BF0123A5EBC305CAE78B6BD1
S21401DDD07A1EA3EB08033A431A40114B15B25B684F
S21401DDE06AB9C3F30363D91E4B424B41DB00337060
S21401DDF00B4B7280D3F89030C3F30723BCE708239C
S21401DE00F5E700BFA6490020A8490020A81A00206F
S21401DE10D03F002000100840D43F002000000840FA
S21401DE200040084010B518F01DFA084B1B68044660
S21401DE303BB1984728B1002200204FF48061FCF7DF
S21401DE402BFE2046BDE8104018F010BAD83F00203F
S21401DE502DE9F74FDFF8ECB08146DBF800A00F465E
S21401DE60FBF756FD4FF0FF35CDE9000100202C46AB
S21401DE70064606F110031B015BF8033003F00308A6
S21401DE80B8F1010F15D13046FBF75AFD02460B4695
S21401DE90DDE90001FBF7EAFBDBF85C3006F108027E
S21401DEA0D340DB0737D5002F3ED000253E602C46F9
S21401DEB040460136052EDCD150B3224F396B013175
S21401DEC0A4FB014164190AF4403341F10001B3F5A2
S21401DED0003F4FF000022FD1FB6A0AF4405A01338B
S21401DEE042F10006BAF5805F21D1BD6A15F580754D
S21401DEF042F100026E4303FB0266A5FB0332324485
S21401DF00594304FB0212A3FB04341444C9E9003448
S21401DF1003B0BDE8F08FA84271EB0403C8D207B185
S21401DF203E6005460C46C3E73D463C46C0E7320226
S21401DF3042EA13621B02E3E7BB6A13F5807342F100
S21401DF400002DDE70050084040B10368012B05D907
S21401DF500069034B002808BF184670470048704701
S21401DF604408050038B5054614480C46FBF76CFD19
S21401DF702DB1C30103EB5503B3FBF5F32360104A40
S21401DF805368D80217D40F4B1B68D2F8A810C3F3F6
S21401DF90810311F4806203F10103C9B218BFDA00EC
S21401DFA0FF2906D00649D1F8AC10490501D502EB88
S21401DFB0C302626038BD0022FBE700BF40420F008B
S21401DFC00000084000200840084B1A68C117A2FB51
S21401DFD0000310F1807002FB013343F10003400E91
S21401DFE040EAC310803820EAE0707047E03F002026
S21401DFF0174B072270B5C3F88420FBF7D7FF154BE4
S21401E000154A164EC408010B0546E005C01841F135
S21401E0100001002316F09AFE114B18604EF66020A0
S21401E020FFF7D2FF4042C6F89C000E48FBF70CFDF6
S21401E030024658B1E301500818184FEA15714FF01F
S21401E040000341F1000116F081FE706770BD00BF4C
S21401E05000400840B2E60E0065CD1D00001F0021FD
S21401E060E03F002040420F002DE9F84305460846F0
S21401E0709846FFF769FF16460746002D00F0A9806F
S21401E08018F0050F5DD02C69002C00F0A480FBF77A
S21401E090DBF84FF47A735C43201A7B68A0F6AC5029
S21401E0A0C01AFFF791FFAC8B3062002C00F096800F
S21401E0B0FBF7CAF84FF47A735C43201A7B68A0F624
S21401E0C0AC50C01AFFF780FF70614A4BEC68D3F87A
S21401E0D00090002C00F08580FBF7B6F84FF47A73B9
S21401E0E05C43241A7B68A4F6AC54E41A3B68E41A31
S21401E0F0414B1A68E117A2FB044314F1807402FB3A
S21401E100013343F10003640E44EAC314803C3B4BE5
S21401E110B4613B4CD3F88430F36123684BB1484675
S21401E1201EF00DFB28B12368D9F84800324639465F
S21401E1309847AC69FBF788F8014620461EF014FDA7
S21401E140F06218F0020F29D06B684FF47A705843CA
S21401E1505BB13B6803F51C5310331844AB7F002BAF
S21401E16046F2A81308BF00231844FFF72DFF6B697A
S21401E170B062002B38D078684FF47A7202FB030045
S21401E180AB7FA0F50350002BA0F1100046F2A813B8
S21401E19008BF0023C01AFFF717FF706218F0040FBC
S21401E1A017D0A86818B34FF47A735843A0F50350F4
S21401E1B01038FFF709FFF0602B684FF47A70584368
S21401E1C023B13B6803F51C5310331844FFF7FCFEDC
S21401E1D03061BDE8F8834CF2503062E74CF25030C3
S21401E1E070E74CF2503483E747F23050D3E747F2FA
S21401E1F03050DEE7C43D0020E03F0020001F002134
S21401E200DC3F002010B508461C461EF08AF8094B74
S21401E2100246D3F8F800FFF797FE0368A018002B14
S21401E220054AA8BF4FF4FA721A44044B92FBF3F264
S21401E230104410BD001F00210CFEFFFF18FCFFFF5D
S21401E24008B5054804F030FABDE808400348102236
S21401E250FF2121F079BF00BFDC120020E43F00203F
S21401E2600021024B0846198019F067BEAE4900200E
S21401E27070B50D4D2B68A3B9BDE870400B4804F08E
S21401E28013BA00F027FE01343378E0B28342F8D89F
S21401E2902B6806484FF47A71BDE87040594304F084
S21401E2A067B9034E0024EFE778120020BC12002065
S21401E2B00E5400202DE9F3479846244B1B880F4641
S21401E2C0002181461646118023B90024204602B05B
S21401E2D0BDE8F0871E48DFF878A01FF08FF809F137
S21401E2E004050446002CF0D0204603F00FFF011D64
S21401E2F028461EF018FE10B3002518232A4621468C
S21401E300009548461FF0B0F9204603F01BFF182879
S21401E3100BD83580002FD9D0002300931822EBB2FA
S21401E320214638461FF0A0F9D0E7204603F00AFF41
S21401E330A0F11805ADB245453580C7D8EAE72146B4
S21401E34050461FF0B1F80446CCE700BFAA490020AA
S21401E350AC490020024A00231380024A138070470A
S21401E360AC490020AA4900202DE9FF410023061DE3
S21401E3708DF80C3001A94FF0FF33304601931EF0A3
S21401E380D2FD054618B1FFF7E5FF01250AE0144F57
S21401E3903B883BB101461348DFF848801FF02EF852
S21401E3A004461CB9284604B0BDE8F081204603F0B7
S21401E3B0ADFE011D30461EF0B6FD50B109480022E3
S21401E3C021461FF0ACF83B88002BDED0013B3B809A
S21401E3D0DBE7214640461FF067F80446E1E700BF49
S21401E3E0AA490020AC4900202DE9F7430D46164600
S21401E3F0074620B90024204603B0BDE8F083FFF7A6
S21401E400B3FFDFF86C80184BB8F800201B889A42DF
S21401E410F0D23DB306F1180189B2002210461EF073
S21401E420D6FF04460028E5D04FF001090146CDF895
S21401E43000901823002238461FF016F93DB1CDF89A
S21401E4400090F3B21822214628461FF00DF907481E
S21401E450002221461EF0D8FFB8F800300133A8F894
S21401E4600030C8E71821D8E726160020AC4900205E
S21401E470AA49002008B500F0E9FE094B1B6853B114
S21401E4804FF47A710748594304F072F8064B074A6D
S21401E4901A60002008BD034804F006F9F6E700BF3D
S21401E4A078120020BC120020884100201A0B0500BB
S21401E4B008B5044803F050FCBDE80840024803F0E4
S21401E4C04BBC00BFAC490020AE49002037B5124B0B
S21401E4D0124D1B782A88F32B0446114B14D111498F
S21401E4E00978032910D101930021012300930846DE
S21401E4F002231EF034FF08B100232B80204603B010
S21401E500BDE8304004F0D0B8019301230093002306
S21401E51019461846EDE700BF9B540020AE4900207F
S21401E52061E20100BC5400202DE9F041214F86B084
S21401E5308DF80F303B88BDF83060BBBB1EF04DFC3C
S21401E540ADF8160003F0FEFD012304461A460DF150
S21401E5500F010DF1160003F025FF38BBBDF81600BC
S21401E56003F0F0FD0546304603F0ECFD2918C9B26C
S21401E5700DF116001FF05FF80546B8B93046BDF834
S21401E580168003F0DFFD611C00902B463246C9B2AF
S21401E59040461FF0A3F8BDF816303B80064B9DF8A9
S21401E5A00F2006481A70142103F0E2FF06B0BDE8FA
S21401E5B0F08100BFAE4900209B540020E83B0020BC
S21401E5C02DE9F04F1446B3B0054600228946984619
S21401E5D006214FF0FF33204610939DF8F0A01EF061
S21401E5E0E1FA00220C90062120461EF0DBFA0022FA
S21401E5F000F480460A2120461EF0D4FA7A2DC3B2D2
S21401E6000B9300F036817B2D00F05481782D5FD17D
S21401E61019A81CF0D3F9092315AA8DF864300DF555
S21401E620847C3EAB174618685968154603C50833FF
S21401E63063452A46F7D1394619A81CF0B3FC19A838
S21401E640F8F708F998F80830022B06BFD8F800004A
S21401E650D8F80410D8F8003011AD06BF2B4603C316
S21401E660CDE91133429B13930DF13E0205230A2196
S21401E67020468DF850301EF095FA0DF13D02062128
S21401E68020461EF08FFA0DF13F020C2120461EF0A7
S21401E69089FAAAF1030C10AB1090DCF10000CDE969
S21401E6A0005340EB0C009DF83E309DF83D2021467E
S21401E6B020F06FF9002800F0D980BAF1030F0AD0D4
S21401E6C0914B4299482202FB09339A698A420CD33C
S21401E6D033B0BDE8F08F00220A2120461EF062FA10
S21401E6E000F0F000F028EBD1F2E7429A9A614FF081
S21401E6F0000B00220A2120461EF054FAC3B20B93E7
S21401E70000220A2120461EF04DFAC0B2E02840F051
S21401E710D8800022062120461EF044FA450640F124
S21401E720D9800121204603F07BFD002800F0E3801C
S21401E7300121204603F074FD05460121204603F021
S21401E7406FFD002800F0D9800121204603F068FD06
S21401E750074619AA0B2120461EF024FA384603F074
S21401E760F1FC00220746062120461EF01BFA9DF802
S21401E7706430C0F30030FF1AA7EB800715AA0B21FF
S21401E78020461EF00FFAFFB2002300939DF8542096
S21401E7903B46294619A81EF067FFB9F1FF0F15D0B1
S21401E7A04822594B02FB09F299189A5CFF2A0DD0B0
S21401E7B04A68BAF1000F03D1500407D4897D29B9FC
S21401E7C0482101FB093342F4C0625A604F4A504B5C
S21401E7D0107893F900300D931FF09BFA02280D9BD9
S21401E7E040F28D80042840F28C8006288CBF0025DC
S21401E7F00125AD016FF06C029342B8BF1346082B9A
S21401E800A8BF08236E3343F34603002201212046A6
S21401E8101D441EF0C7F9002EEDB2C2B214BF01238B
S21401E820002308D03B490E883B4909888E4294BF95
S21401E830002601267600334303930C9BCDF81C90EB
S21401E84019A9CDE90871C3F38013109906910293B3
S21401E8500B999DF8F430059142990491CDE900A3F6
S21401E86029464346584619F0D1FB31E74FF07E0B57
S21401E8703FE7BAF1000F14D1B9F1FF0F0ED0224DC8
S21401E880482303FB09556B685F0407D4AB7D2BB99E
S21401E8905246012120461EF085F9A8614FF07C0BF7
S21401E8A02EE700220C2120461EF07CF94FF07F0B4C
S21401E8B0109025E7002E3FF40BAF40461EF0DEFA1F
S21401E8C006E700220A2120461EF06CF9C0B2E228B3
S21401E8D03FF41FAF0022062120461EF063F900F028
S21401E8E0030001283FF41DAF002E3FF41AAF404647
S21401E8F01EF0C4FA15E725461FE7274629E7C02577
S21401E90078E7802576E700BF50390020E2540020E2
S21401E910E154002026160020AA4900202DE9F04FD8
S21401E9208DB08046BDF858A00F461446994600F0B3
S21401E9305FFA0546002F39D108AE39461022304617
S21401E94021F002FCFF2D02AF22D0384B482202FBF9
S21401E95005335A68500401D49B7DCBB100220A21AD
S21401E96050461EF01FF9C0B2E02811D0CDF818901D
S21401E97096E80F0087E80F000023009301944346B2
S21401E980524629467920FFF71BFE0DB0BDE8F08FF1
S21401E990CDF8189096E80F0087E80F000023019441
S21401E9A000934346524629467A20ECE7BB1E012BCC
S21401E9B0EBD8FF2808AE0DF1080B29D0314600F040
S21401E9C085FC1A4B482202FB05339B7DD906C3F30F
S21401E9D0820201D4072A16D1BCB103F003039F4279
S21401E9E00ABF4FF0780C4FF07A0C1446CDF8189009
S21401E9F096E80F008BE80F00CDE9007443465246B7
S21401EA0029466046BFE7002CE7D04FF07A0CEDE7C9
S21401EA1010220021304621F097FBCDF8189096E899
S21401EA200F008BE80F00CDE90074BAE750390020DB
S21401EA302DE9F043002287B00D2104461EF0B2F8FE
S21401EA40002800F099800022062120461EF0AAF830
S21401EA50C0F3072515F0050640F08E8032460621E4
S21401EA6020461EF09FF8070400F1868032460621F4
S21401EA7020461EF097F8400477D400220121204654
S21401EA801EF090F805F0070507468DF81450002D86
S21401EA9075D12A46072120461EF084F80390644E5D
S21401EAA0337BFFB2BB42B1460AD19DF81420337ABC
S21401EAB0934205D1002B7CD13368039A9A425BD0EE
S21401EAC00DF10C0898E8070089E8070059483773E4
S21401EAD04FF4FA6103F04CFD0022062120461EF099
S21401EAE061F800F0030001284FF000026CD10A2102
S21401EAF020461EF057F800F0F000F0283CD0002227
S21401EB00062120461EF04EF810F4C05FC0F3C12265
S21401EB1032D1062120461EF045F802062CD45DBBF4
S21401EB202A46062120461EF03DF8430602D44046FA
S21401EB301EF0A4F90022062120461EF033F800221A
S21401EB400546062120461EF02DF80022064609211C
S21401EB5020461EF027F800940346C6F34032C5F35C
S21401EB60C1214046FFF7DAFE06E00621324620467E
S21401EB701EF018F8410680D507B0BDE8F083022DD7
S21401EB80FAD10DF10B02052120461EF00BF82046A6
S21401EB9003F0BCFA9DF80B100822014403A821F0EB
S21401EBA0B9FA0022082120461DF0FCFF8DF8150059
S21401EBB075E7022B84D10822314603A821F09AFA80
S21401EBC000287FF47DAFD7E7062120461DF0EAFF37
S21401EBD010F00305D0D12A46062120461DF0E2FF9B
S21401EBE010F4C05F11D100220A2120461DF0DAFF81
S21401EBF000F0F000F028BFD000220A2120461DF0C8
S21401EC00D1FFC0B2E32895D1B6E72A4606212046B1
S21401EC101DF0C8FFC0F3C1200228E4D02A46062111
S21401EC2020461DF0BFFFC0F3C120032882D0A3E712
S21401EC30E43F0020DC120020F8B50446002859D134
S21401EC400020F8BD928AA24252D0482202FB03520B
S21401EC5092F82C20022A11D1482202FB03524FF6C9
S21401EC60FF7C118E614507D192F83800022814D135
S21401EC70928F39E00846EFE78C4239D0482202FBF2
S21401EC80035292F83810022906D1928F4FF6FF717F
S21401EC908A4202D094422BD040B1482000FB035058
S21401ECA008301EF069F9A04222D0012001363A78D8
S21401ECB0F3B29A42C4D9482159436A18695C0129BA
S21401ECC0F4D1D2F804C01CF0800FBED01CF4005F53
S21401ECD0B8D192F82C000228CCD092F8381002292C
S21401ECE0DBD1928F4FF6FF718A42D6D09442D4D1AF
S21401ECF00120A6E70026024F024D3046D7E700BFA7
S21401ED009B1600205039002037B505460C4699B1B0
S21401ED10FFF792FF80B1FF22082120461EF0E6FD94
S21401ED20034648B90549086849686A4603C26A46FF
S21401ED30194628460FF006FC03B030BDCFB70400D5
S21401ED4008B5204A127882420B4639D91E4900EB93
S21401ED50C000482201EBC001184621F0DBF9027819
S21401ED60012A02BF426842F018024260827D0346D1
S21401ED701AB1426842F4804242605A6811065CBF8A
S21401ED8042F480525A60194603F1180091F82C207B
S21401ED90022A0BD0032A0FD01AB95A6842F48032DD
S21401EDA05A600C318842F1D1002008BD5A6822F41D
S21401EDB0805242F48072F3E75A6842F04002EFE76D
S21401EDC0B120F2E79B16002050390020064B1B7835
S21401EDD0834207D948235843044B185C431E5842C4
S21401EDE058417047002070479B160020503900207C
S21401EDF02DE9F8430E4FDFF83C90064600254FF00C
S21401EE0048083B78ECB2A34201D8FF240DE0204627
S21401EE10FFF7DCFF08B90135F3E708FB0491083179
S21401EE2030461EF080F80028F5D02046BDE8F8836D
S21401EE309B1600205039002030B5084B084C1A7834
S21401EE4048210023D8B2824201D8FF2005E00133D1
S21401EE5001FB03F5655DFF2DF4D130BD9B16002047
S21401EE6008390020F8B50546FFF7C2FFFF2804461B
S21401EE7006462AD1FFF7E0FFFF28044625D003B255
S21401EE8003EBC303124F28686968DB0003F108022D
S21401EE903A4403C21C33A868106031461022F818A1
S21401EEA021F052F948226243BB1800214FF6FF7049
S21401EEB0996183F844609882287A58600120B85492
S21401EEC0997583F82C6083F838602046F8BD00BF3A
S21401EED05039002013B5144B1B788342044620D9C1
S21401EEE0124B1B7883421CD9FFF770FF60B1104BA1
S21401EEF0482202FB04339B69009304236A46214699
S21401EF00202018F01EFB0CE004230DEB0300224624
S21401EF10202118F00DFB4FF0FF330093019B0133C6
S21401EF20EBD102B010BD00BF0E5400209B1600208E
S21401EF305039002070B54A4B1B78834296B0044680
S21401EF406DD93422FF2109A86E4621F0FDF8102262
S21401EF50FF21304621F0F8F82046FFF737FF00285A
S21401EF6048D048223F4D6243AB18AA5C8DF8242056
S21401EF705A680A921A7C002A53D19B680B9348233D
S21401EF8003FB04539A7D8DF8352012F01C0F1EBF2B
S21401EF901C330FCB86E80F00482303FB045191F87E
S21401EFA02C208DF84620032A46D103FB045312AACF
S21401EFB0D3F82E00D3F8321003C2D3F83A00D3F8B0
S21401EFC03E1003C2482101FB045292F838308DF8F6
S21401EFD04730032B01D0002B39D101FB045512AB6E
S21401EFE0D5F82E00D5F8321003C3D5F83A00D5F877
S21401EFF03E1003C33423214609AA1F2018F0A1FAA4
S21401F0002046FFF767FF04A81BF0D8FC072331460C
S21401F01004A88DF810308DF811401BF0C3FF16B010
S21401F02070BD022AABD1D96898680BAA82E80300A2
S21401F0305B7C8DF83430A2E7002AB6D0022A01BFE5
S21401F0400B8EADF84830CB8DADF84A30BAE7022BBF
S21401F05001BF938FADF85030538FADF85230C9E7EA
S21401F0609B1600205039002038B50D4A127882428E
S21401F070044612D90B4D41B948234343FF22EA54B3
S21401F0802046FFF757FF002038BD00EBC00048229E
S21401F09005EBC00021F03EF8F2E7B120F4E700BF2F
S21401F0A09B160020503900202DE9F043DFF824811B
S21401F0B0474C97B0002798F80030FDB2AB4202D813
S21401F0C017B0BDE8F0832A4634231F2109A818F09B
S21401F0D02FFAE94604A81BF071FC0723494604A849
S21401F0E08DF810308DF811501BF07BFF9DF8242011
S21401F0F04823FF2A05FB03F302D1E2540137DAE77E
S21401F100E254E618DDF828C0C6F804C09DF835308C
S21401F110B37599E80F0006F11C0E8EE80F001CF07F
S21401F120020206F108033BD0DDE90B0183E8030088
S21401F130022333749DF83430737448236B43E1180B
S21401F1402CF4C0624A609DF8462081F82C20032AE0
S21401F1502AD112AA03CA03F12E0604EB060C482292
S21401F16002FB0542A051CCF804104FF6FD71D18682
S21401F1709DF84710482202FB0542032982F8381001
S21401F18000D0E1B914AA03CA3A33E618E05048237E
S21401F19003FB05434FF6FD727160A3F84220ADE70D
S21401F1A00B9BB3603274C8E7002AD2D0022A01BF93
S21401F1B0BDF848200A86BDF84A20CA85D8E7022944
S21401F1C001BFBDF850309387BDF85230538795E79D
S21401F1D0503900209B160020F8B5084D084E002433
S21401F1E048272B78E0B2834200D8F8BD07FB00F32E
S21401F1F0FF22F254FFF79EFE0134F2E79B16002031
S21401F20050390020F7B5FFF74FFF0D4E0D4D0E4F4D
S21401F21000243378A34202D92B78A34201D803B045
S21401F220F0BD042322460DEB0300202118F080F9DF
S21401F230482303FB0473019A9A610134E4B2E8E7B8
S21401F2400E5400209B1600205039002030B4084B85
S21401F250084C197848200023FF25DAB2914202D8DB
S21401F26030BCFFF7CFBF00FB03F20133A554F4E730
S21401F2709B16002050390020F0B40B46114909783E
S21401F280814205461CD9104E48241C2114FB00144B
S21401F290344403F1100C18685968274603C708332D
S21401F2A063453C46F7D1482303FB05662846B37DF4
S21401F2B023F01C0343EA8202B275F0BCFFF73ABEA4
S21401F2C0F0BC70479B1600205039002030B40F4A1E
S21401F2D0127803469A42084604D830BC1022002110
S21401F2E020F032BF48221C2112FB0312084B1A449D
S21401F2F002F110050346144603CCAC42186059606F
S21401F300224603F10803F6D130BC70479B16002055
S21401F310503900202DE9F84F1E464E4B1B78044607
S21401F320A3428846BDF82800BDF82C10914640D966
S21401F330B8F1000F02D0B8F1030F50D1B9F1000FA8
S21401F34037D0454F4FF0480B0BFB047B04EBC4054D
S21401F3509BF82CA0BAF1FF0F4FEAC50505D19BF823
S21401F3603830FF2B0DD1002026E005F12E000822B3
S21401F3704946384420F0BEFEA0B19BF83830FF2B3A
S21401F38019D005F13A0008224946384420F0B2FE69
S21401F39038B1BAF1FF0FE6D02046BDE8F84FFFF7C7
S21401F3A0C9BD0120482363430C2202FB00303844C8
S21401F3B0C686BDE8F88F01200C2358434FF0480A53
S21401F3C00AFB040ABA442E3528448AF82C800822FF
S21401F3D04946384420F09EFEAAF83660DCE7B8F1CC
S21401F3E0020FD9D11C4A482303FB042393F82C604F
S21401F3F0022E0BD1DD8D854223D093F83850022D95
S21401F40011D15B8F8342C7D101201BE093F838509E
S21401F410022D06D15B8F8342F6D0FF2EBCD100258C
S21401F42004E0FF2EFBD0FF2DB6D101254823634310
S21401F4300C2606FB05331344022283F82C20D885BC
S21401F44006E00020482363430C2505FB00331344E4
S21401F4501986A1E79B160020503900202DE9F047B8
S21401F4601F4B1B78834205468946924635D9DFF8FD
S21401F470748000EBC004002708EBC4043E4694F8F1
S21401F4802C30032B07D8013B012B16D8DFE803F0FD
S21401F49006200627F3E7FF2B18BF0126062F04F1E7
S21401F4A00C04F6D126B948236B43FF2208F8032043
S21401F4B02846BDE8F047FFF73DBD0822494604F15E
S21401F4C02E0020F017FE30B9FF2384F82C30E5E734
S21401F4D0E38D5345F8D00126E0E7BDE8F08700BF8D
S21401F4E09B16002050390020064A127882420346B5
S21401F4F006D948225343044AFF21D154FFF71ABDC7
S21401F500704700BF9B160020503900202DE9F04FB0
S21401F510044685B017464FF6FF7514F48032BDF8E1
S21401F5203C60029208BF2E46E206BDF838909DF870
S21401F5304C80084607D5FFF75BFCFFF7D5FF002098
S21401F54005B0BDE8F08F210771D514F4004BC4F364
S21401F550C22A04D09F2222FA0AF2D207EFD50393D9
S21401F560FFF780FC3D4A039B127882420546E6D9A6
S21401F570CDE90096109A3946FFF7CCFEBBF1000F95
S21401F58004D0119952462846FFF776FE14F4C06F50
S21401F590334BC4F3412E04F480702DD1482202FB74
S21401F5A0053268B112999161917D21F0030191753F
S21401F5B0482202FB0532516841F02001516004E007
S21401F5C0917D906121F003019175482214F4003F6A
S21401F5D002FB053308BF4FF00008012F83F8448073
S21401F5E005D102995A68E9B942F080025A60284664
S21401F5F0FFF7A0FC0120A3E7AEF10202012A9FBF9C
S21401F600482202FB053212999161482202FB05321B
S21401F61092F816C02CF0030C4EEA0C0191750028E6
S21401F620D3D0C5E742F402525A609E82DFE7FFF765
S21401F630DFFB0A4B1B78834281D9012F08D1084B87
S21401F640482202FB00335A689D8222F402525A6015
S21401F650109933464A46FFF701FFCBE79B16002079
S21401F6605039002038B504460D4616F006FE064A07
S21401F67013889BB22DB123431380BDE8384016F0A2
S21401F68002BE23EA0403F7E7B2490020034B002237
S21401F69001214FF480701A70FFF7E4BFA2540020D6
S21401F6A008B5054B18681DF0C1F800F00300C31E2D
S21401F6B05842584108BD00BF0C400020F0B585B047
S21401F6C00023CDE901330393124B134D134E1B78E0
S21401F6D08DF8043016F0D1FD2A783378104F9A420F
S21401F6E004460CD031783868297001AAFDF7BAFEB5
S21401F6F050B10C4840F6F311E6F700FC04E0386818
S21401F7001DF094F80128EDD0204616F0BCFD05B09A
S21401F710F0BD00BFBB160020B8160020B9160020A9
S21401F7200C400020200B050038B5044615F051FFAB
S21401F7300C4B05461978987881420FD0631E082B2A
S21401F7400CD8DFE803F0050D0B0D0B0D0D0D0D00AC
S21401F75000220146044B18681DF066F8284638BD9D
S21401F7600022F7E7BB1600200C400020F8B52B4B13
S21401F7701B7823B12A4840F6E531E6F7BFFB16F0C1
S21401F7807CFD284B1C8814F00604064609D001218E
S21401F7904FF48070FFF766FF3046BDE8F84016F07C
S21401F7A072BD21464FF48070FFF75CFF204602F0E1
S21401F7B033F802280AD180221B4B802118681CF0DE
S21401F7C086FC17F099FEFFF779FFE5E7204602F081
S21401F7D023F8054638B1012807D0114840F62741DD
S21401F7E0E6F78CFBD8E70246E6E70F4F3868FDF7E9
S21401F7F015FE38681DF01AF801280CD038682A461C
S21401F80029461DF015F821462C20FFF78DFF2146CD
S21401F8100A20FFF789FF17F070FEBDE7A25400200B
S21401F820200B0500B24900200C40002038B54FF0EF
S21401F830FF300C4620F092FC0A4B0546186820F073
S21401F8408DFC641B241A20B210F1630F06DB10F145
S21401F850240F05DA64308000C0B238BD0020FCE712
S21401F860FF20FAE70C40002010B50E4C236823B9A0
S21401F8700D4840F69641E6F741FB206801301DF041
S21401F8800AFC00F0070003280AD124680922012196
S21401F890204601F0D5F8205C031F5842584110BDA0
S21401F8A00020FCE7FC3F0020200B050008B5134BA9
S21401F8B01B78062B04D0124840F62701E6F71EFBFC
S21401F8C0104B1B881B0704D40D4840F62801E6F7A9
S21401F8D015FB0D4B2A201978FFF726FF002108207B
S21401F8E0FFF7C0FE094B02221A70094B1868FDF794
S21401F8F095FDBDE8084018F0D1BB00BFA25400201A
S21401F900200B0500B24900209F540020B6160020A7
S21401F9100C4000200148002102F02ABE38130020C6
S21401F9207F2837B5044612D119494FF6FF730246B0
S21401F930ADF80630098802230DF1060017F005FE22
S21401F940BDF80640E20554BF64B26FF04A0416F0F3
S21401F95094FC104B1C70104B1B88DB07054610D51A
S21401F9600E4B1B78002B0E4B0CBF21466FF07F0110
S21401F97018681CF0CDFB20B10A4840F67F61E6F717
S21401F980BDFA284603B0BDE8304016F07CBC00BF87
S21401F99094960400B0160020B2490020A35400201B
S21401F9A00C400020200B050008B50A4B1B88DB061F
S21401F9B004D4094840F64A01E6F7A0FA00211020CF
S21401F9C0FFF750FE002001F089FEBDE8084018F060
S21401F9D065BB00BFB2490020200B0500F7B5124CED
S21401F9E0D4E9006586EA020C85EA03070CEA000CF6
S21401F9F00F405CEA070E15D086EA0C067D40C4E986
S21401FA000065CDE900230B460849024608681CF04C
S21401FA10CAFF38B106484FF4FD7103B0BDE8F040A7
S21401FA20E6F76CBA03B0F0BD281B00200C4000209E
S21401FA30200B050010B516F0E7FD60B116F0E6FDE7
S21401FA400B4A80B141F20D03BDE81040084841F26F
S21401FA500D01FFF7C3BF074B1A789B789A4204D172
S21401FA6000220023F0E70D23EEE7034AF9E700BF83
S21401FA70400D0300BB160020488D010038B5294B08
S21401FA801B889B07044647D5274B0022186801218F
S21401FA901CF0F9FF012C254B2DD1197859B30139EA
S21401FAA0C9B2197011B92020FFF7DCFD0021022030
S21401FAB0FFF7D8FD1E4B1F48042200211A7002F0E2
S21401FAC057FD1D4C206801301DF0E5FA00F440603A
S21401FAD0B0F5006F23D1246801210422204600F0EE
S21401FAE0AFFF20441DF0D7FA0146BDE8384000229A
S21401FAF020201AF0EEBE114D002102201970FFF7EA
S21401FB00B1FD2B78FF2B04D00D484FF4D361E6F7F7
S21401FB10F5F92C7018F0C2FA012CD2D038BD4FF688
S21401FB20FF71E2E7B24900200C400020A1540020FA
S21401FB30A254002018130020FC3F0020B716002016
S21401FB40200B050038B5124C23880546580709D501
S21401FB50FFF7A6FD01460720FFF7E6FD002104207A
S21401FB60FFF780FD238899070AD50A4B19788A1F63
S21401FB70514251412846FFF7D7FD0120FFF77EFF8E
S21401FB8023881B0703D5BDE83840FFF78FBE38BD75
S21401FB90B2490020A25400202DE9F04F570691B03B
S21401FBA0804614461D4605D5FFF77AFD014601201D
S21401FBB0FFF7BAFDEE0403D500212D20FFF7B4FDB3
S21401FBC0A00223D540461CF037FF0146F0B940207D
S21401FBD0FFF748FD0AA940461CF02FFBB0B99DF877
S21401FBE03030022B6DD1BDF8280010F01DF9FF282A
S21401FBF008D140461CF01FFB40B901214020FFF709
S21401FC0031FD03E010F048F90028F2D1A10305D533
S21401FC10FFF746FD01460320FFF786FDE20104F0EB
S21401FC20807354D5AD4B1B889F072FD5AC4E3068DB
S21401FC301CF0A4FA50BBAB4BAB4F18703B78FF2BB4
S21401FC4004D0AA4840F23E61E6F758F900210220A6
S21401FC504FF00009FFF706FD87F80090A44F3B78A8
S21401FC60062B07D101210820FFF7FCFC4946282076
S21401FC70FFF75AFD3B78052B06D100212B20FFF715
S21401FC8053FD3068FDF7CAFB18F008FA260740F165
S21401FC90C180934F05AA386803211CF0D3FE06469F
S21401FCA020B992484FF4D961E6F728F99DF8143047
S21401FCB0072B49D0FFF7F4FC01460420FFF734FD7B
S21401FCC0A8E0032BA2D10AA81FF025FA9CE705F0AD
S21401FCD0020213430BD0864B19788E1F7142714175
S21401FCE02620FFF721FD0120FFF7C8FECEE704F02E
S21401FCF080531A4309D07E4B1978881F41424141EF
S21401FD002620FFF711FD0220EEE704F088410B43A1
S21401FD1006D0774B19788A1F514251412720F0E7C8
S21401FD2005F008030B4302D02320FFF7FDFC6B0709
S21401FD3003D500212420FFF7F7FCEF07A6D5002105
S21401FD402520FFF7F1FCA1E738680AAA31461CF026
S21401FD5081FE20B1654840F2CF61E6F7CFF8BDF8E5
S21401FD601610386802310AAA89B21CF075FE20B155
S21401FD705E4840F2DE61E6F7C1F80023009338687A
S21401FD80042304AA31461CF08BFE042804D05748ED
S21401FD9040F2E461E6F7B2F8DFF8609199F80030D6
S21401FDA0002B40F0AD800DF111001DF074F900F04C
S21401FDB00700022840F0A480FFF772FC01460920E4
S21401FDC0FFF7B2FC4A4B1B78062B23D1494B9DF813
S21401FDD013201B789A421DD19DF8353023B943482C
S21401FDE040F2FA61E6F78AF80DF111001DF053F9B9
S21401FDF0C0F3001631462920FFF796FC00210820A3
S21401FE00FFF730FC3C4B1E70FFF72EFD10B938682B
S21401FE10FDF704FBE20505D5FFF742FC0146042089
S21401FE20FFF782FC14F4863F05D0FFF739FC014644
S21401FE300220FFF779FCA30111D5FFF731FC01463B
S21401FE400820FFF771FC00210420FFF70BFC284B6C
S21401FE501B78012B03D1224B1868FDF7DFFA14F04B
S21401FE60084F09D0FFF71CFC01460720FFF75CFC92
S21401FE7000210420FFF7F6FBA70009D5FFF710FCC9
S21401FE8001460620FFF750FC00210420FFF7EAFB9D
S21401FE90A60705D5114B1B881C0701D5FFF706FDE4
S21401FEA0680603D500210A20FFF73EFC290602D585
S21401FEB001201DF089F8EA0540F1C18040461CF09A
S21401FEC0B1FC052800F2B1800138042800F2B780A1
S21401FED0DFE800F0B2C2B2B2B20000BFB249002001
S21401FEE00C400020A1540020B7160020200B05006E
S21401FEF0A25400209D540020B6160020A5540020D0
S21401FF00BDF816000830012180B202F0C5F9039051
S21401FF1000283FF4CFAE02F0F9F80799BDF8182093
S21401FF20064620F0BFF8089941B1BDF81800BDF8A3
S21401FF301620121A92B2304420F0B4F899F800A0B4
S21401FF40BAF1000F20D106F1010B58461DF0A3F8B7
S21401FF50800659D538681CF06FFD0746FFF7A0FBF1
S21401FF6005370146F8B2FFF7DFFB58461DF093F858
S21401FF7000F0070003283E4F2DD001210420FFF793
S21401FF8071FB1CF03CF9386000223A49BDF8163086
S21401FF900978F154F7189DF83630BB709DF8373064
S21401FFA0FB700A9BFB71190E3971190C7971190ACC
S21401FFB099F80030B97123B973789AB343F02003E6
S21401FFC07370002001F0B8FD7870039802F0C0F954
S21401FFD018F064F81EE701210922304600F030FDD2
S21401FFE0305C04284FF00101C8D1FFF73BFB1CF041
S21401FFF006F9214B38601B885906C5D55146402065
S214020000FFF730FB0122C0E7FFF74AFB0146092053
S214020010FFF78AFB194B1B78012BB5D13868FDF721
S214020020FDF9B1E723F02003CAE7342804D00FD83D
S214020030142801D0242811D12620FFF783FDAB0512
S21402004012D50121802011B0BDE8F04FFFF70ABBA0
S21402005000F0EF004428EEE72720EEE7084840F6D7
S214020060E601E5F74BFFEAE711B0BDE8F08F00BF07
S214020070F83F0020B8160020B2490020A254002003
S214020080200B0500F8B5164E33780D4602F0010433
S21402009023B1144840F2B631E5F730FF124B134F46
S2140200A01D60134DA4B1134B997801B10121202094
S2140200B0FFF7D8FA2B783B700F4B1C780F4B104883
S2140200C01C7004233370BDE8F840002102F050BAD9
S2140200D021462020FFF7C6FA2B783B70EEE700BFDA
S2140200E0A2540020200B0500FC3F00209F54002055
S2140200F0BA16002000400020A0540020A154002080
S214020100381300202DE9F843DFF8A481634C16F07B
S214020110B4F8B8F8003013F4807F054603D023788D
S21402012073BBFFF723FB00210846FFF7FDFA5C4B83
S2140201301A78FF2A13D01A7802F0FF0632BBFF2283
S2140201401A702378052B0AD100232846237016F04E
S2140201509AF830461CF02BFF16F08FF805462378E7
S214020160504E062B09D13378FF2B06D03378022B5C
S21402017015D14D48002102F0FBF9FF2333702BE026
S21402018000214FF48070FFF76DFACCE71A78012A47
S2140201904FF0FF021A7014BF33264C26D4E733788A
S2140201A013B13378012B22D1FFF75EFB96F800904D
S2140201B007463D4802F078FAFF235FFA89F9337062
S2140201C077B1B9F1010F44D1374884F80090642121
S2140201D002F0CEF9FFF772FA284616F054F806E057
S2140201E02846277016F04FF838461CF0E0FEB8F89E
S2140201F000301B0605D500218020FFF733FA17F0E2
S21402020053FF02F0B7F8294E308000B32778012F4B
S21402021042D101F07BFF054610B301301CF03BFFD4
S21402022000F44060B0F5006F1AD104223946284621
S21402023000F006FC28441CF02EFF4FF6FF7398428F
S2140202400ED13188002001F09BF900233380BDE8EF
S214020250F88300232846237016F015F83F20C4E7DB
S214020260114802F021FA00210846217001F03AF9FD
S214020270012523780BB9FFF779FA3188002001F0BF
S2140202807FF900233380002DE1D020780028DED1CC
S214020290BDE8F8431DF060B80025EAE7A254002046
S2140202A0B7160020B616002038130020B0490020EA
S2140202B0B249002008B513460A461946064B186886
S2140202C01BF0ADFF30B1BDE8084004484FF49C6116
S2140202D0E5F714BE08BD00BF0C400020200B050049
S2140202E008B513460A461946064B18681BF091FFD6
S2140202F030B1BDE80840044840F2E741E5F7FEBDEC
S21402030008BD00BF0C400020200B0500024B1878E9
S214020310B0FA80F040097047A2540020024B1878C9
S214020320431E584258417047A254002008B5064B57
S2140203301B7823B105484FF4A261E5F7DFFDFFF70E
S21402034015FA002008BD00BFA2540020200B0500AD
S21402035008B5064B01EB8101186849001BF0EFFE59
S214020360002814BF2120002008BD00BF0C4000203A
S21402037008B5044B1868F8F71FFB0A2390FBF3F046
S21402038040B208BD0C400020014B1878704700BFF1
S214020390B916002008B5044B18681CF08CFAB0FA9F
S2140203A080F0400908BD00BF0C40002038B5124D51
S2140203B02B78012B0C4604D9104840F23151E5F750
S2140203C09DFD21460020FFF7E5FF90B10C4B1C7007
S2140203D02B785BB9FFF7CAF90A4B93F900100A4B60
S2140203E0C90118681CF0E1FA002038BDFFF766F96B
S2140203F0F2E72120F9E700BFA2540020200B0500F7
S214020400B9160020A45400200C40002008B5054B65
S214020410012118681CF027FA0028B8BF033040F301
S214020420870008BD0C40002008B5074B18681CF072
S2140204303CFA30B1054BB3FBF0F083B20BB1184671
S21402044008BD0120FCE700BF0C40002040420F0020
S21402045008B5074B18681CF02CFA30B1054BB3FBF5
S214020460F0F083B20BB1184608BD0120FCE700BFCE
S2140204700C40002040420F002DE9F347534F012065
S21402048017F03CF83B88990704D4514840F63541AA
S214020490E5F734FDDFF85C8198F80030053B012B68
S2140204A004D94B4840F63741E5F728FD494E3368F4
S2140204B023B9474840F63A41E5F720FD3C8814F058
S2140204C020045CD001212220FFF72EF94FF47A7423
S2140204D0FFF7BEFF33681B780933434304EBC304BC
S2140204E098F80030062BA5B20BD1FFF79DFF044605
S2140204F0FFF7AEFF602358430C2303FB0400284497
S21402050085B2D6F80090344B99F800801C78334EAA
S21402051008F1FF381FFA88F8002C3FD13B885A05AD
S21402052032D57378DFF8C8A026468AF80030CAF8B3
S214020530085016F06FF830B116F06AF8012814BFAA
S214020540102308231E43264D802349462868424628
S2140205501CF074FA234B1978234B19703B889B06C0
S2140205601FD5CDF800A0214B28683246FCF76CFF59
S21402057010BB002002B0BDE8F04716F0BFBF214610
S2140205802220FFF7D1F8A3E709F101001CF083FD52
S21402059010F020047378C5D00124C3E773780024D2
S2140205A0C0E7134B28683246FCF740FF014618B9ED
S2140205B02520FFF7B9F8DCE721462620FFF7B4F836
S2140205C0034840F6DD31E5F799FCD2E7B249002050
S2140205D0200B0500FC3F0020A5540020BB1600207F
S2140205E00C400020B9160020B8160020004000205B
S2140205F0FC120020A254002008B5174B1B889B074C
S21402060004D4164840F6AD61E5F778FC144B1B7827
S214020610053B012B04D9114840F6AE61E5F76EFCA6
S214020620104B1B6823B90D484FF46B61E5F766FC67
S2140206300D4B0E49002221201A70FFF775F818B9E3
S214020640BDE80840FFF718BF022803D1BDE80840FE
S214020650FFF714BA08BD00BFB2490020200B050000
S214020660A2540020FC3F00209C54002009080200EF
S214020670F8B5594C23889A0704D5584840F2DF212A
S214020680E5F73CFC564802F00FF815F0F6FD238815
S2140206905B0705460BD51BF0B2FD524B1B68C01A12
S2140206A0B0F5717F03D900210420FEF7DBFF284650
S2140206B04D4D15F0E8FD2B78042B32D115F0DDFDFB
S2140206C023885F07064608D54548002101F050FFFB
S2140206D03046BDE8F84015F0D6BD15F0D4FD15F04D
S2140206E0CCFD424B424F1B78064613B92388590568
S2140206F00FD50523012102202B70FEF7B3FFFFF76B
S2140207007BFF304615F0BFFD3B68DA78394B1A702E
S214020710F8BD386801301CF0BEFC8206E9D5062317
S214020720E8E7062B4DD1344B1B78FF2BF0D1334E26
S21402073015F072FF3378002B3DD015F09EFD23880E
S2140207405B07054605D52648002101F011FF28461D
S214020750BFE715F098FD3378013B337015F08DFD39
S214020760012104460220FEF77DFFFFF745FF2046E3
S2140207701F4C15F088FD206801301CF08CFC00F43C
S2140207804060B0F5006F13D1246801210422204690
S21402079000F056F920441CF07EFC0146184B1A78ED
S2140207A03378D21AD2B2BDE8F84004201AF091B8D3
S2140207B04FF6FF71F2E72B704020BDE8F8401CF0C0
S2140207C0F6BB012BA4D100232B700E4B1868FCF746
S2140207D025FE3F20F1E700BFB2490020200B0500AE
S2140207E038130020F83F0020A2540020A554002011
S2140207F0FC3F00209D540020B61600209F54002087
S214020800BA1600200C40002008B50A4B1A7882B9A6
S214020810012210281A7004D0074840F6A461E5F7B2
S2140208206DFB00212020FEF71DFFBDE80840FFF704
S21402083023BE08BD9C540020200B050038B51020AE
S2140208400C460121FEF70EFF064B1D68FFF7ECFD76
S214020850054B00FB04F1012228461BF0EDFF0020A9
S21402086038BD00BF0C400020A9F9010008B5094BAD
S2140208701B88DB0604D4084840F2A751E5F73EFB86
S21402088010200021FEF7EEFE044B1868BDE8084073
S2140208901BF0E0BFB2490020200B05000C400020F0
S2140208A010B5064C20681BF08EFCC30704D52068E2
S2140208B0BDE810401BF089BC10BD00BF0C400020F4
S2140208C008B5094B0122186811461BF0B1FF00213A
S2140208D02C20FEF729FF00210A20FEF725FFBDE89F
S2140208E0084016F00ABE00BF0C4000200148E5F79B
S2140208F005BB00BF3A0B0500014B4008185C704769
S214020900B216002008B513460A461946064B186862
S2140209101BF08BFC30B1BDE80840044840F6DB41D2
S214020920E5F7ECBA08BD00BF0C400020200B05001E
S21402093008B5044B18681BF079FF013818BF012070
S21402094008BD00BF0C400020054B10B54C002246E7
S214020950014618681BF0CCFB031B5842584110BDD9
S2140209600C40002070B5054615F087FC0E4B0F4E66
S2140209701B883570DA07044608D50D4B0D4D1B78DB
S214020980012B08D9012128681CF054F82046BDE83E
S214020990704015F078BC1BB115F034FEC305F1D4D7
S2140209A0317881F00101EEE7B2490020B11600204D
S2140209B0A35400200C4000200C4B1B88DB0710B50C
S2140209C0044611D5FFF736F8094B84F00102186881
S2140209D0D20008211BF07BFB30B1BDE81040054871
S2140209E040F63C71E5F78ABA10BD00BFB249002056
S2140209F00C400020200B050008B5044B0146186881
S214020A001BF01EFC003818BF012008BD0C40002059
S214020A1010B50A4C23787BB1FFF752FF0021042061
S214020A20FEF720FE00210220FEF71CFE00232370A4
S214020A30BDE81040FEF79ABE10BD00BFA2540020CB
S214020A40032A134601D91CF0CDBA014AD05C70477E
S214020A50440B050018B1034B196000207047024B87
S214020A60FAE700BF10400020144000202DE9F843AA
S214020A701046DFF8248117461CF00DFBD8F800302C
S214020A8005462BB9424B1B6813B90020BDE8F88314
S214020A9015F4406905F040060FD136BBB5F5804F18
S214020AA052D24FF48074D8F80030002B56D1384B0F
S214020AB01B68002BE9D0002262E0F81C1CF0EBFA5F
S214020AC04FF6FF73984214BF0124022486B105260E
S214020AD005F44043B3F5004F44F0080424D0B5F5BE
S214020AE0804F23D244F4807420E04C460326EFE77E
S214020AF0B5F5804F4FF00506F4D3B9F5406F14BF35
S214020B0002200820304438441CF0C5FA214BB3F8C2
S214020B105C3005F4404583420CBF44F0080444F0C0
S214020B200404B5F5004F01D144F08004B9F5006F16
S214020B300ED1B8191CF0AFFA164BB3F85E308342EA
S214020B40B1D144F01004AEE74C4603260220D9E7A2
S214020B50B9F5406F08BF44F02004A4E70022D1B2E2
S214020B6033F8110033F911100029A0DBA04202F17C
S214020B700102F4D1012089E7A04202F10102F9D074
S214020B80D1B233F8110033F911100029F4DA7CE7F8
S214020B9010400020B4400020144000202DE9F04F01
S214020BA0104685B0164698461CF075FA5D4F00F062
S214020BB00803B7F85C100293044600F00709F01C1D
S214020BC00391B7F85EB01CF066FA06F1050A054610
S214020BD050461CF060FA03464FF6FF70854218D066
S214020BE00399A1EB050CDCF1000545EB0C056D0045
S214020BF04FF6FF718B420ED145F0040500F0ECF97A
S214020C00029B6BB1B9F1000F11D0422005B0BDE8CE
S214020C10F08F0125ECE79B4508BF45F00805EDE798
S214020C20B9F1030FF1D8DFE809F0021B795D00F095
S214020C30D3F908B9A807E8D524F00804A4B2B4F595
S214020C40004F05D0B4F5624F02D0B4F5404FDCD168
S214020C50002597F8A820294600201CF043FB3CE01C
S214020C60D7F88030E3B9002132460846FFF7FEFE89
S214020C70D8B924F038039BB248F641029342C4D155
S214020C800A2D49D0062DC0D197F87730023B012BAA
S214020C90BBD8FFF743FB0028B7D140F6040505E0B2
S214020CA04146304698470028DDD00825E20648BF70
S214020CB045F08005A30648BF45F4805505F00C03B1
S214020CC0042BC6D1F01D1CF0E6F997F8A830009365
S214020CD032462B4641461CF0DAFA08B30E9B1880C1
S214020CE0002093E7A90705D1B7F85C204FF6FF73FB
S214020CF09A428AD104F44063B3F5006F0AD0B3F582
S214020D00406F82D10849082250461FF0F3F90028A6
S214020D107FF47BAF0C25C9E70425C7E7432075E7B8
S214020D20192073E7B440002014410020074A0849FE
S214020D3000231360074A1360074A1360074A1160CC
S214020D40074A01211170074A1360704724400020A9
S214020D503FD30300204000201C40002058130020F0
S214020D60BE1600202C4000200E2A70B50C46064601
S214020D701546194603D9FFF7D9FF502070BD012842
S214020D8007D10020FFF7E4FAF8B1FFF7CFFF2120E2
S214020D90F4E7284B4FF4FE421A80274B7F221A7044
S214020DA0264B80221A70264B00211980254B19608B
S214020DB0254B1B684BB1342001F06EFA234B18808A
S214020DC018B9FFF7B3FF0120D8E724F0FF6323F436
S214020DD0FF231BB1FFF7AAFF4F20CFE77CB92046BF
S214020DE0FFF7D2FA10F0800F43B24FF001041BBF98
S214020DF000F01F039C409C4044F078440325144BAB
S214020E0014491E70144B1D70144B24F078441C6059
S214020E10134B00201870134B1A6800F0E3FA18B14F
S214020E20FFF784FF0420A9E70F4B9DF810201A70E5
S214020E30A4E700BFB6490020A7540020A65400200D
S214020E40B4490020284000201C400020B849002059
S214020E50AC54002055120200AA5400202C40002058
S214020E60AB54002024400020A85400207FB5244B19
S214020E7024481A7824490078012303FA02F21A4415
S214020E8000250A60ADF80E5020B3984236D11F4CAA
S214020E901F4B20781B681F4E0DF10E019847BDF8B8
S214020EA00E20307092B11C4B009301950223294606
S214020EB0284600F0D1FA3278237822B1012A06BFFA
S214020EC00133DBB21B23237004B070BD013818BF98
S214020ED00120F0E778235A43013A0A600F490822B4
S214020EE000F086FC0B49094A0978137821B10129DA
S214020EF006BF0133DBB21B231370E5E71846E3E7B0
S214020F00AA540020AC54002030400020AB540020ED
S214020F1058130020BE16002091120200210F020074
S214020F2010B5244B244C1878002834D1FFF76EFAFB
S214020F30224A136801331360214A92F90010814253
S214020F40B8BF10701F4A92F900108142C8BF1070D5
S214020F50012B1D490DD10002088023680BBB1B48DC
S214020F601CF07EFC014620BBBDE81040174801F08D
S214020F70FFBAB1F90020A2EB221303EB00131BB257
S214020F800B801349A0EB2323A0EB22200A8813FB35
S214020F9000230B80E1E72368002BE0D04FF4707249
S214020FA000E008220B49002000F022FC2368013BE7
S214020FB0236010BDAC5400203040002028400020A2
S214020FC0A6540020A7540020B64900205C13002037
S214020FD0B4490020210F0200054B1B682BB9054BB4
S214020FE01868003818BF012070470120704700BFFC
S214020FF0204000201C40002037B505461C46FFF75F
S214021000EBFF68B974B1084B1A60084B1C600123E9
S21402101000930A4603232946FFF7A6FE03B030BD17
S2140210204D20FBE72520F9E718400020204000204D
S21402103013B50446FFF7D0FF58B962B1074B1A60E2
S214021040012300930A4603232146FFF78DFE02B0D2
S21402105010BD4D20FBE72520F9E700BF1C4000200D
S2140210602DE9F0410446DDE906869DF820701D460E
S214021070FFF7B2FF88B99EB1A2B10B4B1A600B4BB9
S214021080C3F800800A4B0A461E60214606972B4686
S2140210900120BDE8F041FFF767BE4D20BDE8F081B4
S2140210A02520FBE72120F9E75813002024400020E2
S2140210B020400020014800F04FBE00BFB849002083
S2140210C02DE9F0410020FFF7A3FC0F4B0F4C1E68E2
S2140210D00F4B20881D680F4B0F4FD3F8008010B1BE
S2140210E0397801F04BF800203870FFF71FFE00F049
S2140210F033FC0EB14046B0471DB12088A8470023F6
S2140211002380BDE8F08100BF20400020B8490020BF
S2140211101C4000202C400020AD5400202DE9F04752
S2140211203D4801F0C1FA3D4B1C78002C42D13C4FA1
S2140211302046FFF729F93B680546002B3AD0394E80
S214021140DFF804A1DFF80481DFF80491012B1EBF4B
S214021150348803F1FF33B4FBF3F4334B34801C685A
S21402116034B19AF9013098F9002099F90010A04795
S2140211702E4B1B688BB12E4C2378312B0DD82D4B62
S214021180188800F0C3FF23785A1C227098F80020B3
S214021190C25423785A1C2270C5544FF4FE43AAF850
S2140211A000307F2389F80030802388F8003000233F
S2140211B033803B60204C23781A2B23D81F4A1278A0
S2140211C0012A09D11E4A1568002125FA03F0C00734
S2140211D0DAB20FD501B122700020FFF7D5F82178D8
S2140211E0884213D1174B00221A70FFF73FFE48B908
S2140211F0BDE8F0870133D8B21A284FF00101E4D9CE
S2140212000A442270BDE8F047FFF75ABF0020FFF7F6
S214021210CDF80028E6D0F5E75C130020AC54002099
S21402122028400020B4490020184000201C4000201E
S214021230AD540020B8490020AB540020BE16002052
S2140212402C400020A9540020B6490020A6540020B5
S214021250A754002008B50B4B187880B90221FFF777
S21402126065F8094B1B782BB100214FF6FF72084632
S214021270FFF736F8BDE808400448FFF74FBF0021E5
S2140212800846ECE7AC540020A85400205C1300206B
S21402129038B5144B1D78012D0C4621D181B908466C
S2140212A0FFF772F8104A1149136805FA00F023EAAC
S2140212B00003136020462A46BDE8384000F098BA7C
S2140212C00B4A13780133DBB2022B137004D9BDE844
S2140212D038400848FFF722BFFFF7C8FD0028F6D1BE
S2140212E038BD00BFAC5400202C400020210F020065
S2140212F0A95400205C13002038B50948094D00F0B7
S2140213002BFD002495F84430E0B2834200D838BD65
S21402131005EBC000043000F01FFD0134F2E700BF09
S21402132054410020B440002008B503491046482224
S2140213301EF0B8FE002008BD0C41002008B5054886
S2140213401CF08EFA014620B9BDE80840014801F0BB
S2140213500FB908BD7C13002038B51C4B00221A704A
S2140213601C4615460132082A5D609D8043F8085FD8
S214021370F8D14822002116481EF0E6FE4FF6FE730C
S214021380A4F868307F226FF4803300211148E365A9
S2140213901EF0DAFE104B84F84450C4E92835C4E93E
S2140213A0125584F85050656584F8A850E4F700FF9B
S2140213B00A4B18700A4BFF22012100201A70DFF731
S2140213C0A3FA0020FFF7BAFF002038BDB440002081
S2140213D00C410020344000200000FFFFAE540020E5
S2140213E005550020094B10B5AC2404FB0030836C75
S2140213F053B990F850403CB931B1C0E912122046B8
S214021400FFF79CFF204610BD2120FCE7B4400020D9
S21402141070B5AC230A4E03FB00F5731993F85040DF
S2140214205CB9204610F0F4FD735D204643F00203DB
S2140214307355FFF783FF204670BD0120FCE700BF0F
S214021440B4400020AC23034A5843135C23F0030342
S21402145013547047B440002070B516461F4A1278DF
S2140214600446C2BB1E4DAC2101FB00518A6C92BBE6
S21402147091F850203AB1022B2DD191F84410072949
S21402148007D91C2026E091F844100729F9D8012B29
S21402149008D0AC2000FB0450CA00011D0C301EF020
S2140214A039FE0021AC2303FB04F000EBC101294402
S2140214B09DF81430CB71049B8B602B18002493F894
S2140214C044208E80013220468C7183F84420FFF738
S2140214D035FF204670BD0120FCE700BFA554002062
S2140214E0B4400020F8B5234B1B7804460F46002B69
S2140214F03ED1214DAC2303FB0053B3F8A03023B9F1
S2140215001E4840F23631E4F7F9FCAC2202FB0452E4
S214021510D2F8A46036B192F8A330B2F8A0203946C9
S2140215200020B047AC236343EA180021A2F8A010BB
S214021530C2F8A41092F8A820482101FB02322A44DD
S214021540D2F89820964213D0EB5C9B070CD5AC22BF
S21402155062432046AB5C23F0020343F00103AB5424
S214021560BDE8F840FFF7EABE10F074FD0028EED1A1
S214021570F8BD00BFA5540020B44000208B0C050027
S2140215802DE9F04F8BB00D460790084600F0BEFDE1
S214021590044618B921200BB0BDE8F08F284600F0AB
S2140215A0D1FDC0B208382218215C92F802B092F837
S2140215B003A05268069200222678B4F80130ADF8ED
S2140215C02620434A059192F80090B9F1000F09D0FF
S2140215D0404B1B6823B14FFA8BF251462046984780
S2140215E00020D8E703F00703022B6ED0013409224D
S2140215F049462046FFF724FA023EF6B2331ADAB21A
S2140216001B0607460392C5D4DFF8CC80D8F8903084
S2140216102BBB00210DF12609039BCDF80090224634
S2140216200846FFF7BBFAC3B20546002B48D1BDF801
S21402163026001BF07DFDC8B9BDF826001BF074FE1F
S2140216400490BDF826001BF073FDD8B9012332467C
S2140216502146484600F0A6FEC8B119209BE74A4636
S2140216600121284698470028D3D193E7D8F894302A
S214021670BDF82600002BDFD0E11998470028DBD101
S214021680022088E7039A0498E1191EF00BFDBDF8C4
S214021690260000F03BFD059B8372069B079A80F8A6
S2140216A008A01BBAC360AC2303FB028380F809B010
S2140216B093F85020BDF8260022B1DB6C03B19847A0
S2140216C0E8B268E7D8F87830F8E7012063E700BFA9
S2140216D0A5540020F43F0020B440002070B50A4C08
S2140216E0AC2303FB004305465E6D26B9074840F26D
S2140216F0F731E4F703FCAC2303FB054400236365E0
S2140217003346BDE870401847B44000208B0C0500F5
S2140217102DE9F84308460F46164602F101091BF06A
S21402172008FE804638461BF0FCFC042856D1384694
S2140217301BF01BFD2C4C4FF6FF7248F6410348F691
S2140217406105904208BF1D46B4F85C10301D1BF0C0
S214021750A4FC38461BF009FD0146B01D1BF09DFC9B
S214021760B4F85E1006F108001BF097FC06F10A04B6
S21402177038460EF053F910B145F01005ADB22946C1
S21402178048461BF08AFC38461BF0CEFD4246014610
S21402179020461EF087FC3846012100F041FD4444F5
S2140217A0074660B100F0CEFC0546384600F0AEFCB7
S2140217B0EDB201462A4620461EF074FC2C440B4A23
S2140217C01378F370A41B591C013411703470304620
S2140217D00922BDE8F8430121FFF732B948461BF05B
S2140217E05AFC4C460546C3E7B4400020AE540020DF
S2140217F0084B10B40C461146AC2202FB0033586D5F
S21402180020B95C655DF8044BFFF718B802205DF856
S214021810044B7047B440002010B50B4BAC2250432B
S2140218201A18482492F8A81004FB0100034493F8FF
S2140218307700022806D092F850301BB9032818BF4A
S214021840012010BD0020FCE7B440002070B508B1AE
S214021850012070BD234C94F8A850002DF8D1B4F89E
S2140218605C202946FEF73CFDB4F85E202946284651
S214021870FEF720FD04F1600229462846FFF742F8EB
S21402188094F87730002BE3D0284694F85860FEF799
S2140218907BFD864215D1002094F95A50FEF768FD6A
S2140218A0854216D10020FFF7B7FF04460020FEF758
S2140218B02DFD0028CDD021460020BDE87040FEF761
S2140218C035BD94F858102846FEF770FD0028E2D081
S2140218D0BFE794F95A100020FEF73AFD0028E1D03F
S2140218E0B7E700BFB440002010B51446174A0346B7
S2140218F0AC2000FB032292F8770002280CD1E07F8E
S214021900022809D141B112490978012913D992F85E
S2140219105810227891420ED121781846FEF73AFDE9
S21402192090B10C48482221461EF0BCFB0020FEF770
S214021930EDFC08B9002010BD044B93F8A80000285F
S214021940F8D1FFF783FFF5E72120F4E7B440002043
S2140219508B1600200C41002008B5094BAC2202FB76
S214021960003300205A6DD86483F8500012B15865CF
S214021970FEF77CFF0020FFF769FF002008BD00BFCE
S214021980B44000207FB51C4C94F8A83023B1002048
S21402199084F8A800FFF75AFFB4F8A05094F85A301B
S2140219A08DF80F3025B9154840F2ED21E4F7A6FA76
S2140219B0134A29460020FFF7ABFEE66F104C02469C
S2140219C09EB10DF10F030193002300932146284692
S2140219D0B0470246247854B920462146FFF782FDD6
S2140219E02046FFF7ABFC04B070BD0122F2E70449C3
S2140219F00020FEF747FBF6E7B44000208B0C0500FC
S214021A003440002038B5494B1C78002C58D1484841
S214021A1000F04AFE2046FEF779FC002850D0454CDE
S214021A202378D90733D594F850201AB123F003034C
S214021A30237045E023F00103237010F0F3FA2378B5
S214021A409A07054601D510F0E3FA2946002010F061
S214021A50DFF940B9237843F0010323702846BDE836
S214021A60384010F0D5BA002384F8A33094F8A83092
S214021A7084F8A250482202FB0343A4F8A000D3F83D
S214021A809830C4F8A430BDE83840FFF77BBF94F81E
S214021A904400B0B1251D95E8030004F1A00383E8D5
S214021AA00300FFF76FFF94F8442004F10C01D20004
S214021AB028461EF02FFB94F84430013B84F844304D
S214021AC038BDA26C62B99B0711D5237823F00203B6
S214021AD043F001032370BDE838400020FFF72EBC18
S214021AE0012384F85030A064904723789EE710F0D4
S214021AF0B1FA0028E9D194F8A83073B1F4F77CFC67
S214021B0094F85030002BDBD1FF2818BF84F8A800C9
S214021B10BDE838400020FFF799BED4F88C30002B81
S214021B20ECD098470028CBD1E8E700BFA5540020A8
S214021B307C130020B4400020034BAC2202FB00338F
S214021B4093F8A800704700BFB440002070B5044662
S214021B500020FEF7DBFB0C4EAC235C43351995F8F0
S214021B6050300BB1002070BD0028FBD007481BF098
S214021B7077FE0028F6D1335D002BF3D195F84400AA
S214021B80B0FA80F04009EEE7B44000207C13002053
S214021B9028B1034B1B68C01A4010013080B2704750
S214021BA07041002030B1044B00F100401B68013840
S214021BB003EB4000704700BF7041002010B503469B
S214021BC01BF0EDFB074A03EB400314684FF6FF7267
S214021BD09C42184604D90188914203F10203F7D0C9
S214021BE010BD00BF684100202DE9F047204F3B881A
S214021BF00546A3B3B0F90230002B30DBDFF87C8059
S214021C001C49D8F800001EF043FA20B91A4840F2E0
S214021C10CD11E4F773F9DFF860A0DFF864900026D0
S214021C203A88B3B29A4204D840F2CF115046E4F74B
S214021C3065F9D9F80030D8F80010B2B203EBC20446
S214021C4053F8320068B943F83210A3880133A380F0
S214021C5028461BF0A4FBE38803EB4003E380BDE8C1
S214021C60F0871EF015FA01360028D9D1EDE700BF3D
S214021C70BA490020480B0500520B05009C130020B1
S214021C806441002038B5094C094D22682B689A42F7
S214021C9004D908484FF48371E4F730F928682368BA
S214021CA0C01A20F0010080B238BD00BF6841002093
S214021CB06C410020520B050008B50B4B0B4A1A600C
S214021CC00B4B0C491B6823F0010313440B600A4BB1
S214021CD01A60FFF7D7FF642805D8BDE80840074812
S214021CE0F021E4F70BB908BD70410020D82F002080
S214021CF004EC04006C41002068410020520B0500F1
S214021D0038B5094C094D22682B689A4204D3084814
S214021D104FF48671E4F7F2F828682368C01A20F0B8
S214021D20010080B238BD00BF704100206C41002027
S214021D30520B0500064B1B68834206D8054B1B68F0
S214021D40834294BF0020012070470020704700BFE6
S214021D5070410020684100202DE9F0411D4B1B78A0
S214021D60012B044624D10088FFF71CFF0546D8B194
S214021D70DFF8648004262C4614F07FFA07462046D5
S214021D80FFF732FF638843EA08036380A05BFFF72E
S214021D9009FF0446384614F076FA1CB1B4F902304C
S214021DA0002BE9DA062E01D1BDE8F0810626E2E72D
S214021DB0022BF9D114F061FA02462088FFF7F2FEF0
S214021DC018B10388C3F30E032380BDE8F041104622
S214021DD014F059BAAF5400200080FFFF2DE9F04FEF
S214021DE0BA4BDFF8FC82BA4F97B0002406461C8036
S214021DF014F043FA01233B70B8F80030ADF8163001
S214021E00B44BA8F800401B68019314F03CFAB24B9E
S214021E101A88B24BD200186821461EF095F90DF1C9
S214021E201600FFF799FF002E3CD1DFF8B892D9F8DA
S214021E3000404FF0000B0125019B9C4239D3BBF1B9
S214021E40000F39D1002DF2D0D9F80040DFF898A261
S214021E5025462246019B9A4273D302230DF11600B1
S214021E603B70FFF779FF002E40F08F80D9F80060B4
S214021E703246AA4280F0A2809088FFF793FE18B1FD
S214021E800388C3F30E039380D088FFF78BFE18B146
S214021E900388C3F30E03D3801046FFF78FFE024675
S214021EA0E7E79847E3B2013456F82330002BF8D11F
S214021EB0BBE7BBF1000F3ED00BF1FF335FFA83FBAB
S214021EC016AB03EB8B0252F8402CB2F90200518893
S214021ED00028B1DA4B04AFD4924641F48040931DF9
S214021EE02AF8020F02933AF8020FFFF75BFEF0B1F0
S214021EF0B0F902E0B0F802C0BEF1000F17DB6FEADD
S214021F004C4C6FEA5C4CA0F802C00390FFF76CFEE4
S214021F10BBF10F0F9FBF16AB03EB8B00039A40F883
S214021F20402C9ABF0BF101035FFA83FB0025029B4C
S214021F309A45D8D180E72046FFF740FE224604465F
S214021F40C3E710461BF02BFA8346B2F9020011884B
S214021F5000280AEA010108DA2046FFF719FE0843BC
S214021F6081B204EB4B0402EB4B0511801046FFF7DF
S214021F7025FE02466EE798475FFA8AF30AF1010ADF
S214021F8056F82330002BF6D170E74FF0000AF3E73D
S214021F903046FFF713FE82467EB1B6F902307188EC
S214021FA0002B0ADA3088C0F30E00FFF7FBFD8642EC
S214021FB003462DD1C1F30D0171805646AE42E7D3DA
S214021FC0DFF81CA114F059F90021064650461BF012
S214021FD087FAFFF7E7FD0546002800F087803046BF
S214021FE014F051F928461BF0DAF906462046FFF7A8
S214021FF0CFFD760081463246294620461EF08AF8F4
S214022000002249460DF116001BF0FEF93444D9E7CA
S2140220101BD930461BF0C3F9C1F30D014200718093
S21402202092B2314618461EF075F8C6E75046FFF7DC
S214022030C5FDD146854203D9B0F90230002B01DA3C
S214022040824603E0FFF7BAFDF4E7B146554507D9E5
S214022050BAF80000C0F30E00FFF7A4FD8245E5D3F0
S214022060B9F1000F30D0B9F80000C0F30E00FFF748
S21402207099FD034638B93346CB46994513D8B14540
S2140220809BD0D946ECE748461BF089F9B9F80220FE
S214022090C2F30D02A9F80220420092B2494618463F
S2140220A01EF038F8E7E718460193FFF787FD019B15
S2140220B09B46854203D9B0F90230002B01DA03466B
S2140220C0DBE7FFF77BFDF4E7CB46DAE7BC49002007
S2140220D0AF54002068410020BA4900206441002025
S2140220E0BE490020704100200080FFFFBDF8163078
S2140220F0A8F80030044B387030461C6014F0C3F861
S21402210017B0BDE8F08F00BF6841002010B5044646
S21402211008B9002010BD1BF053F920B9084840F258
S214022120C441E3F7EBFE2046FFF73CFD0028F0D063
S2140221300388DB0B14BFD0F80A000830EAE700BFBA
S214022140520B050010B508B9002010BDFFF72AFD96
S21402215004461BF02CF920B9074840F2DE41E3F7AB
S214022160CDFE002CF0D02388DB0B0ABF60882089C6
S214022170C0F30C00E9E700BF520B05002DE9F04161
S2140221800546FFF70FFD0F460446D8B11BF00FF9C0
S21402219020B9214840F2F141E3F7B0FE2846FFF7A6
S2140221A0D1FF05462046FFF709FDBD42064609D087
S2140221B004D8194840F2F941E3F7A0FE2588ED0B52
S2140221C002D02781BDE8F081678020461BF0E7F841
S2140221D0074604EB400814F050F8104B1A68B24257
S2140221E00AD1C3F8008014F04EF82A464046FF2172
S2140221F0BDE8F0411DF0A8BFA6EB0806B5B214F084
S21402220042F8072DF1D90023083D44F81730C8F8E4
S2140222100430A8F80250D5E7520B050068410020AA
S21402222038B5FFF7BFFC0D46044650B11BF0BFF8A9
S21402223020B9044840F23651E3F760FE023534F81E
S214022240150038BD520B050070B5FFF7ABFC0C4607
S21402225016460546B0B11BF0AAF820B90D4840F262
S2140222604151E3F74BFE3046FFF79CFC1BF09FF80C
S21402227020B9084840F24251E3F740FE023425F8FE
S214022280146070BDBDE87040024840F24651E3F764
S21402229035BE00BF520B05002DE9F843C41CA40846
S2140222A0274B64000434B0F5005F1E6881460F4673
S2140222B0A4B204D3234840F27251E3F71FFE13F090
S2140222C0DCFF21490B6880467BB9204B1D68761BD4
S2140222D0C6F34F06B44223D90025404613F0D3FF77
S2140222E02846BDE8F843FFF753BC7FB1174A156886
S2140222F05A1BC2F34F029442EED81448620005EB12
S214022300440404607FB913440B600CE0F61AC6F36B
S2140223104F067EB90B4840F28351E3F7EFFDDBE749
S21402232005EB44041C600023A5F80290AB80EB800A
S2140223302B80D2E7B442CFD8044A1568DDE700BF47
S2140223406C410020520B05006041002068410020CD
S21402235038B5054613F091FF294604460022044884
S2140223601BF052F82046BDE8384013F08CBF00BF81
S214022370BE49002038B513F080FF00210546044808
S2140223801BF0AEF80446284613F07DFF204638BD03
S214022390BE490020024B1888B0FA80F04009704708
S2140223A0BE4900202DE9F74F044600881F46FFF776
S2140223B0F9FB8846154606461AF0F9FF20B940484A
S2140223C040F2DA61E3F79AFD3388DB0B009306D01E
S2140223D033892B443381002003B0BDE8F08F208878
S2140223E0DFF8E0B0FFF7AEFE82463046FFF7E6FBC8
S2140223F0019013F042FFDBF80020019B9A428146CF
S2140224001DD1FFF73FFC854204D9484613F03BFF37
S2140224101A20E1E705EB0A0373803FB12088FFF735
S21402242075FE2A46414650441DF03CFE3046FFF7F4
S214022430C5FBCBF80000484613F025FFCBE713F0A8
S21402244022FF2088FFF77EFE2844009980B2FFF71D
S21402245023FF06460028DBD0FFF758FE8146208879
S214022460FFF754FE82462088FFF76CFE514602466E
S21402247048461DF017FE3046AFB1FFF747FE074647
S2140224802088FFF75FFE2A46414638441DF00AFEC2
S21402249001212088FFF7C4FE012102463046FFF7DD
S2140224A0D3FE268097E7FFF731FE80462088FFF7A7
S2140224B049FE2A46394640441DF046FEE8E700BF7C
S2140224C0520B05006841002038B50C460546FFF75A
S2140224D039FE844203D304482D21E3F70FFD284634
S2140224E0FFF714FE204438BD660B050070B506469D
S2140224F00D46FFF70BFE044648B13046FFF722FEB4
S214022500854203D302483521E3F7F8FC605D70BDCF
S214022510660B050070B50C4606461546FFF712FE1A
S214022520844203D304483F21E3F7E8FC3046FFF732
S214022530EDFD00B1055570BD660B0500014833215F
S214022540E3F7DCBC7D0B0500036910B55BB182685E
S214022550064B9A4201D1002010BD446914F0B8FF20
S214022560201AF9D5F7E74FF0FF30F5E73D250200D0
S21402257082684B4B9A422DE9F041056804460E46A6
S21402258015D121B1474840F20F11E3F7B7FC13F01B
S21402259074FE23691BB92B682BB924612C60BDE835
S2140225A0F04113F070BE1A6922611C61F6E714F05E
S2140225B08FFF8046E0F78CFB20B13A484FF49371C8
S2140225C0E3F79CFC6FF000439E4221694BD22B7BC3
S2140225D008EB0602002B4DD0AB6893424AD1531C3F
S2140225E0002949D06169994242D01EB9521AB2F105
S2140225F0004F3DD9636123696E689C4203D1294826
S2140226009A21E3F77BFC2F460023B4420BD0002B23
S21402261041D172696169891AB1F1004F32D83269C3
S214022620944237462CD12269BD420CBF6A603A6199
S2140226307BB92669B44203D11A48B521E3F75EFC9A
S2140226403B46012E05D062697169521AB2F1004FFB
S21402265023D99D420BBF6B681A69236122610CBFA6
S2140226606C601C6104E0434431B162699342C1D19B
S214022670BDE8F0811346B3E76A6822616C60B9E789
S2140226801646C6E7A8EB0202B2F1004FC7D93B4690
S21402269037463669B9E71F46F9E733463669D0E763
S2140226A03D2502007D0B050082681C4B9A4270B5E0
S2140226B00568044619D113F0E0FD236923B1A3424D
S2140226C006D100222A601A61BDE8704013F0DBBD15
S2140226D01A4611461269A242FBD12A68A24208BFD4
S2140226E029600B6100232361EEE7036993B19842E8
S2140226F06E6803D10A489A21E3F700FC2B46B442DF
S21402270009D122699D4218BF1A614FF0000308BF23
S2140227106A60236170BD33463669F0E73D250200E4
S2140227207D0B05002DE9F043174FDFF860808BB074
S21402273006460025BC7814B90BB0BDE8F083B7F89E
S21402274000908EB90096B8F8001023462A4603A8D1
S2140227501AF08AFF234603AA3146484614F0F1FED1
S2140227602544EDB20437E5E72346494603A800228E
S21402277014F0DEFE01230093B8F8001023462A4622
S21402278003A81AF071FFEBE78C0B0500C049002086
S2140227900148FFF7E1BA00BFC0490020F7B5154669
S2140227A0174A04460846118811B1164A1278CAB169
S2140227B0D4B10022294603B0BDE8F04014F0B8BEFA
S2140227C03A44D2B20436B778002FF1D0B6F800C039
S2140227D0AC45F5D184F0010400943B461AF044FF60
S2140227E003B0F0BD084EEEE702462146284614F036
S2140227F0A8FE284603B0BDE8F04015F0A6BA00BF12
S214022800C0490020BF1600208C0B050010B5074CEF
S214022810238843B10020FFF785FF054B0020FF22E7
S21402282020801A7010BD7020FCE700BFC04900204F
S214022830BF160020142810B518D8082805D118F09D
S214022840AEF8C401E4B2204610BD0E2802D118F03C
S214022850A9F8F6E7064B53F82040002CF3D00A28D6
S2140228602478F0D107F0E2FB0443EBE7FF24EAE723
S214022870B40B0500064A082312F8011B814205D054
S214022880013B13F0FF03F7D118467047012070474B
S214022890110C0500064A082312F8011B814205D0D6
S2140228A0013B13F0FF03F7D118467047012070472B
S2140228B0090C0500014BB3F868007047B4400020CD
S2140228C0004870471E410020014B1878704700BF31
S2140228D032540020014B1878704700BF3554002050
S2140228E0014B1870704700BF355400201F4B02285A
S2140228F010B51F4C187002D00438012820D823784F
S214022900042B0BD01B480021FFF732FE2378033B33
S214022910012B03D918480021FFF72AFE174B1B6824
S2140229209A0020D513F0805F0CBFBF24BC2420463B
S21402293010F086FCC8B92046BDE8104015F008B96C
S2140229400C48FFF7B1FE0C48FFF7AEFE1BF019F974
S2140229502378033B012B03D818F05CFD9124E6E7AD
S2140229600EF03EF8FAE79024E1E710BD3954002055
S2140229703A540020A0130020683C0020FC3C0020B3
S214022980024B187800F00F00704700BF3954002041
S214022990034B187800F00F00831E584258417047C8
S2140229A03954002008B51BF0D7F8A8B11BF0EDF893
S2140229B090B10A481AF01DFD70B109481AF019FDC7
S2140229C050B117F0F4FF38B110F04CFC20B9BDE856
S2140229D0084004481AF049BF002008BDC24900203A
S2140229E00A4A00207441002030B5182293B0002114
S2140229F004461DF0A9FBFFF7CBFF20B9114B1B784D
S214022A00033B022B1CD800216A460846FEF78CFCC4
S214022A10BDF8043023819DF80230A3729DF8003081
S214022A20E372204600251BF098FA257304F1140180
S214022A3004F110001BF025FBE081284613B030BDE0
S214022A409320FBE73954002030B593B005460C4678
S214022A50FFF79EFF20B90B4B1B78033B022B0ED8C9
S214022A606A4600212846FEF75FFC9DF80230237076
S214022A7000209DF800306070A37013B030BD932024
S214022A80FBE700BF39540020054B1878012805D013
S214022A9000F0FD00A0F1310358425841704700BFD4
S214022AA03954002010B5FFF707F914F02CFD10205A
S214022AB0FFF7C0FE04060DD50020FFF7BBFE00069A
S214022AC008D5284BD3F8EC2012F0020F12D1B0240E
S214022AD0204610BD1020FFF7ADFE01060ED40020E2
S214022AE0FFF7A8FE020609D51E4BD3F8EC2012F01B
S214022AF0010FEBE7D3F8E8309B07E8D51A4819F040
S214022B00BFFE01201AF06AFAE3F76EFB04460028BD
S214022B10DED100F059F915481AF07CFE00F07AF979
S214022B20E2F748FF14F0ECFC0AF03AFE0AF08CFEDC
S214022B30F3F772FCF3F7FAFBF3F714FC04F036FF34
S214022B4017F02FFF17F030FF10F0C2FE08480CF007
S214022B501DFE08F02FF818F029FC0028B8D018F04F
S214022B6027FCB5E70081E00F690345EC74410020BD
S214022B705921030010B51BF001F870B301F00AFEEC
S214022B8080F00104E4B20020FDF7D2FE44EA80049D
S214022B9024B21AF0E1FF10BB0220044316481AF0D2
S214022BA05FFE44EA401415481AF05AFE24B244EA7C
S214022BB0001413481AF054FE24B244EA8014114852
S214022BC01AF04EFE24B244EA40240F481AF048FE99
S214022BD024B244EAC02080B210BD0124D3E70B48D9
S214022BE01AF007FC0028D7D009481AF002FC80F039
S214022BF00100C0B24000D0E7E0130020C414002059
S214022C008415002044140020A4140020C249002089
S214022C100A4A002008B501F095FB0EF0B7FBFDF757
S214022C2071FA15481AF0E5FB08B906F0B1FB13482D
S214022C301AF0DFFB08B907F0A7FF03F0DBFE0CF083
S214022C4057FF0F481AF01DFE0E4B1B78043B022B53
S214022C5009D80D481AF004FE28B1FFF78BFF10289A
S214022C6001D109F037FB17F0A4FE1AF08FFEBDE87B
S214022C7008400648FFF7B2B8C24900200A4A0020B8
S214022C80744100203A540020C4140020240C05008D
S214022C90014B1868704700BF0C40002038B50C4B3B
S214022CA01B78033B012B044604D82046BDE8384077
S214022CB00AF04ABE0DF066F84FF6FF7398420546D4
S214022CC004D1204600F006FFA842EED038BD00BF71
S214022CD03A54002070B54FF6F773984286B0044611
S214022CE00D465AD81AF053FEA04207D12C490822A4
S214022CF028461DF00FFA002006B070BD294EB6F821
S214022D006830A3420AD10022082106F16A001AF0AE
S214022D10EDFD18B9082206F16A01E9E7ACB1224BCB
S214022D201B78033B012B1AD8002300930122194675
S214022D3020460AF097FCFF2823D1294620460AF0AF
S214022D4057FE80F00100C0B2D6E7184B1B689B07FF
S214022D50E5D4284608F08EFB0028E0D0CBE72046D4
S214022D6001F0A2F9FF2806D1294620460FF098FB6B
S214022D700028D9D1BFE7294601F0B8F90028F3D0D8
S214022D80B9E702A91CF096F80028D6D1DDF80D3076
S214022D902B60DDF811306B60ADE70120ACE700BFB9
S214022DA0B0540020B44000203A540020FC3C0020DE
S214022DB0014B1878704700BF92160020014B18701E
S214022DC0704700BF9216002010B50649064C0988C7
S214022DD0204608237F2214F0B8FB20461AF011FE84
S214022DE010BD00BF8E960400B054002013B51346E3
S214022DF00C461AB1022A0CBF134601230021044ACC
S214022E00009201912246FEF727FB02B010BD00BFDA
S214022E1013DC030000B5002093B0FEF79DFA1D4BAD
S214022E2018880CF0B9FC1C490020FDF713FE34226A
S214022E30002168461DF088F90B238DF800306FF4E8
S214022E40803301934FF6FE73ADF8103003238DF8EE
S214022E501D30124B0893124B0993124B0D93124BD3
S214022E60124A0E93124B0F93124B1068516810932E
S214022E70114B119302AB03C300216A460846FEF7C4
S214022E8033FD6A4601210020FEF72EFD13B05DF8E1
S214022E9004FB00BF1216002008EC040001370200F3
S214022EA005DA0300BD700200A9380200B054002003
S214022EB0B987020013DC0300256B020037B5164BF8
S214022EC000934FF40043ADF80430014610BB0120D6
S214022ED0FDF7C0FD003818BF0120400003B030BD2A
S214022EE0A54200F1010002D10220F7E7002002AD60
S214022EF0C3B205EB430333F8085C33F9083C002BF6
S214022F00EEDA0132D3B231F8134031F91330002B26
S214022F10ECDADCE70022F5E79900890070B5044692
S214022F201AF0B9F80422002106462046FDF788FD6D
S214022F3020441AF0B0F80322054600212046FDF789
S214022F407FFD20441AF0A7F80540ADB24FF6FF7396
S214022F509D4213D1F30711D5062200212046FDF724
S214022F606FFD20441AF097F8074B1B88834214BF64
S214022F7002200620054B1B78184070BD204615F02F
S214022F8032F8C000C0B2F5E728160020B854002078
S214022F902DE9F84FDFF83C91804608460F461AF0B6
S214022FA07AF8D9F80030054643B9484B1B682BB966
S214022FB0474B1B6813B9FF20BDE8F88F15F4406A2B
S214022FC005F0400610D13EBBB5F5804F53D24FF404
S214022FD080740023002B58D13C4A12688025002AB0
S214022FE069D0002108465FE0F81C1AF054F84FF644
S214022FF0FF73984214BF0124022486B1052605F405
S2140230004043B3F5004F44F0080424D0B5F5804F92
S21402301023D244F4807420E054460326EFE7B5F545
S214023020804F4FF00506F4D3BAF5406F14BF022066
S2140230300820304438441AF02EF883461AF0C4FCAE
S21402304005F4404558450CBF44F0080444F0040417
S214023050B5F5004F01D144F08004BAF5006F0ED1E9
S214023060B8191AF018F805461AF091FCA842B0D121
S21402307044F01004ADE7544603260220D9E7BAF519
S214023080406F08BF44F02004A3E7012B09BF104A93
S214023090D9F800201268402518BF10259FE7A742DE
S2140230A001F101010BD0C8B2CEB232F8167032F975
S2140230B01660002EF3DA0133032B8BD17BE7B8F1CF
S2140230C0000F3FF479AF88F8005075E7844100207E
S2140230D08841002010400020034B1A78022A04BFC1
S2140230E009221A70704700BFBC540020044B18888F
S2140230F0044B1978044B1B6803B1184714F070BDD3
S214023100C4490020BA54002098410020034B0C22E8
S2140231101A701A210022032002F040BBBC54002081
S21402312070B5054638B90C4BBDE8704018780022D9
S2140231301A2102F033BB094B074E1C78E1B21A295A
S214023140F1D825FA04F3DB0703D53078362202F0ED
S21402315025FB0134F2E700BFBC540020C116002054
S21402316008B5064B0C221A70002210461A2102F0ED
S21402317015FB034B00221A6008BD00BFBC5400209A
S2140231809441002070B50E4B0C221E781A7005462C
S21402319030B930460022BDE870401A2102F0FEBA6D
S2140231A0084B1C78E1B21A29F3D825FA04F3DB0798
S2140231B003D53622304602F0F1FA0134F2E700BFB8
S2140231C0BC540020C1160020024B0C221A7010F0CC
S2140231D003BA00BFBC540020F0B50C888BB005467D
S2140231E00E46E4B94FF6FF77ADF8247010F012FCE5
S2140231F010B902200BB0F0BDCDE90340CDE905447D
S214023200134A0294B2F85C300193603200923B4655
S21402321009AA4CF60101FF201CF0A4F930802846CA
S2140232201AF0D0FC0B4C70B1237863B1013BDBB2D1
S214023230284623701AF0C6FC38B12078B0FA80F01F
S2140232404009C0B2D6E70523F2E70120F9E700BF3E
S214023250B4400020C0160020034B1B68114603B181
S214023260184714F084BC00BF94410020024B0C2285
S2140232701A700AF021BF00BFBC540020F8B50D4BEF
S2140232801B78012B054613D10B4E00244FF6FF7711
S2140232903088FEF73BFF2B88025B9A4203D13088C8
S2140232A0FEF734FF07530234202CF1D10120F8BD7B
S2140232B00020FCE7BB540020C64900202DE9F04759
S2140232C0174B1B78012B8046154626D10024154E37
S2140232D027466FF07F093088FEF718FF00EB4400A0
S2140232E04FEA440A90F901304B4506DD3088FEF776
S2140232F00DFF5044E7B290F901900134102CEAD148
S2140233004D450ADA3088FEF701FF00F8178030884C
S214023310FEF7FCFE7C0020444570BDE8F08700BF47
S214023320BB540020C64900200148FEF715BD00BF69
S214023330C64900202DE9F04705460E469046FDF7A1
S2140233404BFE044638BB01462020FEF7A5FF134F6E
S214023350388000B3124B01221A70124BA146C3F8F2
S21402336000804FF07F083888FEF7D0FE00F8049001
S2140233703888FEF7CBFE20440234202C80F80180E9
S214023380F1D1094B094A1D6031462846084BBDE873
S214023390F047FDF731BE0120BDE8F087C6490020A0
S2140233A0BB540020984100208C410020BD32020010
S2140233B06D340200F0B585B004460D4617461E462B
S2140233C0FDF70AFE98B90B4B1F600B4B01271F70C7
S2140233D01AF0B3FA094A00920346CDE90167084A91
S2140233E029462046FDF73CFEC0B205B0F0BD3D20A2
S2140233F0FBE700BF90410020BC54002001370200CA
S214023400FFDB03002DE9F041144F3C781F2C83BFED
S214023410C4F341141C34E406002400254FF6FD785C
S214023420202D0CD13B780E4A03F01F030120984052
S21402343020430C4BBDE8F0410321FFF7BBBFE2F788
S214023440B7FE431E9BB243450646F8D8064B18887D
S214023450FEF75CFE46530235E2E700BFBA54002090
S2140234607D32020021350200C6490020F8B5294DFA
S2140234702888FEF74BFE90F9014002262888FEF7C0
S21402348045FE304490F90130A34205DA2888FEF75B
S2140234903DFE304490F901400236202EEED1662CD5
S2140234A0D8BF19344FF00007D4BF66B27F263C4619
S2140234B02888FEF72BFE3844023790F90130B342D3
S2140234C0BCBF0134E4B2202FF2D114B9124B1C70E7
S2140234D0F8BDE2F76DFEB0FBF4F303FB1400C4B2D2
S2140234E000272888FEF712FE384490F90130B342CE
S2140234F00CDA4CB92888FEF709FE084BC25D1A7032
S214023500BDE8F840FFF77EBF013CE4B20237202F49
S214023510E7D1F5E7C6490020BB540020BA54002084
S21402352070B5154B1B78012B1ED1144D00244FF697
S214023530FF762888FEF7EAFD035BB34215D028889B
S214023540FEF7E4FD035B83B12888FEF7DFFD0C4B34
S214023550025B0C481A8000680B4B0C4A0121FFF7ED
S21402356029FF0B4B00221A6070BD0234202CE0D1DA
S214023570BDE87040FFF746BFBB540020C649002096
S214023580C44900208C410020ED3002009FDB03007E
S214023590904100207FB506460C461546FDF71CFDF9
S2140235A000287CD1062E03D85223F340DB071AD418
S2140235B0B4F1006F05D3E30E1C3B032B18D94F2042
S2140235C02BE0394B00221A60384B1E701AF0B5F900
S2140235D003460A2E65D8DFE806F0361B4F5A1B2E26
S2140235E0221F47523F0002F0E7FCB4F1006FE2D21E
S2140235F02D4B00221A602D4B042E1E70E6D12C484D
S21402360001F090FD022001F0B9FC1AF096F903468B
S21402361001220292274A05E0212004B070BD012251
S2140236200292254A0192254A0092254A29462046B8
S214023630FDF716FDF1E7234A2946204604B0BDE809
S2140236407040FDF7F5BC204B204A2946204604B0C0
S214023650BDE87040FDF7D0BC002202921C4A0192DF
S214023660164A00921B4AE1E7012202921A4A019286
S214023670124A0092194AD9E70C4B02221A7000220B
S2140236801749104604B0BDE87040FDF7ABBE0022F5
S2140236900292144A0192094A0092134AC6E74D2042
S2140236A0BBE70120B9E700BF94410020BC540020CC
S2140236B0B954002085310200A7DB0300013702005F
S2140236C0FFDB03006D320200613102005932020054
S2140236D0C9310200D931020021310200ABDB0300FE
S2140236E0D93002000D310200A3DB030008B5FDF756
S2140236F0E7FC024B0C221A70002008BDBC540020C6
S214023700F0B585B0ADF8060018B965489021E2F725
S214023710F5FBBDF8060019F004FD0446BDF80600E8
S21402372019F0FFFC082846D00C2CBDF8060042D142
S21402373019F0FAFD074619F0AEFC0DF10F01064628
S214023740BDF8060017F018F9002879D009220021E2
S2140237503846FDF775F99DF80F301033C518BDF8D9
S2140237600600FEF7EFFCEDB2854269D22946BDF8A7
S2140237700600FEF7BBFE06F44C4416F44066054609
S21402378014D0F81C19F087FC4FF6FF73984208BF56
S21402379044F04004B6F5006F08D1781D19F07BFCA2
S2140237A04FF6FF73984208BF44F010049DF80F309E
S2140237B05BB3072D44D1BDF8060019F0A8FC0446F9
S2140237C0BDF8060019F0ADFC082817D0A30615D5DB
S2140237D024F0200189B2BDF8060019F083FCBDF87A
S2140237E0060019F0A1FD00210922FDF729F900F1D2
S2140237F01001C9B20DF1060019F01DFFBDF8061042
S2140238002848002219F000FE1AE0082D16D8BDB18D
S214023810013D072D14D801A353F825F0793802008C
S214023820853802004138020045380200413802005D
S21402383091380200B7370200973802007C2D24D058
S21402384005B0F0BD24F48844A4B2B4F5084FF7D10D
S214023850BDF8060019F060FCBDF806100CF036F84C
S2140238600028A8D0BDF8060019F0C1FC00220146C7
S214023870022017F02EF8E3E724F48064A4B2B4F52D
S214023880484F97E7B4F54C4F94E7B4F54C4F92D0B7
S2140238904CF6500301E04CF640439C428AE700BFD8
S2140238A0840C0500C24900202DE9F0410F469046DF
S2140238B00646FEF72BFC04463046FEF743FCC5B22E
S2140238C0083D2C44084BE1781970084BA2781A7010
S2140238D0314643463A46002014F0C7F8003818BF6F
S2140238E00120BDE8F08100BFE2540020E154002030
S2140238F007B50B460549CDE90021002102460846D8
S21402390019F02DFDC0B203B05DF804FB13DC030012
S21402391070B50B4B1C780B4B0022D5B2AC4202D8CA
S2140239200C70002009E01E88864202F1010205D3CF
S2140239300D701B881B1A5842584170BD1233ECE7B3
S214023940335400207E4700202DE9F04FDFF84081F7
S214023950DFF8409198F8002099F800309A4285B036
S214023960064604D343484FF48A71E2F7C7FA0DF1CC
S2140239700F013046FFF7CCFF20B13E4840F2171148
S214023980E2F7BCFA98F800709DF80F403D1B15F060
S214023990FF0530D0384B394A1B78184699F8003064
S2140239A001214FF0FF3CA1400CFA03FC002301F179
S2140239B0FF3E01934FF6FF79C1F1000A9DF80430ED
S2140239C0984243D812202E4B04FB0000A0F11201AD
S2140239D005EBC5025200194404F1010918441CF013
S2140239E099FB4FEA89092748A9F104010144AA0074
S2140239F048441CF08FFB224904EBC40201EB42034D
S214023A0021F81260204A1278DA731A745A74120273
S214023A105A801E4A12781A7110225A7100229A731C
S214023A20C3F80620C3F80A20164B013743F82420B1
S214023A304FF6FF710D2088F8007016F04AFF0EB997
S214023A4008F000FF204605B0BDE8F08F13884B450E
S214023A500AD053680AEA030B03EA0E030B4403EB8D
S214023A604B0343EA0C035360019B01330832019374
S214023A70A4E700BF970C0500A0160020143B002008
S214023A807E470020B83A0020E2540020BD540020B1
S214023A90335400209E1600202DE9F0410B4B0C4EAD
S214023AA093F8008007460025ECB2A04503D8FF2411
S214023AB02046BDE8F0810822B11D38461CF01AFBEC
S214023AC001350028F4D01236EEE700BF335400204A
S214023AD07E47002008B5FFF7DFFFFF281DBF00B2B4
S214023AE0044B00EBC0004FF6FF7018BF33F810000F
S214023AF008BD00BF7E47002007B50DF10701FFF79E
S214023B0007FF30B19DF80730034803EBC30300EB11
S214023B10430003B05DF804FB7E4700202DE9F8431E
S214023B20294E33785D1E2D1A83420446EDB204D820
S214023B30264840F23F11E2F7E1F9254A92F800C022
S214023B40244A01231278A3405F1E4FF0FF309040B4
S214023B503B44214A00214FF6FF7E6FEA0308CBB2B0
S214023B609C4523D8BDB127B204EBC4041B486400AD
S214023B7005EBC50204F112010144520020441CF078
S214023B80C9FABF001648AA00391D014402F0FC0219
S214023B9038441CF0BFFA3378013B3370BDE8F84373
S214023BA000224FF6FF710E2016F093BE138873455F
S214023BB007D0536808EA03093B4003EB5903034363
S214023BC0536008320131CAE733540020970C0500CF
S214023BD0A01600209E160020143B00207E470020E0
S214023BE0B83A002010B50A4C207858B9094B1B7811
S214023BF01A2B03D908489421E2F780F9074B0322CF
S214023C001A7010BD0138C0B2FFF788FFECE700BF9C
S214023C10335400209E160020970C05002F540020D7
S214023C202DE9F04705461AF028F8FF28044624D165
S214023C30DFF888901F4B99F800201B789A422BD207
S214023C402846BDE8F047FFF77FBE38883B795045E7
S214023C5018D86F2B4FEA131214D85B0710D01237FE
S214023C6008F1010899F800105FFA88F6B142ECD81C
S214023C70114A0023DEB28E4214D32046BDE8F087F6
S214023C80022AECD90DF0BEFA0028E8D129463046C1
S214023C90BDE8F04719F0FEBF074F4FF000084FF699
S214023CA0F77ADFE710798F2803F10103EED8123294
S214023CB0E0E700BF9E1600207E4700203354002017
S214023CC04FF6F773984210B514D8FFF7A9FFFF28EE
S214023CD010D0134C00B200EBC00004EB400414F00A
S214023CE0EEF9104938B962880B7802EB0313A3EB9E
S214023CF01213638010BD227C637C0978E2739A42B9
S214023D002374617407D98B4203D213468B4228BFB1
S214023D100B461B02EDE78A42F8D31346F9E700BFCB
S214023D207E470020E25400202DE9F0410F4DDFF8D7
S214023D30408006460F46002498F80030A34201D879
S214023D40BDE8F0810822294630461CF0D3F940B976
S214023D5035F8063CBB4204D02046FFF7DFFE013CA6
S214023D60E4B20134E4B21235E6E700BF844700202D
S214023D7033540020F8B5054608460E46FFF78CFE7B
S214023D80FF2830D01D4B294653F820703046FFF7E7
S214023D90CBFF2846FFF744FFFF28044625D10CF048
S214023DA065F9FF280AD1164C207838B1E2F700FAF6
S214023DB02378B0FBF3F202FB1300C0B2294619F0D7
S214023DC069FF044623B20F4D03EBC30305EB43051D
S214023DD008223146A81D1CF09DF92B7903F00F032B
S214023DE02B712046F8BD0027D3E7074B1B78002B24
S214023DF0024B18BF002743F82070E3E7B83A0020CA
S214023E009E1600207E470020C216002038B50B4BB7
S214023E101B78834204460D4604D8094840F25B21CB
S214023E20E2F76CF8074804EBC40400EB44002946AA
S214023E300822BDE8384006301CF06CB99E160020F9
S214023E40970C05007E47002070B5044608460E46CD
S214023E5019F013FFFF28054610D02046FFF71CFE78
S214023E60FF2807D0084B1B7823B9084B53F82020AD
S214023E7043F8252021462846FFF7C8FF314620464C
S214023E80BDE87040FFF750BFC2160020B83A0020C7
S214023E902DE9F8430026134DDFF85090804601279F
S214023EA0344699F80030A34210D83E430134E4B2B7
S214023EB01A2C4FEA470705F11205F2D10A4B1B7876
S214023EC04FF0FF3098403043BDE8F8832B884345D7
S214023ED0EBD0284619F036FF0328E6D82B796F2B4D
S214023EE0E3D8E3E77E4700209E16002033540020E6
S214023EF010B5084C00EBC00004EB400423795B07C6
S214023F0007D1204619F01EFF237923F00703184332
S214023F10207110BD7E47002038B5144B1B788342B3
S214023F200C4620D9124B1B78033B012B1BD9114B95
S214023F3000EBC00003EB400533F810300B806B88B3
S214023F401B0A8B70284619F0FDFEE0702B7903F0F1
S214023F5007021B09227163710822A91DA01D1CF00D
S214023F60D9F8002038BD0120FCE700BF33540020FA
S214023F703A5400207E470020014B1878704700BF55
S214023F80C3160020014B1878704700BFC2160020E7
S214023F9070B51A48FEF788FB194B1B78033B012BBA
S214023FA028D805F0C3FB03F083FBBDE87040134836
S214023FB04FF47A51FEF7DCBA23798F2B4FEA1311AE
S214023FC011D80131204619F0EDFE062901D8032941
S214023FD009D1237923F00703237100224FF6FF71DC
S214023FE00F2016F076FC123401353278EBB29A4284
S214023FF0E2D8D6E7034C044E0025F6E7A0130020CD
S2140240003A5400207E47002033540020084B18788C
S214024010084B0022D1B2884203F1120300D870473F
S21402402013F80D1C21F0100103F80D1C0132F1E704
S214024030335400207E4700202DE9F047DFF86090D9
S214024040DFF8608099F800400226122700250CE06F
S21402405007FB05F3002138F803A0504619F087FE47
S21402406010B15CB1013CE4B2013599F80030EAB215
S2140240709342EDD8A34204D14FF6FF7A5046BDE8EC
S214024080F087E2F795F899F800301B1B012E90FB9B
S214024090F3F202FB1300C4B2EED00126D6E700BF4D
S2140240A0335400207E47002010B5044619F0E5FD83
S2140240B0FF2808D120460BF0B7FEFF281FBF024B91
S2140240C01B78C018C0B210BD9E160020044B0548CF
S2140240D01A78054B1B781A44920000211CF034B85B
S2140240E09E160020B83A0020A516002010B5134BE5
S2140240F01B78834286B00C4612D9114900EBC000E9
S21402410001EB40010822063120461CF003F800228B
S2140241100821204619F0EAFB80F00100C0B206E052
S214024120C01A01A9C0B20CF0D7FA10B1002006B02E
S21402413010BD01AB03CB20606160E8E79E1600204D
S2140241407E47002008B5074B53F820308B420246C4
S21402415006D915204FF6FF7116F0BBFB002008BDEE
S2140241600120FCE7B83A0020024B013143F8201048
S214024170704700BFB83A00202DE9F3472B4EDFF810
S214024180B4A081460C4600279AF80030FDB2AB4236
S21402419010D8694620461AF0D3FFC0B308226946F3
S2140241A048461BF0A7FF90B3494620461AF0EEF8A1
S2140241B0FE2537E006F106080822414648461BF06F
S2140241C099FF90B94FF6FF739C422BD03388A342D7
S2140241D028D020460BF028FEFF2814D14946204658
S2140241E002B0BDE8F047FFF7C5BD14B91236013775
S2140241F0CAE73388A342F9D100220821404619F0C3
S21402420075FB0028F2D12846FFF788FCCCE7494622
S21402421000200BF0D9FDFF28054603D0044B1B787F
S2140242200344DDB2284602B0BDE8F0877E47002090
S2140242309E1600203354002008B5FFF7E7FE054B14
S2140242401B78013B012B03D8BDE808400CF030BABE
S21402425008BD00BF3A5400200F4B1B7883420CD88F
S214024260C01A0E4AC0B232F81030D90411D443F440
S214024270805322F8103001207047094B00EBC00033
S21402428003EB40035A79D10603D442F010025A7166
S214024290F1E70020704700BF9E1600208E490020DE
S2140242A07E47002038B505460C46FFF7F5FBFF288B
S2140242B00ED1294600200BF087FDFF280CD0074BB5
S2140242C0074A1B78034452F823302360002038BD87
S2140242D0034B53F82030F8E70320F8E79E16002039
S2140242E0B83A0020F0B5134B1B780646FBB11248CD
S2140242F0DFF84CC090F800E01048077800251F440D
S214024300E8B2864501D80020F0BD7C1B94FBF3F092
S21402431003FB10440CEBC4003CF83440B44204D116
S214024320002AF1D184788C42EED00135E8E71846AF
S214024330EAE700BFA0160020E83C00203154002027
S214024340143B002070B513F0C7F8104E104932889F
S2140243500B7830809B1A03449BB21425B3FBF5F40A
S21402436005FB14330B700B490B78E2B293428ABFFB
S2140243709B1A0023DBB20B700749032A9DBF0B680A
S214024380D200D34000230B6070BD00BFC849002096
S214024390C054002030540020E83C0020084B186827
S2140243A0084B1B78C2B29A4208D2074B1B78C0F35E
S2140243B00720984234BF0020012070470120704732
S2140243C0E83C0020A0160020BF540020F8B50546A1
S2140243D01746FFF7E3FF064610B9184B1A783AB9A4
S2140243E0212001224FF6FF7116F073FA0020F8BD65
S2140243F01348DFF854C003780133B3FBF2F402FB30
S214024400143303700F48DCF8002020F8335000EB1A
S214024410C30402F10132A1703846CCF80020FFF73F
S21402442037FDE670606019F0B2FAA84201D10120A9
S214024430DDE7E3780133E370F9E700BFA01600205A
S21402444031540020143B0020E83C002010B50B4CF1
S2140244500B4A2378063B137013F03EF8094B18807C
S214024460094B0A4800221A602278FF21D2001BF06C
S2140244706BFE074B04221A7010BD00BFA016002068
S214024480BF540020C8490020E83C0020143B00200E
S2140244903054002048B139B1044B1B780B70044BE2
S2140244A01B7803700120704708467047BE540020F0
S2140244B0C41600202DE9F843074613F009F805460E
S2140244C01B4819F0CDF91B4B60B31C683C1B2C44EF
S2140244D0A4B2194BDFF868901B78184D99F8006063
S2140244E003EB830305EB430500225FFA82F8464599
S2140244F00AD9AB88A34205F10A0016D9B21A0A23D2
S2140245005A4329461BF006FE013689F80060AC8045
S214024510B8F1000F03D106483946FEF729F82846B7
S214024520BDE8F8831D603C46D3E701320546DCE76A
S214024530C01300209C410020C2540020DE4600200A
S214024540C35400202DE9F74F12F0C2FFDFF8BC90EB
S2140245502B4EDFF8BC80317898F800E0294D1FFA20
S21402456080FC0746B9F80000ACEB00039BB20024BF
S2140245700093A0EB0C0001EB810305EB43037246AC
S214024580A2460190A3465FFA84FCF4451AD3BAF118
S214024590000F00D03170724504D2002088F8002047
S2140245A0FCF7CCFE98F800303BB333781648C9F8CF
S2140245B000700A2202FB0355A98803B0BDE8F04F3B
S2140245C0FDF7D6BFB3F804C00098844510D893F818
S2140245D002C0A3F804B00CF1FF3C0131013A83F8A3
S2140245E002C0C9B2D2B24FF0010A0A330134CAE796
S2140245F001988444A3F804C0F7E703B0BDE8F08F3F
S214024600C2540020DE460020C01300209C41002039
S214024610C35400201FB51B4A1B4C1378013BDBB268
S21402462013702068616801AA03C221891180174AA3
S214024630127813440A225A4304F10A0120461BF058
S21402464069FD9DF8063013F00F010BD11B09BDF86A
S214024650040008BF9DF80C10002204B0BDE810400C
S21402466003F00CBDBDF80800FFF724FF8288ADF802
S214024670082001AA034603CA1288186059601A81E4
S21402468004B010BDC2540020DE460020C3540020F1
S214024690F8B5094D094F0A4E00243B783178E2B24C
S2140246A00B449A4204F1010400DBF8BD2846FDF7EC
S2140246B053FB0A35F1E700BFDE460020C354002054
S2140246C0C2540020F8B51E46114B07460D4610464A
S2140246D010491A78104B09781B780B44934206DB74
S2140246E01F204FF6FF7116F0F4F80020F8BDFFF712
S2140246F0E1FE013507808570044612F0E4FE66236B
S214024700E080237200206672FCF718FE0120EDE7B7
S2140247109D160020C3540020C25400202DE9F04705
S214024720DFF86880DFF8689098F8007099F8005013
S2140247301449844607EB050E00230A22DCB27445B0
S2140247401DDA02FB04F6013331F806A0E24501EB5E
S2140247500600F3D1631CAEEB03030A365A43314418
S2140247601BF0D8FCA5428BBF05F1FF3507F1FF37DA
S21402477089F8005088F800700CB9034B1C70BDE82D
S214024780F08700BFDE460020C1540020C35400203C
S214024790C2540020044B054A1B781278D3420CBF41
S2140247A001200020704700BFC2540020C3540020DE
S2140247B0024B1878003818BF01207047C2540020F8
S2140247C008B50A4B0A48002119700A4B19700A4BA1
S2140247D019700A4B1A7802EB820252001BF0B4FCE4
S2140247E0BDE808400648FDF75FBF00BFC35400207F
S2140247F0DE460020C2540020C15400209D16002030
S214024800C013002010B50B4C23784BB10A4803F0B6
S214024810C5FD58B1084B0121188819F0A5F908B949
S214024820002010BD054B01221A70FAE7FFF7F2FED0
S214024830EAE700BFC2540020DE460020C154002032
S21402484010B50E4B1B78BBB10D4C238883424FF03C
S214024850000311D10B4A2172137049B9A3781033A1
S214024860A37019F0D3FC18B9A37823F00F03A37032
S214024870FFF7D0FE012010BD1846FCE7C254002008
S214024880DE460020C154002010B504460146082228
S21402489009481BF03FFC237B022B0AD8002B14BFCF
S2140248A03122012205490B709423CB73044B1A70F4
S2140248B010BD00230122F5E7D4490020D04900208C
S2140248C03954002070B5064692B00D460020C97ACB
S2140248D0FBF760FD58B395F90A0019F015F804467F
S2140248E038BB154BEA7A83F85820AA7A83F85A20FE
S2140248F001466A46FCF718FD4FF6FE739E424FF0DD
S214024900000118BF2B89ADF8066008BF4FF6FF738B
S2140249106A460846ADF80430FCF7E6FF28B9074BAE
S2140249202A895A80204612B070BD0224FAE78A24E9
S214024930F8E78B24F6E700BFB4400020D0490020F9
S214024940014BD873704700BFD0490020014B18783E
S214024950704700BFD049002010B5054C2378112BB4
S21402496003D00448DB21E1F7C9FA4123237010BDC6
S21402497039540020A20C0500064B1B78042B014676
S21402498004D1054A137C0533137470470348FDF7B8
S214024990EFBD00BF3A540020D0490020E0130020AB
S2140249A008B50648FDF7D8F90548FDF7D5F915F01C
S2140249B0EDFFBDE8084001F017BB00BFC24900206A
S2140249C00A4A0020064B1878332806D000F0EF007B
S2140249D0A0F143035842584170470120704700BF78
S2140249E03954002008B5084B00224FF6FE701A70A4
S2140249F018F0D9FF4FF6FF7018F0F2FF034BD87B82
S214024A00BDE8084013F0A4B839540020D04900206D
S214024A1008B5064B187838B10548FDF795FD4FF4F2
S214024A207A73B0FBF3F0C0B208BD00BF2E5400206C
S214024A30A83C0020014B987B704700BFD04900205D
S214024A402DE9F0438BB007469DF8489015469846E8
S214024A500E4649B9104605AC0BF0E6F921460BF0B6
S214024A603BFE932818BF2646B9F1000F0AD1124B17
S214024A701B781BB928461AF088FBD0B928460DF0D9
S214024A80F9FB02E028461AF080FB80F00104E4B24B
S214024A909DF8503002939DF84C300394CDE9009374
S214024AA02A4643463146384619F0C3F90BB0BDE8EC
S214024AB0F0834C46ECE700BF355400202DE9F04F5A
S214024AC099B09A46BDF888B09DF89030239D0A9317
S214024AD00E469DF89430069211A9584609931AF08C
S214024AE028FF05B3002800F01C816B78C3F340034F
S214024AF0059311AC8C4B1B781AF0800F0CBF4AF052
S214024B0080075746022B17D04FF6FF78002D40F04D
S214024B107D810225584618F0FFFA2B46424621466A
S214024B201BF0BBF8B9E0584618F077FB044600289D
S214024B3000F0F7800595DDE71EB97C4B1B78002B4D
S214024B40E2D02046FEF7AAF88046584618F078FBD0
S214024B50012838BF0120C3B2079395B3281D18F069
S214024B609AFA81460AF00203204608931AF004FED7
S214024B7021460B90824600200BF026F9089A0B9BE2
S214024B800ABBFF281FD1F1F7C5FB694A1278824299
S214024B9000F029810B9B4FF6FF72934213D10DF062
S214024BA00DFB002800F01F814FF6F773994522D9B6
S214024BB019F0BCFB13A98246FEF78CF80028F7D042
S214024BC02DE0C146CEE74FF6F772914520D89342C4
S214024BD011D899450FD0194622460CA80DF0A4FA12
S214024BE00C980D9915AB03C30221BDF838201A8024
S214024BF015A80DF021FC13A94846FEF76BF80246ED
S214024C0028B9082113A818F071FE002864D0CA46F5
S214024C100AF1FF339BB24FF6F6729342C8D8059B51
S214024C201BB9444B1B78002B5FD1584618F074FA18
S214024C30079B01930123009352463B4621460DF003
S214024C40CDFB4FF6FF739842804600F0CC800146BB
S214024C5000220CA80DF068FA0C980D9915AB03C348
S214024C600221BDF838201A8015A80DF0E5FB002DAC
S214024C703FF450AF002E40F0CB8045460123CDE9ED
S214024C800163C7F3C007059B009342460698039745
S214024C902B46214619F0CDF8A846059B7BB14FF668
S214024CA0FF7398450BD040460BF0BEF8FF281FBF97
S214024CB0214A32F8103023F4804322F810300A9B3F
S214024CC07BB318F064FE269B0093014623460998A0
S214024CD042460CF0A5FD24E0082213A920461BF04C
S214024CE009FA00287FF464AF91E7002D5ED0134BDB
S214024CF01B68980727D5069B0F2B21D0281D18F076
S214024D00CAF902230121CDE90131C7F3C007002306
S214024D1002460093069803974FF6FF73214619F052
S214024D2088F819B0BDE8F08F395400202E540020C0
S214024D3032540020355400208E490020FC3C0020CE
S214024D40099B012BDAD1281D18F0A5F981460BF034
S214024D506BF80B90484618F090FF4FF6FF7290459E
S214024D6052D0C8450B9B4FD1FF2B46D018461AF09F
S214024D7029FA784010F0EF0F14BF012300234046B3
S214024D800B930BF051F80890404618F076FF0B9BF9
S214024D9056B14FF6FF71884506D0C84504D0089A2A
S214024DA00240D2B2FF2AA9D1002BA7D122465146F1
S214024DB00CA80DF0B9F90C980D9915AB03C358461B
S214024DC0BDF838201A8018F0A7F9079B01463A4624
S214024DD015A80DF0CDFA30B9BDF85C804FF6FF731A
S214024DE098457FF444AF4FF6FF789DB10126281D03
S214024DF018F051F94546804640E7FF2804D0089B44
S214024E00B3FA83F35B09BAE70023B8E70226EEE7B4
S214024E100026ECE701257DE6014B00221A74704756
S214024E20D049002008B50B4B1B78022B10D10A4B39
S214024E301B78033B012B0BD9084B187800F00100B6
S214024E400DF0C8FC064B00225A609A605A8008BDD4
S214024E500020F3E7395400203A5400202E54002054
S214024E60D049002038B5174D2B78033B012B1CD8B0
S214024E70154BB3F868204FF6FF739A4215D10320FC
S214024E80FDF734FD02F006FCFFF7CCFF2B78033B60
S214024E90012B01D909F016F90020FBF737FA78B191
S214024EA0BDE83840002018F075BAFDF709FD044643
S214024EB0FDF700FD0146204608F0A4FA0220DFE7CF
S214024EC038BD00BF3A540020B440002008B5114A4D
S214024ED0114BD8731378032B1BD0D3B1332B01D0CD
S214024EE0432B10D10D4B1B78033B012B05D8032314
S214024EF01370BDE8084012F02BBE12F029FEBDE882
S214024F000840FFF7AFBF21231370BDE8084002F048
S214024F10D7B908BD39540020D04900203A540020A1
S214024F2038B504461248FDF7BFFB124B1B78013B0F
S214024F30012B1BD8104D54B92B781BB12C709D2019
S214024F4012F006FE0024FFF76DFF204638BDFF2C48
S214024F5005D04FF47A7106486143FDF709FB2B78BA
S214024F60002BEFD101232B709C20E9E77024EAE79F
S214024F70A83C00203A5400202E54002038B5114D8B
S214024F802B78834218BF287004460EF059FA80B177
S214024F9024B920460EF04EFA02220DE001200EF051
S214024FA049FA2B781A1F012A05D9062BF4D10322B7
S214024FB002E0002CF5D101220021BDE83840084667
S214024FC018F040BE3A54002030B585B00446684614
S214024FD00D4618F018FF94B100212846144A19F01D
S214024FE06FF8144B20681B788DF80430124B6168FA
S214024FF01B788DF8053002AB03C306F011FA0F4B8F
S21402500093F8582093F85A308DF803208DF8023022
S21402501018F0DAFCADF8000018F0B9FC1023ADF871
S2140250200600072269460020FDF7B8FB05B030BD32
S21402503000F8FF07921600203A540020B4400020E1
S21402504010B5134B1A78134B0446002083F85820E9
S214025050FBF75CF910B1002018F09CF90021084615
S214025060FFF7B2FF0C4B1B78033B012B0DD816F053
S214025070D1F92046FCF770FC9B2012F069FD074A26
S21402508000231380064A138010BD0BF0A9FCF0E73C
S214025090C4540020B44000203A540020A449002002
S2140250A0A249002010B5014604460020FBF772F91B
S2140250B090B10C4B1B78023B032B0FD80A4B1C708B
S2140250C0FBF78AFF60B9094A0949FCF78BF9002801
S2140250D014BFA120002010BD8A20FCE77020FAE74A
S2140250E03D20F8E739540020C454002061880200AD
S2140250F041500200F8B50646FBF76EFF044668B953
S214025100FBF704F950B1064D204695F8587085F81D
S214025110586018F03FF910B185F858703D20F8BD78
S214025120B44000201FB50446684618F06CFE9DF891
S21402513005305A1E052A09D8054A9DF80410127829
S214025140914203D12370002004B010BD9320FBE7E8
S214025150921600202DE9F041294B1B78012B804640
S2140251600E46174649D0274B1D78022D06D0032D32
S21402517043D118B9244B1B689B073ED43320FDF756
S214025180B5FB01F035FDB6F1006F36BF1F4B0522A9
S2140251901A7831460620FEF7FDF910F0FF0425D1F5
S2140251A01B4D01202C7300F07BFF18F00DFC68806D
S2140251B02846B8F1000F0DD0022300F8043B18F081
S2140251C0CCFE6C73AF733946304615F0C3FB2046EF
S2140251D0BDE8F081012300F8043B18F0BEFE6C73B4
S2140251E0AF733946304615F0B4FBF0E72846FDF7B4
S2140251F07DFBB8F1000FF4D0E5E77024E7E700BFC7
S2140252003A54002039540020FC3C0020C5160020E9
S214025210D0490020034B187818B9034B034A1B7871
S214025220D05C7047385400203A540020910D050097
S21402523038B5174B1B78033B012B044606D8437B35
S214025240DB0703D590F9090016F0E3F8114B0025A9
S21402525083F859502079FFF74DFFFFF7DBFF61888F
S21402526024880346224628460DF0CEFA044620B18C
S2140252709420FFF72BFE204638BD074D074894239F
S214025280C821EB73FDF774F903232B74F3E700BF11
S2140252903A540020B4400020D0490020E0130020F9
S2140252A0F0B5184D93B00646A5F868000C4605F111
S2140252B06A0709BBC5F86A10796000216A46084683
S2140252C0FCF732F8D5F86A30CDF8123000217B6848
S2140252D0CDF816306A460846ADF81060FCF704FBB7
S2140252E0B5F868004FF6FF73984203D014B106492A
S2140252F015F033FB13B0F0BD082238461AF00AFF49
S214025300DBE700BFB44000201E4100202DE9F0413B
S214025310DFF8BC801F4698F8003005460C46164655
S2140253201BB170252846BDE8F081531E052BF8D820
S214025330FBF752FE0028F4D13B7B032B14D14FF629
S214025340FE739C4212D1012E09D0022EE9D118F02A
S2140253501EFB4FF6FB73984203D818F018FB044660
S21402536004E018F0E3FFFAE7012EDAD0EDB9394689
S2140253702046FFF7A7FA05460028D3D198F8003052
S214025380332B03D0532B1CBF0F4B98733046FFF7BB
S214025390F5FD00214FF6FF70FFF782FF0B4B1B78DF
S2140253A0002BBFD00BF0F0FABCE7397BCB1E59427C
S2140253B006F1FF3259415042504107F0CBF80546FC
S2140253C00028D4D0AEE700BFD0490020C616002081
S2140253D039540020F0B51E46184B074687B00C46D7
S2140253E001F1140051F8045B43F8045B8142F9D1E1
S2140253F009881980D4F80E00D4F8121023886D4656
S21402540003C5ADF8083023798DF80B3000238DF8EC
S2140254100A208DF80C303A466B464FF6FE71012094
S214025420FFF774FF40B96846FFF72EFA2046FFF7EB
S214025430FFFE08B9024B1E7007B0F0BDE24900201D
S214025440CE5400201FB5144B1B88DB07044607D436
S2140254504FF6FF700021FFF723FF002004B010BDB7
S2140254600A231A4601A90120FDF798F9BDF80C2077
S2140254704FF6FF739A42EBD00822FF2101A818F0DC
S21402548035FA0028E4D10CB90120E7E7BDF80C0094
S21402549001A9FFF705FFF7E7FC49002038B50C46DF
S2140254A0154618F080FA03F0E7FF29462046FFF774
S2140254B0F7FE00F0EFFD48B1074BDB790E2B28BF55
S2140254C00E230133DBB2054A137038BD044B1B783A
S2140254D0013B18BF0123F6E7E2490020E65400200C
S2140254E03A54002038B500220821044618F0FEF986
S2140254F00546C8B918F04BFA2A464FF6FF71FFF771
S214025500CDFF217C2046FFF75FFD6269E189207CA2
S21402551018F0D6FD054B1B78012B01D107F082F956
S214025520FFF7A0FC002038BD0120FCE73A5400201B
S21402553038B5264B1B7804460BB1702038BD02895D
S2140255404FF6FF739A42F8D0FBF746FD0028F4D1D7
S2140255501F4D2B6813F0020007D018F018FA4FF60A
S214025560FE73984201D118F0E1FE2146FFF7AAF930
S2140255700028E3D12B689B074CBF02200120FFF7CF
S214025580FDFC0021012006F0E5FF0028D6D1114BD4
S2140255901B780BB10BF0F8F900220821204618F010
S2140255A0A5F958B90C4B1B7823740C4B6361002386
S2140255B0E3812046BDE83840FFF794BF0421204629
S2140255C015F0BFF90028EDD0A520B7E73954002022
S2140255D0FC3C0020C6160020CF54002000F8FF072F
S2140255E038B51D46FFF792FE0446D0B92B7B032B37
S2140255F0284603D1BDE83840FFF774BFFFF744F9E9
S214025600094B9C8118F0A5F9084B01211A788140B4
S2140256100620FDF7BFFF254610F0FF041CBF044B13
S2140256201D70204638BD00BFD0490020C516002098
S2140256303954002030B5012087B0FFF703FF154A22
S2140256400446516810686B4603C384B905F0F6FE3B
S21402565002A818F0D8FBBDF80E004FF6FF752246DA
S2140256602946FFF71BFFF9F7CDFD07B030BD0A4A02
S214025670D2F86A00D2F86E10B2F868506B4603C3CE
S21402568005F0DCFE02A818F0BEFBBDF80E006A4666
S214025690E6E700BFCFB70400B440002073B53A4B2C
S2140256A01B7804461BB17024204602B070BDFBF77F
S2140256B093FC0028F7D100F0FDFC14B1334B22888E
S2140256C01A800DF10700FFF72DFD002858D118F0BB
S2140256D035FC04460028E7D12D4D9DF80700FFF75C
S2140256E04DFC2B785A1E012A1FD8FFF7A3FF2B78F2
S2140256F0033B012B01D801F029FAFFF7B3FB012087
S21402570018F0F2F800283DD12B78033B012BCBD8BA
S2140257101E4B188810F0020524D01E4905220120CF
S21402572002B0BDE87040FFF715BD033B012B04D85D
S2140257302046FFF787FE0028D7D12B78053B012BA2
S214025740B2D8FFF777FFFFF78DFB2B78052B0CBF40
S21402575004200520FDF7CAF8012002B0BDE870401B
S21402576018F0C2B80C4E02230B2231460120FDF778
S21402577015F833885B0797D5284601F0FBF993E7BF
S214025780932491E704468FE739540020FC49002011
S2140257903A54002000F8FF07A04900202DE9F347FD
S2140257A06D4D6E4E012307466C486B738846144651
S2140257B000F020FC0DF010FF38B9012F01D9042F9C
S2140257C010D12146404612F0F9F9102000210AF0C5
S2140257D031FC002800F0B780002002B0BDE8F04798
S2140257E0FBF7ACBD002CF0D15D4B1B78212B03D010
S2140257F0062B01D0532B02D101F062FDE5E7FDF73F
S21402580043F90028E1D000F045FC38B92B7B002B89
S2140258100CBFAB209420FFF759FBD6E7514B019300
S214025820304600F0E7FB20B14F4840F66901E0F74A
S21402583065FB4949307B01AA15F0C9FD95F8009031
S214025840B9F1000F03D14548FFF7F2FCBDE7DFF8D8
S2140258503881DDF804A018F09AF898F80030033B77
S214025860012B044606D8737BDB0703D596F909009D
S21402587015F0CFFD18F08BF83C4B3D4F188018F012
S214025880A3F83C4B1880FDF715F83B4B1880FDF744
S21402589017F80822014639481AF03CFC18F059F865
S2140258A0374B18703079FFF725FC70880021FFF718
S2140258B0F7FCFDF7E9F860B1631E9BB24FF6F6728D
S2140258C0934206D918F032FDB7F868308342044690
S2140258D0F8D0204618F067F8308818F081F8B7F844
S2140258E068004946D047044608B9182093E7B7F837
S2140258F0681017F050FC002387F859302B7803F015
S214025900FB03022B02D0204618F083FA00231A4625
S21402591019462046FEF7D6FE98B19423EB7398F804
S2140259200030042B06D11748C821FCF721FE0323BA
S2140259302B744AE713484FF41671FCF719FE00233E
S214025940F6E7942067E7FEF733FF00287FF444AFBC
S21402595002B0BDE8F08700BFD0490020E24900202F
S2140259603954002099DF0300A20C0500CE4900201E
S214025970B4400020CC490020CA490020C55400206B
S214025980CD540020E01300203A5400207FB5194E73
S214025990194D00243278E3B29A4201D804B070BDA1
S2140259A0B5F868204FF6FF739A421AD0134B1B883D
S2140259B0DB0714D5124AB5F8683010685168ADF89E
S2140259C00C3001AB03C30A231A4601A90020FCF7D8
S2140259D0E5FE0C4902230B220020FCF7DFFE013411
S2140259E0D8E707480022082117F080FF0028F6D1E2
S2140259F0DCE700BF9F160020B4400020FC490020D0
S214025A001E410020A049002010B501F0F1F802F076
S214025A100FF8D8B10E480F4CFCF746FE0E48017A36
S214025A200E30FFF7D1FA23781BB100F0C5FA002337
S214025A3023700A4B00221A73FFF714FA08F046FD89
S214025A4001F060F9BDE81040FFF7A0BF10BD00BF2F
S214025A50E0130020CE540020E2490020D049002066
S214025A6010B52548FCF720FE01F0E2FF30B1234BCB
S214025A701B781BB9BDE81040FFF7C6BF01F0D8FF80
S214025A8078B11F4C237C83B11B48C821FCF770FDFC
S214025A90237C013B23740021BDE810400846FBF737
S214025AA0B7BCFCF7F1FF0028EBD1FCF7EDFF154B76
S214025AB01B7858B9112B03D003F0FD03412B19D1E3
S214025AC00F4BBDE81040D87BFFF700BA332BF7D157
S214025AD00D4B188817F067FF0C4B188817F080FFDD
S214025AE00B4B0C491888FFF7DBFB0B4B1878FFF7BC
S214025AF001FBE5E710BD00BFE0130020355400208F
S214025B00D049002039540020CE490020CC4900203C
S214025B10CA490020C5540020CD5400202DE9F04F7C
S214025B2085B00F4602AD044629463846914619F01E
S214025B3000FF4FF0000B82463846CDF804B017F04F
S214025B40F3FB4678022C804606F0020609D85CB1C2
S214025B50FCF79AFF044600283CD1734B01241B78BD
S214025B6059E0043C022C2ED9FCF78EFF384617F07B
S214025B7054FB0024DFF8B4A10546A046384617F0C9
S214025B80D3FB50F8093001930DF1050017F083FAA4
S214025B909DF807B00746B8F1000F09D0BAF1000F1A
S214025BA006D06249082250461AF0A4FA002851D1BB
S214025BB0BBF1000F34D14FF6F7739F4230D99420D1
S214025BC0FFF784F946E018F06DF9FCF75DFF04462E
S214025BD0F8B15C464EB1564B1B78012B02D0043B03
S214025BE0012B0BD805B0BDE8F08F4F4B1B782BB1BD
S214025BF04F4B1B7803F0FB03022BF3D0BAF1000FD6
S214025C00404608BF002519F087FE4FF0010882467D
S214025C10B4E7454B1B78002BF0D0002EEED1E1E71F
S214025C20DFF8049199F8003003B11EB314B3414B68
S214025C301B78022B1ED1BBF1000F14D1384617F089
S214025C40B2FE58465946FFF7BFF908F03FFC9920C6
S214025C5011F07EFF0020FAF759FB0028C2D0002080
S214025C6017F098FBBEE7FCF70FFF48B13248FCF787
S214025C701BFDA4E7FCF708FF10B1BBF1000FF5D13E
S214025C80FCF702FF0028E5D02846FDF705FFFF28AF
S214025C90DFF8A0A0294C03D09AF80030012B04D1DB
S214025CA0B4F868002946FEF765F8FEF721F92A4699
S214025CB0B4F868103846FFF7F1FB214B214A93F9F6
S214025CC006301B0213809AF80030012B18D0312BB5
S214025CD014BF432311238AF800301B4B1648196859
S214025CE0134CFCF745FC00F031FF99F80010002336
S214025CF0237439B91048FCF73BFCAD23E373A9E7DC
S214025D001123E8E7B8F1000F03D016B1FFF77CFEC7
S214025D10F3E70E4B1B78042BEFD107480521FCF75F
S214025D2027FC09232374E8E735540020B0540020EA
S214025D30D049002039540020E0130020B44000204F
S214025D40E2490020FA490020001400203A540020BC
S214025D502DE9F04308468FB00D4617F0E5FA092202
S214025D6000218046FAF76CFE0446284617F055FADC
S214025D700DF10D030746052206A9284614F0F0FD8C
S214025D80022881461CD09DF80D301C44E4B204F172
S214025D9010020023D2B22946012018F8046011F03E
S214025DA064FE68B1072E09D856B1013E062E07D802
S214025DB0DFE806F00918067B062541007C2E45D052
S214025DC00FB0BDE8F083534B1B78013B012BF7D88D
S214025DD0284617F0A1F9002300942A46194618F01F
S214025DE065F8EDE74C4B1B78012BE9D14B4B187845
S214025DF00028E5D122462946FFF790FEE0E7454B0C
S214025E001B78013B012BDBD8384609F0BBFF4FF667
S214025E10FF739842044606D0284617F07DF92246BC
S214025E20394619F029FF3C4B1B78022BC8D138465D
S214025E3012F0ABF8C4E7374B1B78013B012BBFD8F7
S214025E4006AA4946284600F047F9B9E7314B1B78BF
S214025E50013B012BB4D8A04498F8012098F80230F0
S214025E60652AADD16D2BABD12846FCF76BF91334FE
S214025E70E4B28442A4D20822394604A81AF04AF9A7
S214025E800DF10E022146284619F094FC002897D1FF
S214025E90BDF80E10002993D0214C012304A82370CC
S214025EA011F095FF002323708AE71A4B1B78013BFB
S214025EB0012B85D8062200214046FAF7C1FD404450
S214025EC017F0E9F807460CF047F9044600287FF475
S214025ED077AF284617F01BF9C3047FF571AF46F279
S214025EE00403ADF81030CDE90044022304AA0121D0
S214025EF0384619F0AEFC064600283FF461AF394634
S214025F0017F049F9284617F007F922463146FCF7FA
S214025F106DFF55E73A54002039540020D04900203E
S214025F2001550020064B187040B1064B1B882BB15A
S214025F304FF47A7104485943FCF71ABB704700BF06
S214025F402C5400202A160020A83B0020014B18786B
S214025F50704700BF2C54002008B5FCF7A5FB024B87
S214025F6000221A7008BD00BF2C54002084B010B561
S214025F7002AC84E80F000F4CBDF8082063889A42F2
S214025F8004D00020BDE8104004B070470822211D4E
S214025F900DF116001AF0AEF802460028F1D10821DB
S214025FA0201D17F0A3FC0028EBD16088003818BF2C
S214025FB00120E7E7D0490020034A04480023138063
S214025FC0034A1370FCF770BBFE490020041400203D
S214025FD0DA54002008B50348FCF766FBBDE8084023
S214025FE0FFF7EABF041400200148FBF7B5BE00BF66
S214025FF0FE49002037B5054698B10C4B1B7893B185
S21402600000210B4817F0FAF90024014616230094E3
S2140260102246284617F028FB064B20461C7003B083
S21402602030BD0220FBE77020F9E700BFDA540020FB
S214026030FE490020D0540020F7B5054618B3134C8D
S21402604013482378124F01330021237017F0D6F934
S21402605000260146237819B9013B237001200AE085
S214026060F2B2934209D1002400941623224628460F
S21402607017F0FAFA204603B0F0BD384617F014FAC5
S21402608001360146E6E70220F5E700BFD0540020BD
S214026090FE490020014B1878704700BFDA540020F2
S2140260A025289DBF024B187000200220704700BFB3
S2140260B0C816002007B5012318460D220DF1070168
S2140260C0FCF76CFB9DF80720024B1A7003B05DF8D4
S2140260D004FB00BF2C160020F8B507460E461446F1
S2140260E017F09BF8194B1B78022B05462CD1184843
S2140260F017F0B6FB40BB284614F04DFC20B32246F0
S2140261003146384614F043FCF0B1E0F751F8044645
S214026110384617F001F80F4B1A780F2393409BB2BC
S214026120B4FBF3F203FB12440134012EA1B206D1F2
S214026130094B0A4A1E702B6813606B685360BDE8F1
S214026140F8400348FCF714BAF8BD00BF39540020E3
S214026150C83C0020C7160020D9540020D154002085
S21402616084B010B502AC84E80F002848089C0822C8
S2140261700DF1160119F0BEFF08BB9DF815309A07FF
S21402618005D4234B1B7803F0FD03312B1DD1214987
S2140261906378097803F00F028A4203D0012922D1DC
S2140261A0022A12D1227882B91B09022B0DD11A4B70
S2140261B0A0781B78022B1AD1C0F3800006E01348A1
S2140261C00022082117F092FB20B90020BDE81040FB
S2140261D004B07047114BBDF808205B889A42CCD0B9
S2140261E0002BCAD0F1E70229EFD1012AD9E703062C
S2140261F009D40B4BB3F86820BDF80A309A42E4D1B2
S214026200FEF7E0FBE2E70120E0E700BFD44900200A
S21402621039540020921600203A540020D04900201B
S214026220B4400020F0B5284B87B05D8800238DF877
S2140262300830264B1B780DF10B0043F020038DF837
S214026240093017F08AFE6FF07F43ADF813308DF8F1
S214026250153017F02AFF1E4B8DF816001B78DB0050
S214026260DCB2F0F757F81B4B1B7805F001078342A8
S21402627005F010062CBF44F0040344F084032FB14B
S214026280A9061ED426B143F0020301E0AA07F9D4F8
S214026290002108468DF80A30FBF7FEFFADF806002F
S2140262A058B101230F2202A90DF10600FCF77AF875
S2140262B018B90DF1060015F087F8BDF8060007B00C
S2140262C0F0BD43F00103DDE72C16002092160020F5
S2140262D0E65400203254002010B5FCF7E5F90A4BCC
S2140262E01B78022B0CD1094B1B78033B012B07D9D9
S2140262F0074C207828B1002014F050FB00232370AE
S21402630010BD19F08FFCF9E7395400203A540020EA
S214026310D954002084B02DE9F04F89B012AC84E83D
S2140263200F00DFF860C1544BBCF802009DF84DA088
S2140263309DF95220BDF860E09DF865909DF9665083
S2140263409DF868709DF96A10BDF848B09DF94E80B8
S2140263509DF850601B7810F0010434D09DF86D0053
S214026360C0F34004C0F38000002B48D0434B1B7898
S214026370022B09D18A4242DB23D1B81BC0B2802845
S2140263808CBF0020012015E03D4B1B78012B00D16D
S214026390BCB178B19CF800301E335BB29D42D4BFCC
S2140263A0002501259845D4BF00230123AB4206D120
S2140263B08A42E1DA09B0BDE8F04F04B070472846D9
S2140263C0F8E70020F6E7840718D5C3B1490814BFDA
S2140263D001200020520814BF012300238342E9D182
S2140263E0BB1BDBB2802B0AD9BE42EAD1A84506DB2C
S2140263F0E7D1D14594BF00200120DBE70BB901208D
S214026400D8E7BE4216D018AD0FCD02AC0FC495E841
S214026410030044F8040B2180DDE9160112AB00905C
S214026420ADF804100FCB14F0C9FF0028E7D1BE4226
S214026430A3D1BFE7F34518D00DF1700B9BE803001C
S21402644018AC0090ADF8041094E80F00FFF78EFD2C
S2140264500028D4D19BE803000090ADF8041094E81D
S2140264600F00FFF783FD0028C9D1A845C7DBCAD1B4
S214026470D145C4D8C7E700BFDA5400203A540020FA
S214026480395400202C16002084B02DE9F04F8FB02E
S2140264906A4E18AC08AD84E80F0016220021284682
S2140264A019F052FE33783BB90024654B32781B78DC
S2140264B09A4239D2002726E06248DFF88891002106
S2140264C016F09CFF00270446B846002C45D13FB183
S2140264D05C482246394617F022F83378013B33707F
S2140264E03378002BE0D05748DFF858B1002116F079
S2140264F085FF4FF0000980464F46CA46B8F1000FA6
S2140265006CD1002FD1D01621002218A816F05FFFFA
S214026510014648B1002F00F08B804A48224616F00A
S2140265209AFF337801333370454B32781B789A42A0
S21402653007D944480022018816F0F1FF3378013B60
S21402654033703378012B03D13F494048FCF710F8EB
S2140265500FB0BDE8F04F04B0704700222146CDF8D8
S21402656000801623284617F07FF81622294618A818
S21402657019F0C0FD0028EBD09DF864209DF8243069
S2140265809A4225D1BDF86020BDF820309A421FD12C
S21402659008220DF12E010DF16E0019F0ABFDB8B90F
S2140265A00DF1600CBCE80F0002AF0FC79CE80300B9
S2140265B047F8040B0EAB398013E903000090ADF8E0
S2140265C0041095E80F00FFF7A5FE0028C0D0274666
S2140265D02146484616F068FF044676E71623002250
S2140265E04146CDF800A0284617F03EF80DF1600CA3
S2140265F0BCE80F0002AF0FC79CE8030047F8040B85
S2140266000EAB398013E903000090ADF8041095E84C
S2140266100F00FFF77FFE074620B1B9F1000F04BF57
S214026620444681464146584616F03EFF804665E798
S21402663004483A4616F0E8FE73E700BFDA54002034
S214026640C8160020FE49002020BF020004140020C5
S2140266502DE9F04F9FB010AF0021044616223846AF
S2140266600E91CDE90C11CDF83B1019F06DFD0DF130
S2140266701F03052216A9204614F072F90228804646
S21402668000F00381204616F04FFE064616F003FD84
S2140266908146F01C16F0FFFCADF84000701D16F0A7
S2140266A0FAFCB8F1010FADF84200204640F0F08047
S2140266B016F03AFE05462046FBF728FD0D352D1A44
S2140266C0EAB23B462146082011F0CFF9002800F036
S2140266D0DC80204616F02DFEB8F1010F9DF84D30F5
S2140266E0834640F0EF8043F0010300258DF84D30DD
S2140266F016AE04953388022B58D1F1780231C9B20E
S2140267002046FBF7F3FE1B2850D1F1780331C9B2BD
S2140267102046FBF7EBFE192848D1F1780431C9B2BE
S2140267202046FBF7E3FE4A2840D14FF0050AF178EF
S21402673001315144C9B22046FBF7D8FEF1785144E4
S2140267408046C9B22046FBF7D1FE00EB082083B292
S21402675000F03F02932B059240F0A28096F8038049
S214026760D0445FFA88F808F10203DBB204930023F0
S214026770049A009321460F230CA816F075FF08F121
S2140267801101C9B2204616F0BCFF08F113010546F6
S214026790C9B2204616F0B5FFADF84200059B02339B
S2140267A053445FFA83FA33795345C0D806360DF15F
S2140267B07603B3429ED19DF84D20C5F3C03363F3F2
S2140267C0410220468DF84D2016F045FD8DF8440016
S2140267D0204616F035FD8DF84500204616F035FDAC
S2140267E09DF832308DF84600C3F3C3028DF8472079
S2140267F0DDF83320CDF84E20BBF1190FDDF8372037
S214026800CDF852208CBF9DF83E2000228DF84820FD
S21402681003F003028DF84A206F4A1278022A9DF886
S2140268204D200CBFC3F38003DB0963F382026B4B7C
S2140268308DF84D201B78022B59D1BDF8406017F019
S214026840C3F8864253D108A817F087FBBBF1190F8D
S2140268504AD908220DF14E0108A819F04BFC00286F
S2140268603FD1B9F5004F02D0B9F5624F0DD125F4EC
S214026870404540F6FF739D4207D1002208210DF1E4
S2140268804E0017F033F8002841D01FB0BDE8F08F55
S21402689016F04AFD05462046FBF738FC07350EE79C
S2140268A0412B7FF47BAFF17802315144C9B22046C6
S2140268B0FBF71CFE4A4B1B78C3F1B30318448DF852
S2140268C049006BE76FF30003F01D8DF84D3016F0AC
S2140268D0E2FB0CA90546204617F087FB002304932B
S2140268E069E700F08BFFBCE700F088FFCDE7B9F55B
S2140268F0004F02D0B9F5624FC7D125F4404540F6A5
S214026900FF739D42C1D1BBF1190FBED9B5E7BBF1EA
S2140269101A0F06D004991F313A46C9B2204614F01F
S21402692055FD304C304D637BDBB12B78012B1DD1EE
S214026930012323730CAB029314AC94E8030000907B
S214026940ADF8041097E80F00FFF70AFC90B194E840
S21402695003000090ADF8041097E80F00FFF794FDCF
S21402696008E0FCF791F80028DFD0E1E703F0FD032A
S214026970042BDDD02B78012B01D0042B85D11B4BA9
S214026980DDF84E001B788DF82230BDF84030ADF8A9
S21402699020309DF84D30DDF85210C3F340038DF8D9
S2140269A023309DF8313003F00F038DF82C309DF81C
S2140269B048308DF82D3009AB03C30D4B1B681BB155
S2140269C0394608A8984760E79DF946209DF8451085
S2140269D008A811F0DEF858E73A540020395400208F
S2140269E0E1540020D0490020BC540020E05400208E
S2140269F0904100202DE9F043424B434C1B78033B69
S214026A00012B85B022D810F063FD2378022B31D1FA
S214026A103E4A1468A0422DD03D4910600A68121BF7
S214026A2010443C4A0860127872B1013A93403C2204
S214026A3053434FF47A72534398421BD9032005B04E
S214026A40BDE8F043FBF752BF0A23F2E710F040FD21
S214026A502378022B0ED12D4A1568A8420AD0DFF8F9
S214026A60C0802D4E1060451B002798F80030FCB2FF
S214026A70A34202D805B0BDE8F08356F824302B4472
S214026A8046F82430204609F05FFAC3074FF00009A3
S214026A9010D5204609F026FA70B156F82430242B79
S214026AA008D9CDF8009010220023204609F06AFA91
S214026AB046F824900137D8E7184B1B5D13F00F03F6
S214026AC01FBF03F1FF32022393403C2214BF5343FD
S214026AD00A234FF47A72534356F824209A42E9D98D
S214026AE0204609F01FF902A918F02AFB28B1204611
S214026AF009F018F902A913F031FF204618F0B5FB89
S214026B00D8E700BF3A54002039540020F43C002055
S214026B10F03C00208D1600208C3B0020FA5300200B
S214026B20A5160020064B1B88DB0708D5054B00225E
S214026B3043F82020044A135C63F00F031354704793
S214026B40004A00208C3B0020FA53002008B510F0C3
S214026B50BFFC034B1860034B00221A6008BD00BF3F
S214026B60F43C0020F03C0020014B1868704700BF40
S214026B70F03C002008B50C48FBF796FDFBF708FF33
S214026B8080B10A4B0322B3F86810012014F03EFCD1
S214026B90074B05481B884FF47A715943BDE80840F5
S214026BA0FBF7E6BC08BD00BF24140020B44000205A
S214026BB010160020014B1880002070473016002067
S214026BC0044A054B1870138823F0030318431080F9
S214026BD000207047004A00208E160020034B1888BB
S214026BE0C0F30E00003818BF01207047A0490020ED
S214026BF008B5FFF7F3FF30B10449002002230B2249
S214026C000880FBF7CBFD002008BD00BFA04900208E
S214026C10024B1888C0F30E00704700BFA049002040
S214026C20084A094900231370084A1370084B094A98
S214026C301B7843F004031380012002230B22FBF788
S214026C40ADBD00BFDD540020A0490020DC5400206A
S214026C508E160020004A002013B514468DF8071041
S214026C60CAB9CAB20E2A16D80D4B1B881341DB07C7
S214026C7011D509F0D9F8FF2801460ED0094B9DF828
S214026C8007201A5401230DF107021B2010F059FCAD
S214026C90204602B010BD0124FAE70224F8E700BF3E
S214026CA030160020FA53002030B585B00024114D6E
S214026CB0019401210B2300918DF80C308DF80D0004
S214026CC00323B5F868008DF80E4003AA18F0C1FD3C
S214026CD068B1B5F8681017F096FA40B1064B074847
S214026CE005221A70064B64211C70FBF741FC05B0A6
S214026CF030BD00BFB4400020DC5400204414002005
S214026D00DD540020064B1B78033B012B06D8054BAF
S214026D101B781BB9044B1878FFF7C6BF704700BF35
S214026D203A540020DB5400208D16002008B5154882
S214026D30FBF7BAFC144B1978F9B9144A13787BB1ED
S214026D40013B1370124B1B78042B02D10846FAF74C
S214026D505FFBBDE808400B484FF49671FBF708BC92
S214026D600C4B1B8803F00303022B0AD1BDE8084034
S214026D70094903220120FEF7EDB9BDE80840FFF7F6
S214026D80C1BF08BD44140020DD540020DC5400209E
S214026D903A540020A049002000F8FF071FB50C2334
S214026DA08DF80C300B4B8DF80D001B8823F0040376
S214026DB00C468DF80E3001210023CDE9001303AAFC
S214026DC00323204618F045FD10B1214617F01BFAA2
S214026DD004B010BD004A0020F8B5064616F007FAC1
S214026DE00546304618F059FD411C0446C9B23046E5
S214026DF0FBF77CFB02340746E1B23046FBF776FB34
S214026E00394602462846FFF727FF022816D02946AB
S214026E10FFF7C4FF0A4B1B8803F00303022B0DD1B6
S214026E20284609F001F8FF2808D0064B002243F84E
S214026E302020054A135C63F00F031354F8BD00BF0D
S214026E40004A00208C3B0020FA530020084B1A7898
S214026E505AB1013A022393404EF66022534303216D
S214026E600448B3FBF1F1FBF783BB42F21073F6E77B
S214026E708D1600204414002070B505461748FBF70F
S214026E8013FC174B012228461A7018F006FD411C07
S214026E900446C9B22846FBF729FBA11C0646C9B21E
S214026EA02846FBF723FB0F4C022320800B222146A9
S214026EB00020FBF773FC86B9238803F00303022B3A
S214026EC003D1FFF743FEFFF7C1FF23885B0704D514
S214026ED0BDE870400448FFF74DBE70BD4414002064
S214026EE0DD540020A0490020241400202DE9F041A2
S214026EF01A4C238886B005464BB3DFF8688000211B
S214026F004FF4807009F0FEFA98F80030DB071CD5C3
S214026F1001212088FBF784F90746208816F004FA38
S214026F20023016F0B8F803A90646208818F0BDFD10
S214026F3098F8003013F0020F18BF002500953B4664
S214026F4003AA3146062010F051FD00232380044890
S214026F5006B0BDE8F041FBF7A7BB00BF064A00201B
S214026F6064140020DE5400202DE9F047384F3E8896
S214026F7080460C4615469946002E48D0104616F016
S214026F80E1F8B0F5006F42D1284616F0EEF88246D8
S214026F9008F04AFFFF283AD02CB12E4A32F81030B9
S214026FA0334322F81030B6F5007F44D0B6F5806F32
S214026FB041D0B6F5807F2AD1274B1B88AB422AD117
S214026FC04FF6FF718A4522D0284616F0E4F830467E
S214026FD009F0C6FA78B9402C1BD008D8CCB13F2CA1
S214026FE008BF312018BFD220FFF780FF09E04C2CE3
S214026FF008BF8D20F6E70220002109F01BF80028C2
S214027000E9D1164A00231380154A3B801370BDE867
S214027010F0872046E8E7114C2388AB42F7D14FF6BB
S214027020FF718A45F3D025B1284616F0B4F800233E
S21402703023800023E8E70A4A002313703B802A468F
S2140270404B4621464046BDE8F04716F0E2BD00BF7B
S214027050024A00208E490020064A0020044A0020E8
S214027060C154002010B50446CA20FFF73FFF012195
S2140270704FF4807009F046FA58B1064B06481C8059
S214027080064B00221A70064BBDE810401988FBF723
S2140270906FBA10BD064A002064140020DE54002099
S2140270A012160020044A137818B943F0010313702D
S2140270B0704743F00303FAE7DE5400202DE9F04F51
S2140270C0DFF84C9199F8006087B0002E40F08C8073
S2140270D0DFF840B1DFF840A19BF80030F4B2A342DB
S2140270E007D8434B00221A8007B0BDE8F04FFDF7E1
S2140270F089BB20463AF8145008F0F4FE8046002871
S21402710060D0204608F00EFE15F40071074645D002
S21402711001464FF6FF720E2017F088F90546002842
S21402712050D0394616F037F84FF40073304E33809D
S2140271303AF81420002722EA03032AF81430102211
S21402714000230097204608F01DFF2A4B1B88DB070A
S21402715007D5294B294A43F82470135D63F00F03C1
S21402716013551820264B009360430021254C0191AD
S2140271700123205C2A46FAF76FF9002814BF012380
S214027180002389F8003005D13388B3F5807F01D11A
S2140271901D4B1880404607B0BDE8F08F680513D532
S2140271A0059117F0C3F80599012203460092CDE92E
S2140271B001113A460720FDF743FC4FF4806305466B
S2140271C0002DB3D1013687E7104B18880028F9D076
S2140271D0EA05F7D5394615F0DEFF0C4B1D880A4B3B
S2140271E01D804FF48073EBE74FF00008D2E700BF34
S2140271F0024A0020004A00208C3B0020FA5300205E
S214027200696F0200A0180020044A0020064A0020E7
S214027210C1540020A51600208E49002030B501F08A
S214027220400387B0002B4FF00402054614BF01242A
S21402723000248DF80C208DF80D1004D004A917F048
S2140272407FFF40B304ABCDE9004303AA022301212A
S214027250284618F0FEFA0446F8B1114B1B78033B99
S214027260012B04D80F4BB3F8681015F094FF4FF6B5
S214027270F7739D420AD90023322202212046FDF7E7
S21402728021FA80F00100C0B207B030BD2946204680
S21402729016F0B9FFF5E70120F6E71820F4E700BF7D
S2140272A03A540020B440002010B1034B1B880380E0
S2140272B0024B1878704700BF32160020DF540020B9
S2140272C010B5FFF795FC04F013FF16F09AFD0020A8
S2140272D017F02DFFF9F780FE08B1FCF707FA1F4CEE
S2140272E02378532B10D1032300210120237016F09C
S2140272F03FFE0020F9F70AF810B1002016F04AF80F
S214027300BDE8104014F086B8062B01D0212BF0D130
S214027310012016F0F9FD4FF6FE7016F044FB4FF60C
S214027320FF7016F05DFB0020FDF7FAFD0020FDF76A
S21402733025FEFDF777FD00F061FB0CF09BFA237843
S214027340212B02D1FDF74EFBD3E70020FBF7CEFA46
S21402735000214FF4004017F0D7FCCAE7395400204A
S21402736010B50A4C0A48FBF79FF92378062B02D180
S214027370012016F0C9FD2378062B01D0532B03D12A
S214027380BDE81040FFF79CBF10BD00BF3954002077
S214027390841400202DE9F84FDFF8CC8004460E4610
S2140273A01746FFF725FC98F8005015B97020BDE87F
S2140273B0F88F212DFAD0DFF8B49099F80030012B1F
S2140273C001D1A306F2D4274816F04AFA0028EDD1D6
S2140273D014F02004DFF898B0DFF898A005F00F0547
S2140273E0394630461BD013F0B7FA012D8BF80070E1
S2140273F0AAF8006033D1212388F80030FFF760FF37
S2140274000020D4E7212388F80030FFF759FF002137
S2140274104FF6FE70FDF744FFFEF7B8FAF0E713F0FA
S2140274209AFA012D8BF80070AAF80060EAD00623BB
S21402743021464FF6FD7088F80030FFF7EFFE99F808
S21402744000300848033B40F6020240F22621012B98
S21402745088BF1146FBF78CF8002CD1D1D7E753230F
S214027460E6E700BF84140020395400203A54002076
S214027470DF540020321600202DE9F3410F46511C3E
S214027480C9B205463846FBF731F80446384615F0C9
S2140274904BFF0646023015F0FEFD414B1B78022BD1
S2140274A0804604F0400202D0043B012B06D83D4B36
S2140274B01B68580205D5A10603D48AB302B0BDE8FC
S2140274C0F0816AB3384A1278D11E01291CD8374B8C
S2140274D0B3F86830AB42F1D173781F0719D530463E
S2140274E018F01AFA3249082218F004FEB0FA80F0B0
S2140274F040090028E2D00122294604F0200002B00A
S214027500BDE8F041FFF746BF022AD7D1DB01D5D44A
S214027510E2E716F03CFAA0EB080670427041E8E794
S214027520214B1B78013B012BC8D87378D906C5D5E9
S2140275306946384618F0FDF96946002008F044FC12
S214027540FF2806460BD0A20601D416F07CFD304674
S21402755008F0E8FB04F0EEFD304617F086FE2846FB
S21402756016F08BFBFF280DD0FCF7D8FA14F0200695
S21402757008D116F00CFA28B133460222694628468C
S21402758005F0E6FE16F003FA002897D1A30695D476
S2140275904FF6FF7302226946284610F03EFA8DE740
S2140275A039540020FC3C00203A540020B44000200D
S2140275B0B054002038B504460D4608F035FCFF28C6
S2140275C0034615D00B4A127842B10B4A32F8102005
S2140275D0520403D517F049FE002038BD184616F0AF
S2140275E032FD45F040012046BDE83840FFF716BEA2
S2140275F00120F2E7355400208E49002038B50546B2
S21402760015F092FE0446284618F047F9411CC9B206
S2140276102846FAF76BFF42060DD563781B070FD58F
S214027620204618F079F90146002008F0CDFBBDE8A7
S214027630384017F01ABEBDE838400248FFF790BE41
S21402764038BD00BF8414002038B54FF6FF75A84237
S214027650044617D016F0B8F9A04213D00A4B198880
S2140276604FF6FD7291420DD9084A1288AA4201D0FD
S214027670A24207D11C800648BDE838404FF47A7112
S214027680FAF776BF38BD00BF1A160020341600205F
S214027690883C002008B50448FBF706F8034B4FF673
S2140276A0FF721A8008BD00BF883C00201A16002010
S2140276B0024A13780BB1013B13707047285400201E
S2140276C008B516F08DF9064B00214FF6FF720846F4
S2140276D01A80FDF779FCBDE808409A2010F038BA07
S2140276E01A16002008B5FAF7DFFF0A4B1B78023B92
S2140276F0032B08D8084A10884FF6FE7398424FF6B6
S214027700FF7301D1138008BD9842FCD0BDE8084043
S214027710FFF7D6BF395400201A16002010B5084BC2
S2140277201B78042B0AD016F032F9002104460846CC
S21402773016F0A7FC231A5842584110BD0020FCE759
S2140277403A540020F0B589B000260546CDE9056614
S214027750ADF81C6018F0A1F80A230246044600960B
S214027760294605A815F080FF9DF815309DF814707F
S2140277701F2B27D803A816F0F0FB08220DF11601DE
S21402778003A818F0B7FC0646E0B9092F1CD1FFF78C
S214027790C5FFB8B1154B1B78A3B1154B1A884FF627
S2140277A0FD739A420ED9134C134A23780433DBB284
S2140277B023701278013AB3EB820F03DD58B210F051
S2140277C0D1FB267009B0F0BD04F10A01C9B2284601
S2140277D0FAF78CFE16F083FC04F10B01C9B22846B8
S2140277E015F08FFFFFF730FFECE700BFA61600206C
S2140277F01A160020285400208C16002038B5134B89
S2140278001B78033B012B20D9114B1B784FF6FF71D7
S214027810ABB1104D2B888B4217D116F0D5F84EF629
S214027820602104460C48FAF7A3FE4FF6FE732B803F
S21402783022460021BDE83840092016F05EBC074A01
S21402784013888B421CBF0133138038BD3A54002084
S214027850A61600201A160020883C00209C4900200C
S21402786010B5044661B1FF2115F0FFFC0021204649
S21402787015F001FD15F0B0FB0146204615F001FD9E
S21402788021460348BDE81040002215F0BDBD00BFEA
S2140278900A4A00202DE9F0410D461746044615F027
S2140278A043FD067828460AF057FC294680462046BD
S2140278B015F071FC16F06BF8A84206D1204601219D
S2140278C0FFF7CEFF0120BDE8F0812846B8F1000F91
S2140278D00BD00AF0CFFC58B915493A46204609782B
S2140278E0BDE8F0410023FCF7EDBE17F04EFCF2E7D0
S2140278F006F00306012E08D016F049F800232246A9
S214027900294602F08FFE0028D8D1204615F0FFFB4C
S214027910430505D520460021BDE8F04116F024B9FE
S214027920204617F0F5FBB0FA80F04009CBE700BF1F
S2140279308A16002010B586B0044617F0AEFF104B2C
S2140279400246186819790290D3F805005B7A8DF81A
S2140279501430013200238DF80C1004900093214657
S2140279600523D2B204A815F07FFE052204A902A8B8
S21402797018F0C0FBB0FA80F0400906B010BD00BF98
S214027980B00C050008B50748FAF78EFE064B1B78C2
S214027990033B012B05D80021BDE808400846F9F74D
S2140279A037BD08BDA41400203A54002008B511487B
S2140279B015F035FF104B1B78012B06D8FF2009F077
S2140279C079FCFCF743FD08F021FDFCF70BF902F009
S2140279D06DF9FFF725F918F071F90BF099F9FCF734
S2140279E0EFFE0AF0ABFFF6F745FDBDE8084003F0F0
S2140279F01BB900BF744100208B16002008B5EEF7B5
S214027A00FBFCFF2803D0094B1B78012B06D900206C
S214027A1009F050FCFCF71AFD08F0F8FCFCF7E2F857
S214027A2002F044F9BDE8084003F0FEB88B160020C9
S214027A30064B1878112806D000F0FD00A0F141038D
S214027A405842584170470120704700BF3954002001
S214027A50014B1880704700BF084A00202DE9F0410C
S214027A600446FCF79BFC18B100263046BDE8F081C0
S214027A701D4B1B78033B012B09D81C4BB3F868102F
S214027A804FF6FF739942EFD0204615F084FB184A52
S214027A900123128802212046FCF714FE064600281F
S214027AA0E2D0204615F040FC90F8078005460430E8
S214027AB015F0F1FA074615F06AFF414602463846C7
S214027AC0FCF784FCA81C15F0E6FA4FF6FF73984202
S214027AD002D12046FFF7C6FA2B789B07C5D10121B3
S214027AE02046FFF7BDFEC0E73A540020B44000200F
S214027AF0084A00202DE9F04F85B000250746039579
S214027B0015F012FC0646043015F0C5FA8046B01C85
S214027B1015F0C1FA337800930446404608F084F91B
S214027B20824640460AF018FB3378BAF1FF0F0CBFC4
S214027B3083464FF0010B9A070AD115F028FF4045FD
S214027B4014BFD9464FF00109B3791BB90320B8E038
S214027B50A946F9E715F01BFFA04205D115F017FF5D
S214027B600446994B1B7836E0984B1B78052BF8D0C9
S214027B70033B012B03D8964BB3F86840F1E7204647
S214027B8017F019FB737840B313F00402DFF838825B
S214027B900BD198F800301A44D2B221463846FFF785
S214027BA079FE0028D2D000208BE0384617F037FE48
S214027BB0014605463846FAF799FC421C520002F086
S214027BC0FE022946384616F0DEFA737823F00403DE
S214027BD0737098F800300022DDE75B0726D538463A
S214027BE017F01DFE014606463846FAF77FFC06F1F8
S214027BF001095FFA89F9824649463846FAF776FC61
S214027C00DFF8C481BAF1000F01D0FF2805D10022A7
S214027C1049463846FAF77EFCDBE7B11C01EB400129
S214027C20C9B2384615F06DFD0446D2E703AA02A98A
S214027C30204617F0F8FB0546B9F1000F49D0009B25
S214027C4003F0C003802B0ED1FF2320468DF80930A7
S214027C500BF076F8FF281BD00DF109020DF10A0190
S214027C600BF052FA14E0402B33D19DF8083083B360
S214027C70FF2320468DF809300BF062F8FF2807D064
S214027C800DF109020DF10A010BF03EFA03281BD191
S214027C90337803F03F033370404617F08CFA10B97E
S214027CA015F075FE804642460021204608F0C4FEC6
S214027CB000283FF44BAFC822072138460AF076FE6A
S214027CC0012005B0BDE8F08F9DF80930FF2BDFD10B
S214027CD02546039838B99DF80820002A62D13A4B07
S214027CE02C461B7857E709F0A9FA039AFF2812795F
S214027CF0034608D1CDE9002040F2BF113548DEF731
S214027D00FDF8DDE90023B9F1000FE4D002F03002FD
S214027D10102A0AD0202ADED1BBF1000F24D0514609
S214027D20184609F0BDFC0028D5D1DFF8AC9099F8CA
S214027D300030012B45D0204613F04AFB28B9F379D0
S214027D402A462146404617F0F1FAA54212D1039A76
S214027D50137923F00C0313719DF80830ABB91A4B54
S214027D601B782C46302216E7039B1B7913F00C0F68
S214027D70DBD1B0E799F80030022BE8D0039A1379EA
S214027D8023F00C0343F00403E5E70121204615F037
S214027D90EEFF20B920460AF0D3FFFF280FD00A4B89
S214027DA01B78DFE70121204615F0E1FF00287FF46B
S214027DB0D8AE20460AF0C4FFFF287FF4D2AE0220D7
S214027DC07FE7A542D9E700BF084A00203A540020C0
S214027DD0B4400020C50D0500E354002038B50D4B15
S214027DE01B78033B012B04460D460FD900F108030E
S214027DF09BB2012B0CD815F0CAFD29460246204636
S214027E0008F01AFE80F00100C0B238BD0120FCE77F
S214027E107020FAE73A5400202DE9F0410646104653
S214027E200D4617F03AFDA0F11004E7B256FA84F4B4
S214027E30EA1B214604F10E0018F06CF92823F355CC
S214027E40DFF8408098F80030637301F041FF611C50
S214027E500246012015F025F909490822601D18F08E
S214027E6059F998F8000016F0BDFF05F10E013046EC
S214027E703B460022C9B201F0D7FF1220BDE8F081CE
S214027E80B0540020345400202DE9F04F89B0044647
S214027E9015F04AFA0546204615F0A9F90746281DA8
S214027EA015F0F9F88146A81C15F0F5F88246384612
S214027EB095F807B017F07FF92B78039099076CD1E5
S214027EC02146042002F0B8F8002866D0204617F0B3
S214027ED0E4FC01462046FAF709FB82075DD12046FC
S214027EE017F0DBFC01462046FAF700FB10F003030E
S214027EF0049352D12046FFF71DFD00284DD02046A0
S214027F0017F0C2FD00F1010806462046FAF71AF9F4
S214027F105FFA88F808F10A03834280F2A580544A81
S214027F201068516806AB03C3B11CC9B22046FAF703
S214027F30DDFA414605902046FAF7D8FA059B06F187
S214027F400B0100EB03201FFA80F8C9B22046FAF7AD
S214027F50CDFA049B0590F21CD2B22146009306A8E5
S214027F60082315F081FB204615F041F9059A414693
S214027F700BF090FC012206A9404601F07DFB00288A
S214027F8072D102200AF068FE02200AF065FE013075
S214027F9003D106A94046EEF721F915F0F8FC48454C
S214027FA03A46594608D115F010FF00285CD109B0B0
S214027FB0BDE8F04F01F056BB484615F006FF002814
S214027FC052D12C4B1B781BB93946484616F0F5F8A9
S214027FD03A4659464846FCF7F9F9002844D029782B
S214027FE011F0030102D12046FFF73AFCAB79002BD1
S214027FF03AD0214B1B78033B012B35D96B78DB0734
S2140280000DD550462E7A16F094FF10B3F30803F0FF
S2140280101C0326F01F06334343F001032B724FF670
S214028020FF71204615F0B7F8039BDBB9DEF7C0F800
S21402803000F03F02002302212046FCF743FB4FF6E6
S214028040FF739A4510D1204609B0BDE8F04FFFF7FE
S21402805009B806F01C031C2BE1D0042B04D9043EFD
S2140280602E72DCE70022E5E709B0BDE8F08F00BF1C
S214028070CFB70400305400203A5400202DE9F043D4
S21402808085B005460C46174615F04BF80C282846D0
S2140280907CD115F049F909220021F8F7D1FC00F14C
S2140280A010010646C9B22846FAF720FA042854D028
S2140280B006D8012810D002281DD005B0BDE8F083EE
S2140280C07C28FAD101212846FAF7AAF8214605B0FB
S2140280D0BDE8F0430FF0A6BE44B91321284615F0BA
S2140280E010FB05B0BDE8F04315F07ABC05B0BDE85C
S2140280F0F043FCF791BEA24B1B78013B012BDCD868
S21402810006F11301C9B22846FAF7F0F944EA00026A
S21402811012F0FF0411D106F11101C9B2284615F07A
S214028120F0FA2946064616F04BFE22463146102045
S21402813005B0BDE8F04312F0CCBB00240823294664
S214028140009415220DEB030015F08EFA02A92046C4
S21402815007F03AFE17F089F8AFE78A4B1B78022B36
S214028160ABD144B9FEF754FDC2070AD5FEF7EEFCC2
S214028170002F08BF3124204605B0BDE8F0430FF0BB
S2140281807BBDFEF72BFD0028F0D0F1E715F0CCF80A
S2140281908046043014F07FFF074608F1020014F010
S2140281A07AFF4FF6F773984206460CD8764A13883B
S2140281B001339BB213800BB9744A13801CB1734A05
S2140281C013880133138098F8009009F00309B9F177
S2140281D0010F40F08580284617F05FFB01462846CF
S2140281E0FAF784F9043809283FF667AF01A353F873
S2140281F020F000BF1D820200BB800200BB8002008E
S21402820041820200BB800200BB800200BB800200EB
S21402821029820200BB80020029820200284605B09D
S214028220BDE8F043FFF7EAB9554B1B78042B7FF401
S21402823044AF0021084605B0BDE8F043F9F7E8B8B8
S2140282404F4B1B78013B012B3FF637AF404617F0EA
S21402825063FB4F4B00275B89ADF808308DF80A7038
S214028260014600283FF429AF384607F0ADFD064622
S214028270284617F012FB421C03230097D2B2294667
S21402828002A815F0F1F93F4B1B78022B9DF80A3035
S2140282901AD11C43E4B2BCB9FF2EBDF808400AD07E
S2140282A03C4A32F8163023F4806322F81630214610
S2140282B0304616F0BAFF204617F096F800222146FE
S2140282C0102012F006FBF8E6022B3FF4F6AE2BB9AE
S2140282D0304B33F816305B053FF5EFAE304639E7E4
S2140282E0B9F1000F7FF4E9AE2146284604F008F8FB
S2140282F0002C3FF4E2AE4FF6F7739E423FF6DDAE39
S21402830098F8015015F00405304620D117F0B9F858
S214028310044630467CB116F038FF0346F0B90090AA
S2140283200C223146384616F096F80C2200230093AB
S2140283303946304608E016F028FF0346B8B9164A12
S214028340009012783146384616F085F8B5E616F0F3
S2140283501CFF034678B900900B22F3E7062200952D
S2140283602B463146384616F076F80622DEE70094AB
S21402837023460622E6E7CDF800904B46F9E700BF13
S2140283803A54002039540020A4490020A249002073
S214028390B00C05008E490020CA1600202DE9F04FC9
S2140283A005888BB00446284614F0BEFF0746043004
S2140283B014F071FE0090B81C14F06DFE05A9019031
S2140283C0284617F0B6FA284617F067FA0146064618
S2140283D02846FAF78BF83B78029003F00303012B4A
S2140283E00CBF82464FF0FF0A0FF06DF8637AB4F8BE
S2140283F006B0DB07814647D415F0C9FA009BC01ABF
S214028400D0F1000848EB0008FB790098039301F0CE
S21402841061F800283BD1019801F05CF800284CD1A5
S214028420FCF794FAA9EB0B0B1FFA8BFB8146FAF7C3
S2140284302BFB002847D1FFF7FBFA002843D1A24BBB
S2140284401B78033B012B45D8BAF1060F00F0BE801D
S214028450BAF1040F00F0BA80FFF7EAFA20B1029BE5
S21402846003F00303012B35D0FAF792FA28B9974B9B
S2140284701B7803F00F03062B71D1954B2846B3F8F1
S214028480681014F088FE25E04FF00108BCE7284685
S21402849014F04AFF023014F0FEFD4FF6F7739842CE
S2140284A006D9039B23B92846FFF744FA0028B2D11F
S2140284B0A37823F00F03A37053E0019816F07BFE17
S2140284C00028ADD1F4E7A9F104095FFA89F9B9F1F8
S2140284D0020FB4D8BAF1010F40F09F80284614F07C
S2140284E044FE4FF6FF73984268D1002307AA31462E
S2140284F0284616F0DCFE07460028D9D042799DF8B9
S2140285002530934209D9711DC9B22846FAF702F8F6
S214028510A37823F00F030233A370DDF749FE7E2310
S214028520B0FBF3F202FB130303F58073A3809DF8FE
S214028530263013F0180F0AD0A378190707D1B8F11E
S214028540000F04D17A79009805A90FF0B6FB9DF8C2
S2140285502700003818BF01200BB0BDE8F08F282393
S214028560A3800020F8E7584B1B78033B012B5CD90D
S21402857040F6B8339B459BD8DDF71AFE00F03F0065
S214028580C0F5FA70FF23A0808DF8133007A90023E8
S2140285900DF113008DF81C30FBF77CFFF9790546C8
S2140285A0009815F006FC002D82D09DF81C20013A9A
S2140285B0032A7BD8DFE802F0807A697D019A4FF6BB
S2140285C0F7739A4223D87B78DA0720D4284614F029
S2140285D0CCFD15F0D3F9012808BF3E4BA27801BFA7
S2140285E01B7803EB830303EB83039B0006BFFA337C
S2140285F09BB2FA2312097FF45BAF5B45FFF458AFD8
S214028600DDF7D6FD00F01F001030A08054E02E4BA0
S2140286101B78033B012BABD8D8E7019A4FF6F773CA
S2140286209A42A0D87B78DB079DD4BAF1020F55D1C7
S214028630012307AA3146284616F039FE804615F071
S214028640A6F9BDF82230984238D1B8F1000F3FF4AF
S2140286502FAFB8F8023001223146284608F070FBE8
S2140286601D4A13780133DBB2FB711370B8F802307F
S214028670BDF81E209A421FBFA37823F00F030233D1
S214028680A3704FF4C873A38016E0B8F1000F13D19D
S21402869000283FF40DAF426801323FF409AFC278BA
S2140286A09DF813309A42BFF403AF05E0B8F1000F0D
S2140286B002D1A2781209EBD101204DE7184616F036
S2140286C07AFD0028C1D181E73A54002039540020AF
S2140286D0B44000209D16002037540020BAF1030F44
S2140286E07FF474AFB8F1000F3FF470AF711CC9B2DB
S2140286F02846F9F7FBFE0C287FF468AFFBF79CFCD4
S2140287004FF6FF73984201463FF460AF284614F0D6
S21402871042FD5BE72DE9F3410446008814F004FEAF
S2140287200546043014F0B7FC0646A81C14F0B3FC49
S21402873007460EF0C8FE05463046B4F8068000F03E
S214028740C9FE064648B9384600F0C4FE58B9194A6A
S214028750A3781278033A012A0BD8A37823F00F03E2
S214028760A370002621E0384616F025FD0028EED13B
S214028770F3E71B09F1D1A5EB0805ADB2B5F5C86F55
S214028780EBD80DF1030101AA3846019316F04BFE11
S2140287909DF80350014645B94FF6FF73984204D040
S2140287A0208814F0F8FC0126A580304602B0BDE809
S2140287B0F08100BF3A5400202DE9F04105460C46F0
S2140287C014F0AFFC082802D10120BDE8F081201D7C
S2140287D014F061FC0646284694F8078014F007FD5C
S2140287E00746284614F093FC010612D5184B1B7850
S2140287F0042B0ED1174B1B78022B0AD1164BB3F85B
S21402880068204FF6FF739A4203D000210846F8F715
S214028810FFFD124B1B78002BD6D1A01C14F03BFC9C
S2140288204FF6F773984202D86378DA070DD52378A5
S2140288309B070AD13A464146304615F0C6FA80F002
S2140288400100C0B200F00100BFE70120FAE700BF56
S2140288503A54002039540020B4400020E554002049
S2140288602DE9F04F99B0044614F05BFC054620460D
S21402887014F057FC08283DD110220021204615F09E
S21402888082FC2046F9F742FC05462046F9F75AFCD8
S214028890C1B22846FAF742FBADF852408DF85100B5
S2140288A048B92046F9F732FC01460DF15100FAF7B5
S2140288B06FFB8DF85000BDF8502048F201039A4233
S2140288C002D12046F6F7B4F89DF85130402B05D178
S2140288D02046F6F7ADF819B0BDE8F08F802B03D02E
S2140288E014A80FF0FEFAF6E714A80BF0CBF900284E
S2140288F0F6D0F0E7204614F067FCB0F5006F40F0C3
S214028900FC80204614F073FC0646042D40F0F880E6
S214028910204614F0FCFB80F40060C0F3C020002266
S2140289203146400011F0D5FF904B1A78022A0DD03E
S214028930FFF77EF850B902F0FD03312B06D0043A59
S214028940012A03D98A4B1B78002BC4D02146022069
S21402895001F072FB04900028BDD02046ADF83A40E4
S21402896014F0E2FC0446BDF83A0014F040FC05465A
S214028970201D14F090FBA31C83461846029314F0A5
S2140289808AFB0FA90646BDF83A0016F0D2FF6378B6
S2140289900590BDF83A002778089316F07EFF6378B4
S2140289A00B938246284609F0D7FB07F00307012FF0
S2140289B00CBF032302230D936E4B0C901D8023786D
S2140289C003F03C030CBF4FF00B084FF00A08082BCD
S2140289D081D1BDF83A00F9F7B5FB50457FF67BAF7B
S2140289E0012F03D0237898077FF475AF624BB3F854
S2140289F06830AB420DD1614A614BB2F9001093F96F
S214028A000030002900F0A18001EB0313A3EB211331
S214028A101380AAF11003DBB206938DF83930BDF845
S214028A203A100DF13903102240460FF01EF80028C6
S214028A303FF451AF089B13F00203099300F00D8137
S214028A40504B1B78002B3FF446AFBDF83A804046A9
S214028A5016F023FF4FF0000907904046CDE914991F
S214028A60CDF85890ADF85C9014F0C1FB079B0290CD
S214028A7003F10E0189B2404616F0E2FE00286ED0DF
S214028A800E23079ACDF80090414614A814F0ECFD88
S214028A900DF15101012014F012FB9DF85D30039395
S214028AA09DF850300A90282B59D1374908220DF1EB
S214028AB0550017F01FFB002851D0039816F092F9C4
S214028AC0002867D1314B039A1B78D31A190646D46D
S214028AD004F08CFC01283AD12D4E0EF0F9FC3468D5
S214028AE0054624B104F088FC2C1B844237D30021AF
S214028AF0084615F03DFA356031E04FF6FD7604E79C
S214028B004FF6FF70301A18BF01200022314640008F
S214028B1011F0DFFE0C2D0DD12146012001F08CFA5A
S214028B2000283FF4D8AE2146002019B0BDE8F04F29
S214028B30FDF70EB92DB9204619B0BDE8F04FFDF786
S214028B4087BD042D7FF4C7AEEEE61B0260E704F095
S214028B504DFC022803D104F02BFC0028BCD002995D
S214028B600022192011F0B5FEB5E600BF39540020E8
S214028B70E5540020264A0020B4400020FA4900208E
S214028B80E154002035540020B05400203454002014
S214028B90A841002001230093079A4B461021404625
S214028BA015F04DFF0028DAD0BE4B039A1B7893428D
S214028BB040F0A78002990DF1550211A809F0B4FA07
S214028BC0012111A809F02CFB48F20301814611A8E5
S214028BD009F032FCB9F1000F03D0082111A812F0F7
S214028BE0DAFB404616F077FE02990DF15500FBF7C8
S214028BF0C3FAFE288146B2D0FF280AD1029815F0A1
S214028C003CF8FF28814600F084800DF15501FBF701
S214028C10FDF8A44B039A1B78934200F0A0800A99B1
S214028C204846FBF78FFA00283FF455AE0A994846A5
S214028C30FBF79AFA23789A070FD1404616F02DFED4
S214028C4001464046F9F752FC00F00300012804D121
S214028C5002980DF15501EDF7C1FABDF83A0014F08D
S214028C6056FA030440F18280204614F014FA40F4C7
S214028C70007189B2204614F010FABDF83A000022BC
S214028C804FF4004114F034FADDF81080BDF83A10C3
S214028C900D980DF1390310220EF0E7FE00283FF47E
S214028CA01AAE032865D1204614F0F5F940F4007197
S214028CB089B2204614F0F1F9284616F07CFA00280C
S214028CC040F0BA80DDF81080012F40F0BB80BDF87E
S214028CD03A10032001F0B0F9002840F0B380514664
S214028CE0BDF83A00F9F702FC0F2801467FF6F3AD0D
S214028CF04FF6F7739E423FF6EEAD284615F0A7FAFA
S214028D00E9E50399012003F0A1FC00287FF452AFA5
S214028D1025E7237803F00303012B08D1404616F01B
S214028D20BCFD01464046F9F7E1FB082895D05E4BAC
S214028D301A785E4B1B789A4209D20DF155010298B9
S214028D40FBF718F8029814F098FF814661E7A01C1A
S214028D5014F0A1F94FF6F7739842EED9FFE64846AB
S214028D60FBF77AFA00283FF45AAF5FE74FF00008A5
S214028D708CE7284616F01FFA0028A5D0099B002B80
S214028D805CD1B8F1000F57D1012FBDF83A009ED042
S214028D905146F9F7ABFB8146DFF8208198F80030A0
S214028DA0002B5AD014F0F3FD86427FF494AD012FC7
S214028DB040F08D80B9F1070F00F28280B9F1050FFD
S214028DC07FF689AD3A4B1B78022B02D0043B012B6F
S214028DD003D898F80030002B46D00B9B980640F13B
S214028DE0C4800C9B002B40F0BC80284607F01CF881
S214028DF0FF2840F0B6805D457FF46DAD059B002BE5
S214028E0000F0AD800FAB46F204020126ADF850200A
S214028E1001930096022314AA3146284616F019FD3D
S214028E20044600283FF457AD294614F0B4F93146FB
S214028E30204614F099FE4EE5DDF81080284607F02D
S214028E40D9FD41E7BDF83A005146F9F74FFB099BB9
S214028E50814613B9B8F1000F9ED0154B1B78022B32
S214028E6002D0043B012BB8D8284600F033FB8046DC
S214028E7000287FF430AD14F08AFD854231D10D4BC7
S214028E801B78033B012B28D80B4BB3F8684014F031
S214028E907EFDCDF80080014643460D22204615F0A1
S214028EA0DAFA18E534540020335400209E160020C7
S214028EB0395400203A540020B44000203554002093
S214028EC0A9F10E03DBB2012B7FF67CAF03E509F0B6
S214028ED00303012B7FF4FFAC74E7012000F098FB3C
S214028EE0F9E4284616F067F958B914F06DFD4FF606
S214028EF0FF73984205D0F8F76FF810B92846FAF7CC
S214028F00DFFE284616F057F980B114F05DFD4FF6E5
S214028F10FF7398420AD0F8F75FF838B9012F02D1EA
S214028F20B9F1060F02D0284607F0D2FA059BA3B97C
S214028F3019460122584600F09FFB804600287FF41F
S214028F40CAAC204616F0E8FC42460146304600F01F
S214028F5093FB00283FF441AFBDE40FA9E9E7059B68
S214028F6051E7637823F0200363704FF6FC739E424A
S214028F7074D1B54B1B78033B012B7FF6ACACA379BF
S214028F800BB1013BA3716378590727D5002314AAB6
S214028F9011A95846149316F046FA1498F0B108F040
S214028FA04DF98046304606F03FFF149A1379014683
S214028FB003F03000102806D003F00C0008281CBF6F
S214028FC023F00C031371137903F03303202B05D11E
S214028FD0FF2903D00122404608F02AFB284606F065
S214028FE023FFFF281EBF994B002243F82020089B30
S214028FF003F001084FF6F7739E4200F20181B8F1C2
S214029000000F40F0D7802946584615F0D6F814F0DF
S214029010BEFC864200F00181304616F0CCF80028ED
S21402902048D0012F30D1B9F1010F20D1BDF83A0056
S2140290304246514607F0E0FE304616F0BCF8844B36
S2140290401B78002B6AD1584616F0B5F8002863D173
S214029050304616F0B0F800285ED13CE44FF6FD73B9
S2140290609E428CD1784B1B78042B88D133E4304651
S21402907016F0A1F838B3B9F1030F24D1BDF83A00BF
S214029080514615F020FA26E4304616F094F830469B
S21402909016F07BF800283BD0BDF83A200023314674
S2140290A0584601F0BFFA98B3BDF83A000021FEF721
S2140290B0D7FB10E4304616F07EF810B1012FDAD056
S2140290C0E5E7012FE3D1624B1B78002BBBD0B9F149
S2140290D0050F23D114F05BFC8DF8500014F057FCFA
S2140290E0000A8DF851000123022214A90DF13A005C
S2140290F0F9F758F900287FF4EEAB0AF10101BDF842
S2140291003A00C9B2F9F7E0F903780133037005E0D3
S2140291104F4B1B78002B96D0012FD8D063785A0776
S2140291200CD5BDF83A40204616F079FB411CC9B270
S2140291302046F9F7C9F90378013B0370424B1B78C6
S214029140033B012B2FD8012F06D1B9F1050F1FD1F2
S21402915014F01DFC834522D1BDF83A00FEF7CAFC86
S21402916002281CD114AA0021584608F0B3F930B1DF
S2140291700379458003F03C0343F040030371002368
S214029180344A009312783146584615F064F906E0E0
S214029190BDF83A00FEF7AEFCB9F1030FE0D10022AB
S2140291A031461C20DEE4BDF83A00FEF7A3FC012F90
S2140291B0D6D1F1E7012F40F0BF8009F1FF330C2B27
S2140291C000F2AE8001A252F823F000BF2392020002
S2140291D0239202007D900200399202005992020008
S2140291E081920200A3920200CF920200E592020050
S2140291F0E5920200F1920200099302001593020022
S214029200012F00F0A080B8F1000F40F09580BDF865
S2140292103A00FEF739FEFFF75EBB012F7FF444AF3C
S214029220CBE7A9F102035A42BDF83A005A41514629
S21402923007F0E2FDFFF74FBBBDF83A10524658461C
S214029240FEF71AF9FFF747BB3A5400208C3B002082
S214029250A4160020CA1600200AF10101BDF83A0041
S214029260C9B2F9F743F90AF10203DBB202460093E8
S2140292700FA9BDF83A30584609F0A6FEFFF72BBBF9
S214029280424B1B78013B012B3FF625AB069B009316
S214029290BDF83A2023460121002014F007FEFFF70E
S2140292A01ABB3A4B1B785A1E012A07D9069ABDF8F2
S2140292B03A100120FCF732FCFFF70DBB022B7FF4BD
S2140292C00AABF9F7E1FB0028F0D1FFF704BBBDF8C3
S2140292D03A0006F001FFFFF7FEBABDF83A00FEF7C5
S2140292E031FA94E7BDF83A00FEF72CFAFFF7F3BA24
S2140292F0264B1B78013B012B3FF6EDAABDF83A0040
S214029300FDF76AFDFFF7E7BABDF83A00FDF7B4FDD0
S214029310FFF7E1BABDF83A0012F07AF8FFF7DBBAC7
S214029320BDF83A1053462246484612F045F8002841
S2140293307FF4D1AA4946E0E4237A03F00303012B23
S2140293407FF4C9AA63E709F1FF330C2B3FF6C3AAE1
S21402935001A252F823F000BF2392020023920200D9
S2140293607D90020039920200599202008192020018
S214029370A3920200CF920200DB920200DB9202006E
S214029380F192020009930200159302003A5400205B
S21402939010B51248002114F0A3F80446E8B113F001
S2140293A04FFF0F4B1870204613F04FFF0D4B1870EF
S2140293B0204613F050FF0C4B1870204613F050FF57
S2140293C00A4B186001200EF099F82046FFF748FA7B
S2140293D0BDE8104000200EF091B810BDC249002032
S2140293E0E2540020E1540020E0540020A041002076
S2140293F070B5164E336804460D46E3B113F091FE7F
S2140294000C2818D1204613F08FFF092200210446AB
S214029410F7F716FB235C042B0DD10D4B1B78033B91
S214029420012B08D80B4C25B10B4B22781B789A429D
S21402943003D300232370002070BD08483168F9F773
S21402944097F82378013323700120F5E7A441002022
S2140294503A540020E4540020C9160020A414002028
S214029460014B93F901007047FA490020014BB3F80B
S21402947068007047B440002070B5124D00242C706E
S214029480ECF748FFE6B2B04212D80F4B1B78013B0E
S214029490012B04D800214FF6FF70FBF701FF0B4BA0
S2140294A000221A700A4B198801B11A80012070BD79
S2140294B0304606F049FDC30742BF2B7801332B70B6
S2140294C00134DDE7325400203A54002029540020AB
S2140294D09E49002038B50B4B1B78054673B1013305
S2140294E05C08094B1888F8F711FE002330F81320A1
S2140294F0AA4205D00133DAB2A242F7D3002038BD21
S2140295000120FCE7295400209E49002030B505467C
S21402951085B008460C4615F00FFEFF280CD014F056
S21402952005FF01220021CDE90112034600922146E1
S2140295302A460720FBF784FA284606F075FCFF2821
S21402954004460FD006F000FDC2070DD5204606F0F1
S214029550FBFC830708D40B4A32F8143043F48063CA
S21402956022F8143005B030BD14F0E0FE01220021CE
S214029570CDE901120346009207202A46FBF760FA5D
S214029580F0E700BF8E490020431E9BB24FF6FA72E8
S214029590934270B504462AD8FFF79CFF38BB194B96
S2140295A01B78042B23D0204614F067FBFF2801D03B
S2140295B0FAF7B4FA204615F00FFF08B107F054FE8A
S2140295C02046114E114D04F089F920460EF0AEFBEE
S2140295D0317869B12888F8F799FD054601461E22BA
S2140295E0023016F097FD2C8033781E2B07D970BDFB
S2140295F02020F8F751FE28800028EBD1F7E7023347
S2140296003370F4E73A540020295400209E49002083
S21402961037B5134B1B78022B05461ED114F0B7F94B
S214029620044614F0B4F9FFF7AFFF14F07FFE14F00F
S214029630BAF9002014F068FC99200EF089FA3DB1C0
S214029640002300930D2221464FF6FD7014F003FF0F
S21402965003B0BDE8304004F039BF03B030BD00BFF0
S2140296603A540020034B1B7813B90120FFF7D0BFF2
S214029670704700BF30540020F7B504460D46174623
S21402968014F085F90646002D49D04FF6FB739C422E
S21402969045D82046FFF71EFF30B1A64204D1214B23
S2140296A01B78033B012B3AD92046FFF713FF10B174
S2140296B0012003B0F0BD2046F5F7BEFAC0B1A642BF
S2140296C0F6D01CB369462046F9F704FB0246E8B911
S2140296D00821684614F00AF9C0B9082269462846E5
S2140296E016F008FD90B12946204614F04FFEDFE73B
S2140296F0A642E6D10C490822284616F0FBFC28B101
S2140297000120FFF785FF06F073FED1E73FB1214641
S2140297102846FAF799FB2146284604F0FBF8002073
S214029720C7E700BF3A540020B0540020044A13781A
S2140297302BB1013BDBB213700BB9024A13807047A0
S214029740295400209E4900200148F8F705BB00BFB7
S2140297509E4900202DE9F04780468CB017460D46FC
S21402976061B903AE1B48DFF86CA0002113F046FE79
S2140297704FF0000904461CB920461DE00E46F1E7EC
S21402978000222146CDF800902423304613F06CFFC9
S21402979008224146304616F0ADFCA8B9337C9BB988
S2140297A06FB945B92A460B48214613F0B8FE0A4A55
S2140297B01388013B138001200CB0BDE8F0873B887C
S2140297C0B28953405B06ECD52146504613F06CFE38
S2140297D00446D0E70E4A00200C4A0020024B1888A6
S2140297E0003818BF012070470C4A002070B50E4B97
S2140297F000251E888EB02C46EBB2B34201D30EB0C3
S21402980070BD09A811F0DAF805AB01AA09A920462D
S21402981011F06FFD28B932210AA814F0FFFF0135B6
S214029820EAE70134E4B2FAE70C4A00202DE9F043F5
S21402983097B04023064611A88946ADF80E3004AC10
S21402984011F0BCF802238DF844302146002330463E
S21402985004936360F9F73EFA0546002840F08680D6
S214029860304611F0B5FD804614F091F8002840F01D
S214029870AD8099F80130042B40F0AA80554F3B7812
S214029880022B76D13B78022B7FD194E80300032388
S2140298908DF8443012AB83E803009DF85130002166
S2140298A043F0060310220DA88DF8513016F04CFC3A
S2140298B00DA911A811F095FBBDF8463009A943F091
S2140298C0040311A8ADF8463011F0E7FB102209F1A7
S2140298D00A0109A816F00EFC002870D13B78022B6C
S2140298E006D10DAA2146FF2011F0A8FB00286AD156
S2140298F04FF034093B78022B08D19DF851301B07F4
S21402990004D40DF10E01204614F05FFF49462046AE
S21402991014F084FF2F464D4610238DF8183004238A
S2140299208DF81A30234603CB0022CDF81B00CDF863
S2140299301F1006A80B218DF8197013F048FD024679
S21402994038B1002F14BF012303232146304602F00C
S214029950BBFFB8F1000F09D0342D07D106A8224666
S214029960314608F0E1FB06A811F018FD17B0BDE875
S214029970F08300952B4611AA2946204601F0A8FD41
S21402998000283FF47FAFAD27C6E7012B94D1124BD8
S2140299901B6803F08403842B8ED1022394E8030011
S2140299A08DF844301023ADF8463012AB83E803003E
S2140299B09DF8513043F002038DF851307CE74FF0AA
S2140299C03309AD2596E74FF0050993E7A327A3E7EA
S2140299D0AA27A1E7F8530020FC3C00202DE9F0431B
S2140299E03648374D8DB0F8F75FFE0DF071FD2B68E7
S2140299F0C41A4FF47A73B4FBF3F4A4B214B10DF0A4
S214029A0067FD28602F4FDFF8C0803B88ADF80A302C
S214029A1000233B804FF6FF7600210DF10A0013F07B
S214029A205FFD054658B9284B1B882BB14FF47A7157
S214029A3022487143F8F79CFD0DB0BDE8F0834FF065
S214029A4000092423CDF800904A46294603A813F0BD
S214029A500BFEBDF81A30A34294BFDB1A1B1B9BB247
S214029A60ADF81A30CBB913F092FFBDF8183003F0F8
S214029A704003184380B218B9322103A80EF095F9B4
S214029A80BDF818301B0602D5089811F053FAB8F83C
S214029A900030013BA8F80030BEE79E4228BF1E46B3
S214029AA0012300934A462946242303A813F0DCFD2B
S214029AB04A462946384613F0A7FCADE7083C002084
S214029AC0AC4100200E4A00200C4A0020F0B52F4A76
S214029AD00446516810688DB001AB03C3A378012B0E
S214029AE050D11422002107A816F02EFBD4F821101C
S214029AF0D4F81D0003AB03C32388190644BF62686B
S214029B000892DA050BD5221D08AE04F11407106878
S214029B105168354603C50832BA422E46F7D1ADF82B
S214029B20183013F0040318BFA3690593184B1B885B
S214029B30ADF81A3013F02BFFE0B906A903A814F00B
S214029B4044FE0022242103A813F041FC0446D8B1A7
S214029B500020FFF743FF0F480022214613F054FC73
S214029B600D4A1388002001331380FFF737FF0020C9
S214029B700DB0F0BD082201A903A816F0BBFA002812
S214029B80DFD0DAE77020F3E71820F1E7CFB704005A
S214029B90141600200E4A00200C4A0020F7B5044690
S214029BA000200E46FFF71AFF104B1B88A34202D86E
S214029BB0022003B0F0BD00210D480D4F13F01EFC2D
S214029BC0002501460029F3D0A54208D100240094BE
S214029BD024232246304613F047FD2046E9E738465E
S214029BE013F062FC01350146ECE700BF0C4A002088
S214029BF00E4A00200148F8F7AFB800BF0E4A002010
S214029C00014B1888704700BF0C4A002030B5154A31
S214029C108DB051680546106801AB03C307A810F063
S214029C20CDFEDDE9010108AC84E8030003238DF8CC
S214029C301C309DF8293003A943F0020307A88DF8CB
S214029C40293011F0CEF910B103200DB030BD2868CE
S214029C506968234603C303A907A811F0A3F90028DD
S214029C60F3D0F1E7CFB7040070B50C4611460E4AA2
S214029C702378127813F0200542EA03020646227081
S214029C8018BF611D082216F045FAD4F80130B360F9
S214029C9023783373002D0CBF05200D2003F0180324
S214029CA0082B08BF013070BD3554002007B50423C9
S214029CB01A460DEB03010120F8F770FD019B034ADB
S214029CC01B03136003B05DF804FB00BFEC3C0020EE
S214029CD010B5064C2368C3F30B0313B904200DF02A
S214029CE032FC2068431C236010BD00BFEC3C002001
S214029CF0014B1868704700BFEC3C002007B5064BC6
S214029D000020186004231A460DEB03010190F8F7B1
S214029D1045FD03B05DF804FBEC3C00207FB5112343
S214029D20062201A90120F8F739FD084B9DF81420F8
S214029D301A70074B1B780BB1052B05D110F000FEED
S214029D40012007B05DF804FB0020FAE73454002037
S214029D50355400202DE9F04F0646CBB088460088E1
S214029D6001211746F8F75CFA2E4B3188ADF816003B
S214029D703A4606A814F0E2FD0DF1280BC4195A461D
S214029D804146308814F067FDE4B208EB0003A342B4
S214029D9016BFA4EB08040446E4B205464FF00409D5
S214029DA02346CDE900095A4601210BEB050ACDF8F8
S214029DB008B02D1B06A8ECF793FCEDB20BEB0403E0
S214029DC00093019523465A463088414614F071FDA9
S214029DD0348839462046F8F789FB394600F0F802FF
S214029DE02046F8F797FB01213088F8F719FA012385
S214029DF04A46514680B10DF11600F8F7D3FABDF87F
S214029E001620044601213088F8F71EFAB4FA84F0C8
S214029E1040094BB0BDE8F08F3046F8F7C3FA044667
S214029E20F4E700BFB05400202DE9F04FC9B0044655
S214029E3088469246C118224A04A81F46FFF714FF16
S214029E40C519EDB208AB0293A5EB0A0BA8EB0A0301
S214029E505FFA8BFB4FF00409A8EB0506DBB2F6B2FD
S214029E6004EB0A020093CDF804905B46012104A895
S214029E70ECF736FC06F590730DEB03025A44A2F596
S214029E80807208A8136844F80830E35D23F00703DD
S214029E90E3552C443246214616F004F908ABCDE9C8
S214029EA0019308AA00230096012104A8ECF718FCE7
S214029EB0324608A9204616F0F5F849B0BDE8F08FFC
S214029EC0B0540020F8B5064615F0DEFD811C0546A6
S214029ED089B2304615F0B4FCF0B1EDB129463046F1
S214029EE0F8F704FB1228074616D80C4B691C1C5CB4
S214029EF0C9B23046F8F7FAFA2C44052FE4B205D177
S214029F00052809D8064B1B5C1C44E4B221463046A1
S214029F10BDE8F84015F094BC0020F8BDF60C05002C
S214029F20F00C0500F8B5054615F0B7FC04462846C1
S214029F3013F0FAF9A11C074689B2284615F080FCF0
S214029F4000283ED0002C3CD021462846F8F7CEFA10
S214029F50611C0646C9B22846F8F7C8FA0F2E30D852
S214029F60194B9B5DE118731E89B2092B0ED8DFE8E8
S214029F7003F009050D0D120D0D181E1EC40644BF72
S214029F80083189B2820601D5083189B22846BDE871
S214029F90F84015F055BC7B78DB0612D501EB400184
S214029FA0F3E700F01F0000EB40000144EDE71F2836
S214029FB005D8092E06BF400080B20220F5E7C82861
S214029FC0E4D00020F8BD00BF090D0500F8B506462E
S214029FD013F0AAF9092200210546F6F731FD00F131
S214029FE01004284613F057F8E4B2074621463046D6
S214029FF0F8F77CFA05463046F8F7A4F8BA05A0EB5F
S21402A0000403DBB20AD47C2D0AD0082D0AD8064AED
S21402A010505D98428CBF00200120F8BD1220F8E760
S21402A0200320F6E7FF20F4E71A0D0500014B187827
S21402A030704700BFCB16002038B5114B1B7804467C
S21402A04008469BB9012038BDA24205F101050FD191
S21402A05003EBC1035B6898470028F3D11E20224613
S21402A0604FF6FF7110F035FC0020ECE7054B00259B
S21402A070E9B213F83120002AE6D11446EEE700BF13
S21402A080CB160020C00C050013B50023ADF8043033
S21402A090134B984221D10B88DA0702D5B72002B0BB
S21402A0A010BD9B0744BF4FF47F43ADF804300D4B01
S21402A0B01C887F22022321460DF106000DF045FA88
S21402A0C0BDF806204FF6FF739A42E7D120460222D9
S21402A0D001A90DF043FA0020E1E70220DFE700BF06
S21402A0E01FD1BACA9096040013B50F490023038005
S21402A0F07F220223098804460DF106000DF025FA98
S21402A1009DF80630BDF806201BB1238843F00103F4
S21402A1102380FF2A88BF23884FF0000084BF43F0C5
S21402A1200203238002B010BD9096040030B1044AA8
S21402A130036813604368536000207047022070472C
S21402A140CC160020034B1B78002B14BF442056204D
S21402A1500E307047355400202DE9F04F8DB0CDE912
S21402A1600423179C0394039CBDF858A0D588064682
S21402A1700F4644B9EC0606D5CDF858A00DB0BDE89A
S21402A180F04F10F012BCC5F380242B054FEA0434BE
S21402A19048BF44F40064A80511D544F080040A2E92
S21402A1A000F25E81DFE816F088004F003B0059009F
S21402A1B05C015C0159001000880059003600E90570
S21402A1C048BF44F04004EAE7BB464FF001090223C9
S21402A1D002934FF00008BAF1000F74D1A24B188810
S21402A1E04FF6FF73984206D0A049F8F773FD10B1F8
S21402A1F024F48054A4B2059B00935A46434644F482
S21402A2000271504608F06AF9ADF8200000286BD1BA
S21402A21018204EE0BB464FF001090323D8E708A9F1
S21402A220F8B214F047FEDDF82500DDF8291006AB7B
S21402A23003C38F4B33F817B04FF00009CDF80890E0
S21402A2400DF11808C7E706A9F8B203F01FFB0C23A6
S21402A250884A7B4332F803B0EEE74FF6F7739F4225
S21402A26040F2FE8015F4026F40F0FA80824B1B78B3
S21402A270022B03D0043B012B00F2F480BAF1000F4C
S21402A2800BD1032E0CBF0C23082324F4C0740293B4
S21402A290A4B2BB464FF001099BE75046F7F752FFC0
S21402A2A00246FFF74FFF032E08BF01388242E8DD61
S21402A2B074200DB0BDE8F08F4FF00009BB46CDF814
S21402A2C00890C84687E7049B1B8843B91A4651463E
S21402A2D006200DF0E6FB002880D11920E9E70023CE
S21402A2E01A4651460720F4E75F4A11884FF6FF7375
S21402A2F099421CD013F018F85B4A0346118805935E
S21402A300043012F0CAFE5D49059B0978D971574997
S21402A310554A14F4805F1FBF086898604868D86082
S21402A3204FF6FF7313804FF0FF330B604B60049AB7
S21402A330029908A808F088F900283FF469AF504C43
S21402A3402378002B3DD1BAF1000F14D05046F7F710
S21402A350F9FE8046BDF82000F7F7F4FE2378002BBE
S21402A36014BF122200228044EB1003F00403904430
S21402A3704344842B9CDC15F400540AD0BDF820809C
S21402A380404612F0C4FE40F4806189B2404612F0A4
S21402A390A9FEA6F10803012B05D8BDF8200001226C
S21402A3A0102112F0A5FE039BBDF820803BB3594650
S21402A3B0404612F0F0FE039ABDF8203013800020CB
S21402A3C077E7AA06BFD56B0103F020030A2E14BF57
S21402A3D043F0010363F07E03DBB2B9F1000F08D04D
S21402A3E000210091424608A800F000FE0028AAD0EC
S21402A3F05FE71A46414608A814F02EFCF6E74046E8
S21402A40015F04BFA039B0246414604200DF049FB29
S21402A41000283FF462AF0A2E16D84FF4D963F340F1
S21402A420DB0711D5072E09D00A2E07D0BDF820006B
S21402A43013F0D3FE0028C2D1A1203AE708A810F0F4
S21402A440CAFF0028F2D0F7E714B125F04005ADB2F6
S21402A450BDF820002B46FAB2314601F097FE28E7F7
S21402A460012026E7912024E736160020CC1600208D
S21402A47080460020C045002039540020F0540020B9
S21402A4803554002070B4084EBDF81040308007489E
S21402A4901546057000201A469DF80C30CDE903409B
S21402A4A070BC0620FFF758BE36160020F054002077
S21402A4B030B402460C48BDF8085005800B489DF89B
S21402A4C00C4004700A4804780020CDE902304FF6AA
S21402A4D0FD700B464FF6FF71002C08BF014630BCDC
S21402A4E00320FFF739BE00BF36160020F0540020C6
S21402A4F0F453002013B50246084804780020CDE93C
S21402A50000300B464FF6FD704FF6FF71002C08BF69
S21402A51001460320FFF720FE02B010BDF4530020D0
S21402A520F7B51E46234B1B78022B05460C461746EC
S21402A5300AD1A6B13046F7F705FE0246FFF702FE3D
S21402A54082420CD9742008E0043B012BF1D908465C
S21402A55010F03EFF0028ECD1912003B0F0BD65B1AB
S21402A560022D1AD1EBF7D0FEA04214D9124B33F8C3
S21402A57014204FF6FD739A4202E04FF6F7739C42A0
S21402A58009D80023CDE900633A46FF232146284630
S21402A590FFF7E2FDE1E70120DFE7012DFBD1074BE4
S21402A5A01B78A342F7D9E0B203F088F94FF6FD73A1
S21402A5B09842E5E73954002080460020971600208E
S21402A5C030B5104B87B005460C461868596803AA82
S21402A5D003C2986810609A88DB880B49ADF80E5063
S21402A5E023F04003ADF812300023CDE9004352BAFF
S21402A5F0ADF810200988FF2303AA0720FFF7ACFD59
S21402A60007B030BD1A4A0020264A0020034B1B78AA
S21402A61013B1034B18787047FF207047015500208E
S21402A620005500202DE9F04F074689B01046154622
S21402A6301C468A4615F031F901462846F7F756FFBA
S21402A6400646284612F070FE043012F024FD8046BC
S21402A65013F09DF9804551D0B2074FD1DFF8AC8098
S21402A66005A92846B8F800B015F01FFA9DF819306B
S21402A670A8F800700BBBBDF81430F3B9284612F0E8
S21402A68053FE023012F007FD4FF6F773984204F1BC
S21402A690010494BF4FF000094FF00109E4B2012310
S21402A6A0CDF800902A4605A93846039303F07CFFAE
S21402A6B0039B40B901339C421ED20020A8F800B08A
S21402A6C009B0BDE8F08F022CF8D1012BF6D10C4A66
S21402A6D00C4BA3F800A01378591C11700A4A7F3B52
S21402A6E016F00C01137007D1BDF81A305B0603D5BD
S21402A6F0BDF81600FFF764FF0223D1E70020DFE76C
S21402A7003754002036160020F0540020264A002037
S21402A7102DE9F04F8BB08846ADF81E0012F004FE0D
S21402A72000F1020A0646504612F0B5FCBDF81E407D
S21402A730BD4D0746204615F0B0F801462046F7F70D
S21402A740D5FE814600F00304301D12F0A4FC2880DA
S21402A75013F01DF9B8422DD04FF6F7739F4229D851
S21402A7607378DA0726D4384614F00FFD30B1BDF8F8
S21402A7701E20288801233946FFF754FF13F007F9F5
S21402A780A94B1B8883420FD1BDF81E40204615F008
S21402A79084F801462046F7F7A9FE10F00C0103D113
S21402A7A0BDF81E0001F0ACFDA04B00221A600BB0F3
S21402A7B0BDE8F08F9E49BDF81E0015F076F99D495A
S21402A7C0BDF81E0015F0B5F8984A9A4B002808BF47
S21402A7D00023BDF81E00136012F032FD964B18706F
S21402A7E0BDF81E0012F031FD944B1870BDF81E0025
S21402A7F012F036FD924B186000238DF82230B8F125
S21402A800000F28D08A4BDB889B0624D513F0BFF8AE
S21402A810F8B18C4B1B689F071BD4012C14BF08236E
S21402A82018230DF122020092002211460DF11E009D
S21402A83000F0DCFB78B1012CA0D1834B1B78112BE6
S21402A8409CD114F0ACFA002898D1AF20FAF778F829
S21402A85094E70823E5E7504612F01DFC4FF6F7731F
S21402A860984240F2F580012C00F0FD80022C00F0A8
S21402A8707981002C82D1DFF8B881BDF81E00B8F8C5
S21402A88006300493ADF8240012F04EFDBDF82460A5
S21402A8900446304615F001F801463046F7F726FE24
S21402A8A08DF82300A01C667812F0F5FB074613F01D
S21402A8B06EF84FF6F7739F422D88B8F8024006F0FE
S21402A8C00106824600F2FF80002E0CBF08200620FA
S21402A8D0002229460FF0FDFFBDF82490484614F0EA
S21402A8E0DCFF00230246494604200DF0BEF84FF670
S21402A8F0F7739F4281460BD8B8F90620B8F806309F
S21402A900002A05DB580603D500212046FFF758FE2D
S21402A910B9F1000F3FF432AFB8F80030002B5BD12C
S21402A92098F80530002B57D14FF6F7739F4294BF25
S21402A930002301230DF12601BDF82400039314F031
S21402A94018FBDFF8E4B000F1FF39BBF800300593DE
S21402A9505FFA89F9B8F80630BDF82600069349462C
S21402A960F7F7C4FD0499069B019000930598039B94
S21402A9702246C1F3401110F038FD00283FF4FEAE27
S21402A9802B4BBDF826104A4606200DF06EF800281E
S21402A9903FF4F4AEB8F8022048F202039A4205D118
S21402A9A0BDF82410BBF8000000F0B0FFDFF880808E
S21402A9B009AA41460DF1230010F015FD03460028B2
S21402A9C07FF4DCAE2104BBF80000BDF824207CD561
S21402A9D02346414614F0E2FADFF8548036B99DF871
S21402A9E0233003F00C030C2B40F09380B8F80800D9
S21402A9F014F09FFA00283FF4C1AEB8F80810002001
S21402AA0002F008FE114B18704FF6F773AA4514BFF2
S21402AA10022503259F42BDF8240002D8002E00F02E
S21402AA209380012394E000BF264A0020B441002010
S21402AA301A4A0020E8540020E2540020E154002084
S21402AA40A0410020FC3C0020395400200055002084
S21402AA50022C00F08780474BB3F90630002B25DA2C
S21402AA60012C7FF406AF12F092FF2B8883423FF44C
S21402AA7085AEBDF81E100520FFF7DEFA00283FF46B
S21402AA807DAE3C4AD3885B0607D50023CDE900336A
S21402AA900A202988FF23FFF75FFB9DF822302988CA
S21402AAA0BDF81E00424602F015F967E6BDF81E0024
S21402AAB0F7F748FBA0F11001C9B2304600F086F85D
S21402AAC00028CDD05AE6062002E7DFF8B890022129
S21402AAD089F8001003990091414603F065FD132C96
S21402AAE03FF47AAFB8F806305B043FF575AF224BF9
S21402AAF01B78D80704D599F80020022A3FF46CAFD9
S21402AB0099077FF53BAE99F80030012B7FF436AEFD
S21402AB1062E798F804301948009398F805300088E0
S21402AB203246314602F09EFD154B18709DF82330D2
S21402AB30BDF8240003F00C03082B4FF6F7730CD075
S21402AB4035469F423FF66DAFA4F138025342534159
S21402AB5008492A4604F050FC10E6AA4514BF04250C
S21402AB600525EEE7BDF81E200249484601F03AFBED
S21402AB7004E600BF1A4A0020F6530020264A0020A8
S21402AB8000550020F154002010B50948002112F0AB
S21402AB90A7FC044650B101460420FFF74DFA28B13F
S21402ABA020460121BDE81040FFF7B2BD10BD00BF30
S21402ABB00A4A0020034B04481A78FF21920015F037
S21402ABC0C3BA00BF981600203C39002070B545185D
S21402ABD004464FF0FF31AC4212D1104B10481A789F
S21402ABE005460023934211DB0E4C2078431CB3FB30
S21402ABF0F2F602FB163345F82010237000200CE014
S21402AC0014F8010BDAF7ECFE0146E4E750F8044BC1
S21402AC10A14201D00133E5E7012070BD981600205D
S21402AC203C390020F254002007B5042301220DEB24
S21402AC3003011046F7F7B2FD019B034A1B0313609C
S21402AC4003B05DF804FB00BFB0410020014B18685A
S21402AC50704700BFB0410020014B1868704700BF24
S21402AC60B041002010B5064C2368C3F30B0313B99A
S21402AC7001200CF068FC2068431C236010BD00BF56
S21402AC80B04100202DE9F04F93B0DDE91C79039323
S21402AC9000230693834699F8003004930DA80E46C7
S21402ACA015460FF08BFE99F8003013F003043ED0E1
S21402ACB0039B8DF824300DF1250A00220821384620
S21402ACC012F014FE00286FD0288812F02DFB99F897
S21402ACD000301C074CBF0430023012F0DCF907A922
S21402ACE0804607F04FFA9DF824300446980633D57E
S21402ACF0288806F10D0114F0A3FDB0B100230093DD
S21402AD00721D29880823D2B2384612F0ADFC99F893
S21402AD10003003F01803182B48D1B8F1000F45D0C5
S21402AD20A74BB3F86830434540D0A62326E02888D0
S21402AD30711D14F085FD0028F7D00094052329889C
S21402AD40324609A812F090FC9DF8243003F018034E
S21402AD5003930DF1240AB0E70CBB39464046F7F7D9
S21402AD60B9FF0028D3D099F800309907DDD04023E8
S21402AD7022462146404614F0C0F9BE2399F8002028
S21402AD8012F0030440F0F7802888039312F02FFA9B
S21402AD90224601461A200FF09CFD039BEBE007AB10
S21402ADA003CB38607960B2E74FF6FF7810F0FEFA10
S21402ADB0044620B10421384607F00CFA04461E9BCE
S21402ADC0002B5AD009231E998DF834300DA810F0A6
S21402ADD0E9F8209B0BB1209B0693039B002B40F0C7
S21402ADE08E800DA8EBF736FD99F800309A0700F032
S21402ADF09880FFF737FF51460246012012F051F9BC
S21402AE0099F800309B0710D55946288814F013FE8F
S21402AE100BF1090350FA83F35FFA83FB288859463D
S21402AE2014F0DEFD00EB0B06F6B299F8003013F0D4
S21402AE30C20F0AF104030DD09DF82420614942F0A6
S21402AE4020028DF824200A68CAF804204A685A604C
S21402AE500AF10C0309A8012200921B1A298832461D
S21402AE60DBB212F001FC324659462846FEF772FF64
S21402AE70002800F0A38000237DE01F9B5BB19E4666
S21402AE80BEE80F000DF1340CACE80F00DEF800301F
S21402AE90CCF800309DE7049B288803F0200359462F
S21402AEA00493F7F723FB10F0030F0CBF01230023D4
S21402AEB00593049B059A1F99003B18BF012342EA9B
S21402AEC0430300930DAA06AB384600F001FB049A32
S21402AED0034682B1002880D0059B00930DAA06ABDC
S21402AEE01F99384600F0F4FA99F8002022F0200262
S21402AEF0034689F80020002B3FF46FAF3EE7039B22
S21402AF00102B06D1BDF8363043F00103ADF83630CB
S21402AF1067E7039B182B4FD1BDF8363043F0020388
S21402AF20F4E70DF12501012012F0C9F899F8003076
S21402AF3013F0040F8246288821D1069B1BB3002CEF
S21402AF4035D012F054F90022014616200FF0C1FC4B
S21402AF5084B17FB14FF6FF7398450BD000231A4693
S21402AF600DA9384610F070F99DF83520394640464E
S21402AF7010F034FA0123184613B0BDE8F08F002C07
S21402AF80DFD1104F01E0002CDBD1002300933246C4
S21402AF903B46594613F053FD00283FF4C6AE002C3C
S21402AFA03FF469AF069A0AF10103136063E71B6870
S21402AFB05345C6D80124E8E7A623DCE71823DAE7D8
S21402AFC0B4400020B054002007B5074A002301937E
S21402AFD0136004230DEB03027F2101200CF0B1FA6B
S21402AFE003B05DF804FB00BFB04100202DE9F04F2E
S21402AFF0B1B0044600888DF82F3016468A463A9F2E
S21402B00014F04BFC01468146208814F0E9FC00EB64
S21402B0100908208814F038FD9DF82F500790002369
S21402B02015F0010B5FFA88F8ADF8363008D1014604
S21402B0300DF13602208814F0BDFB08B1ADF836B02B
S21402B04016B9CDE90E660EAEFEF7C8FB18B145F08E
S21402B05020058DF82F500023CDE9033302930DF11E
S21402B0602F03CDE900632246534641464846FFF782
S21402B07009FE0546002800F0B8809DF82F3013F030
S21402B080010B46D123F020038DF82F3012F07FFCFF
S21402B09070B1754A1068516810AB03C3184600F0C9
S21402B0A0E9F95D460890FEF7ABFDABB2984239D897
S21402B0B00FB100233B70BDF83630CBB1208801219A
S21402B0C0F7F7AEF827880546002800F0BC80012175
S21402B0D03846F7F7A5F8BDF8367005463846F7F74E
S21402B0E031F8002300903A461946284612F0F6FA3E
S21402B0F00023CDE9033302930DF12F03CDE900635C
S21402B1002246534641464846FFF7BCFD0546002800
S21402B1106BD012F03CFC002840F0AC80284631B0E0
S21402B120BDE8F08F18AB14AA26A9E8B210F0E1F831
S21402B130002875D1082210A927A814F0DBFF089B67
S21402B1408346002B68D09DF8A530099313F0020FB2
S21402B15062D0082212A927A814F0CCFF00285BD1DF
S21402B160099B590758D50FB101233B7014AB0FCB7F
S21402B1700DF1740C8CE80F00BDF83630CBB1208888
S21402B1800121F7F74DF8B4F800B000284DD00121A0
S21402B1905846F7F745F8BDF836200992834610461A
S21402B1A0F6F7D0FF0023099A00901946584612F087
S21402B1B095FA2E4B0493002303931DAB02930DF1D5
S21402B1C02F03CDE900632246534641464846FFF721
S21402B1D059FD28BB089B002B33D012AA1DAB4FF497
S21402B1E082714FF4005000F0CFF812F0D0FB88B115
S21402B1F01F4B1B689A070DD4FEF7F0FA50B11A4A95
S21402B2001068516818AB03C3002226A918A813F0C9
S21402B2109FFA18BB002581E727B9BBF1000FA5D01E
S21402B220013540E700233B70F7E7BDF836200A9069
S21402B23010460992F6F786FFDDE909230799009082
S21402B240B4E7089ACAE7BDF836B05846F6F77AFF6A
S21402B250079900902B465A46384647E726A918A86B
S21402B26013F0B3FAD0E700BFCFB70400F83C0020D3
S21402B270FC3C00209DF82F3003F01103102B7FF4C6
S21402B2804DAF3E4B1B78432B7FF448AF3C4B1B68BD
S21402B2905B067FF543AF208808F1050114F0D0FA6B
S21402B2A0834600283FF43AAF41462088F7F71EF956
S21402B2B0344B10F0200F08BF1E4612A800F0DAF832
S21402B2C00822314612A814F015FF002852D0314643
S21402B2D012A810F032F8012326AE0093324600235D
S21402B2E014A912A800F0F4F800287FF417AF12ABE6
S21402B2F00DF12F07CDE903600290009301975346A4
S21402B300224641464846FFF7BDFCA8B3BDF89A3030
S21402B31018AA43F0080314A91020ADF89A3013F0C7
S21402B320F4F900287FF4FAAE12ABCDE90360CDE95A
S21402B330017000932246534641464846FFF7A2FC58
S21402B340054600287FF4EAAE18AB4FF49071002051
S21402B35012AA00F019F84FF00051002013F0D4FCA6
S21402B360BBF1000F3FF456AF4FF08051002013F0B0
S21402B370CBFC4FE78346AEE714ABE6E73954002032
S21402B380FC3C00201E410020F0B591B00746164650
S21402B39009A80D461C4613F0B1FC3EB13368CDF841
S21402B3A026307368CDF82A3045F040051B4B1A68E4
S21402B3B022EA070242EA050119604B040DD5BDF8E0
S21402B3C024200B0A03F4E243C9B222F4E3420B43FD
S21402B3D022F07F021343ADF824301A23082209A96B
S21402B3E00020F7F7DBF9B4B104A80FF0E7FA02235E
S21402B3F06A468DF8103004F1100623461546186882
S21402B4005968144603C40833B3422246F7D1294684
S21402B41004A80FF0C7FD11B0F0BD00BFFC3C002031
S21402B420054B196847F2FF1041F48042014041F48F
S21402B43080411A6013F068BCFC3C002000B589B05D
S21402B440FEF76CFC01A813F059FC0948BDF804206D
S21402B4500168130221F0FF0103F4E2030B43D2B2A8
S21402B460134343F48043036009B05DF804FB00BF56
S21402B470FC3C002010B50C4B04461868830788B0C5
S21402B48006D54FF0FF3323606360012008B010BD7D
S21402B49010F04000FAD001A813F030FCDDF80630B8
S21402B4A02360DDF80A30EFE7FC3C002008B5074BC6
S21402B4B01B6813F04003024605D118461946FFF7EB
S21402B4C063FF012008BD0020FCE700BFFC3C002013
S21402B4D02DE9F04F9FB080469DF8A0A00C461D4671
S21402B4E09346CAB1164630460FF068FA1AF00207BB
S21402B4F014D004B917AC01AB2246314640460FF0D1
S21402B500D6FE0DB100232B60002814BFA627002705
S21402B51038461FB0BDE8F08F0DAEE4E701AB05AAD2
S21402B520314640460FF090FE7378FF2B0AF0010A70
S21402B53024D0002840F0BD805CB105AA0DF1240C91
S21402B540134603CB6345206061601A4604F1080483
S21402B550F6D125B17278584B03EB82032B60BAF111
S21402B560000FD5D0BDF80430D906D1D472784FF684
S21402B570FF7118200FF0ADF9BB27C9E7DFF840913D
S21402B58045B112F004FA18B1D9F800309A072DD551
S21402B59000232B60D9F8003003F03003102B01D0C3
S21402B5A0202B25D117A813F0A9FB08220DF15E0166
S21402B5B0404614F09FFD28B1D9F8003003F044034A
S21402B5C0402B15D0BAF1000F14D109A813F0A0FB36
S21402B5D002233370002C51D1BBF1000F98D012F029
S21402B5E0D6F970B3301DFFF745FF91E7334BD0E72E
S21402B5F0A6278DE7D9F80030DB03E6D509A813F0B5
S21402B60087FB022333709CBBBBF1000FAED012F057
S21402B610BEF908B3301DFFF72DFFA7E7D9F80030B3
S21402B62003F08403842B30D009AB0DF1340C1A4698
S21402B63003CA624520606160134604F10804F6D12D
S21402B64006E0D9F80030254603F08403842B2AD07E
S21402B650301DFFF70FFF28E0D9F80030012503F070
S21402B6608403F3E7D9F80030012503F08403D9E711
S21402B67012F08DF90028F5D00125D5E712F087F9EA
S21402B68005460028CAD00025CEE712A80FF096F984
S21402B690022312A88DF84830EBF7DCF82246082180
S21402B6A04046EAF7DBFF10237380002D3FF430AFED
S21402B6B05CE703272CE700BF38390020F83C00205F
S21402B6C0FC3C002049B9084B197849B14EF6602374
S21402B6D0594328B10548F6F74BBF41F28831F8E7DF
S21402B6E00248F6F7E1BF00BFF5530020483C0020B1
S21402B6F070B586B0054612F04AF910B9702006B049
S21402B70070BDF7F7E7F80028F8D001A8FFF7B2FEF9
S21402B71006460028F2D055B9304B1C6814F00204D5
S21402B72033D14FF48163ADF80C30022125E02C4969
S21402B7300822284614F0DEFC0028DFD0274B1C68BF
S21402B74014F0020406D0274B1B78112BD6D1264BB9
S21402B750B3F868400822294601A814F0CBFC00285A
S21402B760DFD04FF40273ADF80C302B68CDF80E30F4
S21402B7706B68CDF8123000260A21002203A811F0C9
S21402B78026FE024648B91820B9E7164B1B78112B3D
S21402B790B4D1154BB3F86840C3E7104B196801F0F3
S21402B7A03003102B17D0202B14BF0123032349008C
S21402B7B001F004010B432046002101F085F8002821
S21402B7C0E1D000210120FFF77DFF16B1074B0122D1
S21402B7D01A70002093E70323E9E700BFFC3C002031
S21402B7E0B054002039540020B4400020E754002012
S21402B7F030B5002485B0CDE90044F6F755FF12F0C7
S21402B800C6F81D4D60B906F0DDF80D240021084685
S21402B8102970FFF757FF214668460CF0C6FA17E074
S21402B8202B783BB3154916480A780078904221D9FE
S21402B8300132012B0A700DD122464FF4A071204628
S21402B84002F0A8FDB0B90F4841F28831F6F790FE33
S21402B85005B030BD022B08D102A92046F7F73AFA06
S21402B86040B902A8FFF744FFECE7032B02D101F030
S21402B870DFF9E7E70424C9E7F3540020F454002074
S21402B880D4160020483C002070B51B4A1B4D516858
S21402B8902E7886B00446106801AB03C31EB170242E
S21402B8A0204606B070BDF7F76BF80228F7D112F003
S21402B8B06EF80028F3D003A800F02AFE082201A999
S21402B8C00DF10E0014F016FCA0B10D4B32464FF4EB
S21402B8D0A07130461C7002F05DFD04460028DFD1E0
S21402B8E0084A0948012341F288312B701370F6F793
S21402B8F03FFED5E7B724D3E7230D0500F354002017
S21402B900D4160020F4540020483C0020F0B52F4EF8
S21402B9109BB007460C464922002107A8069114F060
S21402B92013FC3378012B37D1B7BB0DF10E0120463D
S21402B93013F01FFB0546BDF80E00F6F703FC441B8A
S21402B940E4B22A46BDF80E100097234606A811F068
S21402B9508BFE04A93846F7F7BDF90246E4B19DF816
S21402B96019301A4312F0FF0216D1BDF8233003F441
S21402B9707E43B3F5285F1ED3B3F5385F0ED3144962
S21402B980BDF80E000B6843F400030B6029460FF067
S21402B99000FD18B1042333701BB0F0BD0D4B01221D
S21402B9A004A81A70FFF7A4FE0B4841F28831F6F796
S21402B9B0DFFD0223EFE7114610463270FFF782FEE4
S21402B9C01E2104A80CF0F1F9E6E700BFF3540020AC
S21402B9D0FC3C0020F4540020483C0020014B187028
S21402B9E0704700BFF4540020014B1878704700BF20
S21402B9F0F3540020014B1870704700BFF354002028
S21402BA002DE9F0478CB00546B5294088ADF80A0006
S21402BA10884600F08C8095F80890AE7911F084FC88
S21402BA2005A90446BDF80A00EF7914F03EF8BDF801
S21402BA300A0011F06CFB420542BFBDF81A3043F40F
S21402BA400053ADF81A30EB79DB0642BFBDF81A3068
S21402BA5043F48053ADF81A30BDF81A30980613D561
S21402BA60022E6AD108A9287A13F024FADDF82500F6
S21402BA70DDF8291003AB03C303AA002100910423B7
S21402BA800DF10A00FFF7B2FABDF80A000121F6F737
S21402BA90C7FB022E82465CD1474B33F81940B8F1F9
S21402BAA0000F72D0BDF81A2051066ED54FF6FB7302
S21402BAB09C426AD8414B1B78033B012B04D8404B6F
S21402BAC0B3F86830A34260D0D30502D5204613F0FF
S21402BAD0E3FBBDF81A30D80457D5002E46D1BDF880
S21402BAE00A0011F014FBC10611D4CDF800805346AB
S21402BAF005AA214630460BF079FF0B2017F0030209
S21402BB001CBF02F1FF32D2B221460EF0E2FEBDF8B1
S21402BB10162048F234039A4209D12A4E3078FF287A
S21402BB2005D003222146FBF735FCFF2333700023A2
S21402BB302B806B800CB0BDE8F087012E01BF2B7AFC
S21402BB40214A03EB430302EB83020CBF02320022BC
S21402BB5093E7012E05D10C231B4A03FB09F3D45AA3
S21402BB609DE7A01C11F097FA044698E7204601F0DC
S21402BB70B5FEBDF80A0011F0CAFAC206C7D4CDF85F
S21402BB800080534605AA4946B4E7BDF80A0011F0FC
S21402BB90BEFAC306BBD4CDF80080534605AA002ED3
S21402BBA014BF4946214630460BF020FFB8F1000F7D
S21402BBB0A3D10920A2E700BF804600203A54002005
S21402BBC0B4400020D8160020C045002070B5114BA6
S21402BBD0114D00240A262A78A24205D8C2B9BDE829
S21402BBE070400E48F6F760BD598869B9013AD2B27C
S21402BBF0A2422A70EFD0121B03F10A0118467243C2
S21402BC0014F088FA0346E6E701340A33E4B2E2E7C0
S21402BC1070BD00BF5C450020F7540020C41400200D
S21402BC2070B51A4B1A4A1D780023DCB2A54200D81A
S21402BC3070BD144601336688864202F10A02F4D1C8
S21402BC40E379A588617203F040028DB9CAB123F088
S21402BC500403E37111F068FB037803F07F030370BB
S21402BC6021880029E4D1BDE870400A48F6F780BC76
S21402BC7000216580A180002AE9D1BDE87040FFF767
S21402BC80A5BF2046FFF7BCFEF7E700BFF75400202B
S21402BC905C450020C41400202DE9F047044686B017
S21402BCA040880F46154611F03FFBA3798046082BC5
S21402BCB051D8DFE803F0052E1850505050500500BA
S21402BCC0023011F0E8F9002D4DD06946F7F702F878
S21402BCD038B9684601F0ACFE00F0010006B0BDE8D7
S21402BCE0F0870020F8E702A9207A13F0E3F8DDF8DF
S21402BCF00D00DDF81110334A6B4603C3237A32F87F
S21402BD001390314AD05C6E4675B1314613F0F6F8A0
S21402BD10E4E7237A2D4903EB430301EB830231F870
S21402BD202390907A961CEFE74FF6FB7AD14514D90A
S21402BD30304604F027F84FF6FF739842054614D0B3
S21402BD400146304601F0E6FD554507D9E379DA06A5
S21402BD500DD4CB2363720020C0E74D46294608F176
S21402BD60020011F09AF90120B8E74D46EEE74FF6C9
S21402BD70FC78454511D103F00C030C2B1BD1D7B12F
S21402BD8030464FF6FD7101F0C5FDC82161722046AE
S21402BD90FFF736FEFFF71AFFDDE74FF6FD739D420B
S21402BDA009D1002319461A46304602F0AFFB414637
S21402BDB0304601F0AFFDE37943F00C03E371CC2388
S21402BDC0C8E700BF8046002001540020C04500207E
S21402BDD073B5044640880E4611F0A6FA023011F0FA
S21402BDE05AF90FF0F5FA18B1A11C201D0FF0F5FA5A
S21402BDF0E6B1E5790135EDB2E57115F0400514D0EE
S21402BE00EAF77CFA0122054600212046FFF744FFA6
S21402BE1018B1394B1B882B449DB2384B1B78042B28
S21402BE2001BF354B1B885B199DB225800022314627
S21402BE302046FFF731FF20B3608811F075FAE279E9
S21402BE402F4922F00C03E3710B780133DBB20B703F
S21402BE50C3712C4B1B780546A61C0BB3E3799806D8
S21402BE601ED52949097871B159060CD592070AD50B
S21402BE7000220092042311463046FFF7B7F810B1AD
S21402BE80607202B070BD0022009201231146304655
S21402BE90FFF7ACF820B1E37943F00303E371EFE771
S21402BEA030460FF098FA10B10123E371E9E7608893
S21402BEB0FBF720FE0328E4D8DFE800F0020D1B188B
S21402BEC0E37943F00403E3711B06DAD50F4B1A78C5
S21402BED00F4B1A70D5E7CD236372E37943F008035C
S21402BEE0E3712B7803F07F032B70CAE7CE236372CD
S21402BEF0C7E7CF23FBE700BF121600203A54002004
S21402BF003754002035540020D5160020F95300205F
S21402BF10F65400202DE9F74F06460BF0D4FA5D4B97
S21402BF205D4AB3F8009018805B4BDFF880B11B784F
S21402BF30A0EB0904A4B2A34286BF1B1BDBB20023FC
S21402BF401370A9EB000305464FF000084FF6FF7783
S21402BF500093524B19785FFA88F291420ED80EB1CE
S21402BF60FFF734FE4FF6FF739F4200F08D804C4879
S21402BF70394603B0BDE8F04FF6F7FABABBF802202E
S21402BF80002A3CD0474B9BF807201878BBF800A045
S21402BF90042818D00020BAF1000F08BFA246204499
S21402BFA0504523D2BBF80010009B1944ABF8001092
S21402BFB0002E4DD002F04802482A49D100215846A8
S21402BFC0FFF706FF44E00192F6F7D4FD30F01003C7
S21402BFD0019ADFD1FAF7C8FD334B019AB3F800C0D5
S21402BFE08445D7D9ACEB000080B2D4E702F00C004F
S21402BFF0042807D10022ABF800200BF10A0B08F147
S21402C0000108A6E7510602F0030C02F008000DD55F
S21402C01020B3BCF1030F24D1D6B19BF80910002936
S21402C02008BFC9215846FFF7EBFC11E040B3BCF14C
S21402C030010F25D11206EFD44FF4C862ABF80020E8
S21402C0409BF8072022F0030242F002028BF8072038
S21402C050BBF80020974228BF1746CEE70320844548
S21402C060DAD213060ED50C4B1A780AEB020084427B
S21402C07008DA4A44521B0AEB0201ABF80010E7E763
S21402C0800120ECE701219AE7054803B0BDE8F04F2E
S21402C090F6F70ABB104A0020F6540020F754002098
S21402C0A0C41400203A540020121600205C450020DA
S21402C0B02DE9F0410B4EDFF8348000250A2733784D
S21402C0C0ECB2A34204D8BDE8F0410748F5F744BEF7
S21402C0D007FB0484A01CF5F73FFE201DF5F73CFE87
S21402C0E00135ECE7F7540020064A00205C450020A4
S21402C0F070B50D4D0D4E00242B78A34208D81B1B9D
S21402C100DBB22B7073B9BDE870400948F6F7CCBABB
S21402C11004EB8400CA2106EB40000134FFF770FCF2
S21402C120E4B2E9E770BD00BFF75400205C4500208A
S21402C130C41400202DE9F0410025124CDFF8488097
S21402C14006462F4698F80020EBB29A4203D8BDE87E
S21402C150F041FFF73BBD608811F0E6F8023010F0C0
S21402C1609AFFB0420AD16088F8F7D8FA00236288AC
S21402C170B521184603F002FA278067800A34013593
S21402C180E0E700BF5C450020F7540020F8B5124FE8
S21402C190124D3E782D78DFF848C006EB8604B5428D
S21402C1A04FEA440E0CEB440414D003F4835343EAE0
S21402C1B013230025E37166236080A171227228464C
S21402C1C02CF80E500136A58063723E70FFF7A2FE71
S21402C1D02846F8BD7220FCE7F75400209616002089
S21402C1E05C4500202DE9F04F354B1C7885B00E4695
S21402C1F017465CB9B1F90680DFF8CC90DFF8CCA020
S21402C200DFF8CCB099F80030A34202D805B0BDE8FA
S21402C210F08F04EB84050AEB4505A88800B9688808
S21402C22001A913F042FCB27A9DF80E309A4244D12C
S21402C230B8F1000F0FDA317A9DF80C20338991425B
S21402C24009D8204800780844824236DA521A1B0A75
S21402C2501341D90731D5384613F016FCBDF80A301B
S21402C2609A06044602D5F3889B06CFD5EB7903F0EF
S21402C2700C03042B08D16888F8F750FA00236A8862
S21402C2801946184603F07AF900212846FFF7B8FB4C
S21402C290FFF79CFC3846F5F755FF844208D22B7A06
S21402C2A08BF80030012200233146384603F0A4F80A
S21402C2B0B8F1000FAADA0024A4E70134E4B2A1E739
S21402C2C0F554002095160020F75400205C45002007
S21402C2D00055002008B50BF0F6F8074B1B88C01A6D
S21402C2E080B2B0F5807F05D9BDE80840034800213A
S21402C2F0F6F73EB908BD00BF104A0020C41400205D
S21402C3002DE9F04786B004460D4613F0C6FA0146FC
S21402C3102046F6F7EBF810F0030373D110F00C0F7B
S21402C32006D12946204606B0BDE8F047FFF778BC9E
S21402C330204610F0ECFEC10657D4204613F0ADFAA4
S21402C34001462046F6F7D2F80746204610F0ECFFE4
S21402C3500646023010F09FFE03A98046204607F0EC
S21402C3600C0796F8069013F0A0FB73780C2F0CBF00
S21402C37003270627012113F0010F204618BF0327C3
S21402C380F5F74EFF224B1B78033B012B82461BD947
S21402C390B9F1010F18D94FF6F773984502D8337AD8
S21402C3A01F2B11D9301D10F076FEF179814611F05F
S21402C3B000FD06464846F7F76BFDCEB173685A1C79
S21402C3C002D0834308BFD125124B1B88A34211D14A
S21402C3D0B5FA85F04009FAF765FE204610F0C5FE6C
S21402C3E00022014607200EF074FA06B0BDE8F08778
S21402C3F0D125E9E70095534603AA414638460BF095
S21402C400F5FAEAE7012BF0D110F00C0FEDD188E730
S21402C4103A540020064A002010B50A4B1C780A4BF4
S21402C4200022D1B28C4201D8002010BD197A814276
S21402C43002D19979022902D00A330132F1E70120AA
S21402C440F3E700BFF75400205C45002010B5094B07
S21402C4501C78094B01460022D0B2844201D8002043
S21402C46010BD187A884202D198790128F8D00A338A
S21402C4700132F1E7F75400205C45002010B40B4B64
S21402C4801C780B4B0022D1B28C4203D85DF8044BC9
S21402C490FFF79CBB197A814205D19979012902BF1F
S21402C4A00021198059800A330132ECE7F754002044
S21402C4B05C450020044B1B6813F0300F03D020218C
S21402C4C0302012F021BC7047FC3C002009490023B2
S21402C4D010B51A46044601EA00414FF07F60FEF7A7
S21402C4E053FFE30703D50021302012F00DFC002095
S21402C4F010BD00BF00007207044B5B8823F478432C
S21402C50023F08D0303800020704700BFFC3C002010
S21402C51008B503460022C3F80220C3F806200B4AD9
S21402C5201268D1B212F0200F18BF41F01001198024
S21402C530930700F1020001D4FEF79CFF044B1B7820
S21402C540023B032B8CBF9320002008BDFC3C00203E
S21402C5503954002038B505460C46FDF7DFFB98B186
S21402C5600D4B187878B10D4B1B681A040ED57CB1AA
S21402C57013F0420F00D16DB103F44073B3F5407F60
S21402C5800CBF0020B72038BD9520FCE7A820FAE7AC
S21402C5902046F8E7B720F6E735540020FC3C00209A
S21402C5A0F0B58DB0044607A80D4616460EF006FAFC
S21402C5B01022002103A813F0C7FD5CB1234603F145
S21402C5C0100703AC18685968224603C20833BB42F8
S21402C5D01446F7D1012786EA070303A907A88DF8B0
S21402C5E01C708DF81D300EF0CEFC80EA070401A800
S21402C5F0E4B20EF0A1FCB6B101A88DF806500EF01A
S21402C6005BFD64B1002303A907A88DF81D300EF068
S21402C610C9FC0C4B1B78432B01D1F7F757FD0A4B8D
S21402C6201D700DB0F0BD01A88DF807500EF044FD48
S21402C630002CF6D003A907A88DF81D700EF0B2FCE8
S21402C640EFE700BF3954002034540020F0B593B011
S21402C65007460DA801250C460EF0B0F905A90DA84F
S21402C660ADF834500EF0BDFC01A80EF065FC09A929
S21402C6700DA88DF835509DF806600EF0B2FC0DA898
S21402C6809DF807500EF018FC70BB731BDBB2802BB4
S21402C69028D91FB1A64225D0A54223D105A90DA8A7
S21402C6A00EF080FC03A80EF047FC03A88DF80F607E
S21402C6B00EF002FD0122294609A8FFF771FFF7F7DF
S21402C6C0BBFD01214FF4007003F01CFFFDF710FBC9
S21402C6D0B0F1004F01D9FDF711FB044B18780BF0AF
S21402C6E055FB012013B0F0BD0020FBE734540020B8
S21402C6F070B50E46144605460320FFF77BF946F052
S21402C7000402294620460EF0B1FC024B00221A60B3
S21402C71070BD00BFF83C0020F0B587B0078805461C
S21402C7201022002102A813F00FFD3B4B1B78002BB2
S21402C7306FD1B80557D407F08403842B5CD0374CEE
S21402C74012F070FB17F4045F276005F102061CD096
S21402C750BA040AD5304605F0E1FA00284AD1236821
S21402C76023F4005343F480732360304612F067FBD1
S21402C77000283ED10EF01EF918B9236843F4803320
S21402C7802360236843F020032360226842F40041BA
S21402C79012F0400218BF05F12302334647F2FF109B
S21402C7A02160FEF7F1FD0DF10600FFF7A5FE2368F6
S21402C7B013F4805FBDF8063022D043F02003ADF8B4
S21402C7C00630BDF80600FFF781FE23689B0506D5F6
S21402C7D095F82210012205F11200FFF7E1FE104B38
S21402C7E00020186006E005F1120012F028FB00286F
S21402C7F0A1D0B22007B0F0BDB907A0D5B720F9E79F
S21402C80023F02003ADF80630FDF778FAFEF7DCFBDE
S21402C810D7E77020EEE700BF39540020FC3C00202A
S21402C820F83C002008B5054B1B7833B1FFF742FEF3
S21402C830BDE808400248FEF739BE08BD3554002060
S21402C840B054002010B5154B1B78D3B1144B1B788F
S21402C850033B012B15D9002012F0BEFD044698B109
S21402C860027912F0300F0CD10E4B1B784BB1012B14
S21402C87002F0CF0206D0991E4B424B415B011A438F
S21402C880227110BD1023FAE7F7F736F90028F8D020
S21402C89021462046BDE8104004F0CAB935540020AF
S21402C8A03A5400209416002008B511F070F8054B93
S21402C8B018B91868C0F3800008BD1868C0F30050A5
S21402C8C0FAE700BFFC3C00202DE9F047064688B098
S21402C8D089461046002115469846F5F707FE1028A9
S21402C8E007460AD8684B0341DB0706D4C8F3400460
S21402C8F09DB9002008B0BDE8F087644B1C78002C78
S21402C900F6D0FFF7D1FF00280CBF4FF4F0744FF4B7
S21402C910D074FC4004F00104EAE7002318F0010F8B
S21402C9201A4629464FF005000CBF4FF0080A4FF48E
S21402C930027A0BF0B6F80028DBD0C8230093324602
S21402C94000235146284605F0C9FDADF80E00002822
S21402C950CFD018F0080A4AD1A7F10F024FF6F773A4
S21402C960D2B29E428CBF09230123012A01D843F08A
S21402C9704003474A8DF8103013788DF81130591C51
S21402C9801170002C4FD09DF81030052F43F0200375
S21402C9908DF8103033D03F4B1D78002D5AD04FF60D
S21402C9A0F77300259E424FF00F0248D9012304A9CF
S21402C9B00DF10E00F5F7F6FC00289AD1002C4DD1A9
S21402C9C0BAF10001BDF80E00CDF8009033463A46A3
S21402C9D018BF01210EF006FDADF80E00002888D023
S21402C9E018F0040F4DD0314611F00DFC82E749468F
S21402C9F00DF10E0005F072F90028ADD179E701219C
S21402CA00BDF80E00F5F70CFC0121F5F76FFD0123CA
S21402CA10834013F0620F1CD11E4B1B78E3B14FF616
S21402CA20F7731825BEE71B4B1B7825460222002B00
S21402CA30BCD04FF6F7739E42B8D8052FB6D0BAF1DF
S21402CA40000FB3D19DF8103043F040038DF810303C
S21402CA50ACE710250F22A9E71825FBE7BAF1000F6D
S21402CA600AD0009002234A4629460DF10E00FEF730
S21402CA70BDFA0028A4D03CE7CDF800A041235246D8
S21402CA80F2E711F0AAFB35E79FFEFEFF35540020C1
S21402CA9036540020275400202DE9DF431E46144B4F
S21402CAA00A9C1B689B0780460F4691461CD420466C
S21402CAB014B10EF07FFCC0B2CDE902400622CDE9E9
S21402CAC000890C493B46002010F097FE024658B1FA
S21402CAD0002E4FF000010CBF01230323084604B0CA
S21402CAE0BDE8D043FFF7F0BE002004B0BDE8D08317
S21402CAF0FC3C00202B0D05002DE9F04F8DB0814641
S21402CB009DF85C808A461F4693463AB903A8FEF70C
S21402CB10B1FCA8BB00200DB0BDE8F08F1546002280
S21402CB202321104610F053FCADF80A000028F1D07D
S21402CB30F5F7ECFA0446052318F0100F00F8023B4E
S21402CB4067701FD01122002113F0FEFA04F11306BB
S21402CB50032F4FF0080236D15946304613F0DAFA60
S21402CB60C8F3801306F1090533720EF01FFC002885
S21402CB703DD000232B706B700123AB70033536E07B
S21402CB8003ADCCE716991022012613F0C3FA06FA73
S21402CB9007F313F0620F02D104F11206D8E707A8D2
S21402CBA00DF00CFF05A88DF81C600EF0C5F99DF877
S21402CBB016209DF8173018F0200F08BF134604F110
S21402CBC01306A374C4E75146304613F0A3FA06F1DF
S21402CBD008020123121B00932846BDF80A100823F8
S21402CBE0D2B210F041FD042F06F11005BDD02D1B68
S21402CBF0E9B20DF10A0010F01EFD00288AD118F0E5
S21402CC00040F0BD0484603F00FF9FF281FBF074A50
S21402CC1032F8103023F4804322F81030BDF80A2090
S21402CC20434651464846FFF74FFE74E78E490020BA
S21402CC3070B590B003268DF8076010F0A8FE10B904
S21402CC40702010B070BDF5F745FE0028F8D002AD92
S21402CC502846FEF70FFC0028F2D01C4B1C6814F086
S21402CC600204EDD11A4A40F20F43ADF8243013689D
S21402CC70CDF8263004A85368CDF82A300DF09EFE73
S21402CC8095E8030005AB83E80300062304A88DF8A5
S21402CC901D308DF81060E9F7DDFD0DF12E02012141
S21402CCA00DF10700E9F7DAFC22461A2109A810F06E
S21402CCB08EFB024608B91820C3E701232946204600
S21402CCC0FFF702FE0028F6D02046BAE7FC3C00201A
S21402CCD0B05400202DE9F04F99B006461F220F46A9
S21402CCE010A8002103930F9113F02EFA304612F08B
S21402CCF0D4FD01463046F5F7F9FB8DF81B003046A9
S21402CD0010F012FB9DF81B3045788146C5F34005AE
S21402CD109806304648BF45F0020512F0B5FE0446B6
S21402CD203046F5F70FFA001B5FFA80FA00230093ED
S21402CD305346232B28BF2323224631460FA810F042
S21402CD4093FC00283ED1AC4B9DF83C801B789DF8A6
S21402CD503DB0002B39D0FFF7A7FD00280CBF4FF4DB
S21402CD60F0734FF4D07323FA08F3D9072DD5AA0728
S21402CD702BD4B8F1080F22D1BBF1040F22D1FAF757
S21402CD8057FEF8B90DF11B032246314605200AF07C
S21402CD906CFEB8B1A8F10508B8F10D0F12D8DFE89D
S21402CDA018F028009701BE01E401ED011100110000
S21402CDB011001100F3018602A102CF02CF02B8F1E0
S21402CDC0050F08D019B0BDE8F08FB8F1100F05D1E5
S21402CDD0039B002BF6D0FAF72BFED3E7FAF728FED2
S21402CDE00028CFD0B8F1050FCCD0B8F1110FC9D0BA
S21402CDF0E8E7BBF1050FE5D8304610F0F8F90590E4
S21402CE0009F1020010F047F9814608A8FFF774FB03
S21402CE109DF83D700123BB4013F06203039305D0D7
S21402CE20BDF820309B0701D5AE07CBD510F0AFFD7D
S21402CE300028C7D0FAF7FCFD08B9002DC2D00DF1C4
S21402CE403E0A504611F0FBFF039B049043B3032FA8
S21402CE509DF84EB02BD10DF14F0410F098FD814590
S21402CE6000F0BB800026039B002B3BD12046F5F743
S21402CE7015FF4FF6FF739842054604D1204612F07E
S21402CE807BFCA8429ED0049B002B0CBF04231523D8
S21402CE90CDE900A332463B462146FFF72DFE91E739
S21402CEA0032FDDF80CB079D10DF14E04D5E7534BC4
S21402CEB01B689C0727D5FF2208210DF1570010F0AA
S21402CEC015FD8046F8B9034601460DF157020220C9
S21402CED0FEF75AFA10F05BFD81450DF157060DF18B
S21402CEE04F041FD04FF6F7739945BFD90022082189
S21402CEF0204610F0FBFC0028B8D0002259465046C7
S21402CF00FFF74EFB5EE70DF157060DF14F04304674
S21402CF1011F022FF002846D010F039FD8145A2D13B
S21402CF204FF0000836490822204613F0E3F800289E
S21402CF3099D1012F6AD0042F7FF444AF11F02FFF4E
S21402CF4010B1032D7FF43EAF049B002B7FF43AAF63
S21402CF50324602215046FFF7CBFB2A4B1B7863B1C1
S21402CF60FFF766FEFEF740FD022806D10120FEF717
S21402CF7035FD01210846FEF7A5FB234B1B78022B45
S21402CF8020D1032130460AF010FFFEF72DFD0146A0
S21402CF9000287FF417AFFEF795FB13E70DF1560650
S21402CFA00DF14E04B3E7184B1B78432B7FF40AAF00
S21402CFB0012F7FF407AF10F0EAFC81457FF453AFF0
S21402CFC0B846AFE7412B7FF4FDAE0C4B1B68580505
S21402CFD07FF5F8AEF8F718FDF4E6032D7FF4F2AE0F
S21402CFE09DF856100039524618BF01210DF14E0029
S21402CFF00EF005FAE6E600BF35540020FC3C0020A1
S21402D000B0540020E754002039540020AE4C237858
S21402D010022B21D02378412B3FF4D4AE049B33B9A4
S21402D020FAF706FD594602465046FFF7B9FAFAF7EE
S21402D030FFFC00283FF4C6AE11F0B1FEA34F90B13C
S21402D0403B681A0502D42378432B0CD1AB070AD4CB
S21402D050AC20F7F775FCB5E611F0A1FE0028D9D092
S21402D060A907D7D4AEE6386810F0020002D10599B7
S21402D07003F0DEFD2378112B15D13B685F0512D530
S21402D0800020FEF735FB044600287FF49BAE10F026
S21402D09009FFAE20F7F754FC21462046FEF712FBA6
S21402D0A0F7F75AFC8EE6AC0701D5FFF703FAB8F19C
S21402D0B0000F8FD00DF07EFC18B94FF4803111F0BE
S21402D0C023FE834B002230461A6011F03CFE81E7B5
S21402D0D010F05DFC00287FF475AE7E4B1B78002BAB
S21402D0E03FF470AEA80704D4784B1B6899013FF54D
S21402D0F069AEBAF10C0F0DF1450094BF002412ACD4
S21402D1000FF0C9FF02469DF8470003283FF65AAEC5
S21402D11000940DF13D03394604F082FB52E66E4957
S21402D12008220DF13D0012F0E5FF20B90222394631
S21402D130FAF730F946E6694B1B78013B012B3FF6BE
S21402D14041AE0DF13D0002F01DFE4FF6FF73984210
S21402D150044606D10DF13D0012F00EFBA0423FF44C
S21402D16031AE0021FAF726FA2CE6EA077FF52AAE58
S21402D1702A460FA9384604F031FC23E69DF83D10F6
S21402D1800120FFF763FA1DE6544B1B78013B012B87
S21402D1903FF618AEEB077FF515AE0DF13D0002F037
S21402D1A0F1FD4FF6FF7398420546804671D10DF1A8
S21402D1B03D0012F0E1FA40450546074669D10DF1F9
S21402D1C03D00F6F787FCB84205463FF4FBAD304615
S21402D1D0F4F7B8FF0934E4B2071B0022FFB239465F
S21402D1E0104610F0F4F8ADF81C0000283FF4EAAD43
S21402D1F04FF00109CDF8009000232A46082105F0D9
S21402D2006DF9ADF81E0000283FF4DCAD214630462D
S21402D21012F011FC4FF0000A80461622514609A869
S21402D220CDF820A012F090FF434622463146CDF8B4
S21402D23000A008A810F018FA4B46424608A90DF1BD
S21402D2401E00F5F7AFF800287FF4BCADA7EB080781
S21402D250FFB2394607A810F0EEF9284602F0E4FDC0
S21402D260FF281FBF1E4A32F8103023F4804322F8EC
S21402D27010304444E4B2BDF81C0000972346324600
S21402D280002110F02BFABDF81E00294610F0BBFF55
S21402D29098E5284602F0C8FDFF28074697D0F6F71D
S21402D2A071FE002893D0384603F0F0F98FE70B4B57
S21402D2B01B78013B012B3FF685AD2A460FA938465F
S21402D2C0FCF7B4FA7EE500BF39540020FC3C00208F
S21402D2D0F83C002035540020B05400203A54002078
S21402D2E08E490020184B1B78022B20D1002F7FF48A
S21402D2F069AD08A8FEF7BEF800283FF463AD134BED
S21402D3001F709DF83D30002B14BF64246524FEF781
S21402D3106BFB032806D138463946FEF7D3F9384662
S21402D320FEF768FB214608A80AF03FFD4AE5043BE3
S21402D330012BDBD938460EF04BF80028D6D141E552
S21402D34030460EF047F83DE539540020E7540020F9
S21402D3502DE9F34105460E461746984611F01FFD85
S21402D360044640B1CDF8008001233A4631462846AD
S21402D370FFF792FB044611F012FD30B1FFF794FA64
S21402D38078B10A4B1B689B010BD4CDF800800023B2
S21402D3903A4631462846FFF77FFB002C0CBF044670
S21402D3A0012404F0010002B0BDE8F081FC3C00203C
S21402D3B070B58AB005A80DF001FB02238DF8143073
S21402D3C0094B01AA03F11006154618685968144657
S21402D3D003C40833B3422246F7D1294605A80DF006
S21402D3E0D2FD0AB070BD00BF310D0500014B1878A2
S21402D3F0704700BFD6160020014B1888704700BF42
S21402D400381600202DE9F0434FF6FF73994285B097
S21402D41080460D4604D11E49082212F06BFE58B112
S21402D4201C4E00274FF6FD79E8F76EFFFCB2A042CD
S21402D43007D84FF6FF7019E005B0BDE8F04310F0CC
S21402D440A6BA36F814304B4517D86946204611F06E
S21402D450FAFC082241460DF1050012F04BFE4FF68B
S21402D460FF7360B99D4204D136F8140005B0BDE8DA
S21402D470F08326F8145011F0A2FC0137D4E79D423F
S21402D480FBD036F81430AB4208BF26F81490F4E707
S21402D490B0540020804600202DE9FF47DFF8448084
S21402D4A0DFF844A006460F4600254FF6FD79E8F75A
S21402D4B02BFFECB2A04202D804B0BDE8F08738F8E1
S21402D4C014304B450CD86946204611F0BCFC0822A5
S21402D4D031460DF1050012F00DFE08B90AF8047087
S21402D4E00135E4E78046002001540020014B33F862
S21402D4F01000704780460020F0B50E4F85B00646F5
S21402D5000025E8F701FFECB2A04201D805B0F0BD55
S21402D51037F81430B3420BD16946204611F0CAFCE4
S21402D5209DF80030022B1CBF4FF6FD7327F814300F
S21402D5300135E6E78046002030B585B00446E8F7B8
S21402D540E3FEA04219D92046FEF766FF0546B0B9AB
S21402D5506946204611F077FC9DF800302BB16946EB
S21402D56020468DF8005011F08AFC064B4FF6FF72EB
S21402D57023F81420002005B030BD6920FBE7752093
S21402D580F9E700BF804600202DE9F0410B780546FA
S21402D5900E461BB9BDE8F041FFF7CEBFE8F7B4FE72
S21402D5A0A8422ED92846FEF737FF60BB37464FF60D
S21402D5B0FF7117F8058B3846FFF724FF04463846F6
S21402D5C000F036FAB8F1000F15D0B8F1030F15D0F7
S21402D5D04FF6FF724FF6FD73944208BF1C460B4B84
S21402D5E023F815400A4B31465855284611F047FC99
S21402D5F00020BDE8F0814FF6FF74F0E74FF6FE74A8
S21402D600EDE76920F5E77520F3E700BF80460020C6
S21402D610015400202DE9FF41114F0D460E0A044623
S21402D6204FF6FE78E8F770FEA04204D8FF242046A4
S21402D63004B0BDE8F08137F8143043450CD1694692
S21402D640204611F000FC9DF80520EBB29A4203D169
S21402D6509DF80630B342EAD00134E4B2E2E700BFF6
S21402D660804600202DE9F04F87B0DFF86C909DF8D9
S21402D67040A001900C461746984600254FF6FD7BC3
S21402D680E8F742FEEEB2B04201D8FF2616E039F8BD
S21402D69016205A451ED802A9304611F0D4FB3FB9CF
S21402D6A09DF80920424515D19DF80C20524511D10E
S21402D6B044B939F81620019B9A420BD1304607B07E
S21402D6C0BDE8F08F08220DF10D01204612F012FD82
S21402D6D00028F3D00135D3E78046002010B5144663
S21402D6E011F0B1FB20460349BDE81040082212F0B3
S21402D6F011BD00BFB05400202DE9FF47074615466E
S21402D7000846082224491E4612F0F4FC0446002865
S21402D7103FD1DFF888904FF6FF7AE8F7F5FD5FFA1B
S21402D72084F840450BD885B338460AF07DFA0125C1
S21402D7300C9B18703570012004B0BDE8F08739F8EC
S21402D740183053451FD06946404611F07CFB7A7864
S21402D7509DF801309A4216D17A88BDF802309A4274
S21402D76011D13A799DF804309A420CD108220DF173
S21402D7700501781D12F0BEFC28B9002DD7D140460F
S21402D7800AF066FAD3E70134C7E7FF200AF060FA28
S21402D790CEE70020D0E700BFB0540020804600202D
S21402D7A0F0B5164E164F85B00025E8F7ADFDECB283
S21402D7B0A04201D805B0F0BD6946204611F043FBF1
S21402D7C09DF80030032B06D90023694620468DF8C3
S21402D7D0003011F054FB9DF8002062B14FF6FD7345
S21402D7E04FF6FE71032A08BF0B4626F814300023B4
S21402D7F03B550135D9E74FF6FF73F6E78046002022
S21402D80001540020F8B50E4B0E4D1B7803EB430374
S21402D8100E4605EB830504464FF6FF77A54202D86F
S21402D82000242046F8BD2388BB4206D00822314693
S21402D830A01C12F05FFC0028F3D00C34EEE700BF09
S21402D84097160020C0450020044B05481A7802EBC4
S21402D85042029200FF2112F077BC00BF971600200A
S21402D860C0450020074A127882420AD900EB4003DC
S21402D870054A22F823104FF6FF73994201D1FEF7AC
S21402D880FDBD704797160020C0450020094A127851
S21402D89003469A42084608D90C21022211FB0323AA
S21402D8A005490822194412F035BC00230B604B6070
S21402D8B0704700BF97160020C0450020054B1B7816
S21402D8C0834281BF0C235843034B185A98BF4FF626
S21402D8D0FF70704797160020C045002038B50446F2
S21402D8E0FFF70AFE094B1878094B00224FF6FD7522
S21402D8F0D1B2884200D838BD33F80C1CA14208BF0A
S21402D90023F80C5C01320C33F2E700BF97160020B6
S21402D910CC45002070B505460E460846FFF7DEFFEA
S21402D92031462846FFF76EFD06482946FFF76AFF8E
S21402D93000B970BD044624F80C6B11F040FA294673
S21402D9402046F3E7C045002010B5244986B00822D9
S21402D950044612F0CFFB20B906B0BDE8104010F026
S21402D96016B81F490822204612F0C4FB20B91D4BE8
S21402D970B3F8680006B010BD0023009301222146CA
S21402D9804FF6FF70FFF76EFEFF2806D0164B33F8F1
S21402D99010004FF6FB739842ECD903A8FEF7B8FDC9
S21402D9A058B9BDF80C305B0607D5082221460DF1A2
S21402D9B00E0012F09FFB0028DCD00C482146FFF731
S21402D9C021FF40B100884FF6FB724FF6FF7390427C
S21402D9D088BF1846CEE74FF6FF70CBE7B05400205C
S21402D9E01E410020B440002080460020C045002092
S21402D9F070B50D4B1D780D4B0446002208464FF6B7
S21402DA00FB76D1B28D4201D8002009E01988B142D6
S21402DA1007D8A14205D10822991C12F07BFB0120EF
S21402DA2070BD0C330132ECE797160020C04500208B
S21402DA3037B5014605460D48FFF7E4FE044630B109
S21402DA40807A294603B0BDE8304011F057BA034643
S21402DA500090012229464FF6FF70FFF703FEFF28CB
S21402DA6016BF034B2046185CEBE700BFC0450020FC
S21402DA70015400202DE9F843164B1B7883420746D3
S21402DA800E4623D9FEF7E2FC044608BB3046F5F7FD
S21402DA9005F94FF00C084FF6FF724FF6FD739042F1
S21402DAA018BF03460C4D08FB07F23046AB5205EB97
S21402DAB00209FFF7BDFF89F80A00484608223146E8
S21402DAC0023012F027FB2046BDE8F8836A20FBE707
S21402DAD07620F9E797160020C045002038B50446A0
S21402DAE00D46FFF7D9FC05482146FFF78BFE00B925
S21402DAF038BD857221460C30F7E700BFC0450020CE
S21402DB002DE9F04192F808801F4608F1FF33DBB298
S21402DB10EF2B88B005460E4614460BD982238DF8A5
S21402DB200E309DF80E30214A3146284600F07EFB24
S21402DB30012037E00E22002104A812F005FBB4F8FB
S21402DB400930ADF81230E37A8DF8118003F07F02C7
S21402DB50032A08D0012B24D103238DF81030A38981
S21402DB60ADF815300EE0032B14BF022301238DF807
S21402DB701030E368CDF815302369CDF81930237DCF
S21402DB808DF81430A7F121014A420DF10E034A41E5
S21402DB90009321460DF10F0304A8FFF7ADFD002800
S21402DBA0BFD1002008B0BDE8F08100BFC2DA040091
S21402DBB02DE9F04F95B01D7804920024CDE90201BC
S21402DBC0CDE9005441492346224601200FF015FEB6
S21402DBD0ADF81E00F8B1A346264627460DF12009E9
S21402DBE00DF1380AE8F790FB5FFA84F8404516D83C
S21402DBF0BDF81E003A460221F4F78CFCBDF81E0062
S21402DC0032460421F4F786FCDDE90310BDF81E3027
S21402DC10002200F00BFB012015B0BDE8F08F4A464B
S21402DC200AA94046FFF75AFD9DF8282022B12DB1D9
S21402DC30013DEDB20137FFB20134D3E7BBF1000F6D
S21402DC40F8D199E803009DF829308AE803008DF898
S21402DC504030BDF82A308DF84130032A4FEA1323AC
S21402DC608DF8423016BF032301238DF84330DDF8CA
S21402DC70311018BF9DF82C30DDF82D0014BF8DF83A
S21402DC804C308DF8433011AB03C302980CBF4FF0F3
S21402DC900E084FF0150810F0D2FF0590BDF81E00D2
S21402DCA0F4F750FA059900EB080399420BDB0123BF
S21402DCB0424651460DF11E00F4F774FB0028AAD125
S21402DCC00136F6B2B6E74FF0010BB3E7420D050098
S21402DCD0074A00231370074A1370074A118801B1D6
S21402DCE01380064B1A880AB100221A80704700BFBA
S21402DCF0F9540020F8540020164A0020144A002046
S21402DD002DE9F04F4D4C89B09B46238805909DF82F
S21402DD1048900F4610465BB952B10FF0D0FC2080F7
S21402DD2047484FF4FA6109B0BDE8F04FF4F720BC5B
S21402DD30DFF82081B8F80050002D6BD02846F4F7A3
S21402DD4001FADFF81491DFF814A1C0F3470428465D
S21402DD50F4F7DCF90294B9F800300193BAF800300F
S21402DD600093384905465B46002201200FF045FD28
S21402DD70ADF81E0018B305EB440B01245D4512D125
S21402DD80ECB9BDF81E50D5B12F4B1B7833BB0598A6
S21402DD902B460022394600F049FA0023AAF8003042
S21402DDA0A9F800300BE0012329461A460DF11E00A1
S21402DDB0F4F7F8FA10F0FF0405F10205DED0234A64
S21402DDC00023A8F800301378013BDBB21370002B57
S21402DDD0A6D109B0BDE8F04FFFF77ABF0FF0B9FD44
S21402DDE001462846F4F782FB0A2183462846F4F7C2
S21402DDF07DFB0646A64202D8FF2CCED1C7E704F129
S21402DE000B01C9B22846F4F771FB8345BFD801342B
S21402DE10E4B2EFE70E4C237823B9F3F7DDF808B93E
S21402DE20012323704A4659460520F5F7B3FB00281E
S21402DE30CFD1207009B0BDE8F08F00BF164A00208F
S21402DE40E4140020470D0500FA540020F95400207F
S21402DE50F8540020144A0020A2490020A4490020B9
S21402DE6030B5154D2C8887B09CB923464FF4A07266
S21402DE7048F2380103A811F025F92146204610F091
S21402DE8000F90E4B0094224603A9FFF739FF07B0AC
S21402DE9030BD20460FF048FA04300FF0FCF803A914
S21402DEA00446288811F001FE002300932A8803A95D
S21402DEB0204600F079FBEAE7164A002000F8FF0742
S21402DEC037B50F4C0F4D01A9002010F0DAF8237871
S21402DED001467BB10C4B019A187810F0F1F82078C5
S21402DEE0F7F7E0F8002323702B700848F4F7DCFB02
S21402DEF003B030BD2B78002BF7D0FFF7B1FFF4E765
S21402DF00FC540020F9540020FB540020E4140020A6
S21402DF1008B50548F3F720FF0448F3F71DFFBDE8F0
S21402DF2008400348F3F718BF164A0020144A002098
S21402DF30124A00202DE9F04F89B0CDE905239DF85D
S21402DF404870139E8946044630B316F801ABBAF100
S21402DF50000F23D00AF1FF34A400E4B231460120B8
S21402DF600FF0ADF8C00E1BD1DFF844B131460120E8
S21402DF700FF0A5F834449BF800502279BDB1002F6B
S21402DF8047D1CDE90277CDE90077424A0599802349
S21402DF90484600F04BF93CE08246DFE75446DDE7B0
S21402DFA01B28ECD9314601200FF089F8E7E7DFF8A5
S21402DFB00481FF2A00EA08080BD1E379A179607987
S21402DFC001EB0321424689B209B0BDE8F04F10F0DA
S21402DFD077B8314909688B070AD5FE2A3AD1012358
S21402DFE00135EDB2202D4FEA43030AD1FF250AE0A0
S21402DFF029462846079210F044F84845BFD1079AAA
S21402E000EBE79845ECD1254B1B78FF2B04D0AB42AF
S21402E01004D009B0BDE8F08FFF2DFAD00020F2F749
S21402E020B3F9A842F5D029460020F2F7B3F9002842
S21402E030EFD09BF800306479002BEAD1FFF748FE58
S21402E04017484FF41051F4F793FA164B8BF800501A
S21402E0501C70DEE7052A92D8BAF1010F8FD8B8F104
S21402E060000F8CD0002FD4D17379002BD1D00E495B
S21402E070098821B90D49082B28BF08230B70129274
S21402E080DDE905124346484609B0BDE8F04FFFF702
S21402E09037BE00BF470D0500FC3C0020D716002007
S21402E0A0E4140020FB540020164A0020F9540020F5
S21402E0B0FC54002000F8FF07014B1880FFF7D0BE83
S21402E0C0144A002037B5174B1B78022B03D0932532
S21402E0D0284603B030BD0DF10700F7F723F80546D2
S21402E0E00028F4D1104B1B78013B012B01D9702577
S21402E0F0EEE7F4F7E9FB0028F9D0D8F759F804461A
S21402E100F4F7E2FB094B18700B23B4FBF3F203FBA4
S21402E11012440A34A4B24FF47A7105486143F4F704
S21402E12027FAD5E7395400203A5400202A54002012
S21402E130283C00202DE9F043384B394F1E783D78B5
S21402E140A5B04FF4F81300240393ADF81040F7F788
S21402E15061F8BDF90E30ADF81200A342ADF81440D6
S21402E16006DB304B1C780134E4B21C7044F08004A9
S21402E1708DF82C408DF82D60A94602244FF0000839
S21402E180B14529D3002221460BA83D708DF82D807B
S21402E1900FF01DF9E8B1B8F1000F09D00023CDE960
S21402E1A0000303AAFF234FF6FC710620FBF7D4FFF9
S21402E1B0B5422FD2D7F7FCFF0B23B0FBF3F202FBDC
S21402E1C013000A3080B24FF47A7141431648F4F7CE
S21402E1D0CFF925B0BDE8F08306A9484602F07CFADE
S21402E1E098B9512C11D804F190030DEB030206AB3B
S21402E1F003CB0834013508F1010842F8640C42F8F2
S21402E200601CE4B2EDB25FFA88F809F101095FFA20
S21402E21089F9B5E70448F4F747FADAE72A54002002
S21402E2202B540020FE540020283C00200CB42DE97C
S21402E230FF470CAA0E4652F8041B03920746002913
S21402E2407ED1BDF83400ADF80A00002800F09180B7
S21402E25033794FF6F778002B76D147458CBF4FF0CF
S21402E26009084FF00808454B1C78FF2C74D1B6F904
S21402E2700230002BA9BF424B347A1C780134A2BF6D
S21402E280E4B21C7044F08004DFF8009122460021BC
S21402E290F4F740F999F80020BDF80A30002A5ED05B
S21402E2A00193DFF8ECA0FF230093BAF80000334690
S21402E2B022463946FCF7E6F8002389F800304FF686
S21402E2C0FF730546AAF80030742D33D10DF10A0308
S21402E2D03246394640460DF083F800284BD04FF6BA
S21402E2E0F7739F4226D8B6F902307088002B21DADF
S21402E2F02449254B48F20402904214BF89469946A7
S21402E3000FF045FB4FF0000803464946CDF8008063
S21402E3108A2201200FF071FA814658B12246414600
S21402E320F4F7F8F8CDE90098FF233246394640461E
S21402E330FBF712FF284604B0BDE8F04702B070476C
S21402E34001200FF01DFA7EE70023337147458CBF8C
S21402E3504FF00608984686E7FF221A7094E7CDE942
S21402E36000323946FF2332464046FBF7F5FE0546A5
S21402E370AAE71825DEE70546DCE700BFD916002027
S21402E380FE540020580D05004D0D0500FD540020DA
S21402E390184A002070B588B0002416464FF40033A1
S21402E3A0ADF81A100DF10F0204A905460593ADF853
S21402E3B01840ADF81C4004948DF80F400CF0E7FFAF
S21402E3C09DF80F300193049B0093044A334605A937
S21402E3D02846FFF72BFF08B070BD00BF510D0500A1
S21402E3E030B587B04FF48035CDE90012002403958E
S21402E3F08DF81030BDF82850074A8DF811400346B4
S21402E40003A9BDF82C00ADF81250ADF81440FFF782
S21402E4100DFF07B030BD00BFF20D05002DE9F04339
S21402E420B1F1006F8BB014461D4628BF39224FF05B
S21402E430000336BF38224FF001099946ADF81E2078
S21402E440FF2C4FF480020646ADF81C300892ADF859
S21402E45024304FEA11471FFA81F80FD10FF025FE3C
S21402E460B9F1000F19D1154ACDE90205CDE90074BC
S21402E470434607A93046FFF7D9FE1AE0FE2C0AD11A
S21402E4800FF013FE0130C0B20FF029FEB9F1000FF3
S21402E49012D00B4A02E0E8B2F8E70A4ACDF800804A
S21402E4A0CDE90305CDE90174012307A93046FFF73C
S21402E4B0BDFE0BB0BDE8F083034AD5E7550D050057
S21402E4C0F00D0500540D0500F10D050010B54FF4D2
S21402E4D0981286B04FF08063CDE903230023ADF88F
S21402E4E014300FF054FA0446F6F794FE054B0190EA
S21402E4F00093054A234603A94FF6FD70FFF796FEE2
S21402E50006B010BDB05400205B0D050030B587B0D4
S21402E510CDE9001200248DF81030094A8DF811401A
S21402E52003464FF4806503A94FF6FD700394ADF8D9
S21402E5301250ADF81440FFF779FE07B030BD00BFA9
S21402E5405F0D050070B5154686B04FF498121E464C
S21402E5504FF08063CDE903230023ADF814300E4B51
S21402E56001221A700D4B04461880084661B1FBF76B
S21402E570DDFDCDE900560A4A234603A94FF6FD7093
S21402E580FFF754FE06B070BD064B8DF816101970D4
S21402E5900223ADF81230ECE7FD540020184A0020A2
S21402E5A05B0D0500D91600202DE9F04F9BB00E46F4
S21402E5B005460EA91046CDE90A329DF8907010F075
S21402E5C0D8FCBDF838A080465046F3F7BBFDB6F936
S21402E5D00230B6F80690B6F802B0002B044604DA0B
S21402E5E0AB4B00221A7000204BE05046F3F7AAFD10
S21402E5F04045F5D3A4EB0804E3B2002F18BF4FF44E
S21402E600A079152B099328BF15230024013308F19E
S21402E610FF32DBB2D2B25146009414A80FF024F8AF
S21402E6209C499DF8502008684968ADF848406FEA52
S21402E6304B436FEA5343ADF846300FAB03C3ADF816
S21402E6404440ADF84A90ADF84C20BBF1000F26D1FD
S21402E650914908220DF1510011F04CFD044698B97B
S21402E6600FF095F906460DF1590A0DF151030A9A73
S21402E6709AF80080012A2DD157B384F0010404F0E1
S21402E68001001BB0BDE8F08F0DF1510001F07AFBDE
S21402E6904FF6FF74011B4C4206464C41E3E7BBF1C2
S21402E6A0010F40F09480BDF851600FF070F9864279
S21402E6B00AD00FA9304610F043FD80F00104E4B200
S21402E6C00DF1530A0FABD2E7734B0DF1530ACEE7A7
S21402E6D00A9CD4E797B3002C75D1B8F1010F72D813
S21402E6E037D10FF054F90FF052F99AF801706A4BCD
S21402E6F0064622460021CDE90061029767490120BD
S21402E7000FF07BF8ADF83A0000285CD0002C53D10D
S21402E710B8F1010F50D1DFF89CA126469AF80030D6
S21402E7205FFA84F8434538D9404601F00DFCC2072B
S21402E73002D5BFB1013FFFB20134EFE7B8F1010FD6
S21402E74005D1002CCDD09AF801708122D2E7002C98
S21402E750F9D1B8F1010F94BF002201229AF8017094
S21402E760D201C7E7404601F0DDFA0123ADF83400D6
S21402E77002220DA90DF13A00F3F714FE18BBBDF8FC
S21402E7803A00F3F7DFFC8046484610F058FA08F1E4
S21402E790010801368045F6B2CEDBB6B1BDF83A00C6
S21402E7A032460C21F3F7B6FEBDF83A30002211A924
S21402E7B02846FFF73BFD06E00C210DF13A000EF06D
S21402E7C03AFF0028F0D001205BE70D21F5E70A9B0F
S21402E7D0002B7FF408AF7388342B6DD1099B092B6D
S21402E7E07FF401AF002F7FF4FEAE9DF959603A46E2
S21402E7F0B41008210DF1510004F020040FF076F851
S21402E80030B9254908220DF1510011F073FC70BB96
S21402E810234B1B78012B3FF4E6AE022B13D1214B80
S21402E8201B6813F0807F11D11E4B1B685B0201D55B
S21402E830002E2BDA00231C4A11A92846FFF7F6FC05
S21402E8401A4B1C70CFE6033B012B06D9C823164A87
S21402E85011A92846FFF7EAFCC5E6154BB3F868305F
S21402E860AB42E1D00F4B1B6813F0805FDBE70DF184
S21402E870510001F087FA4FF6FF739842E6D0214620
S21402E880F8F798FE03460028E0D1E0E78D23DEE79E
S21402E890F1540020CFB70400B0540020630D0500E9
S21402E8A03A540020FC3C0020C2DA0400D8160020AD
S21402E8B0B4400020A5160020099B04930DF15103D5
S21402E8C0CDE90592CDE90283CDE9007A0B9B11AA28
S21402E8D03146284600F022F885E600BF024B18783B
S21402E8E040F08000704700BFFE54002038B50A4B47
S21402E8F01C78054624B10FF04AF8B0FA80F4640991
S21402E900F8F70CFF08B144F04004E7F709FD44EAC3
S21402E9104020284038BD00BF355400202DE9F04F76
S21402E920B7B08346439C0D93BDF804310E93BDF8F1
S21402E93014310F9320469DF81831B1F802909DF8D5
S21402E94000519DF808611093884692460EF0A3FB8C
S21402E950B9F1110F074600F289800FF018F8B84295
S21402E96000F08E80B9F1060F19D14FF6FD739F4263
S21402E9703ED0DDB9BC4B1B78033B012B36D938465B
S21402E98001F052FAFF2814BF892381230022CDE921
S21402E99000725146B54A5846FFF748FC06E02DB9C4
S21402E9A0B9F1030F08D8B9F1010F0AD8B04B00220B
S21402E9B01A7037B0BDE8F08FA9F10403022BF5D820
S21402E9C0D8E7A94B1B78033B012B0DD9384601F03B
S21402E9D02BFAFF2814BF89238123A64A00975146A3
S21402E9E05846FFF723FCE1E78023F6E78023CDE7CE
S21402E9F0A14B1B7859074BD40EF0C9FF00270346DC
S21402EA009A4900973A4601200EF0F7FE2379ADF8B0
S21402EA106C000F930028CCD006EB43090E98F3F750
S21402EA2091FB5FFA89F909F105085FFA88F88045D3
S21402EA30BFD241460E98F3F759FD109008EB4008F6
S21402EA400E98F3F77FFB8045B3DADDE90F32134306
S21402EA50DBB2002B40F03182002DAAD1A8464246F6
S21402EA60BDF86C000421F3F755FD78E1824BB9F14D
S21402EA703A0F1B7813D948F23B03994508D016E0A3
S21402EA807D4B1B785A070DD5A9F10403022B09D832
S21402EA90B8F8063043F48043A8F8063089E7B9F19F
S21402EAA01B0F1ED8A9F102039AB2132A5ED9109B35
S21402EAB002930F9B0D99CDE9005332465B464846BA
S21402EAC00CF072FC0F287FF474AF694B01221A70A7
S21402EAD0694B1B789B0740F1D682002D7FF469AF05
S21402EAE0D6E7A9F11C021E2AE1D801A151F822F0AC
S21402EAF011F30200AFEA0200AFEA020031EF0200B1
S21402EB00AFEA02000FF002000FF00200AFEA0200C6
S21402EB10AFEA0200AFEA0200AFEA0200AFEA020082
S21402EB20AFEA0200AFEA0200AFEA0200AFEA020072
S21402EB30AFEA0200AFEA0200AFEA0200AFEA020062
S21402EB40AFEA02003FF002003FF00200ADF2020020
S21402EB50AFEA0200AFEA0200C7F20200AFEA020022
S21402EB6065F302007BF3020089F30200132B9ED8A2
S21402EB7001A252F823F000BFC9EB020091EC02009A
S21402EB80AFEC02008DED0200F9E90200AFEA0200E6
S21402EB90AFEA0200AFEA0200AFEA0200AFEA020002
S21402EBA0AFEA0200AFEA0200AFEA0200AFEA0200F2
S21402EBB0AFEA0200AFEA0200AFEA0200C9EE0200C4
S21402EBC0AFEA020041F302001BAB0D98009300244B
S21402EBD01DAB5A4631461D948DF86C400CF0D8FB9E
S21402EBE00EF0D5FE204B1B78012B054603D0022BD8
S21402EBF014BF02240124E7F793FB162894BF0020D3
S21402EC00012044EA4014F6F705FB1C4B0646B3F80F
S21402EC100080FBF797FA1A4B07464FF6FF70B3F8D9
S21402EC200090FFF763FE174B9DF86C201988124B75
S21402EC301B7813F002031CBF134B1B780B921D9A12
S21402EC400095CDE909324023CDE90701CDE901431C
S21402EC50CDE90579CDE903680C4A002351465846AA
S21402EC60FFF7E4FAA5E600BF3A5400204D0D050072
S21402EC70F1540020580D0500F653002040160020DF
S21402EC803C1600203A160020FF540020690D0500AD
S21402EC900EF07DFEA24BA34A1B88CDE9400300235B
S21402ECA05146584637B0BDE8F04FFFF7BFBAA478D2
S21402ECB0631EDBB2EF2B1DA9204610D9F22C0ED014
S21402ECC00AF0B4FC82240EF062FE0023CDE90003B3
S21402ECD0954A234651465846FFF7A8FA69E60AF0CF
S21402ECE0A5FC002850D00EF052FE9DF87820049223
S21402ECF0BDF876200392BDF874209DF87A10CDE90F
S21402ED0001429DF879205200D2B24900C9B20832B7
S21402ED100A44034600928549002201200EF06DFD4A
S21402ED209DF87930ADF86C008DF8673000283FF416
S21402ED3040AE002601231A460DF167011BA8F3F721
S21402ED4031FB054600287FF434AE9DF86730EAB200
S21402ED50934209D89DF87A308DF8673016B1BDF81F
S21402ED606C3033E00126E5E7314620460AF060FCC7
S21402ED700123ADF8680002221AA91BA8F3F712FBBA
S21402ED8001350028E1D014E683249CE70EF0FFFD4F
S21402ED9004460AF07AFC64490090234600220120C9
S21402EDA00EF02BFD00283FF404AE0025ADF87400EB
S21402EDB02C460AF06AFCEEB2B0420DD8BDF87400DA
S21402EDC022460421F3F7A6FBBDF874300022514612
S21402EDD05846FFF72BFAECE530460AF025FCFF28EA
S21402EDE08DF86C000AD0012301341A461BA91DA80F
S21402EDF0E4B2F3F7D7FA00287FF4DBAD0135D8E7A3
S21402EE001846B4F802900AF00FFCFF288DF8680046
S21402EE1000F0D1821DA90AF009FCBDF874304B45FA
S21402EE2007D04FF6FF72914540F0C5821B0400F1F1
S21402EE30C2829DF879301293731DDBB213930F9B37
S21402EE401493002311934FF00009CDF834900EE08E
S21402EE50139B0E9803EB4101C9B20EF052FC00233D
S21402EE6015901299DAB28A4218D309F10109149B55
S21402EE705FFA89F19942EBD39DF87A301293169B8A
S21402EE8013930D9B002B40F08982119B002B40F0C0
S21402EE90928201231193109B1493D4E711999DF843
S21402EEA0680017930AF0C4FB0D9B159A824208BFAE
S21402EEB001230D93179B0133D3E709F106095FFA85
S21402EEC089F3B846169377E2A61C31463846A57AE9
S21402EED0EFF71AFF012231463846FAF7CDFB3846DD
S21402EEE010F082FA304600F04DFF2288824207D0A8
S21402EEF04FF6FF72904203D000F096FF10F0B5F97D
S21402EF0085F00804C4F3C00421463046FEF7E6FD49
S21402EF102146304637B0BDE8F04F0CF072BA00BF5B
S21402EF203E160020760D05004D0D05007A0D0500F3
S21402EF30AD4B1B78033B012B7FF63BAD0EF027FD56
S21402EF4058453FF436ADD7F733F90B23B0FBF3F24F
S21402EF5002FB13000A3080B24FF47A714143A34891
S21402EF60F3F706FBF3F7B0FC00283FF422AD0123CB
S21402EF709F4994F80090002218460EF03EFCADF829
S21402EF80680000283FF415AD00270136F2B23D4670
S21402EF903C460DF16C083E46FBB2994514D8002C4F
S21402EFA03FF407AD01232A461DA91AA8F3F7FAF97A
S21402EFB000287FF4FEACBDF8680022460221F3F773
S21402EFC0A9FABDF8683001E70E9900960823404674
S21402EFD00D920EF049FB4146002000F0F5FEFF2898
S21402EFE00D9A0FD0834B1B5C0F2B0BD905F1D80360
S21402EFF098E803006B44643B83E803000835013459
S21402F000EDB2E4B202F108030137DAB2C4E7002D2A
S21402F0107FF4CFAC18073FF53BAD4B462246514630
S21402F0205846FEF76DFD00287FF4C3AC8423724A6F
S21402F0305146584637B0BDE8F04FFFF7F7B8237889
S21402F0400F9810930FF0FBFD00210646584603F07A
S21402F050F3FF654B1B78B9F1310F0746A3F10303A3
S21402F0600BD1012B13D9654B654A1B7812781344D2
S21402F070DBB20D9316230E930DE0012B03D9614BE1
S21402F0801B780D9353BB002D7FF493ACCEE7012380
S21402F0901621CDE90D310024109B00935A490194A4
S21402F0A02346224601200EF0A8FB00283FF481AC3E
S21402F0B0F61BF3B2554FDFF860811193ADF86C0082
S21402F0C00F9426460D9BE5B2AB4209D83246BDF8F0
S21402F0D06C000221F3F71EFA0F9AC1E40523CAE771
S21402F0E0162200211DA811F02FF8B9F1320F3DD1DA
S21402F0F03B7903F00302032A21D18DF87620109B78
S21402F1000136F6B2B34215D2BDF86C00F3F71AF820
S21402F1100E9B1844119B98420CDC0E9A01231DA9E3
S21402F1201BA8F3F73FF900287FF443AC0F9B01338B
S21402F130DBB20F930134083708F11208C2E7B97937
S21402F1400029DCD13249C3F3C2031DA8CB5C39883F
S21402F150012A08BF43F001038DF876300DF09DFFBB
S21402F16079880DF177000DF098FFC8E71DA80EF01C
S21402F170F4FE4FF0FF33CDE91F33204B1B78AB4232
S21402F18062D998F804306F2BD4D81FA92846F4F712
S21402F190ADFF0028CED01F4BB8F80020B3F8683079
S21402F1A092B9003B18BF01235B0143F004038DF8BC
S21402F1B0863002238DF88730B8F802301B0A8DF8A5
S21402F1C08930114621A8CEE79B1A18BF01235B019E
S21402F1D043F005038DF8863002238DF887300F231F
S21402F1E08DF88830E8E700BF3A540020283C00201B
S21402F1F0440D0500FA530020C2DA040033540020FE
S21402F20032540020A3160020420D0500F8480020C4
S21402F210860D0500B44000207E4700200132D2B29F
S21402F220551EEDB228461393129200F08DFE10F092
S21402F230010FDDE91223F1D066490978611A994275
S21402F24005D00133DBB2E9E701220023E8E7624B8F
S21402F250187828441FA9C0B2F4F748FF00283FF4E4
S21402F26069AF284600F05EFD1290284600F06CFE5C
S21402F27010F0010F129A0FD116238DF88630574BD5
S21402F2801B780133DBB20F2B28BF0F238DF8883093
S21402F290534B33F8153091E72846129200F054FE8D
S21402F2A010F0020F129AE7D11223E6E71A073FF58B
S21402F2B0EFAB0F9823465A465146FEF779FC0028D4
S21402F2C07FF477ABDFE695B1464B1B78033B012B09
S21402F2D07FF66FAB0EF05BFB18B9BBF1000F7FF445
S21402F2E068AB207837B0BDE8F04FF5F719BE0EF0E0
S21402F2F04EFB20B13B4B1B78033B012B01D88023EE
S21402F30095E6394A2B4651465846FEF78FFFE8E700
S21402F3100EF03DFBB8427FF44CAB344D0822294632
S21402F320A01C10F0E7FE00287FF443AB0EF02FFB84
S21402F33004460EF02CFB2E4ACDE940052346AFE4E8
S21402F34020460DF0A8FEFFF7D1FA00283FF431ABB5
S21402F350284A409000235146584637B0BDE8F04F41
S21402F360FEF764BFCDE940540D9B52465946002035
S21402F37037B0BDE8F04FFEF7DDBDCDE940540D9B3A
S21402F380524659460120F3E70D9A40942B465146C1
S21402F390584637B0BDE8F04F0CF036B801231A468F
S21402F3A01AA91BA8F2F7FEFF00287FF402AB08F1A9
S21402F3B001085FFA88F80137FBB20D930AF065F987
S21402F3C00D9B98423FF61CADB8F1000F3FF444ABDC
S21402F3D0FFF745BB335400209E160020E65400205B
S21402F3E0804900203A540020C2DA0400B0540020BB
S21402F3F0820D0500580D050073B506460C461546E7
S21402F40010F042FB0DF106020146304610F0D2F92A
S21402F4100C4E034680B9012232702288BDF80610CF
S21402F42022B10246072008F020FB28B1BDF80620CC
S21402F4302146284608F0C6FA034A002313603370B2
S21402F44002B070BD01550020B4410020024B1B786B
S21402F45003700020704700BFE2540020024B93F96D
S21402F4600030037000207047E1540020044B1B78E4
S21402F47013B1044B188870474FF6FF70704700BFF1
S21402F48001550020264A002008B5064B1B783BB1E2
S21402F490054B196821B1082210F03CFE002008BD79
S21402F4A07020FCE701550020B441002073B5ADF88A
S21402F4B006000DF106000DF09CFF014608B102B0F1
S21402F4C070BD0DF106000EF00BF80446F2F71EFEB4
S21402F4D0C67A002EEDD120460FF043FEFF28E8D074
S21402F4E000F01AFD054BD3F88850002DE1D03346C4
S21402F4F0224641213046A847DBE700BFB440002041
S21402F50073B5002200210C2000F068FD1948194E40
S21402F51000210DF073FF0125044684B120460FF04A
S21402F52020FEFF2805D1214630460DF0BDFF0446D9
S21402F530F3E700950422002300F024FDF3E72146BA
S21402F5400D480D4E0DF05AFF012504460CB902B0C7
S21402F55070BD20460FF005FEFF2804D00095082255
S21402F560002300F00FFD214630460DF09DFF0446B5
S21402F570ECE700BF2A4A00202C4A00202DE9F84F6B
S21402F58010460E46174699460DF0DCFD254A264BD8
S21402F590DFF898B0B0F5006F14BF90469846002189
S21402F5A040460DF02BFF4FF0000A04460CB9BDE8AA
S21402F5B0F88FBC4228D12046F2F7A8FD857A80F85B
S21402F5C00BA0013DEDB2857216B13F2E00D02DBBC9
S21402F5D006F053FE054620460DF0B4FDB0F5006F6A
S21402F5E04FF00002214615D10F480DF098FFFFF7A5
S21402F5F087FF284606F047FEDBF8885025B14B46C3
S21402F6003A4631460020A847214640460DF04CFFB8
S21402F6100446CBE703480DF082FFEAE7FFF770FFE8
S21402F620F2E700BF2C4A00202A4A0020B4400020FD
S21402F6302DE9F34700232A4CDFF8A890ADF80630F0
S21402F64006460F464FF6FF7820460DF0D2FE0546D8
S21402F65048B9294620460DF0D1FE8246F2F756FDFD
S21402F6600389B34217D94C4501D1FFF749FF002160
S21402F67020460DF0C3FE07F1FF3A05465FFA8AFA06
S21402F680D5B94C4516D1BDF80600FFF70FFF404628
S21402F69002B0BDE8F0877B1EDBB2FD2BD4D929462B
S21402F6A020460DF01DFF2A4651460DF106000DF0CC
S21402F6B0ABFEC9E74C46C7E7BAF1FD0F09D92846A3
S21402F6C0F2F724FD03899B1B9BB29845038128BF52
S21402F6D09846294620460DF0E7FE0546D0E700BFCD
S21402F6E02C4A00202A4A002008B507F0ECFE0B4AF6
S21402F6F013881080C31AFF2198B2FFF799FF4FF6BE
S21402F700FF7301469942064803D1BDE80840F2F766
S21402F710CBBFBDE80840F2F72BBF00BF2E4A002041
S21402F72004150020174B2DE9F0410028164D18BF8E
S21402F7301D460F4628464FF000010CBF4FF0080842
S21402F7404FF002080DF05AFE044610B92046BDE8F6
S21402F750F0812046F2F7DAFCC37A064623B1214648
S21402F76028460DF0A1FEEFE720460DF01AFD4246B0
S21402F7700146384610F0BEFC0028F0D1B378002BC4
S21402F780EDD1E3E72A4A00202C4A0020014B1860FC
S21402F790704700BFB841002010B504460548F2F78E
S21402F7A083FF054A00231380044A1380044B1C80FF
S21402F7B010BD00BF041500202C4A00202A4A002053
S21402F7C0284A002008B50448F2F7C6FABDE8084001
S21402F7D00248F2F7C1BA00BF2C4A00202A4A00208B
S21402F7E02DE9F3410446884607F06DFE324B074684
S21402F7F020461E880FF0B5FC054620460DF0A2FCFA
S21402F800B0F5006F32D1FF2D06D0012300930422FB
S21402F8100023284600F0B6FBB8F1000F1DD106F013
S21402F8202CFD0546254821460DF00CFE284606F01E
S21402F8302AFD23480EF014F8224BA8B31988711A31
S21402F84017FA81F086B22046F2F760FC032306819F
S21402F8508372002002B0BDE8F08106F00EFD054678
S21402F8601648002221460DF0CFFDDFE716480DF0C0
S21402F87025FE04281ED8FF2D06D001230093082259
S21402F8800023284600F07EFBB8F1000F05D106F0F3
S21402F890F4FC214605460C48C6E706F0EEFC0022BC
S21402F8A0054621460848DEE705481F803146F2F73E
S21402F8B05FFEC8E71C20CDE7284A00202A4A00201F
S21402F8C0041500202E4A00202C4A00202DE9FF476E
S21402F8D008460C460DF01BFC00F4805820460DF03E
S21402F8E09CFC054620460DF06FFCB0F5404F1BD140
S21402F8F0B8F1000F14D029460020FFF713FF054683
S21402F90070B1F2F703FC414A817800920023044664
S21402F91001932A461846F1F79FFD08B90123E372C0
S21402F920012004B0BDE8F08728460DF0B4FB8146FE
S21402F93000F07AFAFF28074637D035490125A0F1AC
S21402F9402006C0F1200325FA03F305FA06F61E4345
S21402F950D1E9002385402A433343C1E9002300F05E
S21402F9609BFA044638B1384600F0EEFA10F00C0F57
S21402F97014BF01240024B8F1000FD1D04FF0000AC2
S21402F98003A90120ADF80C90FFF7CCFE8146F2F7F2
S21402F990BDFB8046B9F1000F1ED1BAF1000F14D19B
S21402F9A0FF2FBDD0002CBBD128E01A4B1B684BB1F1
S21402F9B048469847044628B1B8F1000FB0D0002553
S21402F9C02E46DBE7B8F1000F01D10020A9E700259B
S21402F9D001242E46A246D3E774B10C4A81780092DF
S21402F9E0002301934A461846F1F736FD002897D1C0
S21402F9F0012388F80B3093E7FF2F91D0064BD3E90B
S21402FA00001229433243C3E9001289E77DF502005A
S21402FA10381B0020B8410020301B002038B50446B1
S21402FA200DF090FB054620460DF0BBFBA5F50063E6
S21402FA300446014658425841FFF774FEB0B9B5F580
S21402FA40006F01D0002038BD20460DF024FB00F0E8
S21402FA50EBF9FF28F6D0064B00B21B6833F810000D
S21402FA6000F4E260003818BF0120ECE70120EAE764
S21402FA70BC4100202DE9F7434FF000090746ADF8D8
S21402FA80049000F061FA10F00C0F29D0164D4FF0DA
S21402FA9002082B88ADF80630A5F800900DF1060096
S21402FAA00DF0A7FC044630B1B8F1010F14D00F4D8B
S21402FAB04FF00108EDE721460DF106000DF010FDAE
S21402FAC006460FF04EFBB842224631460CBF01A84E
S21402FAD028460DF099FCE1E7BDF80400FFF7E6FCC6
S21402FAE003B0BDE8F08300BF2C4A00202A4A00205B
S21402FAF02DE9F04FDFF82081D8E90032134385B0B4
S21402FB007CD105B0BDE8F08F02EA040103EA0700E3
S21402FB10014327D022EA040223EA0703C8E90023A6
S21402FB20DAE9002302EA040503EA070C55EA0C05A3
S21402FB306FEA04006FEA070124D1304600F004FAA7
S21402FB40C2070FD5304600F0E7F9DBF89C30002BF1
S21402FB5045D11D46304600F0E5F8DBF884300BB19F
S21402FB602946984724197F4109F10109284B1B7839
S21402FB705FFA89F6B342C4D9D8E9002352EA0301F0
S21402FB80C2D1BEE702400B403046CAE9002300F06D
S21402FB90DBF9C307E6D51F4B1B6833F8163003F4B0
S21402FBA08873102B304610D000F0B6F9DBF89C3084
S21402FBB013BB1D460123009310220023304600F09B
S21402FBC0E1F90020F1F7BAFBC4E700F0A5F9DBF88B
S21402FBD09C300125002BBDD00395012202E00025B2
S21402FBE003952A460392002130469847039A002A34
S21402FBF0B0D0002DAED1DDE70025EDE74FF00009CD
S21402FC00DFF818A0DFF818B001244F46AEE700BFB1
S21402FC10DA160020BC410020381B0020301B0020D2
S21402FC20B4400020F8B50346084613B309B3402A89
S21402FC301FD811490B601149086011490A7000214A
S21402FC400433002600270C464FF0FF358A4205DCB7
S21402FC505200002110F078FA0020F8BDC3E90367CD
S21402FC6003F8044C23F8024C1D605D600131183322
S21402FC70ECE72120F1E700BFC0410020BC41002094
S21402FC80DA160020F0B5144C2568DDE90567EDB1FB
S21402FC90F0B91248007888421AD901EB41014FEABE
S21402FCA0C10C05EBC10415F8311011B92169C90759
S21402FCB010D4002005F80C0062801A68626046F0D4
S21402FCC001065A68A260C4E90467F0BD0220FCE798
S21402FCD02120FAE72E20F8E7C0410020DA1600209D
S21402FCE00E4B1A6830B5A2B10D4B1B78834212D95F
S21402FCF000EB4000C10002EBC003002400200025F8
S21402FD00C3E9044550544FF0FF3258805A609A6057
S21402FD1030BD0220FCE72120FAE700BFC0410020E8
S21402FD20DA160020094B1B6863B1094A1278824230
S21402FD3008D900EB400003EBC0031A69D20701D5CD
S21402FD40588870474FF6FF70704700BFC0410020CA
S21402FD50DA160020094A0346106870B1084A12787B
S21402FD609A4209D903EB430300EBC303186910F068
S21402FD70010002D0181D704700207047C0410020C5
S21402FD80DA160020F8B50E4B1C68054634B128B1C9
S21402FD900C4B1F780026F3B29F4202D84FF6FF7034
S21402FDA009E008222946201D10F0A4F920B923698B
S21402FDB0DB0701D56088F8BD01361834EBE700BFD3
S21402FDC0C0410020DA160020F8B5154B1D6804461F
S21402FDD00E46E5B1134B1F78874218D900EB400355
S21402FDE005EBC30526B92B69DA0712D42046F8BDFF
S21402FDF008223146281D10F07DF950B92B69DB0721
S21402FE00F4D40134E4B2A74205F11805F0D1FF2478
S21402FE10ECE70134E4B2A74205F11805E2D1F6E7B1
S21402FE20C0410020DA1600200A4B1B6830B5014696
S21402FE302BB1094A14780022D0B2844201D8FF209E
S21402FE4030BD5D888D4202D11D69ED07F8D40132BE
S21402FE501833F1E7C0410020DA1600200C4B1B686D
S21402FE609BB14FF6F77291420DD80A4A1278824237
S21402FE7009D900EB400003EBC0031A69D20704D588
S21402FE80598000207047212070470220704700BF2B
S21402FE90C0410020DA1600200F4A03461068D0B18F
S21402FEA00E4A12789A4215D919B203EB430300EBB5
S21402FEB0C300036913F001000DD0094A126832F834
S21402FEC0112002F4E2622AB913F00C0F14BF0120CB
S21402FED00020704701207047C0410020DA1600203B
S21402FEE0BC4100200A4A0346106878B1094A1278D3
S21402FEF09A420AD903EB430300EBC300036913F0EB
S21402FF00010003D0C3F3001070470020704700BF03
S21402FF10C0410020DA160020094B1B686BB1094A63
S21402FF201278824209D900EB4000C20003EBC000FF
S21402FF300169C90701D5985C7047FF20704700BF6A
S21402FF40C0410020DA1600200C4A0346106890B121
S21402FF500B4A12789A420DD903EB430300EBC30017
S21402FF60D0E9043213F001004FF0000104D0184625
S21402FF701146704700200146704700BFC04100206E
S21402FF80DA16002070B51C46124B9DF810601968F0
S21402FF90D1B1114B1B78834218D900EB4000551E95
S21402FFA001EBC0012543D1E9040301D0C5070FD5F3
S21402FFB02EB110432343C1E90403002070BD20EA9A
S21402FFC0020023EA0403F6E70220F7E72120F5E71A
S21402FFD02D20F3E7C0410020DA160020134B1B68E1
S21402FFE0F0B503B3124C277800266FEA000C6FEACE
S21402FFF0010EF4B2A74201D80020F0BDD3E90445B1
S21403000014F0010F07D014F0020F04D132B10443E9
S2140300100D43C3E9044501361833EAE70CEA040442
S2140300200EEA0505F5E70220E7E700BFC04100201A
S214030030DA1600200B4B1B6870B52BB10A4A1678EC
S2140300400024E2B2964201D8002070BDD3E904250D
S21403005002400D402A4304F1010403F11803F0D0D3
S2140300600120F2E7C0410020DA1600202DE9F04710
S2140300700026174DDFF85C80B246FF2798F800305D
S2140300805FFA86F94B4502D83846BDE8F0872B79E8
S2140300902F2B0FD928460DF055FE2B796C7903F0DC
S2140300A0070304F0030483422CBFE4182418E4B2C5
S2140300B0A24506D95446B94612350136A2464F46DE
S2140300C0DCE7288801F09EF80028F3D1F4E700BFA8
S2140300D07E470020335400202DE9F04F89B0824636
S2140300E00DF085F8029050460FF0D7FB411C0546ED
S2140300F0C9B25046F2F7FAF900F01F00023500EBDA
S21403010040000026EAB27F4F50FA85F5EDB234463A
S214030110B346B146B046AA4276D97B4E3378002B17
S2140301206FD0A400B4FBF3F4E4B2042C029808BF27
S2140301300324F3F7E1FC054600283FD1FFF796FFBB
S214030140FF285ED0714B049005B218786D4F0DF002
S214030150E0FD05EBC50580452CBF04EB080121181F
S214030160B8F1000F14BF0123022307EB450553FA2A
S21403017081F3284603930DF0E5FD95F804C06B79EB
S214030180039A0CF0070103F0030388422CBF1B18E5
S2140301905B18DBB29A4234DA049AB8F1000F04D142
S2140301A019B13378033B5B452BDC029910460DF0FF
S2140301B071FD05B205EBC50507EB45052B791E0951
S2140301C0B8F1000F7ED0414628460DF0E5FD032129
S2140301D028460DF0E7FDB9F1000F09D1002E40F0D7
S2140301E08480D5F7E5FFC0F30B014948F2F7C0F961
S2140301F06B7923F003031C446C7150460CF08CFFA0
S214030200A87309B0BDE8F08F4ED0424B03921B880B
S214030210ADF81C304FF000038DF81E30002300931A
S2140302205146032307A80DF01FFA9DF81E30BDF8AC
S2140302301C10039A03921B0918BF09F10109CDE9A3
S214030240041318BF5FFA89F90DF0A1FB0499039A0A
S214030250059B884203D19DF81E8008F00F082E48A0
S21403026090F800C014E017F80E0C10F0070003D047
S2140302700BF1010B5FFA8BFBAA4207D037F812EC9F
S2140302808E4503D113B108B10134E4B20136F6B298
S214030290AA4207F112070BD1B4450FD917F80E0C73
S2140302A010F00700E4D1F1E700234FF6FF71D6E71D
S2140302B037F8120C884201D8B445D4D80332123F1B
S2140302C0D2B228E7022E14D95B0707D04146284648
S2140302D00DF068FDB9F1000F83D089E703212846A6
S2140302E00DF060FDB9F1000F82D1062E3FF679AF0F
S2140302F07EE7314628460DF055FD59EA06063FF4DB
S21403030070AF75E77E4700209E160020E25400205B
S214030310683C00208E0D0500335400202DE9F04381
S21403032085B0082300248DF80830CDE9004406463E
S214030330022302AA01214FF6FC700FF08AFAADF8E9
S2140303400A00E0B1DFF8A080DFF8A090274699F80E
S2140303500020E3B29A4225D8BDF80A4020460FF0A3
S2140303609CFA411C47F06002C9B22046F2F7D2F865
S2140303700023BDF80A001A461946F4F7A3F9D5F781
S21403038017FF184AC0F30B01137801F55A510131D0
S21403039013B1013B89081370304605B0BDE8F0433E
S2140303A0F2F7E6B818F80E5C6F2D17D840462D0105
S2140303B030F8123DADF80C300DF0C4FC05F07005B6
S2140303C028448DF80E000123032203A90DF10A0029
S2140303D0F1F7E8FF0028D2D10137FFB2013408F164
S2140303E01208B4E72F54002090470020335400200F
S2140303F010B5054C2046F2F757F920460021BDE814
S2140304001040F2F7B5B800BF683C00202DE9F04372
S214030410284D294FDFF8B080DFF8B09087B0F6F7A5
S21403042095FB2A7824492548FFF7FCFB2A782448BD
S21403043009210FF089FE00262B78F4B2A34202D8D6
S21403044007B0BDE8F0830B232246182103A807F064
S2140304506FF8BDF814209DF81630511E89B24FF67A
S214030460F670814216D8C3F3C003DB184FF00000C2
S21403047040EB0001CDE9003103AB2146FFF702FC58
S2140304800028DDD14FF4805327F8143048F82400B1
S21403049029F81400012322461B210DF10A0007F058
S2140304A047F8074BBDF80A201A55064B80221A5503
S2140304B00136C1E7A51600208E490020A0180020AB
S2140304C0FA530020205400208C3B00208049002053
S2140304D010B50A4B1C78FFF7A7FCFF280DD0084A77
S2140304E0012C32F8101038BF0124230219B101EB96
S2140304F01313A3EB111322F8103010BDE25400209F
S214030500804900202DE9F0470025DFF84C90DFF8FE
S2140305104C8006460F46AA4699F80030ECB2A34232
S21403052002D85046BDE8F0872046FFF70DFDC20708
S2140305300CD52046FFF708FD830707D438F8143098
S21403054037B1334328F814304FF0010A0135E3E797
S21403055023EA0603F6E700BFA51600208E4900200F
S21403056010B5094B094A1C780023D9B28C4201D82E
S214030570002010BD32F8021B30EA010103F101032B
S214030580F3D10120F5E700BFA51600208E49002011
S214030590F0B50C4687B04FF6F7718A429DF8306087
S2140305A086461D4602D9002007B0F0BD5968186874
S2140305B00DF10C0CACE803002A49ADF814200978B9
S2140305C0A142F0D98DF81660B610002106F0020697
S2140305D00191009621467046FFF754FB0028E2D1AE
S2140305E0214B224A43F824009DF83830204E1B0244
S2140305F022F814304FF4A04326F8143003AA0B2332
S2140306002146182006F09DFF9DF83430194A13F052
S214030610040F1BBF01231355174B36F8143007BFBF
S2140306201B78135543F0080326F81430224401239D
S21403063021461B2006F085FF104B114A1B782344E6
S214030640002142F823102846E5F7B4FF0D4B185552
S21403065028460AF0A2F90C4A1378013313700120D6
S214030660A2E700BFA51600208C3B0020804900208F
S2140306708E490020FA5300208D1600209E16002077
S214030680B83A00202054002032540020054B1B7833
S214030690834206D9044B054A1B780344002142F8DB
S2140306A023107047A51600209E160020B83A002097
S2140306B0074B084A18780023D9B2884200D87047F7
S2140306C0118821F4805122F8021B0133F4E700BF9E
S2140306D0A51600208E49002030B585B004460D4689
S2140306E0E5F718FEA04202D8932005B030BD204699
S2140306F0FFF72AFCC007F7D50B232246182101A8CB
S21403070006F016FF01AB03CB9DF80E206960910738
S214030710286030D412F0080F0CBF042303232B7277
S2140307202046FFF7FFFA154B68811B5D6B73204667
S214030730FFF7F2FB124A2873135D03F00F03AB7344
S214030740135D13F00F031FBF03F1FF320223934021
S2140307503C2218BF53430B4A08BF0A2352F82420EF
S2140307604FF47A71B2FBF1F29A4234BF9B1A00231C
S2140307702B610020B9E70223D1E700BF20540020F5
S214030780FA5300208C3B0020F8B51F4E3378834283
S214030790044637D0FFF7C6FA4FF6FF77B84231D094
S2140307A020463470FFF766F92046FFF7BBFA054686
S2140307B00DF0EDF8012301461A4628460FF080FA9D
S2140307C02046FFF78DFA0546E0B9104A1378013B39
S2140307D01370F4F727FB294620460EF026FD0C4B34
S2140307E023F814500B4B80221A550B4B204623F844
S2140307F014500EF07CFF2A46394611200AF069F899
S214030800FF233370F8BD00BFDB16002032540020F0
S2140308108E49002020540020804900202DE9F04F07
S2140308208BB01F469DF850B09DF854300593824612
S2140308300E4615464FF000084E4B1B785FFA88F4B9
S214030840A34207D84FF6F7739D421AD817F002084B
S2140308503ED018E02046FFF765FA0B238146224672
S214030860182107A806F064FE4FF6FF737EB9994574
S21403087016D19DF826304FF6F772954203F0EF0334
S21403088011D94FF6FF7528460BB0BDE8F08F994592
S21403089006D0082207A930460FF02CFC0028E8D023
S2140308A008F10108C8E79F4207F002092DD0F3F7C5
S2140308B069FB00285BD1304B304A1B7853FA88F328
S2140308C012F8238020460EF0D0FCB9F1000FDAD1DF
S2140308D0E5F720FD2A4B1B788342D2D00021084639
S2140308E0FFF772FAFF280446CBD0059B0097CDE9A5
S2140308F001B3014633462A465046FFF749FE002811
S214030900BFD0F4F78FFAC14612E02046FFF70AFA83
S214030910A842CCD1B9F1000FB5D13046E5F74AFE6F
S2140309205FFA88F8174B03F8080030460AF035F8E4
S214030930594620460EF052FC2046FFF7F3F90546CB
S2140309400DF025F800230146012228460FF0B8F9DA
S214030950F3F718FB28B9084B084A1B78234442F8D8
S214030960239020460BB0BDE8F04FFFF7DBB94FF0FE
S2140309700008A7E7A51600209E160020B83A002018
S2140309803254002020540020F8B5114F00263C783E
S214030990F5B2AC420FD800250E4B0F481D7064000D
S2140309A0224629460FF0D0FB224629460B48BDE8CF
S2140309B0F8400FF0C9BB2846FFF75CF8002128462D
S2140309C00EF033FC2846FFF78BF90136DFE700BF4E
S2140309D0A5160020325400208E49002080490020AE
S2140309E0024B03481A7880210FF0AEBBA5160020F1
S2140309F02054002038B5FFF717FAFF28044614D012
S214030A000A4D35F810301B070FD5094B094A1B78DA
S214030A1013540146012302441B2006F092FD35F8C9
S214030A20143023F0080325F8143038BD8E4900200F
S214030A308D160020FA5300202DE9F04F784B1B78D3
S214030A40022B8BB005468A46174604D0002630464E
S214030A500BB0BDE8F08F0EF0AEFB06460028F5D1CE
S214030A604FF6F9739D4263D04FF6F8739D4277D0E5
S214030A702B0A0DF11E0128468DF81C308DF81B50ED
S214030A80F2F728F90028834615BFB0464FF0200832
S214030A9006230E2318BFB34602222946384603937D
S214030AA000F0ECFC039B04460122002840F0B580CE
S214030AB0DFF878918DF8182099F800208DF81A2021
S214030AC0CDE900008DF81D00514606AA4FF6FC70CE
S214030AD08DF819800EF0BDFE82460028B6D00CF0C5
S214030AE056FFB8420FD050460CF01EFC3946043071
S214030AF00CF0D3FA04A938460EF022FB70B104A911
S214030B0050460EF035FF474B1B78033B012B2BD883
S214030B104FF6FF7150460DF076FB064699F8003007
S214030B20FF2B1ABF0133DBB2012389F800308EE7AF
S214030B304FF008084FF0200B3A4B1B78033B012B72
S214030B4084D90CF024FFB84280D10CF020FFFC239C
S214030B508DF81B30FF238DF81C30054606239BE7D4
S214030B604FF01008C346E7E70EF047FC8046002820
S214030B70D4D00CF00CFFA84202D12B4B1B7843B108
S214030B8008F107025946284600F0A4FC044600284C
S214030B90C4D0002350461A460321F3F793FD82463A
S214030BA020B399F8003088F804300023A8F80070C2
S214030BB088F8053088F808300CF0E9FEA84202D120
S214030BC0194B1B7853B10CF0E2FEB84206D12CB198
S214030BD0237923F0030343F00103237100224FF626
S214030BE0FF710C2009F075FE564697E7002C95D04A
S214030BF0237903F00303012B90D10CF0C8FEA8421F
S214030C0003D1094B1B78002B88D0237943F00303C9
S214030C1023714FF6FF73238080E7164617E700BF5E
S214030C20395400203A540020DC16002002550020D8
S214030C3013B50D4B1B78033B012B0C4610D90B4BFE
S214030C401B78012B0ED09A1E5342534159010DF1C6
S214030C50070200F03FFC18B1448000210EF0B4FBFD
S214030C6002B010BD1021F2E73A540020941600207B
S214030C702DE9F0438BB0857AB0F8069004460E460D
S214030C8017460CF084FE814505F04005804642D1A8
S214030C90608800210DF06BF80246002E45D108232C
S214030CA004A9C14501EB03060CBF244902A9086841
S214030CB0496803C6AAB302218DF81010217A8DF86D
S214030CC01210A1888DF813108DF81720090A012237
S214030CD000268DF81410E1888DF81510CDE900264E
S214030CE0090A45F020058DF8161060888DF8115016
S214030CF0083304AA31460EF0ACFD054688B1618878
S214030D000CF049FA79003346324601F0FE012846D4
S214030D10F3F7D8FC06E0E08802A90EF011FA0028E3
S214030D20B6D100200BB0BDE8F0833068716806AB1F
S214030D3003C345F010051023B2E700BFB0540020EC
S214030D402DE9F74388461E46074691460CF0ECFA13
S214030D500021044630460DF00AF808F1070105465F
S214030D60C9B23846F1F7B0FB7DB1B9F1000F02D135
S214030D7003781D44EDB2057063781A0716D56946E5
S214030D803046F1F7A7FF024618B1002003B0BDE8CE
S214030D90F083082168460CF0A9FD0028F5D120460B
S214030DA00EF0BAFD082269460FF0B4F90CF0EFFD19
S214030DB00146201D0CF071F96378DB0603D50C4958
S214030DC038460EF0D5FD3146A01C0CF066F93146C8
S214030DD038460CF0E0F9074A13780133DBB2137098
S214030DE0E371A3790BB10120D0E70123A371FAE7DE
S214030DF0B0540020375400202DE9F04F8FB0FF2366
S214030E00814605918DF8223016461AB301230BAAA4
S214030E100EF04DFA9DF83650EF06044625D5059B91
S214030E20BDF83080002703F10802D2B24946009786
S214030E30082309A8CDE909770CF016FC3A4609A958
S214030E404046F8F719FC002840F08C80A90627D501
S214030E5010210DE013460BAA0EF029FA9DF8365022
S214030E600446A80663D5062102E0AA0618D508217B
S214030E70059ABDF8327000231144CAB2CDE909338E
S214030E8000934946082309A80CF0EEFB86F00102FE
S214030E9009A93846F8F7F0FB002863D1002E46D0A0
S214030EA0BDF830700CF073FD874249D038460EF01B
S214030EB082F98046002E45D1BDF82EB00021584653
S214030EC00CF055FFBDF82C300390184606930EF031
S214030ED072F906460CF05BFD069B834242D0B74B85
S214030EE01B78033B012B3DD915F04003049339D1FE
S214030EF0039B0BB9002E35D09DF83570039B05F088
S214030F0018051F44FFB2082D8DF835706CD12023C9
S214030F100493002C40F044810EF06FFA054608B3A4
S214030F20002E40F0B38033460126B24674E0BDF887
S214030F3032700CF02CFD8742B8D14FF00108BBE7A6
S214030F404FF00108002C43D09D4BE279678803EBF2
S214030F50C20633F83220BDF832309A4205D04FF637
S214030F60FF7323800FB0BDE8F08FBDF82EA0B8F155
S214030F70000F08D0002130460EF026FAA6F802A08D
S214030F800DF01DFFEEE7BDF830000EF025FA4146E2
S214030F90054630460EF018FAA6F802A0894E2DB183
S214030FA0414628460EF010FA63886B800DF007FF63
S214030FB03378002BD6D005993B4600224846FFF7E8
S214030FC0BFFE0028CED0394648460DF01CF9C9E7C7
S214030FD00DF0F5FE7B4B1B78002BC3D0B8F1000F4A
S214030FE0C0D14FF6FF77E6E7102D01D1049590E7C1
S214030FF0B8F1000F8DD1002C3BD0C246BDF83200AD
S2140310000DF12202002100F065FA03460028A9D05C
S214031010002E40F0CD8025460499BDF83000079396
S2140310200DF1230200F056FA044600289AD0654ACA
S214031030079B1278002A7BD0BAF1000F27D102460D
S2140310402C466179B94240F28180A4F802B06771F8
S21403105025461446002B00F0A0809DF82230EA793E
S2140310609A4200F09A80002E40F09080EB710025A3
S21403107041E00EF0C2F9044600283FF473AF4FF088
S214031080010ABBE7002201261346DAE70126B8F178
S214031090000F20D1D5F78CF805997E230531B0FBD8
S2140310A0F3F202FB1300C9B23A465FFA80FA4846E7
S2140310B0F1F730FA4FF6FF7148460CF06CF8039BD5
S2140310C0032B2DD9AAF17E0A5FFA8AF200230221A6
S2140310D04846F3F7F7FA069B2B809DF834302B71BE
S2140310E00023A5F802B06F712B72002E42D19DF833
S2140310F02230EB710125B8F1000F3FF433AF09A995
S21403110048460EF016FC00283FF42CAF2A4609A9E1
S2140311100BA8FFF7ADFD25E7002625463446B9E7BD
S214031120039B012B94BF0AF1020A0AF1420ACBE79A
S214031130BAF1000FCFD16979B94209D9A5F802B03F
S2140311406F71002B89D1002E91D024E025461446DA
S214031150049A002A3FF406AF8F427FF403AF03934B
S214031160D5F726F883077FF4FDAE039BA5F802B0F8
S2140311706F716FE7FF23EB71002CBBD0012523793A
S214031180A4F802B023F003032371B4E7FF23EB7143
S214031190002C3FF46CAF0025F1E7002CD3D166E7B3
S2140311A0002E7FF46FAFB24625460126534633E73B
S2140311B0BAF1000FB0D15646524642E73A540020E1
S2140311C0F8480020A416002070B50C4B02460C48C5
S2140311D01C784FF6FF7500239C4201D1002005E0E2
S2140311E00688964206D1AA4201D10B7070BD867955
S2140311F0002EFAD001330830DBB2EDE7A316002049
S214031200F848002010B50B4B1C780B4B0022D1B2CC
S2140312108C4201D8002010BD5988814204D1197927
S214031220890701D1997911B108330132EFE701201B
S214031230F1E700BFA3160020F848002010B5084BBE
S214031240084A1C7801460023D8B2844201D8FF20FE
S21403125010BD914203F10103FAD00832F4E700BF50
S214031260A3160020F848002038B50446FFF7E6FF2B
S214031270FF28054603D10C483F21D4F73FFE4FF61F
S214031280FF732380A371204603210EF09DF8074BBE
S21403129007481A780732D21002FB05000021BDE882
S2140312A038400EF051BF00BF960D0500A51600206E
S2140312B00F540020F8B5134D134F044600263A7812
S2140312C0F3B29A4209D8114B1D78114B00224FF600
S2140312D0FF71D0B285420BD8F8BDFF2C02D0AB7994
S2140312E0A34202D12846FFF7BFFF08350136E6E7DB
S2140312F0FF2C02D0187AA04201D1198019720A3342
S2140313000132E6E7F8480020A3160020A2160020C4
S214031310D0480020FF28F8B504462CD0164B1B787F
S214031320834203D815488021D4F7E8FD144A02EB1C
S214031330C40032F8341003794FF6FF75A94203F060
S214031340030318D0012B16D10E4B1F780E4B002229
S214031350D6B2B74203D8BDE8F840FFF785BF1E886C
S214031360AE4205D093F807C0A44504D0B14202D0DC
S2140313700A330132ECE7F8BDA3160020960D0500EC
S214031380F8480020A2160020D04800202DE9F74395
S21403139006F0A2F8324B1B78033B012B21D9314BC5
S2140313A01D88451BADB2E5B12F4A188013782B4430
S2140313B0C3F3C81403F07F0313702C4B2C4A1E7818
S2140313C000204FF6FF77C3B29E420DD8294CDFF8B4
S2140313D0A89000264FF6FF7799F80020F3B29A42BA
S2140313E016D803B0BDE8F0831388BB420DD013793B
S2140313F099070AD104EB9311022928BF022189B267
S21403140003F03F0343EA8113137108320130DAE72E
S21403141034F80A8CB84506D014F8043CAB4205D918
S2140314205B1B04F8043C01360A34D5E70CF0AFFA2C
S214031430804534F80A3C04F8027C24F80A7C09D078
S2140314400DF107011846FFF7BFFE18B19DF8070018
S214031450FFF760FF14F8030CFFF75CFFE3E700BF3A
S2140314603A540020304A002003550020A3160020DB
S214031470F8480020DA480020A2160020F0B50346FC
S2140314801148DFF84CC00678104800244FF6FF7763
S214031490E5B2AE4201D800200FE005889D4210D188
S2140314A03AB1012A16BFC57905793CF83550A942E9
S2140314B007D1BB4202D114238371F0BD057A002DF8
S2140314C0FBD00A300134E3E7A2160020D048002000
S2140314D0F8480020F8B50D46114607461646FFF7AE
S2140314E073FE002837D1214B214C197802464FF65C
S2140314F0FF7CD3B2994206D81D4C00238B4222D1DF
S214031500F8BD0834F5E7B4F800E0E64502F1010259
S214031510F7D133700123278023710021A17165B1B0
S214031520144B1A7845F00805D31D2571DA10307868
S214031530114B02FB00300EF007FE237903F03F0346
S21403154023712046DCE722799209022AE1D001338F
S2140315500834DBB2D2E703799A071EBF23F00303EE
S21403156043F0010303710446D7E700BFA316002028
S214031570F8480020A51600200F54002073B50DF17F
S21403158007010546FFF720FE40B103799A0705D108
S21403159013F0300404D043F00303037102B070BDAC
S2140315A028460DF021FF094B9DF80760084A1D7871
S2140315B04FF6FF712346D8B28542EFD9D079B042B1
S2140315C004BF1180117201330A32F4E7A216002019
S2140315D0D048002010B5134B1B7883421DD9124BFD
S2140315E01B78033B012B18D9104A02EBC00304B245
S2140315F09879A0B932F834200A805A884A801B7931
S21403160003F003020A719A0952014A71C3F30112E5
S214031610C3F381038A71CB7110BD0120FCE703205D
S214031620FAE700BFA31600203A540020F84800202B
S21403163030B50A4B0A4D1B780733CC08DB1000FB8A
S214031640034001F0070101238B402C5CDBB212B18F
S2140316501C432C5430BD24EA0304FAE7A5160020E5
S2140316600F54002070B50B4B1B788342044604D8F6
S214031670094840F24B21D4F741FC084E0025337845
S214031680E8B2834200D870BD00222146FFF7D0FFA0
S2140316900135F4E7A5160020960D0500A3160020D5
S2140316A0FF2810D0FF290ED0084B1B780733CA0833
S2140316B0DB1000FB0323064AD05C01F00701C84099
S2140316C000F0010070470020704700BFA5160020F9
S2140316D00F5400200148F0F73FBB00BF324A0020FA
S2140316E02DE9F0471E464D4B8CB01B689DF8509075
S2140316F015460746884603F0080A0CF048F9A84240
S2140317003FD1B9F1000F14D06EB9ADF806603D466F
S21403171004242246414628460DF002FF00F001004D
S2140317200CB0BDE8F0870023ADF806303D4606242E
S2140317303AE03846FEF778FBFF28044605D0F2F772
S21403174021FC10B12046FEF7A1FF96B10023ADF8A9
S2140317500630F8F743F80028E8D006240DF1060211
S21403176002A940460CF0F4FFD8B94046F8F74EFA03
S21403177017E0ADF80660F8F731F80028C7D0042460
S214031780ECE73EB3BAF1000F2ED00023ADF80630D7
S2140317900B24B9F1000F0AD1F8F720F82F460028DA
S2140317A0DCD13D46002EB4D0BAF1000FB1D004F020
S2140317B0040242F01102414628460DF0B1FE2246CD
S2140317C00646414628460DF0ABFE002814BF3046B9
S2140317D00020A3E7BAF1000F14D0ADF80660012489
S2140317E0B9F1000F95D1D7E70B2402A92846F1F7E4
S2140317F071FA074668B902A809F0BCFD20B9ADF82E
S2140318000600EDE70124F0E744F00204ADF80670A5
S214031810E6E70023ADF80630E2E700BFFC3C002015
S2140318202DE9F0471E46644B8CB01B78DDF85080DC
S21403183007460D461446BBB30CF0A9F830B35F4B0E
S2140318401B68980722D44FF6F7739C422CD843465E
S2140318503A4631462046FBF77BFD0CF098F8854266
S21403186000F0A6803046FEF78DFAA04203D1FEF7BD
S214031870DBFA0DF0FAFCBA1E534253412946002206
S21403188020460CB0BDE8F0470EF01ABAA7B1F91E11
S214031890D1F1000949EB01094FF6F7739C420ED9C3
S2140318A00321204609F05BF80CF071F8A8427FD0BC
S2140318B04FF6FF739C42D3E74FF00109ECE72B4644
S2140318C03A463146204606F0A8F82146CDE90008F8
S2140318D02B463246384609F062FD804601462046CE
S2140318E009F03DF8B8F1000F51D1B9F1000F3FD020
S2140318F0002F3DD0324B03AA03F1100E9246186810
S21403190059689446ACE80300083373456246F6D13B
S21403191007A809F053F83068716803238DF81C3064
S21403192008AB03C39DF8293007A843F002038DF8DC
S214031930293009F0C1FA88B13068716808AB03C36F
S214031940042307A88DF81C3009F0B6FA30B1022339
S21403195007A88DF81C3009F0AFFA48B9514607A816
S21403196009F011FB20B1F4F7F1FA00283FF475AF44
S21403197088F0010303F001032A463146CDF80090B0
S2140319802046FFF7ADFE0CF002F8A84268E7B8F170
S214031990010FEDD0B8F1020F7FF45FAF07A9284619
S2140319A0F1F798F920B9324607A928460DF07FFDCE
S2140319B00CB0BDE8F08700BF35540020FC3C002087
S2140319C0A60D0500044B1A880AB100221A800021CE
S2140319D00846F9F777BE00BF324A00202DE9F04FDC
S2140319E000238FB0CDE903334E7804460D460BF043
S2140319F0CEFF50B1B34B1B689B0706D4092103A83F
S214031A0006F0D3F90FB0BDE8F08F03A92046F1F72F
S214031A1061F90346002840F05181022E38D0042E87
S214031A20ECD1A94A1278002A42D0022A40F021813A
S214031A3009AF0246394609F007FC012103A89DF8C1
S214031A40255009F0D6FC2840FF2800F0338105AD69
S214031A5028460BF056FF002840F02E8195E80F002D
S214031A6087E80F003246394603A809F0FFFA024614
S214031A70002840F01F81032303A9CDE90053204625
S214031A803346FBF739F800280CBF13210621B6E7C7
S214031A908C4B1F6817F00207B0D102358B4808221B
S214031AA029460EF027FB0028A8D0894B1B780BB9D4
S214031AB01121A4E7874B884E1B782BBBFFF782FFC9
S214031AC03088002868D10DF10C082946404608F0F6
S214031AD073FF002800F0CA802846F1F7DFF84FF6B8
S214031AE0FF739842814600F0BD800DF1240B5846E3
S214031AF00BF007FF002840F0B580002F7AD142464E
S214031B00AA4648463B4681E03088002844D13946F9
S214031B103846F0F7C1FB308000283BD0012308226B
S214031B2003A93046F0F73EFCA0BB01230822294652
S214031B303046F0F737FC68BB01236748ADF824400E
S214031B40022209A9F0F72EFC0346308823B10028A9
S214031B5048D04FF0100A21E0F0F7F4FA5E498046C9
S214031B60204601F069FA3088F0F7ECFA5FFA88F855
S214031B70804509D1FF238DF82430012356481A46A1
S214031B8009A9F0F70FFC28B900210120F9F79AFDFF
S214031B900C2134E73088DAE74FF0070AF0F7B6FA95
S214031BA080463088F0F7B2FA348800F1080911212C
S214031BB02046F0F79BFC102183462046F0F796FC60
S214031BC00822044603A948460EF094FA002877D163
S214031BD00822294640460EF08DFA002870D1BAF145
S214031BE0070F01D010210AE704EB0B24A4B24D46DD
S214031BF06BE70127308828B11221F0F777FCFF281E
S214031C00814615D12A46C2462046402343F00303A5
S214031C10CDE900B351460323FAF76EFF10B307214D
S214031C20504606F0C2F8002FE3D0FFF7CBFEE9E6F6
S214031C3000210846F0F730FBADF8140048B105A9BB
S214031C40204601F0F9F9BDF81400F0F77BFA0028F6
S214031C50D8D11423009333884A464146204601F0E0
S214031C60B3F9CFE7FFF7AEFE0F21C8E6FFF7AAFEEC
S214031C701EE7012A01D00621C1E605AD0246009003
S214031C80294603A8F9F724FC024608B10A21B6E65A
S214031C900C4B1B685B0003F0040343F00303CDE91E
S214031CA0005303A933462046FAF726FF0028E2D15D
S214031CB01321A4E60521A2E61221A0E60B219EE647
S214031CC00E219CE6FC3C0020F8530020B054002074
S214031CD0F7530020F5530020324A002030B50E4C4F
S214031CE085B022788DF805200123D5180E228DF8AD
S214031CF006200A68CDF807204A68CDF80B2001A90C
S214031D000B228DF804302570F0F74CFBB0FA80F008
S214031D10400905B030BD00BF3654002030B5194920
S214031D208BB014237F22098805460DEB030005F0CC
S214031D30FFFBBDF81430DA0721D413F0060FC3F304
S214031D40410208BFC3F341220F4B9C5C0DF1160101
S214031D50224668460EF0A6F904F12802BDF826309E
S214031D606A44023402F8283C1B0A02F8273C6946F8
S214031D702A46E0B20CF0C9FC00200BB030BDB720F9
S214031D80FBE700BF92960400B60D050010B58AB0B7
S214031D900446ADF826200022CDE9052204920CAABB
S214031DA002924FF6FF720192074AAC2104FB01220E
S214031DB001206032009203900DF126024CF62001BA
S214031DC00DF0D0FB0AB010BDB440002000B58BB0B8
S214031DD00320ADF824309DF8303003900B498DF87E
S214031DE0263009A80023CDE90130CDE90533049355
S214031DF001F160030093B1F85C3002204CF66041B9
S214031E000DF0B0FB0BB05DF804FB00BFB440002040
S214031E1010B5204AB2F86800B2F85E10B2F85C302B
S214031E208AB04FF6FF74A042ADF82600ADF8241032
S214031E304FF6FD7018D081424FF00000CDE9050043
S214031E40CDE90300CDE9010094BF09AA60320092F0
S214031E5094BF48F660014CF660010DF1260204209B
S214031E600DF080FB0AB010BD814288BF60324FF090
S214031E70000098BF09AA0092CDE90500CDE903004A
S214031E80CDE90100044A8CBF4CF6604148F6604138
S214031E90E5E700BFB44000201E41002000B54FF622
S214031EA0FF738BB00022CDE90522CDE90322CDE9ED
S214031EB00132074A00924CF640010DF12602062035
S214031EC0ADF826300DF04EFB0BB05DF804FB00BFFB
S214031ED01441002000B50E4B8BB00022B3F85E30E1
S214031EE0ADF82430CDE90522CDE90322CDE9012260
S214031EF009AA4FF6FF7300924FF400610DF1260214
S214031F000720ADF826300DF02DFB0BB05DF804FB73
S214031F10B440002030B58BB010498DF825301B0A2D
S214031F208DF82630002391F85840CD6DB1F85C004B
S214031F300493CDE9053307230393603108ABCDE95A
S214031F40010300914FF6FF734CF6204108200895D5
S214031F508DF824400DF006FB0BB030BDB4400020D6
S214031F6070B52A4CB4F85E1094F85C001D464FF624
S214031F70FE76B4F85C30B142A2B04FEA132321D107
S214031F804FF440416034ADF808108DF80B0003CCD5
S214031F908DF80C30CDF80D00CDF811100DF11504A9
S214031FA02270120A62700022A270E2701146104676
S214031FB0ADF806200BF096F9ADF8060090B90020B0
S214031FC022B070BD4FF400448DF80D10090AADF829
S214031FD008408DF80B008DF80C308DF80E100DF1BF
S214031FE00F04DDE7043402A9621A0123D2B20DF10D
S214031FF00600F0F7D7F90028E1D1BDF806002A4617
S2140320000121F0F721F9BDF80600D9E7B440002016
S214032010034B1A781AB1FF2A04BF00221A707047BE
S2140320200555002070B5084C084E2378F55C1DB1A5
S21403203007483E21D3F762FF2378FF22F25400239A
S2140320402370284670BD00BF0455002005550020A8
S214032050BB0D0500034B044A1B78D05CFF3818BF42
S21403206001207047045500200555002010B5084987
S214032070082204460EF03EF8B0FA80F022894009A2
S2140320804FF6FF7340009A4208BF40F0010010BDB0
S214032090D00D05002DE9F3410E46002105460BF051
S2140320A0ADF9134FADF8060000232B800DF10600A3
S2140320B00BF09FF9044610B102B0BDE8F08121464B
S2140320C00DF106000BF00CFA8046F0F71FF8438A72
S2140320D0B34207D99B1B43822246414628460BF050
S2140320E093F9E3E743895B07E0D53B88F3E700BF53
S2140320F01816002008B50A48F0F7D6FA09484FF430
S2140321007A71FFF7C7FF07480BF073F930B9BDE8DC
S214032110084003484FF47A71F0F72ABA08BD00BFA7
S214032120241500204216002030B5044685B00D461F
S21403213002B9084A1068516801AB03C301AB03CB6D
S214032140ADF80C501B88206020466160238105B0E3
S21403215030BD00BFCFB704001FB50146002201A85B
S214032160FFF7E2FF064801A90DF0F0FA20B1EFF7FA
S214032170CDFF4089C0F3400005B05DF804FB00BF07
S2140321804216002030B585B00D460022014601A850
S214032190FFF7CAFF084801A90DF0D8FA50B1EFF7C8
S2140321A0B5FF04460146082228460DF0B3FF6089B2
S2140321B0C0F3400005B030BD4216002010B5044CF5
S2140321C020460BF07BF96388181A80B210BD00BF57
S2140321D042160020F8B50546F8B1104800210BF06A
S2140321E00DF90446A8B10D4F2046EFF78FFF0646BC
S2140321F0FFF73CFF830705D40822294630460DF037
S21403220079FF38B1214638460BF04EF904460028CC
S214032210EAD10024201E18BF0120F8BD4216002074
S21403222010B50C46014606480DF090FA30B1EFF7AC
S2140322306DFF43891C4214BF0120002010BD00BF60
S214032240421600201FB51446024601A8FFF76CFF8E
S214032250074801A90DF07AFA40B134B1EFF756FFFB
S2140322601422014620460DF055FF012004B010BD90
S214032270421600201FB50146002201A8FFF754FFAF
S214032280094801A90DF062FA58B1EFF73FFF4389F9
S214032290024613F0020004D0507B80F00800C0F31F
S2140322A0C00005B05DF804FB421600200146014855
S2140322B00DF071BA42160020F8B504460E461420F7
S2140322C00021EFF7E9FF054620460BF0F7F8638891
S2140322D0834225D925B3314620460DF05CFA08BB68
S2140322E02846EFF713FF0A22074631460DF012FF82
S2140322F0082206F10A0107F10A000DF00BFF0A4B4C
S2140323001B887B82238823B908484FF47A71F0F739
S2140323102FF92046002229460BF076F80020F8BD58
S2140323201C20FCE72E20FAE71816002024150020B0
S21403233010B5044686B0B0B1FFF798FE10F0020061
S21403234011D1CDF80E006168CDF81200ADF8160075
S2140323502068228901AB03C304481A8001A9FFF74A
S214032360ABFF06B010BD2120FBE700BF42160020DE
S214032370F8B50D4616461F46044648B3FFF776FEE5
S21403238030BB2046FFF792FFE0B1214611480DF01F
S214032390DDF9EFF7BBFE438905734673877343F096
S2140323A00203218943812046F1F7E6FEFF2804460F
S2140323B006D0F1F7E7FD18B1074B002243F82420B7
S2140323C0002004E02046FFF7B3FF0028DDD0F8BD69
S2140323D02120FCE742160020B83A0020F7B59DF806
S2140323E0244001949DF8204000940D4606461F465F
S2140323F0FEF714FA4FF6FF718842044610D0BB0767
S21403240011D42846F1F790FC2046FDF70DFDFF2872
S2140324101FBF084A32F8103023F4804322F81030E6
S214032420204603B0F0BD0246294630460DF0BAF901
S214032430EAE700BF8E49002073B50E4601461448EE
S2140324400DF084F90546D8B1EFF760FE43893340B3
S214032450044612D09B0736B20BD5002E09DAA17BB1
S214032460437B0289007B0191012100912146FFF7FE
S214032470B5FF638923EA06036381628912B10120EB
S21403248002B070BD294602480BF049F8F7E700BFD3
S214032490421600200148EFF75FBC00BF421600203B
S2140324A01FB50C4A0C46014601A8FFF73DFE01A8DE
S2140324B0FFF7FCFE60B101A907480DF047F9EFF7F7
S2140324C025FE0368236043686360002004B010BDE4
S2140324D02D20FBE7D00D0500421600202DE9F04322
S2140324E01E46544B1B788FB0033B012B9DF8588038
S2140324F007460C46154607D8F4F770FB20B1F0F7ED
S21403250047FA08B144F400544B4B1B7813B924F430
S2140325100074A4B2200509D546B904A92846F0F7E5
S214032520D9FB002840D024F40064A4B2ADF81840C8
S214032530ADF81A500BF02BFA404BADF81C00B8F16F
S214032540000F02D01A78424501D293F800803C4A25
S2140325508DF81E8013780133E105DBB213704CBF90
S2140325600DF1210108A922058DF81F3004D5336823
S2140325700B6073684B600831E30405D5314A136872
S2140325800B6053684B6008310DF11808A1EB080087
S2140325905FFA80F900214846EFF77EFE064628B923
S2140325A000200FB0BDE8F08304AEBFE7EFF7AEFD43
S2140325B041464A460DF076FD3046EFF7C3FD8046AA
S2140325C03046EFF7A3FD0023024600935FFA88F137
S2140325D004234FF6FF700AF05AFEADF80E000028EB
S2140325E0DED040F201131C421AD14FF6F7739D4218
S2140325F016D8EFF7A7FD0DF10E010446284600F0A6
S2140326001BFDBDF80E00EFF79DFDE4B2A04207D90F
S214032610BDF80E000AF088FE437843F004034370C7
S214032620BDF80E003A460121EFF70EFEBDF80E0088
S214032630B7E700BF3A540020355400208F16002019
S21403264037540020B0540020F0B50829D58889B047
S21403265028D00C2926D0AE0424D405F040030B431F
S214032660424C267816B105F0200423432FB2002FE0
S214032670B8BF43F08003032920D11223AC068DF89C
S2140326800430937A10D48DF805300DF1060401A9B1
S214032690621A0123D2B2EFF785FEB0FA80F0400942
S2140326A009B0F0BD0B46DBE732228DF804208DF827
S2140326B00530002EE9D00DF11304E8E70C298DF858
S2140326C0043009BF138953798DF805301B0A0BBFF5
S2140326D08DF806308DF805300DF107030DF106036E
S2140326E054881C70240A5C7014889C700239240A6F
S2140326F0DC70012914791C7111D8917A5971002F55
S21403270031DA1289DA710221120A997103F1090486
S2140327101A72002EBBD0AB06B9D50534B7E7A907A6
S2140327201AD4002F0CDA117A51B1917A59711189A2
S214032730127A03F1080492B102229A71D971E8E77A
S2140327400B4C2178917201F1010C84F800C09C1D9A
S214032750002F5971DDDAEAE7917A9C1DF8E701222A
S2140327609A71090AEAE79C1DD3E700BF3554002097
S21403277036540020F0B51F4601F44043B3F5004F2E
S2140327808BB005460C4616461DD00BF000F9104BD1
S214032790ADF8260000220692BDF850200592BDF83B
S2140327A04C2004929DF848200392119A0292BDF899
S2140327B040202146CDE9003228463B4632460CF0FF
S2140327C0D1FE0BB0F0BD0BF0E2F80DF12603DFE708
S2140327D0B0540020014B1870704700BF2D540020E2
S2140327E0074B1A7844F6FF7040F6FF73012A18BFAA
S2140327F01846044B1B780BB140F40040704700BFEB
S2140328003A5400202D540020F7B50D460446002107
S214032810284616461F46F2F743FD0A4B002183F867
S21403282059402A46009733462046FFF7AFFA01463B
S21403283030B102222046F0F7D9FAC0B203B0F0BD99
S2140328400120FBE7B44000202DE9F843074604F0D7
S2140328503FFE05461B480BF003F81B4B60B31C6892
S2140328603C1B2C44A4B2194BDFF868901B78184D18
S21403287099F8006003EB830305EB430500225FFA38
S21403288082F846450AD9AB88A34205F10A0016D951
S214032890B21A0A235A4329460DF03CFC013689F83E
S2140328A00060AC80B8F1000F03D106483946EFF755
S2140328B05FFE2846BDE8F8831D603C46D3E7013239
S2140328C00546DCE744150020C441002006550020D9
S2140328D0AC460020075500201FB5154A154C137843
S2140328E0013BDBB213706168206801AA03C2218929
S2140328F01180114A1278D21805D00A235A43E118D8
S21403290020460DF007FC9DF806301B070DD0BDF8DA
S2140329100C00FFF799FF8288ADF8082001AA03464A
S21403292003CA1288186059601A8104B010BD00BF2C
S21403293006550020AC4600200755002008B5094B75
S214032940094800211970094B1970094B1A7802EBD4
S214032950820252000DF0F8FBBDE808400548EFF789
S214032960A3BE00BF07550020AC4600200655002036
S2140329709C16002044150020F8B5094D094F0A4E51
S21403298000243B783178E2B20B449A4204F1010406
S21403299000DBF8BD2846EFF7DFF90A35F1E700BF9D
S2140329A0AC4600200755002006550020F8B50D4B11
S2140329B016460D4A1B78127813440C4A1278934233
S2140329C007460D460CD03046FFF73EFF013506811D
S2140329D007808570044604F076FDE0800120F8BD8C
S2140329E00020FCE706550020075500209C16002013
S2140329F010B5064C207828B10548F5F78BFE10B1C4
S214032A00034B188810BDFFF767FFF3E70655002052
S214032A10AC46002008B50A4A0346107860B1094A56
S214032A201088984209D121B99378103323F00F0305
S214032A309370FFF751FF012008BD0020FCE700BF9D
S214032A4006550020AC4600202DE9F74F04F040FD64
S214032A50DFF8F8803A4CB8F800C0DFF8F490394D48
S214032A6099F800701FFA80FEAEEB0C039BB201933D
S214032A7023780093002603EB830305EB43033A46D0
S214032A80B246ACEB0E0CB3465FFA86FEBE4515D3D4
S214032A90BAF1000F01D0009B2370BA422AD3002F4D
S214032AA037D02378C8F800000A2202FB03532648CF
S214032AB0998803B0BDE8F04FEFF75ABDB3F804E0CA
S214032AC001998E4512D8009993F802E0A3F804B052
S214032AD001310EF1FF3EC9B2013A83F802E00091DC
S214032AE0D2B24FF0010A0A330136CDE7E644A3F823
S214032AF004E0F8E789F800204AB12378C8F8000014
S214032B000A2202FB035310489988EFF731FD237816
S214032B1013B903B0BDE8F08FFFF76AFF0646002837
S214032B20F5D00AF022FB014630460BF06CFB20B1D1
S214032B3000212888FFF76EFFE9E76621F9E700BF63
S214032B4006550020AC46002044150020C441002052
S214032B500755002038B50E4B05460E481C88EFF780
S214032B60F3FC012D0CD10C4B1C88FA21614358B1A0
S214032B70884209D28408012C204638BF012038BD7C
S214032B80022D08BF0224F0E70248EFF7F1FCF2E754
S214032B90A8460020C83B0020A646002008B5064BE2
S214032BA0064801221A700021EFF7E2FCBDE8084050
S214032BB00020FFF7CFBF00BF05540020C83B00200E
S214032BC01E4B1A8802F108039BB2012B73B502D879
S214032BD01B4B1B7823B902B0BDE87040EFF764BD0A
S214032BE0184B194D00241C70184B1C702B787BB1A6
S214032BF0174E4FF6FC730093308823462246214631
S214032C000CF068FA4FF6FD732C70338001200FE04A
S214032C10104B10461978F5F7E1F80028F6D10C4B5F
S214032C201A884FF6FD739A42F0D001232B700220C8
S214032C3002B0BDE87040FFF78DBF00BFAA46002074
S214032C400554002008540020065400200754002092
S214032C50A446002009540020012808B50AD00228FB
S214032C600CD020B9084B18700848EFF71DFD4FF03D
S214032C70FF3008BDBDE80840FFF790BFBDE8084039
S214032C800020FFF767BF00BF05540020C83B0020A5
S214032C9002280CD859B1064A13780133DBB21370F5
S214032CA0044A12789A4202D80220FFF7D5BF70472B
S214032CB0075400200A54002038B500F15703DBB24E
S214032CC0012B04460D4615D80D4A13780133DBB2A3
S214032CD013700C4A12789A420CD80B4B19884FF68D
S214032CE0FD72914201BF1D80084B00221A7000201E
S214032CF0FFF730FF29462046BDE8384004F0F2BF10
S214032D00085400200B540020A4460020065400203C
S214032D10064A00231370064A1370064A4FF6FD71DF
S214032D201180054A1370054A137070470854002033
S214032D3007540020A4460020065400200554002013
S214032D4030B5094B1B78024633B1084B084C19784B
S214032D500023D8B2884201D3FF2004E0013334F8BD
S214032D6023509542F5D130BD9A1600200D5400200D
S214032D7084460020054B064800221A70054BFF21A7
S214032D801970054B1A7892000DF0DEB90D54002029
S214032D90884600200C5400209A160020F7B58DF8BC
S214032DA007100DF10701044604F0C5FE234B1D78FA
S214032DB0002D41D02046FFF7C3FF214E214B31782B
S214032DC0FF2805D1204A107885422DD9451C157059
S214032DD0884219D01C4A1B4D92F800C00022D7B275
S214032DE0BC450CD92F46013297F803E0864505F11A
S214032DF00405F4D102B203EB8202D278FA7002B26F
S214032E0003EB8202D170307002B203EB820123F827
S214032E102240FF228A709DF80720FF2A02D003EB88
S214032E208203987003B0F0BD0A46104603EB820295
S214032E30D278FF2AF9D1CBE7FF20F3E79A160020D2
S214032E400C540020884600200D5400202DE9F8433A
S214032E50FFF776FFFF2804466AD0364FDFF8E08098
S214032E60354E03B24FF6FF7227F8232098F800502A
S214032E70A54202D10020BDE8F88320B23378810052
S214032E8007EB8000A34290F803E011D0294A002301
S214032E905FFA83F94D45944607D99CF80390A145FC
S214032EA003F1010302F10402F2D18CF803E001E01E
S214032EB086F800E0013DEDB22A1BD2B2043192003F
S214032EC039440DF027F988F800503378FF2B04D0E7
S214032ED0A34224BF03F1FF333370164B00214FF692
S214032EE0FF70CAB2AA420CD3144A00234FF6FF71EE
S214032EF0DCB2AC42BAD2013332F823008842F7D1AF
S214032F00B4E79A78A2420BD11880DA78FF2A04D065
S214032F10A24224BF02F1FF32DA7001310433E0E744
S214032F20FF2AF2D0A24224BF02F1FF329A70ECE7E6
S214032F300320A0E7884600200C5400208446002087
S214032F400D540020F8B51C4B1B780546084673B392
S214032F50FFF7F6FEFF28044629D02846FFF7F0FEC3
S214032F60FF2806D0154B164E1A780023D9B2914285
S214032F7018D3FF212846FFF711FFFF28014616D076
S214032F80104F054623B207EB830237F823009678E3
S214032F90FFF704FFA84208BFFF25FF2E214608D1EE
S214032FA02846F8BD013316F823108142DED1FF25EB
S214032FB0F6E73446E6E700BF9A1600200D540020D5
S214032FC086460020884600202DE9FF414FF0000C7E
S214032FD09DF828508DF80FC00DF10F0CCDE9005C5D
S214032FE01F4606468846144604F075FD9DF80F30C6
S214032FF093B941463046E3F7F1F80E4B1B785BB1C5
S2140330000B2C09D83046FF21FFF7C8FE05EB440416
S2140330100646E4B2A54202D104B0BDE8F0812946D3
S21403302038460AF06EFB3146FFF7B8FE0235064611
S214033030EDB2EFE79A1600202DE9F34700230DF1D2
S21403304007028DF8073004460E4604F05FFD9DF830
S2140330500730054663B92046FFF772FE04465EB1A5
S2140330603088EFF76FF85FFA80F8FF2C46D100251B
S214033070284602B0BDE8F087B046F6E701320C2AD0
S214033080F5D02DB207EB8505AD78FF2DF6D112F0FE
S214033090FF0AECD04FEA4A050235EDB2002EE7D020
S2140330A008EB0501C9B230460AF0C5FA0028DED19E
S2140330B0308852464146EFF72DFA0AF1FF3208F1FF
S2140330C0010108F102093088D2B2C9B25FFA89F960
S2140330D0EFF720FA24B207EB8404A478FF2CC7D0BA
S2140330E023B2308837F8232049460AF01AFB002813
S2140330F0BDD109F102095FFA89F9EBE7014F2546CD
S2140331000022BEE788460020FF2810B51FBF064BE7
S21403311003EB800433F820300B801DBFA3781370B5
S2140331200020032010BD00BF8846002070B51F4B4B
S2140331301F4C1980038823818378E372054616465D
S2140331400AF0FBFB0822A072291D20460CF0E2FFC2
S2140331506B7B2374174B63610323237346B1EFF72B
S2140331600FFC10B19120EFF7C1FB4FF4FA610EE0AC
S2140331700CF01CFFC30705D404224FF6FD7130463E
S214033180F4F708F9EFF7FCFB58B94FF4FA710A4B5A
S2140331900A4803221A700A4B1E70BDE87040EFF708
S2140331A0E7B99120EFF7A2FBEFE700BF4616002032
S2140331B0FC41002000F8FF071F550020841500205F
S2140331C01D55002038B50A4D0A480B4CEFF76CFA2C
S2140331D02A78FF2A04D0217811B908460AF032FD6E
S2140331E0FF23064A2B7000231370237038BD00BFDD
S2140331F0DD160020641500200A550020095500201E
S21403320008B50C4A0B46117811B90B4A1080937017
S214033210094A002001F060F8084B07481988002285
S214033220FFF784FF0120EFF761FB034804F04AFE33
S214033230012008BD1C550020C8410020364A002046
S21403324010B5074C2378062B05D1902803D100230D
S2140332502370FBF73BF92078003818BF012010BD18
S2140332601F550020024B1878031F584258417047D9
S2140332701F5500202DE9F041294B1B781B0786B00C
S21403328080460D464AD190F82830022B46D1061DBB
S2140332900123821C31460CF035FD04460746C8BBA5
S2140332A0B8F8260000F083000CF08CFE1D4B98F84F
S2140332B02820D8F80400D8F808101A706B4603C301
S2140332C0B8F80030ADF8083098F802308DF80B30B7
S2140332D00323CDE9034420468DF80C3041F606312E
S2140332E0114B05938DF80A500BF00EFDB8F8241019
S2140332F098F82820002908BF4FF441716B46012037
S214033300F2F76EF904463846EDF700F810B1384682
S2140333100AF040F8204606B0BDE8F0817024F9E7CD
S214033320395400201E55002000F8FF07024B18787A
S214033330431E5842584170471F550020024B1878C9
S21403334008B9024B187870471E5500203A540020DF
S2140333507FB51023072202A90120EFF71FFA9DF875
S2140333600B00F1F7C7FE942004F0F2FB0DF1070003
S214033370F1F7D8FE932805D10020EFF7B7FA07B088
S2140333805DF804FBFFF7DAFF022808D9054BB3F80C
S21403339068204FF6FF739A4201D10320EDE702201F
S2140333A0EBE700BFB4400020014B1870704700BF26
S2140333B01E55002070B5044620B91A48FFF702FFD1
S2140333C0002003E0184B1B780BB1702070BD174E1E
S2140333D03378002BF9D113480AF042FAB8B91148EA
S2140333E00AF03EFA054648B901460AF03CFC104B83
S2140333F002221870294628460AF024FC631C0CD0C7
S21403340008482146EFF7B4F800233370D8E7054899
S214033410EFF79AF8A042E2D3D7E70248EFF744F96A
S2140334200123F2E7641500200A5500200955002001
S214033430DD160020014B1870704700BF0A550020A8
S21403344008B505480AF00CFA20B9044B187800F0C2
S214033450010008BD0120FAE7641500200955002085
S21403346030B5404C40488BB0EFF71EF92378032B5A
S2140334705DD1FFF763FF02289CBF062323703B4BF7
S2140334801D78002D40D03A4B186810F002000EBF8E
S21403349041F6043141F6063100200BF035FC354B7E
S2140334A000251D70344B1988FFF748FF334B02463F
S2140334B02846F2F795F8002844D1314D0CF076FDF6
S2140334C02B78002B0CBF4FF0FF336FF4807318403C
S2140334D020F0010080B20CF075FD01232B70FFF77E
S2140334E02DFF022806D920484FF4FA61EFF740F87B
S2140334F0072323700020ECF709FF88B300200BB0E6
S214033500BDE8304009F046BFF4F778FA29460122B1
S2140335101C48F9F745F868460CF062FD0DF11503F3
S2140335202A4641F606314020F7F72EFFB7E7072B6A
S21403353005D10021012021700AF01AFDDAE7043BC9
S214033540012BD7D8104B1B782BB101200CF028FC8D
S2140335500D4B00221A7000232370FFF7F9FEC9E70C
S2140335600BB030BD1F550020841500201D550020CC
S214033570FC3C00203954002046160020FC41002065
S214033580DE1600200C55002008550020F7B50F4F17
S2140335903B78012B04460D46164614D10020ECF763
S2140335A0F3FE2B46CDE900060949224600200AF021
S2140335B024F9084B188030B102233B7003B0BDE8F2
S2140335C0F040F0F793B803B0F0BD00BF1F550020DE
S2140335D0DA0D0500344A00202DE9FF411E4E3378EC
S2140335E0012B4FF000040CD11C4B347093F90000F0
S2140335F00AF08AF9204604F056FC012004B0BDE820
S214033600F081022B26D1164D012004F04CFC082134
S2140336102888CDE902440AF092F80D210746288847
S214033620EEF764FF082300942988224680460DEBB4
S21403363003000AF019F8094B2C8093F900000AF0EE
S21403364063F9C8F3C013012202A9384600F006FA4C
S2140336503470D2E72046D1E71F5500200B550020D3
S214033660344A0020F0B51E465E4B1B780C46D9073D
S2140336708DB00546174606D422462946012000F09B
S2140336802BFE0DB0F0BD5A0703D40CF08FFCC30716
S214033690F2D50DF10F00F1F745FD18B99DF80F307F
S2140336A0012BE9D0FFF74AFE022D5AD00228E8D8AC
S2140336B0208B0CF023FCFF28DED008AB324604F147
S2140336C01001002000F03CFE0028D5D13B4604AA9A
S2140336D007F1080C18685968164603C6083363458D
S2140336E03246F7D1186830609B88B380BDF8163031
S2140336F0BDF818209A423CBF0023ADF81630BDF83B
S214033700142038BFADF81830BDF812309A423EBFC9
S2140337100023ADF81230ADF81430BDF81C20BDF808
S2140337201A30BDF81410BDF812009A423EBF0023AB
S214033730ADF81C30ADF81A30BDF81C300093BDF858
S2140337401620BDF81A300CF004FC002894D1A67895
S21403375075B94EB9244B1E680421601807F0F1F8BA
S21403376009E00228A4D88CE7012303FA06F6F3E758
S214033770012303FA06F61D4A234604F1280E1868A9
S21403378059689446ACE80300083373456246F6D19D
S2140337901868174BCCF800001D70164B3A88164F66
S2140337A01A800DF1300C08AB1A4603CA624538601E
S2140337B07960134607F10807F6D12DB90F4A03219E
S2140337C03046EFF7B7FD5CE70023A21C211D204619
S2140337D00CF098FA00287FF44FAFA1782088FFF703
S2140337E00FFD4EE7F3530020F8410020C8410020A8
S2140337F01C550020364A00200C55002001320300D9
S214033800F0B51A4F1C463B78042B85B00546164682
S21403381029D11748EEF748FF00233B7025B105B0C2
S214033820BDE8F040FFF794BD0AF0B1F8054696B13F
S2140338301023072269460120EEF7B0FF02AB03CB45
S2140338409DF80330A370BDF800306060A16023804C
S2140338500AF02BFC607301222946204605B0BDE81A
S214033860F040FFF763BC05B0F0BD00BF1F55002056
S2140338708415002008B50CF099FB20F4987080B2EC
S21403388040F001000CF09EFB014B00221A7008BDAD
S2140338901F55002010B50446FFF750FD022811D827
S2140338A0094B1B7873B18C420CD193070AD520467B
S2140338B0F0F722F930B1017921B9BDE81040034889
S2140338C0EEF756BE10BD00BF32540020683C002001
S2140338D0014B024A1A607047844100200E0E050011
S2140338E0014B1878704700BFF3530020014B187044
S2140338F000207047F3530020014B1868704700BF41
S214033900F8410020014B1868704700BFF4410020BF
S214033910014B1860704700BFF8410020014B186048
S214033920704700BFF44100200148EEF715BA00BF08
S214033930344A002008B503F0CBFD00F5FA50034BDC
S214033940012838BF0120186008BD00BF14420020BC
S21403395030B5002989B00CBF03240B24DAB1114912
S2140339600A78551C0D7042F0800211210C9D0194BB
S214033970CDE90412CDE906354CF25E024FF48053CE
S214033980CDE902320B2300930022074B0E2109F0E8
S21403399025FF09B030BD054A1278192142F080028E
S2140339A0E4E700BF29550020E00D05002855002058
S2140339B073B50025094E2C463378E8B2834202D805
S2140339C0204602B070BD05F02FFE694605F02EFEB8
S2140339D008B10134E4B20135EEE700BFF950002028
S2140339E073B50A4E0A4D33688342044608D0002353
S2140339F0022101A8019306F0A4FF019B2B6034600B
S214033A00FFF798FF286802B070BD00BF1C42002075
S214033A102042002010B50F4B86B001221B6800938E
S214033A201146002302A8FFF793FF0CF0FEF90446A5
S214033A300CF0BCFA084BCDE900400E22102102A878
S214033A4009F0CCFE0022102102A809F0C0FC06B043
S214033A5010BD00BF18420020440D05002DE9F04FAD
S214033A60A5B01E460D919346804609F090FF0DF1D2
S214033A70480A07465046EEF7B7FF81460CF096FA1B
S214033A8040EAC615FFF794FFB9F1930FADB20446AB
S214033A9017D109F05EFF4FF6FD798DF8530001212B
S214033AA014A806F04EFFBDF85030013B9BB24B45C1
S214033AB0F5D80421504606F044FFBDF8500009F03F
S214033AC08FFFBBF1000F01D045F03005EB0748BF71
S214033AD000234FF0000248BF8DF8583011464FF0D0
S214033AE00103CDF8008018A848BF4FF6FF77FFF70D
S214033AF02FFF0CF022FA83460CF097F90F900CF088
S214033B00F0F90E904046DFF8A080FFF769FF98F8BB
S214033B1000100E9A0F9B0490CDE90A41BDF8501091
S214033B2008919DF8531007919DF858100997CDE911
S214033B3005A1CDE90252CDE900B30E22184B272189
S214033B4018A809F04BFE012C28D1002005F06CFDC7
S214033B5010A9054605F06AFDC8B1E6B1BDF84030C8
S214033B6098F8002004929DF844200392BDF8422062
S214033B700095CDE901322E210A4B272218A809F019
S214033B802DFE2E210D9A18A80CF05FF90446204648
S214033B9025B0BDE8F08F4CF25E03E1E72721F1E79D
S214033BA0E90D0500F00D0500F25300202DE9F04F56
S214033BB02E4BDFF8C490B3F80080DFF8C0A0DFF820
S214033BC0C0B0A3B0064614460F46FFF7F1FE002228
S214033BD005461146009603230DA8FFF7B9FECDE967
S214033BE00054234B0E2251210DA809F0F7FD08F0CF
S214033BF080081125002699F80030A34201D9042E27
S214033C0009D13A4629460DA88DF844600CF01DF9F3
S214033C1023B0BDE8F08F204605F006FD0BA90990FA
S214033C2005F004FD0134E0B1099BB8F1000F1AD08A
S214033C30BDF82C2006949AF8001005919DF83010D4
S214033C400491BDF82E10CDE900B3CDE90221094B4E
S214033C502A4651210DA809F0C1FD01361035F6B2EA
S214033C60EDB2E4B2C7E74CF25E02E3E7384A00205F
S214033C70440D0500F60D0500F9500020F253002010
S214033C80B05400202DE9F04FDFF84C93B0F802B0A3
S214033C9099F8007099B0002317F00107CDE90333B4
S214033CA006464CD00378032B49D8C54B1B7863B123
S214033CB00DA8FBF7D3FBC34B9DF9344093F9005093
S214033CC00CF03BF92844844239DB3378012B8CBF54
S214033CD0172411240023A4F108020DF10C08009305
S214033CE0D2B208235946404609F0BEFC38BBE51D50
S214033CF043462A465946092003F0B7FEF8B158460C
S214033D00EEF720FA04F10D03834218DA2146708891
S214033D1009F0F7FCA11C82467088EEF7E7FBBAF1C0
S214033D200B0F40F0338120F00C03032B40F02E8161
S214033D303378012B00F00C0003D8082803D00120A9
S214033D403BE10028FBD17088E11C09F0DAFCB0F5F2
S214033D50805F40F01B817088611D09F0D2FC4CF235
S214033D605E03984240F0128129467088EEF7BEFB48
S214033D7004F1090182467088EEF7B8FB162805465B
S214033D8000F20481BAF1000F40F0E980C10740F168
S214033D90EB80708804F10A0109F0D1FC8146002803
S214033DA0CDD0002D00F0F480874B1B68834203D0F0
S214033DB0864B1B688342C2D1DFF820A2DAF80030B4
S214033DC0002BBCD003F084FBDAF80030C01AB0F145
S214033DD0004FB4D9FFF7AEFDEB1EDBB20C2B40F25F
S214033DE0EB80162D00F2E8800F2D40F2D180A5F16E
S214033DF00C0A5FFA8AFA7088EEF7A4F9744B13F884
S214033E000A302344984200F0EB80012D97D1708846
S214033E10EEF798F904F12E03984290D104F10801C5
S214033E205846EEF763FB6B4B04F10E0A18702C2210
S214033E3000210DA875880CF087F998E803004FF069
S214033E40000B14AB09AE83E80300CDE90BBB0223DA
S214033E5086E80300514628468DF84030CDF8449056
S214033E60EEF744FB04F10F018DF85F002846EEF7EA
S214033E703DFB04F110018DF85C002846EEF736FB97
S214033E8004F11101ADF85A00284609F03AFC04F192
S214033E901301ADF84C00284609F051FC04F1170253
S214033EA0082312902946CDF800B00EA809F0DCFBD3
S214033EB004F11F012846EEF719FB04F120018DF8E3
S214033EC041002846EEF712FB04F121018DF8360077
S214033ED0284609F016FC04F12301ADF83400284601
S214033EE009F00FFC04F12501ADF858002846EEF75B
S214033EF0FDFA04F126018DF85D002846EEF7F6FA82
S214033F005A468DF85E0008210EA809F0EFFC00283B
S214033F1000F0C5805846ECF737FA8DF836009DF862
S214033F205C2002F00303012B00F0CA80022B00F092
S214033F30C180002B7FF403AFBDF84C008DF85C7096
S214033F400BF0DCFFFF283FF4FAAE9DF85D30012B43
S214033F5000F0B88000210DA803F07EFFEFE6BAF16B
S214033F60110F0AD1C2070ED4072D3FF412AF99F8EA
S214033F70003098077FF5E3AE0BE7BAF1190F02D1CD
S214033F80C3073FF506AF072D3FF403AFFF2500E752
S214033F90AA4630E7A5F11003DBB2062B0CD80123A3
S214033FA0AB4013F4281240F05B8113F4A81F40F0D3
S214033FB0C580162D00F07581002019B0BDE8F08F7E
S214033FC088160020891600201C4200201842002074
S214033FD0030E050028550020F3530020144200204A
S214033FE005F0FD03112B01D0152D12D1B34A13781A
S214033FF0FF2B3FF4A4AE0133AB427FF4A0AEFF2306
S2140340001370AF49082240460CF074F800287FF47A
S21403401096AE04F108015846EEF768FAA94B022D4E
S21403402004F10E0A18707FD0B4D8002D7FF4FFAECB
S21403403004F10F017088A44CEEF758FAA34B2080C6
S2140340401B684B453FF47BAEC1067FF578AE0DA8E3
S214034050FBF704FA9E4B9DF9347093F900600BF05E
S2140340606CFF384486423FF76AAEFFF75FF968B1E4
S2140340700BF09CFFC2077FF562AE2288D3073FF59D
S2140340805EAE49464046FFF781FA58E623882A463D
S214034090C3F3C01341464846FFF7E0FC4FE69DF8DE
S2140340A03630002B3FF44BAEBDF83430002B7FF494
S2140340B036AF44E612F0040F0CBF042703273BE792
S2140340C0022739E72846EEF73DF804F12707C01B19
S2140340D006287FF734AE39462846EEF707FA04F18A
S2140340E028018DF82C00284609F00BFB04F12A0161
S2140340F0ADF82E00284609F004FB04F12C01ADF8B8
S21403410030002846EEF7F2F904F12D018DF832005F
S2140341102846EEF7EBF99DF85D308DF83300012B5A
S2140341207FF418AF314616E751467088EEF7DEF98E
S214034130414602464846FFF739FD00E6102D00F0DB
S2140341408680122D18BF022775882C220026002190
S2140341500DA80BF0F9FF52460823009629460EA831
S21403416009F082FA04F116012846EEF7BFF9009625
S2140341708246102304F11702294609A809F074FAA7
S21403418004F127063FB131462846EEF7AFF904F1AE
S21403419028068DF8410031462846EEF7A7F9711C2C
S2140341A08DF83600284609F0ACFAF11CADF8340059
S2140341B0284609F0A6FA711DADF81400284609F042
S2140341C0A0FAF11DADF81A00284609F09AFA06F18E
S2140341D00901ADF81C00284609F093FA06F10B0115
S2140341E0ADF81600284609F08CFA06F10D01ADF875
S2140341F01800284609F085FA06F10F01ADF81E00EF
S214034200284609F07EFA14ACADF820000FBB294609
S2140342100097082306F11102204609F025FA06F155
S2140342201901284609F06DFA012303FA0AF3ADF8DB
S2140342304C30284BADF858001B68129305AA09ABFF
S2140342400DA93846CDF84490FFF70CFA77E51746E4
S2140342507AE798E8030084E803004FF6FF70E3E785
S2140342607688112D5146304610D1EEF73FF90DAA48
S214034270054604F10F0130460BF010FE00270DAB88
S2140342803A4641462846FFF7BBFA58E5132D03D1B5
S214034290EEF72CF90546F2E7EEF728F9022705466E
S2140342A0EDE7514670880DAA0BF0F8FD09F06FFB99
S2140342B001460DA80BF07DFD41E500BFDF1600208B
S2140342C02055002028550020384A00201C42002094
S2140342D0891600202042002070B506468EB0D069AD
S2140342E00D46116A05AB03C3144615B3012D0CBF67
S2140342F013231523226900920022114607A8FFF70D
S21403430027FB8DF82A60B5B923880393A378029315
S214034310637B019304341B21084B00940F2207A8E8
S21403432009F05CFA1B2105AA07A80BF08EFD0EB058
S21403433070BD1123DEE70F21F5E700BFFE0D050074
S2140343402DE9F04306468FB008890D461746984672
S2140343500BF0D4FDFF2856D00F2809AC01D0042853
S21403436035D12A686B6812BA1BBA2046CDE90522F6
S21403437005ADCDE9073306F021FB052320468DF86E
S2140343802430E2F767FA2A4629460120E2F722FAA2
S21403439095E80F000DF1040C8CE80F00204606F09C
S2140343A00DFB092320468DF8243006F00BFB01A9EC
S2140343B0204606F0F7FD2046E2F74CFA4246394619
S2140343C03046E2F707FA00200FB0BDE8F083002876
S2140343D0E4D12B686A680D4D93FA83FC12BAA6469D
S2140343E005F1100928686968734603C308354D4507
S2140343F09E46F7D1CDF828C00C9294E80F0001AD85
S21403440085E80F00CAE70220DEE700BF180E0500A6
S21403441081F0004102E000BF83F0004330B54FEA6D
S21403442041044FEA430594EA050F08BF90EA020FDA
S2140344301FBF54EA000C55EA020C7FEA645C7FEA6D
S214034440655C00F0E2804FEA5454D4EB5555B8BF90
S2140344506D420CDD2C4480EA020281EA030382EA01
S214034460000083EA010180EA020281EA0303362D93
S21403447088BF30BD11F0004F4FEA01314FF4801C66
S2140344804CEA113102D0404261EB410113F0004F78
S2140344904FEA03334CEA133302D0524263EB43032F
S2140344A094EA050F00F0A780A4F10104D5F1200ECD
S2140344B00DDB02FA0EFC22FA05F2801841F1000128
S2140344C003FA0EF2801843FA05F359410EE0A5F1FC
S2140344D020050EF1200E012A03FA0EFC28BF4CF02D
S2140344E0020C43FA05F3C01851EBE37101F00045E3
S2140344F007D54FF0000EDCF1000C7EEB00006EEBF0
S2140345000101B1F5801F1BD3B1F5001F0CD3490879
S2140345105FEA30004FEA3C0C04F101044FEA4452D0
S21403452012F5800F80F09A80BCF1004F08BF5FEA57
S214034530500C50F1000041EB045141EA050130BD37
S2140345405FEA4C0C404141EB0101013C28BFB1F549
S214034550801FE9D291F0000F04BF01460020B1FA94
S21403456081F308BF2033A3F10B03B3F120020CDA67
S2140345700C3208DD02F1140CC2F10C0201FA0CF045
S21403458021FA02F10CE002F11402D8BFC2F1200CAA
S21403459001FA02F120FA0CFCDCBF41EA0C01904060
S2140345A0E41AA2BF01EB0451294330BD6FEA0404A9
S2140345B01F3C1CDA0C340EDC04F11404C4F1200294
S2140345C020FA04F001FA02F340EA030021FA04F3A6
S2140345D045EA030130BDC4F10C04C4F1200220FAFD
S2140345E002F001FA04F340EA0300294630BD21FA3B
S2140345F004F0294630BD94F0000F83F4801306BF01
S21403460081F480110134013D4EE77FEA645C18BFF4
S2140346107FEA655C29D094EA050F08BF90EA020F8B
S21403462005D054EA000C04BF1946104630BD91EA83
S214034630030F1EBF0021002030BD5FEA545C05D186
S2140346404000494128BF41F0004130BD14F58004C5
S2140346503CBF01F5801130BD01F0004545F0FE4139
S21403466041F470014FF0000030BD7FEA645C1ABF6E
S214034670194610467FEA655C1CBF0B46024650EAA5
S214034680013406BF52EA033591EA030F41F40021D1
S21403469030BD00BF90F0000F04BF0021704730B557
S2140346A04FF4806404F132044FF000054FF000012C
S2140346B050E700BF90F0000F04BF0021704730B5ED
S2140346C04FF4806404F1320410F0004548BF4042C2
S2140346D04FF000013EE700BF42004FEAE2014FEA17
S2140346E031014FEA02701FBF12F07F4393F07F4FF2
S2140346F081F06051704732F07F4208BF704793F0F5
S2140347007F4F04BF41F40021704730B54FF4607407
S21403471001F0004521F000411CE700BF50EA01020A
S21403472008BF704730B54FF000050AE050EA0102B3
S21403473008BF704730B511F0004502D5404261EB23
S21403474041014FF4806404F132045FEA915C3FF464
S214034750D8AE4FF003025FEADC0C18BF03325FEA01
S214034760DC0C18BF033202EBDC02C2F1200300FAB2
S21403477003FC20FA02F001FA03FE40EA0E0021FAD7
S21403478002F11444BDE600BF70B54FF0FF0C4CF4C5
S214034790E06C1CEA11541DBF1CEA135594EA0C0F77
S2140347A095EA0C0F00F0DEF82C4481EA030621EAB2
S2140347B04C5123EA4C5350EA013518BF52EA0335ED
S2140347C041F4801143F4801338D0A0FB02CE4FF09F
S2140347D00005E1FB02E506F00042E0FB03E54FF0CF
S2140347E00006E1FB03569CF0000F18BF4EF0010EC7
S2140347F0A4F1FF04B6F5007F64F5407404D25FEAC3
S2140348004E0E6D4146EB060642EAC62141EA555175
S2140348104FEAC52040EA5E504FEACE2EB4F1FD0CB7
S21403482088BFBCF5E06F1ED8BEF1004F08BF5FEA35
S214034830500E50F1000041EB045170BD06F00046E7
S21403484046EA010140EA020081EA0301B4EB5C0494
S214034850C2BFD4EB0C0541EA045170BD41F480118C
S2140348604FF0000E013C00F3AB8014F1360FDEBFB1
S214034870002001F0004170BDC4F10004203C35DA8D
S2140348800C341BDC04F11404C4F1200500FA05F310
S21403489020FA04F001FA05F240EA020001F00042B1
S2140348A021F0004110EBD37021FA04F642EB060127
S2140348B05EEA430E08BF20EAD37070BDC4F10C0451
S2140348C0C4F1200500FA04F320FA05F001FA04F215
S2140348D040EA020001F0004110EBD37041F1000101
S2140348E05EEA430E08BF20EAD37070BDC4F120050C
S2140348F000FA05F24EEA020E20FA04F301FA05F274
S21403490043EA020321FA04F001F0004121FA04F21B
S21403491020EA020000EBD3705EEA430E08BF20EAEB
S214034920D37070BD94F0000F0FD101F00046400025
S21403493041EB010111F4801F08BF013CF7D041EAA7
S214034940060195F0000F18BF704703F000465200AB
S21403495043EB030313F4801F08BF013DF7D043EA7C
S2140349600603704794EA0C0F0CEA135518BF95EA32
S2140349700C0F0CD050EA410618BF52EA4306D1D1B9
S21403498081EA030101F000414FF0000070BD50EAD8
S214034990410606BF1046194652EA430619D094EA62
S2140349A00C0F02D150EA013613D195EA0C0F05D14C
S2140349B052EA03361CBF104619460AD181EA0301A0
S2140349C001F0004141F0FE4141F470014FF0000058
S2140349D070BD41F0FE4141F4780170BD70B54FF0F3
S2140349E0FF0C4CF4E06C1CEA11541DBF1CEA135573
S2140349F094EA0C0F95EA0C0F00F0A7F8A4EB050455
S214034A0081EA030E52EA03354FEA013100F088804B
S214034A104FEA03334FF0805545EA131343EA126314
S214034A204FEA022245EA111545EA10654FEA0026C9
S214034A300EF000419D4208BF964244F1FD0404F582
S214034A40407402D25B084FEA3202B61A65EB0305DE
S214034A505B084FEA32024FF480104FF4002CB6EB9B
S214034A60020E75EB030E22BFB61A754640EA0C001B
S214034A705B084FEA3202B6EB020E75EB030E22BF5B
S214034A80B61A754640EA5C005B084FEA3202B6EB9C
S214034A90020E75EB030E22BFB61A754640EA9C005B
S214034AA05B084FEA3202B6EB020E75EB030E22BF2B
S214034AB0B61A754640EADC0055EA060E18D04FEAE9
S214034AC0051545EA16754FEA06164FEAC30343EA89
S214034AD052734FEAC2025FEA1C1CC0D111F4801F56
S214034AE00BD141EA00014FF000004FF0004CB6E74F
S214034AF011F4801F04BF01430020B4F1FD0C88BFEE
S214034B00BCF5E06F3FF6AFAEB5EB030C04BFB6EBF8
S214034B10020C5FEA500C50F1000041EB045170BDEB
S214034B200EF0004E4EEA113114EB5C04C2BFD4EB18
S214034B300C0541EA045170BD41F480114FF0000E9C
S214034B40013C90E645EA060E8DE60CEA135594EA18
S214034B500C0F08BF95EA0C0F3FF43BAF94EA0C0F1B
S214034B600AD150EA01347FF434AF95EA0C0F7FF490
S214034B7025AF104619462CE795EA0C0F06D152EAE4
S214034B8003353FF4FDAE1046194622E750EA4106C8
S214034B9018BF52EA43067FF4C5AE50EA41047FF4D9
S214034BA00DAF52EA43057FF4EBAE12E74FF0FF3C3E
S214034BB006E000BF4FF0010C02E000BF4FF0010C0F
S214034BC04DF804CD4FEA410C7FEA6C5C4FEA430C88
S214034BD018BF7FEA6C5C1BD001B050EA410C0CBFD7
S214034BE052EA430C91EA030F02BF90EA020F002039
S214034BF0704710F1000F91EA030F58BF994208BFA0
S214034C0090422CBFD8176FEAE37040F0010070475C
S214034C104FEA410C7FEA6C5C02D150EA013C07D1B3
S214034C204FEA430C7FEA6C5CD6D152EA033CD3D0FE
S214034C305DF8040B704700BF8446104662468C46F8
S214034C401946634600E000BF01B5FFF7B7FF00282B
S214034C5048BF10F1000F01BD4DF808EDFFF7F4FF54
S214034C600CBF012000205DF808FB00BF4DF808EDDF
S214034C70FFF7EAFF34BF012000205DF808FB00BF02
S214034C804DF808EDFFF7E0FF94BF012000205DF824
S214034C9008FB00BF4DF808EDFFF7CEFF94BF0120D9
S214034CA000205DF808FB00BF4DF808EDFFF7C4FFD2
S214034CB034BF012000205DF808FB00BF4FEA410225
S214034CC012F5001215D211D56FF47873B3EB625256
S214034CD012D94FEAC12343F0004343EA505311F07D
S214034CE0004F23FA02F018BF404270474FF000000F
S214034CF0704750EA013005D111F0004008BF6FF04D
S214034D00004070474FF00000704700BF4A0011D2C2
S214034D1012F5001211D20DD56FF47873B3EB62520D
S214034D200ED44FEAC12343F0004343EA505323FA19
S214034D3002F070474FF00000704750EA013002D18E
S214034D404FF0FF3070474FF00000704753B94AB931
S214034D50002908BF00281CBF4FF0FF314FF0FF307B
S214034D6000F06AB9ADF1080C6DE904CE00F006F860
S214034D70DDF804E0DDE9022304B070472DE9F047CF
S214034D80089D0C46002B4ED194468C458646B2FAB7
S214034D9082F262D94AB1C2F12003914020FA03F3AA
S214034DA00CFA02FC194300FA02FE4FEA1C471FFAEC
S214034DB08CF6B1FBF7F44FEA1E4307FB141143EAE4
S214034DC0014304FB06F199420AD91CEB030304F1E1
S214034DD0FF3080F01381994240F21081023C634415
S214034DE0591A1FFA8EF3B1FBF7F007FB101143EACB
S214034DF0014300FB06F69E420AD91CEB030300F1AF
S214034E00FF3180F0FD809E4240F2FA806344023810
S214034E109B1B40EA044000211DB1D3400022C5E994
S214034E200032BDE8F0878B4205D90DB1C5E9000114
S214034E3000210846F5E7B3FA83F1002946D1A342D9
S214034E4002D39042C0F0F180861A64EB030301207C
S214034E50002DE6D0C5E90063E3E7002A40F0918021
S214034E60A1EB0C044FEA1C481FFA8CF70121B4FB94
S214034E70F8F64FEA1E4308FB164443EA044307FBCF
S214034E8006F0984208D91CEB030306F1FF3402D25E
S214034E90984200F2CE8026461C1A1FFA8EF3B4FB05
S214034EA0F8F008FB104443EA044300FB07F79F426D
S214034EB008D91CEB030300F1FF3402D29F4200F231
S214034EC0B1802046DB1B40EA0640A5E7C1F1200679
S214034ED08B4022FA06F71F4320FA06FC04FA01F376
S214034EE043EA0C03F44000FA01F8380C4FEA13497E
S214034EF0B4FBF0FE1FFA87FC00FB1E4449EA044499
S214034F000EFB0CF9A14502FA01F20AD93C190EF17F
S214034F10FF3A80F08580A14540F28280AEF1020E12
S214034F203C44A4EB09041FFA83F9B4FBF0F300FB3B
S214034F30134449EA044403FB0CFCA44507D93C1973
S214034F4003F1FF3068D2A44566D9023B3C4443EAEA
S214034F500E40A0FB0293A4EB0C049C42CE469C4658
S214034F6052D34FD055B1B8EB0E0364EB0C0404FADE
S214034F7006F6CB40CC401E43C5E900640021BDE8DD
S214034F80F087C2F1200320FA03F10CFA02FC24FA9C
S214034F9003F394400C434FEA1C4800FA02FE1FFA40
S214034FA08CF7B3FBF8F008FB1031230C43EA0143FC
S214034FB000FB07F1994208D91CEB030300F1FF3607
S214034FC02CD299422AD9023863445B1AA4B2B3FBA3
S214034FD0F8F108FB113344EA034401FB07F3A34249
S214034FE008D91CEB040401F1FF3613D2A34211D9EE
S214034FF002396444E41A41EA004138E70446EFE61E
S214035000084605E7C845ADD2B9EB020E63EB070CBD
S2140350100138A7E73146EDE7034698E73046D4E77D
S214035020D6467EE7634402384CE7064623460846E0
S2140350300EE7023E63442FE7704700BF08B5064BF2
S214035040044613B10021AFF30080044B1B6803B181
S2140350509847204600F0CCFF000000006043002085
S214035060242B2DE9F0478646904601D8012B06D11E
S21403507000F0D0F9162303600020BDE8F087364819
S2140350800D462A4615F8014B065D16F00806F8D1BC
S2140350902D2C24D12C780126951C2BBB302C30D0FC
S2140350A00A2306F1004C0CF1FF3C0022BCFBF3F98B
S2140350B0104603FB19CAA4F13007092F28D83C462B
S2140350C0A34234DD571C07D081452DD301D1A24519
S2140350D02ADB00FB0340012215F8014BEBE72B2CE0
S2140350E004BF2C78951CD8E7102BDAD1302CD8D1F6
S2140350F02A7802F0DF02582AD3D16C7810230235BF
S214035100CFE72B7803F0DF03582BF6D00823C8E746
S214035110A4F14107192F01D8373CD1E7A4F1610761
S214035120192F04D8573CCBE74FF0FF32D4E7531C74
S21403513008D12223CEF800306046B8F1000F9CD089
S214035140691E06E006B14042B8F1000F95D0002A6A
S214035150F6D1C8F8001090E7290E050013460A4654
S214035160014602480068FFF77BBF00BFA415002076
S2140351702DE9F043364E86460D46284615F8014B74
S214035180375D17F00807F8D12D2C26D12C78012788
S214035190851C3BBB302C32D00A234FF0FF38002649
S2140351A0B8FBF3F803FB08F96FEA09093046A4F1E4
S2140351B0300CBCF1090F29D86446A34237DDB6F19B
S2140351C0FF3F07D080452FD301D1A1452CDB00FB41
S2140351D00340012615F8014BE9E72B2C04BF2C7876
S2140351E0851CD6E7102BD8D1302CD6D1287800F0E2
S2140351F0DF005828D1D16C7810230235CDE72B7801
S21403520003F0DF03582BF6D00823C6E7A4F1410CBE
S214035210BCF1190F01D8373CCFE7A4F1610CBCF100
S214035220190F04D8573CC8E74FF0FF36D2E7731C74
S21403523006D12223CEF80030304632B9BDE8F083DB
S21403524007B14042002AF9D006B1691E1160F5E79E
S214035250290E050013460A46014602480068FFF772
S21403526087BF00BFA41500202DE9F04F85B09046F8
S214035270464A029089461E460D462B4615F8014BB4
S214035280175D17F00807F8D12D2C41D12C7801278C
S2140352909D1C002E41D1302C4CD00A2607F1004A23
S2140352A007F1FF3B0AF1FF3AF317324658465146D9
S2140352B00393FFF74BFD019200228E468446114668
S2140352C01046A4F13003092B05D9A4F14103192B89
S2140352D037D8A4F137039E423DDD541C15D08445D0
S2140352E07EEB010234D38E4508BF844502D1019A72
S2140352F09A422DDB039A714300FB0211A6FB0002C0
S2140353000A44181842EBE371012215F8014BD8E75B
S2140353102B2C04BF2C789D1CBBE7102EBED1302C43
S214035320BCD12B7803F0DF03582BB7D16C7810264B
S2140353300235B3E72B7803F0DF03582BF6D00826A5
S214035340ACE7A4F16103192B05D8A4F15703C2E710
S2140353504FF0FF32D9E7531C0AD1029A2223136077
S21403536058465146B8F1000F0AD105B0BDE8F08F94
S21403537017B1404261EB4101B8F1000FF5D00AB115
S21403538005F1FF39C8F80090EFE700BF290E0500C6
S21403539013460A46014602480068FFF765BF00BF8A
S2140353A0A415002070B50D4D0D4C641BA4100026EB
S2140353B0A64209D10B4D0C4C0AF0E2FE641BA41066
S2140353C00026A64205D170BD55F8043B9847013622
S2140353D0EEE755F8043B98470136F2E7F816002047
S2140353E0F8160020F8160020FC160020024B014693
S2140353F0186800F015B800BFA415002001480AF08D
S214035400ABBE00BF2A55002001480AF0A6BE00BF67
S2140354102A550020014B1868704700BFA4150020CA
S21403542038B50546002941D051F8043C0C1F002B23
S214035430B8BFE418FFF7E2FF1D4A136833B9636089
S21403544014602846BDE83840FFF7DEBFA34208D9FC
S214035450206821188B4201BF19685B680918216010
S214035460EDE71A465B680BB1A342FAD911685018E8
S214035470A0420BD120680144501883421160E0D14A
S21403548018685B68536008441060DAE702D90C2397
S2140354902B60D6E7206821188B4204BF19685B6827
S2140354A0636004BF091821605460CAE738BD00BFB3
S2140354B0244200207047CBF791BBEBF7F1B908B550
S2140354C002F0CCF802F0D7F8D1F77CF9FAE700F04F
S2140354D0FBBC08B5CCF772FBCCF77AFECBF76AFEBB
S2140354E0CBF776FEBDE80840CCF7BAB908B500F0AE
S2140354F0E9FCD1F76BFC01F093F8CBF737FEBDE878
S2140355000840CBF72DBD08B5CEF798FC01F086F81A
S214035510CEF7A0FCD4F7DEFAD4F77AFBBDE8084052
S214035520D4F7B2BB70477047CBF740BD08B502F05F
S214035530F5F9BDE8084002F01EBA7047CBF724BE63
S214035540012070470120704738B5CBF729FD044684
S21403555001F0CAFF051E18BF2546D4F733FC041E08
S21403556018BF2C46FFF7ECFF002818BF204638BDAF
S21403557038B5D1F72DFA0446CBF70CFE04281ED017
S21403558002284FF0000508BF012401F0AFFF0428EE
S21403559017D0022808BF012402F00BFA042812D001
S2140355A0022808BF0124FFF7CDFF04280DD00228E8
S2140355B008BF0124002D18BF0024204638BD01254E
S2140355C0E3E70125E8E70125EDE70024F5E7FF20FB
S2140355D0704708B5FFF7FBFF002008BD1FB544F270
S2140355E00212ADF80C2003AA0346009204210022FF
S2140355F00120D3F719FC05B05DF804FB1FB544F290
S2140356000212ADF80C2003AA0346009204210522D9
S2140356100120D3F709FC05B05DF804FB1FB503AA08
S214035620034600920120022203218DF80C00D3F7D3
S214035630FBFB05B05DF804FB1FB54FF48172ADF8B4
S2140356400C2003AA03460092052141220120D3F72A
S214035650EBFB05B05DF804FB1FB542F20122ADF883
S2140356600C2003AA03460092042102220120D3F74A
S214035670DBFB05B05DF804FB1FB502228DF80C209A
S21403568003AA03460092052106220120D3F7CCFB8A
S21403569005B05DF804FB1FB502228DF80C2003AAA3
S2140356A003460092032100220120D3F7BDFB05B079
S2140356B05DF804FB07B5002200920122034603218E
S2140356C01046D3F7B1FB03B05DF804FB1FB540F2F9
S2140356D00122ADF80C2003AA0346009208210422F7
S2140356E00120D3F7A1FB05B05DF804FB1FB540F21C
S2140356F00112ADF80C2003AA0346009208210522E6
S2140357000120D3F791FB05B05DF804FB07B5002233
S2140357100346009206210120D3F786FB03B05DF80B
S21403572004FB1FB540F20112ADF80C2003AA034692
S2140357300092062140220120D3F776FB05B05DF8E0
S21403574004FB07B5002200920122034606211046F9
S214035750D3F76AFB03B05DF804FB07B500220346E4
S2140357600092062141220120D3F75EFB03B05DF8C9
S21403577004FB07B5002200920422034611460120CB
S214035780D3F752FB03B05DF804FB1FB502228DF876
S2140357900C2003AA03460092052103220120D3F717
S2140357A043FB05B05DF804FB1FB502228DF80C2001
S2140357B003AA03460092042103220120D3F734FBF5
S2140357C005B05DF804FB1FB54FF48172ADF80C20ED
S2140357D003AA03460092052102220120D3F724FBE5
S2140357E005B05DF804FB07B5002203460092114698
S2140357F00120D3F719FB03B05DF804FB1FB542F293
S2140358002112ADF80C2003AA0346009208210322B6
S2140358100120D3F709FB05B05DF804FB1FB542F280
S2140358202112ADF80C2003AA034600924FF44071F0
S21403583047220120D3F7F8FA05B05DF804FB07B555
S214035840002203460092082107220120D3F7ECFA30
S21403585003B05DF804FB1FB54FF48172ADF80C205E
S21403586003AA03460092052104220120D3F7DCFA9B
S21403587005B05DF804FB07B5002203460092062137
S21403588002220120D3F7D0FA03B05DF804FB1FB55C
S21403589040F20112ADF80C2003AA0346009203213E
S2140358A040220120D3F7C0FA05B05DF804FB1FB50C
S2140358B002228DF80C2003AA00920122034604213B
S2140358C01046D3F7B1FA05B05DF804FB1FB54FF4E5
S2140358D08172ADF80C2003AA00920122034605212B
S2140358E01046D3F7A1FA05B05DF804FB07B500929E
S2140358F0027D0B468189806803F0F5FA003818BFED
S2140359000120C00103B05DF804FB2DE9F041047DDE
S2140359108389E71CBB4206460D46C0F0C780214676
S21403592004F042FCBCB2B3892860271DBFB2BB4259
S214035930C0F0BF80430740F0BC802146304604F0E9
S21403594037FC3C46B389686004F10807BFB2BB4224
S21403595005F1080805D32B6803F00703022B00F0B4
S214035960AB800023AB60C8F80430B389671CBFB2B2
S214035970BB42C0F0AC802B6803F00703022B40F059
S214035980A6802146304604F008FC3C462874B389BA
S21403599004F10807BFB2BB4205F1110809D32B680F
S2140359A0D80606D413F0600300F09380602B00F053
S2140359B090800023C5F81130C8F80430B389A71CBB
S2140359C0BFB2BB42C0F091802B68D90600F18D8030
S2140359D013F0600302D0602B40F0878021463046E8
S2140359E004F0DEFB3C46B3896883A71CBFB2BB4208
S2140359F07ED32B68DA067BD403F06003202B01D01A
S214035A00402B75D12146304604F0CAFB3C46B38989
S214035A10A883671CBFB2BB426DD32B6803F0180381
S214035A20082B68D12146304604F0B7FB3C46A877DE
S214035A30B389271DBFB2BB425FD32B6858045CD51E
S214035A402146304604F0B4FB3C46B389286204F191
S214035A5010081FFA88F8434505F1240702D32B687C
S214035A6019044DD41022002138460AF06DFBB38981
S214035A70A71CBFB2BB4251D32B68DA034ED52146CF
S214035A80304604F08DFB3C46B289A886631C9BB265
S214035A909A4246D32B689B0343D52146304604F0EF
S214035AA07CFB85F836000020BDE8F0814FF0FF3020
S214035AB039E74FF0FF3045E72146304604F080FBD8
S214035AC00368AB604368C8F804303C464DE7FF20E4
S214035AD05CE72146304604F073FB0368C5F81130D3
S214035AE04368C8F804303C4668E74FF6FF707AE729
S214035AF04FF6FF708BE7FF2099E74FF0FF30A4E7E0
S214035B002146304604F05CFB00F1100350F8042BEA
S214035B1047F8042B9842F9D14446A8E74FF6FF709E
S214035B20B2E7FF20BDE7F8B5077D83897C1CA34257
S214035B3006460D4640D3394604F02FFBC3062870AD
S214035B40A4B224D12146304604F032FB7C1D2F46F6
S214035B50686017F8083B03F01F03022B1AD00023D4
S214035B60AB607B602B7803F00703022B1DD1214625
S214035B70304604F012FB0134A4B22B78287403F0E9
S214035B801803082B13D0FF2068740020F8BD4FF0CD
S214035B90FF30DCE72146304604F012FB0368AB60B7
S214035BA043687B600834A4B2DCE7FF20E5E72146C0
S214035BB0304604F0F2FAE7E78020E7E7F7B50D464C
S214035BC0017D83894E1CB34204465CD304F0E5FA98
S214035BD0B1B22870A3898E1CB6B2B34255D3204601
S214035BE004F0DEFA3146A38968804E1CB6B2B3428F
S214035BF04ED3204604F0D1FA31462871A3890E1DF0
S214035C00B6B2B34246D32B785B0743D1204604F0A3
S214035C10CFFA3146A389A86001F10806B6B2B342AB
S214035C2005F10C0704D32B7803F00703022B34D0BB
S214035C300023EB607B602B7803F00703022B35D140
S214035C404E1CB6B2204604F0A8FA31462875A3893E
S214035C504E1CB6B2B3422BD3204604F09EFA31460E
S214035C606875A068A6890191084404F086FA01992C
S214035C700844013086421DD3204604F09DFAA861ED
S214035C80002003B0F0BDFF20A3E74FF6FF70AAE79E
S214035C90FF20B2E74FF0FF30BCE7204604F090FA4F
S214035CA00368EB6043687B603146C4E7FF20CDE7BB
S214035CB0FF20D5E78020E4E7F8B5047D8389671CD9
S214035CC0BB4206460D4617D2FF230B7021463046CD
S214035CD004F066FA0234A4B2B2896880631C9BB2ED
S214035CE09A4213D32B78DB0610D52146304604F0B0
S214035CF054FA28710020F8BD214604F04EFA8207B4
S214035D002870BCB2E2D44FF6FF70E5E7FF20F0E759
S214035D107047704708B50020DDF7C0FD0020DFF7A9
S214035D2047FC0020D4F7BEFB0020D5F797FC0020E5
S214035D3002F022FE0020D8F7E3FD0020D9F740FC4E
S214035D400020DAF751FA0020DBF72CFEBDE8084006
S214035D500020DCF7EDBA08B5012002F021FB012094
S214035D60D5F77CFCBDE80840012002F005BE08B567
S214035D700220DDF785FE0220DBF71EFE0220DFF79A
S214035D80FFFE0220D5F76AFC0220D8F799FB022013
S214035D90D9F716FC0220DCF75FF9BDE808400220BD
S214035DA0DDF780BB704703F0B0BB70477047D8F78A
S214035DB039BD7047704770477047704710B5044643
S214035DC0DDF75CFA204602F000FD204602F06EFE88
S214035DD02046D9F757F8204602F0FEFE2046BDE8D7
S214035DE01040DCF7B9B902F026BF02F030BFDAF78D
S214035DF005BA7047704770477047704770477047DB
S214035E0070477047704770477047704738B5044609
S214035E100D4602F04CFE29462046BDE83840DBF727
S214035E2077BD7047704770477047DCF769BA02F072
S214035E3084BDD5F73BBF7047704782B06B4683E897
S214035E40060093E8060002B0D5F734B970472DE98B
S214035E50F0419DF818409DF81C509DF820609DF871
S214035E6024709DF834E09DF838809DF82CC0CDF85A
S214035E702CC0CDE90DE8CDE90867CDE90645BDE8B8
S214035E80F041D6F757B870477047704704F011B91A
S214035E9004F015B9704730B4BDF80840BDF80C508F
S214035EA0CDE9024530BCD5F7A5BE04F00AB904F027
S214035EB014B908B50422012305210020CDF7C0FB41
S214035EC0002008BDFFF7F5BF08B5002318460422D7
S214035ED00521CDF7B5FB002008BD70B500250646A5
S214035EE02C46052C20D8DFE804F003070B0F131706
S214035EF05B210820CBF7C8FE0C210820CBF7C4FE95
S214035F00D1210820CBF7C0FE80210820CBF7BCFEAA
S214035F1000210820CBF7B8FE294608206C1CCBF7D7
S214035F20B3FEE4B225460624A4F10E03012B05D8DE
S214035F305A210820CBF7A8FE0134D2E7102C05D14E
S214035F40BDE870405D210820CBF79EBEB31F195DE8
S214035F50EFE707B520F07F4040EA81700123019008
S214035F6068460093FFF7B9FF03B05DF804FBFEE74E
S214035F704FF4004070474FF47A7070470023036075
S214035F80704703680B600160704710B538B132B1D3
S214035F9029B100230139D45C14B90023037010BD62
S214035FA08B42FAD200F8014B0133F4E7034638B1CB
S214035FB00020814204D01A5C02B970470130F8E72A
S214035FC070474FF0FF31FFF7F1BF70B50C4616462A
S214035FD0054660B15AB151B1FFF7F3FF844206D9C3
S214035FE0211A32462844BDE87040FFF7CEBF70BD85
S214035FF0FEE7436803B1184722207047436903B19D
S2140360001847FF20704730221C2302FB003000F1A4
S214036010047000F5204001EBC00189000868704752
S21403602038B50D682B78022B0C460CD06979287985
S214036030FFF7E9FFB0FA80F0400928702046BDE874
S2140360403840CAF7AFBD38BD03681878704710B537
S21403605004682378022B15D061792079FFF7D3FFE4
S214036060A279012A15D10038638818BF012040EAB7
S214036070430363F03F039BB24FF6E0718B4202D1BA
S2140360802270638010BD4FF6DF729342F9D100226F
S214036090F6E7002AF6D1B0FA80F040092070F1E75F
S2140360A003681A78022A03D100225A80CBF758BD18
S2140360B0704713B504682378022B10D0A379022BFC
S2140360C00BD160790021CCF79BF862792079002305
S2140360D0CDE900331146CDF76FFA0223237002B0E1
S2140360E010BD4FF060420123D2F8001E83400B43DD
S2140360F0C2F8003E002070474FF060410122D1F8FD
S214036100003E824023EA0203C1F8003E00207047A7
S214036110D0E900031847836800681847C368006817
S2140361201847036900681847437810B501220478B6
S2140361300C219A40302313FB0413817803F1804328
S21403614003F5204319B903F180631A6010BD03F108
S214036150C063FAE7437810B5012204780C219A400D
S214036160302313FB0413817803F1804303F52043A4
S21403617019B903F1C0631A6010BD03F18063FAE72F
S2140361804178037801228A4030214B4303F1804350
S21403619003F520439A617047024600780C213023AA
S2140361A013FB001303F10473517803F5204301EB4B
S2140361B0C3039B0018689378C0B213B9B0FA80F093
S2140361C04009704710B588B004460E9807900D989E
S2140361D006909DF8300005900B9804909DF82800D3
S2140361E003900020CDE9013000920B4622460121A0
S2140361F0CBF786FD08B010BD704713B5044601A85B
S214036200CDF778FC9DF80630238040F201136380B7
S214036210CDF796FC6060002002B010BDCDF722BB20
S21403622008B5CDF70FFB002008BD10B5044644EAB9
S214036230010313F00303084609D1934201D100205A
S21403624010BD54F8231040F823100133F5E79200ED
S214036250214609F027FFF2E7704708B5CCF75AF94D
S214036260013008BDEFF3108072B6704700B962B60E
S2140362707047602383F311887047EFF31180602320
S21403628083F31188704780F31188704784B00B68D6
S21403629000934B6801938B680293CB680393009B30
S2140362A00360019B0360029B0360039B0360002360
S2140362B0009301930293039304B0704784B003687A
S2140362C00093036801930368029303680393009B98
S2140362D00B60019B4B60029B8B60039BCB60002390
S2140362E0009301930293039304B0704730B5D1E94A
S2140362F00223D1E90054056004600260036030BDE8
S21403630030B50568046802680368C1E90054C1E94A
S214036310022330BD7FB58A0704460B4610D06D4670
S21403632001F11006186859682A4603C20833B342B7
S2140363301546F7D169462046FFF7D8FF04B070BD6F
S2140363400091009904B0BDE87040FFF7CFBF30B5A9
S2140363508B0785B00C4610D06946FFF7D1FF0D4674
S214036360234604AC2A4603CAA2421860596015465F
S21403637003F10803F6D105B030BD0091009905B0CE
S214036380BDE83040FFF7BCBF00F1424303F580137E
S214036390102A10B54FEA43130AD101221A6000F5FA
S2140363A08870FFF773FF1031BDE81040FFF76EBF2C
S2140363B000221A602430F7E7F0B50B46990789B038
S2140363C0044615462DD0082A19D16D4603F110064A
S2140363D0186859682A4603C20833B3421546F7D1EC
S2140363E0082269462046FFF7CFFF03226B460020AC
S2140363F0013A186003F10403FAD209B0F0BD6E4601
S21403640003F1200718685968324603C20833BB42B3
S2140364101646F7D12A4669462046FFF7B5FF0722F8
S214036420E4E70093009909B0BDE8F040FFF7ACBF7E
S21403643010B52030FFF742FF102A04D1BDE8104004
S2140364401031FFF73BBF10BD30B58B0789B00C4644
S214036450154625D06946FFF7EBFF082D6A4613D18C
S21403646004AD134603CBAB42206061601A4604F1C9
S2140364700804F6D103226B460020013A186003F1A4
S2140364800403FAD209B030BD08AD134603CBAB42C2
S214036490206061601A4604F10804F6D10722EAE791
S2140364A00091009909B0BDE83040FFF7C1BF7047BF
S2140364B070477047CCF710BDCCF7A0BC70B5054647
S2140364C00E461446FFF7CEFE2B685C4034405C4015
S2140364D02C60BDE87040FFF7C9BECDF70BBACB43BF
S2140364E05B0003F00A03C360C160704738B5CDF79D
S2140364F077FB8B7C04460D461BB1036843F0804351
S2140365000360EB7C1BB12B7D43F08003A3652A8AD3
S2140365106B7B1343EA89134363602B7BD5E9011234
S2140365202046CDF719FB6B7D1BB1236843F48033FC
S2140365302360AB7D1BB1236843F400432360EB7DEC
S2140365402A7E1B07120502F4E00203F0E04313431E
S2140365502366636F23F030036367626F6B7E1343B8
S21403656063672B78E36038BD38B5CDF739FB0B8A04
S214036570026843F0010313438A7B43EA82230360E2
S21403658003680A7D43EA427303608B7C04460D4628
S2140365901BB1CB7C43F0800383652B7B43F4805392
S2140365A06360D5E901122046CDF708FB6B7B0BB180
S2140365B01023E3606B7D1BB1236843F480332360B1
S2140365C0AB7D1BB1236843F400432360EB7D2A7E37
S2140365D01B07120503F0E04302F4E00213432366AD
S2140365E02B78E36038BD03695A06FCD5416303691B
S2140365F09B06FCD5C069C0B2704703695B06FCD531
S21403660041637047002070470020704700207047A2
S21403661001207047012070470F207047E2F7BABB8E
S214036620704770B504460D46FFF71CFEA36A102B91
S214036630064604F10501284614BF10220822FFF778
S214036640BBFE05F1840004F14C01FFF763FE304600
S214036650BDE87040FFF70ABE2DE9F043074685B054
S21403666016461C460D4631B9CDF70CFC05460146C9
S2140366703846FFF7D6FF44B3FFF7F4FD97F84230EA
S2140366808046F3B10E2200210DF1020009F05CFDF5
S2140366900E2CBB8DA14628BF4FF00E095BBA3146C0
S2140366A04A460DF10200ADF8003009F0FBFC6946DE
S2140366B02846CDF70BFC0023A4EB09044E4487F8C9
S2140366C042302CB94046FFF7D1FD05B0BDE8F08354
S2140366D0102C27464FF0100228BF102700216846CB
S2140366E009F032FD31463A46684609F0DBFC694656
S2140366F02846CDF7EBFBE41B3E44E2E72DE9F04FDB
S2140367008BB00546DDF85080169E17469A460C4613
S2140367104FF0010900297BD1CDF7B4FBCDF80090EB
S21403672004462B6E2F714FF000095FFA88F7EB6271
S214036730C5F8449085F86C704246514605F15C00F6
S214036740019309F0AFFC159A019BC7F10F0B023AB0
S214036750C7F10E07B3EB0903FFB24FEA520247EA4B
S214036760C20218BF012342EA8313514642460DF183
S21403677009008DF8083009F095FC06AA4B465FFA27
S2140367808BFB9146D9B28B4547D8002E59D166600C
S2140367902660FFF767FDAB6A0190102B14BF10222B
S2140367A00822691D2046FFF707FEC4F8886002A981
S2140367B0C4F888602046C4F88860C4F88860CDF7BB
S2140367C085FB0198FFF752FD424651460DF119002D
S2140367D08DF8187009F066FC08F101005A46314638
S2140367E0484409F0B1FC01238DF82730FFF73AFD42
S2140367F004F18407064649463846FFF78BFD3046C4
S214036800FFF734FD009B6BB900200BB0BDE8F08F9B
S214036810002380F84290009383E702F8016D01336A
S214036820360AAFE7FFF71EFD05F14C01064638466C
S214036830FFF78DFD3046FFF719FD2046CDF72CFBFD
S214036840E2E76FF08600E0E701440023884200D1C8
S214036850704700F8013BF9E72DE9FF47DDF838906C
S214036860DDF848800C46064617469A46CDF70AFBDF
S2140368700C9BC6F86090224600930146CDE901873B
S214036880054653463046FFF739FF0446C8B90D9A06
S2140368904B4629463046FFF7DFFE3FB1109B009379
S2140368A03A460F9B29463046CDF77AFB119A434664
S2140368B029463046CDF718FB044610B92846CDF7CF
S2140368C0EBFA204604B0BDE8F0872DE9F8431546F9
S2140368D0894607469846CDF7D5FA002343600360FA
S2140368E00446FFF7BFFCB9F1100F14BF10220822AD
S2140368F03946064604F180072046FFF75DFD41460C
S2140369003846FFF707FD3046FFF7B0FC012D0CBFF6
S21403691005230623A360256915F00205FBD1FFF7BF
S214036920A1FC089906463846FFF711FD3046FFF7E7
S2140369309DFC2046CDF7B0FA2846BDE8F8832DE93E
S214036940F04190461E46054678B38B422DD1CDF7CF
S21403695099FA0023436003600446FFF783FC102E76
S214036960074614BF1022082229462046FFF724FDB7
S2140369703846FFF77BFC0523A360256915F002055F
S214036980FBD1FFF76FFC102E14BF102208224146DE
S21403699007462046FFF758FD3846FFF767FC2046B4
S2140369A0CDF77AFA2846BDE8F0816FF08600FAE75D
S2140369B070470020704700207047C36819448368F7
S2140369C053F8210030F8023B1360704710B50123DB
S2140369D080F888300378044653B100F064FA214601
S2140369E02046CDF76BFF2046BDE8104000F050BAB6
S2140369F010BD38B50D460446CDF748FF6B68C4F89E
S214036A00B032A968204600F098F94FF0FF33C4F877
S214036A10B4322046FFF7CDFF38BDD0F8B432013389
S214036A2010B5044601D0002010BD00F0BFFAC4F82C
S214036A30B4020130F7D194F8B80280F00100F3E70E
S214036A4008B5CDF75DFF08BD0A782D2A08BF0122D9
S214036A5000F1FF300CBF89180022CDF79BBF072833
S214036A601BD8DFE800F0060A0D10131504170120E3
S214036A70704700220820CDF78DBF00221020FAE7CA
S214036A8000222020F7E70820FFF7DEBF1020FBE7F1
S214036A902020F9E70846CDF7DFBF002070472DE931
S214036AA0F7430728DDE90A760C4690461D4608D8C4
S214036AB0013806280AD8DFE800F01D27303A445785
S214036AC04A00212850D003B0BDE8F08300221146C7
S214036AD02046FEF7BFFB3368C0B205EB83013A6876
S214036AE045F82300013348F8221033603B6801332E
S214036AF03B60E8E7002211462046FEF7ABFB33680F
S214036B0080B205EB8301EAE7002211462046FEF732
S214036B10A1FB336805EB8301E1E70022114620461B
S214036B20FEF71CFB336840B205EB8301D7E7002270
S214036B3011462046FEF712FB336800B205EB8301CD
S214036B40CDE7002211462046FEF708FBE1E70023C7
S214036B508DF8063089461E461D4619F8013F7D2BE3
S214036B6006D125702D0A65703B6848F82340BDE7BB
S214036B70202BF2D006F00102013612B98DF804304C
S214036B80EBE71022002101A88DF80530FEF7E6FAA0
S214036B90631901359870ADB2DFE72DE9F04F9B46D8
S214036BA085B000238B45CDE902338146884692465D
S214036BB06BDC1A461E4619F80340FF2C08D15B44CB
S214036BC096B1013B434516DD2B2005B0BDE8F08F9B
S214036BD0172C04D8102C28BF01220133EBE7203CE6
S214036BE0012C98BF0126F8E762B1013B4345EBDC75
S214036BF03546374602E000252F462E46454504DB3C
S214036C000020E2E79845F3D0DEE75D453BDB19F865
S214036C100730202B18D109EB07035B78FF2BD3D162
S214036C20CEB95AF825102046FFF719FF78B303AB01
S214036C30019302AB00935AF82510DDE90E23204694
S214036C40FFF72DFF0135D9E7212B0ED109EB0703FB
S214036C505B78FF2BB8D1029B0E995AF8252041F892
S214036C602320013302930126ECE7A3F11004072C3B
S214036C7002D901371C46D3E709EB07035B78FF2BE2
S214036C80A2D1E4B2CCE70624CAE721209DE726205A
S214036C909BE72DE9F04F85B0DDE90FABDDF84490B7
S214036CA007460E46154698460446206808B3DAF8A3
S214036CB00020D8F800108A421BDA0E9B53F82210E5
S214036CC0CAF72CFF48BBDAF800200132CAF80020C6
S214036CD06268117BFE291BD10E9B10680093CDE9D9
S214036CE002B9CDF804A043462A460121FFF7D1FF97
S214036CF004462B7843B999F800302BB97EB10123AB
S214036D0089F800303C462B70204605B0BDE8F08F6E
S214036D1001238BF800302B70EBE70C34C5E73446C1
S214036D20F2E710B50446236803B910BD237A13B9F6
S214036D302046CDF7C7FE0C34F5E710B541B10A7906
S214036D4032B901249C300C71FFF71BF9204610BDA5
S214036D500020FCE72DE9F041BAB005460AAA08462A
S214036D6003A900F05FF90446B0B90DF10A030193D5
S214036D700DF10B038DF80A0000930AAA04AB03A9CE
S214036D802846CEF765F89DF80A20B2B19DF80B2089
S214036D9048B12AB1CDF796FE20463AB0BDE8F08159
S214036DA0FFF7BFFFF8E7D5F89C50002DF4D0A8688E
S214036DB008B1FFF7B6FF2D68F7E700B346680399F7
S214036DC01AAB06F10C082AAF01930097049B0AAA94
S214036DD04046FFF7E2FE04460028DDD1039B0595F7
S214036DE0CDE90637049B05A8CDE90838D0F7B4FDEE
S214036DF005A83368984705A800F0ACFCCCE72D241B
S214036E00CAE710B50446AC3009F06CF904F1AB03DD
S214036E101A180020934200D110BD13F8011F002951
S214036E20FAD00A2908BF0130F4E70023F0B50B6057
S214036E3013600646D0F8AC0278B196F8AC0060B1A1
S214036E40012406F1AC07D6F8AC02844211D306F14E
S214036E50AC00B3F5007F11D30120F0BD0D680135FA
S214036E600D60156801351560F85C0A2803F1010307
S214036E7002D0B3F5007FF1D30134E4E7C15C0A29FD
S214036E80EAD00029E8D01168013111600133E0E748
S214036E9010B5D0F88C200021044609F055F90023DC
S214036EA0C4E9243310BD73B5044600F1AC05802154
S214036EB02046FFF77BF84FF4007106462846FFF797
S214036EC075F80136C0F50070864220461FD809F0D3
S214036ED009F90646284609F005F90136421C2946F3
S214036EE0A81909F017F9204609F0FCF821460246CE
S214036EF0284609F0D7F8204609F0F4F820440A2378
S214036F0080F8AC300023C4F8AC3202B070BDFFF793
S214036F1078FF01AAC4F8AC0269462046FFF785FF4E
S214036F20009B2344002283F8AC20C0E773B50D46CC
S214036F300446FFF766FF6B1C1FD1D4F8AC3213B1BF
S214036F40013BC4F8AC320025204609F0CBF8A84232
S214036F501BD82046FFF79CFFD4F8AC325BB101AADE
S214036F6069462046FFF761FF28B1009D04F1AC0691
S214036F70019BAB4214D802B070BD012DFBD1D4F8EF
S214036F80AC328342F7D20133DBE7082000F01DF86A
S214036F90202000F01AF8082000F017F80135D3E790
S214036FA0715D2046CEF786F80135E1E707B5002088
S214036FB00DF1070100F0EFF820B99DF8070003B0C4
S214036FC05DF804FB4FF0FF30F9E710B5C1B2044695
S214036FD0002000F0D0F800280CBF20464FF0FF300A
S214036FE010BD0FB407B504A951F8040B0191DFF7E0
S214036FF091FF002003B05DF804EB04B0704710B5B2
S2140370004C1C0B460119045D222C03D07B2C01D0AB
S2140370105C2C05D1D21A184409F07CF8012010BD67
S2140370200020FCE72DE9F04705469146884609F01F
S21403703059F82A4606461346013219782029FAD00B
S214037040C9F800305C1B0123C8F800306FF0404AD3
S214037050A64201D8002015E02F5D7B2F05EB040127
S21403706012D0222F2ED1D8F80030621C53442A4463
S21403707049F82320012C09D911F8013C13F0DF0F3E
S21403708004D02120BDE8F0877D27F3E701342B5D8C
S214037090BB4209D12B195B7813F0DF03F1D1222F02
S2140370A000D12B550134D3E75C2B07D1324621465A
S2140370B02846FFF7A4FF0028E3D0013E0134A6428A
S2140370C0E5D8DEE75C2F08D1324621462846FFF78F
S2140370D096FF0028D5D0013EE4E7202FE2D1631CBB
S2140370E00022B3420A70DDD2EA18EB5C202BD9D01B
S2140370F0D8F800300F2B05DC49F823200133C8F8F5
S2140371000030CFE71E20BDE713B5022300246846F0
S21403711000948DF804408DF80530CBF78FFF20469A
S21403712002B010BD70B50C46154610B9CEF738F947
S21403713038B143682BB12A4621460068BDE8704043
S2140371401847232070BDF7B50D4616461C4648B1B2
S21403715003B901AC87685FB1234632462946006807
S214037160B84706E0CEF71CF904B901AC0028F1D104
S214037170232003B0F0BD07B501228DF807100DF1EB
S2140371800701FFF7CFFF03B05DF804FB0B4601468C
S2140371901846FFF7F0BF00230122FFF7D4BF0EB453
S2140371A003B503AA52F8041B0192CEF705F902B001
S2140371B05DF804EB03B07047034670B190F83820CF
S2140371C090F83C002AB1022803D1012283F83C2020
S2140371D0704704284FF00102F8D00120704780F86A
S2140371E02C10704790F82C00704790F839007047C1
S2140371F0037A3022534303F1804303F56223D3F823
S2140372009410D0E903231344994214BF084610464A
S2140372107047F8B590F8393004460D4681B173B916
S21403722090F83A60FFF71EF8012105463046CFF77F
S2140372302DFA2846FFF71AF8012384F83930F8BDEB
S214037240002BFCD090F83A70FFF70CF82946064658
S2140372503846CFF71BFA3046FFF708F884F839505C
S214037260EDE72DE9F8430446164690F82C800D46C4
S214037270FFF703F894F8382003469AB1FFF703F8AC
S21403728094F83B90FEF7EEFF012107464846CFF7FA
S214037290FDF93846FEF7EAFFFEF7EFFF0022034646
S2140372A084F838201846FEF7EEFF2E44B54204D184
S2140372B0236A0121204698473CE094F82D3023B3F7
S2140372C0FEF7DBFF237E0746E3B12046FFF790FF7A
S2140372D0E168D4F830C0013888423EBF206900F127
S2140372E0FF30401803469C450BD013F80129112A9A
S2140372F001D0132A21D1A2F111035A425A4184F82C
S214037300342020633846FEF7BEFF94F83430002B53
S214037310CCD0B8F1000F06D02B780A2B03D1E36943
S2140373200D2120469847E36915F8011B2046984728
S2140373300028BBD00020BDE8F883994282BF2369AA
S21403734003F1FF335B18CEE7F8B590F83830044600
S21403735003F0FF06A3B9036A31469847012384F86E
S214037360383094F83B70FEF77DFF314605463846C5
S214037370CFF78CF92846FEF779FF022384F83C30D2
S214037380F8BD026CD36C43F00403D3647047026CFD
S21403739010B5044613695906FCD500231A4694F81B
S2140373A0491094F84800CCF74BF900231A4694F892
S2140373B04B1094F84A00CCF743F994F85030DA07A8
S2140373C007D5002394F84D1094F84C001A46CCF7D2
S2140373D037F994F850309B0707D5002394F84F10DD
S2140373E094F84E001A46CCF72BF9206CC36C23F0A6
S2140373F00103C364C36C23F00403C3640021FFF7D3
S2140374006EF8606C0021CBF73FF8002010BD08B57E
S214037410006CFFF7F2F8002008BD036CDA6C19B1B4
S21403742042F00102DA64704722F00102DA640122B4
S2140374309A64704738B50468206C056C15F001052E
S21403744009D00123836403699B060FD52046BDE854
S2140374503840FFF779BF042384F83C30237E33B9E2
S214037460C36C23F00403C3640123237638BD637E11
S21403747023B394F82D300BB384F835501321FFF75C
S214037480BCF8236CDA6C42F00402DA64DB69DBB224
S214037490112B0ED1012384F83430237A3022534340
S2140374A003F1804303F56223D3F89430013B23634F
S2140374B0DCE7132BDAD184F83450EEE7C36C23F001
S2140374C00403C364D2E708B5CEF730FA80B208BD2A
S2140374D008B5CEF72BFA08BD08B5FFF7F9FFFA2370
S2140374E0B0FBF3F080B208BD01207047042070475C
S2140374F040F20160CEF7E4BC7047704770477047B0
S214037500032000F020B8012070470020704749BAD6
S21403751089B280EA0103C3F303125340180380B20F
S21403752058405B0103F4FF535840704742DE7047F0
S21403753010B404460846114622465DF8044BD0F7BD
S21403754045B8D0F785B8D0F7C3B810B40446084694
S214037550114622465DF8044BD0F7D8B8D0F758B991
S214037560704708B50846DFF7C1FC002008BD104485
S21403757030B5054602B930BD01F00F030A2B34BF00
S214037580302437242344013A05F8013D0909D2B2D1
S214037590F0E710B5FEF766FE0446CEF7EBFF20468F
S2140375A0BDE81040FEF762BE7047FEF783BF704724
S2140375B07047012070474FF41670CFF7F3B82DE9E4
S2140375C0FF410D4616461F460446A8B14FF0000875
S2140375D0C0F81C80CFF734FCBDF82C3002939DF81E
S2140375E028304246CDE90073294633462046CFF776
S2140375F08DFB04B0BDE8F0812220FAE7F0B587B032
S2140376001F4600230D4616468DF817300446A8B1CC
S214037610C3610DF11701CFF743FC9DF817207AB924
S214037620BDF8343002939DF830302946CDE9007317
S21403763020463346CFF76AFB07B0F0BD2220FBE7B0
S2140376400320F9E738B5FEF718FE0546CFF70CFE1C
S21403765004462846FEF717FE204638BD08B5C9F788
S214037660DDFCFDF736FFFDF741FFFDF74CFFBDE8F8
S2140376700840FDF757BF08B5FDF755FFFDF754FF64
S214037680FDF754FFBDE80840FDF757BF704707B541
S21403769003469B0753BF6FEA01414FF6FF7343EA66
S2140376A001416FEA11410422019120F003000DEB22
S2140376B00201FEF712FF03B05DF804FB41EA000384
S2140376C013F001032DE9F04104460E4615463FD15B
S2140376D0002A3BD04FF6FF7234F81310914205D0C0
S2140376E036F8131011B14B20BDE8F0810133AB42DD
S2140376F0F2D1CCF7A7F8012D01D0A3070ED5318818
S2140377002046FFF7C4FF10B1CCF7ACF8EBE7013D1A
S214037710012D04F1020406F102060ED925F0010834
S2140377204FEA48073A4631462046FEF7D6FE00287B
S214037730EAD13C443E44A5EB08052DB131882046EA
S214037740FFF7A5FF0028DFD1CCF78CF80020CBE7A6
S2140377500120C9E702F03DBDDCF7ECB9FFF7C8BE70
S214037760D0E9023253F8223000211878DBF7CEBE78
S214037770704707F0AEBB02F0A9BCC3688268013B42
S214037780DBB252F823305B78652B02D10020DEF79C
S21403779075BA6E2B01D10120F9E7662B01D10220C1
S2140377A0F5E7704710B50446C0B2D1F7D5F8200AFE
S2140377B0BDE81040D1F7D0B81FB5D0E9023253F870
S2140377C02230ADF80E1018782123009300220DF115
S2140377D00E03032102F04CFB05B05DF804FBD0E971
S2140377E0023253F822301878D1F7C0B97047DCF765
S2140377F01FBF08B502F088FDBDE80840DEF726B9CE
S214037800D0E9023253F82230186802F07BBD00201C
S214037810DEF728BA0120DEF725BAC268836801328C
S21403782053F822301988002908BF3C21FFF7C4BF4C
S2140378300021FFF7C1BF0221D1F72EB90321D1F7EB
S2140378402BB90521D1F728B908B501460C20D1F785
S214037850FFF8BDE80840D1F78BB808B5014600200D
S214037860D1F7F6F8BDE80840D1F782B807B5C26885
S21403787083680432012153F822301B88ADF80630A2
S2140378800DF106020023D1F737FE03B05DF804FBC3
S2140378902DE9F04F87B00025039089461E46ADF8C4
S2140378A01450ADF816504FF0180814461AB3DDF806
S2140378B040B00DF1140A04E0DDF844B034460DF18F
S2140378C0160A00210846EAF7E7FCAAF8000008B300
S2140378D000273BF81730ADF810300222012304A925
S2140378E05046EAF75FFD10F0FF0813D10137FAB2EE
S2140378F0A242EED315B90125002EDDD1BDF84830DE
S2140379000093BDF81420BDF816300398494602F0DC
S21403791025FF8046404607B0BDE8F08F08B5FFF761
S2140379201FFEBDE80840EBF775B910B51446D2F74D
S2140379302FF92146BDE81040EAF71ABE08B5D2F77C
S21403794027F9BDE808400021EAF712BE08B5D2F7CA
S2140379501FF9BDE80840EAF7A7BE08B5D2F718F93D
S214037960BDE8084005F07CBF08B5D2F711F9BDE8BD
S2140379700840EAF7E9BD08B5FFF7F2FDFDF79BFD02
S214037980FEF710FABDE80840D2F73CB9704738B5A1
S2140379900546FEF767FC012104462846CEF776FE29
S2140379A02046BDE83840FEF761BC01207047012041
S2140379B0704708B5D2F706FA00280CBF042001204A
S2140379C008BD704770B504460D46164602F0FFFB29
S2140379D0324629462046FEF7E6F932462946204631
S2140379E0FFF7EFFFBDE8704002F0F3BB2DE9F3416C
S2140379F004469DF820800D4616461F4602F0E7FB18
S214037A00CDF800803B4632462946204601F0A1FDCC
S214037A1002B0BDE8F04102F0DCBB2DE9F0410446BC
S214037A200D4616461F4602F0D2FB3B463246294613
S214037A302046DBF7DDFA3B4680463246294620469B
S214037A40FEF7B4F902F0C5FB4046BDE8F081704787
S214037A5008B502F0BCFBFEF7AAF9FFF7F8FFBDE88E
S214037A60084002F0B6BB012070472DE9F0410446FA
S214037A700D4616461F4602F0AAFB3B4632462946EB
S214037A802046FFF7F0FF3B4680463246294620460F
S214037A90FEF78FF902F09DFB4046BDE8F08101201A
S214037AA070472DE9F04104460D4616461F4602F080
S214037AB08EFB3B46324629462046FFF7F0FF3B4601
S214037AC08046324629462046FEF774F902F081FBCB
S214037AD04046BDE8F0812DE9F743DDF82C909DF88C
S214037AE0288004460D4616461F4602F070FBCDE975
S214037AF000893B46324629462046FEF75CF903B02A
S214037B00BDE8F04302F065BB00207047F8B50446B5
S214037B100D46164602F05BFB324629462046FFF723
S214037B20F3FF3246074629462046FEF745F902F09C
S214037B3050FB3846F8BD38B504460D4602F047FB01
S214037B4029462046FEF739F9BDE8384002F041BB26
S214037B5010B5044602F03BFB2046FEF72FF92046FD
S214037B60C9F74CF9BDE8104002F033BB704738B58F
S214037B7004460D4602F02BFB29462046FEF733F952
S214037B8029462046FFF7F2FFBDE8384002F021BB46
S214037B90704770B504460D46164602F018FB32468B
S214037BA029462046FEF721F9324629462046FFF7A6
S214037BB0EFFFBDE8704002F00CBB704738B50446D3
S214037BC00D4602F004FB29462046FEF710F9294627
S214037BD02046FFF7F2FFBDE8384002F0FABA7047D6
S214037BE038B504460D4602F0F2FA29462046FEF75B
S214037BF000F929462046FFF7F2FFBDE8384002F0B9
S214037C00E8BA704738B504460D4602F0E0FA29464E
S214037C102046FEF7EFF829462046FFF7F2FFBDE8B9
S214037C20384002F0D6BA704738B5044602F0CFFAA9
S214037C30204601F03CFC05462046FEF7DCF82946C4
S214037C402046FFF7F0FF02F0C4FA284638BD704717
S214037C5038B5044602F0BBFA2046DBF743FF054679
S214037C602046FEF7C9F829462046FFF7F0FF02F044
S214037C70B0FA284638BD704710B5044602F0A7FA96
S214037C802046FEF7BAF82046FFF7F5FFBDE810409A
S214037C9002F09FBA704738B504460D4602F097FACD
S214037CA029462046FEF7AAF829462046FFF7F2FFA4
S214037CB0BDE8384002F08DBA704770B504460D46ED
S214037CC0164602F084FA324629462046FEF797F80F
S214037CD0324629462046FFF7EFFFBDE8704002F024
S214037CE078BA704738B504460D4602F070FA29464E
S214037CF02046FEF785F829462046FFF7F2FFBDE843
S214037D00384002F066BA704738B504460D4602F0AE
S214037D105EFA29462046FEF774F829462046FFF702
S214037D20F2FFBDE8384002F054BA704710B5044677
S214037D3002F04DFA2046FEF765F82046FFF7F5FFFA
S214037D40BDE8104002F045BA704710B5044602F08D
S214037D503EFA2046FEF757F82046FFF7F5FFBDE844
S214037D60104002F036BA704738B504460D4602F0A6
S214037D702EFA29462046FEF747F829462046FFF7FF
S214037D80F2FFBDE8384002F024BA704710B5044647
S214037D9002F01DFA2046FEF738F82046FFF7F5FFF7
S214037DA0BDE8104002F015BA704738B504460D46D4
S214037DB002F00DFA29462046FEF728F82946204603
S214037DC0FFF7F2FFBDE8384002F003BA70477FB50D
S214037DD00C46054602F0FBF921462846FEF721F835
S214037DE000230DF10F008DF80E308DF80F30F7F7E6
S214037DF035FB0DF10E00F7F729FB2046EAF7A2F94B
S214037E0006462046EAF782F99DF90F209DF80E10E4
S214037E100090F3B22846FFF7D9FF02F0DAF904B070
S214037E2070BD704770B504460D4602F0D0F929467A
S214037E302046FDF7F7FF2046EAF784F90646204674
S214037E40EAF764F9F1B202462846FFF7EAFFBDE80F
S214037E50704002F0BEB9704730B585B000230C46BB
S214037E6005468DF80E308DF80F3002F0B0F9214636
S214037E702846FDF7D8FF0DF10E00F7F7EFFA0DF1E0
S214037E800F00F7F7E3FA201E9DF90E209DF80F105A
S214037E9000942B4618BF0120FFF7DDFF02F099F987
S214037EA005B030BD704710B5044602F090F9204681
S214037EB0FDF7BAFF2046FFF7F5FFBDE8104002F0D6
S214037EC088B9704710B5044602F081F92046FDF7DD
S214037ED0ACFF2046FFF7F5FFBDE8104002F079B986
S214037EE0704730B5044685B002F071F92046FDF7B9
S214037EF09EFF00230DF10F008DF80E308DF80F3026
S214037F00F7F7ACFA0DF10E00F7F7A0FA6088EAF778
S214037F1019F905466088EAF7F9F8EDB2019000957D
S214037F209DF90F309DF80E2061782078FFF7D8FF73
S214037F3002F04FF905B030BD704738B504460D461C
S214037F4002F045F929462046FDF773FF29462046E9
S214037F50FFF7F2FFBDE8384002F03BB9B5207047A3
S214037F60B520704738B5044602F031F92046FFF7CE
S214037F70F7FF05462046FDF75EFF2046FFF7EEFFB8
S214037F8002F027F9284638BD704710B5044602F0BC
S214037F901EF92046FDF750FF2046FFF7F5FFBDE824
S214037FA0104002F016B982B002AB03E9060002B035
S214037FB0704737B505466C4684E8060002F007F9B5
S214037FC094E806002846FDF738FF94E8060028469E
S214037FD0FFF7E9FF03B0BDE8304002F0FAB800202F
S214037FE070470020704738B5044602F0F0F8204684
S214037FF0FFF7F7FF05462046FDF728FF2046FFF765
S214038000EEFF02F0E6F8284638BD70472DE9F04F3C
S21403801091B0CDE90C23209B0E93239B9DF86850CB
S2140380209DF86C609DF870709DF874801E9C9DF89A
S2140380307C909DF884A09DF888B00F93CDE90A0143
S21403804002F0C5F80F9BCDF81CA0CDE908B30E9B34
S2140380500095CDE90593DDE90A01DDE90C23CDE9B9
S2140380600384CDE90167FDF7F2FE0F9BCDF81CA054
S214038070CDE908B30E9B0095CDE90593CDE90384BE
S214038080CDE90167DDE90C23DDE90A01FFF7BDFF52
S21403809011B0BDE8F04F02F09CB8704708B5FDF785
S2140380A0F2FEFFF7FAFF08BD08B502F090F8FDF7F9
S2140380B0EBFEFDF702FABDE8084002F08AB800209E
S2140380C0704770470B68DA7B10B50AB1812010BD84
S2140380D0DC7C002CFAD1D1F7EBFE0028F6D0204644
S2140380E0F5E770477047704781B1438882889342AB
S2140380F09EBF184613460246981A0A235843B0FBF7
S214038100F1F0B0F5803F01D280B270474FF6FF70B2
S21403811070471FB50223009344F20B020DF10E03C2
S2140381204FF4407101F0D5FE10B10023ADF80E30C8
S214038130BDF80E0005B05DF804FB1FB502230093DF
S21403814044F20C020DF10E034FF4407101F0C1FE30
S21403815018B14FF6FF63ADF80E30BDF80E0005B04C
S2140381605DF804FB10B50446C088E8B1411E89B229
S214038170E180A07BD1F712FFA2886388E18893424F
S2140381800FD0238820899A428BBFD31A9B1A4B435E
S2140381904B438BBFB3FBF0F3B3FBF0F3D21AD21807
S2140381A06280B1FA81F0400910BD7FB54FF440718B
S2140381B0054601F046FB00283ED02846D1F7A4FF2B
S2140381C0022839D100900DF10E0344F20D024FF44C
S2140381D04071284601F07DFE20B12846FFF799FF3F
S2140381E0ADF80E002846BDF80E40FFF7A6FF0123A4
S2140381F00646009300220DF10E030821284601F0DF
S21403820068FE10B17F238DF80E309DF80E30012BDB
S2140382100AD9FD2B9FBF311B5943FE23B1FBF3F154
S2140382209ABF711A8EB2264600223146284604B0FB
S214038230BDE87040D2F742B804B070BDF0B587B061
S2140382404FF6FF73ADF8143002250023CDE9015332
S21403825005AB009344F2100240234FF440710446EA
S21403826001F029FE002844D14FF6FF630DF11606F0
S214038270CDE90150ADF816300096402307224FF49F
S2140382804071204601F017FE98BB2046FFF741FFDA
S21403829007462046FFF751FFBDF81430BB4228D3EC
S2140382A0834226D8ADF816302123CDE90063072292
S2140382B040234FF44071204601F0BAFDC8B9302779
S2140382C00DF11306402308224FF4407101970096E0
S2140382D020468DF8135001F0ABFDCDE9006740232F
S2140382E044F201024FF4407120468DF8135001F01A
S2140382F09FFD07B0F0BD086808B5C37B0BB18120AE
S21403830008BDC37C0A2B09D8013B092B15D8DFE827
S21403831003F01D0E23171A2026292C2F4B2B2AD0A9
S2140383204C2B2BD0472BEAD1D2F722FE01E0D2F713
S214038330E7FA0028E3D00020E2E7D2F71BFAF8E7D3
S214038340D2F7BCF9F5E7D2F747FBF2E7D2F746F9DF
S214038350EFE7D2F7CDF8ECE7D2F77EFAE9E7D2F704
S2140383609DFBE6E7D2F7FCFBE3E7D2F76BFCE0E71F
S214038370D2F7E8FCDDE7D2F70BFDDAE7D2F77EFDAE
S214038380D7E7704708B5D2F715FEBDE80840D2F721
S21403839015BFD2F70FBE7047D2F710BFD2F716BF7E
S2140383A008B5D2F70BFFBDE80840D2F70FBF01218F
S2140383B0D2F750BF0221D2F74DBF0421D2F74ABFEE
S2140383C00821D2F747BF1021D2F744BFD0E90232C3
S2140383D053F822301878D2F785BFD0E9023210B5A9
S2140383E053F8221003EB820392B05A680878146895
S2140383F09A681188029400228DF81020DB681B68A7
S214038400019301238DF8003003238DF82C30FF23CE
S2140384108DF8383044F28403ADF83610ADF82E30BC
S214038420694618238DF816200C93ADF8342006926F
S214038430E6F71AFE12B010BD30B5D0E9023253F893
S214038440223089B01D68012303AA194602F0F7F803
S214038450002405A88DF81C400595E6F703FDFF28C4
S21403846009D04FF6FF73CDE9004303AA4FF6FD7319
S2140384700321E6F74FFF09B030BD30B5D0E902322D
S21403848053F8221003EB820387B05B6809681D88E4
S2140384900391002403A88DF81440E6F7E3FCFF28B5
S2140384A009D04FF6FF73CDE9005322464FF6FD730E
S2140384B00221E6F72FFF07B030BD1FB5D0E9023221
S2140384C053F8223001A81B68019300228DF80C2074
S2140384D0E6F78EFCE7F708F805B05DF804FB1FB572
S2140384E0D0E9023253F8221009788DF80D1003EB09
S2140384F0820300218DF80C105A689B68126801925B
S214038500197801A800F05DF905B05DF804FB10B515
S214038510D0E9023253F8223086B01C78012100914C
S214038520102302AA02F06CF8002202A92046E6F7FE
S214038530A3FE06B010BD00F046B900B589B001F041
S2140385403BF80B3840F0100000218DF813000DF1B6
S214038550130301200193CDE902110090F32305AA2A
S21403856005918DF81C1004F0B2FC09B05DF804FB0D
S21403857000B589B000234FF0FF320592CDE90233F0
S214038580CDE9003305AA194618468DF81C3004F0C9
S2140385909EFC09B05DF804FB2DE9F8430F4604463C
S2140385A082880021384601F009FF217CBD1C002982
S2140385B040F0CB802846A26801F005FFBD1D237C52
S2140385C0022B04BF637C05F8013B63689A0405D558
S2140385D02846A28A002101F0F1FE0235636813F4EF
S2140385E0804100F0BD802846A37D00F8013B0021B2
S2140385F0A26901F0E8FE681D102204F11C0107F0D1
S21403860089FD153563685E062FD52E464FF00008A4
S21403861006F8018B94F82C30032B10D1082204F1B2
S2140386202E0130462E4607F075FDE28E414605F1D3
S214038630090001F0C3FE16F80B3B01332B7094F8C8
S2140386403830032B10D1082204F13A01304607F0E4
S21403865061FD06F10800B4F84220002101F0AEFEE9
S2140386602B7801330A362B7035466368D8052E46B9
S2140386701DD5002306F8013BA04604F1180998F817
S2140386802C30022B0FD13046B8F82E20002101F0F3
S21403869095FEB01CB8F83020002101F08FFE2B7831
S2140386A0013304362B7008F10C08C845E7D194F85B
S2140386B044303370636803F01803182B1CBF94F818
S2140386C04530737062680CBF751CB51C110405D564
S2140386D02846120C002101F071FE02356368DB03A5
S2140386E02FD52E464FF0000806F8018B94F82C3051
S2140386F0032B10D1082204F12E0130462E4607F034
S21403870009FDE28E414605F1090001F057FE16F811
S2140387100B3B0A332B7094F83830032B10D1082206
S21403872004F13A01304607F0F5FC06F10800B4F808
S2140387304220002101F042FE2B780A330A362B70C2
S2140387403546E81B80B2BDE8F88302297FF437AFCD
S21403875008222846A11807F0DDFC07F10A052EE7D4
S2140387609B067FF54FAF2846A26901F02CFE043521
S21403877048E78B09C3F103035B01C207DBB24BBFB8
S21403878003F12000581D00F0E000C0B2EFF760B917
S21403879013B56946FDF790FA044680B903469DF87B
S2140387A00420BDF802109DF80000D2F795FF10B91B
S2140387B0012002B010BD204601F0CEFDF8E70020F0
S2140387C0F7E701207047E6F707BD912808B506D1FD
S2140387D0ECF7F8F818B9BDE80840E6F7FDBC08BDA5
S2140387E07047F8B50E469DF818701D46044608B93E
S2140387F00020F8BD07F10F03DBB20B2BF8D931B914
S214038800D31D052BF4D9026026720120F1E7022955
S214038810EED1002DECD000220821284605F066F89C
S2140388200028E5D12B6823606B6863606772EBE70B
S21403883070477047002070471378032B10B50CD190
S2140388405479CBB29C4208D19379B3EB112F04D160
S21403885053781B1A5842584110BD0020FCE77FB5D9
S21403886005460E4600246946E0B206F023FB28B907
S2140388706A4631462846FFF7DFFF18B90134032C52
S214038880F1D1002004B070BDFFF7E9BF086808B552
S214038890C37B0BB1812008BDC37C052BFAD8DFE868
S2140388A003F003150C120F09D3F7FEFE0028F1D0D0
S2140388B00020F0E7D4F74EF9F8E7D3F78FFFF5E794
S2140388C0D4F7EAF8F2E7D4F769F8EFE7D3F72EFF21
S2140388D0ECE770477047D4F701BA13B50DF10601FC
S2140388E00446D4F7C9F938B9BDF8061009B10139F9
S2140388F089B22046D4F7D8F902B010BD09B9D4F727
S214038900EDB97047086808B5C37B0BB1812008BD75
S214038910C37C23B1012BF9D1D4F740FA01E0D4F795
S21403892013FA0028F2D00020F1E700207047012058
S214038930D4F774BB0020D4F771BB38B5044640881F
S214038940E9F700FC05466088E9F7E0FB0146E8B274
S214038950BDE83840D4F700BC08B50B4600220146F4
S214038960184604F034FD28B10122BDE8084011463C
S214038970EAF7BEBF182008BD08B5D4F747FBBDE825
S21403898008400120D4F724BB704707B500230A46E6
S2140389900093082100F0F4FC03B05DF804FB70B507
S2140389A086B00025009540232A460821044600F099
S2140389B0DDFE002840D003799A073DD50095402375
S2140389C04FF480420821204600F0D0FEA0B303797E
S2140389D09B0731D5FF238DF8163001260DF11603BC
S2140389E000934FF4804202950196402308212046C7
S2140389F001F061FA0246F8B90DF11705CDE90160F9
S214038A008DF81700009540230821204601F053FAFD
S214038A1090B99DF8163023B1FF2B04D08DF817308C
S214038A2001E08DF817602023CDE900530022402390
S214038A300821204601F0FCF9204606B0BDE8704048
S214038A40FFF7A2BF086808B5C37B0BB1812008BD3A
S214038A50C37C072BFAD8DFE803F0040A0D101316BD
S214038A60191CD5F719F80028F0D00020EFE7D5F742
S214038A7065F8F8E7D5F7A8F8F5E7D5F7F7F8F2E7D6
S214038A80D5F738F8EFE7D5F77DF8ECE7D5F7C6F86E
S214038A90E9E7D5F705F9E6E77047CDF789BB032085
S214038AA0704700F000B80120D5F73CBA704770470E
S214038AB000207047D5F7BCBE30B587B000250095BB
S214038AC040232A460621044600F050FE00283FD0E5
S214038AD003799A073CD50095402344F20302062106
S214038AE0204600F043FE98B303799B0730D5FE2358
S214038AF08DF8163002950DF116030125009344F206
S214038B000302019540230621204601F0D4F90246CC
S214038B10F0B9CDE901500DF117058DF81700009552
S214038B2040230621204601F0C6F988B99DF8163081
S214038B30012B02D0022B11D00BB98DF8173010235E
S214038B40CDE90053002240230621204601F070F9A8
S214038B50204607B0BDE83040C8F7D8B99DF81730AF
S214038B6083F00103E9E708B50B68DA7B0AB18120D5
S214038B7008BDDB7C012B09D0022B0AD0002BF6D1D3
S214038B80D6F7AAFA0028F2D00020F1E7D6F7BAFA09
S214038B90F8E7D6F7CDFAF5E70020704730B49DF82E
S214038BA00C50029C1DB1029430BC00F0FDBA30BCE0
S214038BB0704702460D2A084604D81423D2B225214C
S214038BC0FEF7B6BC70470D280A4604D8C1B2142374
S214038BD02520FEF7B6BC7047902808B505D1D6F712
S214038BE0E5FBBDE80840D6F791BC08BD10B50346C3
S214038BF0026808684240FF2A17D858684A685040F7
S214038C0030F07F4011D11C890A8994420CD11C781C
S214038C100A78A24208D152B1DB68CA68534033F0DF
S214038C207F430CBF0120002010BD0020FCE701207D
S214038C30FAE70020704713B500230C46CDE900334E
S214038C4001461A46E0B2D7F741FA02B010BD13B593
S214038C5000231446019000930122E0B2D7F736FAB8
S214038C6002B010BD0020704710B586B002A90446B6
S214038C70C8F7A0FD70B9059B0193049B00939DF86C
S214038C800A20BDF80C30BDF808102046D7F7F4FDCF
S214038C9006B010BD0020FBE713B501A90446C8F7CC
S214038CA071FD40B99DF80620BDF804102046D7F79D
S214038CB08DFF02B010BD0020FBE7086808B5C37B34
S214038CC00BB1812008BDC37C062BFAD8DFE803F07E
S214038CD004191310160D0A00FFF7C6FF0028F0D07C
S214038CE00020EFE7D7F7F8FCF8E7D8F713FBF5E72C
S214038CF0D7F76EFCF2E7D7F7DBFBEFE7D8F7ECF92D
S214038D00ECE7FFF7C9FFE9E7D0E9023253F8223070
S214038D101868D8F741BED8F7B7BED8F7B5BE7047C0
S214038D20D9F7C0B8D9F7F8B97047704770471FB579
S214038D30684607F06AF8009800F0010005B05DF891
S214038D4004FBFAF7CDBD08B5FAF7CAFDBDE808403F
S214038D5000F0FE00FAF7CABD10B5FAF7C1FD0446E7
S214038D6000F01AF860B944F00104E4B200F016F813
S214038D7008B144F008042046BDE81040FAF7B6BD33
S214038D8044F00504F1E700207047002070470020F8
S214038D9070470020704770470120704701207047D6
S214038DA008B5FFF7CEFFBDE8084000F0FB00FAF772
S214038DB09DBD08B5FFF7C5FFBDE8084000F0F70006
S214038DC0FAF794BD086810B5C47B0CB1812010BDBA
S214038DD0C37C402BFAD1D9F7CFFA0028F6D0204629
S214038DE0F5E700207047086808B5C37B0BB1812000
S214038DF008BDC37C412B09D0422B0AD0402BF6D1A9
S214038E00D9F7E4FC0028F2D00020F1E7D9F780FC7C
S214038E10F8E7D9F749FDF5E710B586B002A9044689
S214038E20C8F7CEFC70B9059B0193049B00939DF88D
S214038E300A20BDF80C30BDF808102046D7F71CFDF5
S214038E4006B010BD0020FBE713B501A90446C8F71A
S214038E50ABFC40B99DF80620BDF804102046D7F7B2
S214038E60B5FE02B010BD0020FBE7086808B5C37B5B
S214038E700BB1812008BDC37C412B0CD0422B04D000
S214038E80402BF6D1FFF7C8FF01E0D9F74BFE0028C9
S214038E90EFD00020EEE7FFF7D7FFF8E7086808B53E
S214038EA0C37B0BB1812008BDC37C412B07D0422B6B
S214038EB0F8D1D9F7C5FF0028F4D00020F3E7D9F797
S214038EC049FFF8E77047194491420ADC421800202C
S214038ED003B9704712F8011D013B01EB0020DBB21A
S214038EE0F6E7002070472DE9F04F85B007460E469B
S214038EF0144600934FF0000A009B1A785FFA8AF331
S214038F009A4203D8002005B0BDE8F08F009A02EB22
S214038F10430307EB040893F8019093F802B019F0A3
S214038F20400309F03F0504D06319B34217DC2B4610
S214038F3034E0042D07D865B1AB1E022B0BD8DFE84F
S214038F4003F01F3746003E2D4DD03F2D5FD03D2DFD
S214038F5061D00320D7E7B4424FF00105E7D319F0F9
S214038F60800F65D00E9B2A4603EB0B00002107F00B
S214038F70EBF83446002323449CB20AF1010ABBE70C
S214038F80A31CB342EBDC0223324621463846FFF7E6
S214038F909AFF0DF10A08ADF80A00022301930E9B0F
S214038FA02A4603EB0B00414607F07CF8019BE2E7F9
S214038FB0E31CB3423ADC0323324621463846FFF726
S214038FC082FF0425039003230DF10C08E6E7231D17
S214038FD0B342C4DC0423324621463846FFF773FF08
S214038FE004230390F0E7731E9C421FDA02233246E3
S214038FF021463846FFF767FF4FF6FF7380B2984265
S2140390001ABF023083B202231A1996420EDB0E9A57
S21403901042F80B80AFE7B44208D298F80030FF2B33
S21403902014BF01330123E218B242F0DD042596E7AC
S214039030022068E710B586B008810A9C04949DF860
S21403904024400394BDF8204002940124CDE9003463
S21403905013460A4601460420DAF734F806B010BD74
S21403906010B586B00881089C04940024CDE9024418
S2140390700124CDE9003413460A4601460320DAF7F5
S21403908021F806B010BD13B500240094FFF7E8FFDF
S21403909002B010BD2DE9FF410E461746054680B3C4
S2140390A079B372B34FF0000869465FFA88F005F0AB
S2140390B001FF044640B99DF80030032B08D008F1A1
S2140390C00108B8F1030FEFD1204604B0BDE8F081E4
S2140390D09DF801202B799A42F1D1BDF802206B88C6
S2140390E09A42ECD19DF80430BDF805006B712881D7
S2140390F03B4632462946FFF7C6FF0028DFD0044624
S214039100E2E70224E0E710B586B0089C0494002446
S214039110CDE902440124CDE9003413460A4601464C
S2140391200620D9F7CFFF06B010BD10B586B00A9C4F
S21403913004949DF824400394BDF82040029401242F
S214039140CDE9003413460A4601460520D9F7BAFF8F
S21403915006B010BD13B500240094FFF7D4FF02B089
S21403916010BDF0B502288BB005460E4614461F46C2
S2140391700AD106A9F0B205F09DFE98B99DF81930FC
S21403918023719DF81C306371119B04930023CDE972
S21403919002330193109B009322463B4631462846F2
S2140391A0D9F790FF0BB0F0BD13B500240194049CCF
S2140391B00094FFF7D6FF02B010BD2DE9F043054635
S2140391C08BB00F4690469946002606A9F0B205F0E6
S2140391D071FE044630B99DF81830012B06D00136CF
S2140391E0032EF2D120460BB0BDE8F0839DF819207C
S2140391F02B799A42F3D1BDF81A206B889A42EED1A6
S2140392009DF81C306B712A46CDE90309CDE90100B0
S214039210CDF800803B46B1B20220D9F753FF0028B1
S214039220DDD00446DEE70023FFF7C7BFF0B587B0FF
S214039230074614460D461622002168461E4606F0CB
S21403924083FFADF80C70ADF80A40C5B12B68CDF8B6
S21403925001306B68CDF805300223ADF81430BDF845
S2140392603430ADF80E300F9ABDF83030BDF83810F4
S214039270ADF810306846D3F7DBFE07B0F0BD2EB16D
S2140392800C23ADF812608DF80030E8E74FF6FB7359
S2140392909C4294BF00240124E4008DF80040DEE7DE
S2140392A010B50446DAF738FC631E04F10F020021FA
S2140392B013F8010FFF2808BF19709342F8D1002353
S2140392C0237410BD2DE9F04788B099460C469246A4
S2140392D0BDF84080119F0646F6F7C8F8CDE9034768
S2140392E005468DF80860ADF81480ADF816008DF8C5
S2140392F018A08DF8199000F061F98DF81A0000F0A7
S21403930061F900238DF81B0002A88DF81C3000F0CD
S214039310D2FEA8B943463A4621462846DCF706FA63
S21403932070B943463A4621462846DAF727F938B94C
S214039330CDE9005043463A4631462046DCF790FDD9
S21403934008B0BDE8F0870020704770B506461D4696
S214039350DAF784FA044608B9022070BD3046DAF715
S214039360A9FD0028F8D0A0682A46FF21FEF7DDFAFB
S2140393709DF8103063719DF81430A3710020ECE75C
S21403938013B59DF81040CDE9003413460022FFF7CD
S214039390DCFF02B010BD07B500230093FFF7F0FF14
S2140393A003B05DF804FB08B5DAF758FA28B180680D
S2140393B0FF21FEF7CBFA002008BD0220FCE70022BF
S2140393C0FFF7F1BF1FB50B466A460146184605F080
S2140393D09CF96A460823002032F8021B013B13F06F
S2140393E0FF0380EA0100F7D1012838BF012080B2CD
S2140393F005B05DF804FB2DE9F74F9846DDE90C3B15
S21403940007460E461446414600221846BDF83890D5
S2140394109DF83CA0019303F0DAFF0546002840D0F0
S214039420019B41461846FFF7CDFFABF80000062F19
S2140394303BD8DFE807F00404040D162A21002B4668
S21403944022463146384603B0BDE8F04FF1F768B818
S2140394500C222B461146204603B0BDE8F04FF1F729
S21403946049B8E27A2B4611462046CDE90C9A03B05A
S214039470BDE8F04FF1F71CB82B460C2221463046C8
S21403948003B0BDE8F04F05F0CEBB0D95E37A0C9321
S214039490524623463146484603B0BDE8F04FF0F740
S2140394A0F1BF182003B0BDE8F08F0220FAE77FB5BE
S2140394B0054604F06CFA48B16B88B3F5006F05D126
S2140394C0681D04B0BDE8704000F0ECBD284600F00F
S2140394D001FE0446B8B9E6B26946304605F0EAFC32
S2140394E09DF800301843C0B248B929463046F4F711
S2140394F04BF810B1752806D08C2004B070BD01342B
S214039500032CE8D1F8E78D20F7E72DE9F04385B083
S21403951005460DF10E0014460E46F5F797FF0DF1BE
S2140395200F00F5F79BFF20469DF80E809DF90F90E0
S214039530E8F708FE07462046E8F7E8FD4B46CDE980
S2140395400070424631462846FFF7BCFE05B0BDE82C
S214039550F0832DE9FF47054618461E4690460F46FC
S2140395609DF830A0E8F7D2FD81463046E8F7EAFDDD
S214039570044651462846E4B2F9F78AFB2146484694
S214039580FFF720FF5346CDE9019042463946284669
S2140395900094DAF7AFF83346424639462846CDF804
S2140395A030A004B0BDE8F047FCF7FFBB04F0EFB90A
S2140395B004F00ABAE9F7E4B904F0CBB9F1F726B830
S2140395C0E9F7F6BB1FB56846F5F75EFFC8B902A90B
S2140395D0F4F75CF9082269460DEB020006F08AFDF3
S2140395E010B9002004B010BD02A90120F4F74EF90B
S2140395F0082269460DEB020006F07CFD90B90120B7
S214039600F0E7F5F733FF4FF6FF739842044609D0A9
S2140396100020F4F753F98442E3D00120F4F74EF91F
S2140396208442ECD0FF20DDE7DAF70ABADAF7C2B9EC
S214039630DAF7E6B910B504460846E9F7D5F9204641
S214039640BDE81040EBF76EBDEBF76CBDE9F742B92A
S214039650002070470320704706207047102070478D
S2140396601020704700207047F7F736B808B5E8F7BC
S21403967009FBC0F3471008BD08B5E8F741FBC0F384
S214039680471008BDEBF7C4B97047DAF7EFBA70B501
S21403969006460C46154600F025F860B10CB90020C6
S2140396A070BD002DFBD0204600F067FD013080B270
S2140396B0A842F4D8F4E7304600F01AF840B1002C7C
S2140396C0EDD0012DEBD9204600F05CFD0230EEE72D
S2140396D03046DAF737FAEBE7413803288CBF002029
S2140396E001207047413801288CBF002001207047B5
S2140396F0433801288CBF00200120704700207047A4
S214039700002070470388B3F57C4F01D3FFF7F8BFFB
S2140397100846FFF7F3BF10B54A880488A2420DD166
S214039720037B0C79234009D0B2F57C4F08D3FFF7AF
S214039730E7FF0B891B1A5842584110BD0020FCE76F
S2140397400120FAE738B50D88D488A5420AD10388E4
S214039750B3F57C4F08D2FFF7D5FF13891B1A58427F
S214039760584138BD0020FCE70120FAE710B586B063
S2140397701C46ADF812200023BDF820208DF80C00FF
S214039780ADF80E10ADF8142000931A4602A903A8EC
S21403979002938DF81040DAF779FA029806B010BDF6
S2140397A02DE9F0410779064600254FF01408E8B284
S2140397B0874201D800241AE0D6F800C008FB05F05B
S2140397C00CEB00043CF8000081421AD132B1802A27
S2140397D010D194F90CC0BCF1000F12DAB0F57C4F2F
S2140397E005D32046FFF78CFF834200D04BB92046B3
S2140397F0BDE8F081402A04D194F80CC01CF0400F59
S214039800ECD10135D3E70121DAF7AEB908B5134633
S2140398100022DAF761FB003818BF012008BD08B53F
S21403982013464022DAF758FB003818BF012008BD5C
S21403983008B513468022DAF74FFB003818BF01201D
S21403984008BD08B540220023DAF746FB003818BFE8
S214039850012008BD0023DAF73FBB0021DAF784B9FD
S2140398604022DAF76DBB30B5044685B0012000F020
S214039870B2FC012C66D0FF2C5DD0022000F0ABFCBE
S214039880022C56D101237F222C2103A8FDF750FE7C
S21403989010230093002203AB0621022000F0E8FA0F
S2140398A0302401237F222D2103A8FDF741FE0094D7
S2140398B003AB44F203020621022000F0D9FA202566
S2140398C001237F222E2103A8FDF732FE03AB0022DD
S2140398D008210095022000F0CBFA01237F222F21D6
S2140398E003A8FDF725FE03AB4FF48042082100953D
S2140398F0022000F0BDFA214602237F2203A821247A
S214039900FDF716FE03AB07224FF4407100940220C6
S21403991000F0AEFA02237F22312103A8FDF708FEEA
S214039920009403AB44F210024FF44071022000F09F
S2140399309FFA05B030BD28B1022000F04CFC002889
S214039940A0D0F6E701237F22282103A8FDF7F0FD28
S21403995010230093002203AB0621012000F088FAAF
S21403996001237F22292103A8FDF7E2FD302300937C
S21403997044F2030203AB0621012000F079FA202506
S21403998001237F222A2103A8FDF7D2FD03AB002281
S21403999008210095012000F06BFA01237F222B217A
S2140399A003A8FDF7C5FD03AB4FF4804208210095DD
S2140399B0012000F05DFA022000F00DFC022C3FF4BB
S2140399C061AFFF2CB5D1BAE773B505461C466BB33A
S2140399D01E79B3072AD50023ADF8043001AB00285F
S2140399E008BF1D46012945D1062A21D123885BB924
S2140399F02046FFF783FEC8B9700617D40B462A46DF
S214039A007F212820FDF79DFD228844F203039A4216
S214039A100CD12046FFF772FE40B92379590605D4C8
S214039A2001232A467F212920FDF78BFD02B070BD56
S214039A30082AFBD1238863B92046FFF75FFE002878
S214039A40F4D17206F2D40B462A467F212A20FDF76C
S214039A5078FD2388B3F5804FE8D12046FFF74EFE06
S214039A600028E3D123795B06E0D401232A467F212D
S214039A702B20D9E70229D9D1062A20D1238863B916
S214039A802046FFF73BFE0028D0D17606CED401232E
S214039A902A467F212C20FDF754FD228844F2030337
S214039AA09A42C3D12046FFF729FE0028BED1237968
S214039AB05C06BBD401232A467F212D20B4E7082A5F
S214039AC01FD1238863B92046FFF718FE0028ADD1BF
S214039AD07006ABD401232A467F212E20FDF731FDE5
S214039AE02388B3F5804FA1D12046FFF707FE002851
S214039AF09CD12379590699D401232A467F212F2006
S214039B0092E7B2F5407F91D12388072B0CD12046EC
S214039B10FFF7F4FD002889D1720687D402232A466C
S214039B207F213020FDF70DFD228844F210039A4270
S214039B307FF47CAF2046FFF7E1FD00287FF476AF85
S214039B4023795B063FF572AF02232A467F21312035
S214039B506AE70021DAF776BA10B501210446DAF788
S214039B6071FA2046BDE81040FCF78FB9F8B51646E3
S214039B701F469DF81820BDF81C300546DAF7ACF9E9
S214039B8078B10421DAF7FAFA044650B1284600F011
S214039B902CFB3A4631462846A047BDE8F84000F07D
S214039BA018BBF8BD2DE9F74FDDF830909DF834B0BB
S214039BB01E460746BDF83830884614462AB3B9F120
S214039BC0000F22D00EB392F804A099F80020618803
S214039BD012F0080F0CBF802240225046DAF77CF9B9
S214039BE098B10821DAF7CAFA054670B1504600F074
S214039BF0FCFACDE9009B3346224641463846A84741
S214039C0003B0BDE8F04F00F0E4BA03B0BDE8F08F50
S214039C10F8B5BDF8187016461A463B460446DAF7FA
S214039C205BF9E0B177B90221DAF7A8FA0546B0B1D5
S214039C30204600F0DAFA31462046A847BDE8F84049
S214039C4000F0C7BA1021DAF799FA054638B120466C
S214039C5000F0CBFA3A4631462046A847EEE7F8BD71
S214039C6073B5BDF8184016461A4623460546DAF776
S214039C7033F9B8B1C4B92021DAF780FA044670B1D3
S214039C80284600F0B2FA099B00939DF81C209DF825
S214039C90203031462846A047044600F09AFA20466C
S214039CA002B070BD8624FAE70024F8E72DE9F041F8
S214039CB086680446007800F098FA0025142732795F
S214039CC0EBB29A4203D8BDE8F04100F082BA7B4378
S214039CD032682078D15A02EB030800F0C5F9012157
S214039CE04046DAF74BFA034608B120789847013521
S214039CF0E5E72DE9F04F89B01C46BDF848809DF88E
S214039D004C3001939DF850300293924643462246C8
S214039D1007460D46DAF7E0F88DF81470ADF81650DE
S214039D208DF81840ADF81AA0ADF81C80064618B991
S214039D30012009B0BDE8F08F05A9FFF7ECFC002869
S214039D40F6D000252F46A8462C4634E00C2331884F
S214039D501FFA85F903FB09F97368B1F57C4F33F8ED
S214039D60092003EB090B1AD333F8090050452CD30B
S214039D70019BA3422DD900F0BAF99BF80200DAF74B
S214039D80B1FE029B43B19BF8043013F0010F0CBFE6
S214039D9005200720DAF7A6FE0134A4B219E0ADF8D1
S214039DA01A20594605AA30460393FFF7CBFC039BBC
S214039DB00028D9D101353289ABB29A42C6D804EB12
S214039DC00800C31B58425841B3E708F101081FFABD
S214039DD088F80137BFB2EDE72DE9F04786B00446B1
S214039DE0DDF83C909DF840A0BDF83880CDF80080A3
S214039DF0CDE9019A0D4616461F4600F02FF9A8B185
S214039E00431EDBB2012B0ED800230493831E584255
S214039E105841CDE902A0CDE900893B4632462946A2
S214039E202046DAF7F5FA06B0BDE8F0870120FAE730
S214039E3030B587B000240125CDE903549DF82C5096
S214039E4002950A9DCDE90045DAF7E2FA07B030BD80
S214039E5030B587B000240125CDE903549DF828507A
S214039E600094CDE901358023DAF7D2FA07B030BD86
S214039E7030B587B000240125CDE903549DF828505A
S214039E800094CDE901354023DAF7C2FA07B030BDB6
S214039E9010B586B04FF0010C0024CDE9034C9DF8B5
S214039EA028400294099C0194BDF820400094DAF7F8
S214039EB0AFFA06B010BD1FB5089C03949DF81C406E
S214039EC00294069C019400240094DAF785FB04B000
S214039ED010BD30B585B000249DF820500394CDE91D
S214039EE0013500944023DAF777FB05B030BD2DE942
S214039EF0F84F02290C9D0746884604D84FF0000AFF
S214039F005046BDE8F88F1BBB02700124DBF7A0FEAA
S214039F1004F1020A385501349DF828303B554FF0BA
S214039F2000090B9A5FFA89F3D45C002CE8D0732CF3
S214039F3018D82E464C2C56F804BB45D0532C1DD0AF
S214039F40622C4DD1AC8805F1080600231A461EE0A4
S214039F500429D3D942F0040243701B0A02708370AB
S214039F600324D3E7A4F17503032BC7D8763C2E1D31
S214039F70022C52D8DFE804F0565A58006A6894B2A6
S214039F80D2B2B2F1FF0305F1080618BF01230AEBAC
S214039F90040119448845B1DB50461946002947D1C8
S214039FA053441FFA83FA5CB1BBF1000FA6D02246D6
S214039FB007EB0A00594606F075F854441FFA84FA6C
S214039FC009F101093546ACE76A684FF6FF7394B2A8
S214039FD005F1080622469C4214BF02230023D6E757
S214039FE06C2C05D1584600F0CDF8841CA4B2ACE71F
S214039FF0732C04D1584600F0C0F8441CF6E7A4F1CD
S21403A0003003DAB2092A01D89CB29EE7A4F14103D1
S21403A010062B3FF673AF373CE8E7012300242A6894
S21403A020A346B4E70223F9E70323F7E70423F5E798
S21403A03000F1010C01393A54C9B2120A1FFA8CF026
S21403A040ACE70020DAF7C0BC0023DAF7CDBC002269
S21403A050DAF7F0BC0023DAF703BD70470120704738
S21403A060012070470120704770470020704700208A
S21403A070704700207047002070470020704700207C
S21403A08070470120704701207047B52070470020B5
S21403A09070470020704700207047002070477047C5
S21403A0A000207047842070477047002070470020C8
S21403A0B0704700207047002070470020704700203C
S21403A0C0704700207047002070477047B5207047E0
S21403A0D00020704700207047704700207047704785
S21403A0E07047B5207047704770470020704738B5F3
S21403A0F00546C0B2DAF7F6FC0446280ADAF7F2FC9D
S21403A10014B1002808BF0024204638BDF8B505461C
S21403A110C0B2DAF7E7FC0446C5F30720DAF7E2FC39
S21403A1200746C5F30740DAF7DDFC0646280EDAF7DE
S21403A130D9FC24B12FB136B1002808BF002420462D
S21403A140F8BD3C46FBE73446F9E710B4CC18944216
S21403A15003DC5DF8044BFEF7B6BE00205DF8044B47
S21403A16070470423FFF7F1BF0323FFF7EEBF08B5DD
S21403A1700223FFF7EAFF80B208BD0078FF2808BF76
S21403A1800020704708B502220021FFF7F0FF4FF6C4
S21403A190FF73984208BF002008BD8368585C704769
S21403A1A082898068FFF7E3BF82898068FFF7DCBF98
S21403A1B082898068FFF7D5BF82898068DAF7BEBCDC
S21403A1C0806808447047002818BF70207047002036
S21403A1D070470020704708B5FFF715FBFF284FF0C0
S21403A1E0FF3018BF0020C0B208BD08B5FFF7F3FF65
S21403A1F0FF280CBFA320002008BDF8B506460C4672
S21403A20015461F4600F011F810B12544AC4200D1A4
S21403A210F8BD14F8012B39463046DAF75DFDF5E74D
S21403A220014600220220DAF7E7BC0120704773B527
S21403A2300646D8F725FF81250446019614B9284615
S21403A24002B070BD2378B3B9336862685B889A42FC
S21403A25011D1A368F27B99B292B1328A91420AD1A4
S21403A260727DB2EB134F06D1E36801A9002098472D
S21403A27010F0FF05E3D02046D8F70AFF0446DDE7D3
S21403A2804FF6FF72EAE738B50446436808460D46BC
S21403A2909847B4F90830002B02DB2B78042B06D141
S21403A2A0002363602046BDE83840DBF7CBB838BDF3
S21403A2B0F0B5044685B00D462020002117461E46FD
S21403A2C0E7F7EAFFADF80E00D0B102210DF10E005C
S21403A2D003F0B1F93A460021BDF80E0003F021FA67
S21403A2E0BDF80E20002E4FF48A53009329460ABF6A
S21403A2F0134600230022204600F030FA05B0F0BDD6
S21403A3001820FBE7FFF7ECBEFFF7C1BE1FB502231D
S21403A310009300220DF10E030321FFF7DAFD38B98F
S21403A320BDF80E00003818BF012005B05DF804FB29
S21403A3300020FAE708B5EAF745FB20B9E8F720FB63
S21403A34008B9D5F7B9FAFFF7C0FEBDE80840FFF72E
S21403A350CBBE0020DBF7BEBC0021DBF753BD0022DB
S21403A360DBF712BDD28812F0200F10B503460CBFE0
S21403A370522449240846510544BF083CE4B211055B
S21403A38044BF083CE4B2120444BF023CE4B2032BCD
S21403A39011D8DFE803F005020A0EC0B2F3F78EFA0F
S21403A3A0FFF77EFE201AC0B210BDC0B2F3F79EF8C8
S21403A3B0F6E7013CE4B24FF6FD70F1E74254084479
S21403A3C0120A4270704742540844130A4370130C2F
S21403A3D0120E8370C2707047F8B5064617460D46D0
S21403A3E081B10C78FF2C0BD00846FFF7C6FEB842A7
S21403A3F028BF3846C4B22246691C701C05F08AFE84
S21403A4003470F8BD0C46FBE770B5044615460E4699
S21403A41011B94170017070BD0B78FF2B05D14B78D5
S21403A420FF2B02D103704370F5E73046FFF7AAFE11
S21403A430A84228BF284685B22A46B11CA01C05F0B0
S21403A44069FE25702D0A6570E5E7F0B523B9013A74
S21403A450531C2FD1002020E0042AFBD80023551ECE
S21403A4601C466E1C1AD1042A10D0D2000121501E9D
S21403A47001FA00F020421EBF914049420C431842A5
S21403A4801EBF4FF0FF3101FA02F213439C4216DC63
S21403A490B4BF4FF0FF30002040B2F0BD40B1465D80
S21403A4A0EF00BE4034434E5DBE403343013DD8E724
S21403A4B00646F5E78C5C20B1835CA34202D90120F3
S21403A4C0EBE70346A34202F1FF32C1D24FF0FF305F
S21403A4D0E3E7283807288CBF0020012070471D2893
S21403A4E013D004D860B11C2805D08A2070471E38C4
S21403A4F0C0B20128F9D81B2934BF00208A20704730
S21403A5000B390F2988BF8A2070470929F4E70020F2
S21403A51000217047F7B59DF820409DF82460082C6D
S21403A52005461946104636D800222C441346AC423C
S21403A53008D106F0FD04382C0ED10096FFF7E7FF8E
S21403A54003B0F0BD14F8017D1B0243EA1263120246
S21403A550BA1843F10003EAE7392E10D107EE100AC2
S21403A56007EE902AB4EEE77AF1EE10FACCBF77EE58
S21403A570677A77EEC77A002117EE900AE0E7824201
S21403A58073EB010403D2801A61EB0301D8E7101AB8
S21403A59063EB0101D4E700200146D1E738B5C36871
S21403A5A019448368144653F821501AB1284605F017
S21403A5B099FD2070284638BD2DE9F34116460DF166
S21403A5C007021C469DF82050FFF7E8FF9DF807306A
S21403A5D0A34288BF8DF807409DF8077080460DB1EB
S21403A5E0E41BE5B22A460021304605F0ADFD3A46A7
S21403A5F04146701905F08EFD384602B0BDE8F0817D
S21403A6002DE9F341164601AA1D469DF82040FCF7A6
S21403A610D4F9019B9D4238BF0195019F804604B142
S21403A620EC1B22460021304605F08EFD3A46414695
S21403A630301905F06FFDF8B202B0BDE8F08173B5CE
S21403A6401546002401AA1E460194FCF7B6F9019BA1
S21403A650072B0AD92146CCB216B1C4F10704E4B2DB
S21403A660425C2A5501310829F5D1D8B202B070BD33
S21403A6701FB5030A8DF80E300323009303AB8DF842
S21403A6800D0000F00AF905B05DF804FB1FB5030AD8
S21403A6908DF80F1004218DF80E30009103AB8DF862
S21403A6A00D0000F0FAF805B05DF804FBF0B589B0CC
S21403A6B016689DF83C50CDF809608DF81130566841
S21403A6C0BDF83830109FBDF84440CDF80D60012D1D
S21403A6D0ADF812308DF8145014D0032D19D13B6801
S21403A6E0CDF815307B68CDF819309DF848308DF8D5
S21403A6F01D3016230093BDF84C2002AB00F0CDF8B6
S21403A70009B0F0BD8DF81540240A8DF816400F23C6
S21403A710F0E70120F4E71FB50446084611461A463B
S21403A72002238DF80D100093214603AB00F0B5F815
S21403A73004B010BD10B586B014461A460B68CDF8A3
S21403A7400D304B68CDF811300A230093342103AB48
S21403A7508DF8154000F0A1F806B010BD2DE9F04FB6
S21403A76089B00D4601901C4616463AB31046E7F7E5
S21403A770E9FCC0F347091CB32046E7F7E3FCC0F344
S21403A7804707DBF783FD019B8DF818008DF819301A
S21403A7908DF81B501B0A2D0A0022062106A88DF8E9
S21403A7A01A308DF81C508DF81D9002F010FEADF88F
S21403A7B0160038B9182009B0BDE8F08F9146DAE7DD
S21403A7C02746DEE74FEA4901C9B28B1D07315FFA18
S21403A7D081F801EB4701DBB2C9B20DF11600029313
S21403A7E002F029FF82460028E4D103460625D9B2A3
S21403A7F08945BDF816B012D802993A465846E7F787
S21403A80089FE5FFA8AF5AF42BDF8166025D8BDF813
S21403A8104820019833460621DBF742FDCBE7490083
S21403A82001F0FE0130460393E7F760FE2946024631
S21403A8305846E7F76FFE691FC9B23046BDF816B033
S21403A840E7F754FE691C0246C9B25846E7F762FEAC
S21403A850039B02350133EDB2C9E76D00EDB229461D
S21403A8602046E7F743FE414602463046E7F752FEE8
S21403A870691CC9B22046BDF81660E7F737FE08F133
S21403A88001010246C9B2304608F10208E7F742FE64
S21403A8900AF1010A5FFA88F8B3E72DE9F0411C468E
S21403A8A09DF818800E4617460546DBF7EFFC002298
S21403A8B020704146204602F08AFD034630B13A46F0
S21403A8C031462846BDE8F041DBF7EABC1820BDE870
S21403A8D0F08130B589B00446ADF806108DF8102027
S21403A8E0E7F7C8FF05462046E7F7D4FF03469DB1C2
S21403A8F0BDF80600ABB903F041F8FF2808BF0020F7
S21403A9008DF80F000DF10F030593DDE904122046C1
S21403A910FDF74FFB09B030BD0028F6D00DF1060356
S21403A920F2E703F02BF8FF28BDF80630ADF81A302F
S21403A93008BF00208DF80F008DF8180006ABE3E77C
S21403A940704708B5E6F700F800280CBFA5200020DE
S21403A95008BD704770477047704770477047704729
S21403A96010B51C4602F0E0FC02F095FB00232370B2
S21403A970C0F34020400010BD002208B50B46114628
S21403A980FFF7EEFF023818BF012008BD7047B1FA83
S21403A99081F04009704701207047704770470020D8
S21403A9A070477047002070477047B52070470120F6
S21403A9B0704770470120704701207047142200211A
S21403A9C005F0C2BB704730B54078012887B00C4607
S21403A9D04FF0110301F1100516D1022201A9E7F782
S21403A9E0DDFE234601AC18685968224603C20833C5
S21403A9F0AB421446F7D11123022201A90020E7F740
S21403AA00CDFE002007B030BD062201A90120E7F7DE
S21403AA10C5FE234601AC18685968224603C20833AC
S21403AA20AB421446F7D111230622E6E730B5407849
S21403AA3087B001280C464FF011030BBF02220622F3
S21403AA4001A901A918BF0120E7F7A8FE05AD01AAD1
S21403AA502346144603CCAC4218605960224603F1E1
S21403AA600803F6D1002007B030BD10B588B00C46F9
S21403AA701A23082201A90120E7F790FE21460DF1CB
S21403AA800E0304F1100251F8040B43F8040B914231
S21403AA90F9D11A23082201A90020E7F77FFE002038
S21403AAA008B010BDF0B58BB004460D4602F06FFF3C
S21403AAB0B0B101A8F0F7DEFC90B1667B16F0020F8A
S21403AAC004F1040705D0082201A9384605F012FB55
S21403AAD0D0B901AB03CB46F00206606079606673BB
S21403AAE01A23082203A90120E7F758FE0DF11603DF
S21403AAF029460DF1260253F8040B41F8040B934242
S21403AB00F9D100200BB0F0BD2D20FBE770B505464C
S21403AB108AB00C46252200210DF1030005F014FB34
S21403AB206B68CDF81D30AB68CDF82130234603F1B2
S21403AB30100601AC18685968224603C20833B342AC
S21403AB401446F7D16A7B012312F0040F8DF8023006
S21403AB500CBF4FF480734FF4A073110748BF43F440
S21403AB608063ADF80030930748BFBDF800306846F1
S21403AB7044BF43F00803ADF80030EEF7A7FF0038F4
S21403AB8018BF01200AB070BD30B5427B0D46D10711
S21403AB908BB0044607D5407801A9EEF7FFFFD8B17E
S21403ABA02D200BB030BD9307FAD5C2F380031007F0
S21403ABB04FEA8313ADF8023044BF43F48063ADF825
S21403ABC00230BDF80220201D0AB10DF1020201A9D0
S21403ABD003F0B8FD0028E3D001AB03CB9DF8143097
S21403ABE02373BDF81030A160590648BF627B6060CE
S21403ABF044BF42F0040262735A0542BF627B42F0CE
S21403AC00080262731B0742BF637B43F0020363734E
S21403AC102B4606AC0AAD224603CAAA421860596000
S21403AC20144603F10803F6D10020BAE730B505460B
S21403AC308BB028230C467F221D216846FCF778FC40
S21403AC402B78052B0DF115030AD10DF1050252F8E9
S21403AC50041B44F8041B9A42F9D100200BB030BD04
S21403AC600DF1250253F8041B44F8041B9342F9D153
S21403AC70F3E730B505468BB00C4628237F221D210B
S21403AC806846FCF755FC2B78052B04F1100310D10E
S21403AC900DF1050254F8041B42F8041B9C42F9D13B
S21403ACA028236A467F211D20FCF74BFC00200BB0AF
S21403ACB030BD0DF1150254F8041B42F8041B9C42E8
S21403ACC0F9D1EDE710B503784278072B8EB00C4622
S21403ACD011D134231F2101A8FCF72AFC0DF116031A
S21403ACE00DF1260253F8041B44F8041B9342F9D1D2
S21403ACF000200EB010BD3023212101A8FCF718FC5C
S21403AD000DF112030DF1220253F8041B44F8041B41
S21403AD109342F9D1ECE770B503784578072B8EB0EC
S21403AD200C4601F1100616D134232A461F2101A82A
S21403AD30FCF7FEFB0DF1160354F8042B43F8042B23
S21403AD40B442F9D1342301AA29461F20FCF7F9FBA4
S21403AD5000200EB070BD30232A46212101A8FCF73F
S21403AD60E7FB0DF1120354F8042B43F8042BB4420B
S21403AD70F9D1302301AA29462120E7E7F0B5044696
S21403AD8093B00D46252200210DF1230005F0DCF9D2
S21403AD906368CDF83D30A368CDF8413004F1040C68
S21403ADA02B4609AE05F1100718685968324603C2E8
S21403ADB00833BB421646F7D105238DF82230637B52
S21403ADC05B0103F40073ADF820306378FF2B19D1D1
S21403ADD000231A4601A9604600F036FA9DF80530AE
S21403ADE0FF2B0CD100231A46184601A900F02CFAB3
S21403ADF09DF80530FF2B02D11C2013B0F0BD9DF843
S21403AE0005306370617808AA002000F0F4FA06465D
S21403AE10F0B919231946627801A8FCF789FB2B467B
S21403AE2003AD186859682A4603C20833BB42154661
S21403AE30F7D1637B6178DB0642BF9DF81C3063F075
S21403AE407F038DF81C30192301AA1846FCF779FBFB
S21403AE50301E18BF0120D0E710B504468AB024225E
S21403AE60002101A805F070F9637B590744BF40220F
S21403AE70ADF810201A0742BFBDF8102042F48062D6
S21403AE80ADF81020DB070FD5607801A9EEF786FE34
S21403AE9010B12D200AB010BD01AB03CB637B6060FD
S21403AEA043F00203A160637304A9201D03F04CFC66
S21403AEB00028EED00020EDE71FB5694600F091F8B4
S21403AEC0002818BF2D2005B05DF804FB73B50D46AA
S21403AED014460646DBF756FB6B881A071AD5224636
S21403AEE03146102003F011FC2046DBF74BFB6B8842
S21403AEF0D90717D50023224601210DF107008DF847
S21403AF000730DBF7ABFB6B88002B0CBF2120002040
S21403AF1002B070BDDE06EAD522460821281DDBF7FF
S21403AF209DFBE1E79A0701D50223E4E75B07EAD531
S21403AF300323E0E70F20704710B586B0044601A947
S21403AF40022211230120E7F729FC9DF81430E37051
S21403AF5001A803F074FF80F00100062201A96070C7
S21403AF6011230120E7F71AFC9DF81430A37001A8FB
S21403AF7003F065FF80F001002070EEF7B9FE606015
S21403AF80002006B010BD1FB50C46694600F029F830
S21403AF9010222146684605F0ADF8B0FA80F0400965
S21403AFA004B010BDD8B1D1B14388C3B90378013B0F
S21403AFB0082B14D8DFE803F00507090B0D0D0F0F58
S21403AFC01100FFF700BDFFF750BDFFF79FBDFFF76A
S21403AFD0D5BEFFF74EBEFFF79EBEDBF785BC21202E
S21403AFE0704738B50D4639B330B30378013B082BA9
S21403AFF020D8DFE803F0050D1013161619191C00E8
S21403B000FFF714FD0446284603F0F1FD204638BD3D
S21403B010FFF748FDF6E7FFF7B7FDF3E7DBF7D0FAF0
S21403B020F0E7FFF703FEEDE7FFF74CFEEAE7DBF793
S21403B03065FCE7E72124E6E72124E7E770B586B059
S21403B040064601A80C461546FFF7B8FC04238DF800
S21403B05004301CB12068616802AB03C3294601A80B
S21403B0608DF80560FFF79EFF06B070BD70B5044609
S21403B07086B001A80D461646FFF7A0FC2068616857
S21403B0808DF8116003238DF8043002AB03C3294601
S21403B09001A8FFF787FF06B070BD30B585B00D4633
S21403B0A069460446FFF79DFF20B92A4621466846AF
S21403B0B0FFF70CFF05B030BD10B5044686B011236C
S21403B0C0062201A90120E7F769FBA3789DF814205F
S21403B0D09A4207D08DF814300622112301A90020C6
S21403B0E0E7F75CFB1123022201A90120E7F756FBD1
S21403B0F0E3789DF814209A4207D08DF81430022284
S21403B100112301A90020E7F749FB06B010BD30B5AF
S21403B110437B13F001028BB004460D4607D04078FC
S21403B12001A9EEF73BFD70B12D200BB030BD9B0798
S21403B130FAD5ADF8022001A90DF10202043003F09E
S21403B14001FB0028F0D000210E22A81C04F0FCFF0F
S21403B150BDF810302B80039BAB60BDF81230AB817B
S21403B1609DF81430237301AB03CB6060A16000200D
S21403B170DBE770B5437BDB078AB005460E4602D491
S21403B1802D200AB070BD4078694600F030F90446B9
S21403B1900028F5D1DDF81D306B60DDF82130AB609B
S21403B1A06B7B43F002036B730E220146B01C04F064
S21403B1B0CBFFBDF80030069AB26043F00403338039
S21403B1C0059B73602046DCE70B4610B50446102249
S21403B1D00021184604F0B8FF2278032A09D0042A6F
S21403B1E00DD0022A11D101462046BDE81040DBF7F8
S21403B1F08FBB01462046BDE81040FFF788BF0146D7
S21403B2002046BDE81040FFF7B4BF262010BDF8B5B2
S21403B2100C460746084616461D46FFF7CFFB042393
S21403B2202370637B677043F00103637331462046E4
S21403B230FFF7D7FE08B12D20F8BD29462046FFF7B5
S21403B240C3FF0028F8D0F6E7F8B50C4605460846CF
S21403B2501F461646FFF7B2FB0423237025B10822C8
S21403B2602946E01804F056FF637B43F0020363733A
S21403B2704EB932460121284600F0C4F8FF28607014
S21403B28007D12D20F8BD31462046FFF7AAFE002839
S21403B290F7D1637B43F0010363730DB90020F1E735
S21403B2A0002FFBD039462046FFF78EFFF6E7F8B5AA
S21403B2B00C460746084616461D46FFF77FFB204604
S21403B2C0032300F8043B3946082204F023FF637B7C
S21403B2D043F00203637331462046FFF782FE08B14C
S21403B2E02D20F8BD29462046FFF76EFF0028F8D02C
S21403B2F0F6E7F8B50C460746084616461D46FFF71A
S21403B3005DFB03232370637B677043F00103637362
S21403B31031462046FFF765FE08B12D20F8BD2946C5
S21403B3202046FFF751FF0028F8D0F6E718B1802231
S21403B330012100F067B8FF20704730B589B00D468D
S21403B340FFF7F4FFFF28044612D0192302461946D6
S21403B35001A8FCF7EDF82868696801AB03C3192355
S21403B360184601AA2146FCF7ECF8002009B030BDC8
S21403B3702D20FBE707B5002300931A461946F0F77E
S21403B380A7F8B0FA80F0400903B05DF804FB7047F5
S21403B39070470020704770470F20704770479DF82E
S21403B3A0000070470F2070470F207047002070473B
S21403B3B00F207047002070470020704784B08DE848
S21403B3C00F00002004B07047002070477047704796
S21403B3D00020704770470020704770470020704772
S21403B3E00120704770470020704701207047B52042
S21403B3F07047FF207047B5207047B5207047002080
S21403B40070477047FF2070477047704700207047AB
S21403B41070477047704738B50546FAF723FF04466A
S21403B4202846F9F7E3FF2046BDE83840FAF71EBF83
S21403B43010B50446C069FFF7EEFF20462422BDE898
S21403B4401040002104F080BE70472DE9F84F98465F
S21403B4500D9B15469A07DDE90B4906460F4623D092
S21403B4602A460A9B03EB040A1444A24220D10D9BEE
S21403B4709B0705D5A2EB050AD14505EB0A0420D8A0
S21403B4802046BDE8F88F434639462020B0470AF1E8
S21403B490010ACA450AEB0B02F5D3A9EB04024C4595
S21403B4A088BF00222A44DCE7A246A5EB040BF0E79C
S21403B4B002F1010B1AF8010D43463946B0475A46C6
S21403B4C0D3E74346224639462020B0470AF1010A0D
S21403B4D0D2E72DE9F0479E46DDE90D3C1CF0020F4E
S21403B4E0DDE90874DDE90B659DF828801FD10CF0B3
S21403B4F001094BB1B9F1000F06D0B8F1000F02D124
S21403B5001CF00C0F00D0013B4FF0300A02E007F8A6
S21403B51004A00134A54201D9202CF8D1B9F1000FBB
S21403B52005D04FF03009A34201D9202C1BD11CF0C3
S21403B530100F15D01CF4806F32D1C4B1AC4201D0C9
S21403B5409C422DD1651E12D0102E3FD11CF0200F29
S21403B550A4F1020456D178263E5530267E556C1C3F
S21403B560202C29D00DE007F804900134DBE7102ED9
S21403B57010D11CF0200F2FD178243C7030247C701F
S21403B5800224B8F1000F31D02D253D55013414E0C7
S21403B5906224F2E7022EFBD030243C700124F0E74D
S21403B5A0102E1BD11CF0200F2AD1202C04D0651C92
S21403B5B078263E55202DD0D12024CDE90A3CCDE96E
S21403B5C008747346BDE8F047FFF73FBF022EC4D1A9
S21403B5D062247C550135EDE75824CEE7022E03D1CD
S21403B5E0202CE9D02546F3E72546E3E71CF0040FB5
S21403B5F001D02B25C9E71CF0080FDED02025C4E7B1
S21403B600202CD9D0651C5826D3E72DE9F04391B0FA
S21403B610189D1A9F1D9E2DB926F0100416F4806FF0
S21403B620264622D116F0200F14BF4FF0410E4FF0DE
S21403B630610EAC460DF120080025AEF10A0EBCFBE8
S21403B640F7F907FB19C95FFA89F4B9F1090F94BF33
S21403B65030347444E4B2BC4508F8014BBCFBF7F441
S21403B66005F1010501D3202D10D11C9C05941B9CCC
S21403B6700696CDE903749DF86440CDE9015408AC01
S21403B6800094FFF726FF11B0BDE8F083A446D6E783
S21403B6902DE9F04F95B0DDE91E76CDE90A2357EA8A
S21403B6A00603CDE90801DDE9229B269C05D124F09B
S21403B6B0100314F4806F1C4637D114F0200F14BF08
S21403B6C0412361230DF1300A0025A3F10A08314610
S21403B6D04A465B463846F9F739FBD2B2092A94BF85
S21403B6E0303242444F45D2B276EB0B060AF8012BB2
S21403B6F005F1010501D3202D14D1259B0593249B29
S21403B7000694CDE903939DF88030CDE901530CAB45
S21403B7100093DDE90801DDE90A23FFF7DAFE15B039
S21403B720BDE8F08F07460E46D1E70025E5E708B1EA
S21403B73000F014B8704710B1D1E9003118477047CC
S21403B74038B5441E14F8015F25B90A2000F006F840
S21403B750284638BD284600F001F8F3E701460020E6
S21403B760FBF709BD4369406CDA1C1438B2FBF0F2F0
S21403B77003EBC203CA1DB2FBF0F2013201EBC201B6
S21403B7800333B3FBF0F3023300FB0310704738B503
S21403B790446905462146FFF7E5FF6A6CE31D143A44
S21403B7A0B3FBF2F3013304EBC304204438BD73B593
S21403B7B006460D460024F36B01225B6901A928198E
S21403B7C09847019B013309D1736C043462196A40AC
S21403B7D05B421A42EFD0204602B070BD0024FAE75F
S21403B7E070B505460C46C6F7B5FDEB6B2046DB6821
S21403B7F0BDE87040184770B5002586B0044605625C
S21403B800E369AB4202D8206A06B070BD666C206856
S21403B810E36B05225B6901A906FB0500984701A8AF
S21403B82000F009FC00F02CFC10B1236A01332362FC
S21403B8300135E5E738B50446456C006804F1400376
S21403B84005FB0101E06B00F028FC05462046FFF7E8
S21403B850D2FF284638BDF0B5054687B00026EC690A
S21403B860013CB44203D80C46204607B0F0BD01B1F4
S21403B8704C1E6F6C2868EB6B05225B6901A907FBFE
S21403B8800400984701A800F0D6FB00F0F9FB002857
S21403B890EAD101362146E2E7F0B50446466CE36B8F
S21403B8A000685B6987B00D46052201A906FB050003
S21403B8B0984701A800F0BFFB00F0E2FB20B101A807
S21403B8C000F090FB07B0F0BD29462046FFF7C3FF04
S21403B8D0676CE36B064620685B69052201A907FBD4
S21403B8E00600984701A800F07DFB431CEAD0B5424A
S21403B8F038BF0130E6E72DE9F043D0F824804FF651
S21403B900FF7987B004460E46C84514BF4546002552
S21403B9100027E369BB4202D807B0BDE8F083E26BB9
S21403B9202368606CD2F814C001A9052200FB053019
S21403B930E04701A800F07FFB022806D0C8450CD1DB
S21403B940721C29462046FFF775FFE3690135013768
S21403B950B5FBF3F203FB1255DBE729462046FFF758
S21403B9609BFFB0F1FF3F14BF024632460132E8E7C1
S21403B970F0B5036887B006460025CC1A436CB4FBC3
S21403B980F3F4F3693768706C5A1E954208D3706CEB
S21403B990336800FB043007B0BDE8F04000F07BBB23
S21403B9A00134B4FBF3F203FB1244F36B05225B6929
S21403B9B001A900FB0470984701A800F03CFB00F0C7
S21403B9C05FFB0028E3D10135DBE710B423F0030463
S21403B9D022449B070A44436C18BF04325B4282EA44
S21403B9E00104234203D05DF8044BFFF7C1BF1046A2
S21403B9F05DF8044B70472DE9F041D0E90A369E42C4
S21403BA0086B0044628D1C3694568142202FB135541
S21403BA10284606B0BDE8F0812068676CE26B331AEF
S21403BA20D2F81480B3FBF7F3052201A907FB030042
S21403BA30C04701A800F0FFFA012804D0636C1D4438
S21403BA40013B3340ED1A31462046FFF791FF064689
S21403BA50A36AB342E0D1DBE70025F9E7F0B500259A
S21403BA6087B004462E46E369B34202D8284607B099
S21403BA70F0BD636C276803FB0677E36B05225B69FF
S21403BA8001A93846984701A800F0D5FA00F0F8FA5D
S21403BA9058B1384600F0FFFA01462046FFF787FE06
S21403BAA0636C143B834208BF01350136DBE708B5F8
S21403BAB008301346D1E90012DCF72EFE012008BD3C
S21403BAC013B50C460021217600936168134622467F
S21403BAD0DBF73EFA18B1E37D03B1A07EA075A07D27
S21403BAE002B010BD73B500F1080516460C460DF1FD
S21403BAF007020968284600F09AF9032E06D1636800
S21403BB00834203D12168284600F077F9012002B06A
S21403BB1070BDD01E009B42424241187E824211D124
S21403BB201A688A420ED85A688A420BD35A69013277
S21403BB305A61D3E9030282423FBF986840F8221055
S21403BB4001321A610120704710B5032A029C07D1FF
S21403BB50A26A5340626C5242134201D100F04DF97F
S21403BB60012010BD08B5C36800209847BDE808400B
S21403BB70C6F7F8BB70B5002401281C7014BF042058
S21403BB800220CC7D4243101D02F002024CB91AB1CA
S21403BB90012220F003001A7000F1080348681844D5
S21403BBA070BD1AB1012220F003001A700C7E002328
S21403BBB001F12005DAB2944201D80020F0E735F807
S21403BBC03320824203F1010606D901EBC30300F1D9
S21403BBD00802D8691044E3E7801A3346EAE773B5E8
S21403BBE090F8426005461C4630460DF10303FFF706
S21403BBF0C1FFEB6B012E5B690DD1324601A9984755
S21403BC009DF8033013B1BDF806300193BDF8043038
S21403BC10236002B070BD0122214602B0BDE8704029
S21403BC201847F0B5054687B04868EB6B00245B6998
S21403BC3002940E46012202A908309847274695F833
S21403BC404230012B40F08480632C02D9029807B05F
S21403BC50F0BD612C08D805AB224631462846FFF7CF
S21403BC60BEFF9DF814301BB305AB2246314628466B
S21403BC708DF81070FFF7B3FF95F84230012B059B44
S21403BC8055D14FF6FF72934200F09680082205A91D
S21403BC9004A800F057F9059B9DF81010C3F307227C
S21403BCA0914240F08980DBB2029A1A44029283E002
S21403BCB095F84230012B30D103AB22463146284655
S21403BCC0FFF78DFF04AB621C31462846FFF787FF5C
S21403BCD005ABA21C31462846FFF781FF1022082336
S21403BCE00DEB02010DF107008DF8073000F02AF97D
S21403BCF0102205A90DF1070000F024F9039BDAB220
S21403BD00002A52D19DF80720B2EB132F4DD1DDE95F
S21403BD10043203EB0243029347E0302C2BD944E072
S21403BD209DF80720B2EB134F3FD1049BF3E7013393
S21403BD3042D0102205A90DEB020000F003F9059B83
S21403BD409DF81010C3F30742914235D19BB2ABE77F
S21403BD50312C3FF67BAF87D005AB224631462846CB
S21403BD60FFF73DFFBDF81430002B7FF47DAF95F849
S21403BD704230012BA0D003AB224631462846FFF7BC
S21403BD802EFF04AB621C31462846FFF728FF10231C
S21403BD9020220DEB03010DF107008DF8073000F0AC
S21403BDA0D1F8039B9AB2002ABAD095F84230012BF9
S21403BDB014BF012302231C44013440E713B50024B7
S21403BDC00194049C0094DBF763FC02B010BD30B50D
S21403BDD0446800234FF0FF329C4202D100230372D3
S21403BDE030BD016801EBC30541F833206A600133B7
S21403BDF0F2E7C0E90012FFF7EABFF0B54568002393
S21403BE009D4211D0046854F83320B2F1FF3F4FEA45
S21403BE10C30704EBC30608D0C2F31302914204D14E
S21403BE204FF0FF33E3517360F0BD0133E8E7F0B53D
S21403BE30456800239D4202D14FF0FF300FE00468AF
S21403BE4054F83340671C4FEAC30609D0C4F31307FC
S21403BE50B94205D1240D1470036833445868F0BD05
S21403BE600133E7E713B50446002301461B220DF111
S21403BE7007008DF8073000F065F822689DF8073054
S21403BE80B3EBD26F0CBF0120002002B010BD13B578
S21403BE9000230446014620220DF107008DF80730E3
S21403BEA000F050F80DF107001A22211D00F04AF8A1
S21403BEB062689DF80730B3EB926F0CBF0120002039
S21403BEC002B010BD0068431C5842584170470068D2
S21403BED010F07E0F0CBFC0F3C160002070470068EF
S21403BEE0C0F3D3107047006800F07F0001288CBFB2
S21403BEF0002001207047036813F07E0F14BF042050
S21403BF0008207047036813F07E0F03D1406820F0C3
S21403BF107C40704713F078001CBF03F07F03D81FE4
S21403BF207047006800F07F007047032809D0022896
S21403BF3003D1C1F10201C8B2704700290CBF072024
S21403BF40002070471F2A0B689EBF4FF0FF319140B9
S21403BF508B43590801F055315B1A03F033319B08C4
S21403BF6003F033330B44017803EB13130A4403F053
S21403BF700F334FF001314B43A2EB1362027070474D
S21403BF8037B501F10C04436905466946012220468C
S21403BF909847BDF8003001930122AB6901A92046FA
S21403BFA0984703B030BD37B501F10C04436901224D
S21403BFB06946054620469847009B4FF6FF7299B29E
S21403BFC091420DD11B0C1B0443F4254343F0A503F8
S21403BFD001930122AB6901A92046984703B030BDFF
S21403BFE00020FBE737B504461B22011D00250DF193
S21403BFF007008DF80750FFF7A5FF60689DF8072038
S21403C000B2EBD06F03D120F0784003B030BD0DF112
S21403C01007001B2204F108018DF80750FFF792FF73
S21403C020A0689DF80730B3EBD06F01D1C043EAE7B1
S21403C0304FF0FF30E9E703684BF29A22B2EB134F57
S21403C04010B5044613D19BB2012B13D1FFF7CAFFD9
S21403C05001300CD0E0684FF6FF72B2EB104F4FEA98
S21403C060104309D180B2C01A18BF012010BD23683F
S21403C070013303D00420F9E70220F7E70320F5E7AE
S21403C08001288CBF002001207047033801288CBF8D
S21403C090002001207047143070472DE9F041054613
S21403C0A09846036908460E4617469847044638B925
S21403C0B043463A4631462846DCF70AFC044618B19E
S21403C0C031462846FFF75CFF2046BDE8F081E0F7DF
S21403C0D097B838B504460D46E1F796FB28B92946C6
S21403C0E02046BDE83840E0F75FB838BDE1F726B82C
S21403C0F070B516460C46FAF7B5F83146054620469F
S21403C100DEF700FB04462846FAF7B0F8204670BD73
S21403C11000F0E3B938B5044648880D4600F0ADF89C
S21403C120D4F8A0302BB929462046BDE83840E0F7BE
S21403C130DFB9022038BD00F0A1B800F025BA73B508
S21403C140044600200D4600F098F8D4F8A06069462F
S21403C1502046FFF7F2FF5EB99DF800102A462046F8
S21403C160C7F77CFD0146204600F0DAF902B070BD41
S21403C17000231A4629462046B047F7E7DFF7B6BE40
S21403C180DDF7DEB938B505460C46FAF76BF82B6BC8
S21403C1901C40EB6A2343EB62FAF768F8211E18BFCC
S21403C1A001210020490238BD38B504460D46FAF78A
S21403C1B059F8236B1D40E36A23EA0505E562FAF79F
S21403C1C055F8284638BDC06A704710B501210446A5
S21403C1D0FFF7EAFF2046BDE81040DEF787BA38B51A
S21403C1E004460D464FF48811FFF7DEFF2946204626
S21403C1F0BDE83840DCF71EBE0846DDF7B7BD00F0E5
S21403C20089B8DDF743BC084708B5DFF7EFFE80B211
S21403C21008BD022A01D800F095BA01207047022A09
S21403C22001D800F0A0BA01207047022A01D800F016
S21403C230ACBA01207047E1F765B80846E1F784B861
S21403C24000F0E0BA002070470020704738B50D684C
S21403C25004462846DCF7E0FDD4F8903043B15B692A
S21403C26033B1013504BF6FF001020A600A681A6031
S21403C270002038BDE0F73CBF7047704770477047F3
S21403C280704738B50D460446DDF790FEAC4042F2E3
S21403C290107364095C436423B0FBF3F0B4FBF0F063
S21403C2A038BD022807D0062807D0003818BF01205B
S21403C2B04042C0B27047012070470020704730B537
S21403C2C01F23B0FBF3F35D1CEDB24FF0FF34C3EB5B
S21403C2D04313AC40C01AE4430130E4B2C0B2146066
S21403C2E0086030BD70B505460E46C0B201F00F01BA
S21403C2F0FFF7C7FFC6F303110446C5F30720FFF78E
S21403C300C0FFC6F303210444C5F30740FFF7B9FF94
S21403C310204470BD08B5DDF7FBFABDE80840DDF73D
S21403C32081BB10B50446DDF7F3FA844288BF01F1FA
S21403C330FF31204601F00301BDE81040DDF772BB74
S21403C34038B50446FFF7E6FF0546FFF7E3FF431B52
S21403C350A342FAD338BD0020704710B50446DDF774
S21403C360A9FEC4F30113022B05D0032B09D0012B1E
S21403C37000D1400810BDC4F3C4240134B0FBF4F06C
S21403C380F8E78008F6E700F03003202B10B513D14A
S21403C39010F4E02FC0F302440AD010F4C01FC0F319
S21403C3A0C423B3FBF4F418BF6400052C0ED864084A
S21403C3B0FFF7D3FF604310BDC0F382136FF0120480
S21403C3C01C4104F00104C4F10204F1E70424EFE77E
S21403C3D010B5044651B10B6843B15B6833B11A68B4
S21403C3E0032A03D99C6A640E204610BDF9F73AFF68
S21403C3F001462046DEF7A0F804460846F9F736FF5E
S21403C400F2E7DEF753BFDEF751BFDEF74FBFDEF7C7
S21403C4104DBF7047436B03F06003402B0DD0602B7A
S21403C42003D0203B58425841704749B10B68012B53
S21403C43006D9486940F00100704740F20110704782
S21403C44000207047034670B10268022A0BD9426A7D
S21403C45012F47F4FC2F3072006D01B6AD2B25A43A8
S21403C460B2FBF0F0704700207047F0B5144687B073
S21403C4701E460F4619B90024204607B0F0BD002A11
S21403C480F9D00028F7D001A9E1F714FC0028F2D070
S21403C490BDF80630BDF80850A2199A42C4BF9B1BCC
S21403C4A09CB2B54212D90399AD1BADB23144A54235
S21403C4B00391ADF808500DD22A46384603F0F2FD34
S21403C4C00499621B781903F0EDFDD5E70499761BF2
S21403C4D03144049122463846F5E70846DDF7C2BEE6
S21403C4E00220DDF7FFB9D0F894304BB11A68022A60
S21403C4F006D993F8250028B11B6AB3FBF0F0704702
S21403C50000F0D1B9704708B50146D0F89400FFF79C
S21403C51099FF20B9BDE80840084600F0C8B908BD31
S21403C52010B590F8D0300E2B04462BD00175D0F8FA
S21403C530900020B3D4F8A0304BB994F8D9308B428E
S21403C5400BD320460022BDE81040E0F72BB8B4F921
S21403C5502420B0F912309A42F3DD94F8D910002261
S21403C5602046E0F71FF860B9C4F89000204600F0B4
S21403C570EEF901462046BDE81040E1F745B9FF2332
S21403C580637510BD0220FCE70346D0F8D0000860B0
S21403C590B3F8D4308B800020704790F8D0300E2B41
S21403C5A014BF407DFF20704738B505460C46E0F7BC
S21403C5B09DFE88B10CB1002038BD4FF400612846BB
S21403C5C0DFF7BCFA00224FF480712846DFF7A2FAA1
S21403C5D0003818BF0120EFE74FF400612846DFF765
S21403C5E0ADFA40B1002CEDD095F8CA30002BE2D15D
S21403C5F04FF48072E7E72202E5E74FF48071DFF736
S21403C6009DBA4A024FF40071DFF784BA8A024FF4E8
S21403C6108061DFF77FBA4FF40071DFF78FBA3F2BE5
S21403C620084610B5114619D9B3FA83F3C3F11902B4
S21403C630D2B2062A01D8192B0ED0062A28BF062204
S21403C640931DDBB201249C40A4B2A14228BF21461D
S21403C650E1F748F9204610BD0022F1E70024F9E788
S21403C66013883F2B10B5084616D9B3FA83F3C3F1E4
S21403C6701901C9B2062901D8192B0BD0062928BFE0
S21403C68006218C1DE4B20123A3401380E1F748F989
S21403C690002010BD0021F4E70120FAE7DFF794BA83
S21403C6A010B5084614460121DDF78EFC204601210D
S21403C6B0BDE81040DDF788BCF8B504460E461746BD
S21403C6C0F9F7D0FD3A4605463146204600F02CFAE7
S21403C6D004462846F9F7CAFD2046F8BD02207047EF
S21403C6E003207047DDF7F6B810B5E0F763FB0446A2
S21403C6F008B9DEF7FDFB204610BD704770B505464A
S21403C7000E461446FFF7BCFD3146284600F0EAF80D
S21403C710FFF7B6FD04F00903082B04D10C2C1CBF4D
S21403C72024F00804A4B221462846DFF765FC00225D
S21403C7304FF400312846DFF7EDF9002070BD802165
S21403C740DFF7FCB97FB5531C05AAADF814100292A7
S21403C75002210022CDE90021DBB21146DFF7F8F90A
S21403C76007B05DF804FB7FB5531C05AAADF814109B
S21403C770029204210222CDE90021DBB2002201212C
S21403C780DFF7E6F907B05DF804FB1FB5531C02910B
S21403C79000220821CDE900210122DBB21146DFF792
S21403C7A0D7F905B05DF804FB07B591F82830009378
S21403C7B091F82B3091F8292091F82A10E0F774FDB0
S21403C7C003B05DF804FB38B50546DFF70FFC0446F7
S21403C7D02846DFF7E9FB072811D1D5F89030DB6947
S21403C7E024F47F4121F0080103B15B7841EA032179
S21403C7F041F020012846BDE83840DFF7FDBB24F0B2
S21403C8002001F7E7081E18BF012070470020704775
S21403C81002207047002070470120704700207047B1
S21403C820002070470120704700207047E0F7AABC3D
S21403C83008461146E0F796BE70B505460C46114607
S21403C8401A46E0F7B1FD06682B462046B446BDE817
S21403C8507040604710B5E0F7A7FDBDE81040836859
S21403C8601847DDF79DBC4942FFF7FBBF7047431EE1
S21403C870012B03D9031F58425841704701207047C4
S21403C880FFF7FABC4FF4A472002103F05DBC10B5A9
S21403C89000210446FFF72AFC2046BDE81040E0F7D7
S21403C8A04FB9DFF789BBDFF7A9BDFFF71CBEDFF77C
S21403C8B0ABBDFFF728BED0F88C0070B5C468002364
S21403C8C024259C4201D1012070BD826805FB03220A
S21403C8D0D6898E4202D8128A8A4201D20133F0E701
S21403C8E00020F1E7F8B505460E46E0F7FDFDD5F85E
S21403C8F08C307BB15B696BB1DDF758FBD5F88C30B8
S21403C9005B691B1A584240F26B124FF042015841C2
S21403C910E0F7B2FFF76800224FF6FF734FF0240CE0
S21403C920D0B2B84208D31C4621462846E0F76CFF2F
S21403C930FFF7A5FC2046F8BDB1680CFB0011CC89B7
S21403C9409C4202D2002CEFD023460132E8E7008B4C
S21403C95070470A7838B505461046FFF788FF60B17A
S21403C9604C782046FFF783FF38B12243530704D49D
S21403C9702846BDE83840DFF74DBD012038BD10B569
S21403C98004460878FFF773FF58B14A781046FFF756
S21403C9906EFF30B1042A04D02046BDE81040DFF70E
S21403C9A071BD012010BDDFF7ADBAE0F713B873B55C
S21403C9B00D7806460C4635B304238DF804302379E8
S21403C9C08DF8053001A93046FFF7D9FF0546B8B9FB
S21403C9D02278A37952BB8DF80430E3798DF80530BD
S21403C9E001A93046FFF7B5FF054648B923783BB1A2
S21403C9F061883046DFF77EFE01213046FFF7D4FD1F
S21403CA00284602B070BD2946FFF7CEFD29463046BC
S21403CA10FFF7F7FD29463046FFF7F8FD2378002B8E
S21403CA20CAD123798DF804306379C9E702228DF8D9
S21403CA300420D3E7FFF7E5BDFFF7EDBDFFF7EFBD36
S21403CA40FFF70EBE08461146E1F734B9C0F89C104E
S21403CA5000207047DFF78CBE70B5144686B00546D7
S21403CA600E46122200210DF1060003F06DFB23682B
S21403CA70009369462846ADF80460DFF773FF009B12
S21403CA80236006B070BD38B50446154609B1FFF7F6
S21403CA9005FE25B12046BDE83840DFF77FBF38BD29
S21403CAA0084611461A46BDF80030FFF7DEBC2DE9EE
S21403CAB0F74F1C469DF830300193036803F00703D5
S21403CAC0063301259D400646174605F1FF380B46FB
S21403CAD0A1B1416804EA080BA5EB0B0A41F0005923
S21403CAE0524509EB0B0114D95246184603F0DAFAFD
S21403CAF07A1B5A444946504403F0D4FA019B2BB19F
S21403CB003C4448EA050804EA0804F46003B0BDE8B8
S21403CB10F08F1846F0E737B5002500951446FFF763
S21403CB20C6FF204603B030BDF7B505460F46684638
S21403CB301146E1F78DF9064698B197B1DDE9003164
S21403CB401B0A43EA0163A5FB0343090A05FB0135F8
S21403CB50DDF72CFA0023024629462046F8F7F6F8B6
S21403CB603860304603B0F0BD38B14FF47A7358439B
S21403CB70A0F6AC50401AE1F727BA4CF25030FAE769
S21403CB8000228A4202D14FF0FF30704750F822301D
S21403CB9093FAA3F30BB90132F3E7B3FA83F000EB8E
S21403CBA0421070472DE9F34106460F4615460AB96B
S21403CBB00DF1070501213046E5F732FB20B130467B
S21403CBC00121E5F72DFB064600212970304600F0CB
S21403CBD098FD10F0400F2B7802D1B0F5804F0CD2A1
S21403CBE0042F14D10333D9B2297010F4406F00F028
S21403CBF0F180304600F085FD17E00124991CC9B288
S21403CC00012F297005D13046E5F770FC0DE00024AE
S21403CC10F4E7D91CC9B2022F297000F44062E4D0AD
S21403CC2032B9032F12D14FF0FF3002B0BDE8F081C6
S21403CC30591DC9B2032F297003D1B2F5006FD8D09E
S21403CC40F1E7B2F5006F05D107332B70042F06D139
S21403CC502978CEE7B2F5406FF8D10D33F5E714B176
S21403CC602B7802332B70052F00F4404003D1B0F528
S21403CC70004FD8D1ECE7B0F5004F2B7810D1023334
S21403CC802B700D2F2C7810D029783046E5F72EFC24
S21403CC90030611D4062F804615D02978013119E0F2
S21403CCA0B0F5404FEDD10833EAE73046E5F74AFAE8
S21403CCB08442E9DB0020B8E72978304600F021FDFE
S21403CCC0062F804601D14046AFE710F0800F297843
S21403CCD0E4D00231C9B20D2F297021D13046E5F7D1
S21403CCE031FA2B788342E5D208F03C020C2AE1D1D4
S21403CCF040F2037218EA020F2ED104332B7008F4A5
S21403CD00E063B3F5007F02BF2B7801332B70092F46
S21403CD1008F480582BD1B8F1000F84D0297807E0A7
S21403CD2040F20373072F08EA030307D1002BC1D190
S21403CD30304602B0BDE8F04100F001BD13B92B78D0
S21403CD4004332B70082FDAD108F4E060B0F5007FC7
S21403CD507FF469AF297856E708F4E062B2F5007FFE
S21403CD6008F4805804BF01332B701FFA88F8B8F113
S21403CD70000F02D02B7804332B700A2FEAD00D2F26
S21403CD800DD13046E5F7DEF92C78A04292D901346E
S21403CD90E4B22C70B8F1000F13D1012045E72B78CD
S21403CDA00B2F03F101032B703FF43DAFB8F1000FD7
S21403CDB03FF439AF3046E5F7C5F9011FC9B229700C
S21403CDC0B6E73046E5F7BEF903348442ACBF00202D
S21403CDD001202AE7FF232B7025E700B5137A0028E6
S21403CDE08FB00CBF81210121022B8DF8041020D1B6
S21403CDF00C238DF80530FF238DF807308DF80830A7
S21403CE001368CDF809305368CDF80D308C238DF8B0
S21403CE10113082238DF81230537A8DF8133005A91A
S21403CE2001A8091A002289B200F0D1FA0FB05DF802
S21403CE3004FB08218DF80510EBB91368FF228DF863
S21403CE40072023B96FF07243029303A9E8E76FF054
S21403CE50E642029280228DF80C201A0A8DF80D30D5
S21403CE608DF80E201A0C1B0E8DF80F208DF810303F
S21403CE700DF11101D4E70DF10701D1E700B5024624
S21403CE808BB05168006805AB03C390681860002335
S21403CE900DF10E02194604A8E1F70CFAA0B1E5F766
S21403CEA035F9BDF80E100022183000F090FA40B1A4
S21403CEB000909DF820309DF8110005AA0021E1F7A7
S21403CEC033FB04A8E1F750FA0BB05DF804FB70B52A
S21403CED0064686B010680D46516801AC03C49068D8
S21403CEE02060CEB101228DF810309DF830308DF8D9
S21403CEF000208DF814309DF82820BDF834300B99A7
S21403CF008DF801506846ADF81630E1F76DFAB0FAC1
S21403CF1080F0400906B070BD6846E1F725FA80F058
S21403CF200100C0B2F6E738B5037A05460C463BB9AE
S21403CF300A7AEAB900680B68C31A5842584138BDE2
S21403CF40022B15D10B7A022B12D1082203F0D2F84A
S21403CF5070B96B7A607A83420CD0013BDBB2FD2B4F
S21403CF6008D80138C0B2FD2894BF00200120E6E7A8
S21403CF700020E4E70120E2E7036898B218B14FF611
S21403CF80F8729A4312D1B0EB134F80EA134205D0DE
S21403CF9022F007014FF6F870814204D19BB223B109
S21403CFA0083A90B27047104670470720704710B58E
S21403CFB00446E2F7DBFB21460020E4F793FABDE8DC
S21403CFC01040002000F0C8B9704708B5E5F7E2F94D
S21403CFD080F00100C0B208BDFFF711B9704700200A
S21403CFE07047704770B5144681F0010519B90D2ACC
S21403CFF007D1FF2018E00D2A03D100780538C0B208
S21403D00012E0084400F047F8C5F1040110F4406646
S21403D0100246C9B209D1042C084605D0052C16D100
S21403D02012F0400F18BF084670BDC5F10603042C66
S21403D030D8B2F9D0B6F5006F03D1C5F10805E8B24A
S21403D040ECE7B6F5406FE9D1C5F10E05F7E712F444
S21403D050404107D1062CE7D0072CE5D0082C13D186
S21403D0600130CCE755065CBF831CD8B2062CDBD058
S21403D070B1F5004F02D1831CD8B2EDE7B1F5404FAE
S21403D080EAD100F10803F7E7130744BF0530C0B23F
S21403D0900C2CC9D9ADE7008870470170090A4170A6
S21403D0A0704710B50024E3B210B9C3F10303DBB233
S21403D0B00134042CCA544FEA1222F4D110BD10B521
S21403D0C00B784C788A78C97828B9104622460446E5
S21403D0D008461946034642EA012043EA042343EA84
S21403D0E0004010BD10B50C46E5F710F8048010BDDF
S21403D0F038B50C461546E5F709F803881DB11C43F9
S21403D100A1B2018038BD23EA040189B2F9E708B564
S21403D110E4F7FCFF008808BD08B5E4F7F7FFC0781E
S21403D12008BD08B5E4F7F2FF008800F00C0008BD60
S21403D13008B5E4F7EBFF008800F00C00031F584225
S21403D140584108BD38B50546E4F7E0FF04462846CF
S21403D150FFF7EEFF30B904F11000FFF79CFF00F471
S21403D160406038BD4FF40060FBE738B50546E4F78A
S21403D170CDFF04462846FFF7DBFF014648B91034C7
S21403D18020460422E3F75CFC2044BDE83840FFF762
S21403D19082BFA08838BD10B50C46E4F7B7FF84807D
S21403D1A010BD38B50546E4F7B1FF04462846FFF739
S21403D1B0BFFF014608B1201D38BD103404222046A7
S21403D1C0E3F73EFC2044F7E738B50546E4F79EFF51
S21403D1D004462846FFF7ACFF30B904F11000FFF70A
S21403D1E05AFF00F4404038BD4FF40060FBE738B503
S21403D1F00546E4F78BFF04462846FFF799FF0146EA
S21403D20048B9103420460622E3F71AFC2044BDE84A
S21403D2103840FFF740BFA08838BD38B50546E4F769
S21403D22075FF04462846FFF783FF014608B1201D15
S21403D23038BD103406222046E3F702FC2044F7E705
S21403D24008B5E4F763FF007A08BD08B5E4F75EFFA8
S21403D25090F9090008BD08B5E4F758FF807A08BDC1
S21403D26008B5E4F753FFC06808BD10B50C46E4F7ED
S21403D2704DFF047210BD10B50C46E4F747FF447229
S21403D28010BD10B50C46E4F741FFC46010BD2DE990
S21403D290F8430F468046002107F1100016469946CC
S21403D2A0E4F7FAFF0446D0B1E4F730FF054620461C
S21403D2B0E4F748FF00210246284602F045FF002314
S21403D2C0AB7049F004012046FFF70CFFA5F8048075
S21403D2D02EB13A46314605F1100002F0E3FE204631
S21403D2E0BDE8F883F8B505460F4610200021E4F79D
S21403D2F0D3FF0446B0B1E4F709FF06462046E4F739
S21403D30021FF00210246304602F01EFF0023B370C1
S21403D31039462046FFF7E6FE25B12A460121204678
S21403D320E4F792FF2046F8BD08B5E4F7EFFE1030A9
S21403D33008BD08B5E4F706FF1038C0B208BD10B53F
S21403D3400C46098821B90846F4F7C4FD208008B1C5
S21403D350012010BD0220FCE70020E3F7EFBF70B505
S21403D3601D469DF81030059E002B0C4610460A46B7
S21403D37014BF08218821FFF7B5FF024640B10020FD
S21403D380CDE904602B462146BDE87040E4F764B857
S21403D390012070BD08B5E4F759FA002008BD40889F
S21403D3A0C0F30C000330800840000430704708B513
S21403D3B020B1E4F7BFFC00F0010008BD0120FAE746
S21403D3C008B5E4F7EFFBBDE80840FFF7F0BF70B51C
S21403D3D00E46054611463046E4F75EFF044635B171
S21403D3E028B1E4F793FE3246294602F093FE204620
S21403D3F070BD0088B0FA80F040097047008810B10D
S21403D400C9B2E4F70DBF70472DE9F041B0F80080CC
S21403D41006460C46D5B2B8F1000F11D02946404651
S21403D420E4F7FEFE2246074629464046E4F70CFF8D
S21403D4303A4629462046E4F707FF3480BDE8F081E4
S21403D4400F46F5E738B5058800220446FFF7DCFFEC
S21403D45005B1258038BDF8B507460D46008800217E
S21403D4601646E4F7DDFEB042044605D129463846A3
S21403D470BDE8F840FFF7E6BF00212046E4F7D0FEFC
S21403D480B04205D020460021E4F7CAFE0446F3E77F
S21403D4902A4620460021E4F7D7FE324628460021D6
S21403D4A0BDE8F840E4F7D0BE034608461B888B4227
S21403D4B002D00021E4F7B4BE0020704738B5044616
S21403D4C038B10021FFF79AFF002301465D1C09B916
S21403D4D098B238BD2046FFF7E7FF2B460146F5E72F
S21403D4E0F8B5058807467DB1CCB221462846E4F751
S21403D4F097FE8542064609D100233B80002221463B
S21403D5003046E4F7A1FE35462846F8BD2146E4F743
S21403D51087FE214602462846E4F796FEEEE72DE907
S21403D520F04707888246884614465FB33846E4F7D2
S21403D53009FE3D460646E4B221462846E4F770FE59
S21403D5404045814616D12146E4F76AFE2146024647
S21403D5502846E4F779FE474504D1454508BF00252C
S21403D560AAF80050002221464046E4F76DFE3046F6
S21403D570BDE8F0878742FAD0E4F7E4FD304486B28C
S21403D5804D46D9E73E46F2E72DE9F04780460F467B
S21403D59002F1FF3906460024BC4202D219F8015FA5
S21403D5A025B9A6EB0800C0B2BDE8F0879A46A5F1F8
S21403D5B03102012A5AF8041B10D83246322D02F8DB
S21403D5C0011B06D10134E4B2A74232D30912B21CBE
S21403D5D071700134E4B253461646DDE7342D0CD1A0
S21403D5E00334BC42DDDA0B0A317073700B0C090E80
S21403D5F0B370321DF170E4B2EBE7A5F13302062AED
S21403D6000DD8303DEDB22B19BB42CADA2A46304656
S21403D610013C02F07FFD55FA84F47219EBE7A5F19D
S21403D6204102062A01D8373DECE71D7903F1080AC3
S21403D630E9E71646B5E770B5054600880C46E4F7F5
S21403D64081FD844228880AD9E4F77CFD0023221A48
S21403D650D2B228461946BDE87040E4F7A3BE214679
S21403D660E4F78CFD002070BD2DE9F8430746084615
S21403D67016469DF8209088461C46E4F747FD851914
S21403D680CCB1C5B14046E4F75DFD2644864214DCC2
S21403D6902246B9F1000F06D12946384602F03AFD74
S21403D6A00020BDE8F883B9F1010F39462846F5D0C6
S21403D6B002F0F8FCF4E72120F3E71D20F1E738B584
S21403D6C00546E4F723FD04462846E4F73BFD00221F
S21403D6D001462046BDE83840FFF779BEF8B5164642
S21403D6E00C461D46BDF81870E4F710FD044430469A
S21403D6F0E4F70CFD3A4641192046BDE8F84002F02F
S21403D70009BD70B50C460131C9B20646E4F7EEFE14
S21403D710214605463046E4F7E9FE00EB052080B2D5
S21403D72070BD1FB50123ADF80C2000930A460223F3
S21403D730014603A8FFF798FF05B05DF804FB2DE943
S21403D740F0410C460131C9B20646E4F7CFFE214646
S21403D75007463046E4F7CAFEE11C0546C9B2304622
S21403D760E4F7C4FEA11C8046C9B23046E4F7BEFE09
S21403D77005EB072500EB082005EB0040BDE8F0812C
S21403D78073B504460D46402000211646E4F784FD93
S21403D790ADF80600E4F7BAFCBDF8063013B900206E
S21403D7A002B070BD402133462A462044FFF7ECFE04
S21403D7B02118C9B20DF10600FFF73DFF0028EED190
S21403D7C0BDF80600ECE710B41446091B1A462044BD
S21403D7D0019B5DF8044BC9B2FFF7D6BE08B410B57B
S21403D7E085B007AC54F8043B00940394FFF7EBFFB3
S21403D7F005B0BDE8104001B070470EB403B503AAE8
S21403D80052F8041B0192FFF7BBFF02B05DF804EB6E
S21403D81003B0704700220123C0E900237047F8B520
S21403D820044601270026F8F728FD23683BB9F8F7D6
S21403D8302AFD63680022012B0ED16360F8BD1D69C3
S21403D8401F612660F8F71FFD012DF2D02B462D69C8
S21403D8501E61012DFAD1E6E719691A610B46EAE75C
S21403D8600069003818BF01207047036823B9406871
S21403D870012803D0E4F768BE002070474FF0FF305E
S21403D8807047F8B50546F9F723FE01230646A86058
S21403D8902B730027F8F7F1FC2B6802467BB11C6953
S21403D8A02169A1420CBF2F60196127611046F8F762
S21403D8B0EAFC012C08D0636820469847EAE76C68C0
S21403D8C0012C04D1F8F7DFFC00232B73F8BD616944
S21403D8D0711AB1F1004FF5D8216969602361E5E754
S21403D8E070207047702070470020704701448842BC
S21403D8F001D10120704710F8013B9342F7D0002076
S21403D90070470821FDF71DB830B5014693B00546AC
S21403D9100020E2F71DFD10F0FF040BD16A462146F6
S21403D9202046E3F701FD6A46214620468DF802505D
S21403D930E3F7DAFF204613B030BD00B5002193B0FD
S21403D9406A460846E3F7F0FC9DF9020013B05DF85B
S21403D95004FB00B5002193B06A460846E3F7E4FCEF
S21403D9609DF8000013B05DF804FB08B5E3F744F830
S21403D970003818BF012008BD0120704700207047FB
S21403D980704770477047704770477047704700B5D9
S21403D990002193B06A460846E3F7C6FCBDF80600C6
S21403D9A013B05DF804FB10B5002192B004466A4636
S21403D9B00846E3F7B9FC00216A460846ADF8064078
S21403D9C0E3F792FF12B010BD00B5002193B06A468C
S21403D9D00846E3F7A9FCBDF8040013B05DF804FBA2
S21403D9E010B5002192B004466A460846E3F79CFC4D
S21403D9F000216A460846ADF80440E3F775FF12B007
S21403DA0010BD70472DE9F04F85B00C469146804611
S21403DA10FFF787FB671C05463846FFF73CFB042DDC
S21403DA2040F08B804046FFF77FFC037803F0030348
S21403DA30012B4FF009024FF00101204614BF4FF0AF
S21403DA40020B4FF0030BE2F7FBFF0922002105460A
S21403DA502046E2F7F5FF21788DF80F000139002202
S21403DA6089B22046FFF7B3FC04EB090A0646D0B199
S21403DA702A4601460DF10F035846FAF712F8022814
S21403DA80054626D13046E4F75DFBC0B2207000237E
S21403DA90013800930122C3B231463846FFF7E4FD4E
S21403DAA02378013323704046FFF731FB020424D466
S21403DAB09AF8013021789B071FD50139A1EB09019C
S21403DAC04246C9B25046EAF7A7F9237818442070AD
S21403DAD013E020B92070284605B0BDE8F08F032870
S21403DAE009D15046FFF7D7FA20F4007189B25046A1
S21403DAF0FFF7D3FAD7E70428D5D1012521780022EA
S21403DB002046FFF764FC06460028E4D000230146BF
S21403DB1001221846F9F7C5FF022819D13046E4F763
S21403DB2011FBC0B220700023013800930122C3B258
S21403DB3031463846FFF798FDCDE780F0800520F0A4
S21403DB40800081B23846C5F3C015FFF7A6FAD5E7BD
S21403DB500028C0D12070BEE708B50020FFF735FACD
S21403DB6080F00100C0B208BD0A4608B50146002091
S21403DB70E5F73CF9B0FA80F0400908BD0020E3F76A
S21403DB80E5BF00210846E3F75DBC0020E2F7BEBB15
S21403DB9008B5E5F7C3F9003818BF012008BD012012
S21403DBA0704701207047E5F7EDBA10B50C460988B3
S21403DBB021B90846F4F772F9208008B1012010BD98
S21403DBC00220FCE710B50446F5F796FE08B9F5F70C
S21403DBD099FE03050FD40C231B2B01D1002009E06B
S21403DBE020FA03F1C90703F1010206D5DBB2E31AF3
S21403DBF05842584110BD0B23F9E71346ECE710B51E
S21403DC000C46098819B90846F4F764F92080012000
S21403DC1010BD402908B5104604D009D811B13F29D4
S21403DC200CD0C9B200F034FBBDE80840FAF736BAA8
S21403DC30412905D04C29F4D18D21F3E73121F1E7B1
S21403DC404221EFE770B592B004460D4616466A4683
S21403DC50E3F76AFB6A46294620468DF81F60E3F71A
S21403DC6043FE12B070BD00B593B06A46E3F75CFBA3
S21403DC709DF81F0013B05DF804FB07B50DF107010F
S21403DC80E5F746FE20B19DF8070003B05DF804FBF8
S21403DC90FF20FAE710B50C46E5F740FF2046BDE83F
S21403DCA01040E5F751BE0129F8B505460C461DD0D0
S21403DCB003291ED0052920D0072922D000260024B8
S21403DCC000270120E2F718FE304485421DDA0320C0
S21403DCD0E2F712FE2044854219DA0520E2F70CFE2D
S21403DCE038448542B4BF07200520F8BD6FF004060C
S21403DCF0E5E76FF004040526E2E700266FF0040765
S21403DD00DFE7002426460527DBE70120EDE70320AF
S21403DD10EBE738B5054600242046E2F7EDFD01346F
S21403DD20A842E4B202D9062CF6D10724204638BD11
S21403DD3038B14379490023F00C0301F00C010B437F
S21403DD404371704710B5044678B141794088490855
S21403DD5001F006010131000AFFF7A5FF024601465E
S21403DD602046FFF7E5FF104610BD0722FBE738B550
S21403DD700D46E5F7C1FE044608B9002038BDFFF797
S21403DD80E1FF002DFAD1237913F00703F5D098426B
S21403DD9038BF1846C0B2F1E7037923F007031943E7
S21403DDA001717047037903F00F0343EA011303710C
S21403DDB070470022E6F796BA002108B50122E6F777
S21403DDC091FA401A18BF012008BD38B51546FFF76B
S21403DDD0F0FF04462846FFF750FF84B1FF2804D01F
S21403DDE0626822FA00F3DB0701D5012038BD012360
S21403DDF0834013436360E3780133E370F5E720461B
S21403DE00F4E7E6F7DDBC0146102307220120E4F71A
S21403DE10C5BC10B5E4F77AF900F110042046FFF705
S21403DE203AF920F4007189B22046BDE81040FFF7A6
S21403DE3034B92DE9FF418DF80D301B0A15468DF8D0
S21403DE400E3001919DF82C308DF80C0001218DF8D1
S21403DE500F300091042303AA28469DF828809DF8D6
S21403DE6030709DF8346001F0F4FC044670B1294626
S21403DE70FFF791F9B8F1000F02D12046FFF7C9FF6B
S21403DE802FB146B931462046F1F7AAFC00242046B6
S21403DE9004B0BDE8F08100231A4619462046E6F78B
S21403DEA011FCF3E74FF47A70E6F766BDF0B5064665
S21403DEB087B010461C460F461546FFF735FA9DF801
S21403DEC0303018444378A4B1617811F0020F4FF054
S21403DED001020CBF032100210020CDE90310CDE988
S21403DEE001420095072239463046E6F7E7FD07B0BC
S21403DEF0F0BD22462146EFE708B5E4F7D5FBBDE8BB
S21403DF0008400020E7F70CB81FB504466846FFF73D
S21403DF107AFF54B100238DF8053010230722694693
S21403DF200020E4F73BFC04B010BDFFF730FDADF86E
S21403DF300600FFF749FDADF80000EEE700B58BB02D
S21403DF406846FFF760FF009BBDF80600069304A92A
S21403DF50E6F7B8FC0BB05DF804FB1FB5044668464D
S21403DF60FFF751FF02AB03CB2060616004B010BD26
S21403DF70FF22E7F7EFB838B5D31E012B04460D464C
S21403DF80104607D8E6F7FAFF29462046BDE838408C
S21403DF90FFF7EEBF022038BD1FB5062304468DF8F3
S21403DFA00C30E7F737F90023CDE900338DF80D0081
S21403DFB0022303AA0121204601F04BFC04B010BD46
S21403DFC070B50C4605460120E8F76AF8237B4BB18B
S21403DFD0FFF7DDFC014623462A460120BDE87040D4
S21403DFE0E7F7FEBA4FF6FE71F5E7F8B50E460746B5
S21403DFF0FFF79AF90546FFF74EF800F44040B0F5F0
S21403E000404F14BF0022062202F10A030B32EB5CD8
S21403E0105C0004F00E045B08144403F0380338462F
S21403E0201C44FFF786F9844208D2001BC2B20F2AAB
S21403E03028BF0F222919304602F034F82046F8BDCF
S21403E040D020E8F753BF13B5F1F76CFE69460446D4
S21403E05001F076F858B1FFF79AFC40B1E4F73AFCC2
S21403E06028B10023022269462046EFF771F902B071
S21403E07010BDFF224FF6FF71E9F78CB90020FFF7BA
S21403E080F8BF37B5082305460C4609226946012022
S21403E090E4F784FB15B19DF806302B700CB1009B9A
S21403E0A02360BDF8040003B030BD07B500210DF1B1
S21403E0B00700FFF7E6FF9DF8070003B05DF804FBD3
S21403E0C007B508238DF80600ADF8041000926946DC
S21403E0D009220020E4F762FB03B05DF804FB13B5E6
S21403E0E0044601A90020FFF7CCFF019A014620460B
S21403E0F0FFF7E6FF204602B010BDF0B50F4600213D
S21403E10087B0044608461646FFF7BBFF01230546BD
S21403E1100DF10A008DF808408DF80930FFF71DFF52
S21403E120092C1DD131460DF11200FEF7B6FF05ABE3
S21403E13002AA9B1A0021CDE900112846DBB264210E
S21403E14001F087FB0546E0B1092C15D1E9F7E6FA9D
S21403E150044688B12846E9F7F5FA204607B0F0BD2D
S21403E16031460DF113008DF812704FF6FF75FEF76A
S21403E17094FF0DF11503DBE7284600F02EF804465E
S21403E180EBE70446E9E77FB50D461646ADF80E0005
S21403E190E3F7D8FF841BE4B2BDF80E20631B9BB2E3
S21403E1A01046009329467319FFF798FA21460DF196
S21403E1B00E00FFF740FA04B070BD38B504460D46AE
S21403E1C000F0F9FF40B1AC4206D02046F1F72CFE32
S21403E1D0BDE8384001F049B838BD10B50446FFF72E
S21403E1E0A3F80230FEF757FF4FF6F7739842204620
S21403E1F003D9BDE81040E9F731BCE9F77BFCB0FA78
S21403E20080F0400910BD0022E9F744BB70B505460F
S21403E210FFF78AF80646284601F03FFB01462846E4
S21403E220E4F764F904462846FEF79FFF4FF6F773B4
S21403E230984208D8337803F00303012B05D1A31EB5
S21403E2405842584170BD0120FCE70020FAE730B57C
S21403E25085B041F203330D46ADF808300446FFF7A8
S21403E26096FB8DF80A00FFF792FB0021000A8DF853
S21403E2700B00CDE90011052302AA20468DF80C50A9
S21403E28001F0E7FA10B12146FFF7BDFF05B030BD38
S21403E29070B504460D4691B131294FF0000600D102
S21403E2A035462046FEF73DFF08280AD101212046C1
S21403E2B0E3F7B6FF2946BDE87040F9F755BD0126DA
S21403E2C0EFE72046FEF72DFF024630B9BDE8704063
S21403E2D04FF6FF710120FCF7FCBA2046FEF732FF2B
S21403E2E0B0F5006F0ED12046FEF73FFF4FF6FF73E3
S21403E2F09842014617D0002D0CBF032005200022AC
S21403E300FCF7E7FA29462046E6F79AFA68B929465B
S21403E3102046EBF76DF840B9324629462046BDE85D
S21403E3207040E9F7ABBE0120E9E770BD37B54FF69D
S21403E330F675C7F73DFF431E9BB2AB420446F8D8BB
S21403E340E5F7DAFB0028F4D169462046E4F7C2FC79
S21403E3500028EED0204601F056F80028E9D12046E2
S21403E360FFF72AFD0028E4D12046EBF7B3F8002890
S21403E370DFD1204600F01FFF0028DAD12046E0F761
S21403E3805BFC0028D5D1204603B030BD73B50446E8
S21403E3900E46EBF79FF8054688B92046EBF7F4F8E8
S21403E3A0214600952B460D224FF6FD7000F053F8DC
S21403E3B03146204602B0BDE87040EBF7A7B802B07E
S21403E3C070BD37B5054614460C2914D8DFE801F0AE
S21403E3D0291329131313071313131324240069464D
S21403E3E0E4F778FC18B901216846EFF777FB42207B
S21403E3F02946F4F761FCBCB12046FEF795FF0230D0
S21403E400FEF749FE4FF6F77398420DD9204603B040
S21403E410BDE83040E9F738BD0B2914BFAA20A92070
S21403E420E6E7F3F7ABF8E6E703B030BD1FB5034600
S21403E430084603218DF80C108DF80D3000210123BA
S21403E440CDE90031ADF80E20042303AA01F001FA4A
S21403E45005B05DF804FB2DE9F34106469DF82080E0
S21403E4600F4614461D46FFF792FAB04207D1002224
S21403E4702146384602B0BDE8F041FFF7A2BF3A4650
S21403E48031462046FFF7D2FFADF8060060B10D2CEB
S21403E49005D100224FF6FF712820FCF71AFA35B98A
S21403E4A0BDF80600FFF799FE02B0BDE8F081012330
S21403E4B0424629460DF10600E3F774FFBDF8063021
S21403E4C0002BEDD1F0E7F7B50C460546FEF72CFF1B
S21403E4D0611CC9B206462846E4F708F8A11C07469D
S21403E4E0C9B22846FFF70DF9014604463846F9F740
S21403E4F00BFC0D2F34D12046EAF7ECFF78B1301D24
S21403E500FEF7C9FD04462846F679FEF770FE314647
S21403E5100246204603B0BDE8F040FFF756BCB01CE9
S21403E520FEF7B9FD4FF6F773984202D92846E9F786
S21403E530ABFC2046EBF728F8FFF729FAA04205D1F3
S21403E540002003B0BDE8F040EBF762B8B068F168AE
S21403E5506B4603C369462046EAF7D8FF03B0F0BD0F
S21403E5602A463946204603B0BDE8F040FFF729BFE8
S21403E5701422002101F0E8BD2DE9F0470B078EB009
S21403E58004460E4615465CD10120D8F791F909A832
S21403E590FCF714FA092309A88DF82430FCF712FABD
S21403E5A009A8D8F757F901A909A8FCF71AFD26F018
S21403E5B00F072F4404F1100804F10F09BD4211D1CF
S21403E5C023693344236101A909A8FCF7EBFC002067
S21403E5D0D8F76EF9B6F1005F2CBFB12000200EB05D
S21403E5E0BDE8F08705AA23469646186859689446F8
S21403E5F0ACE80300083343456246F6D12B46224671
S21403E60005F1100A53F8041B42F8041B5345F9D1CD
S21403E610714609A8FCF7C6FC09A8D8F71BF92246D9
S21403E62021460120D8F7D6F8013D631E13F8012FC3
S21403E63015F8011F4B4582EA01021A70F6D15546BA
S21403E640BCE77020CBE7F0B585B0174605460C4609
S21403E65010220021684601F077FDBFB3C4B30F2C28
S21403E66004F00F0608D924F00F043A46214628463C
S21403E670FFF782FF40BB274432463946684601F01F
S21403E68011FD2F6906F1100337446B448022B7F55A
S21403E690005F03F8102C2F61C6F110061AD3062E5E
S21403E6A01FDDFB001A0E8DF80A201A0C5BBA8DF8D4
S21403E6B00B20ADF80C306A4610212846FFF75CFFA6
S21403E6C02B69103B2B61002005B0F0BD3E46D8E712
S21403E6D02646D6E7022E04DDFB005BBAADF80E3005
S21403E6E0E9E76A4610212846FFF746FF2B69A3F1A0
S21403E6F010042C6110220021684601F025FDB7F5B1
S21403E700005F4FEAC403CDD2E7E770B586B00E4686
S21403E710054601A81446FFF72BFF3246294601A8F3
S21403E720FFF791FF05AE054601AB22461C4603CC18
S21403E730B44210605160234602F10802F6D128461F
S21403E74006B070BDEBF706B80A460021EBF702B831
S21403E750F0B58BB00C4601A9EAF7FCFF054688B373
S21403E76025220021E01C01F0EFFCBDF81070012308
S21403E770A370FA054FF00E03238010D523464FF4FB
S21403E780877223F8042B06AE0DF1280C324603CA13
S21403E790624518605960164603F10803F6D13B0636
S21403E7A005D5238843F080032380069B636001AB73
S21403E7B003CB039BC4F81D00C4F82110A361ECF738
S21403E7C04BFA606128460BB0F0BD30B5054687B0FE
S21403E7D001A80C46FCF7F2F82868696802AB03C385
S21403E7E09DF8113043F002028DF8112074B122888F
S21403E7F0510644BF43F006038DF81130530542BF5C
S21403E8009DF8113043F008038DF8113001A8FCF78A
S21403E81023FBB0FA80F0400907B030BD70B58AB06C
S21403E8200D46002201A90446EAF794FF88B104A91D
S21403E8302046FFF7CAFF60B1BDF81060FFF7A7F8E0
S21403E84038B9720601D5730503D529462046F9F76C
S21403E850ACFA0AB070BD2DE9F3410F4605461646DD
S21403E860E3F770FCC41BE4B24FF000082946CDF86A
S21403E870008023463A463046FEF7F6FE0121284638
S21403E880E3F7CEFC88B101212846E3F7C9FC074627
S21403E890E3F758FCC5B22B463019CDF80080424644
S21403E8A03946FEF7E1FE2544ECB2204602B0BDE849
S21403E8B0F0812DE9F74F0C9E9DF834808946054676
S21403E8C093461C46E3F73EFC012723464A46294661
S21403E8D0824600975846FEF7C7FE39462846E3F7B2
S21403E8E09FFC4C4428B339462846E3F799FC5FFA65
S21403E8F08AFA5445814611DAE4B2AAEB040B5FFAAE
S21403E9008BFB2246304600975B4629464444FEF777
S21403E910ABFEA4EB0A045E4404F0FF0801230C9349
S21403E920002243464946304603B0BDE8F04FFEF7A3
S21403E9309BBE0C974346E2B22946F4E72DE9F04125
S21403E94086B00026074608460C4615469846CDE987
S21403E950026604968DF81460E3F7F4FB411BCBB212
S21403E9600D2B28BF0D2300962A46214602A8FEF744
S21403E9707BFE424602A93846EBF776F99DF8082057
S21403E980064629462046E3F7C5FD304606B0BDE8F1
S21403E990F0812DE9F04FADF5057D0F4615460DF1D7
S21403E9A0100881464246294638469A46FFF753FFE3
S21403E9B0041FE4B2F82C04D900200DF5057DBDE84C
S21403E9C0F08F5545F8D8B9F1000F36D0AAEB0506F7
S21403E9D0F6B2B4420ED904230193A5EB0A032344EB
S21403E9E0DBB208EB060200938E9802920023012105
S21403E9F0D7F776FE0DF5887A4FF0040B334642467A
S21403EA000121CDE9004B8E98CDF808A0D7F768FE14
S21403EA108F995A460AEB040001F06CFB0346002864
S21403EA20CAD1B9F1000F06D00246CDE900842946C3
S21403EA303846FFF73EFF0120BFE72646DAE72DE913
S21403EA40F04F0E46CBB00121054617461C46E3F7AA
S21403EA50E7FB23463A462946814606A8FFF76EFF9C
S21403EA600DF1280A00EB070B5FFA8BFB5246314683
S21403EA702846FFF7F0FEB34503D200204BB0BDE8AF
S21403EA80F08FABEB06085FFA88F808F104039842A8
S21403EA90F3DB331F1844C4B204230193A31BDBB276
S21403EAA00093CDF808A043465246002106A8D7F7A0
S21403EAB017FEC0B20028E0D1A4EB0B040AEB080350
S21403EAC0E4B2524628460093314643460194FFF784
S21403EAD0F0FE39462846E3F709FD394600F0F8020A
S21403EAE02846E3F717FD01212846E3F799FB00289C
S21403EAF018BF4D462846ADF81650E3F723FB011F13
S21403EB00C9B20DF11600FEF796FD0120B6E72DE912
S21403EB10F041044600F0C1FE411C074689B2204678
S21403EB2000F08EFE98B397B339462046E3F7DEFC33
S21403EB3000F00C03042B054629D000F00308B8F1B7
S21403EB40020F00D11BBB284600F030FF2B060744FC
S21403EB50BEB216D5711C89B2204600F071FEB0B164
S21403EB60F9B22046E3F7C2FCB8F1010F014600F004
S21403EB7003030CD0032B0AD0284600F026FF3044AC
S21403EB8086B231462046BDE8F04100F059BE00206B
S21403EB90BDE8F081F8B5064600F041FE054604469A
S21403EBA03046FEF7C1FB43785B0718D5AC1CA4B20E
S21403EBB02146304600F044FEB8B129463046E3F716
S21403EBC095FC691C0746C9B23046E3F78FFC1FB1B4
S21403EBD0874201D8FF2808D104EB4704A4B2214694
S21403EBE03046BDE8F84000F02BBE0020F8BD13B554
S21403EBF0044601A8EBF778FABDF80430DA0710D418
S21403EC009B0707D410220021204602B0BDE810401F
S21403EC1001F09ABA224621461020FFF776FD002817
S21403EC20F0D102B010BD13B50024CDE9003413466D
S21403EC300A4601460620EBF78FFA02B010BD08B568
S21403EC400246EBF77FFA510544BF0838C0B21305F6
S21403EC5044BF0838C0B208BDF0B5D3078BB005462D
S21403EC600C4649D5008800F018FE0023064602939A
S21403EC7014B9CDE9034403AC002208212046FEF76D
S21403EC8035FEA0B12888FEF74FFB0230FEF703FAE5
S21403EC9021460746E4F71EF848B1002240231146F2
S21403ECA0384600F02AFABE2528460BB0F0BD31469A
S21403ECB02888E3F71BFC10F0030F0CBF0126002681
S21403ECC0EAF78CFD46EA4000C0B2009002AB05AA04
S21403ECD000212046ECF7FCFB0546EAF77FFD0028FB
S21403ECE0E2D0002DE0D0009602AB05AA0021204614
S21403ECF0ECF7EEFB0546D7E7A625D5E701461A232C
S21403ED0008220120E3F74ABD00231A46ECF73CBB72
S21403ED1030B58BB005AD04462846FBF74FFE0223FD
S21403ED2001A928468DF81430FCF75BF901AA23469F
S21403ED30144603CCAC4218605960224603F108031C
S21403ED40F6D10BB030BD08B5002302461946184667
S21403ED50ECF71AFB012008BD37B504466846ECF706
S21403ED6089FB054648B108222146684601F0C2F9E8
S21403ED70B0FA80F0400903B030BDFF2208212046D8
S21403ED80FEF7B4FD034628B106212846FFF7BCFF6D
S21403ED900120F0E722460146ECF7F6FAF8E707B556
S21403EDA06846ECF767FB10B16846FCF7E3FA00F039
S21403EDB0010003B05DF804FB0120EDF7ABB8704724
S21403EDC037B504460846FEF7ECF90546FEF7DFFDC1
S21403EDD000230146009322462B460120F2F720FD2E
S21403EDE003B030BD30B589B0054603A8FBF7E6FD92
S21403EDF0012401A88DF80C40FCF79EF89DF8062028
S21403EE009DF80730AA4209D0AB4209D103A88DF872
S21403EE100D40D7F71FFD012009B030BD0024F5E7EC
S21403EE200020F9E708B5002211461046EDF7B8FBB7
S21403EE30BDE8084000214FF6FF70FFF765BF0022CC
S21403EE401021FEF753BD7FB502460D460D2317214D
S21403EE506846F8F76DFB02AE6B462A461C4603CCA3
S21403EE60B44210605160234602F10802F6D12068CE
S21403EE7010602379137100236B7304B070BDF0B573
S21403EE8085B06C4606460B4601F10807224618680D
S21403EE905968254603C50833BB422C46F7D1186884
S21403EEA028601B792B7131460D231720F8F749FB91
S21403EEB005B0F0BD38B504460D46D7F725FAA0428F
S21403EEC005D920462946FFF7BEFF002038BD692036
S21403EED0FCE730B585B000248DF80040D7F714FA68
S21403EEE0E5B2A84204D8EEF75BFC002005B030BDBF
S21403EEF069462846FFF7C3FF0134EFE738B50446F3
S21403EF000020F0F761FFFF2805460FD0F1F71CF845
S21403EF1010F0010009D02846F1F716F8400840EA39
S21403EF20C17080F0010000F0010038BD04F001005C
S21403EF30FBE7F8B5014606460020EEF76BFBFF2815
S21403EF4001D00120F8BDD7F7CFF900240546871C6A
S21403EF50D7F7CEF9E3B2984201D80020F2E735F8A6
S21403EF602430B34203D117F82430002BE9D10134FF
S21403EF70EEE738B50D4601210446E3F751F930B103
S21403EF8001212046E3F74CF92880012038BD2C8068
S21403EF90204600F079FD0130C0B2F7E72DE9F047CF
S21403EFA088B00746894610460DF10A011D4690466D
S21403EFB0FFF7DFFFBDF80A6004464FF0000A30464D
S21403EFC0CDE905AACDF81BA0E3F7BCF8031BDBB21B
S21403EFD00B2B28BF0B23CDF800A02246314605A8ED
S21403EFE0FEF742FB48F21F039D4243D00BD885F43D
S21403EFF00043012B15D90097234642464946284627
S21403F000FCF7D0F933E048F23A039D42F3D1FEF71A
S21403F010BEFCB8422BD02246414605A8FCF7F5F9BC
S21403F02025E09DF8143013BBBDF81D40DDF8150030
S21403F030DDF8191003AB03C303A92046D7F7CEF8B0
S21403F040012203A92046EAF717FBA74206460ED07D
S21403F050012103A8EEF742FD48F201039D4206D1C3
S21403F0602EB9334632463946204600F029FE08B00C
S21403F070BDE8F0879DF81450002DF8D102349DF8B2
S21403F0801570E4B2A846EBB2BB42F0D22246082380
S21403F0903146CDF8008003A8CDE90388FEF7E4FAED
S21403F0A003A8F0F76FFEF0F7BFFE083400F0DDF8B4
S21403F0B00135E4B2E7E708B5E3F7F6FABDE808403A
S21403F0C0EFF738B810B50024848041800480C280EE
S21403F0D0038110BD13B5BDF81040CDE900340023FD
S21403F0E0EFF77EF902B010BD13B5BDF810400190DE
S21403F0F00094EFF775F902B010BD07B5009301232E
S21403F100FFF7F2FF03B05DF804FB0123EFF7FEB948
S21403F1100121F0F765BB08B500F00EF8FF2804D010
S21403F120F0F712FFC0F3C00008BD0120FCE701465C
S21403F1304FF6FF70F0F77CBA01460020F0F744BEA6
S21403F14010B50C46F0F770FEFF2808D0F0F702FE65
S21403F15020B10368236043686360012010BD00206C
S21403F160FCE710B50446FDF7EDFFB0F5006F20464B
S21403F17005D1FDF7FAFFBDE81040F0F755BEFEF7E0
S21403F18010F8BDE81040FFF7D7BF08B5F0F74CFE00
S21403F190FF280CD0F0F7D8FE10F0010309D0400882
S21403F1A040EAC17080F0010000F0010008BD0020B5
S21403F1B0FCE71846FAE708B5F0F736FEFF3818BF3F
S21403F1C0012008BD1FB502460B2301A81821F8F736
S21403F1D0AFF99DF80E0005B05DF804FB30B511F0ED
S21403F1E0010587B0044616D001A9F1F775FA90B960
S21403F1F02046F0F7A9FE10F0010109D02046F0F7EB
S21403F200A3FE430843EAC17383F0010303F001013D
S21403F21001A8EEF763FC2046F2F724FA29462046B7
S21403F22007B0BDE83040F8F7EDBC30B585B00C4606
S21403F2300546F0F777FDA04215D04FF6F7739C42CC
S21403F24011D80B232A46182101A8F8F771F9294685
S21403F25018200B2301AAADF80C40F8F772F92146E3
S21403F2602846F0F7FBFD05B030BD10B50446D7F7CA
S21403F27051F8A0420FD92046F0F754FD4FF6FF731E
S21403F280984208D020460021FFF7A8FF2046BDE895
S21403F2901040F1F779BA10BD10B50446FEF777FBB8
S21403F2A0002102462046BDE81040F1F7C5BB2DE914
S21403F2B0F04114460F4605469846FEF735F80646CF
S21403F2C00430FDF7E8FE20802846FDF790FF6080B7
S21403F2D0B379E372791CC9B22846E3F707F9B91C78
S21403F2E0A072C9B22846E3F701F9FE1C2072F6B2F3
S21403F2F0B8F1000F18D031462846FEF702FA053754
S21403F300FEB2A08031462846FEF7FBF9B11CE0802A
S21403F310C9B22846E3F7EAF86072217AA088012288
S21403F320BDE8F041F2F7AAB82088EAE72DE9F041F4
S21403F33086B090461E4604460D46FEF728FB4FF65B
S21403F340F7739845074632D8A0424FF005038DF869
S21403F3500C304FF0010214BF012300234FF00001CD
S21403F360CDE900211ABF8DF80D30ADF80E008DF8EB
S21403F3700D30284614BF0423022303AA00F069FABB
S21403F3800546A0B1A7421AD0FDF7CEFF0746214691
S21403F3900430803EFDF781FEFE7104A92046FFF788
S21403F3A0CFFE40B904A92046F2F7ECFE18B90020B8
S21403F3B006B0BDE8F08104A9284600F0D9FA414614
S21403F3C02846FEF720FFF3E7037923F003031943E8
S21403F3D001F03F010171704707B50DF10701F1F721
S21403F3E0F3FE03B05DF804FB08B5FFF7F5FF18B1AD
S21403F3F0BDE80840F1F738BF08BD002211464FF6B6
S21403F400FF70F2F73BB810B50446FFF7E5FF024678
S21403F41038B901462046F2F731F8003818BF012004
S21403F42010BD0120FCE7F8B5174604460E46FFF765
S21403F430D3FF0546386068B1037903F003033370DE
S21403F44023B93A68137903F03F0313713B685C886A
S21403F4502046F8BD01462046FEF789FC074628B13C
S21403F460E4F78AFD874201D83570F1E73146204636
S21403F470FBF792FF0028EBD0032333704FF6FF749D
S21403F480E6E707B501AA0DF10301FFF7CCFF9DF8E8
S21403F490033053B9019828B1037913F0300F14BF22
S21403F4A00120002003B05DF804FB0020FAE72DE9F5
S21403F4B0FF410646104688461546F0F763FC0746A6
S21403F4C0FEF765FA044648BB4FF6FF739E4225D007
S21403F4D09F4206D00146384604B0BDE8F041E8F73F
S21403F4E069B807238DF804302B68CDF8053002463B
S21403F4F06B68CDF80930092101A8FDF768FF0246BD
S21403F50018B9182004B0BDE8F081012341463046FF
S21403F510EDF7DAF90028F4D02046F3E77020F1E798
S21403F5202DE9F04391B0064603AD0BA890460F466F
S21403F5304FF00109FBF742FA29460BA8ADF82C90C9
S21403F540FBF74FFD95E80F0007AC84E80F00CDE905
S21403F55000484B46002239463046EDF7CDFA11B047
S21403F560BDE8F0832DE9F04F002785B081460C46B1
S21403F5707E203946BDF83CB09DF844A0BDF84C50FB
S21403F58001929846ADF80E70E2F786FE064600280E
S21403F59000F0AA80E2F7BAFD39467E2200F0D4FDD9
S21403F5A03046E2F7B3FD00903046E2F7AFFDB9F11F
S21403F5B0FF0F14BF44F0030727463B0A14F44062C8
S21403F5C0077043705FD1C31C4FF0080818460199B3
S21403F5D0424600F09FFD04F440440346434484B18E
S21403F5E0790606D419464FEA1B2201F802BB5A7065
S21403F5F00B46B4F5004F56D0A4F54042544254414E
S21403F600E400224618460E9900F084FD009A03464D
S21403F6102044A0EB02085FFA88F89DB14FF47C52B1
S21403F6201A53841C2846E2F771FD83462846E2F700
S21403F63089FDC5B22A465946204600F033FD6019B7
S21403F6400235EDB2B9F1FF0F2FD0109900F8019BE8
S21403F650524600F027FD08F101015AFA81F12944C8
S21403F6603046E2F78BFD0C21FF00002207F08007EF
S21403F67039431046FDF736FEADF80E00E8B9002014
S21403F68005B0BDE8F08FB2F5006F80F803804FEA4F
S21403F690182880F8048000F1050314BF4FF008080B
S21403F6A04FF0020892E70224ABE708EB0A0129446D
S21403F6B03046E2F763FD0821D6E73046E2F726FD3B
S21403F6C004463046E2F73EFD0123C2B221460DF161
S21403F6D00E00E2F767FE0028D1D1BDF84820BDF83A
S21403F6E00E000121E2F7B0FDBDF80E00C8E7704733
S21403F6F0F8B506460D46F2F7B9FC0328044621D0B2
S21403F7002846F2F7B3FC032807461BD010F0020383
S21403F71018D1A0070DD5F90716D401233C43E207F9
S21403F72004D431892A89914218BF002303F00100CB
S21403F730F8BD08222946304600F0DCFCB0FA80F318
S21403F7405B09EBE70020F3E71846F1E770B50D46D3
S21403F75000210646FDF752FE044630B1E2F7D6FC1A
S21403F76001462846FFF7C4FF08B1204670BD214670
S21403F7703046FDF799FEEFE77FB54FF6FF7101AA16
S21403F780F2F760FD20B1BDF80C0007B05DF804FB8E
S21403F7904FF6FF70F9E708B5FFF7D8FF003818BF34
S21403F7A0012008BD08B51046E4F7E4FABDE80840B2
S21403F7B0E4F79EBB2DE9F7430F4601218146164623
S21403F7C0E2F72EFD054658B1FDF779FF308088B97C
S21403F7D02846E2F7B7FC68B1182003B0BDE8F0830B
S21403F7E04846E2F7AFFCFF2FA0EB0704E4B214D0C1
S21403F7F014B934800020F0E72A4621462846FDF750
S21403F800E6FD80460028E7D000943B464A46294654
S21403F810FDF764FFA6F80080ECE70120DDE708B5F6
S21403F820FDF782FD437803F001001A074CBF103042
S21403F8300830DB0644BF0830C0B21030C0B208BD83
S21403F84010B50C46E2F77EFCA04234BF0020012030
S21403F85010BD7FB59DF820600091144641F2092142
S21403F860024641F60920002E18BF01461D46002019
S21403F870099BF2F733FEADF80E0010B9002004B072
S21403F88070BD01232A4621460DF10E00E2F78AFDDC
S21403F8900028F3D1BDF80E00F1E738B50546FFF7AB
S21403F8A0BEFF04462846E2F74DFC631C9BB2834228
S21403F8B00FD82846FDF738FD43785B0707D5214662
S21403F8C02846E2F713FE013004EB4004E4B2204678
S21403F8D038BD0024FBE730B585B0ADF80E00E2F77F
S21403F8E031FC0446BDF80E00FFF7D7FF00F10E0308
S21403F8F0DBB2E5B2BDF80E20ED1AADB201460095B7
S21403F9001046FDF7EBFEA4F10E01C9B20DF10E0091
S21403F910FDF791FE05B030BD4278034612F00800AD
S21403F92006D0D20702D403F10800704703F109009A
S21403F930704737B505460C46FDF7F6FC437813F0DB
S21403F940100211D094B103F001021B074FF000031D
S21403F950009354BF18322032082329462046FDF769
S21403F96083FE012003B030BD1046FBE72046F9E7CF
S21403F97073B505460C46FDF7D7FC437813F0100223
S21403F98010D08CB103F0010201261B0754BF1832B6
S21403F99020320096082329462046FDF765FE3046AA
S21403F9A002B070BD1046FBE72046F9E700F00303FC
S21403F9B0012B08D0C30606D400F00C000C2814BF95
S21403F9C008200920704702207047034611F0030001
S21403F9D005D003F00303022B14BF02200320704755
S21403F9E02DE9F0414E1C07460D46E2F7ABFB864277
S21403F9F003D900242046BDE8F08129463846E2F7BD
S21403FA0075FD8046FFF7D2FF18F0800F0446F1D04D
S21403FA1006443846E2F796FBB6B28642E9D8291979
S21403FA20C9B23846E2F762FD01464046FFF7CDFF0E
S21403FA302044C4B2DEE7F8B506460D46FFF7D0FF0E
S21403FA40044610B900242046F8BD29463046E2F79E
S21403FA504DFD8206F7D53046E2F774FB6F1C27444C
S21403FA60BFB28742EED82919C9B23046E2F73EFD47
S21403FA7000F01803082B14BF05340634E4B28306DB
S21403FA8044BF0834E4B2DEE738B50546FFF705FFA2
S21403FA90044608B9002038BD01462846FFF7CBFFC9
S21403FAA00028F7D02044C0B2F5E72DE9F04387B02D
S21403FAB005460C46FDF738FC8046FDF7ECFA07468C
S21403FAC02846FFF7EAFE064601462846FFF788FF64
S21403FAD00022034600922946324602A8FDF7C4FDDB
S21403FAE09DF8086006F00C030C2B06F003090BD0F8
S21403FAF0B9F1010F59D0F10657D49DF809300DF12D
S21403FB000A056371002007E0FF2363710DF1090006
S21403FB10FDF7C1FA0DF10B05208198F80130DA07DD
S21403FB2004D508F10200FDF7B6FA2081B9F1010FFA
S21403FB305FFA89F83DD0F3063BD42846FDF7ABFAC7
S21403FB406080A81CFDF7A7FA053515F8013C208050
S21403FB5023712B78A372B00606F0400348BF43F028
S21403FB602003390627D543F40073F80448BF43F44B
S21403FB708063390548BF43F400633206E38011D53A
S21403FB806A7812F003020DD0A9786FEA43436FEA4E
S21403FB905343B8F1020FE3800B4611D1EB7841EAE9
S21403FBA00321218107B0BDE8F083FF230DF109058A
S21403FBB0A7E7FF23CCE77A0648BF43F48073D4E76E
S21403FBC0012A04BF0B029BB22381EBE730B587B053
S21403FBD00546084611461A46BDF83C300493BDF860
S21403FBE0383003939DF8343002930C9B0193BDF891
S21403FBF02C300093BDF82830F2F7BCFD044678B1EC
S21403FC000146002310220120F7F74BFF30B19DF881
S21403FC10402021462846E3F7E9F8C0B207B030BDD6
S21403FC201820FBE770B50646F2F7DAFD04463046C1
S21403FC30E6F7F8FA2246034600213046F2F790F933
S21403FC400546C0B1FDF770FB04462846E2F75EFAA8
S21403FC50E21D121A0023D2B229460820F7F721FF25
S21403FC600138C0B2012806D8294630460122BDE82D
S21403FC707040E3F7BBB870BD10B513460A460021C3
S21403FC800446F2F747F9014628B102222046E3F775
S21403FC90ADF8C0B210BD0120FCE707B500931346CC
S21403FCA00A460021F2F792F830B10021EFF798FDEB
S21403FCB0C0B203B05DF804FB0120FAE7F3F75AB8C5
S21403FCC00BB1F3F7C3B80AB9F3F73CB9FF21F3F75F
S21403FCD065B870B51646FF2204460D46FDF706FEC8
S21403FCE0024610B146B9702070BD29462046FDF77E
S21403FCF0FDFD0028F6D1F7E769082046BDE8704009
S21403FD00FAF71FBE70B50646144608461A4608217B
S21403FD101D46FFF7DEFF98B92A4602213046FFF755
S21403FD20D8FF68B92278531EDBB2FD2B09D801230E
S21403FD30934023F0FF6323F4FF23002B18BF7020A8
S21403FD4070BD19232370FBE730B58DB00022034640
S21403FD50CDF826200846CDF82A20ADF82E2041F609
S21403FD600632ADF8042000F1250401F115020DF169
S21403FD70060152F8045B41F8045BA242F9D10DF187
S21403FD80160203F1100153F8044B42F8044B8B425E
S21403FD90F9D100F047F901A8ECF7BEFC0DB030BD71
S21403FDA000284FF0000114BF012202220846FDF787
S21403FDB049BF37B504466846FEF7CFF808226946BA
S21403FDC0201D00F097F9D0B92588FDF7FDFD854283
S21403FDD015D1FEF76AF90246607B131A002BB8BFEB
S21403FDE05B42C82B13460CDD824228BF0346DBB2B8
S21403FDF09A4204D0FEF773F9A078E5F77BF903B0CF
S21403FE0030BD824238BF0346F1E710237F221C2110
S21403FE10F7F78EBB28237F221D21F7F789BB0246FF
S21403FE2010237F211C20F7F78CBB08B5F3F786FA5F
S21403FE30012806D0022806D0032814BF0220062075
S21403FE4008BD0420FCE70520FAE730B5154689B05F
S21403FE500022FDF7BCFA0446E0B101460023072260
S21403FE600920F7F71EFEB8B1FDF7AEFD03460020E6
S21403FE700122CDE901304FF6FF73CDE90502009369
S21403FE80CDE903042B464CF62142FF21FFF79EFEE5
S21403FE9009B030BD1820FBE71920F9E773B5002336
S21403FEA0154606460A460C46009301460823281DB7
S21403FEB0FDF7DAFB04F10801C9B23046E2F716FB98
S21403FEC004F109016873C9B23046E2F70FFB04F187
S21403FED00A01A870C9B23046FDF713FC288002B0A9
S21403FEE070BD00B58BB0684600F07AF89DF8043014
S21403FEF00120984080B20BB05DF804FB10B50446B1
S21403FF00FFF7EFFF2040C30B0DD10E235A1C01D180
S21403FF10FF2007E020FA03F1C90703F1FF3204D5F7
S21403FF2058B2C0B210BD0F20FBE71346EEE70246F9
S21403FF3010237F211C20F7F704BB1FB51023684648
S21403FF407F221C21F7F7F4FA9DF80E0005B05DF842
S21403FF5004FB2DE9FF410E46BDF8288015461C46D6
S21403FF60074618B14FF6F77399421DD8B5F57F4F7C
S21403FF701AD214B1B8F57F4F16D210237F221C2154
S21403FF806846F7F7D5FA6846ADF80470ADF806602C
S21403FF90ADF80850ADF80A40ADF80C80FFF7C7FF80
S21403FFA0002004B0BDE8F0810120FAE71FB5102356
S21403FFB068467F221C21F7F7BBFABDF8000005B0A0
S21403FFC05DF804FB1FB5044610237F221C216846F8
S21403FFD0F7F7AEFA68460094FFF7A9FF04B010BD22
S21403FFE010B590B004467F221D2106A82823F7F7F4
S21403FFF09FFA002323609DF81C30237101A8FAF7AB
S214040000DDFC0523E11801A88DF80430FAF7E9FFB2
S214040010062304F1150101A88DF80430FAF7E1FF70
S21404002010B010BD10B590B00023069303798DF878
S2140400301C3006AA044628237F211D20F7F781FAE0
S21404004001A8FAF7BBFC01A8FAF7BCFC0523E118E3
S21404005001A88DF80430FAF7A5FF062304F115016C
S21404006001A88DF80430FAF79DFF10B010BD1FB537
S2140400707F221C2168461023F7F75AFA009B68462D
S21404008043F480730093FFF752FF05B05DF804FB5A
S21404009010F8012B11F8013B012A28BF9A42F7D029
S2140400A0D01A70470A44914200F1FF3300D17047DA
S2140400B010B511F8014B03F8014F9142F9D110BD68
S2140400C010B56AB10139841810F8012B11F8013FF4
S2140400D09A4203D1A04201D0002AF5D1D01A10BD0D
S2140400E01046FCE7034613F8012B002AFBD1181A26
S2140400F00138704710B501390244904201D10020FE
S21404010005E0037811F8014FA34201D0181B10BD77
S2140401100130F2E7884210B501EB020402D98442AA
S214040120234607D8431EA14208D011F8012B03F832
S214040130012FF8E7024401468A4200D110BD13F8A5
S214040140014D02F8014DF7E702440346934200D1FD
S214040150704703F8011BF9E770477047431C08BF54
S2140401600020DCF717B800000000000000000000C4
S2140401700000000000000000000000000000000076
S214040180F8B500BFF8BC08BC9E467047F8B500BF7B
S214040190F8BC08BC9E4670475FF800F0E1160020E5
S2140401A00000000000000000000000000000000046
S2140401B00000000000000000000000000000000036
S2140401C042544E3A20504230202D3E206C656176D3
S2140401D06520616E642072656A6F696E0042544ED3
S2140401E03A20504231202D3E20737461727420668A
S2140401F0696E642D616E642D62696E64207461722A
S214040200676574004E45543A2066696E642D6269CB
S2140402106E642074617267657420737461727420EE
S21404022073743D3078253032582028617474656DB7
S21404023070742025642F256429004E45543A207393
S21404024074656572696E6720737461727420737462
S2140402503D307825303258004E45543A206C65615E
S2140402607665207265717565737465642073743D74
S214040270307825303258004E45543A207374616302
S2140402806B207374617475733D3078253032580072
S2140402904E45543A207374656572696E6720636FC1
S2140402A06D706C6574652073743D307825303258F3
S2140402B0004C494748543A204F4E004C494748544E
S2140402C03A204F4646005A334C6967687420696E74
S2140402D069742C206E657453746174653D256400DE
S2140402E0696E666F006C696273006273656E6400A3
S2140402F07265736574007261770073656E645F6D12
S214040300756C7469636173740073656E642D7573BC
S214040310696E672D6D756C7469636173742D62699B
S2140403206E64696E670074696D6573796E630067E1
S21404033065742D7074692D726164696F2D636F6EB8
S21404034066696700636F6E6669672D6363612D6D0A
S2140403506F64650076657273696F6E006576656EA8
S2140403607473007A69676265655F7072696E74009B
S214040370706C7567696E006E6574006F7074696F73
S2140403806E00706C7567006368616E67656B65798F
S214040390006368616E67656B007A646F00707269EB
S2140403A06E742072656C6174656420636F6D6D6134
S2140403B06E64732E0061747472005A646F207265E2
S2140403C06C6174656420636F6D6D616E64732E007A
S2140403D0726F75746500706F776572006D676D7403
S2140403E02D6C7169006D676D742D62696E64006CA6
S2140403F065617665006E6F64650073696D706C6523
S2140404000069656565006E776B00756E62696E647B
S214040410006E776B2D757064006F75742D636C2D8C
S2140404206C69737400696E2D636C2D6C697374004B
S2140404305A646F20696E2D636C2D6C697374207218
S214040440656C6174656420636F6D6D616E64732E94
S214040450005A646F206F75742D636C2D6C69737409
S2140404602072656C6174656420636F6D6D616E6483
S214040470732E005A646F206E776B2D75706420722D
S214040480656C6174656420636F6D6D616E64732E54
S214040490007363616E2D6368616E2D6D61736B000E
S2140404A07363616E006368616E5067006368616EB3
S2140404B0005A646F20756E62696E642072656C61A2
S2140404C074656420636F6D6D616E64732E00756E63
S2140404D06963617374006368616E67656B65792030
S2140404E072656C6174656420636F6D6D616E6473B0
S2140404F02E004F7074696F6E2072656C617465644B
S21404050020636F6D6D616E64732E00726567697328
S214040510746572006469736300696E7374616C6CED
S2140405202D636F64650062696E64696E672D74611D
S214040530626C65007072696E742D72782D6D7367C7
S214040540730061707372657472790041505320723F
S2140405506574727920666C616720666F72636520C5
S214040560636F6D6D616E64730064656661756C744B
S21404057000456E61626C65732F44697361626C65D5
S21404058073207072696E74696E67206F6620527885
S214040590206D657373616765732E00656E61626CAA
S2140405A0650064697361626C650042696E64696EB5
S2140405B067207461626C652072656C617465642082
S2140405C0636F6D6D616E64732E0053656375726937
S2140405D07479206B6579732072656C617465642028
S2140405E0636F6D6D616E64732E0064656C6574650F
S2140405F0004E6574776F726B2072656C6174656407
S21404060020636F6D6D616E64732E00666F726D008D
S21404061072656A6F696E2D646966662D64657669AF
S21404062063652D747970650065787470616E6964AD
S2140406300069736F70656E0062726F61642D706A14
S2140406406F696E006368616E67652D6368616E6EC0
S214040650656C00696E6974006368616E67652D6B0E
S2140406606565702D616C6976652D6D6F64650074C3
S214040670696D656F75742D6F7074696F6E2D6D611D
S214040680736B006D756C74692D7068792D73746165
S2140406907274006D756C74692D7068792D73746F3F
S2140406A0700066696E64006E6574776F726B2066A0
S2140406B0696E6420636F6D6D616E64732E006A6F7D
S2140406C0696E61626C6500756E7573656400696455
S2140406D06C652D736C65657000636F756E746572FA
S2140406E0730066696E645F616E645F62696E64005F
S2140406F0677265656E2D706F7765722D636C6965BC
S2140407006E740067726F7570732D7365727665729A
S214040710006964656E7469667900696E74657270E2
S214040720616E006E6574776F726B2D6372656174AB
S2140407306F72006E6574776F726B2D637265617489
S2140407406F722D7365637572697479006E6574775C
S2140407506F726B2D7374656572696E67007374616E
S214040760636B2D646961676E6F7374696373007578
S21404077070646174652D74632D6C696E6B2D6B6586
S21404078079007A6C6C2D636F6D6D697373696F6E27
S214040790696E67007A6C6C2D636F6D6D697373692F
S2140407A06F6E696E672072656C6174656420636F32
S2140407B06D6D616E64730061626F72740067726F50
S2140407C0757073007365636F6E646172792D636808
S2140407D0616E6E656C006E6F746F7563686C696EBF
S2140407E06B2D6E666E006E6F72657365742D6E6625
S2140407F06E007365742D72782D6F6E0063616E6380
S214040800656C2D72782D6F6E0072782D6F6E2D616B
S2140408106374697665007363616E2072656C6174D7
S214040820656420636F6D6D616E64730075706461DA
S21404083074652D74632D6C696E6B2D6B65792072EF
S214040840656C6174656420636F6D6D616E647300BE
S21404085074696D657200737461636B2D6469616796
S2140408606E6F73746963732072656C61746564205B
S214040870636F6D6D616E64732E006368696C642DBE
S2140408807461626C65006E65696768626F722D7468
S21404089061626C6500726F7574652D7461626C6557
S2140408A0007363656E65732072656C61746564209D
S2140408B0636F6D6D616E64732E007265706F727413
S2140408C0696E672072656C6174656420636F6D6D14
S2140408D0616E64732E0072656D6F766500636C6579
S2140408E061722D6C6173742D7265706F72742D74E1
S2140408F0696D6500746573742D74696D696E67003F
S2140409006E6574776F726B2D7374656572696E6746
S2140409102072656C6174656420636F6D6D616E64CE
S214040920732E007072652D636F6E666967757265E7
S214040930642D6B65792D736574006D61736B20721D
S214040940656C6174656420636F6D6D616E642E0002
S2140409507375627472616374006E6574776F726B1C
S2140409602D63726561746F722D7365637572697435
S214040970792072656C6174656420636F6D6D616E59
S21404098064732E007365742D6A6F696E696E672DC5
S2140409906C696E6B2D6B657900636C6561722D6A8C
S2140409A06F696E696E672D6C696E6B2D6B657973F6
S2140409B0006F70656E2D6E6574776F726B00636C76
S2140409C06F73652D6E6574776F726B006F70656EEE
S2140409D02D776974682D6B6579007365742D646969
S2140409E07374726962757465642D6B6579006E65DF
S2140409F074776F726B2D63726561746F72207265A3
S214040A006C6174656420636F6D6D616E64732E0033
S214040A106D61736B2072656C6174656420636F6DC1
S214040A206D616E647300696E74657270616E2072B7
S214040A30656C6174656420636F6D6D616E64732E9E
S214040A4000667261676D656E742D746573740073E9
S214040A5065742D6D73672D74696D656F7574006CA0
S214040A606F6E67006964656E746966792072656C7A
S214040A706174656420636F6D6D616E647300677284
S214040A806F7570732D7365727665722072656C610E
S214040A9074656420636F6D6D616E64732E00677297
S214040AA065656E2D706F7765722D636C69656E74FF
S214040AB02072656C6174656420636F6D6D616E642D
S214040AC073007365742D70726F78792D656E747209
S214040AD079006164642D73696E6B006164642D67CC
S214040AE0726F75702D73696E6B00726D2D6770640E
S214040AF000726D2D73696E6B007072696E742D7062
S214040B00726F78792D7461626C6500636C656172CE
S214040B102D70726F78792D7461626C6500647570DF
S214040B206C69636174652D66696C7465722D746591
S214040B307374007365742D6B65790046696E642062
S214040B40616E642062696E642072656C61746564AB
S214040B5020636F6D6D616E64732E00656E61626CEA
S214040B60655F7479706500737461636B006170709F
S214040B70007A636C006C65676163795F61665F64C5
S214040B806562756700636F756E746572732072654F
S214040B906C6174656420636F6D6D616E64732E00A2
S214040BA07072696E742D636F756E7465722D7479C8
S214040BB070650073696D706C652D7072696E740073
S214040BC07072696E742D7468726573686F6C647382
S214040BD0007365742D7468726573686F6C64007254
S214040BE0657365742D7468726573686F6C647300DE
S214040BF073656E642D7265717565737400736563D1
S214040C0075726974792072656C6174656420636FAB
S214040C106D6D616E6473007365742D616C6C6F77B3
S214040C202D74727573742D63656E7465722D72659A
S214040C306A6F696E2D7573696E672D77656C6C2D9A
S214040C406B6E6F776E2D6B6579007365742D616CB2
S214040C506C6F772D74727573742D63656E7465721C
S214040C602D72656A6F696E2D7573696E672D77656B
S214040C706C6C2D6B6E6F776E2D6B65792D74696D4C
S214040C80656F7574007365742D6B65792D72657167
S214040C90756573742D706F6C696379006D66672D66
S214040CA0746F6B656E00617073005365637572696B
S214040CB07479206170732072656C61746564206356
S214040CC06F6D6D616E64732E004765742F73657463
S214040CD0204D464720746F6B656E2E00656E6470FB
S214040CE06F696E742072656C6174656420636F6DE1
S214040CF06D616E64732E00436F6D6D616E64732058
S214040D00746F20636F6E74726F6C2069646C696EA6
S214040D10672F736C656570696E67206F66207468EC
S214040D20652064657669636500666F7263652D6128
S214040D3077616B65006177616B652D7768656E2DED
S214040D406E6F742D6A6F696E6564004765747320F0
S214040D505278204F6E205768656E2049646C652073
S214040D607374617475732E0043616E63656C7320CF
S214040D705278204F6E205768656E2049646C652E45
S214040D800053657473205278204F6E205768656E42
S214040D902049646C65206475726174696F6E2E00F8
S214040DA0546865206475726174696F6E20666F722C
S214040DB020746865205278204F6E20706572696FC3
S214040DC0641F00456E61626C657320546F756368BA
S214040DD06C696E6B696E672E2054686973206F7633
S214040DE06572726964657320746865206E6F746FCB
S214040DF07563686C696E6B2D6E666E20616E64201A
S214040E006E6F72657365742D6E666E20636F6D6D9E
S214040E10616E64732E0044697361626C657320545A
S214040E206F7563686C696E6B696E672E20546869AB
S214040E3073206F76657272696465732074686520C2
S214040E406E6F746F7563686C696E6B2D6E666E205C
S214040E50616E64206E6F72657365742D6E666E20A7
S214040E60636F6D6D616E64732E0044697361626CAA
S214040E70657320726573657420666F7220616E20D8
S214040E804E464E20646576696365206F6E20612049
S214040E9063656E7472616C697A65642073656375E4
S214040EA072697479206E6574776F726B2E0044696C
S214040EB07361626C657320546F7563686C696E6BDE
S214040EC0696E672028737465616C696E672920668D
S214040ED06F7220616E204E464E20646576696365A7
S214040EE02E0052657365747320746865206C6F6396
S214040EF0616C2064657669636520746F206661633F
S214040F00746F7279206E65772E005363616E73205A
S214040F10666F7220616E20756E757365642050412D
S214040F204E206964656E74696669657220616E64D4
S214040F3020666F726D732061206E6577205A4C4C64
S214040F40206E6574776F726B2E005363616E732028
S214040F50666F72206A6F696E61626C65206E657476
S214040F60776F726B7320616E6420617474656D7044
S214040F70747320746F206A6F696E2069662061201E
S214040F806E6574776F726B20697320666F756E6416
S214040F902E005072696E747320746865205A4C4C27
S214040FA0206368616E6E656C2073657420616E6480
S214040FB020746F6B656E7300536574732074686574
S214040FC0207363616E206368616E6E656C20736562
S214040FD074207573656420627920746865205A4CA1
S214040FE04C20436F6D6D697373696F6E696E67200D
S214040FF0636F6D706F6E656E742E20416E20696E21
S214041000646578206F662030207365747320746876
S21404101065207072696D617279205A4C4C20636841
S214041020616E6E656C207365742C203120697320A4
S214041030746865202B31206368616E6E656C20735E
S21404104065742C203220697320746865202B322046
S2140410506368616E6E656C207365742C203320693A
S2140410607320746865202B33206368616E6E656C2C
S214041070207365742C20616E6420342069732061AB
S2140410806C6C205A6967626565206368616E6E657C
S2140410906C732E0054686520696E646578206F66EC
S2140410A020746865206368616E6E656C206D61737C
S2140410B06B20746F20626520757365641F0053652A
S2140410C0747320746865207363616E206368616E50
S2140410D06E656C207573656420627920746865207B
S2140410E05A4C4C20436F6D6D697373696F6E696EED
S2140410F06720706C7567696E2E005468652073658A
S214041100636F6E64617279206368616E6E656C20CD
S214041110746F20626520757365641F0054686520CB
S2140411207072696D617279206368616E6E656C2099
S214041130746F20626520757365641F005072696E53
S2140411407420746865205A4C4C20746F6B656E73FB
S2140411502E0053656E6473206120476574456E6483
S214041160706F696E744C69737452657175657374C7
S21404117020746F2061207365727665722E00546841
S21404118065206E6574776F726B2061646472657334
S21404119073206F66207468652064657669636520CD
S2140411A0746F207768696368207468652072657157
S2140411B0756573742077696C6C2062652073656E40
S2140411C0741F54686520736F7572636520656E645A
S2140411D0706F696E742066726F6D207768696368D5
S2140411E02074686520726571756573742077696C00
S2140411F06C2062652073656E741F54686520646590
S2140412007374696E6174696F6E20656E64706F695D
S2140412106E7420746F20776869636820746865202C
S214041220726571756573742077696C6C20626520CD
S21404123073656E741F54686520656E64706F696E9E
S2140412407420696E646578206174207768696368C1
S21404125020746F2073746172742072657472696589
S21404126076696E6720646174611F0053656E6473EB
S21404127020612047726F75704964656E746966698B
S2140412806572735265717565737420746F2061207E
S2140412907365727665722E00546865206E65747781
S2140412A06F726B2061646472657373206F6620745A
S2140412B068652064657669636520746F207768695D
S2140412C06368207468652072657175657374207729
S2140412D0696C6C2062652073656E741F54686520A3
S2140412E0736F7572636520656E64706F696E7420C3
S2140412F066726F6D2077686963682074686520720B
S2140413006571756573742077696C6C2062652073EB
S214041310656E741F5468652064657374696E6174C1
S214041320696F6E20656E64706F696E7420746F20CA
S214041330776869636820746865207265717565737B
S214041340742077696C6C2062652073656E741F5414
S21404135068652067726F7570207461626C652069B9
S2140413606E64657820617420776869636820746F9A
S2140413702073746172742072657472696576696E1E
S2140413806720646174611F0053656E647320616E28
S21404139020456E64706F696E74496E666F726D6117
S2140413A074696F6E5265717565737420746F20610D
S2140413B020636C69656E742E00546865206E6574CF
S2140413C0776F726B2061646472657373206F662036
S2140413D07468652064657669636520746F20776831
S2140413E06963682074686520726571756573742016
S2140413F077696C6C2062652073656E741F5468652B
S21404140020736F7572636520656E64706F696E74A1
S2140414102066726F6D20776869636820746865203B
S214041420726571756573742077696C6C20626520CB
S21404143073656E741F5468652064657374696E61A1
S21404144074696F6E20656E64706F696E7420746F55
S21404145020776869636820746865207265717565AD
S21404146073742077696C6C2062652073656E741FD4
S21404147000536574732074686520647572617469BA
S2140414806F6E20746861742061207461726765747D
S214041490206465766963652073686F756C64207272
S2140414A0656D61696E20696E206964656E7469662F
S2140414B079206D6F646520647572696E6720746F39
S2140414C07563686C696E6B696E672E005468652078
S2140414D06475726174696F6E2028696E2074656E17
S2140414E0746873206F662061207365636F6E642969
S2140414F0206F66206964656E74696679206D6F6412
S21404150065206F722030784646464620746F206900
S2140415106E646963617465207468617420746865B8
S214041520207461726765742073686F756C642075C7
S214041530736520697473206F776E206170706C69B0
S214041540636174696F6E2D73706563696669632081
S2140415506475726174696F6E2E1F00496E697469D2
S214041560617465732074686520546F7563686C696C
S2140415706E6B2070726F6365647572652E004162CF
S2140415806F7274732074686520546F7563686C6931
S2140415906E6B2070726F6365647572652E00496E9B
S2140415A069746961746573206120546F7563686C2F
S2140415B0696E6B20666F7220746865207075727031
S2140415C06F7365206F6620726573657474696E67E1
S2140415D0206120746172676574206465766963654A
S2140415E02E00496E69746961746573206120546FB6
S2140415F07563686C696E6B20666F7220746865200C
S214041600707572706F7365206F6620636175736999
S2140416106E672061207461726765742064657669FC
S214041620636520746F206964656E746966792069E1
S2140416307473656C662E00496E69746961746573AB
S214041640206120546F7563686C696E6B20666F72D8
S2140416502074686520707572706F7365206F6620DD
S21404166072657472696576696E6720696E666F72F4
S2140416706D6174696F6E2061626F75742061207489
S2140416806172676574206465766963652E00466FCB
S214041690726D732061205A4C4C206E6574776F729D
S2140416A06B2E00546865206368616E6E656C206FEF
S2140416B06E20776869636820746F20666F726D2089
S2140416C0746865206E6574776F726B1F5468652046
S2140416D0706F7765722073657474696E6720666FC1
S2140416E072206E6574776F726B207472616E736DA0
S2140416F0697373696F6E731F5468652050414E207A
S2140417006964656E74696669657220666F722074B2
S2140417106865206E6574776F726B1F005072696E11
S21404172074732074696D652E005072696E7473202C
S2140417306174747269627574652E00436C656172B7
S2140417407320746865205A444F206C697374206F44
S2140417506620636C69656E742028696E2920636C44
S2140417607573746572732E004164647320636C75BC
S214041770737465727320746F20746865206B6E6F63
S214041780776E20636C69656E742028696E29206301
S2140417906C757374657273206F6E20746869732039
S2140417A06465766963652E00436C656172732074A4
S2140417B06865205A444F206C697374206F662063F2
S2140417C06C69656E7420286F75742920636C757354
S2140417D0746572732E004164647320636C7573744D
S2140417E065727320746F20746865206B6E6F776EF5
S2140417F020636C69656E7420286F75742920636C89
S214041800757374657273206F6E20746869732064D0
S21404181065766963652E0053656E647320616E2079
S214041820757064617465206368616E6E656C2072A1
S2140418306571756573742E006368616E6E656C1FE2
S2140418400053656E647320616E2075706461746500
S214041850206368616E6E656C2070616765207265D2
S214041860712E2054686520737461636B2073656EF3
S2140418706473206E776B20656E68616E63656420A2
S2140418807570646174652072657120666F72206E6F
S2140418906F6E2D7A65726F20706167652E006368BF
S2140418A0616E6E656C1F706167651F0050657266B9
S2140418B06F726D7320616E20656E65726779207332
S2140418C063616E2E007461726765744E6F64654959
S2140418D0641F7363616E4475726174696F6E1F73FF
S2140418E063616E436F756E741F0042726F6164634A
S2140418F06173747320746865204944206F6620748D
S2140419006865206E6577206E6574776F726B206DE0
S214041910616E6167657220616E64206163746976C6
S21404192065206368616E6E656C732E006E776B4D12
S214041930676549641F6368616E6E656C4D61736BA1
S2140419401F00506572666F726D7320616E20656E3F
S21404195065726779207363616E206F6E206769769F
S214041960656E206368616E6E656C206D61736B2EA8
S214041970007461726765744E6F646549641F7363AF
S214041980616E4475726174696F6E1F7363616E4332
S2140419906F756E741F6368616E6E656C4D61736BF4
S2140419A01F0053656E64732061206E6574776F72D2
S2140419B06B206164647265737320726571756573F8
S2140419C07420666F722074686520676976656E2079
S2140419D04945454520616464726573732E006965E4
S2140419E065651F00526571756573747320616E209A
S2140419F0494545452061646472657373206261736A
S214041A006564206F6E206120676976656E206E6F50
S214041A1064652049442E006E6F646549641F005354
S214041A20656E647320612073696D706C65206465EF
S214041A307363726970746F722072657175657374FE
S214041A4020666F72207468652073686F72742061F4
S214041A5064647265737320616E6420656E64706F6F
S214041A60696E74207370656369666965642E0064C4
S214041A706573741F746172676574456E64706F690C
S214041A806E741F0053656E64732061206D61746309
S214041A906844657363726970746F727352657175A6
S214041AA065737420746F2074686520676976656E44
S214041AB02064657374696E6174696F6E20776974E7
S214041AC0682074686520676976656E2070726F6634
S214041AD0696C652E006E6F646549641F70726F666C
S214041AE0696C651F0053656E64732061206E6F64B5
S214041AF0652064657363726970746F7220726571B1
S214041B007565737420746F206120676976656E202E
S214041B10746172676574206465766963652E007403
S214041B2061726765741F0053656E64732061205A82
S214041B30444F2042696E6420636F6D6D616E64204D
S214041B40746F2061206465766963652073706563CD
S214041B50696669656420696E2074686520636F6DC4
S214041B606D616E6420617267756D656E74732E00A8
S214041B7044657374696E6174696F6E1F536F757212
S214041B80636520656E64706F696E741F4465737454
S214041B90696E6174696F6E20656E64706F696E74C9
S214041BA01F636C757374657249441F72656D6F7438
S214041BB06545554936341F6465737445554936344E
S214041BC01F0053656E647320616E206163746976CA
S214041BD06520656E64706F696E74207265717565D4
S214041BE0737420746F207468652064657669636511
S214041BF020776974682074686520676976656E2046
S214041C0073686F72742049442E0053656E647320A3
S214041C10616E20756E62696E642072657175657397
S214041C207420666F72206120756E69636173742018
S214041C3062696E64696E6720746F207468652074C8
S214041C406172676574206465766963652E007461E5
S214041C50726765741F736F75726365206575693680
S214041C60341F736F7572636520656E64706F696E7A
S214041C70741F636C757374657249441F646573746A
S214041C80696E6174696F6E45554936341F646573B1
S214041C9074696E6174696F6E20656E64706F696EC8
S214041CA0741F0053656E647320616E20756E6269DE
S214041CB06E64207265717565737420666F72206138
S214041CC0206D756C7469636173742062696E6469EF
S214041CD06E6720746F20746865207461726765741B
S214041CE0206465766963652E007461726765741F87
S214041CF0736F757263652065756936341F736F7507
S214041D0072636520656E64706F696E741F636C75AC
S214041D107374657249441F67726F757041646472A8
S214041D206573731F0053656E64732061205A444FB5
S214041D30204D616E6167656D656E74204C656176D5
S214041D406520636F6D6D616E6420746F20746865C2
S214041D5020746172676574206465766963652E0015
S214041D607461726765741F72656D6F766543686922
S214041D706C6472656E1F72656A6F696E1F005365C8
S214041D806E64732061205A444F204D474D542D42B3
S214041D90696E64202842696E64696E6720546162C5
S214041DA06C6529205265717565737420746F207490
S214041DB06865207461726765742064657669636516
S214041DC02E007461726765741F7374617274496E51
S214041DD06465781F0053656E64732061205A444F0F
S214041DE0204D474D542D4C514920284C51492054E0
S214041DF061626C6529205265717565737420746F11
S214041E0020746865207461726765742064657669F9
S214041E1063652E0053656E64732061205A444F2018
S214041E20506F7765722044657363726970746F725D
S214041E30205265717565737420746F20746865200C
S214041E40746172676574206465766963652E0053F1
S214041E50656E64732061205A444F20726F757465F2
S214041E60207265717565737420636F6D6D616E6441
S214041E7020746F20746865207461726765742E0020
S214041E807461726765741F696E6465781F00696E95
S214041E906465781F65756936341F696E7374616C82
S214041EA06C436F64651F00696E6465781F657569A9
S214041EB036341F6B65791F005443206C696E6B20A3
S214041EC06B6579207265717565737420706F6C69C3
S214041ED063791F417070206C696E6B206B65792086
S214041EE07265717565737420706F6C6963791F0011
S214041EF0426F6F6C3A20616C6C6F772074727573E6
S214041F00742063656E7465722072656A6F696E20EC
S214041F107573696E672077656C6C2D6B6E6F776E64
S214041F20206B65791F0070726F66696C6549641F63
S214041F30636C757374657249641F007461726765B7
S214041F407449641F00456E61626C65732070726923
S214041F506E74696E67206F66205278206D657373A1
S214041F60616765732E005365747320746865206218
S214041F70696E64696E67207461626C6500696E647C
S214041F8065781F636C75737465721F6C6F63616C20
S214041F9045701F72656D6F746545701F657569368B
S214041FA0341F00436C65617273207468652062692F
S214041FB06E64696E67207461626C652E0050726987
S214041FC06E7473207468652062696E64696E672037
S214041FD07461626C6520746F2074686520636F6D2D
S214041FE06D616E64206C696E652E00436C6561726B
S214041FF07320616C6C207365637572697479206BE9
S2140420006579732E0044656C657465207468652074
S214042010737065636966696564206C696E6B206BB2
S214042020657920696E6465782E005072696E7473E3
S21404203020616C6C207365637572697479206B65B6
S21404204079732E005465726D696E617465732074BD
S2140420506865206D756C74692D50485920696E74D6
S214042060657266616365005573656420746F2073DA
S21404207074617274206D756C74692D5048592069AA
S2140420806E74657266616365206F74686572207429
S21404209068616E206E617469766520616E64206680
S2140420A06F726D20746865206E6574776F726B2E20
S2140420B02054686520737461636B207573657320A0
S2140420C073616D652050616E4964206173206E6192
S2140420D07469766520726164696F206E6574776FC3
S2140420E0726B2E00706167651F6368616E6E656C47
S2140420F01F706F7765721F6F7074696F6E734D61B2
S214042100736B20284269742030203D20526F75740A
S21404211065727320616C6C6F7765642C20426974F9
S2140421202031203D2042726F6164636173742061C4
S2140421306C6C6F776564291F00417474656D7074E8
S2140421407320746F206368616E6765207468652009
S2140421506368696C642074696D656F7574206F704C
S21404216074696F6E206D61736B20746F2066696C82
S214042170746572206F757420756E64657369726118
S214042180626C652076616C7565732028652E672EF3
S214042190206E6F206D6F7265207468616E20332028
S2140421A064617973292E0074696D656F7574206F88
S2140421B07074696F6E206D61736B1F00537769745A
S2140421C063686573206265747765656E2064696606
S2140421D0666572656E74206B65657020616C6976E1
S2140421E065206D6F64657320737570706F727465A7
S2140421F064206279206120726F757465722E004BBC
S21404220065657020616C697665206D6F64651F0076
S2140422105072696E74732074686520637572726593
S2140422206E74204E6F64652049442C20455549360B
S214042230342C20616E642050616E2049442E00497F
S2140422406E697469616C697A65732061206E657461
S214042250776F726B3B207468697320697320612002
S2140422607465737420636F6D6D616E642075736539
S2140422706420666F722074632D737761702D6F759A
S214042280742074657374696E672E005365747320C6
S214042290746865206E6574776F726B20696E64650A
S2140422A078207573656420627920616C6C2066758D
S2140422B07475726520434C4920636F6D6D616E645E
S2140422C0732E20204265666F726520657865637597
S2140422D074696E67206120434C4920636F6D6D619D
S2140422E06E642C20746865206672616D65776F7203
S2140422F06B20737769746368657320746F207468E1
S2140423006973206E6574776F726B2E202041667435
S21404231065722074686520636F6D6D616E642066F7
S214042320696E697368657320657865637574696E2C
S214042330672C20746865206672616D65776F726BB2
S214042340207377697463686573206261636B2074B5
S2140423506F207468652070726576696F7573206E79
S2140423606574776F726B2E202054686520434C4941
S2140423702075736573207468652073616D65206EBF
S2140423806574776F726B20696E64657820756E74F9
S214042390696C207468652064657669636520726577
S2140423A073657473206F7220697420697320636880
S2140423B0616E676564207468726F756768207468F8
S2140423C0697320636F6D6D616E642E00417474656D
S2140423D06D70747320746F206368616E6765206423
S2140423E06576696365206F76657220746F20612058
S2140423F0646966666572656E74206368616E6E6590
S2140424006C20676976656E20696E20746865206343
S21404241068616E6E656C20617267756D656E742E8C
S21404242000546865206368616E6E656C20746F2066
S2140424306368616E676520746F1F0066696E645515
S2140424406E7573656450616E49640066696E644AAD
S2140424506F696E61626C654E6574776F726B00505F
S21404246065726D697473206A6F696E696E67206F32
S2140424706E20746865206E6574776F726B20666F65
S21404248072206120676976656E206E756D6265726E
S214042490206F66207365636F6E647320414E44201C
S2140424A062726F616463617374732061205A444F6F
S2140424B0204D676D74205065726D6974204A6F698B
S2140424C06E696E67207265717565737420746F200B
S2140424D0616C6C20726F75746572732E0041207384
S2140424E0696E676C65206279746520696E646963D9
S2140424F06174696E6720686F77206C6F6E672074EE
S2140425006865206465766963652073686F756C64B6
S2140425102068617665207065726D6974206A6F69DB
S2140425206E696E67207475726E6564206F6E2066C1
S2140425306F722E20412076616C7565206F662030A0
S214042540786666207475726E73206F6E207065727E
S2140425506D6974206A6F696E20696E646566696E5B
S2140425606974656C792E1F00436865636B73206E0F
S2140425706574776F726B20706A6F696E207374610E
S2140425807475732E005772697465732074686520B9
S214042590657874656E6465642070616E20494420B5
S2140425A0666F7220746865206465766963652E00BC
S2140425B065787470616E69641F0052656A6F696E2F
S2140425C07320616E206578697374696E67206E6522
S2140425D074776F726B20696E206120736563757201
S2140425E065206F7220696E736563757265206D6110
S2140425F06E6E657220776974682061206469666609
S2140426006572656E74206465766963652074797096
S214042610652E00426F6F6C65616E206E6574776F11
S214042620726B206B657920617661696C6162696C96
S2140426306974791F4368616E6E656C206D61736B97
S2140426401F416E20656E756D65726174696F6E20CC
S214042650696E6469636174696E6720746865206472
S2140426606576696365207479706520746F20726579
S2140426706A6F696E2061732E546865207374616393
S2140426806B206F6E6C79206163636570747320458C
S2140426904D4245525F454E445F44455649434520A6
S2140426A0616E6420454D4245525F534C4545505932
S2140426B05F454E445F4445564943452E1F005265C8
S2140426C04A6F696E732061206E6574776F726B2E25
S2140426D000426F6F6C65616E206E6574776F726B07
S2140426E0206B657920617661696C6162696C6974D6
S2140426F0791F4368616E6E656C206D61736B1F0095
S2140427004C65617665732061206E6574776F726BB5
S2140427102E005475726E73207065726D6974206A2B
S2140427206F696E696E67206F6E20666F72207468BC
S2140427306520616D6F756E74206F662074696D65B3
S21404274020696E646963617465642E004120736950
S2140427506E676C65206279746520696E646963616E
S21404276074696E6720686F77206C6F6E6720746874
S21404277065206465766963652073686F756C64208C
S21404278068617665207065726D6974206A6F696E1B
S214042790696E67207475726E206F6E20666F722E77
S2140427A020412076616C7565206F662030786666F9
S2140427B0207475726E73207065726D6974206A6F0A
S2140427C0696E20696E646566696E6974656C792ED7
S2140427D01F004A6F696E732061206E6574776F728E
S2140427E06B206F6E206120676976656E2063686172
S2140427F06E6E656C2C207769746820612067697634
S214042800656E20545820506F77657220616E642080
S21404281050414E2049442E00546865206368616E1A
S2140428206E656C206F6E20776869636820746F200D
S2140428306A6F696E20746865206E6574776F726B54
S2140428401F4F6E652D62797465207369676E6564C3
S2140428502076616C756520696E6469636174696E5F
S214042860672074686520545820506F77657220740A
S2140428706861742074686520726164696F20736887
S2140428806F756C642062652073657420746F1F54C2
S21404289068652050414E204944206F6E2077686951
S2140428A0636820746F206A6F696E20746865206E92
S2140428B06574776F726B1F00466F726D73206120AC
S2140428C06E6574776F726B206F6E20612067697611
S2140428D0656E206368616E6E656C2C20776974681B
S2140428E0206120676976656E20545820506F77659E
S2140428F07220616E642050414E2049442E00546874
S21404290065206368616E6E656C206F6E20776869FB
S214042910636820746F20666F726D20746865206E1D
S2140429206574776F726B1F4F6E652D6279746520C0
S2140429307369676E65642076616C756520696E647C
S21404294069636174696E6720746865205458205002
S2140429506F7765722074686174207468652072618C
S21404296064696F2073686F756C6420626520736594
S2140429707420746F1F5468652050414E20494420CB
S2140429806F6E20776869636820746F20666F726D57
S21404299020746865206E6574776F726B1F005468C8
S2140429A06973207365747320746865207468652081
S2140429B0616D6F756E74206F662074696D65206234
S2140429C065747765656E2073756273657175656E7B
S2140429D0742074727573742063656E746572206CEB
S2140429E0696E6B206B6579207570646174657320FD
S2140429F0696E206D696C6C697365636F6E64732EA3
S214042A000054686520616D6F756E74206F6620745F
S214042A10696D65206265747765656E20737562738B
S214042A20657175656E742074727573742063656E53
S214042A30746572206C696E6B206B657920757064A2
S214042A406174657320696E206D696C6C6973656367
S214042A506F6E64731F005072696E7473206F7574A2
S214042A602074686520656E747269657320696E20CB
S214042A7074686520737461636B7320726F75746514
S214042A80207461626C652E005072696E7473206FD8
S214042A9075742074686520656E7472696573206940
S214042AA06E2074686520737461636B73206E656949
S214042AB06768626F72207461626C652E005072697A
S214042AC06E7473206F75742074686520656E7472F6
S214042AD069657320696E2074686520737461636B1E
S214042AE073206368696C64207461626C652E0050A0
S214042AF072696E7473206F75742067656E65726193
S214042B006C20696E666F726D6174696F6E206162A7
S214042B106F757420746865207374617465206F66BD
S214042B202074686520737461636B2E00436C656162
S214042B30727320746865207363656E6573207461B0
S214042B40626C65206F6E20657665727920656E64AA
S214042B50706F696E742E005072696E747320696E9D
S214042B60666F726D6174696F6E2061626F75742032
S214042B7074686520636F6E74656E7473206F662068
S214042B80746865207363656E6573207461626C6532
S214042B902E00464F522054455354494E4720505514
S214042BA052504F534553202D206761746865722038
S214042BB074696D696E67206D6574726963732066E7
S214042BC06F72207265706F7274696E6720746162CA
S214042BD06C65206F7065726174696F6E732E004346
S214042BE06C6561727320746865206C6173742072FE
S214042BF065706F72742074696D65206F66206174E9
S214042C0074726962757465732E004164647320611E
S214042C10206E657720656E74727920746F207468F0
S214042C2065207265706F7274207461626C652E0024
S214042C30546865206C6F63616C20656E64706F69A0
S214042C406E742066726F6D20776869636820746896
S214042C506520617474726962757465206973207284
S214042C6065706F727465641F54686520636C757351
S214042C70746572207768657265207468652061746F
S214042C8074726962757465206973206C6F6361740D
S214042C9065641F546865204944206F66207468651F
S214042CA020617474726962757465206265696E6702
S214042CB0207265706F727465641F3020666F7220B0
S214042CC0636C69656E742D736964652061747472CF
S214042CD0696275746573206F72203120666F722086
S214042CE07365727665722D73696465206174747297
S214042CF06962757465731F546865206D696E696DC5
S214042D00756D207265706F7274696E6720696E7473
S214042D10657276616C2C206D6561737572656420CE
S214042D20696E207365636F6E64732E1F5468652026
S214042D306D6178696D756D207265706F7274696EF9
S214042D406720696E74657276616C2C206D6561739C
S214042D507572656420696E207365636F6E64732E86
S214042D601F546865206D696E696D756D20636861B2
S214042D706E676520746F2074686520617474726968
S214042D806275746520746861742077696C6C20724F
S214042D906573756C7420696E2061207265706F723D
S214042DA074206265696E672073656E742E1F005208
S214042DB0656D6F76657320616E20656E747279201A
S214042DC066726F6D20746865207265706F72742009
S214042DD07461626C652E0054686520696E6465785B
S214042DE0206F6620746865207265706F7274207434
S214042DF06F2062652072656D6F7665641F00436C94
S214042E006561727320616C6C20656E74726965739B
S214042E102066726F6D20746865207265706F7274B8
S214042E20207461626C652E005072696E747320742F
S214042E306865207265706F7274207461626C652EAA
S214042E4000537562747261637473206120636861F1
S214042E506E6E656C2066726F6D2065697468657247
S214042E6020746865207072696D617279206F7220B3
S214042E707365636F6E64617279206368616E6E65F4
S214042E806C206D61736B206F6620746865206E65B8
S214042E9074776F726B2D7374656572696E672063E1
S214042EA06F6D706F6E656E742E005468652063686F
S214042EB0616E6E656C206D61736B20746F20737524
S214042EC062747261637420746865206368616E6EF0
S214042ED0656C2066726F6D1F546865206368616E4A
S214042EE06E656C20746F20737562747261637420EF
S214042EF0746865206D61736B2066726F6D1F004188
S214042F006464732061206368616E6E656C20746F00
S214042F102065697468657220746865207072696DCE
S214042F20617279206F72207365636F6E6461727963
S214042F30206368616E6E656C206D61736B206F66CE
S214042F4020746865206E6574776F726B2D73746574
S214042F506572696E6720636F6D706F6E656E742E32
S214042F6000546865206368616E6E656C206D6173DD
S214042F706B20746F206164642061206368616E6EE8
S214042F80656C20746F1F546865206368616E6E6597
S214042F906C20746F2061646420746F2074686520EC
S214042FA06D61736B1F00536574732065697468657F
S214042FB07220746865207072696D617279206F7210
S214042FC0207365636F6E64617279206368616E6EE8
S214042FD0656C206D61736B2E0054686520636861B0
S214042FE06E6E656C206D61736B20746F20737562F2
S214042FF0747261637420746865206368616E6E65BC
S2140430006C2066726F6D1F5468652076616C7565FA
S21404301020746F2073657420746865206368616E1D
S2140430206E656C206D61736B20746F2E1F00536584
S214043030747320746865207072652D636F6E66699C
S2140430406775726564206B657920736F2074686198
S2140430507420746865206A6F696E696E672064659B
S214043060766963652063616E20656E74657220748C
S2140430706865206E6574776F726B2E005365747383
S2140430802074686520707265636F6E666967757212
S2140430906564206B65791F0053746F7073207468C1
S2140430A065206E6574776F726B20737465657269DC
S2140430B06E672070726F636573732E00537461724B
S2140430C0747320746865206E6574776F726B2073F2
S2140430D074656572696E672070726F636573732EAC
S2140430E00041206D61736B206F66206F7074696F8A
S2140430F06E7320666F7220696E6469636174696EAC
S21404310067207370656369666963206265686176C3
S214043110696F722077697468696E20746865206EBA
S2140431206574776F726B2D7374656572696E67204C
S21404313070726F636573732E1F00446973706C61DD
S2140431407973207468652063757272656E74207373
S2140431507461747573206F6620746865206E657478
S214043160776F726B207374656572696E6720707210
S2140431706F636573732E00536574732074686520DB
S2140431805443204C696E6B206B657920666F722001
S21404319061206469737472696275746564206E650F
S2140431A074776F726B2E00546865207072652D6399
S2140431B06F6E666967757265642064697374726994
S2140431C06275746564206B65792074686174207414
S2140431D06865206A6F696E696E67206465766963E0
S2140431E0652077696C6C2075736520746F20656E36
S2140431F074657220746865206E6574776F726B1FD1
S214043200004F70656E7320746865206E6574776F02
S214043210726B207468617420776F756C64206F6EAF
S2140432206C7920616C6C6F7720746865206E6F64AF
S21404323065207769746820746865207370656369AF
S214043240666965642045554920616E64206C696E24
S2140432506B206B6579207061697220746F206A6FC9
S214043260696E2E00546865204555493634206F66CD
S21404327020746865206A6F696E696E672064657677
S2140432806963651F546865206C696E6B206B65798D
S214043290207468617420746865206A6F696E696E4C
S2140432A067206465766963652077696C6C2075733E
S2140432B06520746F20656E74657220746865206E70
S2140432C06574776F726B1F00436C6F73657320743D
S2140432D06865206E6574776F726B20666F72206AFD
S2140432E06F696E696E672E004F70656E7320746822
S2140432F065206E6574776F726B20666F72206A6FD6
S214043300696E696E672E00436C6561727320616C2A
S2140433106C206F6620746865206A6F696E696E67D4
S214043320206C696E6B206B6579732073746F72659D
S2140433306420696E2074686520737461636B2E0064
S2140433405365747320746865206C696E6B206B65B6
S2140433507920746861742061207370656369666996
S21404336063206A6F696E696E672064657669636553
S2140433702077696C6C20757365207768656E206AA3
S2140433806F696E696E6720746865206E6574776F02
S214043390726B2E205468697320636F6D6D616E6462
S2140433A02063616E20626520616C736F2062652005
S2140433B07573656420746F2061646420696E737429
S2140433C0616C6C20636F64652D64657269766564F0
S2140433D0206C696E6B206B6579732E2049662061BC
S2140433E06C6C204646732061726520656E74657247
S2140433F0656420666F7220746865204555493634C6
S21404340020666F7220746865206A6F696E696E67DD
S214043410206465766963652C207468656E2074681C
S2140434206973206C696E6B206B65792077696C6CA8
S214043430206265207573656420666F7220616C6C0B
S214043440206A6F696E696E67206465766963657362
S21404345020776974686F75742061206A6F696E6975
S2140434606E67206B657920656E7472792E005072D3
S214043470696E747320746865207374617475732040
S2140434806F6620746865206E6574776F726B2D6343
S214043490726561746F7220636F6D706F6E656E74A3
S2140434A02E00536574732061206368616E6E656CCC
S2140434B0206D61736B2E00546865206D61736B20FC
S2140434C020746F207365742E20312063686F6F73C9
S2140434D0657320746865207072696D617279206303
S2140434E068616E6E656C206D61736B2E20416E791B
S2140434F0206F7468657220617267756D656E7420DE
S21404350063686F6F73657320746865207365636F93
S2140435106E64617279206368616E6E656C206D619D
S214043520736B2E1F54686520626974206D61736B1B
S21404353020746F20776869636820746F20736574DD
S214043540207468652063686F73656E206368616EB7
S2140435506E656C206D61736B2E1F005375627472FA
S214043560616374732061206368616E6E656C2066A7
S214043570726F6D20746865206368616E6E656C207A
S2140435806D61736B206F662063686F6963652E00D8
S214043590546865206D61736B2066726F6D20776862
S2140435A069636820746F2073756274726163742033
S2140435B0746865206368616E6E656C2E20312063C6
S2140435C0686F6F73657320746865207072696D61C7
S2140435D07279206368616E6E656C206D61736B2E04
S2140435E020416E79206F7468657220617267756D0C
S2140435F0656E742063686F6F7365732074686520E6
S2140436007365636F6E64617279206368616E6E655C
S2140436106C206D61736B2E1F546865206368616E41
S2140436206E656C20746F20737562747261637420A7
S21404363066726F6D20746865206368616E6E656C73
S214043640206D61736B1F004164647320612063689E
S214043650616E6E656C20746F2074686520636861A3
S2140436606E6E656C206D61736B206F662063686F89
S2140436706963652E00546865206D61736B20746FF2
S21404368020776869636820746F20616464207468B6
S21404369065206368616E6E656C2E20312063686FEA
S2140436A06F73657320746865207072696D617279D2
S2140436B0206368616E6E656C206D61736B2C20618F
S2140436C06E79206F7468657220617267756D656EB9
S2140436D0742063686F6F7365732074686520736500
S2140436E0636F6E64617279206368616E6E656C20C8
S2140436F06D61736B2E1F546865206368616E6E651A
S2140437006C20746F2061646420746F207468652074
S2140437106368616E6E656C206D61736B1F00466F27
S214043720726D732061206E6574776F726B20776993
S2140437307468207370656369666965642070617275
S214043740616D65746572732E00576865746865727A
S214043750206F72206E6F7420746F20666F726D20F7
S214043760612063656E7472616C697A6564206E6547
S21404377074776F726B2E204966207468697320769E
S214043780616C75652069732066616C73652C2074A2
S2140437906865206465766963652077696C6C20616A
S2140437A07474656D707420746F206A6F696E20611E
S2140437B0206469737472696275746564206E6574D6
S2140437C0776F726B2E1F50616E4944206F662074AB
S2140437D06865206E6574776F726B20746F206265FF
S2140437E020666F726D65641F547820706F776572FB
S2140437F0206F6620746865206E6574776F726B2020
S214043800746F20626520666F726D65641F4368611D
S2140438106E6E656C206F6620746865206E657477BE
S2140438206F726B20746F20626520666F726D6564BC
S2140438301F0053746F707320746865206E65747708
S2140438406F726B20666F726D6174696F6E20707232
S2140438506F636573732E0053746172747320746897
S21404386065206E6574776F726B20666F726D617417
S214043870696F6E2070726F636573732E0057686588
S21404388074686572206F72206E6F7420746F206681
S2140438906F726D20612063656E7472616C697A65FF
S2140438A064206E6574776F726B2E20496620746888
S2140438B069732076616C75652069732066616C7324
S2140438C0652C20746865206465766963652077696D
S2140438D06C6C20617474656D707420746F206A6FEC
S2140438E0696E2061206469737472696275746564B4
S2140438F0206E6574776F726B2E1F0053656E64209E
S214043900616E20696E74657270616E206D65737386
S21404391061676520746F20616E20382D6279746546
S2140439202045554936342E004C6F6E672049441F97
S21404393044657374696E6174696F6E2050414E20DD
S21404394049441F44657374696E6174696F6E2050D0
S214043950726F66696C652049441F456E63727970A0
S21404396074204F7074696F6E731F0053656E642005
S214043970616E20696E74657270616E206D65737316
S21404398061676520746F20612073686F72742069A4
S214043990642E0053686F72742049441F4465737420
S2140439A0696E6174696F6E2050414E2049441F440D
S2140439B0657374696E6174696F6E2050726F6669A0
S2140439C06C652049441F0053656E6420616E20694F
S2140439D06E74657270616E206D65737361676520C1
S2140439E0746F20612067726F75702069642E0047BB
S2140439F0726F75702049441F44657374696E6174F0
S214043A00696F6E2050414E2049441F4465737469A3
S214043A106E6174696F6E2050726F66696C652049BA
S214043A20441F0053657473207468652074696D655B
S214043A306F757420666F7220696E7465722D5041BE
S214043A404E206D657373616765732073656E7420AD
S214043A50616E642072656365697665642E004D65E3
S214043A6073736167652074696D656F757420696E1C
S214043A70207365636F6E64731F0053656E647320F2
S214043A8061206D657373616765206F66207370656A
S214043A90636966696564206C656E677468206F6622
S214043AA02072616E646F6D2076616C756573207428
S214043AB06F20746172676574206465766963652037
S214043AC06F76657220696E7465722D50414E2E00B5
S214043AD05468652050414E2049442074686174201F
S214043AE074686520746172676574206973206C6FEE
S214043AF06361746564206F6E1F5468652074617218
S214043B0067657473204555493634202862696720F2
S214043B10656E6469616E291F54686520636C7573ED
S214043B207465722049442074686174207468652042
S214043B3073616D706C65206D657373616765207362
S214043B40686F756C6420636F6E7461696E1F546869
S214043B5065206C656E677468206F662074686520DF
S214043B6072616E646F6D6C792D66696C6C65642029
S214043B706D65737361676520746F20626520736575
S214043B806E74206163726F737320696E7465722D30
S214043B9050414E1F0044697361626C657320696E00
S214043BA07465722D50414E20676C6F62616C6C793F
S214043BB02E00456E61626C657320696E7465722DA5
S214043BC050414E20676C6F62616C6C792E005072A7
S214043BD0696E7420776869636820656E64706F69BF
S214043BE06E747320617265207265706F7274696E8C
S214043BF0672E00436C656172732074686520677273
S214043C006F757073207461626C65206F6E206576C4
S214043C1065727920656E64706F696E74005072699F
S214043C206E747320696E666F726D6174696F6E2050
S214043C3061626F75742074686520636F6E74656E58
S214043C407473206F66207468652067726F7570736E
S214043C50207461626C652E005573656420746F2051
S214043C6073657420746865206B657920666F7220AE
S214043C70612070726F7879207461626C6520656E5D
S214043C807472792E001F536F757263652049442041
S214043C906F66207468652066616B6520696E636F65
S214043CA06D696E67206D6573736167651F00557374
S214043CB0656420746F20696E737472756D656E74B6
S214043CC0207468652063757272656E742064657608
S214043CD069636520726563656976696E672061202D
S214043CE06D6573736167652C20696E206F726465F9
S214043CF07220746F2074657374207468652064750C
S214043D00706C6963617465206D65737361676520A3
S214043D1066696C746572696E672066756E6374692D
S214043D206F6E616C6974792E001F536F75726365CC
S214043D30204944206F66207468652066616B6520A0
S214043D40696E636F6D696E67206D65737361676511
S214043D501F1F00436C65617273207468652070725F
S214043D606F7879207461626C652E005072696E7487
S214043D7073207468652070726F7879207461626C41
S214043D80652E0052656D6F76657320612073696ECB
S214043D906B20666F72206120676976656E204750D7
S214043DA0442E20204966206974206973207468654F
S214043DB0206C6173742073696E6B2C2072656D6F52
S214043DC0766573207468652070726F7879207461E4
S214043DD0626C6520656E7472792E004750442053D9
S214043DE06F757263652049441F53696E6B7320496F
S214043DF045454520616464726573731F0052656DA2
S214043E006F766573206120676976656E2047504437
S214043E102066726F6D207468652070726F787920E2
S214043E207461626C652E0047504420536F7572634C
S214043E30652049441F004164647320612067726FE3
S214043E407570636173742073696E6B20666F72207D
S214043E506120676976656E204750442E00475044BB
S214043E6020536F757263652049441F53696E6B2037
S214043E7067726F75701F00416464732061207369F4
S214043E806E6B20666F72206120676976656E2047C8
S214043E9050442E005365747320612070726F7879D5
S214043EA0207461626C6520656E7472792E00496EAA
S214043EB064657820746F2070726F787920746162FC
S214043EC06C651F47504420536F75726365204944E0
S214043ED01F53696E6B73206E6F6465206164647231
S214043EE06573731F1F004D616B6573207468697377
S214043EF0206E6F6465207374617274206964656EE5
S214043F0074696679696E67206173206120746172D2
S214043F1067657420666F722062696E64696E6720D6
S214043F207769746820616E20696E69746961746F5C
S214043F3072206E6F64652E0054686520656E64702A
S214043F406F696E74206F6E20776869636820746F7B
S214043F5020626567696E207468652046696E6469C8
S214043F606E6720616E642042696E64696E672074B1
S214043F7061726765742070726F636573731F0045A2
S214043F806E61626C652F64697361626C652064653A
S214043F9062756720606C6567616379206170702064
S214043FA06672616D65776F726B20646562756760B3
S214043FB0207072696E7420747970652E00456E6187
S214043FC0626C652F64697361626C651F00456E617F
S214043FD0626C652F64697361626C652064656275E2
S214043FE06720607A636C60207072696E74207479DE
S214043FF070652E00456E61626C652F64697361623C
S2140440006C652064656275672060617070602070FE
S21404401072696E7420747970652E00456E61626CE8
S214044020652F64697361626C6520646562756720D8
S21404403060636F726560207072696E742074797044
S214044040652E00456E61626C652F64697361626CEF
S214044050652064656275672060737461636B6020B5
S2140440607072696E7420747970652E0053656E6480
S214044070732061207265717565737420666F722093
S2140440804F544120636F756E746572732E005265CB
S2140440907365747320616C6C207468726573686FE2
S2140440A06C64732076616C75657320746F20307849
S2140440B0464646462E005365747320612074687223
S2140440C06573686F6C642076616C756520666F72C4
S2140440D0206120706172746963756C6172207479F2
S2140440E07065206F6620636F756E7465722E00545B
S2140440F0797065206F6620636F756E7465721F54E1
S21404410068726573686F6C642056616C75651F0011
S2140441105072696E7473207468652074687265736F
S214044120686F6C6473206F6620616C6C20746865BD
S21404413020636F756E746572732E00436C656172CE
S2140441407320616C6C20636F756E74657220766183
S2140441506C7565732E005072696E747320616C6C96
S21404416020636F756E7465722076616C7565732E48
S214044170005072696E7473207468652076616C757D
S21404418065206F6620746869732070617274696351
S214044190756C617220636F756E7465722E00546858
S2140441A06520636F756E746572207479706520740B
S2140441B06F207072696E741F005072696E7473207B
S2140441C0616C6C20636F756E7465722076616C75B5
S2140441D0657320616E6420636C6561727320746815
S2140441E0656D2E00536574204D464720746F6B65CD
S2140441F06E2C2043414E4E4F5420424520554E537C
S214044200455420425920434C492E005072696E741E
S214044210204D464720746F6B656E2E005072696E93
S2140442207420616374697665206576656E74732E92
S2140442300044697361626C652074686520656E6409
S214044240706F696E7420666F72205A434C206D65D9
S2140442507373616765732E00456E64706F696E7460
S21404426020696E6465781F00456E61626C65732014
S21404427074686520656E64706F696E7420666F720C
S214044280205A434C206D657373616765732E005026
S21404429072696E7420737461747573206F6620651A
S2140442A06E64706F696E74732E0053686F77732034
S2140442B07468652076657273696F6E206F66207405
S2140442C0686520736F6674776172652E0053657433
S2140442D02074686520636F6E66696775726564200E
S2140442E03830322E31352E3420434341206D6F64EE
S2140442F06520696E2074686520726164696F2E207B
S21404430053656520646F63756D656E746174696F5B
S2140443106E20726567617264696E67205241494C0B
S2140443205F494545453830323135345F4363614D26
S2140443306F64655F742E0041205241494C5F4945C5
S21404434045453830323135345F4363614D6F6465BB
S2140443505F742076616C75651F0052657475726EA5
S214044360732050544920726164696F20636F6E66CF
S214044370696720696E666F726D6174696F6E20740A
S2140443806F2064657465726D696E65207468652057
S2140443905048592074797065206265696E67207587
S2140443A0736564206279205241494C2E20726574EC
S2140443B075726E2076616C756520697320656E75FE
S2140443C06D205241494C5F494545453830323135B8
S2140443D0345F507469526164696F436F6E666967CF
S2140443E05F7420652E6720205241494C5F4945453D
S2140443F0453830323135345F5054495F5241444970
S2140444004F5F434F4E4649475F32503447485A2021
S2140444103D203078303055205241494C5F4945455F
S214044420453830323135345F5054495F524144493F
S2140444304F5F434F4E4649475F32503447485A5FB2
S214044440414E54444956203D203078303155205250
S21404445041494C5F494545453830323135345F5023
S21404446054495F524144494F5F434F4E4649475F64
S21404447032503447485A5F434F4558203D203078E1
S214044480303255205241494C5F4945454538303213
S2140444903135345F5054495F524144494F5F434F6E
S2140444A04E4649475F32503447485A5F414E54445B
S2140444B049565F434F4558203D20307830335500E9
S2140444C053656E6473206120726561642061747440
S2140444D07220666F72207468652074696D65206F3B
S2140444E06620746865206465766963652073706504
S2140444F06369666965642E20497420736574732045
S2140445006120666C616720736F207768656E20692A
S2140445107420676574732074686520726573706FA1
S2140445206E73652069742077726974657320746885
S214044530652074696D6520746F20697473206F77C5
S2140445406E2074696D6520617474722E0049641F50
S214044550737263456E64706F696E741F64657374FA
S214044560456E64706F696E741F005768656E2073BD
S214044570656E64696E67207573696E672061206274
S214044580696E64696E672C20737065636966696515
S2140445907320776865746865722061206D756C7425
S2140445A069636173742062696E64696E67207368F8
S2140445B06F756C6420626520757365642E00757370
S2140445C0654D756C74696361737442696E64696E73
S2140445D0671F0053656E64732061207072652D62D8
S2140445E075666665726564206D756C74696361735F
S2140445F074206D65737361676520746F206120672E
S2140446006976656E2067726F7570204944206672FD
S2140446106F6D206120676976656E20656E64706FC5
S214044620696E742E0067726F757049641F737263C7
S2140446302D656E64706F696E741F004372656174D5
S21404464065732061206D65737361676520627920E8
S21404465073706563696679696E672074686520722D
S21404466061772062797465732E20557365207468AB
S214044670652073656E6420636F6D6D616E6420746F
S2140446806F2073656E6420746865206D657373614E
S2140446906765206F6E6365206974206861732062A5
S2140446A065656E20637265617465642E2045783A8C
S2140446B02072617720307830303046207B303020CE
S2140446C03041203030203131203232203333203410
S2140446D0342035357D2073656E64732061206D65E6
S2140446E0737361676520746F20636C757374657289
S2140446F0203135202830783030304629206F662027
S2140447006C656E677468203820776869636820690A
S2140447106E636C7564657320746865205A434C2018
S2140447206865616465722E00436C757374657249BE
S214044730641F446174611F0052657365747320744A
S2140447406865206E6F64652E005772697465732001
S21404475061206D6573736167652E00456E64706FC6
S214044760696E741F436C75737465722049441F41E7
S21404477074747269627574652049441F4D61736B65
S2140447801F4461746120747970651F4461746120EC
S214044790627974651F0052656164732061206D65DB
S2140447A073736167652E00456E64706F696E741F5F
S2140447B0436C75737465722049441F41747472693E
S2140447C0627574652049441F3120696620736572DA
S2140447D076657220646972656374696F6E2C203026
S2140447E020696620636C69656E742064697265630B
S2140447F074696F6E1F0053656E64732061206D6567
S21404480073736167652E0044657374696E617469B9
S2140448106F6E1F536F7572636520656E64706F6983
S2140448206E741F44657374696E6174696F6E206577
S2140448306E64706F696E741F00536F7572636520C3
S214044840656E64706F696E741F004C6973747320B0
S2140448507768696368206F7074696F6E616C206C2A
S2140448606962726172696573206F66207468652078
S214044870737461636B2061726520696D706C656D1D
S214044880656E746564206F6E207468697320646551
S214044890766963652E005072696E747320696E665D
S2140448A06F726D6174696F6E2061626F75742074C7
S2140448B06865206E6574776F726B207374617465B7
S2140448C02C20636C7573746572732C20616E64207F
S2140448D0656E64706F696E74732E00536574206F12
S2140448E07220636C656172207374617920617761EC
S2140448F06B65207768656E206E6F74206A6F696ECC
S214044900656400536574206F7220636C6561722061
S214044910666F726365206177616B650044697370C6
S2140449206C61792074686520736C65657020737497
S2140449306174757300000000E00204006C630400F8
S21404494000000000E50204005C63040000000000B0
S214044950EA0204004C63040000000000EB020400BA
S2140449603C63040000000000BCC804002863040084
S21404497000000000AFC80400146304000000000038
S214044980F00204000463040000000000F6020400C1
S214044990F462040000000000FA020400E46204006A
S2140449A00000000009030400D462040000000000B4
S2140449B026030400C4620400000000002F03040061
S2140449C0B46204000000000044030400A46204006F
S2140449D00000000054030400946204000000000079
S2140449E05C030400546204000000000007E80400AE
S2140449F0A05704000000000014D40400E05604008D
S214044A000000000063030400E455040000000000F6
S214044A1070030400884F04000000000045D404001E
S214044A20604E04000000000077030400604E04009B
S214044A3001000000C2B40400204E04000000000080
S214044A407B030400E44C040000000000E982040038
S214044A50E44C04000100000070030400884F0400C6
S214044A600000000082030400884F040001000000D8
S214044A7087030400B04C0400000000009103040007
S214044A80B04C04000100000099030400E04A04004E
S214044A9000000000FA9B0400AC4A0400000000007A
S214044AA0000000000000000000000000BC4A0400F3
S214044AB09D030400C1DB0400FE000000B5030400EF
S214044AC0C85904000000000012D60400B8590400B7
S214044AD000000000000000000000000000000000CD
S214044AE0F04A0400BA030400C1DB0400FE00000020
S214044AF0D0030400485B040000000000D603040052
S214044B00385B040000000000DC030400285B04009B
S214044B1000000000E5030400185B04000000000029
S214044B20EF030400085B04000000000038C2040021
S214044B30D05A04000000000056A00400BC5A04002A
S214044B4000000000F5030400AC5A04000000000056
S214044B50399C04009C5A040000000000FA03040078
S214044B608C5A040000000000010404007C5A04006F
S214044B7000000000060404006C5A04000000000054
S214044B800A0404007C4C0400000000001104040025
S214044B90244C04000000000019040400F04B040038
S214044BA00000000025040400BC4B040000000000C4
S214044BB0000000000000000000000000CC4B0400D1
S214044BC030040400C1DB0400FE000000B5660400E7
S214044BD0E859040000000000AAD70400D8590400CD
S214044BE000000000000000000000000000000000BC
S214044BF0004C040051040400C1DB0400FE00000065
S214044C00B5660400085A040000000000AAD7040091
S214044C10F859040000000000000000000000000036
S214044C2000000000344C040073040400C1DB0400DC
S214044C30FE00000091040400585A0400000000001E
S214044C4036090400485A040000000000A0040400CA
S214044C50385A040000000000A5040400285A040082
S214044C6000000000AC040400185A04000000000011
S214044C700000000000000000000000008C4C04004F
S214044C80B1040400C1DB0400FE00000041C00400BF
S214044C90F45A040000000000CE040400E05A0400A5
S214044CA000000000000000000000000000000000FB
S214044CB0C04C0400D6040400C1DB0400FE0000005F
S214044CC05BC60400885B04000000000045D40400B2
S214044CD0785B0400000000000000000000000000F4
S214044CE000000000F44C0400F2040400C1DB0400DD
S214044CF0FE0000000B050400385C04000000000001
S214044D00FD010400285C04000000000014050400F3
S214044D10185C0400000000005BC60400685B040026
S214044D200000000019050400585B040000000000A1
S214044D3026050400E04D04000000000034050400CD
S214044D40AC4D040000000000420504006C4D040055
S214044D500000000014D40400E05604000000000024
S214044D600000000000000000000000007C4D04006D
S214044D704B050400C1DB0400FE000000C06504000F
S214044D80085C040000000000D1650400F85B040021
S214044D900000000069050400E85B04000000000051
S214044DA0000000000000000000000000BC4D0400ED
S214044DB071050400C1DB0400FE0000009B0504002E
S214044DC0585C040000000000A2050400485C0400CF
S214044DD000000000000000000000000000000000CA
S214044DE0F04D0400AA050400C1DB0400FE00000028
S214044DF0FA9B04008C5C040000000000AAD70400A0
S214044E007C5C04000000000036090400685C0400B2
S214044E100000000000000000000000000000000089
S214044E20304E0400CA050400C1DB0400FE00000086
S214044E30FA9B0400BC5C040000000000EA050400C1
S214044E40AC5C040000000000AAD704009C5C0400CC
S214044E500000000000000000000000000000000049
S214044E60704E0400F1050400C1DB0400FE000000DF
S214044E700B060400F05D04000000000062D7040086
S214044E80E05D0400000000003E060400D05D04005F
S214044E9000000000EF030400C05D040000000000F2
S214044EA07DD70400B05D0400000000001006040076
S214044EB0A05D04000000000028060400905D0400C5
S214044EC00000000031060400805D040000000000BD
S214044ED038060400705D0400000000004406040068
S214044EE0405D04000000000036090400305D040044
S214044EF00000000053060400205D040000000000CB
S214044F0029670400105D0400000000005806040031
S214044F10005D0400000000006F060400F05C04005E
S214044F200000000083060400DC5C040000000000AF
S214044F3093060400CC5C040000000000A2060400F3
S214044F40544F0400000000000000000000000000B1
S214044F5000000000644F0400A7060400C1DB040040
S214044F60FE000000BE060400605D040000000000B1
S214044F70C7060400505D04000000000000000000A6
S214044F800000000000000000984F0400C1DB04008D
S214044F90C1DB0400FE000000CE060400E057040057
S214044FA000000000D9060400645604000000000057
S214044FB0E2060400BC55040000000000F0060400ED
S214044FC034550400000000000307040000550400E4
S214044FD00000000011070400D8540400000000007C
S214044FE01A070400685404000000000023070400A5
S214044FF0D053040000000000330704006C53040080
S214045000000000004C070400D45204000000000016
S214045010E8BF040070520400000000003CC1040015
S2140450203C520400000000005D070400F051040038
S214045030000000006F070400C851040000000000D0
S214045040820704005850040000000000000000001E
S21404505000000000000000006850040094070400EC
S214045060C1DB0400FE0000000B060400A85904007F
S21404507000000000B70704006859040000000000A0
S2140450805BC6040058590400000000001107040021
S2140450904859040000000000E002040038590400E7
S2140450A000000000BD0704002459040000000000AE
S2140450B007E804001059040000000000B10F0400C3
S2140450C000590400000000009EB30400F0580400D9
S2140450D000000000C4070400E058040000000000BC
S2140450E0CBB30400D0580400000000000DC4040034
S2140450F0C058040000000000BE060400B0580400B7
S21404510000000000C7060400A058040000000000C9
S214045110F00204009058040000000000D6070400C3
S2140451208058040000000000E607040070580400DD
S21404513000000000A20504006058040000000000FF
S2140451409B0504005058040000000000F207040009
S2140451504058040000000000FC0704003058040017
S21404516000000000090804002058040000000000A5
S214045170A0040400885104000000000000000000A1
S2140451800000000000000000985104001608040007
S214045190C1DB0400FE000000220D04009859040040
S2140451A000000000110704008859040000000000F5
S2140451B0F00204007859040000000000000000001B
S2140451C00000000000000000D85104002C08040071
S2140451D0C1DB0400FE00000050080400005E04006A
S2140451E000000000000000000000000000000000B6
S2140451F00052040056080400C1DB0400FE00000050
S214045200E0020400405E0400000000007A08040087
S214045210305E04000000000086080400205E0400DF
S2140452200000000095080400105E04000000000062
S2140452300000000000000000000000004C520400C3
S214045240A1080400C1DB0400FE000000FA9B040071
S214045250605E040000000000AAD70400505E04004C
S2140452600000000000000000000000000000000035
S21404527080520400BA080400C1DB0400FE000000EB
S214045280FA9B0400C45E040000000000AAD70400D1
S214045290B45E040000000000D6080400A45E040007
S2140452A000000000B5660400905E040000000000E4
S2140452B0DD080400805E040000000000F40804001A
S2140452C0705E040000000000000000000000000003
S2140452D000000000E452040000090400C1DB0400DE
S2140452E0FE0000000DC40400345F0400000000004B
S2140452F08D060400245F0400000000000767040015
S214045300145F04000000000023090400045F040086
S21404531000000000CBB304002C530400000000007F
S2140453200000000000000000000000003C530400E1
S2140453303A090400C1DB0400FE000000360904003C
S214045340F45E040000000000B5660400E45E040099
S2140453500000000050090400D45E040000000000B1
S2140453600000000000000000000000007C53040061
S21404537059090400C1DB0400FE000000840904008F
S214045380945F04000000000099090400845F040090
S21404539000000000B1090400745F0400000000006F
S2140453A0BE090400645F040000000000CC09040089
S2140453B0545F040000000000DA090400445F04009F
S2140453C000000000000000000000000000000000D4
S2140453D0E0530400EE090400C1DB0400FE000000F4
S2140453E08D0604000860040000000000076704003F
S2140453F0F85F0400000000000B060400E45F0400ED
S214045400000000000DC40400A45F040000000000B7
S214045410CBB3040028540400000000000000000081
S214045420000000000000000038540400100A0400C5
S214045430C1DB0400FE000000B5660400D45F04006F
S2140454400000000050090400C45F040000000000CF
S21404545036090400B45F04000000000000000000E9
S214045460000000000000000078540400260A04002F
S214045470C1DB0400FE0000009B05040080600400FD
S21404548000000000A2050400706004000000000094
S214045490410A04005C600400000000004F0A040097
S2140454A04C6004000000000041C004003C6004009E
S2140454B00000000011E604002C6004000000000058
S2140454C05F0A0400186004000000000000000000EA
S2140454D00000000000000000E8540400640A040011
S2140454E0C1DB0400FE000000FA9B04009060040088
S2140454F000000000000000000000000000000000A3
S214045500105504007E0A0400C1DB0400FE000000FF
S214045510FA9B0400B060040000000000AAD7040050
S214045520A06004000000000000000000000000006E
S21404553000000000445504009E0A0400C1DB040079
S214045540FE000000C20A04004061040000000000DF
S214045550D20A04003061040000000000DB0A0400E4
S2140455602061040000000000EA0A04001061040040
S21404557000000000F10A04000061040000000000BE
S214045580F90A0400F0600400000000000B0B04009D
S214045590E0600400000000001D0B0400D06004005E
S2140455A000000000330B0400C0600400000000008C
S2140455B0000000000000000000000000CC550400BD
S2140455C03B0B0400C1DB0400FE000000FD010400E8
S2140455D05461040000000000000000000000000009
S2140455E000000000F4550400C1DB0400C1DB040025
S2140455F0FE0000005B0B04000C56040000000000D4
S2140456000000000000000000000000001C5604001B
S214045610C1DB0400C1DB0400FE000000670B0400CD
S214045620A46104000000000065EB0400946104001B
S214045630000000006D0B04008461040000000000FC
S214045640710B04007461040000000000750B040074
S2140456506461040000000000000000000000000078
S2140456600000000074560400850B0400C1DB04002F
S214045670FE000000FA9B0400246204000000000000
S214045680A00B04001462040000000000B30B040026
S2140456900462040000000000AAD70400F4610400B9
S2140456A000000000C00B0400E461040000000000D9
S2140456B0D10B0400D461040000000000DF0B0400DA
S2140456C0C461040000000000F00B0400B461040090
S2140456D000000000000000000000000000000000C1
S2140456E0F0560400FD0B0400C1DB0400FE000000BD
S2140456F0170C0400B85B0400000000004A0C040009
S214045700A85B040000000000850C0400985B0400FD
S214045710000000009C0C04006C570400000000000D
S214045720A60C040038570400000000000000000027
S214045730000000000000000048570400AA0C040003
S214045740C1DB0400FE000000C0650400D85B040052
S21404575000000000D1650400C85B040000000000DF
S2140457600000000000000000000000007C57040059
S214045770C90C0400C1DB0400FE000000BFAA04003C
S2140457804462040000000000360904003462040089
S2140457900000000000000000000000000000000000
S2140457A0B0570400DC0C0400C1DB0400FE0000005B
S2140457B0FA9B040084620400000000009B050400B9
S2140457C07462040000000000A20504006462040081
S2140457D000000000000000000000000000000000C0
S2140457E0F0570400F70C0400C1DB0400FE000000C0
S2140457F00DC404009C63040000000000290D04008E
S2140458008C63040000000000350D04007C63040073
S214045810000000000000000000000000000000007F
S214045820A11C01004B0D0400C1DB0400FF000000B6
S2140458307D1C0100680D0400C1DB0400FF000000AD
S214045840451C0100810D0400A00D040002FF0000A9
S214045850E11E0100C30D0400C1DB0400FF000000CC
S214045860F91E0100160E0400C1DB0400FF00000050
S214045870C91E01006A0E0400C1DB0400FF0000001C
S214045880B11E0100AE0E0400C1DB0400FF000000E0
S214045890258D0300E20E0400C1DB0400FF000000B7
S2140458A0218D03000A0F0400C1DB0400FF00000082
S2140458B0A51E01004A0F0400C1DB0400FF0000001F
S2140458C0651E0100920F0400C1DB0400FF00000007
S2140458D02D1E0100B80F04009410040000FF000001
S2140458E0F11D0100BE100400FA10040000FF0000C1
S2140458F0911D0100BE1004001C11040000FF0000EE
S214045900D11C01003C110400C1DB0400FF000000B0
S214045910C91B0100521104007E110400010000009E
S214045920FF0000004D1B01006B12040098120400D7
S21404593001000000FF000000951A0100881304000F
S214045940B9130400010000FF1F8D03007114040046
S214045950CC14040001FF0000891A01005B15040042
S214045960C1DB0400FF0000001B8D03007E1504004D
S214045970C1DB0400FF000000178D03009E15040021
S214045980C1DB0400FF000000178D0300E2150400CD
S214045990C1DB0400FF000000178D03003716040067
S2140459A0C1DB0400FF000000511A01008E1604003B
S2140459B0A3160400000301FFF37703001C1704007A
S2140459C0C1DB0400FF000000EF7703002917040082
S2140459D0C1DB0400FF0000000D9700003B17040025
S2140459E0C1DB0400FF000000A9960000681704004D
S2140459F0301F040001FF00000D970000A8170400E4
S214045A00C1DB0400FF000000A9960000D6170400BE
S214045A10301F040001FF000041970000171804001F
S214045A203818040000FF00004197000041180400E5
S214045A309E1804000000FF00CD970000AC18040078
S214045A40C5180400010001FF39980000EA18040094
S214045A502C1904000102FF00CD970000421904002F
S214045A607119040001000102FF0000008D9500007A
S214045A70A2190400DE19040007FF0000AD9500001B
S214045A80E4190400171A040001FF0000C195000081
S214045A901F1A04006F1A04000100FF00E9990000B1
S214045AA0841A0400D51A04000101FF00F1950000D1
S214045AB0E51A04001F1B040001FF00001D960000E9
S214045AC0271B0400701B0400010000010707FF00E9
S214045AD069980000C21B0400171A040001FF0000A6
S214045AE0719900000A1C04004E1C04000107000102
S214045AF00700FF006D780300A31C0400E91C0400E3
S214045B000107000101FF0000F1980000251D0400B4
S214045B10601D0400010000FFC19800007E1D040003
S214045B20C21D04000100FF0091980000D51D04006A
S214045B30C21D04000100FF0041990000141E040069
S214045B401F1B040001FF0000B19900004F1E040053
S214045B50801E04000100FF0081830000C1DB0400F6
S214045B608E1E0400000707FF19830000C1DB040033
S214045B70A71E0400000707FF71880000C1DB0400AD
S214045B80B31E040007FF000071880000C1DB040098
S214045B90B31E040007FF00004D880000C1DB0400AC
S214045BA0B81E04000000FF002D880000C1DB0400BE
S214045BB0D0CB040001FF0000F5870000C1DB040021
S214045BC0F01E040000FF0000F9820000C1DB0400A0
S214045BD0C1DB0400FF000000F9820000C1DB040002
S214045BE0C1DB0400FF0000007B770300C1DB040078
S214045BF0C1DB0400FF0000007B770300C1DB040068
S214045C00C1DB0400FF0000007B770300C1DB040057
S214045C10C1DB0400FF000000C9820000C1DB0400F1
S214045C20261F04000101FF00B5820000C1DB04004A
S214045C303B1F040001FF000077770300C1DB04006C
S214045C40C1DB0400FF0000007D820000790504002B
S214045C50C1DB0400FF0000007D820000451F040035
S214045C60C1DB0400FF00000011840000661F04006E
S214045C707D1F04000001000007FF00007377030087
S214045C80A31F0400C1DB0400FF00000079810000AC
S214045C90BD1F0400C1DB0400FF000000ED77030015
S214045CA0EB1F0400C1DB0400FF000000DF770300E5
S214045CB005200400871E040000FF0000498B000036
S214045CC02A200400C1DB0400FF0000004D80000011
S214045CD044200400C1DB0400FF000000E17F000054
S214045CE067200400E420040000000310FF00000006
S214045CF0BD80000039210400A721040001FF000034
S214045D0091800000BC210400FF21040000FF000075
S214045D10A57F000010220400C1DB0400FF00000081
S214045D20717703003F220400C1DB0400FF0000007B
S214045D30817F00008B220400871E040000FF000001
S214045D404D7F0000CC2304002124040000FF000043
S214045D50317F00003B240400C1DB0400FF00000088
S214045D60157F00004B240400C1DB0400FF00000084
S214045D70617703005F240400DD24040000FF0000B4
S214045D80E57E000068250400C1DB0400FF00000077
S214045D90A17E000085250400B025040007FF00004E
S214045DA0657E0000BA25040013260400000500FFE3
S214045DB01D7E0000BE260400D12604000002FF005B
S214045DC0F97D000000270400C1DB0400FF0000008A
S214045DD061770300122704004C27040000FF00002C
S214045DE08D7D0000D227040018280400000301FF5C
S214045DF07D7D0000B8280400FE280400000301FF8F
S214045E00098D03009E290400012A040002FF0000F5
S214045E1005160100562A0400C1DB0400FF0000003A
S214045E2049150100882A0400C1DB0400FF000000B5
S214045E3015140100BD2A0400C1DB0400FF000000A5
S214045E40B5160100EF2A0400C1DB0400FF000000C1
S214045E505D0201002C2B0400C1DB0400FF000000DF
S214045E60C1030100572B0400C1DB0400FF0000003F
S214045E700DF30000922B0400C1DB0400FF000000B9
S214045E80E5F20000DF2B0400C1DB0400FF00000085
S214045E9071F200000A2C0400302C040000010100FA
S214045EA0010102FF49F20000AF2D0400D72D0400C3
S214045EB000FF000029F20000FE2D0400C1DB0400F0
S214045EC0FF00000071F10000282E0400C1DB04006E
S214045ED0FF0000001DE60000412E0400AA2E040068
S214045EE00000FF001DE60000FF2E0400612F0400E2
S214045EF00000FF00BDE60000A62F0400D92F040012
S214045F000002FF0019E800002E3004007C30040074
S214045F1007FF0000F1E7000098300400C1DB04002E
S214045F20FF00000005E60000BC300400E130040079
S214045F3000FF000011E700003A310400C1DB040052
S214045F40FF00000025E4000077310400A7310400B8
S214045F5007FF0000C5E300000132040064320400B9
S214045F600707FF00EDE20000C8320400C1DB0400AE
S214045F70FF000000EDE20000E8320400C1DB04008C
S214045F80FF0000009DE3000007330400C1DB0400AB
S214045F90FF0000003DE300004033040064320400C8
S214045FA00707FF00B5DE00006E340400C1DB040002
S214045FB0FF000000F9DD0000A2340400B73404003A
S214045FC00002FF00F9DD00005B3504009035040094
S214045FD00002FF00F9DD00004736040075360400B1
S214045FE00002FF00B1DD00001E370400493704003C
S214045FF003010300FF000000A38A030032380400F4
S214046000C1DB0400FF00000079DD000057380400FF
S2140460107D38040003FF00004DCF0000FB38040069
S2140460202839040007010101FF000000D1CE00005A
S2140460306B39040093390400010101FFD1CE00003E
S214046040C7390400EF390400010101FFC5CE000082
S214046050233A04005E3A040000FF000015CE000058
S2140460607A3A0400D03A040001070101FF00000058
S21404607035890300953B0400C1DB0400FF000000E3
S2140460802F890300B23B0400C1DB0400FF000000BC
S2140460902DCC0000CE3B0400C1DB0400FF00000052
S2140460A0C5C50000F33B0400C1DB0400FF0000008C
S2140460B091C500001D3C0400C1DB0400FF00000085
S2140460C00F850300583C0400853C04000007FF00CD
S2140460D0DF840300AE3C0400293D0400000200FFF8
S2140460E037850300533D0400C1DB0400FF000000B5
S2140460F031B300006B3D0400C1DB0400FF00000068
S21404610039840300833D0400DB3D04000207FF00DE
S214046110BB840300FD3D0400273E040002FF00008C
S2140461207B840300363E04005D3E04000201FF004B
S21404613039840300773E0400DB3D04000207FF00B9
S214046140DB830300943E0400AE3E0400000201021A
S214046150FF000000CD830300E63E0400383F040041
S21404616000FF0000C78303007F3F0400BD3F040018
S21404617000FF0000C1830300CD3F0400BD3F0400C0
S21404618000FF0000BB830300F43F0400BD3F04008F
S21404619000FF0000B58303001B400400BD3F04005D
S2140461A000FF0000AF83030043400400BD3F04002B
S2140461B000FF0000978303006C400400C1DB04006A
S2140461C0FF0000009D8303008E400400C1DB040032
S2140461D0FF00000041B00000B6400400EF40040099
S2140461E00001FF006DB0000010410400C1DB040094
S2140461F0FF000000998303003B410400C1DB040058
S214046200FF0000009383030056410400C1DB040032
S214046210FF000000FDAF0000714104009E41040031
S21404622000FF000085830300B9410400C1DB0400BD
S214046230FF000000C5880000E4410400C1DB040040
S214046240FF000000C58800000B420400C1DB040008
S214046250FF0000006D7D00001C420400C1DB04004A
S214046260FF000000397D000031420400584204005B
S21404627000FF0000397D0000684204005842040014
S21404628000FF0000D17C00008F420400C1DB040044
S214046290FF00000059770300AA420400C1DB040093
S2140462A0FF00000031790000CD42040037430400AB
S2140462B000FF0000117900005A430400C1DB04000B
S2140462C0FF00000099940000C04404004D450400FB
S2140462D0010000FF899300006A450400BE450400DF
S2140462E000FF0000BD930000D345040025460400CB
S2140462F00100FF00299300003B46040028470400E1
S2140463000107FF005D77030038470400C1DB040083
S214046310FF0000002D8D0000494704005B47040081
S214046320000101000007FF001D8C000096470400D2
S214046330A747040000010100FF000000BD93000011
S214046340F647040007480400010000FF958B000090
S214046350F64704003948040000FF0000016101000C
S2140463604A480400C1DB0400FF0000006579000011
S21404637096480400C1DB0400FF000000959E000060
S214046380DB480400513D040000FF00005D9E000051
S21404639003490400513D040000FF00000D9E000068
S2140463A01C490400C1DB0400FF434C4920696E739A
S2140463B074616E6365206578616D706C65000000BD
S2140463C001000000B81B00200000000000000000D0
S2140463D0FFFF0000C580030000000000000300006B
S2140463E0FFFF0000F7820300000000002100000009
S2140463F0FFFF0100DDBC00000000000004000000F8
S214046400FFFF00008D88030000000000030000006A
S214046410FFFF0000058903000000000008000000DC
S214046420FFFF0000458A030000000000060000008D
S214046430FFFF0000678B030000000000050000005B
S214046440FFFF0000BB8C03000000000003000000F8
S214046450FFFF0000C58D03000000000006000000DA
S214046460FFFF0000E78D03000000000005000000A9
S214046470FFFF00006B8E0300000000000010000009
S214046480FFFF00009D8E03000500000000000000D2
S21404649000C201000005000000100000000000001B
S2140464A000000000F4150020611B00004F6003008C
S2140464B0A1600300B360030049600300FC150020DC
S2140464C0611B00004F600300A1600300B36003007B
S2140464D04960030048160020CD1C00002961030013
S2140464E05561030081610300996103004B16002087
S2140464F0CD1C00002961030055610300816103007F
S21404650099610300020102414400010101020221D3
S2140465102100010201020100020102212100010200
S21404652002022121000101022121000102020002CF
S214046530012200121202212100010202020221217C
S21404654000010101212100010102005A434C20638D
S2140465506F6D6D616E647300626173696300636F6F
S2140465606C6F722D636F6E74726F6C006C657665FB
S2140465706C2D636F6E74726F6C006F6E2D6F666633
S21404658000676C6F62616C006D66672D636F64658F
S214046590007573652D6E6578742D73657175656EFB
S2140465A0636500782D64656661756C742D72657319
S2140465B07000746573742D726573706F6E73652DD9
S2140465C06F6E00746573742D726573706F6E736589
S2140465D02D6F6666005A434C207363656E657320A0
S2140465E0636C757374657220636F6D6D616E64732E
S2140465F0005A434C206F6E5F6F666620636C75733B
S21404660074657220636F6D6D616E6473005A434CDB
S214046610206C6576656C5F636F6E74726F6C206356
S2140466206C757374657220636F6D6D616E64730050
S2140466305A434C206964656E7469667920636C7588
S2140466407374657220636F6D6D616E6473005A4374
S2140466504C2067726F75707320636C757374657203
S21404666020636F6D6D616E6473005A434C20636FD4
S2140466706C6F725F636F6E74726F6C20636C75738D
S21404668074657220636F6D6D616E6473005A434C5B
S21404669020626173696320636C757374657220632A
S2140466A06F6D6D616E647300726D616C6C007374F3
S2140466B06F7265006561646400657669657700637A
S2140466C06F707900746F67676C65006F66666566E1
S2140466D066656374006F6E726563616C6C006F6EE2
S2140466E074696D65646F6666006F2D6D762D746FC4
S2140466F02D6C6576656C006F2D6D6F7665006F2D5D
S21404670073746570006F2D73746F700071756572A5
S2140467107900657A2D6D6F646500747269676765C4
S21404672072006164642D69662D6964006D6F766518
S214046730746F736174006D6F76657361740073743F
S2140467406570736174006D6F7665746F636F6C6FDC
S21404675072006D6F7665636F6C6F7200737465702C
S214046760636F6C6F72006D6F7665746F636F6C6FBA
S2140467707274656D7000656D6F7665746F687565A7
S21404678000656D6F76656875650065737465706819
S214046790756500656D6F7665746F687565616E64A2
S2140467A0736174006C6F6F700073746F706D6F76C6
S2140467B06573746570006D6F7665636F6C6F727465
S2140467C0656D700073746570636F6C6F7274656D5D
S2140467D070007274666400436F6D6D616E6420644D
S2140467E065736372697074696F6E20666F72205683
S2140467F06965775363656E650067726F75702069A7
S214046800641F7363656E652069641F00436F6D6D56
S214046810616E64206465736372697074696F6E2058
S214046820666F72205669657747726F757000677277
S2140468306F75702069641F00436F6D6D616E642010
S2140468406465736372697074696F6E20666F722014
S2140468505472696767657245666665637400656643
S214046860666563742069641F65666665637420766E
S214046870617269616E741F00436F6D6D616E642092
S2140468806465736372697074696F6E20666F7220D4
S214046890546F67676C6500436F6D6D616E6420644A
S2140468A065736372697074696F6E20666F722053C5
S2140468B0746F72655363656E6500436F6D6D616ECC
S2140468C064206465736372697074696F6E20666FA2
S2140468D0722053746F70576974684F6E4F66660003
S2140468E0436F6D6D616E6420646573637269707462
S2140468F0696F6E20666F722053746F704D6F766585
S2140469005374657000436F6D6D616E6420646573C7
S2140469106372697074696F6E20666F722053746F49
S2140469207000436F6D6D616E642064657363726995
S2140469307074696F6E20666F722053746570576941
S21404694074684F6E4F66660073746570206D6F646E
S214046950651F737465702073697A651F7472616E3F
S214046960736974696F6E2074696D651F005374656E
S214046970702073617475726174696F6E207570200F
S2140469806F7220646F776E20627920737065636916
S214046990666965642073697A65206174207370651E
S2140469A063696669656420726174652E0073746534
S2140469B070206D6F64651F737465702073697A65E3
S2140469C01F7472616E736974696F6E2074696D6585
S2140469D01F6F7074696F6E73206D61736B1F6F70B9
S2140469E074696F6E73206F766572726964651F00D2
S2140469F05374657020687565207570206F72206406
S214046A006F776E2062792073706563696669656462
S214046A102073697A6520617420737065636966699A
S214046A20656420726174652E00436F6D6D616E64DB
S214046A30206465736372697074696F6E20666F7222
S214046A402053746570436F6C6F7254656D70657215
S214046A5061747572650073746570206D6F64651F6C
S214046A60737465702073697A651F7472616E7369D6
S214046A7074696F6E2074696D651F636F6C6F722026
S214046A8074656D7065726174757265206D696E6982
S214046A906D756D1F636F6C6F722074656D706572B3
S214046AA06174757265206D6178696D756D1F6F70A0
S214046AB074696F6E73206D61736B1F6F7074696F8A
S214046AC06E73206F766572726964651F0053746511
S214046AD0707320746865206C69676874696E6720D3
S214046AE0746F206120737065636966696320636FE1
S214046AF06C6F722E0073746570781F73746570798A
S214046B001F7472616E736974696F6E2074696D6543
S214046B101F6F7074696F6E73206D61736B1F6F7077
S214046B2074696F6E73206F766572726964651F0090
S214046B30436F6D6D616E642064657363726970740F
S214046B40696F6E20666F7220537465700073746587
S214046B5070206D6F64651F737465702073697A6541
S214046B601F7472616E736974696F6E2074696D65E3
S214046B701F6F7074696F6E206D61736B1F6F707416
S214046B80696F6E206F766572726964651F00436F65
S214046B906D6D616E642074686174207265736574CB
S214046BA07320616C6C2061747472696275746520FC
S214046BB076616C75657320746F20666163746F729A
S214046BC0792064656661756C742E00436F6D6D6123
S214046BD06E64206465736372697074696F6E206690
S214046BE06F722052656D6F76655363656E650043FC
S214046BF06F6D6D616E642064657363726970746929
S214046C006F6E20666F722052656D6F766547726F81
S214046C10757000436F6D6D616E6420646573637296
S214046C20697074696F6E20666F722052656D6F7638
S214046C3065416C6C5363656E657300436F6D6D617F
S214046C406E64206465736372697074696F6E20661F
S214046C506F722052656D6F7665416C6C47726F7506
S214046C60707300436F6D6D616E6420646573637248
S214046C70697074696F6E20666F7220526563616C0A
S214046C806C5363656E650067726F75702069641F68
S214046C907363656E652069641F7472616E736974CC
S214046CA0696F6E2074696D651F00436F6D6D616E4C
S214046CB064206465736372697074696F6E20666FAE
S214046CC072204F6E5769746854696D65644F6666C2
S214046CD0006F6E206F666620636F6E74726F6C1F33
S214046CE06F6E2074696D651F6F66662077616974C0
S214046CF02074696D651F00436F6D6D616E6420645A
S214046D0065736372697074696F6E20666F72204F64
S214046D106E57697468526563616C6C476C6F626128
S214046D206C5363656E6500436F6D6D616E642064BD
S214046D3065736372697074696F6E20666F72204F34
S214046D406E00436F6D6D616E642064657363726973
S214046D507074696F6E20666F72204F66665769742A
S214046D606845666665637400436F6D6D616E642086
S214046D706465736372697074696F6E20666F7220DF
S214046D804F666600436F6D6D616E64206465736361
S214046D9072697074696F6E20666F72204D6F7665C7
S214046DA0576974684F6E4F6666006D6F7665206D22
S214046DB06F64651F726174651F004D6F766520747D
S214046DC06F207370656369666965642073617475A2
S214046DD0726174696F6E2E00436F6D6D616E642010
S214046DE06465736372697074696F6E20666F72206F
S214046DF04D6F7665546F4C6576656C576974684F4D
S214046E006E4F6666006C6576656C1F7472616E7391
S214046E106974696F6E2074696D651F00436F6D6DCC
S214046E20616E64206465736372697074696F6E2042
S214046E30666F72204D6F7665546F4C6576656C0090
S214046E406C6576656C1F7472616E736974696F6EB7
S214046E502074696D651F6F7074696F6E206D617341
S214046E606B1F6F7074696F6E206F766572726964DB
S214046E70651F004D6F766520746F20687565206108
S214046E806E642073617475726174696F6E2E004D42
S214046E906F766520746F20737065636966696564D0
S214046EA0206875652E004D6F766520746F2061200E
S214046EB0737065636966696320636F6C6F722074B0
S214046EC0656D70657261747572652E00636F6C6FA4
S214046ED0722074656D70657261747572651F747264
S214046EE0616E736974696F6E2074696D651F6F7067
S214046EF074696F6E73206D61736B1F6F7074696F46
S214046F006E73206F766572726964651F004D6F76C6
S214046F106520746F207370656369666965642063B1
S214046F206F6C6F722E00636F6C6F72781F636F6C7A
S214046F306F72791F7472616E736974696F6E2074F0
S214046F40696D651F6F7074696F6E73206D61736B06
S214046F501F6F7074696F6E73206F766572726964E2
S214046F60651F004D6F766520736174757261746970
S214046F706F6E207570206F7220646F776E20617458
S214046F802073706563696669656420726174652E32
S214046F90006D6F7665206D6F64651F726174651F82
S214046FA06F7074696F6E73206D61736B1F6F70748E
S214046FB0696F6E73206F766572726964651F004D23
S214046FC06F766520687565207570206F7220646F13
S214046FD0776E2061742073706563696669656420E2
S214046FE0726174652E00436F6D6D616E6420646516
S214046FF0736372697074696F6E20666F72204D6F6A
S2140470007665436F6C6F7254656D706572617475E6
S2140470107265006D6F7665206D6F64651F726174AE
S214047020651F636F6C6F722074656D706572617432
S214047030757265206D696E696D756D1F636F6C6F13
S214047040722074656D7065726174757265206D6109
S21404705078696D756D1F6F7074696F6E73206D61DE
S214047060736B1F6F7074696F6E73206F76657272C0
S2140470706964651F004D6F766573207468652063C8
S2140470806F6C6F722E0072617465781F726174651E
S214047090791F6F7074696F6E73206D61736B1F6FE9
S2140470A07074696F6E73206F766572726964651F9B
S2140470B000436F6D6D616E642064657363726970FE
S2140470C074696F6E20666F72204D6F7665006D6F03
S2140470D07665206D6F64651F726174651F6F7074CA
S2140470E0696F6E206D61736B1F6F7074696F6E20AD
S2140470F06F766572726964651F00436F6D6D616EAD
S21404710064206465736372697074696F6E20666F59
S21404711072204964656E7469667951756572790082
S214047120436F6D6D616E6420646573637269707419
S214047130696F6E20666F72204964656E746966793D
S214047140006964656E746966792074696D651F00EC
S214047150436F6D6D616E64206465736372697074E9
S214047160696F6E20666F72204765745363656E653B
S2140471704D656D6265727368697000436F6D6D610D
S2140471806E64206465736372697074696F6E2066DA
S2140471906F722047657447726F75704D656D6265D2
S2140471A072736869700067726F757020636F756EAE
S2140471B0741F67726F7570206C6973741F00436F59
S2140471C06D6D616E64206465736372697074696F53
S2140471D06E20666F7220456E68616E6365645669DC
S2140471E065775363656E6500436F6D6D616E6420ED
S2140471F06465736372697074696F6E20666F72205B
S214047200456E68616E6365645374657048756500A1
S214047210436F6D6D616E6420646573637269707428
S214047220696F6E20666F7220456E68616E63656472
S2140472304D6F7665546F487565416E645361747519
S214047240726174696F6E00656E68616E6365642052
S2140472506875651F73617475726174696F6E1F74E7
S21404726072616E736974696F6E2074696D651F6FE1
S2140472707074696F6E73206D61736B1F6F707469C1
S2140472806F6E73206F766572726964651F00436F54
S2140472906D6D616E64206465736372697074696F82
S2140472A06E20666F7220456E68616E6365644D6F0E
S2140472B07665546F48756500656E68616E636564CF
S2140472C0206875651F646972656374696F6E1F74E0
S2140472D072616E736974696F6E2074696D651F6F71
S2140472E07074696F6E73206D61736B1F6F70746951
S2140472F06F6E73206F766572726964651F00436FE4
S2140473006D6D616E64206465736372697074696F11
S2140473106E20666F7220456E68616E6365644D6F9D
S214047320766548756500436F6D6D616E64206465AF
S214047330736372697074696F6E20666F7220456E2F
S21404734068616E6365644164645363656E65006773
S214047350726F75702069641F7363656E6520696457
S2140473601F7472616E736974696F6E2074696D65DB
S2140473701F7363656E65206E616D651F6578746541
S2140473806E73696F6E206669656C642073657473CA
S2140473901F00496E766F6B6520455A4D6F646520F5
S2140473A06F6E20616E204964656E74696679205339
S2140473B0657276657200616374696F6E1F00436F51
S2140473C06D6D616E64206465736372697074696F51
S2140473D06E20666F7220436F70795363656E650026
S2140473E06D6F64651F67726F7570206964206672BE
S2140473F06F6D1F7363656E652069642066726F6DBA
S2140474001F67726F757020696420746F1F736365DD
S2140474106E6520696420746F1F00436F6D6D616E26
S21404742064206465736372697074696F6E20666F36
S2140474307220436F6C6F724C6F6F70536574007577
S214047440706461746520666C6167731F6163746938
S2140474506F6E1F646972656374696F6E1F74696DFD
S214047460651F7374617274206875651F6F70746924
S2140474706F6E73206D61736B1F6F7074696F6E73BC
S214047480206F766572726964651F004164642061CA
S214047490207363656E6520746F207468652073635B
S2140474A0656E65207461626C652E20457874656E21
S2140474B073696F6E206669656C64207365747320E7
S2140474C061726520737570706F727465642C2061C8
S2140474D06E642061726520696E70757465642061DF
S2140474E07320617272617973206F662074686520F8
S2140474F0666F726D205B5B636C757374657220498E
S214047500445D205B6C656E6774685D205B76616CB9
S2140475107565302E2E2E6E5D202E2E2E5D00436F4A
S2140475206D6D616E64206465736372697074696FEF
S2140475306E20666F722041646447726F7570496688
S2140475404964656E74696679696E670067726F75FB
S214047550702069641F67726F7570206E616D651F99
S21404756000436F6D6D616E64206465736372697049
S21404757074696F6E20666F722041646447726F751B
S21404758070000000710B0400C01000200000000012
S2140475900000000000000000000000005865040021
S2140475A0B0760400000000005E650400A0760400C7
S2140475B000000000BD0704009076040000000000F0
S2140475C01107040080760400000000006C650400C7
S2140475D070760400000000007A65040060760400FB
S2140475E0000000003CC104005076040000000000C7
S2140475F08165040048CF040000000000886504008C
S21404760018D104000000000012D6040008D10400BB
S2140476100000000091650400F8D00400000000009B
S214047620A3650400E8D0040000000000B26504006E
S214047630D8D0040000000000C3650400C8D00400CD
S2140476400000000000000000000000000000000031
S214047650C0760400D5650400C1DB0400FE0000000B
S21404766044770400F1650400C1DB0400FE0000005A
S214047670987704000D660400C1DB0400FE000000D9
S2140476800478040030660400C1DB0400FE00000039
S214047690587804004E660400C1DB0400FE000000B7
S2140476A0AC7804006A660400C1DB0400FE00000037
S2140476B09C7904008D660400C1DB0400FE00000013
S2140476C0B5660400407D040000000000BA660400AD
S2140476D0B479040000000000D6080400B87A040058
S2140476E000000000A8660400D87A04000000000029
S2140476F0AE660400F479040000000000D7660400B7
S214047700F87A040000000000BFAA0400747C040099
S21404771000000000B4660400F47C040000000000CE
S214047720B9660400947C040000000000BF660400F0
S214047730187D0400000000000000000000000000A7
S21404774000000000D1650400487B0400000000002F
S214047750C0650400287B040000000000C466040022
S214047760E479040000000000CB660400387B0400C3
S21404777000000000D5660400187B0400000000002A
S214047780DE660400087B0400000000000000000021
S2140477900000000000000000EB6604008C7B040080
S2140477A000000000F9660400407C040000000000AD
S2140477B000670400947A04000000000007670400D1
S2140477C0247A040000000000E96604007C7B0400C0
S2140477D000000000F7660400587B04000000000068
S2140477E0FE660400347A0400000000000567040006
S2140477F0047A0400000000000000000000000000FE
S2140478000000000029670400647C040000000000F7
S2140478100C670400547C0400000000001267040097
S214047820087D0400000000001A670400D4790400F0
S21404783000000000C06504004CC8040000000000FE
S214047840D16504003CC804000000000000000000ED
S2140478500000000000000000B5660400647D04001B
S21404786000000000BA660400C479040000000000AA
S214047870BFAA0400847C040000000000D6080400AC
S214047880C87A040000000000A8660400E87A040031
S2140478900000000022670400547D0400000000007D
S2140478A000000000000000000000000077670400ED
S2140478B0B47B04000000000082670400047C04001B
S2140478C0000000008B670400587A040000000000E3
S2140478D02C670400687B0400000000003667040080
S2140478E0F07B0400000000003E670400447A0400B5
S2140478F00000000094670400A07B04000000000061
S21404790046670400DC7B04000000000052670400A5
S2140479102C7C0400000000005C670400807A0400ED
S2140479200000000066670400C87B04000000000036
S21404793076670400CC7C0400000000008167040025
S214047940E07C0400000000008A670400A47C0400B5
S2140479500000000093670400B87C040000000000E8
S214047960A46704002C7D040000000000A96704003E
S214047970147A040000000000B6670400187C0400B3
S21404798000000000C46704006C7A040000000000D5
S214047990000000000000000000000000D2670400A1
S2140479A0A87A0400000000000000000000000000A8
S2140479B000000000CD580300D7670400F9670400F0
S2140479C00100FF00AF5803000C6804002E68040092
S2140479D001FF00008F580300386804005E68040046
S2140479E00000FF007758030078680400C1DB040039
S2140479F0FF0000005758030097680400F967040066
S214047A000100FF003F580300BA680400C1DB04000D
S214047A10FF0000001D580300E0680400EE6E04003A
S214047A200000FF00FD57030005690400716B0400A5
S214047A300000FF00151600002269040048690400CF
S214047A40000001FFE91500006D690400AD6904003B
S214047A500000000000FF0000BD150000F0690400EF
S214047A60AD6904000000000000FF00008D15000052
S214047A70296A0400566A040000010101010000FF9F
S214047A8061150000CD6A0400F56A040004040100D0
S214047A9000FF000039150000306B04004D6B040035
S214047AA00000010000FF0000E75703008E6B04008F
S214047AB0C1DB0400FF000000C7570300CB6B0400C3
S214047AC0F96704000100FF00A9570300EF6B0400E8
S214047AD02E68040001FF00008B570300136C04009B
S214047AE02E68040001FF0000735703003B6C04007B
S214047AF0C1DB0400FF0000000D150000636C0400E9
S214047B00876C0400010001FFE1140000AA6C040065
S214047B10D16C0400000101FF5B570300F76C0400FE
S214047B20C1DB0400FF00000043570300276D040078
S214047B30C1DB0400FF00000023570300426D04006D
S214047B405E6804000000FF000D570300686D040023
S214047B50C1DB0400FF000000ED560300846D040042
S214047B60AA6D04000000FF00BD140000BA6D0400F6
S214047B705472040000010000FF000000CD5603000C
S214047B80D86D0400056E04000001FF009D1400007B
S214047B901C6E0400406E040000010000FF0000009C
S214047BA071140000736E040050720400000001009B
S214047BB000FF0000451400008F6E0400C17204002C
S214047BC00000010000FF000021140000A66E04005F
S214047BD0CC6E040001010000FF000000F513000055
S214047BE00D6F0400266F04000101010000FF000071
S214047BF0D1130000636F0400916F040000000000BE
S214047C00FF000000AD130000BF6F0400916F040076
S214047C1000000000FF00000081130000E66F04006F
S214047C2013700400000101010000FF005D13000052
S214047C30757004008670040004040000FF00000051
S214047C403D130000B1700400CE7004000000000074
S214047C50FF000000B5560300FA700400C1DB040000
S214047C60FF000000975603002071040041710400D1
S214047C7001FF000079560300507104002E680400CA
S214047C8001FF0000595603007B710400A67104002E
S214047C900011FF0039560300BE710400F9670400A2
S214047CA00100FF0011130000E8710400AD69040030
S214047CB00001010000FF0000E5120000107204003D
S214047CC0477204000100010000FF0000B912000022
S214047CD08E720400B87204000100010000FF000068
S214047CE095120000FE720400916F0400000100006B
S214047CF0FF0000006D120000267304004F7304009A
S214047D000100010617FF00001D56030092730400CD
S214047D10B673040000FF000045120000BE730400A2
S214047D20E07304000001000100FF000015120000CB
S214047D301A7404003F74040000000001010000FFF0
S214047D40ED1100008B7404004F730400010001065B
S214047D5017FF0000FD5503001E7504004C75040053
S214047D600106FF00DD550300617504004C75040030
S214047D700106FF05010001010202810481050201DA
S214047D80003F04040100020281048105040100028C
S214047D9002810481050201000202050100010102BC
S214047DA002810481050101000101000302000102B1
S214047DB08204050200010202043D083F0C0502008D
S214047DC0010202043D083F0C020200010202020006
S214047DD00102020200010202020001020502000280
S214047DE0020204810681070402000202810481055E
S214047DF00202003D040202003D04010200010200EA
S214047E00010200010200010200050200020202044F
S214047E10810681070402000202810481050501002F
S214047E2001010102810381040501000101010281AF
S214047E300381040501000101020281048105030196
S214047E400001010202040100010181028103040110
S214047E500001018102810304010001018102810302
S214047E6002010001010701000202020402060208E0
S214047E70810A810B060100020202040206810881BF
S214047E8009020100010102010001010281008101D1
S214047E9002810081010501000202010402060108B4
S214047EA003010002020204000500000000000000B6
S214047EB040420F0005010000000000000000000022
S214047EC00000000013B779FAC925DDB7ADF3CFE09B
S214047ED0F1B614B80102000000000000FFFFFFFF27
S214047EE00100000001000000000000000000000087
S214047EF00000000000000000000000000000000079
S214047F000000000000000000000000000000000068
S214047F100000000007000003216203001D62030046
S214047F20FB610300F9610300112300002B620300C8
S214047F30D52200002C000000020000028000080089
S214047F4002002000000140000400010010000806A2
S214047F50020004090703010540787D0100000000C3
S214047F60005A620200010000C0CF6A00020000004E
S214047F70809FD50002010000002D3101020200009E
S214047F8001000000000000000400000001000000E2
S214047F9008000000010000001000000001000000BE
S214047FA00001000001000000000800001D000000A1
S214047FB0000200001D000000000400001D00000078
S214047FC0000001001D00000000030103030302007B
S214047FD0000800FC4480040001000107F07F040050
S214047FE0000800F800800400000000000000000004
S214047FF083FFBFFFE2FFF1FFF9FFFEFF0000000072
S2140480009600FCFEF8006D23441FEEFFC700F20E38
S2140480108E37FAFF5C00A40324A7FFFF3200D601C4
S214048020AD3400001F003001004D00001200C000F7
S214048030CA4A00000B006E00F73C000005001F0053
S2140480402F2000008C00FCFEFFFF00000000000054
S214048050FC00D2104C06FAFF75009B05F132FFFFB8
S2140480603E0062020B35000025004B01885F0000CD
S2140480701700E0005E5D00000E008C006A4F0000F2
S2140480800700250083280000000800FCFC8004008C
S21404809001000107A8800400000800F8B880040066
S2140480A0000000000000000083FFBFFFE2FFF1FFB6
S2140480B0F9FFFEFF00000000C800FCFEF800C50A39
S2140480C0571EFBFF7B0095047C02FFFF4A00B602A6
S2140480D046DFFFFF2D00AD01412F00001C00070105
S2140480E0854700001200A700974600000B006700B3
S2140480F01A3C00000600220068230000C800FCFEAC
S214048100FC00D80A066CFBFF8800370518E2FEFF61
S21404811053000403F5E3FFFF3200B9019D4300005A
S21404812029005701F85700001600D10058570000E0
S2140481300E007C00D0490000070028001729000024
S21404814000000F400000000000040F400100000083
S2140481505A334C696768743E00556E6B6E6F776E63
S214048160206572726F72004D6178696D756D206E50
S214048170756D626572206F6620617267756D656ED7
S2140481807473206578636565646564005468652067
S214048190617267756D656E74206973206E6F7420E6
S2140481A0666F726D617474656420636F7272656362
S2140481B0746C7900496E636F7272656374206172C1
S2140481C067756D656E74207479706500496E636FAB
S2140481D07272656374206E756D626572206F6620B8
S2140481E0617267756D656E7473004E6F20636F6D94
S2140481F06D616E6420666F756E640000C1DB0400FA
S21404820059810400598104005981040059810400ED
S21404821059810400598104005981040059810400DD
S21404822059810400598104005981040059810400CD
S21404823059810400598104005981040059810400BD
S21404824059810400598104005981040059810400AD
S214048250598104005981040059810400598104009D
S214048260598104005981040059810400598104008D
S214048270598104006781040059810400598104006F
S2140482808C8104005981040059810400598104003A
S21404829059810400B4810400598104005981040002
S2140482A05981040059810400CC81040059810400DA
S2140482B0EA81040075696E7431360075696E743827
S2140482C000756E6B6E6F776E0077696C64636172AF
S2140482D064006865786F707400737472696E676F93
S2140482E070740075696E7433326F70740075696EDD
S2140482F07431366F70740075696E74386F707400FC
S21404830068657800737472696E670075696E743395
S21404831032002A002E2E2E200068656C70000A2576
S214048320730A2573257300257320080000010807C7
S2140483300F000A00C8002000A00001000000000092
S214048340A00068010A200706020A040700000002CB
S21404835007002F686F6D652F7068752F53696D70F1
S2140483606C696369747953747564696F2F53444BED
S214048370732F6765636B6F5F73646B2F706C6174C8
S214048380666F726D2F736572766963652F6C6567A9
S2140483906163795F68616C2F7372632F62617365C2
S2140483A02D7265706C6163656D656E742E63002551
S2140483B073203D2025346C78005265736574206301
S2140483C0617573653A205761746368646F672065E6
S2140483D07870697265642C206E6F2072656C6961B2
S2140483E0626C6520657874726120696E666F726D62
S2140483F06174696F6E0A00526573657420636175F3
S21404840073653A205761746368646F6720636175A7
S214048410676874207769746820656E68616E636542
S2140484206420696E666F0A00496E737472756374AD
S214048430696F6E20616464726573733A2025346CC8
S214048440780A0052657365742063617573653A2013
S2140484504173736572742025733A256C640A00525E
S214048460657365742063617573653A204861726448
S214048470204661756C740A00484653522E5645438E
S2140484805454424C3A206572726F7220726561646D
S214048490696E6720766563746F72207461626C65BA
S2140484A020666F7220616E20657863657074696FEC
S2140484B06E0A00484653522E464F524345443A20CD
S2140484C0636F6E666967757261626C652066617556
S2140484D06C7420636F756C64206E6F7420616374B3
S2140484E069766174650A00484653522E44454255DF
S2140484F0474556543A206661756C742072656C6103
S21404850074656420746F206465627567202D206529
S2140485102E672E2C20657865637574656420424B3F
S21404852050540A0052657365742063617573653A26
S214048530204D656D6F7279204D616E6167656D655E
S2140485406E74204661756C740A00496C6C656761CC
S2140485506C2061636365737320616464726573730E
S2140485603A2025346C780A00434653522E25730A63
S2140485700052657365742063617573653A204275AD
S21404858073204661756C740A004164647265737383
S214048590206973206F6620616E20696E737472752D
S2140485A06374696F6E2061667465722062757320E9
S2140485B06661756C74206F636375727265642C20D3
S2140485C06E6F74207468652063617573652E0A0087
S2140485D0434653522E286E6F6E6529206C6F616475
S2140485E0206F722073746F726520617420616E2030
S2140485F0696C6C6567616C20616464726573730A88
S2140486000052657365742063617573653A2055730B
S214048610616765204661756C740A005265736574FB
S2140486202063617573653A204465627567204D6FF3
S2140486306E69746F72204661756C740A006D6169A8
S2140486406E005468726561640048616E646C65729D
S214048650002573206D6F6465207573696E67202529
S2140486607320737461636B202825346C7820746FD0
S2140486702025346C78292C205350203D2025346C3A
S214048680780A0025752062797465732075736564AD
S2140486902028257525252920696E202573207374C6
S2140486A061636B20286F7574206F662025752062C1
S2140486B07974657320746F74616C290A00535020B2
S2140486C06973206F757473696465202573207374E9
S2140486D061636B2072616E6765210A00496E74657A
S2140486E07272757074732061637469766520286F7E
S2140486F072207072652D656D7074656420616E6499
S21404870020737461636B6564293A0A004E6F2069AE
S2140487106E746572727570747320616374697665BD
S2140487200A000D0A5B4153534552543A25733A25C1
S214048730645D0D0A00554E4B00474F200042544CD2
S21404874000474F3200474F3300474F3400474F35FA
S21404875000474F3600474F3700474F3800474F39DA
S21404876000474F4100474F4200474F4300474F449E
S21404877000474F4500474F46004A4D50004244527A
S214048780005550520042544D004D534D0046544C33
S21404879000554E4B00474F200042544C0042414483
S2140487A00046544C00465243004F54410044534C38
S2140487B000554E4B0050494E00454D3400554E4B27
S2140487C00048562000554E4B00455850004C574D17
S2140487D000554E4B005242540044534C00454D3411
S2140487E000554E4B0041535400554E4B00564659C7
S2140487F000494E4800554E4B004C434B0058544CD1
S214048800004F424600554E4B00485244004D454DDD
S21404881000425553005553470044424700444D41D7
S2140488200056435400554E4B0055502000525020DD
S2140488300041503000415031004150200044502047
S21404884000444543000000003587040039870400CF
S21404885091870400B1870400BD870400C58704001F
S214048860D1870400E1870400E9870400F587040043
S2140488700588040025880400554E4B0046494200EE
S21404888042544C0045585400505752005744470031
S2140488902053570043525300465348004241440075
S2140488A0464C540042524F0001040000050B060BD0
S2140488B0070B000000000000010301090600010583
S2140488C00000000000000000030652300052310091
S2140488D0523200523300523400523500523600529F
S2140488E037005238005239005231300052313100CC
S2140488F052313200523133284C5229004D53500025
S2140489005053500050430078505352004D5350205B
S2140489107573656400505350207573656400435343
S2140489205441434B20626F74746F6D004943535235
S21404893000534843535200494E545F4143544956EA
S214048940453000494E545F4143544956453100432F
S21404895046535200484653520044465352004D4D27
S21404896041522F42464152004146535200526574CA
S21404897030005265743100526574320052657433A7
S21404898000526574340052657435004461743000D6
S214048990446174310000454D555F4952516E00469E
S2140489A052435F5052495F4952516E0057444F47F5
S2140489B0305F4952516E0057444F47315F49525118
S2140489C06E004652435F4952516E004D4F44454D2A
S2140489D05F4952516E005241435F5345515F4952BD
S2140489E0516E005241435F52534D5F4952516E00DF
S2140489F0425546435F4952516E004C444D415F49CF
S214048A0052516E004750494F5F4556454E5F495296
S214048A10516E005553415254305F52585F4952517B
S214048A206E005553415254305F54585F4952516E4C
S214048A300041434D50305F4952516E00414443302B
S214048A405F4952516E0049444143305F4952516E6A
S214048A5000493243305F4952516E004750494F5FD8
S214048A604F44445F4952516E005553415254315F4E
S214048A7052585F4952516E005553415254315F5417
S214048A80585F4952516E004C4555415254305F4927
S214048A9052516E0050434E54305F4952516E00435B
S214048AA04D555F4952516E004D53435F4952516EC6
S214048AB00043525950544F305F4952516E004C4552
S214048AC054494D4552305F4952516E004147435F09
S214048AD04952516E0050524F54494D45525F4952C7
S214048AE0516E00525443435F4952516E0053594EDF
S214048AF054485F4952516E004352594F54494D45AC
S214048B00525F4952516E00524653454E53455F4993
S214048B1052516E0046505545485F4952516E0053B7
S214048B204D555F4952516E005754494D4552305F7A
S214048B304952516E005754494D4552315F4952517E
S214048B406E0050434E54315F4952516E0050434EAE
S214048B5054325F4952516E005553415254325F525B
S214048B60585F4952516E005553415254325F54581F
S214048B705F4952516E00493243315F4952516E008B
S214048B805553415254335F52585F4952516E005503
S214048B9053415254335F54585F4952516E00564401
S214048BA04143305F4952516E004353454E5F49522C
S214048BB0516E004C4553454E53455F4952516E0025
S214048BC043525950544F315F4952516E0054524EDD
S214048BD047305F4952516E004941434356494F4C12
S214048BE03A20617474656D7074656420696E73747C
S214048BF072756374696F6E20666574636820667246
S214048C006F6D2061206E6F2D6578656375746520C1
S214048C1061646472657373004441434356494F4C20
S214048C203A20617474656D70746564206C6F616459
S214048C30206F722073746F726520617420616E20D9
S214048C40696C6C6567616C2061646472657373003B
S214048C504D554E53544B4552523A20756E737461BB
S214048C60636B2066726F6D20657863657074696FD8
S214048C706E2072657475726E206361757365642008
S214048C806163636573732076696F6C6174696F6E74
S214048C90004D53544B4552523A20737461636B69CA
S214048CA06E672066726F6D20657863657074696F91
S214048CB06E206361757365642061636365737320F6
S214048CC076696F6C6174696F6E004D4D4152564102
S214048CD04C49443A204D4D415220636F6E7461698D
S214048CE06E732076616C6964206661756C742061AD
S214048CF064647265737300494255534552523A2070
S214048D00696E737472756374696F6E2070726566CB
S214048D106574636820636175736564206275732087
S214048D206661756C74005052454349534552523A35
S214048D30207072656369736520646174612062756E
S214048D4073206661756C7400494D5052454349530F
S214048D504552523A20696D70726563697365206482
S214048D6061746120627573206661756C7400554E7B
S214048D7053544B4552523A20756E737461636B6953
S214048D806E67206F6E20657863657074696F6E20F9
S214048D9072657475726E20636175736564206461B0
S214048DA0746120627573206661756C740053544B4D
S214048DB04552523A20737461636B696E67206F6E16
S214048DC020657863657074696F6E20656E74727959
S214048DD020636175736564206461746120627573D1
S214048DE0206661756C74004246415256414C4944B3
S214048DF03A204246415220636F6E7461696E732056
S214048E0076616C6964206661756C74206164647252
S214048E1065737300554E444546494E5354523A20A2
S214048E20747269656420746F20657865637574650B
S214048E3020616E20756E646566696E656420696E71
S214048E40737472756374696F6E00494E5653544159
S214048E5054453A20696E76616C69642045505352D5
S214048E60202D20652E672E2C20747269656420746C
S214048E706F2073776974636820746F2041524D20A5
S214048E806D6F646500494E5650433A2065786365B5
S214048E907074696F6E2072657475726E20696E7474
S214048EA065677269747920636865636B73206661AD
S214048EB0696C6564004E4F43503A20617474656D66
S214048EC07074656420746F206578656375746520B6
S214048ED06120636F70726F636573736F7220696E5F
S214048EE0737472756374696F6E00554E414C4947CE
S214048EF04E45443A20617474656D707465642061EF
S214048F006E20756E616C69676E6564206D656D6F45
S214048F107279206163636573730044495642595AF3
S214048F2045524F3A20617474656D7074656420749C
S214048F306F20657865637574652053444956206FC1
S214048F4072205544495620776974682064697669A6
S214048F50736F72206F66203000000000968904004C
S214048F609F890400AC890400B7890400C289040000
S214048F70CB890400D6890400E3890400F089040040
S214048F80FA890400048A0400C08A0400138A0400D0
S214048F90228A0400318A04003C8A0400468A0400BB
S214048FA0518A04005B8A0400368B0400698A040034
S214048FB0788A0400878A0400948A04009F8A04003E
S214048FC0A88A0400B18A0400BE8A0400CC8A04007D
S214048FD0D58A0400E38A0400ED8A0400F88A0400B3
S214048FE0078B0400148B04001F8B0400288B0400DA
S214048FF0358B0400428B04004D8B0400588B040010
S214049000678B0400768B0400808B04008F8B04002F
S2140490109E8B0400A98B0400B38B0400C08B040051
S214049020CD8B0400D88B0400188C0400C1DB04002C
S214049030508C0400918C0400C1DB0400C1DB0400E6
S214049040CA8C0400F78C0400268D0400488D0400A6
S2140490506E8D0400AD8D0400C1DB0400C1DB04008A
S214049060E78D0400148E04004A8E0400858E0400E6
S214049070B58E0400C1DB0400C1DB0400C1DB0400C0
S214049080C1DB0400EA8E04001A8F040000000807FF
S2140490900A00000000CA9A3B00E1F5058096980095
S2140490A040420F00A086010010270000E8030000DD
S2140490B0640000000A0000000104104001000000E3
S2140490C00500000000020000030000002C940400C9
S2140490D02894040014940400109404000C940400CF
S2140490E008940400F6930400E6930400CC9304006A
S2140490F0C4930400BA930400B8930400A093040035
S2140491009D930400959304008493040074930400D0
S21404911062930400489304004093040034930400CC
S214049120309304002E930400219304001693040045
S214049130FD920400A1920400A09204009092040000
S2140491406892040054920400209204001C920400C6
S214049150EC910400E8910400DD910400DC91040025
S214049160C8910400C6910400A09104009F910400D5
S2140491709E9104009D9104009C9104009B91040020
S2140491809A91040099910400989104009691040021
S214049190949104004444FA003300FF003300FF00B7
S2140491A000000000000000000000000000000000B6
S2140491B000000000000000000000000000000000A6
S2140491C00000000000000000000000000000000096
S2140491D00000000000000000000000000F00000077
S2140491E0000000000000000000000000FF00FFFF79
S2140491F0FFFFFFFFFFFFFFFFFFFFFFFFFFFFFFFF76
S214049200FFFFFFFFFFFFFFFFFFFFFFFFFFFFFFFF65
S214049210FFFFFFFFFFFF0000FF00FF00000000004D
S214049220FF000000FFFFFFFFFFFFFFFFFFFFFFFF42
S214049230FFFFFFFFFFFFFFFFFFFFFFFFFFFFFFFF35
S214049240FFFFFFFFFFFFFFFFFFFFFFFFFFFFFFFF25
S214049250FFFFFFFFFFFFFFFFFFFFFFFFFFFFFFFF15
S214049260FFFFFFFFFF0000000000000000000000FA
S21404927000000000000000000000000000000000E5
S21404928000000000000000000000000000000000D5
S21404929001000000000000000000000000000000C4
S2140492A00F000000000000000000000000000000A6
S2140492B000000000000000000000000000000000A5
S2140492C00000000000000000000000000000000095
S2140492D00000000000000000000000000000000085
S2140492E00000000000000000000000000000000075
S2140492F00000000000000000000000000000000065
S2140493000000000000000000000000000000000054
S2140493100000000000000000000000000000000044
S2140493200000000000000000000000000000000034
S21404933000000000FFFFFFFFFFFFFFFFFFFF00002E
S2140493400000000000000000000000000000000014
S2140493500000000000000000000000000000000004
S21404936000000000000000000000000000000000F4
S21404937000000000000000000000000000000000E4
S21404938000000000000000000000000000000000D4
S2140493900000000000FFFFFFFFFFFFFFFF9C000030
S2140493A0FF000000000000000000000000000000B5
S2140493B000000000800000000000FFFFFFFFFFFF2A
S2140493C0FFFFFFFF00000000FFFF0000000000009A
S2140493D00000000000000000000000000000000084
S2140493E0000000000000FFFFFF0000000000000077
S2140493F00000000000000000000000000000000064
S2140494000000000000000000000000000000000053
S2140494100000000000000000000000000000000043
S214049420000000000000000000000000FC03010132
S2140494300101010101010101010101010100000016
S21404944000000001000306000006010101050000FB
S2140494500000000E010301010101010101010101E7
S21404946002041104040211101A080A021801081151
S21404947010111A080A04020D0B195C011028123484
S2140494800430040B0114012601010101010101014C
S21404949002020000000000000000000000000000BF
S2140494A000010101010101000101010101010000A7
S2140494B0000101010101010100010000000000009B
S2140494C00000000000010001010000000000000090
S2140494D00000000000000000000100000000000082
S2140494E00000000000000000000000000000000073
S2140494F0000000000000000001FF010023E101005D
S21404950075E4010063E2010063E5010062E1010025
S21404951079EB010064EE010024E1010025E101007D
S21404952026E1010027E1010028E1010029E101000C
S2140495302AE1010000000100800001000001010092
S21404954080010100000201008002010020E2010007
S214049550000301000005010080050100000601006B
S214049560800601000007010001E5010002E5010094
S21404957058E2010080030100800401000004010099
S2140495808007010000080100800801000040010077
S214049590238701008040010000B0010001B00100F3
S2140495A002B0010003B0010004B0010005B00100E0
S2140495B006B0010007B0010008B0010009B00100C0
S2140495C02F686F6D652F7068752F53696D706C69A1
S2140495D06369747953747564696F2F53444B732F9E
S2140495E06765636B6F5F73646B2F706C6174666F13
S2140495F0726D2F736572766963652F746F6B656E13
S2140496005F6D616E616765722F7372632F736C5F33
S214049610746F6B656E5F6D616E616765722E630055
S2140496202F686F6D652F7068752F53696D706C6940
S2140496306369747953747564696F2F53444B732F3D
S2140496406765636B6F5F73646B2F706C6174666FB2
S214049650726D2F736572766963652F746F6B656EB2
S2140496605F6D616E616765722F7372632F736C5FD3
S214049670746F6B656E5F6D616E756661637475722B
S214049680696E672E6300FFFFFFFFFFFFFFFF34B620
S21404969084327032F6101A1043757272656E742036
S2140496A0436F6E6669673A202530780053657420E8
S2140496B0434341206D6F646520746F2025643A200F
S2140496C0253078006F757428636C69656E7429009C
S2140496D0696E202873657276657229004D464720A8
S2140496E0537472696E673A20257300417070427530
S2140496F0696C646572204D464720436F64653A2062
S214049700307825303458006E6F6465205B00416401
S214049710646974696F6E616C20696E7465726661E3
S21404972063657300202025643A2000706167652015
S2140497305B25645D206368616E205B25645D207034
S2140497407772205B25645D006E6F742061637469B4
S2140497507665006572726F72203078253258007014
S214049760616E4944205B3078253034585D206E6F36
S21404977064654944205B3078253034585D20007891
S21404978070616E205B307800706172656E74494457
S214049790205B3078253034585D20706172656E74B5
S2140497A052737369205B25645D006E6F646554793B
S2140497B07065205B005365637572697479206C6507
S2140497C076656C205B25785D006E6574776F726BCA
S2140497D0207374617465205B253032585D20004226
S2140497E0756666733A202564202F2025640045702C
S2140497F020636E743A202564006570202564205B1F
S214049800656E64706F696E742025732C20646576AB
S2140498106963652025735D20006E776B205B256485
S2140498205D2070726F66696C65205B307825303415
S214049830585D206465764964205B3078253034585A
S2140498405D20766572205B307825785D00202020C8
S21404985020257320636C75737465723A20307825FE
S21404986030345820004E776B20636E743A2025649B
S214049870006E776B202564205B25735D005072694B
S2140498806D617279202870726F290020206E6F64D3
S2140498906554797065205B3078253032585D002039
S2140498A020736563757269747950726F66696C6546
S2140498B0205B3078253032585D0045502025643AC8
S2140498C020257320004572726F723A2020556E6B05
S2140498D06E6F776E20656E64706F696E742E0045C9
S2140498E06E61626C65206576656E7420646562756B
S2140498F06720696E666F20696E20436F7265204329
S2140499004C4920636F6D706F6E656E74006F6E6C7D
S2140499107920636F6F7264696E61746F727320630B
S214049920616E20666F726D0A006A6F696E20307809
S214049930253032580A002573203078253032580AEC
S214049940002573203078253032780072656A6F6996
S2140499506E44696666446576696365547970650025
S21404996025732030782578006578742E2050414E73
S2140499702049443A20004E574B206F70656E3A20BB
S214049980257520736563004E574B20636C6F7365B3
S214049990640066696E64206A6F696E61626C653A1B
S2140499A0203078253032580066696E6420756E75EE
S2140499B07365643A20307825303258004368616E07
S2140499C067696E6720746F206368616E6E656C20CD
S2140499D025643A2030782530325800696E76616CFA
S2140499E06964206E6574776F726B20696E6465783F
S2140499F00053686F72742049443A20307825303416
S214049A00582C2045554936343A20002C2050616E97
S214049A102049443A20307825303458005374617213
S214049A20746564206D756C74692D70687920696E30
S214049A3074657266616365004661696C656420746A
S214049A406F20257320257320307825303258005433
S214049A5065726D696E61746564202573203078259F
S214049A60303258004B65657020616C6976652073EA
S214049A707570706F727420656E61626C65642E001A
S214049A806661696C656420746F20736574206B6509
S214049A90657020616C697665206D6F64652E007351
S214049AA075636365737366756C6C7920736574206F
S214049AB0746865206368696C642074696D656F7585
S214049AC074206F7074696F6E206D61736B2E006600
S214049AD061696C656420746F2073657420746865AE
S214049AE0206368696C642074696D656F7574206F93
S214049AF07074696F6E206D61736B2E006469736396
S214049B006F766572004D61746368202570792066EF
S214049B10726F6D203078253034582C2065702025DF
S214049B2064004E574B2041646472657373207265FB
S214049B3073706F6E73653A20307825303458004958
S214049B40454545204164647265737320726573707D
S214049B506F6E73653A2000536572766963652025D7
S214049B60737920646F6E652E0023202074797065E7
S214049B702020206E776B20206C6F63202020726577
S214049B806D202020636C75732020206E6F64652022
S214049B902020657569002020256420202020307848
S214049BA0253034582020307825303458202030781A
S214049BB025303458203078253034582000656D62BE
S214049BC0657247657442696E64696E672045727291
S214049BD06F723A2030782532580A002564206F6662
S214049BE02025642062696E64696E677320757365E8
S214049BF06400656E61626C6564207072696E7400E0
S214049C0064697361626C6564207072696E74006165
S214049C106464206C696E6B206B6579004552523A19
S214049C202043616C63756C61746564204352432001
S214049C30646F6573206E6F74206D6174636800458D
S214049C4052523A20496E7374616C6C20436F64659B
S214049C50206D75737420626520382C2031302C20DA
S214049C6031342C206F722031382062797465732069
S214049C70696E206C656E677468004552523A2041DE
S214049C8045532D4D4D4F2068617368206661696C9D
S214049C9065643A203078257800536574206A6F69C5
S214049CA06E696E67206C696E6B206B6579007365F0
S214049CB0742062696E642025643A20307825303238
S214049CC07800454D50545900554E494341004D3295
S214049CD04F4E45004D554C5449000000C29C0400AC
S214049CE0C89C0400CE9C0400D49C0400F8C5040060
S214049CF0496E64657820494545452041646472652B
S214049D0073732020202020202020204E574B496E9D
S214049D106465782020496E20464320202020205465
S214049D20544C28732920466C6167202020204B65FC
S214049D3079202020200025642020202020002020B8
S214049D40256420202020202020002020253038587C
S214049D5020200020307825303458202000496E64B6
S214049D6065782049454545204164647265737320CF
S214049D702020202020202020496E2046432020201A
S214049D8020205479706520204175746820204B6526
S214049D9079002D202020202000256320202020204C
S214049DA025632020202020005741524E494E473A32
S214049DB0202052454144494E47204F46204B4559A2
S214049DC02056414C5545532044495341424C454442
S214049DD0204259204D464720544F4B454E004E577F
S214049DE04B204B6579002573206F75742046433AE3
S214049DF0202530385800257320736571206E756DE4
S214049E003A20307825780025733A20002573206F91
S214049E1075742046433A202530387800544320256C
S214049E207320002573205461626C650025642F2519
S214049E306420656E747269657320757365642E009C
S214049E405472616E7369656E74204B65790025647F
S214049E5020656E7472257320636F6E73756D696EFC
S214049E6067202564207061636B657420627566667E
S214049E70657225732E0057494C4C0057494C4C20AC
S214049E804E4F540054727573742043656E74657235
S214049E9020257020616C6C6F772074727573742043
S214049EA063656E7465722072656A6F696E73207579
S214049EB073696E672077656C6C2D6B6E6F776E209A
S214049EC06B65792E005365742074696D656F7574BF
S214049ED020666F722054727573742043656E7465C1
S214049EE0722072656A6F696E73207573696E672077
S214049EF077656C6C2D6B6E6F776E206C696E6B205D
S214049F006B657920746F202564207365636F6E64B7
S214049F10732E004552524F523A20002570737461D6
S214049F20636B206D75737420626520646F776E2E84
S214049F30004E4F4E450052656164696E6720416C61
S214049F406C6F7765640048617368696E67206F6E2E
S214049F506C7900456D6265724B65795365747469F6
S214049F606E67733A203078253034580020205065C8
S214049F70726D697373696F6E733A20257300457248
S214049F80726F723A204661696C656420746F20674C
S214049F90657420636F6E6669672C207374617475CC
S214049FA0733A20307825303258004661696C65640F
S214049FB03A20307825303258004D73673A20636C67
S214049FC07573203078253034582C20636D64203027
S214049FD078253032582C206C656E20256400627516
S214049FE0666665723A2000454D4245525F00257309
S214049FF053454355524954595F4C4556454C3A20AF
S21404A000253032580025736572617365206B657957
S21404A0102025643A2030782530325800636D642059
S21404A0206E6F74206275696C740073726320657059
S21404A03020253032782C20636C75732025303478D4
S21404A0400073656E64696E6720746F206D756C743A
S21404A05069636173742062696E640025733A2065CF
S21404A060703A2025642C20636C3A203078253034EE
S21404A070582C20617474723A203078253034580095
S21404A0802C207376723A2025630025733A20726575
S21404A09061643A20307825303278002C207376724A
S21404A0A03A2025632C2064747970653A203078252C
S21404A0B030325800417267756D656E742061742085
S21404A0C0696E6465783A202564206973206F757418
S21404A0D0206F662072616E676500436F6D6D616EFA
S21404A0E06420616C7265616479206275696C742E93
S21404A0F0202043616E6E6F7420736574204D46474E
S21404A10020737065636966696320636F646520669F
S21404A1106F7220636F6D6D616E642E004D4647202E
S21404A120436F64652053657420666F72206E65788D
S21404A1307420636F6D6D616E643A20307825303418
S21404A1405800557365204E6578742053657175659F
S21404A1506E63652053657420666F72206E6578742E
S21404A16020636F6D6D616E643A2030782530325806
S21404A1700044697361626C652044656661756C743D
S21404A18020526573706F6E73652053657420666F16
S21404A19072206E65787420636F6D6D616E643A200C
S21404A1A0307825303258004552523A207265616440
S21404A1B0696E6720617474726962757465202530EF
S21404A1C03278004552523A2061747472696275742A
S21404A1D0652073697A6520256420746F6F206C612E
S21404A1E072676520666F72206275666665720045E2
S21404A1F072726F723A206174747269627574652043
S21404A200494420307825303458207265706F727453
S21404A21061626C65206368616E676520697320738C
S21404A220697A65202564422C206275742025644270
S21404A23020656E74657265640A006E6F20636D64D3
S21404A240004572726F723A20434C492053656E641F
S21404A250206661696C65642C207374617475733A46
S21404A26020307825303258004572726F723A2020BA
S21404A270455549363420617267756D656E7420697C
S21404A2807320656D70747920616E64206C6F6F6BDB
S21404A2907570206279206E6F64652049442066617B
S21404A2A0696C65642E00556E696361737400556E3F
S21404A2B062696E6420257020257030782558005217
S21404A2C06571756573743A20005A444F2073696D3E
S21404A2D0706C652064657363207265712025303266
S21404A2E078005A444F206E6F64652064657363205B
S21404A2F07265712025303278005573696E67206D5B
S21404A30079206C6F63616C20455549363420666F3E
S21404A31072206465737420455549363420696E206E
S21404A32062696E64696E67005A444F2062696E649F
S21404A33020726571202530327800636C75737465FD
S21404A34072206C696D697420726561636865640067
S21404A350696E76616C696420706167653A2025646D
S21404A360206F72206368616E6E656C3A2025640007
S21404A3704368616E6765206368616E6E656C207302
S21404A38074617475733A20307825303278006475B9
S21404A390726174696F6E206D7573742062652069CE
S21404A3A06E2072616E67652030202D203500636F45
S21404A3B0756E74206D75737420626520696E2072E4
S21404A3C0616E67652031202D2038007363616E202E
S21404A3D07374617475732030782578006E657477AD
S21404A3E06F726B2075706461746520736574207376
S21404A3F074617475732030782578004163746976C7
S21404A4006520455020726571756573742073746198
S21404A4107475733A2030782558004C51492054619D
S21404A420626C6520726571756573743A20307825A0
S21404A430580042696E64696E67205461626C6520D8
S21404A440726571756573743A2030782558004C65CA
S21404A4506176652025703078255800506F776572D0
S21404A4602044657363726970746F72202570307847
S21404A4702558005573696E67206D79206C6F63618B
S21404A4806C20455549363420666F722064657374B3
S21404A49020455549363420696E20756E62696E64AF
S21404A4A0696E6700526F757465205461626C65202E
S21404A4B0257030782558005A444F206D61746368BF
S21404A4C0206465736320726571202578000000009F
S21404A4D000000000002F686F6D652F7068752F539D
S21404A4E0696D706C696369747953747564696F2FE8
S21404A4F053444B732F6765636B6F5F73646B2F7086
S21404A500726F746F636F6C2F7A69676265652F610B
S21404A51070702F6672616D65776F726B2F636F6DE7
S21404A5206D6F6E2F7A69676265655F6170705F66CE
S21404A53072616D65776F726B5F636F6D6D6F6E2E94
S21404A5406300457874656E6465642052657365744B
S21404A55020696E666F3A2030782532582028257395
S21404A56029002F686F6D652F7068752F53696D709D
S21404A5706C696369747953747564696F2F53444BBB
S21404A580732F6765636B6F5F73646B2F70726F7482
S21404A5906F636F6C2F7A69676265652F6170702FC1
S21404A5A06672616D65776F726B2F636F6D6D6F6E1C
S21404A5B02F7A69676265655F6170705F6672616D48
S21404A5C065776F726B5F736C6565702E6300796573
S21404A5D073006E6F0053746179206177616B652038
S21404A5E07768656E206E6F74206A6F696E65643A6C
S21404A5F020257300466F7263656420737461792046
S21404A6006177616B653A20202020202020202020BE
S21404A610257300466F7263696E67206465766963A6
S21404A6206520746F2073746179206177616B6500AF
S21404A630416C6C6F77696E67206465766963652024
S21404A640746F20676F20746F20736C65657000529A
S21404A650583A205265736574546F466163746F721A
S21404A6607944656661756C747343616C6C6261638E
S21404A6706B00556E61626C6520746F207265616450
S21404A680204F7074696F6E7320617474726962759A
S21404A69074653A203078255800556E61626C6520E2
S21404A6A0746F2072656164204F6E4F666620617415
S21404A6B0747269627574653A2030782558002F687C
S21404A6C06F6D652F7068752F53696D706C6963695B
S21404A6D0747953747564696F2F53444B732F67658D
S21404A6E0636B6F5F73646B2F70726F746F636F6CE2
S21404A6F02F7A69676265652F6170702F6672616D67
S21404A70065776F726B2F706C7567696E2F636F6CED
S21404A7106F722D636F6E74726F6C2D7365727665CF
S21404A720722F636F6C6F722D636F6E74726F6C2D05
S21404A7307365727665722E6300436F6C6F72205871
S21404A74020256420436F6C6F7220592025640043D3
S21404A7506F6C6F722054656D706572617475726586
S21404A760202564004875652025642053617475723D
S21404A7706174696F6E20256420656E64706F696EFF
S21404A78074202564002575292025703A2025750037
S21404A79053657474696E67205468726573686F6C69
S21404A7A06420636F6D6D616E64003F3F3F004D61D2
S21404A7B063205278204263617374004D61632054B1
S21404A7C078204263617374004D616320527820558B
S21404A7D063617374004D616320547820556361731C
S21404A7E074004D616320547820556361737420525D
S21404A7F065747279004D61632054782055636173E3
S21404A80074204661696C004150532052782042639C
S21404A810617374004150532054782042636173740A
S21404A82000415053205278205563617374004150A0
S21404A830532054782055636173742053756363659D
S21404A8407373004150532054782055636173742009
S21404A85052657472790041505320547820556361D0
S21404A8607374204661696C00526F75746520446980
S21404A870736320496E69746961746564004E656922
S21404A8806768626F72204164646564004E65696738
S21404A89068626F722052656D6F766564004E6569F6
S21404A8A06768626F72205374616C65004A6F696EE4
S21404A8B020496E6469636174696F6E004368696CED
S21404A8C064204D6F76656400415348204F76657268
S21404A8D0666C6F7700415348204672616D6520456B
S21404A8E072726F7200415348204F76657272756EAD
S21404A8F0204572726F72004E574B204643204661C5
S21404A900696C757265004150532046432046616960
S21404A9106C7572650041534820584F666600415076
S21404A9205320556E617574686F72697A6564204B3E
S21404A9306579004E574B20446563727970742046DF
S21404A94061696C7572657300415053204465637287
S21404A950797074204661696C757265730050616322
S21404A9606B65742042756666657220416C6C6F6315
S21404A970617465204661696C757265730052656C16
S21404A9806179656420556361737400506879207436
S21404A9906F204D4143207175657565206C696D693E
S21404A9A0742072656163686564005061636B6574E6
S21404A9B02056616C69646174652064726F702063EC
S21404A9C06F756E74004E574B207265747279206FE3
S21404A9D0766572666C6F7700434341204661696C06
S21404A9E0757265730042726F616463617374207478
S21404A9F061626C652066756C6C00505441204C6F27
S21404AA0020507269205265710050544120486920D4
S21404AA105072692052657100505441204C6F20508A
S21404AA2072692044656E6965640050544120486923
S21404AA30205072692044656E696564005054412054
S21404AA404C6F205072692054782041627274005012
S21404AA50544120486920507269205478204162721B
S21404AA6074004164647265737320436F6E666C6928
S21404AA7063742053656E74000D0044656275672028
S21404AA807072696E742067726F75702025730A0081
S21404AA9057726F6E6720706172616D657465720AB5
S21404AAA00053746172742074617267657400466939
S21404AAB06E6420616E642042696E6420546172671D
S21404AAC065740025703A2025703A203078255800A1
S21404AAD050726F7879205461626C653A0A00256476
S21404AAE0206F70743A253478207365636F3A25783E
S21404AAF02073726349443A2534782000474320255E
S21404AB003278004C553A004E6F2050726F78792098
S21404AB10456E74726965730072657475726E20741E
S21404AB206F206368616E202564004578697420632D
S21404AB306F6D6D20666F722073696E6B2025327898
S21404AB4000456E74657220636F6D6D20666F7220AB
S21404AB5073696E6B20253278004750205061697205
S21404AB60696E670A0047502050616972696E6720F3
S21404AB705352434944203D202534782C204F70748A
S21404AB803D2025752053696E6B203D2025327800C4
S21404AB904552522050524F5859205441424C452059
S21404ABA046554C4C004770526573706F6E73652043
S21404ABB0636D643A202531780047502073776974B2
S21404ABC0636820746F206368616E20256400646780
S21404ABD07073656E6420636F6D6D207265706C793A
S21404ABE02025730073756363657373006661696C0F
S21404ABF0202530327800466C757368204750205400
S21404AC00580042007575757500656D626572444737
S21404AC107053656E7448616E646C6572205374611B
S21404AC20747573203D2025780065705B25785D205B
S21404AC3069645B2532785D00436C656172696E6792
S21404AC4020616C6C2067726F7570732E00455252CB
S21404AC503A204661696C656420746F20637265618E
S21404AC6074652062696E64696E672028307825787A
S21404AC7029004552523A2042696E64696E67207410
S21404AC8061626C652069732066756C6C004552526F
S21404AC903A2077726974696E67206E616D652073F9
S21404ACA07570706F72742025780052583A2041648B
S21404ACB06447726F75702030782532782C20220015
S21404ACC052583A205669657747726F757020307807
S21404ACD02532780075767300766965775F67726FDC
S21404ACE075700047726F7570733A206661696C659B
S21404ACF06420746F2073656E6420257320726573F8
S21404AD00706F6E73653A2030782578006765745FD7
S21404AD1067726F75705F6D656D6265727368697072
S21404AD2020726573706F6E73650064656661756C1A
S21404AD30745F726573706F6E73650052583A20477D
S21404AD40657447726F75704D656D62657273686978
S21404AD507020307825782C00205B30782532785D9A
S21404AD60007575620047726F7570733A2066616984
S21404AD706C656420746F2073656E642025733A20B6
S21404AD80307825780052583A2052656D6F766547BC
S21404AD90726F7570203078253278004552523A200A
S21404ADA04661696C656420746F2064656C657465BF
S21404ADB02062696E64696E672028307825782900D9
S21404ADC072656D6F76655F67726F75700052583A7C
S21404ADD02052656D6F7665416C6C47726F75707343
S21404ADE00052583A2041646447726F757049664948
S21404ADF064656E74696679696E6720307825327882
S21404AE002C202200747275650066616C73650045BB
S21404AE106E64706F696E74203078257820697320AC
S21404AE206964656E74696679696E673A2025700090
S21404AE304552523A2072656164696E67206964659A
S21404AE406E746966792074696D65202578004552AC
S21404AE50523A2077726974696E67206964656E7405
S21404AE606966792074696D652025780052582069D2
S21404AE7064656E746966793A4944454E5449465940
S21404AE80203078253278004964656E746966793AAC
S21404AE90206661696C656420746F2073656E642037
S21404AEA0257320726573706F6E73653A203078254B
S21404AEB078005258206964656E746966793A51550B
S21404AEC04552590053656E64696E6720696E7465F1
S21404AED0722D50414E206D657373616765206F66F1
S21404AEE0206C656E20256420746F200020776974BA
S21404AEF0682072616E646F6D2076616C7565733A56
S21404AF002000257320283078255829004552523AC7
S21404AF1020696E7465722D50414E20667261676DAD
S21404AF20656E746174696F6E2066656174757265AA
S21404AF30206D697373696E6700656E61626C696E15
S21404AF40670064697361626C696E67004552523AC1
S21404AF50206661696C656420257320696E74657269
S21404AF602D50414E204D41432066696C7465722015
S21404AF7028307825782900000500150025000900EA
S21404AF80190029000600160026000A001A002A00E6
S21404AF900080542534783A496E7465722D50414EBB
S21404AFA02054582028256429205B005D2C20307806
S21404AFB02578004552523A20496E7465722D5041E8
S21404AFC04E20002570426164204150532066726111
S21404AFD06D6520636F6E74726F6C20307825580030
S21404AFE025704261642044656C6976657279204DEB
S21404AFF06F646520307825580025704150532064CE
S21404B000656372797074696F6E206661696C6564D5
S21404B010202830782558292E00525820696E7465E9
S21404B020722D50414E206D6573736167652028004C
S21404B030756E690062726F6164006D756C74690088
S21404B04063617374293A0020207372632070616E02
S21404B0502069643A203078253278002020737263A1
S21404B060206C6F6E672069643A2000202073726338
S21404B0702073686F72742069643A203078253278B9
S21404B08000202070726F66696C652069643A20300F
S21404B09078253278002020636C7573746572206995
S21404B0A0643A2030782532782000202067726F7545
S21404B0B0702069643A2030782532780025706D65F2
S21404B0C0737361676520746F6F2073686F72742082
S21404B0D0282564203C2025642921002570556E739C
S21404B0E07570706F72746564205A434C2066726182
S21404B0F06D6520747970652E0025706D65737361B7
S21404B100676520746F6F2073686F727421002570F2
S21404B11070726F66696C652030782532782C2063EF
S21404B1206C75737465722030782532782C20636FC2
S21404B1306D6D616E642030782578206E6F74207093
S21404B14065726D6974746564004552523A2077726C
S21404B1506974696E672072656D61696E696E6720D1
S21404B16074696D652025780053657474696E67206C
S21404B1706F6E2F6F666620746F2025702064756569
S21404B18020746F206C6576656C206368616E6765F5
S21404B190004552523A2072656164696E6720637591
S21404B1A07272656E74206C6576656C202578004531
S21404B1B052523A2072656164696E67206F6E2F6F13
S21404B1C06666207472616E736974696F6E20746942
S21404B1D06D65202578004552523A2072656164698F
S21404B1E06E672064656661756C74206D6F76652085
S21404B1F072617465202578004576656E743A206D14
S21404B2006F76652066726F6D202564002F686F6DFB
S21404B210652F7068752F53696D706C6963697479EE
S21404B22053747564696F2F53444B732F6765636B50
S21404B2306F5F73646B2F70726F746F636F6C2F7AAB
S21404B24069676265652F6170702F6672616D6577D8
S21404B2506F726B2F706C7567696E2F6C6576656C94
S21404B2602D636F6E74726F6C2F6C6576656C2D63D0
S21404B2706F6E74726F6C2E630020746F20256420CA
S21404B2800028646966662025633129004552523ACF
S21404B2902077726974696E672063757272656E745E
S21404B2A0206C6576656C202578005258206C65768F
S21404B2B0656C2D636F6E74726F6C3A0025704D4F1B
S21404B2C056455F544F5F4C4556454C2025782025FF
S21404B2D032782025782025780025704D4F56455F16
S21404B2E0544F5F4C4556454C5F574954485F4F4E44
S21404B2F05F4F4646202578202532780025704D4F2E
S21404B30056452025782025780025704D4F56455FF4
S21404B310574954485F4F4E5F4F46462025782025B0
S21404B320780025705354455020257820257820250C
S21404B3303278002570535445505F574954485F4F40
S21404B3404E5F4F4646202578202578202532780003
S21404B350257053544F5000257053544F505F57492F
S21404B36054485F4F4E5F4F464600466F726D004E20
S21404B370574B2043726561746F72005072696D6139
S21404B3807279005365636F6E6461727900496C6C00
S21404B3906567616C203830322E31352E3420636870
S21404B3A0616E6E656C002570206368616E6E656CF8
S21404B3B0206D61736B206E6F773A20307825345891
S21404B3C0205B004368616E6E656C206D61736B0074
S21404B3D025703A2025703A0020202020282564294C
S21404B3E0203078253458205B0025703A2053746F3B
S21404B3F0702E205374617475733A20307825582E55
S21404B4002053746174653A20307825580043616E81
S21404B4106E6F742073746172742E20537461746535
S21404B4200025703A204572726F723A204368616E46
S21404B4306E656C202564206973206F7574206F66B2
S21404B4402072616E67650025703A20466F726D2E15
S21404B450204368616E6E656C3A2025642E20537412
S21404B460617475733A2030782558004F70656E0005
S21404B470436C6F7365004E574B2043726561746F5F
S21404B480722053656375726974790025733A2025B2
S21404B49073206E6574776F726B3A2030782530327D
S21404B4A0580025733A2025733A20307825580043EF
S21404B4B06C656172206A6F696E696E67206C696E6E
S21404B4C06B206B6579730025733A204F70656E2088
S21404B4D06E6574776F726B3A2030782558004F701B
S21404B4E0656E206E6574776F726B00537461727448
S21404B4F0004368616E6E656C206E6F742076616CB6
S21404B50069643A202564002570206D61736B206E93
S21404B5106F77203078253458004D61736B206E6F3A
S21404B520742076616C69643A202564007072696DD3
S21404B530617279007365636F6E6461727900257059
S21404B5403A20536574202570206D61736B20746FE8
S21404B550203078253458005374617475730043683A
S21404B560616E6E656C206D61736B3A00202020203E
S21404B570283129203078253458205B0020202020CC
S21404B580283229203078253458205B00537461749F
S21404B590653A20307825582028257329004375728B
S21404B5A072656E74206368616E6E656C3A202564FD
S21404B5B000546F74616C20626561636F6E733A2029
S21404B5C02564004A6F696E20617474656D707473C7
S21404B5D03A202564004E6574776F726B207374612D
S21404B5E074653A203078255800556E737570706F00
S21404B5F07274656420666561747572652077686523
S21404B6006E207573696E67206F7074696D697A65EC
S21404B61064207363616E732E20546F2075736520E7
S21404B6206120636F6E66696775726564206B657901
S21404B630207768656E206A6F696E696E672C206174
S21404B640646420746865206B657920746F20746860
S21404B65065207472616E7369656E74206B657920FB
S21404B6607461626C65207573696E67207468652002
S21404B67077696C6463617264204555492028616C5F
S21404B6806C20464673292E0025702053746F702E46
S21404B6902020436C65616E696E672075702E004BC2
S21404B6A0657920766572696669636174696F6E2070
S21404B6B06661696C65642E204C656176696E6720E8
S21404B6C06E6574776F726B0025703A2025700042A1
S21404B6D0726F616463617374696E67207065726DFE
S21404B6E06974206A6F696E0054727573742063659A
S21404B6F06E746572206C696E6B206B65792075704C
S21404B70064617465207374617475730025733A20DC
S21404B7105741524E494E473A20656D6265725365ED
S21404B72074496E697469616C53656375726974797A
S21404B7305374617465206661696C65642E20436F7A
S21404B7406E74696E75696E6720776974686F757450
S21404B75020696E7374616C6C20636F64652E00459B
S21404B76072726F723A20696E7374616C6C20636FC8
S21404B7706465207365747570206661696C65642EF3
S21404B78020497320616E20696E7374616C6C20634B
S21404B7906F646520666C6173686564206F6E746F91
S21404B7A020746865206465766963653F00D0D1D2ED
S21404B7B0D3D4D5D6D7D8D9DADBDCDDDEDF005A69B8
S21404B7C067426565416C6C69616E6365303900FF7C
S21404B7D0FFFFFFFFFFFFFF0025733A2069737375B1
S21404B7E0696E67207363616E206F6E202573206315
S21404B7F068616E6E656C7320286D61736B2030789B
S21404B8002534582900257320697320616C7265619C
S21404B810647920696E2070726F6772657373004571
S21404B82078616D696E696E6720626561636F6E200C
S21404B8306F6E206368616E6E656C20256420776980
S21404B84074682070616E496420307825325800543C
S21404B85068697320626561636F6E206973206E6F1A
S21404B860742070617274206F662074686520637536
S21404B8707272656E74206368616E6E656C206D61AD
S21404B880736B20283078253458292E204765747425
S21404B890696E67206E65787420626561636F6E20DA
S21404B8A077686F7365206368616E6E656C20626985
S21404B8B0746D61736B206973207365742E00457212
S21404B8C0726F723A20257020636F756C64206E6FF9
S21404B8D07420617474656D7074206A6F696E3A20A2
S21404B8E030782558004E6F20626561636F6E732052
S21404B8F06C656674206F6E2063757272656E742054
S21404B9006D61736B2E204D6F76696E6720746F20A1
S21404B9106E657874207374617465002570206A6F90
S21404B920696E696E67203078253278206F6E2063E2
S21404B93068616E6E656C2025640025702053746102
S21404B94074653A202570004572726F723A2025702D
S21404B95020636F756C64206E6F74207365747570E5
S21404B9602073656375726974793A203078255800B7
S21404B9704572726F723A205363616E20636F6D7006
S21404B9806C6574652068616E646C6572207265749B
S21404B99075726E65642030782558002573207363AD
S21404B9A0616E20636F6D706C6574652E20426561F0
S21404B9B0636F6E732068656172643A20256400259F
S21404B9C07320737461636B207374617475732030B1
S21404B9D0782558002570206E6574776F726B206A20
S21404B9E06F696E65642E00257020747279696E67BF
S21404B9F0206E657874206E6574776F726B2E005AAD
S21404BA006967426565416C6C69616E636530394E81
S21404BA10574B205374656572696E67004E6F6E658A
S21404BA20005363616E205072696D617279204368B9
S21404BA30616E6E656C7320616E6420757365204953
S21404BA406E7374616C6C20436F6465005363616E3F
S21404BA50205072696D617279204368616E6E656C00
S21404BA607320616E64205573652043656E7472613D
S21404BA706C697A6564204B6579005363616E205067
S21404BA8072696D617279204368616E6E656C7320AD
S21404BA90616E6420557365204469737472696275B7
S21404BAA0746564204B6579005363616E2053656347
S21404BAB06F6E64617279204368616E6E656C732084
S21404BAC0616E642075736520496E7374616C6C20B6
S21404BAD0436F6465005363616E205365636F6E64E1
S21404BAE0617279204368616E6E656C7320616E6462
S21404BAF0205573652043656E7472616C697A65645B
S21404BB00204B6579005363616E205365636F6E64E2
S21404BB10617279204368616E6E656C7320616E6431
S21404BB20205573652044697374726962757465641C
S21404BB30204B6579005363616E205072696D6172A3
S21404BB4079204368616E6E656C7320616E6420555F
S21404BB50736520416C6C204B6579732028696E737D
S21404BB6074616C6C20636F64652C2063656E7472FC
S21404BB70616C697A65642C20646973747269627591
S21404BB8074656429005363616E205365636F6E6445
S21404BB90617279204368616E6E656C7320616E64B1
S21404BBA02055736520416C6C204B65797320286999
S21404BBB06E7374616C6C20636F64652C2063656EB1
S21404BBC07472616C697A65642C2064697374726932
S21404BBD0627574656429004F6E2F4F666620736520
S21404BBE0742076616C75653A2025782025780045A2
S21404BBF052523A2072656164696E67206F6E2F6FC9
S21404BC006666202578004F6E2F6F666620616C721C
S21404BC10656164792073657420746F206E6577207F
S21404BC2076616C756500546F67676C65206F6E2F60
S21404BC306F66662066726F6D20257820746F2025E7
S21404BC4078004552523A2077726974696E67206F9D
S21404BC506E2F6F66662025780025783A006570207A
S21404BC60257820636C75732025327820617474728D
S21404BC70202532782073767220256300206D66674F
S21404BC8020257800207265706F7274206D696E20AE
S21404BC90253278206D617820253278207270742DD4
S21404BCA06368672025347800207265636569766565
S21404BCB02066726F6D2025327820657020257820E6
S21404BCC074696D656F75742025327800636C6561E0
S21404BCD072696E67206C617374207265706F72741B
S21404BCE02074696D65206F6620616C6C20617474C5
S21404BCF0726962757465730074657374696E67201F
S21404BD0074696D696E67206F6620766172696F75F7
S21404BD1073207265706F7274696E67206F706572D7
S21404BD206174696F6E73002D2D2D2D2D2D2D2D2DE7
S21404BD302D2D2D2D2D2D2D2D2D2D2D2D2D2D2D2D2A
S21404BD402D2D2D2D2D2D2D2D2D2D2D2D2D2D2D2D1A
S21404BD502D2D2D2D2D2D002D2D7461626C652072D8
S21404BD6065616473202D2066756C6C207461626C4A
S21404BD70652D2D00726573756C74203D2025642036
S21404BD806D73002D2D696E6974202F2073636865AA
S21404BD9064756C65207469636B2D2D2D002D2D6CD8
S21404BDA06F616420636F6E66696775726174696F2C
S21404BDB06E2064656661756C74732D2D000000003A
S21404BDC00001060000004000000000000100FEFF25
S21404BDD00000000000010800000040000000000011
S21404BDE00100FEFF00000000000206000000400004
S21404BDF0000000000100FEFF000000000002080032
S21404BE0000004000000000000100FEFF00000000EB
S21404BE100002000300004000000000000100FEFFD6
S21404BE2000000000000200030100400000000000C3
S21404BE300100FEFF000000000002000303004000B3
S21404BE40000000000100FEFF0000000000020003E6
S21404BE5004004000000000000100FEFF0000000097
S21404BE600002000307004000000000000100FEFF7F
S21404BE7000000000524541445F5250545F43464719
S21404BE800025703A2000726561645F7265706F7297
S21404BE9074696E675F636F6E6669677572617469ED
S21404BEA06F6E005265706F7274696E673A206661D1
S21404BEB0696C656420746F2073656E642025732036
S21404BEC0726573706F6E73653A2030782578004516
S21404BED052523A2072656164696E6720636C7573AA
S21404BEE074657220307825327820617474726962C1
S21404BEF07574652030782532783A203078257800B5
S21404BF004552523A207265706F7274696E67206F7C
S21404BF1066204C4F4E4720737472696E67206174B6
S21404BF20747269627574652074797065206E6F74B6
S21404BF3020737570706F727465643A20636C7573E1
S21404BF407465722030782532782061747472696260
S21404BF50757465203078253278005265706F727477
S21404BF60696E6720456E7472792046756C6C202D58
S21404BF70206372656174696E67206E6577207265EA
S21404BF80706F7274004346475F52505400202D2051
S21404BF90646972656374696F6E3A25782C206174DF
S21404BFA074723A25327800202020747970653A2518
S21404BFB0782C206D696E3A2532782C206D61783A9B
S21404BFC0253278002020206368616E67653A002079
S21404BFD0202074696D656F75743A25327800636F36
S21404BFE06E6669677572655F7265706F7274696E86
S21404BFF06700436C656172696E6720616C6C2073C0
S21404C00063656E65732E0077726974004552523A02
S21404C010202570696E672025702030782578007397
S21404C02063656E6520636F756E7400637572726502
S21404C0306E74207363656E650063757272656E74E4
S21404C0402067726F7570007363656E652076616C29
S21404C0506964007573696E672030782578206F757B
S21404C06074206F662030782578207461626C6520B1
S21404C070736C6F74730025783A20006570202578F9
S21404C0802067727020253278207363656E652025DC
S21404C0907820747420256400206C766C2025780043
S21404C0A020636F6C6F72202532782025327800204A
S21404C0B02532782025782025782025782025327882
S21404C0C00052583A2052656D6F76655363656E6507
S21404C0D02030782532782C203078257800757675CF
S21404C0E00072656D6F76655F7363656E6500536396
S21404C0F0656E65733A206661696C656420746F20AA
S21404C10073656E6420257320726573706F6E736535
S21404C1103A20307825780052583A2052656D6F766A
S21404C12065416C6C5363656E657320307825327890
S21404C1300072656D6F76655F616C6C5F7363656EC8
S21404C14065730052583A204765745363656E654DAF
S21404C150656D626572736869702030782532780080
S21404C160757576006765745F7363656E655F6D6588
S21404C1706D6265727368697000456E68616E6365AA
S21404C180640052583A2025704164645363656E65B2
S21404C1902030782532782C20307825782C2030787A
S21404C1A02532782C202200222C20006164645F73E0
S21404C1B063656E650052583A202570566965775354
S21404C1C063656E652030782532782C2030782578A3
S21404C1D000766965775F7363656E65006F6E2F6FB3
S21404C1E066660063757272656E74206C6576656C3F
S21404C1F00063757272656E7420780063757272657A
S21404C2006E74207900656E68616E6365642063757C
S21404C2107272656E74206875650063757272656EF9
S21404C220742073617475726174696F6E00636F6CE9
S21404C2306F72206C6F6F702061637469766500633B
S21404C2406F6C6F72206C6F6F7020646972656374B4
S21404C250696F6E00636F6C6F72206C6F6F70207402
S21404C260696D6500636F6C6F722074656D70206D08
S21404C27069726564730063757272656E74206D6F9F
S21404C28064650052583A2053746F72655363656E42
S21404C290652030782532782C203078257800737421
S21404C2A06F72655F7363656E650052583A20526517
S21404C2B063616C6C5363656E652030782532782C28
S21404C2C020307825782C2030782532780053636522
S21404C2D06E65733A206661696C656420746F2073BA
S21404C2E0656E642025733A20307825780023202054
S21404C2F07479706520202020696420202020206521
S21404C300756936342020202020202020202020205C
S21404C31020202074696D656F7574202020202020ED
S21404C32020202072656D61696E696E67202020206A
S21404C33020202020206672616D65636F756E7465BB
S21404C340720025643A202570203078253258200063
S21404C35031302073656300202020202020202020F8
S21404C3602564206D696E00202020202020202020B7
S21404C3702564207365630020307825345820000A2D
S21404C3802564206F6620256420656E747269657363
S21404C39020757365642E000A2320206964202020FB
S21404C3A020206C71692020696E20206F757420200F
S21404C3B061676520206672616D65636F756E74656E
S21404C3C072206575690025643A2030782532582035
S21404C3D02564202025642020202564202020202574
S21404C3E06420202020307825345820200023202064
S21404C3F069642020202020206E6578742020202068
S21404C4006167652020636F6E63202020207374614B
S21404C4107475730025643A2030782532582020300D
S21404C42078253258202025642020202570202025B9
S21404C4307000537461636B2050726F66696C653A62
S21404C44020256400436F6E66696775726564204EC6
S21404C4506F6465205479706520282564293A202560
S21404C460700052756E6E696E67204E6F6465205458
S21404C47079706520202020282564293A2025700A12
S21404C480004E6F6465206973206E6F74206A6F694E
S21404C4906E6564202D20696E666F206973206E6F4A
S21404C4A07420617661696C61626C65004368616ED4
S21404C4B06E656C3A202020202020202564004E6FD4
S21404C4C064652049443A2020202020202030782506
S21404C4D032580050414E2049443A20202020202043
S21404C4E02020307825325800457874656E6465647B
S21404C4F02050414E3A2020000A4E574B2055706477
S21404C5006174652049443A20307825580A004E570D
S21404C5104B204D616E616765722049443A2030783D
S21404C520253258004E574B204D616E616765722068
S21404C5304368616E6E656C733A200053656E6420C2
S21404C5404D756C7469636173747320746F20736CB7
S21404C5506565706965733A2025700A004C617374CA
S21404C5602052656A6F696E20526561736F6E20286B
S21404C5702564293A202570004C617374204C65614B
S21404C580766520526561736F6E2020282564293AEB
S21404C590202570004E6F646520746861742073658E
S21404C5A06E74206C656176653A20307825325800C2
S21404C5B02D20202020006C6F772020006869676893
S21404C5C02000646973636F766572696E6700556EE2
S21404C5D06B6E6F776E00436F6F7264696E00526F96
S21404C5E075746572200052784F6E20202000536CBC
S21404C5F06565707920003F3F3F2020202000436F70
S21404C6006F7264696E61746F7200526F75746572CE
S21404C61000536C65657020456E64204465766963D6
S21404C62065004E574B204B657920557064617465E0
S21404C630004C6561766520262052656A6F696E2017
S21404C6404D657373616765004E6F20506172656E49
S21404C65074005A4C4C20546F7563686C696E6B009A
S21404C660456E6420446576696365204D6F76650083
S21404C6705443204B656570616C6976652066616914
S21404C6806C75726500434C4920436F6D6D616E6432
S21404C69000417070204576656E74203500417070D8
S21404C6A0204576656E7420340041707020457665AA
S21404C6B06E74203300417070204576656E742032A7
S21404C6C000417070204576656E742031004E574BDD
S21404C6D0204C65617665206D6573736167650041FE
S21404C6E050532052656D6F7665206D657373616770
S21404C6F065005A444F204C65617665206D657373FA
S21404C70061676500CEC50400FEC504000AC60400C1
S21404C71017C6040011C6040055BD040022C6040052
S21404C72031C6040048C6040052C60400AAA7040082
S21404C73060C6040070C6040085C6040091C60400E2
S21404C7409DC60400A9C60400B5C60400C1C60400FC
S21404C75055BD0400CDC60400DFC60400F2C60400BE
S21404C76052C60400AAA70400C1C60400CEC504002D
S21404C770D6C50400DEC50400E6C50400EEC5040004
S21404C780F6C5040038C20400C2C50400ABA7040002
S21404C790C7060400B0C50400B6C50400BCC5040042
S21404C7A05374617274696E67207570646174652071
S21404C7B074727573742063656E746572206C696E2A
S21404C7C06B206B65792070726F63657373005570A8
S21404C7D064617465205443204C696E6B204B657904
S21404C7E000204E6577206B65792065737461626CF2
S21404C7F069736865643A00204572726F723A005035
S21404C8006172746E65723A2000577269746573209B
S21404C810746865204964656E7469667954696D65E3
S21404C820206174747269627574652E00656E647036
S21404C8306F696E741F74696D651F0000317803009C
S21404C84009C804004048040000FF00001B780300E9
S21404C85009C804002CC804000001FF5A434C206792
S21404C8606C6F62616C20636C757374657220636FA1
S21404C8706D6D616E647300646973632D636F6D2DF3
S21404C88067656E00646973632D636F6D2D726563EF
S21404C890006578706563742D7265706F72742D66AA
S21404C8A0726F6D2D6D6500757772697465006E77AD
S21404C8B072697465007265706F72742D7265616456
S21404C8C00073656E642D6D652D612D7265706F72D3
S21404C8D0740043726561746573206120676C6F62CF
S21404C8E0616C20646973636F76657220636F6D6D27
S21404C8F0616E6420666F7220746865206173736F5E
S21404C9006369617465642076616C7565732E006373
S21404C9106C757374657249641F61747472696275A8
S21404C920746549641F6D61784E756D626572546FE7
S21404C9305265706F72741F0043726561746573206C
S21404C9406120676C6F62616C2073656E64206D6530
S21404C9502061207265706F727420636F6D6D616EF6
S21404C9606420666F7220746865206173736F6369F0
S21404C970617465642076616C7565732E00636C75EE
S21404C9807374657249641F61747472696275746540
S21404C99049641F64617461547970651F6D696E52D1
S21404C9A065706F727454696D651F6D617852657039
S21404C9B06F727454696D651F7265706F727461620C
S21404C9C06C654368616E67651F00437265617465D4
S21404C9D073206120676C6F62616C207265616420ED
S21404C9E07265706F7274696E6720636F6D6D616EC9
S21404C9F06420666F7220746865206173736F636960
S21404CA006174656420636C75737465722C2061743C
S21404CA107472696275746520616E642073657276DB
S21404CA2065722F636C69656E7420646972656374DD
S21404CA30696F6E2E00636C757374657249641F614A
S21404CA40747472696275746549641F646972656397
S21404CA5074696F6E1F00476C6F62616C207265703C
S21404CA606F7274696E6720636F6D6D616E640065C6
S21404CA706E64706F696E741F636C75737465724947
S21404CA80641F61747472696275746549641F6D61AC
S21404CA90736B1F0043726561746573206120676C55
S21404CAA06F62616C207265616420636F6D6D616E88
S21404CAB064206D65737361676520746F20726561A9
S21404CAC0642066726F6D2074686520636C75737479
S21404CAD0657220616E64206174747269627574652F
S21404CAE0207370656369666965642E00636C75738C
S21404CAF074657249641F61747472696275746549F9
S21404CB00641F0043726561746573206120676C6FEF
S21404CB1062616C20777269746520636F6D6D616EF7
S21404CB2064206D65737361676520746F207772691E
S21404CB30746520746F2074686520636C75737465FF
S21404CB407220616E64206174747269627574652003
S21404CB5073706563696669656400636C7573746590
S21404CB607249641F61747472696275746549641FDE
S21404CB70747970651F646174611F00437265617423
S21404CB80652061206578706563742D7265706F72B8
S21404CB90742D66726F6D2D6D65206D657373616798
S21404CBA0652077697468206173736F63696174655F
S21404CBB0642076616C7565732E00636C757374659A
S21404CBC07249641F61747472696275746549641F7E
S21404CBD074696D656F75741F0043726561746520B2
S21404CBE06120446973636F76657220436F6D6D616F
S21404CBF06E64732047656E65726174656420636F46
S21404CC006D6D616E642077697468206173736F63F9
S21404CC1069617465642076616C7565732E00636C57
S21404CC20757374657249641F7374617274436F6DAF
S21404CC306D616E6449641F6D6178436F6D6D616EDE
S21404CC406449641F005365747320746865206469BE
S21404CC5072656374696F6E20666F7220676C6F62AC
S21404CC60616C20636F6D6D616E64732C20656974EE
S21404CC7068657220636C69656E7420746F207365D2
S21404CC8072766572206F7220736572766572207490
S21404CC906F20636C69656E742E005365747320612F
S21404CCA020666C616720736F2074686174207468F2
S21404CCB065206170706C69636174696F6E2066725A
S21404CCC0616D65776F726B2057494C4C204E4F54FC
S21404CCD020726573706F6E6420746F2074686520AC
S21404CCE06E657874205A434C206D6573736167656E
S21404CCF0207468617420636F6D657320696E206F9D
S21404CD0076657220746865206169722E00536574B6
S21404CD1073206120666C616720736F207468617489
S21404CD2020746865206170706C69636174696F6EE5
S21404CD30206672616D65776F726B2057494C4C2084
S21404CD40726573706F6E6420746F20746865206EED
S21404CD50657874205A434C206D657373616765204B
S21404CD607468617420636F6D657320696E206F76D6
S21404CD70657220746865206169722E005365747349
S21404CD80207468652044697361626C652044656636
S21404CD9061756C7420526573706F6E73652046728D
S21404CDA0616D6520436F6E74726F6C2062697420C7
S21404CDB0746F2075736520666F7220746865206EC4
S21404CDC065787420636F6D6D616E64206966207487
S21404CDD0686520636F6D6D616E64206973206E6F85
S21404CDE07420616C7265616479206275696C742E56
S21404CDF00064697361626C6544656661756C74523F
S21404CE006573706F6E73651F005365747320746862
S21404CE106520666C616720746F207573652074687E
S21404CE206520696E6372656D656E746564207365EE
S21404CE307175656E6365206E756D626572206672C7
S21404CE406F6D20746865206672616D65776F726BAE
S21404CE5020666F7220746865206E6578742072612F
S21404CE607720636F6D6D616E642E007573654E6515
S21404CE70787453657175656E63651F00436C69202D
S21404CE80636F6D6D616E6420746F2063616C6C20DB
S21404CE90656D626572416653657454696D65206696
S21404CEA0756E6374696F6E20646F63756D656E74FA
S21404CEB0656420696E2061662E6800757463546923
S21404CEC06D651F0053657473207468652074776FEE
S21404CED02062797465206D616E756661637475721F
S21404CEE06572207370656369666963206964656E3C
S21404CEF074696669657220746F2075736520666F41
S21404CF007220746865206E65787420636F6D6D6139
S21404CF106E642069662074686520636F6D6D616E4B
S21404CF2064206973206E6F7420616C726561647925
S21404CF30206275696C742E006D666753706563694C
S21404CF4066696349641F000058CF04005BC8040088
S21404CF50C1DB0400FE0000004AC20400B8D004008E
S21404CF600000000077C80400A8D0040000000000F9
S21404CF7084C8040098D004000000000091C804008F
S21404CF8088D0040000000000AFC8040074D0040079
S21404CF9000000000A7C8040060D0040000000000E1
S21404CFA0AEC804004CD0040000000000BCC8040056
S21404CFB03CD00400000000007EBF040028D004001B
S21404CFC000000000B5C8040018D0040000000000EB
S21404CFD0C1C8040004D0040000000000FC9A040049
S21404CFE0F4CF040000000000000000000000000071
S21404CFF00000000049780300D2C804000FC90400EA
S21404D000010100FF6D92000038C904007DC90400C8
S21404D010010100010107FF0029920000CAC90400AB
S21404D02035CA0400010100FF6991000056CA0400D5
S21404D0306FCA040000010100FF0000005B780300D3
S21404D04094CA0400ECCA04000101FF0043780300FC
S21404D05003CB04005ACB040001010207FF000000C2
S21404D0603D78030003CB04005ACB040001010207F9
S21404D070FF0000003778030003CB04005ACB0400FB
S21404D08001010207FF0000001D9100007BCB040095
S21404D090BACB0400010101FFBD900000D9CB040007
S21404D0A01ECC0400010000FF79900000D9CB0400D8
S21404D0B01ECC0400010000FF0191000045CC0400D2
S21404D0C04BCA040000FF0000157803009ACC040045
S21404D0D0513D0400FF0000000F7803000DCD04004E
S21404D0E0513D0400FF000000599000007CCD040070
S21404D0F0F1CD040000FF00003190000009CE0400CA
S21404D1006BCE040000FF0000017803007CCE040010
S21404D110BBCE040002FF0000F98F0000C4CE04005A
S21404D12038CF040001FF2570206368616E6E656C5D
S21404D130733A20002028307825347829007A6C6CDD
S21404D14020636F6D6D697373696F6E696E672063B4
S21404D1506C69656E7420706C7567696E206E6F748A
S21404D16020666F756E640038767576767500656E23
S21404D17064706F696E7420696E666F726D6174692F
S21404D1806F6E006765742067726F757020696465DA
S21404D1906E746966696572730067657420656E648B
S21404D1A0706F696E74206C6973740073657420669E
S21404D1B06F720052782D4F6E2D5768656E2D496438
S21404D1C06C6500257020257020256420257000637A
S21404D1D0616E63656C6C656400257020257000695B
S21404D1E06E616374697665005A4C4C20546F6B65A7
S21404D1F06E730046726565204E6F646520494473FD
S21404D2002C20204D696E3A2030782532782C204D1B
S21404D21061783A2030782532780046726565204772
S21404D220726F7570204944732C204D696E3A203015
S21404D230782532782C204D61783A2030782532785B
S21404D240004D792047726F7570204944204D696EF1
S21404D2503A203078253278005253534920436F726F
S21404D26072656374696F6E3A20256400536563754E
S21404D27072697479204269746D61736B3A203078F0
S21404D280253478005365637572697479204B657923
S21404D29020496E6465783A20256400536563757288
S21404D2A069747920456E6372797074696F6E204B69
S21404D2B065793A2000496E76616C6964206368611A
S21404D2C06E6E656C2025640053657474696E672001
S21404D2D064656661756C74206368616E6E656C2047
S21404D2E0746F20256400496E76616C6964206368F7
S21404D2F0616E6E656C206D61736B20696E64657813
S21404D3002025640043757272656E74206368616ECE
S21404D3106E656C3A00257020256400546F7563684A
S21404D3206C696E6B696E6720706F6C6963793A001E
S21404D3307A6C6C20636F6D6D697373696F6E696E5A
S21404D34067206E6574776F726B20706C7567696E94
S21404D350206E6F7420666F756E6400546F75636814
S21404D3606C696E6B20737465616C696E67206469A2
S21404D3707361626C656400546F7563686C696E6B88
S21404D3802072656D6F7465207265736574206469B8
S21404D3907361626C656400546F7563686C696E6B68
S21404D3A0696E6720656E61626C656400546F7563B0
S21404D3B0686C696E6B696E672064697361626C651C
S21404D3C064000000008810020010210400204A00B7
S21404D3D00040840100F8FF0747656E657261746952
S21404D3E06E672072616E646F6D206B65790045729E
S21404D3F0726F723A200025702570206661696C652C
S21404D40064203078257800496E697469616C697A9D
S21404D410696E67207365637572697479005A6C6CFB
S21404D420436F6D6D496E6974202D2064657669635B
S21404D43065206973206E6F74206A6F696E65642058
S21404D440746F2061206E6574776F726B005265731B
S21404D450657474696E6720746F20666163746F7296
S21404D46079206E6577004572726F723A204661695C
S21404D4706C656420746F206C65617665206E6574D7
S21404D480776F726B2C207374617475733A203078DE
S21404D490255800546F756368206C696E6B696E67F7
S21404D4A0206661696C65643A2000257025702570D5
S21404D4B03A20737461747573203D2025582C2066B9
S21404D4C06C616773203D202558006A6F696E696E2B
S21404D4D067206661696C6564000000000000000057
S21404D4E00FC0C1C2C3C4C5C6C7C8C9CACBCCCDCE7B
S21404D4F0CFD0D1D2D3D4D5D6D7D8D9DADBDCDDDEBB
S21404D500DF00000053657474696E67207278206FBC
S21404D5106E20706572696F6420746F2025640052F3
S21404D520583A204964656E74696679526571756502
S21404D53073742030782534782C203078253278009F
S21404D54069676E6F72696E67206964656E74696672
S21404D55079207265717565737420617320746F75B4
S21404D56063686C696E6B696E6720706F6C6963794B
S21404D5702069732064697361626C656420666F72E7
S21404D580204E464E0052583A205265736574546FC6
S21404D590466163746F72794E65775265717565730B
S21404D5A074203078253478000102F200525820693D
S21404D5B064656E746966793A747269676765722021
S21404D5C065666665637420307825782076617269AE
S21404D5D0616E742030782578004552523A2077726E
S21404D5E06974696E6720676C6F62616C207363652B
S21404D5F06E6520636F6E74726F6C202578004552DA
S21404D600523A202570696E67202570202578006FB1
S21404D6106E2074696D65006F666620776169742094
S21404D62074696D6500676C6F62616C207363656E08
S21404D6306520636F6E74726F6C00676C6F62616CEA
S21404D640207363656E650073746F720052583A20D7
S21404D650436F70795363656E6520307825782C2087
S21404D66030782532782C20307825782C2030782590
S21404D67032782C203078257800636F70795F736376
S21404D680656E650052583A2047657447726F757028
S21404D6904964656E74696669657273526571756509
S21404D6A0737420307825780067726F75705F6964CC
S21404D6B0656E74696669657273005A4C4C3A2066E6
S21404D6C061696C656420746F2073656E64202573CD
S21404D6D020726573706F6E73653A20307825780013
S21404D6E052583A20476574456E64706F696E744C80
S21404D6F06973745265717565737420307825780083
S21404D700656E64706F696E745F6C697374005472CE
S21404D7107573742043656E746572204A6F696E2053
S21404D72048616E646C65723A207374617475732014
S21404D7303D2025702C206465636973696F6E203DF7
S21404D74020257020282578292C2073686F72746928
S21404D7506420307825327800554E7365637572659B
S21404D76064206A6F696E00646576696365206C651B
S21404D770667400554E736563757265642072656AD7
S21404D7806F696E0075736520707265636F6E666987
S21404D7906775726564206B65790073656E64206BCB
S21404D7A0657920696E2074686520636C6561720013
S21404D7B064656E79206A6F696E006E6F20616374AB
S21404D7C0696F6E00616C6C6F772072656A6F696E44
S21404D7D073206F6E6C79000075D7040058D7040068
S21404D7E067D7040073D7040084D704009AD70400CC
S21404D7F0B0D70400BAD70400C4D704006E6F7420F0
S21404D800004E4554574F524B5F00257025705550B7
S21404D8102030782532580054727573742043656E30
S21404D82074657220455549206861732025736368C2
S21404D830616E6765642E0025702570444F574E0050
S21404D8405F4641494C45440025704A4F494E257071
S21404D85000454D4245525F4E4554574F524B5F4F1D
S21404D86050454E45443A2025642073656300454D73
S21404D8704245525F4E4554574F524B5F434C4F53AD
S21404D88045440025703A2025703A203078257800E3
S21404D89064697374726962757465640063656E7432
S21404D8A072616C697A6564002570696E67206F6EB4
S21404D8B02063682025642C2070616E4964203078CB
S21404D8C0253258004572726F723A20446576696351
S21404D8D06520646F6573206E6F7420737570706F47
S21404D8E07274202573206E6574776F726B20666F72
S21404D8F0726D6174696F6E004A6F696E00496E7668
S21404D900616C69642053656375726974792050721A
S21404D9106F66696C653A203078255800704A6F69DE
S21404D9206E20666F72202564207365633A20307813
S21404D9302578004C696D6974696E67206475726138
S21404D94074696F6E206F66207065726D6974206AE4
S21404D9506F696E2066726F6D20666F72657665728B
S21404D96020283235352920746F2032353400525839
S21404D9703A205A444F2C20636F6D6D616E642030DC
S21404D980782532782C207374617475733A20307855
S21404D99025580053696D706C650052583A202570FE
S21404D9A020446573632052657370004D6174636828
S21404D9B0002C204D6174636865733A202564004426
S21404D9C0657669636520416E6E6F756E63653A2091
S21404D9D030782532780052583A204945454520414A
S21404D9E064647265737320526573706F6E7365003A
S21404D9F052583A2041637469766520455020526532
S21404DA0073706F6E73652C20436F756E743A2025A1
S21404DA1064004E6F6465002C204D61746368657302
S21404DA203A20307825327800737461636B2076650B
S21404DA30722E205B25642E25642E25640020257016
S21404DA40206275696C642025645D005A444F005357
S21404DA504500484100436C757374657200476C6FEB
S21404DA6062616C00257074782025782C2000507232
S21404DA706F66696C653A2025702028307825325800
S21404DA80292C20436C75737465723A2030782532DD
S21404DA90582C2025642062797465732C00205A4320
S21404DAA04C20257020436D642049443A20256400A8
S21404DAB05072652D52656C6561736500416C7068C3
S21404DAC061203100416C706861203200416C7068DE
S21404DAD06120330042657461203100426574612020
S21404DAE032004265746120330047410000000000A4
S21404DAF0B0DA040011000000BCDA040012000000D2
S21404DB00C4DA040013000000CCDA0400210000008C
S21404DB10D4DA040022000000DBDA0400230000004C
S21404DB20E2DA0400AA000000E9DA0400FF000000BC
S21404DB3000000000000001526573657420696E667B
S21404DB406F3A203078257820282570290064656C83
S21404DB506574652062696E64696E673A202578206C
S21404DB60257800080109020A030B040C050D060EAD
S21404DB70070F081001180119021A031B041C051DBF
S21404DB80061E071F0820012102220323042405255C
S21404DB900626072708280129022A032B042C052D0C
S21404DBA0062E072F0830013102380239043A08E0FD
S21404DBB004E104E204E802E902EA04F008F11001D0
S21404DBC0010000000000000002050000E4DB040081
S21404DBD00900360098DC0400090072004CDD0400DD
S21404DBE0010029010000000060DD04000E000000B2
S21404DBF040000000000000000300000008DE0400EF
S21404DC0002000400400000000000000004000000C1
S21404DC1020DE0400020003004000000000000000B4
S21404DC200500000038DE040006000800400000007E
S21404DC30000000000600000080DE04000600090064
S21404DC40400000000000000008000000C8DE0400D9
S21404DC5008000B004000000000000000190000004F
S21404DC6028DF040004000F0080000000000000000D
S21404DC700604000098E10400010002008000000091
S21404DC800000000000100000A4E1040001000200EF
S21404DC9040000000000000000000000060DD0400FA
S21404DCA00E0000004000000000000000030000001A
S21404DCB008DE04000200040040000000000000002B
S21404DCC00400000020DE0400020003004000000000
S21404DCD0000000000500000038DE0400060008000E
S21404DCE040000000000000000600000080DE040083
S21404DCF006000900400000000000000008000000C4
S21404DD00C8DE040005000700400000000000000014
S21404DD101900000028DF040004000F008000000043
S21404DD200000000000030000B8DF040028004200E2
S21404DD30400000000000000000100000A4E1040001
S21404DD400100020040000000000000002100000066
S21404DD5058DF0400080029018000000000000000CD
S21404DD60000020012000000008000000010020013F
S21404DD702000000000000000020020012000000037
S21404DD800000000003002001200000000000000046
S21404DD90040042212000000000000000050042218B
S21404DDA020000000000000000600421120000000D1
S21404DDB00000000007003001200000000000000002
S21404DDC00800300120000000FF00000009003001B8
S21404DDD020000000FF0000000A004111200000009F
S21404DDE0000000000B00424120000000000000007C
S21404DDF0004042112000000000000000FDFF210248
S21404DE0020000000010000000000210201000000C4
S21404DE1000000000FDFF21020000000001000000D9
S21404DE20000018010000000000000000FDFF2102B1
S21404DE3000000000010000000000200100000000B7
S21404DE4000000000010020010000000000000000A7
S21404DE500200210200000000000000000300100180
S21404DE60000000000000000004001801000000008C
S21404DE7000000000FDFF2102000000000100000079
S21404DE800000100102000000000000000040100125
S21404DE900000000001000000014021020100000013
S21404DEA00000000002402102010000000000000003
S21404DEB00340300103000000FF000000FDFF2102C4
S21404DEC00000000001000000000020010200000025
S21404DED00000000001002102000000000000000015
S21404DEE00F001801010000000000000010002102CD
S21404DEF001000000000000001100200101000000E5
S21404DF00FE000000140020010100000000000000D4
S21404DF10004020010300000033000000FDFF210242
S21404DF2000000000010000000000F00840000000AF
S21404DF306AE30400010023044000000072E30400C6
S21404DF40060030014000000000000000FDFF210232
S21404DF504000000001000000100020014000000006
S21404DF6014000000110043FF400000000000000001
S21404DF7016001A034000000054E3040017001A03B6
S21404DF804000000057E30400200018014100000090
S21404DF90000000002100F110410000000000000015
S21404DFA02200F110410000005AE30400FDFF2102A4
S21404DFB040000000010000000000200100000000F6
S21404DFC00000000001002001000000000000000026
S21404DFD002002102000000000000000003002102ED
S21404DFE0000000006B610000040021020000000035
S21404DFF07D6000000700210202000000FA00000015
S21404E0000800300100000000010000000F001801A5
S21404E01001000000000000001000200100000000C5
S21404E02000000000110021020000000000000000B3
S21404E030120021020000000000000000130020016E
S21404E040000000000000000015002102000000008F
S21404E050000000001600210200000000000000007E
S21404E0601700200100000000000000001900210233
S21404E07000000000000000001A002102000000005A
S21404E080000000001B00200100000000000000004B
S21404E09020002102000000000000000021002102F0
S21404E0A00000000000000000220020010000000024
S21404E0B00000000024002102000000000000000010
S21404E0C025002102000000000000000026002001B8
S21404E0D000000000000000002800210200000000EC
S21404E0E000000000290021020000000000000000DB
S21404E0F02A00200100000000000000000040210269
S21404E1000000000000000000014030010000000094
S21404E1100100000002402001000000000000000092
S21404E120034020010000000000000000044021021B
S21404E1300000000019000000054021020000000055
S21404E140002300000640210200000000000000003A
S21404E1500A40190200000000000000000B402102E3
S21404E16000000000000000000C4021020000000037
S21404E170FFFE00000D402102000000000000000029
S21404E180104021020300000044440000FDFF210269
S21404E1900000000001000000FDFF21024000000016
S21404E1A001000000FDFF2102000000000100000045
S21404E1B00000000803000008030000020300010832
S21404E1C003004008040000080400000204000108DC
S21404E1D0040001020400020804000202040003080A
S21404E1E004000302040004080400050805000008EF
S21404E1F005000002050001080500010205000208EA
S21404E20005000202050003080500030205000408D1
S21404E21005000402050005080500060805000602B8
S21404E22005004008050041080500420806000008ED
S21404E2300600010806000208060040080600410819
S21404E2400600420808000008080001080800020842
S21404E2500800030808000408080005080800060863
S21404E2600800070819000101190003011900060136
S21404E27021000104210002042100060421000B04ED
S21404E2800003000800030108000302080003030853
S21404E2900003040800030508000306080003070833
S21404E2A0000308080003090800030A0800034008DE
S21404E2B0000341080003420800034308000344081F
S21404E2C00003470800034B0800034C08001000082E
S21404E2D000100102001002080010030200100608D5
S21404E2E00010070800101008001011020010120891
S21404E2F0001013020010140800101502001016086F
S21404E30000104002001041080010410200104208AC
S21404E31000104202000341003D8203000400410055
S21404E32061C6000003004100D788030003004200D2
S21404E330FD880300080041009F8903000600410091
S21404E340B98A0300050041001103010000800000A3
S21404E350000000002FAC09FFFFFF5A69674265659D
S21404E360416C6C69616E63653039FFFFFFFFFFFF28
S21404E370FFFFFFFFFFFF0001020000005752495451
S21404E38045204552523A2000257065702025782095
S21404E390636C75732025327820617474722025327C
S21404E3A078206E6F7420737570706F727465640075
S21404E3B02570696E76616C6964206461746120748A
S21404E3C079706500257061747472206E6F7420779E
S21404E3D072697461626C650057524954453A206EFE
S21404E3E06F2077726974652C206A757374206120B7
S21404E3F07465737400524541443A206174747269BA
S21404E400627574652073697A6520746F6F206C6119
S21404E41072676520666F722063616C6C6572006358
S21404E4206C6E74007372767200525700524F00205E
S21404E4302052414D20200020746F6B656E200065CD
S21404E440787465726E2000454E44504F494E5420F1
S21404E450257800636C7573202F2073696465202FFC
S21404E4602061747472202F206D666720202F7479C3
S21404E4707065286C656E292F207277202F207374A0
S21404E4806F72616765202F20646174612028726151
S21404E490772900253278202F202570202F2025323A
S21404E4A078202F2000202F20257820282578292042
S21404E4B02F202570202F202570202F2000556E73C6
S21404E4C07570706F72746564004F544120524541F4
S21404E4D0443A2065703A2578206369643A25327890
S21404E4E02061747469643A253278206D736B3A251A
S21404E4F078206D66636F64653A253278005245412C
S21404E500443A20636C7573202532782C2061747429
S21404E5107220253278206661696C6564202578004F
S21404E520524541443A20636C7573202532782C207A
S21404E53061747472202532782C20646174614C6591
S21404E5406E3A2025782C204F4B002578200028256D
S21404E55063292558255825582558255825582558BB
S21404E5602558002570642C2064726F7070696E677D
S21404E570206570203078257820636C757320307899
S21404E58025327820636D6420307825780047656EE0
S21404E59065726174656400526563656976656400D6
S21404E5A0446973636F76657220436F6D6D616E6444
S21404E5B07320726573706F6E73652028636F6D7059
S21404E5C06C6574653A202563292C202573204944FC
S21404E5D0733A2000307825582000524541445F4164
S21404E5E05454520057524954453A20636C7573206C
S21404E5F025327820617474722025327820004641D2
S21404E600494C2025780057524954453A20746F6F78
S21404E6102073686F727400444953435F41545452E4
S21404E62000257025703A20636C75732025327800B7
S21404E6305F4558540053766320446973633A200058
S21404E640257057616974696E672025642073656355
S21404E65020666F7220646973636F766572792074BE
S21404E6606F20636F6D706C657465005374617465B8
S21404E67020636F72726573706F6E64696E67207460
S21404E6806F2074686520746865207265717565739B
S21404E69074206E6F7420666F756E640A002570634E
S21404E6A06F6D706C6574652E0A00257053657276FE
S21404E6B069636520446973636F7665727920537461
S21404E6C0617465206C696D69747320726561636832
S21404E6D065640A002570496C6C6567616C2062721B
S21404E6E06F61646361737420616464726573732C10
S21404E6F02072656D617070696E6720746F20766134
S21404E7006C6964206F6E652E0025704661696C65C1
S21404E7106420746F2073656E64206D617463682072
S21404E720646973636F766572793A20307825780069
S21404E73025705374617274696E6720646973636FBD
S21404E7407665727920666F7220636C757374657271
S21404E7502030782532780025704661696C6564201F
S21404E760746F2073656E6420494545452061646472
S21404E7707265737320726571756573743A203078A8
S21404E78025780025704661696C656420746F207373
S21404E790656E64204E574B20616464726573732003
S21404E7A0726571756573743A203078257800457201
S21404E7B0726F723A202570206261642073696D70EE
S21404E7C06C652064657363726970746F72206C651F
S21404E7D06E6774682E0025704D65737361676520D7
S21404E7E0746F6F2073686F72740025704D65737351
S21404E7F061676520746F6F2073686F727420666F2C
S21404E80072206E756D2E20656E64706F696E7473FB
S21404E8100025704D61746368257020666F756E649C
S21404E8202066726F6D2030782532782E004572721D
S21404E8306F723A20257020696E76616C6964206C6C
S21404E840656E6774682028256420213D2025642988
S21404E85020666F722041637469766520456E647025
S21404E8606F696E7420726573706F6E7365002570C1
S21404E870676F7420616374697665204550207265FD
S21404E88073706F6E7365005554432074696D653AF2
S21404E8902025642F25642F25642025643A25643AB0
S21404E8A02564202825347829001F1C1F1E1F1E1FC0
S21404E8B01F1E1F1E1F28556E6B6E6F776E20636CAF
S21404E8C075732E205B30782532785D29000D0A5446
S21404E8D02534783A005258206C656E2025642C2026
S21404E8E065702025782C20636C757320307825326B
S21404E8F0782000206D66674964202532780020461B
S21404E900432025782073657120257820636D642064
S21404E9102578207061796C6F61645B0007021F01C3
S21404E9202F0037013F005701DF02E700FF02000017
S21404E93000000000000000000000000000000000CE
S21404E94000000000000000000000000000000000BE
S21404E950426173696300436F6C6F7220436F6E7419
S21404E960726F6C00477265656E20506F7765720033
S21404E9704C6576656C20436F6E74726F6C004F63E3
S21404E980637570616E63792053656E73696E670094
S21404E9904F6E2F6F6666004F76657220746865202A
S21404E9A041697220426F6F746C6F6164696E6700B0
S21404E9B05A4C4C20436F6D6D697373696F6E696E44
S21404E9C0670000000000000050E904000003000097
S21404E9D056E904002100000064E904000400000075
S21404E9E0DAAD0400030000003871040008000000DB
S21404E9F070E90400060400007EE904000600000036
S21404EA0090E904001900000097E9040005000000DE
S21404EA10346C040000100000B0E90400FFFF00009E
S21404EA20000000002570525820706B7420746F6FBD
S21404EA302073686F72743A202564203C2025640095
S21404EA402570525820706B74206D616C666F726D01
S21404EA5065643A202564203C202564002020456E09
S21404EA6061626C656400202044697361626C65644D
S21404EA70004572726F722072657472696576696E8B
S21404EA806720696E666F20666F72206C69627261B9
S21404EA907279204944202564002573206C696272CB
S21404EAA061727925732070726573656E7400202018
S21404EAB04861766520526F75746572205375707060
S21404EAC06F7274002020456E642044657669636521
S21404EAD0204F6E6C79005A69676265652050726FC4
S21404EAE00042696E64696E67005365637572697483
S21404EAF07920436F72650053656375726974792073
S21404EB004C696E6B204B6579730043424B4520314C
S21404EB1036334B310043424B45204453412053691E
S21404EB20676E004543430043424B4520445341200F
S21404EB30566572696679005061636B657420566128
S21404EB406C6964617465005A4C4C0043424B452022
S21404EB503238334B3100454343203238334B31008F
S21404EB6043424B4520636F7265004E4350004D751B
S21404EB706C7469206E6574776F726B00456E68619D
S21404EB806E63656420426561636F6E205265710032
S21404EB9043424B45203238334B31204453412056B0
S21404EBA06572696679004D756C74692D50414E0026
S21404EBB0D6EA0400E1EA0400C1DB0400E9EA040042
S21404EBC0F7EA0400C1DB04000AEB040015EB0400BA
S21404EBD023EB040027EB040037EB0400C8BA040058
S21404EBE047EB04004BEB040056EB040060EB040018
S21404EBF06AEB04006EEB04007CEB040090EB04006C
S21404EC00A6EB04006009000002010A0006000A00E0
S21404EC1026002A0000800000000000000000002FEC
S21404EC20686F6D652F7068752F53696D706C6963B6
S21404EC3069747953747564696F2F53444B732F67E3
S21404EC4065636B6F5F73646B2F70726F746F636F43
S21404EC506C2F7A69676265652F737461636B2F73B3
S21404EC60656375726974792F7A69676265652D7351
S21404EC70656375726974792D6D616E616765722D51
S21404EC806E6F2D7661756C742E630000666E692B4C
S21404EC9000666E69006E616E00666E692D00000087
S21404ECA0000000000000F03F0000000000002440C8
S21404ECB000000000000059400000000000408F40A3
S21404ECC0000000000088C34000000000006AF8400E
S21404ECD00000000080842E4100000000D012634132
S21404ECE00000000084D797410000000065CDCD41A8
S21404ECF002020300000000000000020800000000FA
S21404ED00FFFFFFFFFFFFFFFFFFFFFFFF0000000006
S21404ED1000000000000000000000000000000000EA
S21404ED20000000005241494C00000000A000000012
S21404ED30298B010050000000098C0100FA04FA0037
S21404ED400033330A0A0A03040408080808080840BB
S21404ED500021000000010000010100010101000083
S21404ED600000000000000000A806000048704C0DDB
S21404ED704470D80C307064123C70AE163870340D83
S21404ED8034705A0D30700A0F2C700A0F2870DC107D
S21404ED902470F41020703E0D1C7080111870F2114F
S21404EDA014703A0DB110076001D80A7108B87F785C
S21404EDB0020C7E78641000C6A01F00218CB8707800
S21404EDC001B007680F305CB30F330111C0480698D2
S21404EDD04A022FB006D80C7109DD087100B853A892
S21404EDE009BB111007680168214807600410011266
S21404EDF0FF32215007605148076000880698441384
S21404EE0000C4401F002103DD087214BA281400A0B1
S21404EE1000BA03DF107109DF0672029860058CB829
S21404EE20507800A04413281441158110076002D8B6
S21404EE301471108806982E1800C00C7008400698A6
S21404EE407C1A0091069860020060B83020D80671DB
S21404EE5090BC637C784D5412F03240DE0472404815
S21404EE6004DB08720DDD0C72044BEF301448069870
S21404EE70FC0600C4E0100840441207620132214038
S21404EE80084C287C811140D91C72B1123032CF4A0A
S21404EE90013AB1DA107208D8067104D80871B04C79
S21404EEA0237C4070684C4412FF328722047580B875
S21404EEB0D84C81D8327140D90472237C084B06980A
S21404EEC0FC0604BA88B9767900C11860084035791A
S21404EED0E049007906B904A901D86E72227CBC4CBC
S21404EEE0307C0298320208D83C7100C14C000840BD
S21404EEF0141110D93071104C00C1140008401411BC
S21404EF001814076100C5206008405415FF350471C5
S21404EF1010491814A84C441207620132067102986C
S21404EF201201B84C08D80C7107BA24D8047106BA72
S21404EF30187004D80C7101BA40D80E7102BA0A705F
S21404EF4005BA20D8047203BA227C604C4411404CA3
S21404EF501814076118149111383111429111076978
S21404EF6010D90472EF3200C1006008401411103149
S21404EF70016911422814A111076118140698621A2F
S21404EF80181400C10060084014110769FF311814F2
S21404EF9000C13C3008401411181407611814308856
S21404EFA002480698C005009308DB047101F800A027
S21404EFB05CB00F3000A01088B111076980D90A71BF
S21404EFC000C1800008400811009100A000C40001A0
S21404EFD00840441000A000C020300E400411041065
S21404EFE01050F47200A05415504512710698060786
S21404EFF00698960618B8707800B8417806984003C4
S21404F00090BA5B7A5C7A5D7A00C218500840241283
S21404F01000C1501F0021281106983818208800883F
S21404F02000C5441F002154155112FF350762FF32F4
S21404F03006986A020159512904751159009021292C
S21404F0402075069886040698A2040698FA0200928A
S21404F05003D80C728111076102D90472FF0FBA70CB
S21404F06018B8727800F804D842710088308800C056
S21404F070FC1F0021041000C1501F00211412012A95
S21404F080215A00C3185008403413312A1A7500C098
S21404F0900060084004100730FE200C76381108B8CB
S21404F0A07F78020C7E780093009000A000C0F41FC6
S21404F0B00021041000BB1DB400A000C1DC1F002109
S21404F0C014111088FF3100C5FFFF000031120762DB
S21404F0D00762513A513B0E720698720C115901128E
S21404F0E001131E703114008831100698720C1159E1
S21404F0F0415C41280698740C513801130090012B8A
S21404F10000902088076001140760FF30215D4112DB
S21404F11007620762312D0876FF34415C4128015DA1
S21404F12031100698740CFF303088011300C0E01FBD
S21404F13000210410512B0C76076801150768FF356B
S21404F1406070315BFF32212B0C7507600115076078
S21404F150FF354E7000C5E41F00215415076507658A
S21404F1605112FF35FF30012B0875211007603270ED
S21404F17021100768FF30012B0A752110076007600D
S21404F180207000C2E81F00212412211007600760C7
S21404F190FF30012B087521100768067021100760E0
S21404F1A0FF300093009200C10060084014142C49FC
S21404F1B00734FE242A761415F0BC076C513C076805
S21404F1C003680154107100C4FF0FFFFF513C014453
S21404F1D04811311200C5E81F00215415FF35076297
S21404F1E007622143544914122155FF355152281100
S21404F1F000A001D81871008800C0047008400410EC
S21404F2008020FF30067106984E03009000A002D8B6
S21404F210047200A00088069896061DB428B9112C1E
S21404F220408800C3EC1F0021341440445A71441330
S21404F23006982005411500C00060084004100730F9
S21404F240FD20447500C20870084024100760FF3093
S21404F25080DC34710698AE0C01591C4A24100760F1
S21404F2600260FF300698AE0C0158B22001295413F0
S21404F27031100698AE0C11280A750425541550450D
S21404F280EE72069820050094009000A07FB90661EF
S21404F29000C01C60084006984A1304155153113BDD
S21404F2A03155581002984413EBBD00C0401F00218E
S21404F2B00411113D10D91271FF33076B00C1904041
S21404F2C00846381118B97479581000A006986002D8
S21404F2D08024E4240D300472044800C11C51084004
S21404F2E0141100C3DC1E0021911504351A7218137C
S21404F2F088BB08D804716C7B04D804716A7B8CBB09
S21404F3002F7C5B7B16703C4B181388BB08D80471A3
S21404F3106F7B04D804716D7B217C0C3001600698E9
S21404F32082060698680B0698320700B8B11107697A
S21404F33040D906720298660601BC00C20060084006
S21404F34000DC0A7124150165604A0A701C4A2415FB
S21404F35007657C4A043508D920712024512A2412D2
S21404F36000C180000840320C281107622811076289
S21404F370281107622811500C00C1381F00211412EE
S21404F38000DC1A7120D8067101B80C70F0DA0C7221
S21404F3900CDB087102B806988A064824044914113E
S21404F3A000C380000840FFB80120114108710141E4
S21404F3B018130824014200C120000840141101411A
S21404F3C0036D514191152035016D514118132813D1
S21404F3D0481300C37C000840341003D80C7107306F
S21404F3E005DC0671084B227B8CB8507800B800C147
S21404F3F0381F0021141203682150F03001522811DE
S21404F40000A04024066400C0FFFF0100013C1DB0BC
S21404F41002200158402806751EAC01EC00A0208886
S21404F42000C01850084004121DB4211304123052B0
S21404F430F871066C402400C3741F002134101411A4
S21404F4400698C00C0669009211592129067600BB5D
S21404F45011590698960C80B80158013A0662313B59
S21404F4600472215A412A00A000C200010840317AE1
S21404F47000A0308880B9076900C30000C0FF3110BF
S21404F480312800BC002D0C7511541EAC01EC312D36
S21404F490F470066C51134155312C009300A000C043
S21404F4A028400E400413315107610C31076911538B
S21404F4B0381000A006984A0800C0F41F0021041162
S21404F4C006983207217A237A00C3000010000698B3
S21404F4D0720700C0581F00211DB1181000A000C0FC
S21404F4E0541F00211DB1181000C09C1F00210410D9
S21404F4F0002D067500B826A80698060700C09C1FAF
S21404F50000210410012C06750698960628B010B93A
S21404F510115911380EB9114028A880B800C14430DA
S21404F5200840081100C1F01F00211410303B06717A
S21404F5300760076000C40830084044111150FF30CB
S21404F540015118146FB8076826A8217A050C2110F3
S21404F5502048267800C063EF0000314026A8050C3A
S21404F56020ECB11140D90872247A20EC217A18488C
S21404F57026A828B00AB901510F31115028A8050C45
S21404F580207A20EC0F0C98B84678417806986A02E0
S21404F59000C2441F002124100151FF3111500812EB
S21404F5A000A006984A0800B826A800C05C1F0021E0
S21404F5B01DB1181000A030B840780DB101D9FC7206
S21404F5C0427800C074300E4004114CBA407A1810C9
S21404F5D0144804115C7A1810A4BB707B4E7B4F7BD6
S21404F5E000C20430084000A006984A08217A227A0D
S21404F5F000BB0698720700C0681F00211DB11810D2
S21404F600A4BB00C040300E400411033101492872E7
S21404F610B112076207623048041121510F31187283
S21404F6206E7B6F7B104804114CBA7C7A1810144811
S21404F6300411607A1810B11002D81071707B30B8BB
S21404F640627860780DB001D8FC7100C0F86008409C
S21404F650041101D90C7100C01800084002B9181032
S21404F66008B86E780EB84EB110D90C723EA8140CB9
S21404F6700FB83EA8107044A8140C01B800C1B030EE
S21404F6800E40081100C077801F003DB201423DAA1B
S21404F69000C0FFFFFFFC013A3DAA140C00C077E04F
S21404F6A01F0001423DAAFFB845207D7808B87E7841
S21404F6B000C124600840141107610631087100B9BE
S21404F6C006985A1006984A13B11101D90E71069875
S21404F6D0881A02D906720698AE0B0698441351147B
S21404F6E006989606F4B845780A0C00C0641F0021F4
S21404F6F01DB1181002983410FFB845205D7803B881
S21404F700076044A83EA800C1B0300E40081110B8E7
S21404F71007683DB101393DA908B86F7800A046A82E
S21404F72000C0FFFF0000013B076356AB94BA437A60
S21404F73001D91471013C47B300C0FE20FFFF013B12
S21404F740314447AC637AFFB82120407802D904716B
S21404F750607800A0C8BC066C415C512C06750698FF
S21404F760960606986E0DB110076805D8347140BA2F
S21404F77006981A1308B86578911004D8187188B8D2
S21404F7806E78577800C06400084021780698821086
S21404F79001400A728CB84278069856130298400BB9
S21404F7A008B86C7820B859785B7800C0F4400840F4
S21404F7B07878797800C1C81F0021141040A8184929
S21404F7C014130449408814140C4914118112076A4E
S21404F7D0006A01DA187188B8577800C0CC1F002177
S21404F7E00410016107630763076407640698B20997
S21404F7F000944EB010D842724DB161B80158113819
S21404F80040B102D90A72604804BB415408702048CB
S21404F81002BB02BC4DA8F8B87078190C3EB1414141
S21404F8203EA9F4B973797378717800C4F840084037
S21404F83000C200410840227000C20000010044AA31
S21404F840230C00C200000B0044AA00C41041084068
S21404F85000C21841084004BB587C050C597C0C2493
S21404F8600F0C2FAB050CB11008D81471647A657AA6
S21404F8701CB879787B7820B879787B78607CF42417
S21404F88041130698FC0651144044067506989606DD
S21404F890727BFFB84D20050C687840EC00C0601FF2
S21404F8A000211DB11810911004D8147100C0BC1E9C
S21404F8B00021041080D806711CB8737800F818B8B4
S21404F8C000C1D81E002100C2185008402412281176
S21404F8D0767800F800C0B860084004110761076134
S21404F8E080D9047240EC00C4F84008404EB010D8EA
S21404F8F00471182441130C23527C407B11512FA908
S21404F900050C797C0A0C00C0000001020814787CFF
S21404F910050C507C08B86D7800A000C0287008401C
S21404F9200411108800C1001800401810444804113F
S21404F930108878480411108800884CBA757A181014
S21404F9403DB11088F4B84278442072782848737819
S21404F950F8B873784FB200C4FFFF8080413A4FAACC
S21404F96001BC01644113076300C06C70084003B90E
S21404F97018100110011001B918100110011001101F
S21404F980011068480411076101B80160003A047167
S21404F990044904D9047241520760003A04710849C4
S21404F9A008D9047231520460003B0E72006300648E
S21404F9B0314241424FAAB2704FAAF8B85378182081
S21404F9C053782848527800913DA900900091181069
S21404F9D000917848181000914448181000A0115956
S21404F9E010D906710760076008D90471076004D946
S21404F9F00471036002D90471016001D904710060C6
S21404FA0000A000BA01D806710148112A00690060F6
S21404FA1001D8F6720138F67200A08020FF30FF4845
S21404FA20812000A000C21850084024121159212930
S21404FA30127300210E7100C23050084024120121B6
S21404FA40212900A006984A0888B8577800C57C1F64
S21404FA5000215088044D88BC00C0C81E00218111B6
S21404FA6001D91E71407C00950115044D50881C4D2B
S21404FA70FFBB076B315B04110698B80C3129F87587
S21404FA800698761954150698881A01D908720698A5
S21404FA907C0806700698DE0888BB547B009500F840
S21404FAA006988C090E700698680B06988C090698BA
S21404FAB06011069836089112211900C02460084087
S21404FAC00A78097800F810B901BA0698101306984F
S21404FAD0341000C57C1F002100F89112033288B947
S21404FAE000C3BC1E0021341300C4A81008408CB800
S21404FAF04278707903DE067144786E707179A110CD
S21404FB0020D806710298160F80DB507102D84C720A
S21404FB1005B830880763076302DB2A7100C3AC00AC
S21404FB2008403413066380DB0472804800C3102048
S21404FB3008403413315B047240483128312802608F
S21404FB400814076800930814A1101030024808141B
S21404FB5000B808149110076008148CB86278A110D5
S21404FB6000DC0676517900BA80DB587100C00000CC
S21404FB700200003B4E7150884110344803DE047185
S21404FB809048041508200411F82058101C202178E9
S21404FB900698AE0E00C0A40008400E7810D91C715A
S21404FBA051451A7100C53400084407B8081500C545
S21404FBB03400084604B8081504702E78069874169F
S21404FBC00095911120310269911004D80E7200C17B
S21404FBD04C1F0021141101D90A71208806985A1066
S21404FBE0009200C1180008400533054B1872184CE3
S21404FBF003DE0471904C441400C3FF1F0000413B15
S21404FC00FF233811B849076A0698A20E04490879F2
S21404FC10097914102140081100A000C554000840BA
S21404FC20541551455071108800C13400084407B873
S21404FC30081101B83088076B40DB247100C0370C0C
S21404FC4000000811364800C5D01E0021541102D900
S21404FC500E72104801D9087100C01104000000C1DA
S21404FC6034000846081100C1340008401415303525
S21404FC700093009100A000BD0698440210B903DC6E
S21404FC80047100B901BA0698101302D9067100402F
S21404FC904E7201B107690F3106988210FFD8287298
S21404FCA0811008D8187106DD0A710698440203DC30
S21404FCB00C720698C810069856130C7006DD107160
S21404FCC00698CE10487020B802A806DD1072069872
S21404FCD08C090698360801F840B802A800F800C057
S21404FCE0BC1E00210413076301DB2271911001116D
S21404FCF0076911388CB910D8087144790298160F20
S21404FD0002DBFA72A11328DBF47203BD06982810EE
S21404FD1006988C098CBA7F7A0698FC0600C5801F64
S21404FD2000210698440200BA03DC3272044DA11086
S21404FD3002D804710C4D00C0140008400410026878
S21404FD4000C3701F002134111128FC2334110698B7
S21404FD50960C00C10C5108400698B2065415212D85
S21404FD6000C0F8600840041101D9227100C03C1F8D
S21404FD7000210410033001DC147200C01400084093
S21404FD800411FD21087602BA076A212D0698480751
S21404FD900298E8099110015503355150011900A045
S21404FDA000C1481F0021141001D8427101480760A1
S21404FDB0FE200E75811020D8087100C14C1F00214A
S21404FDC0141101D9287100C024600840041221517E
S21404FDD007610F3107691152281000C000600840FF
S21404FDE004119112215120311152211900A08113BE
S21404FDF080DB067201B800A000C30C500840341023
S21404FE00063030727C4B34122C4B3410076007607B
S21404FE1040302072811080D8DC713410014A0762A9
S21404FE200360803021508C480A717F235523341098
S21404FE30013000A000BD0698281088B84778457899
S21404FE40437800B8447800A006988C090698C81031
S21404FE5000C58C1F00215415069848070298E80927
S21404FE6000C374000840027B06984A1350BA0698EA
S21404FE701A1306988210FFD84A71911004D8487253
S21404FE80811007601CD8407220D938721112FF32D4
S21404FE902151347180218021111400C0E41E0021F8
S21404FEA00413FFBA3151113A215111538CB9381049
S21404FEB07B7940440E7200B900C2C41E0021181299
S21404FEC0067008B860780698441300F800B900C2B3
S21404FED09C1008401812244A0AB9181288BA507A94
S21404FEE0517A577A8CB942795F7900A00698440211
S21404FEF007DC1072911000200A75069860110298AB
S21404FF00660D0698360801B9911004D8047100B934
S21404FF1010BA0698101300BA00402A7100C0BC1E1E
S21404FF2000210411076101D9127104D9E27281100B
S21404FF30076001D8DA718CB8647800C11C51084097
S21404FF400698B2060698601100C5901F0021541545
S21404FF50212D06987C0800C5941F002100F800BCDB
S21404FF60811108D9167280D9207201B910BA069880
S21404FF70101300400E7101BC10700698C810069845
S21404FF80561320B802A800F80698601181110231B1
S21404FF90127100B900C20C1008401812244A02B9A3
S21404FFA018120698C81000C5981F00215415069804
S21404FFB0001A0298E80904110121147188BA737AA8
S21404FFC0042004122811042004110121F47200A054
S21404FFD00698FC0601F8911010D834710698400370
S21404FFE0069886040698A20400C51C5108405411BD
S21404FFF00698B80C00C5D41E002154155129E27584
S21405000018B875788CB8447801B802A800F8B1100D
S214050010076810D82E7100C04810084000C30000BD
S21405002008403114884C44113411076101D9FA711E
S2140500304412281007622810076228100762281045
S214050040E87000C1BC1E0021141080D82C7100C1B8
S2140500505400084014111141207100C100000240EF
S2140500601038167100C03400084407B9181000C0CF
S2140500703400084601B9181002987A0206986002FC
S21405008011380472016A00BB00C1E41E0021141178
S21405009020390C72911210DA0672417B00A0069880
S2140500A04A1300C2BC1E0021241220DA0472617BAA
S2140500B088BA527A00A088BA727A811204DAFC727B
S2140500C000A088B86B78577800C0640008402F7881
S2140500D000A006986E100763076390B9637900B9A8
S2140500E002DB36713112076240DA2E7200C2540006
S2140500F0084024100140227202EC00C909B801D953
S214050100507200C2AC0008400E7A10D904722E7ADE
S21405011006987416E031076102EC00CD114502EC35
S21405012000CC01DB087100BB0298CA1703B8411161
S2140501300731FA211C760621911210DA087102DDC4
S21405014010721E7020B80698720C3038147208B8F3
S2140501500698820600C0240008402978207800F812
S214050160046020D8067102982C1502EC00CA05B862
S21405017023DA187104DBDA7120DAD67110DAD27256
S21405018090B8617800B801DA067202EC00C89111E1
S21405019010D9267100C1CC1E002114111150FF3054
S2140501A00C720661A110115002300A7180DB0A72CA
S2140501B00AB89E708CB97C79076891111140211197
S2140501C0C0311140011990B8411108D904716678FB
S2140501D020D904726578A11002D80672C0DA1E719D
S2140501E090B8273123DD087210DB1072607825DDA4
S2140501F00A7121DD087208DB0471627803B84111C3
S21405020007310872A1152035AA7102DD3272A111D7
S21405021020D9A07102D92872CCDA9872411140D93A
S214050220927206B802DB1071046500C11020084002
S2140502301411112D112D054D5C720298BA1321115A
S2140502404049C0D94E71A03141154035016551412F
S2140502500361076308DA1E7204DA38721049A115BD
S2140502600235067110DB0E7201340A7108DB247143
S21405027090B86778CC3211101A300ADC0872CCDEDA
S2140502800471FD3100C00D0F0C0D0698740C01D8D5
S214050290607207B80298E41300BA411108D90C71C8
S2140502A002EC00CA05B830DAEC720734F0310261A8
S2140502B001DA0471014900C0F300A3E30698740C43
S2140502C001D8D07100C0981440680698740C403068
S2140502D0014440DA0471204C04320162204A1110B0
S2140502E0063000680142183102691142029802146C
S2140502F0204A00C0051708500698740C11300142B4
S2140503002088FFBB0DDA507100C1DE1B250180BCBD
S21405031004DA107208DA0A7200C120841000E0249C
S214050320A02407634143016401DA06711E49024BA6
S21405033000C02C1F002107633810BC2002DA12719A
S21405034001B91159A11380DB087100C100FCFF013A
S21405035018100298561700C4BC1E0021441080D8F9
S2140503607C710092D0DA06710DDA0C7190BD437D72
S214050370EFBD06983E0503620DDA8672A11105D912
S2140503805C7100C23810084024120C24281401D9C8
S214050390067202D9327140D91E7102EC00CA2110CC
S2140503A018320471FA2220D804720822FE22087533
S2140503B002EC00C8F87001D90E7102EC00C802D92B
S2140503C0067204DC187200C0BC1E00210410026808
S2140503D001D8067190B8647818B873780298CA1769
S2140503E000C50020084000C00417000008D90472A4
S2140503F00A480815104D00B808D90472FF200815DC
S214050400084D00C00884000008D9087200C0208383
S214050410B8ED0815104D207D00A000B8011A00C0E3
S21405042074000840027891101030011905BA069834
S2140504301A1302D9067101B802A800C0BC1E002115
S214050440041380DB0671029866138CBA7C7A01DB8E
S2140504506C7100C2301F002124111114FF3402EC08
S21405046000C8FF24FA7607610698820C03611138E6
S2140504700F3003611114011141100698820C01D842
S214050480087203B80298E413044A02DB24712410A8
S214050490112811280412023006710762076200C08F
S2140504A0FFFF0000213800C218000840FF20081290
S2140504B0411007600698820C01D87C7120BC103369
S2140504C0767100BB00C12C1F00211415C021112C0C
S2140504D05112076A0F320E71408851140698FA17A2
S2140504E04143009451120765036A0F320E7141119C
S2140504F051140698FA17036C41430765513B00C132
S214050500E81E00211411111231100F30127100BAB5
S214050510046101D80471114200600FD8F4723110DD
S21405052002601E30047201B8003A087204B80298D8
S214050530E4130298EA1500C0381F002104110F3194
S21405054003DD1A7200C000600840041007D80E725A
S21405055000C01040084004B9181000F806986E1040
S21405056006983C0500F830885088FF34087102EC80
S214050570FF24F87002EC00CD141001BB5150FFD8D3
S214050580047131440760006B10DBF2710421FF2211
S214050590E4720F4C0095009300A000C1C01E002118
S2140505A0141100A030880698381A8111076102D9FF
S2140505B006720298141988BB557B076120D9067107
S2140505C0029804190088A110076806982E180821B5
S2140505D01415FC2590BB5C7B5D7B00C10060084064
S2140505E014110731FE21307608D82A725113FC23E0
S2140505F0341304DB2071076BFF33315B00C10870D1
S21405060008401411076180490C71FF313029547573
S21405061090BB7B7B10707B7B7C7B00DD04717D7BD8
S21405062001BB3815EC25541300DF5471042505DF8E
S21405063054715415211120880698B80C009251293A
S2140506403E7500C100600840141102DB0C710731CD
S214050650315B31292A760C7004DF0872006180D977
S2140506601E7206982E1800C00870084006987C1A58
S21405067006982E181411FFD9607202985A19009020
S214050680009300A05415A111076910D9A672082574
S21405069008D8A071082510D89A71208821110698C7
S2140506A0B80CFC255412112AF82554110C2520D80F
S2140506B00871F0255411102520290476215918159E
S2140506C000920298C61818B97179811010D80A7167
S2140506D088B8447800B8417888B9747908B96779D4
S2140506E000F88110A0D8087188B9497900A007607C
S2140506F002D8FA7106982E18108806984A130762CB
S214050700076210DA087108211415F025541100C285
S2140507100020FEFF202912750698881A01D90A724C
S21405072006988C090698360800941CBB41100C20C8
S21405073006984A1241110821141006984A123128C3
S214050740441111120761FF31FF3201221052107257
S2140507500769181404244413042438140C70076914
S21405076021411814082408140298441340441471AF
S21405077000C1C41E002114155113036B0FDB0C7248
S214050780066D06980607411500A0069836080698D1
S2140507904A1308BB51140698C0194415FC25541570
S2140507A00298480788B900C3BC1E002134130763A6
S2140507B008DB1A718113A0DB067149791070697917
S2140507C0076302DB087208B9677900F800A0811193
S2140507D0076102D9107188B9757906982E18141113
S2140507E0FF3100A0FFB900A0041008211411F42160
S2140507F0081100A081110761076110310E71069876
S2140508002E1808211411F821141100A049C301005F
S21405081001C301000DC30100E1C30100E1C40300EB
S21405082011C8030015C8030021C8030019C8030032
S2140508301DC80300000000004801000060190020E4
S2140508404C0805000000000000000000080905002F
S214050850000000006408050001000000000000001C
S21405086000000000880805004063598F404B4C0087
S2140508700B000B001A00FF7FB412002000000000DA
S2140508800000000000000000F81F0101AC0A05008A
S214050890DC1F04010200620609C805780704DC06A9
S2140508A078070607F41F010101000000FC1F01017F
S2140508B000000000380002000000000000000000F4
S2140508C02C6002000050010F40B80040786001001F
S2140508D05063820BE8600100590B0000147001108C
S2140508E000F8070014700130F500000018700100CC
S2140508F00018000070700300030101000F9C030040
S21405090006E04900FFFFFFFFF01F01013F0037002B
S21405091004000200018014007F0000001800020099
S2140509200000000000000000280004000000000091
S214050930000000000000000000000000400001006C
S214050940A007000048000100000000005400020057
S2140509500000000000000000A000040000400000A9
S214050960FF4C000000410000FF4D00000020010084
S21405097004070000102001000000000018200100F8
S214050980088400000830010013AC00013030020076
S214050990244910000100000040300100000000005E
S2140509A0A04001007A27000FB840010000C0A30050
S2140509B0F4400100201000003441020080080000C9
S2140509C0E6870000404102006D008800C0E6524DF3
S2140509D06041040000000000000000000600000062
S2140509E006000000146006001000000020F913043D
S2140509F00B0072006070000000800000000000031D
S214050A0050600600FC006900410800000100000077
S214050A10B0070700700A0000000000007C600B00AD
S214050A209BC34A74F003000003800000BE0A000062
S214050A300101103050707F7F0000000000000000AC
S214050A40000000000000000000000000E460010057
S214050A508000D78BEC600500640483078813C83ACA
S214050A609C20060000612000B7568520046103001F
S214050A70383E12002030000088BB000020610100CF
S214050A80001E00001C70050060000505030050AB45
S214050A908200000000008001D500000048700200BA
S214050AA03C3D0000BC190000FFFFFFFF0D000000E5
S214050AB0D754030000000000000B0500F80A0500E7
S214050AC000000000001A9A00005A620280841E0088
S214050AD00420000024490002000000000000000079
S214050AE0000000000000000000000000D1841E0089
S214050AF00000000000000000ED17000000000000E8
S214050B00193F010604100100000101060010270028
S214050B100009000000000000000002010A00008035
S214050B206C6F7765722D6D61632D7261696C2D38FA
S214050B3030322E31352E342E63006C69627261694F
S214050B406C2E610000010304756E636C61696D654A
S214050B5064006275666665722D6D616E6167656DAA
S214050B60656E742E63006C65676163792D706163CD
S214050B706B65742D6275666665722E6300657665AF
S214050B806E742D71756575652E630000070010007F
S214050B9008001A00060011000200110004000400F7
S214050BA001000400090008000A000A000B00020004
S214050BB000000000A40D0500410D05000000000022
S214050BC0A50D05008BEC04000000000019EC0400E0
S214050BD01BEC0400000000001DEC0400190D0500C8
S214050BE0BA0D0500DF0D05001AEC04000000000034
S214050BF01EEC0400080C050016EC040018EC0400B6
S214050C001CEC040017EC0400000203040508090A9E
S214050C100B0001020304051D200000000705010066
S214050C20AA000000C5F70200F9120200914602006C
S214050C3079290300A149020083D9030085D9030059
S214050C4089D903008BD9030087D90300B1C00200F8
S214050C504997020011DF0200B51002002933020091
S214050C6081D90300F59B0200D516030091270200E3
S214050C70B1E401002939030095240300517A0300E5
S214050C80000000007A69676265652D75707065728B
S214050C902D6D61632E63006E65696768626F722EDF
S214050CA063006173736F63696174696F6E2E6300A9
S214050CB00013000000000000000000000000000017
S214050CC001000000CD9F02000200000095EB030026
S214050CD003000000259F0200040000000FEB030040
S214050CE005000000C59E0200000000000000000090
S214050CF00023001B2200FF00000000000C09020272
S214050D00000000001C1A0B0303FF0608040202027B
S214050D1004020A0B030302030480FF0204FF010119
S214050D200101080000000000000000313832317370
S214050D30005A6967426565416C6C69616E6365302A
S214050D40398031313131003134323231003132318E
S214050D5000327300313232313132003238310038E8
S214050D6031310031383231310031323131313231C1
S214050D703232323173003132320031323131323271
S214050D8031003232380000001838103000000000FC
S214050D9000008F8E8C80726F7574652D7461626C21
S214050DA0652E630081815A6967426565416C6C6989
S214050DB0616E6365303906080C10806D61632D6DB4
S214050DC0756C74692D6E6574776F726B2E63000093
S214050DD0FFFFFFFFFFFFFFFFFFFF383431320080C4
S214050DE03231323231313134003131313234383109
S214050DF03132323131003831323231313100383129
S214050E0031320010270F51421B390F390F1C0600CF
S214050E100A0026002A00008050684C690000000081
S214050E20434C534E000000000020202020202020A8
S214050E302020282828282820202020202020202080
S214050E402020202020202020208810101010101090
S214050E5010101010101010101004040404040404DC
S214050E600404041010101010101041414141414176
S214050E700101010101010101010101010101010158
S214050E800101010110101010101042424242424268
S214050E900202020202020202020202020202020228
S214050EA002020202101010102000000000000000D0
S214050EB00000000000000000000000000000000028
S214050EC00000000000000000000000000000000018
S214050ED00000000000000000000000000000000008
S214050EE000000000000000000000000000000000F8
S214050EF000000000000000000000000000000000E8
S214050F0000000000000000000000000000000000D7
S214050F1000000000000000000000000000000000C7
S210050F20000000000000000000000000BB
S20C050F2CFCFBFA7F0100000042
S210050F34400F0500981000209A010000F0
S214050F40000000000000000038490400B81B00201F
S214050F50C81E002002000000551100000000000019
S214050F6000000000847504009C7504004B650400B1
S214050F70C1DB0400FE000000C0EA2101C0EA210131
S214050F800080000000F04902E410002000700F0009
S214050F900090000074220020C8000000FE0000003B
S214050FA000000000187F040000170020C0EA210199
S214050FB08C90040033000000759C0000AAA704006E
S214050FC0AEA70400BBA70400C8A70400D5A7040065
S214050FD0E2A70400F5A7040007A8040014A8040067
S214050FE021A804002EA8040043A8040056A804005F
S214050FF068A804007DA804008CA804009DA8040029
S214051000ACA80400BCA80400C8A80400D5A8040021
S214051010E5A80400F7A8040006A9040015A904001D
S2140510201EA9040033A9040048A904005DA904000C
S2140510307DA904008BA90400AAA90400C5A904007B
S214051040D8A90400E5A90400FAA9040009AA040021
S21405105018AA04002AAA04003CAA04004FAA040001
S21405106062AA0400000000000F0000000070EF05F3
S214051070008810020030E70400C818031CBA0400F4
S21405108021BA04004CBA04007ABA0400A8BA0400CF
S214051090D5BA040005BB040035BB040085BB0400B7
S2140510A0005C2605001200200C000000C863040042
S2140510B0000000000100030000000000942E002040
S2140510C00100060000000000742E00200100080044
S2140510D000000000542E0020010019000100000049
S2140510E0342E00200200030000000000142E00200D
S2140510F00200060000000000F42D00200200080093
S21405110000000000D42D0020020019000100000098
S214051110B42D00200200000300000000942D0020DE
S2140511200700000049C2030045C20300FFFFFFFF9A
S214051130199E0100FFFFFFFFFFFFFFFFFFFFFFFFF9
S214051140FFFFFFFFADB20100FFFFFFFF13C4030063
S2140511506DC8030034080500FFFFFFFFFFFFFFFF14
S214051160000000007441002071E20100000000004C
S214051170C1DB0400000000000000000000000000C5
S214051180000000007441002041E20100000000005C
S214051190C1DB0400000000000000000000000000A5
S2140511A0000000006400000020A107000000000009
S2140511B099FB0100000000009E540020000000007E
S2140511C07441002015F901003D250200C1DB04002D
S2140511D00000000000000000000000000000000005
S2140511E0744100207106020000000000C1DB040007
S2140511F000000000000000000000000000000000E5
S2140512003FD30300744100201D1102003D25020056
S214051210C1DB040000000000000000000000000024
S2140512200000000074410020051A02003D2502005A
S214051230C1DB040000000000000000000000000004
S21405124000000000480B050074410020913F020095
S21405125000000000C1DB04000000000000000000E4
S2140512600000000000000000744100204545020013
S21405127000000000C1DB04000000000000000000C4
S214051280000000000000000074410020615A0200C2
S21405129000000000C1DB04000000000000000000A4
S2140512A00000000000000000B80B0000744100209C
S2140512B0D55F020000000000C1DB0400000000004E
S2140512C0000000000000000000000000744100203F
S2140512D0756B020000000000C1DB04000000000082
S2140512E0000000000000000000000000744100201F
S2140512F02D6D020000000000C1DB040000000000A8
S21405130000000000000000000000000074410020FE
S21405131041E0030000000000C1DB040000000000FF
S21405132000000000000000000000000074410020DE
S2140513306173020000000000C1DB0400000000002D
S21405134000000000000000000000000074410020BE
S2140513508579020000000000C1DB040000000000E3
S214051360000000000000000000000000744100209E
S214051370B9ED030000000000C1DB0400000000001A
S214051380000000000000000000000000744100207E
S214051390C1DE020000000000C1DB04000000000002
S2140513A0000000000000000000000000744100205E
S2140513B0E9F6020000000000C1DB040000000000A2
S2140513C0000000000000000000000000744100203E
S2140513D0F520030000000000C1DB0400000000004B
S2140513E0000000000000000000000000744100201E
S2140513F0492A030000000000C1DB040000000000CD
S21405140000000000000000000000000074410020FD
S214051410C531030000000000C1DB04000000000029
S21405142000000000000000000000000074410020DD
S2140514306134030000000000C1DB0400000000006A
S214051440000000000000000000000000A8150020B5
S214051450000000002842002090420020F8420020AC
S2140514600000000000000000000000000000000072
S2140514700000000000000000000000000000000062
S2140514800000000000000000000000000000000052
S2140514900000000000000000000000000000000042
S2140514A0050702000000000005060200FFFFFFFF1B
S2140514B0CEFAEFBEFDFF09002C01001E2C014006EA
S2140514C01027FFFF0E000000000004F8FFFF0100D4
S2140514D0FDFF2C019C000000FFFFFDFFFFFFFFFF47
S2140514E060EA8000800010C1CDAB00004000FFFF21
S2140514F00505010504010101FFFFFFFFFFFFFFFFD3
S214051500FFFFFFFFFFFFFFFFFFFFFFFFFFFFFFFFE1
S214051510FFFFFFFFFFFFFFFF0101D0D1D2D3D4D5D8
S214051520D6D7D8D9DADBDCDDDEDF01FFFF0201FF27
S21405153001D80F010208031E0605021601010A0C52
S21405154005030705051010010F0804100106010123
S214051550040301FF0EFE01FF7F0150403000FFFF30
S214051560FF0B03FF64FF01FF050B0101FF030103EA
S21405157005020201FFFFFFFFFFFFFFFF010102FF5C
S214051580FFFF40FF01FF01FF30BF4223013BFDD1B6
S214051590024A5368DB00FCD4704700BF00300E409B
S20C0515A0050B0000DD0A000042
S80400199D45
