S01600005A335F44485431315F53656E736F722E733337D7
S21400000000100020A92D00000178000005780000EF
S2140000104BD6020009780000117800004BD602008B
S2140000204BD602004BD602004BD602004BD602003F
S21400003015780000D0AB03004BD602004BD602006A
S2140000404BD60200A55A01004BD602004BD6020042
S214000050E55201000D29030009290300C55A0100D5
S2140000600129030055350000B53600004BD60200C6
S2140000708D290000A3D302004BD602004BD6020007
S2140000804BD602004BD60200D13600004BD60200FB
S2140000904BD602004BD602004BD602004BD60200CF
S2140000A04BD602004BD602004BD602004BD60200BF
S2140000B0F95A0100052903004D8A0000355B01004E
S2140000C04BD602005D7E01004BD602004BD60200E6
S2140000D04BD602004BD602004BD602004BD602008F
S2140000E04BD602004BD602004BD602004BD602007F
S2140000F04BD602004BD602004BD602004BD602006F
S2140001004BD602004BD602004BD602000000000081
S214000110013800D0FCE77047000000000000000037
S21400012001F0FF01102A2BDB10F0070F08D010F8A3
S214000130013B013A8B422DD010F0070F42B3F6D1A7
S214000140F0B441EA012141EA014122F007047FF0C0
S21400015000070023F0E80256083C85EA010586EA17
S214000160010685FA47F5A3FA87F586FA47F6A5FA53
S21400017087F68EB9EED1F0BC01F0FF0102F007025F
S21400018032B110F8013B013A83EA010313B1F8D10A
S2140001900020704701387047002D06BF35460338EB
S2140001A0073815F0010F07D1013015F4807F02BF24
S2140001B0013015F4C03F0130F0BC0138704700BF75
S2140001C02DE9F04F8BB01F464FF002090DF11F03CB
S2140001D008AE0393CDF808900196038900938379BF
S2140001E09DF858B004468A469046418882884078F2
S2140001F00EF05CFA054650B10090A3886288444928
S21400020000200EF069FD28460BB0BDE8F08F9DF883
S2140002101F002FF080FF38B12846A38862883D492A
S2140002200EF05AFD8D25EEE79DF81F004A46314632
S2140002302FF040FF0346002864D0149A72B3BDF82E
S214000240542090425ED89DF81F900995A9F141026E
S214000250012AC1B22AD9BBF1000F40D12E4805931E
S214000260182202FB0A049FED287B20460A46083027
S214000270314684ED027B35F0DAFC059BB8F1000FC1
S21400028001D088F8009007B13B80149A002ABAD0B3
S21400029014981A4608A935F0CAFCB4E79DF81F90D2
S2140002A00995A9F14102012AC1B215D801391B4AA4
S2140002B05FFA81FEB4460021714506DB09920421EF
S2140002C0BBF1000F0BD109AEC8E71CF8010F504078
S2140002D0134A01314243EFE7BBF1000F07D0CDF8D8
S2140002E000A023464A4630460CF080FB8BE70829E0
S2140002F0B4D9B8F1000F01D088F80090002F82D052
S2140003003B8080E701257EE700000000000000003B
S21400031087E40300B8E4030050160020C59D1C8146
S21400032093010001000000002DE9F04F93B0CDE9E5
S2140003300A329DED1C7BDDE91E530E9353EC172B02
S214000340CDE90801104619468DED067B209E2BF060
S214000350C3FD80B1DDE90601C94B4FF0FF322BF03B
S214000360E3FD40B9DDE906014FF0FF326FF480137C
S2140003702BF0BCFD80B10E9B2096CDE91E539DED63
S214000380067BDDE90A32DDE908018DED1C7B13B042
S214000390BDE8F04F00F08CB9DDE90601002200232D
S2140003A02BF0A4FD002800F03681DDE906A303F15A
S2140003B0004BCBF30A5016F48063A0F2FF3008BF60
S2140003C006250F932BF0B6FA9DA3D3E900232BF056
S2140003D01BFB9DA3D3E900232BF060F9CBF313049A
S2140003E0894644F07F518046A64B0022504641F491
S2140003F040112BF051F996A3D3E900232BF004FB10
S21400040002460B46404649462BF048F92BF096FD2F
S21400041004462BF08FFA90A3D3E900238046894642
S2140004202BF0F2FA984B00222BF038F92BF086FDD1
S2140004308BA3D3E900230746494640462BF0E4FA4F
S2140004408046384689462BF075FA87A3D3E9002301
S2140004502BF0DAFA02460B46404649462BF01CF9CA
S21400046002460B46CDE90C232BF0CEFADDE90C2331
S21400047080468946104619462BF010F9834BCDE985
S21400048010010022404649462BF0E8FB804B002234
S2140004902BF004F902460B46404649462BF0DEFB9D
S2140004A07C4B00222BF0FAF802460B4640464946A3
S2140004B02BF0D4FBDDE90C238046894600204FF064
S2140004C080412BF0E9F802460B46404649462BF0A1
S2140004D0E5F802460B46DDE910012BF0BFFB07F2FC
S2140004E0FF376D4B00222BF0D9F800223B052BF08E
S2140004F08BFA52465B46804689462BF015FD00284F
S21400050040F08C80CDE90C8904F16303C72B34BF1F
S2140005100427052731051ED555A3D3E900235046E9
S21400052059462BF0F7FC002800F0828052A3D3E94E
S2140005300023504659462BF0D9FC002878D0A54217
S214000540C8BF2C1B4FF00007CCBF04F1FF350025B9
S21400055046F480663C460E9B9F4234BFA3EB0708DA
S2140005604FF0000816F0020903D0002F18BF4FF016
S21400057000083CB150465946DDE90C232BF06EFBD3
S21400058082468B46DDE90601002200232BF0AEFCF6
S21400059010B10BF100439B4626F40063CDE90383BC
S2140005A0CDE900ABDDE90A32DDE90801029500F08D
S2140005B07FF802465FB316F0200F00F10105DDE973
S2140005C009130CBF65204520089EB04705230593F8
S2140005D000220A23002CCDE9023207F1FF374FEA4A
S2140005E0D473B8BF644201932A46DDE908010A9B2A
S2140005F00497009431F088FA0246B9F1000F06D04D
S2140006000B9BC41A0B9B1A190E9BA34246D8104686
S21400061013B0BDE8F08FDDE906ABCAE61C4B00223E
S214000620404649462BF01AFB013CCDE90C016BE72E
S214000630002D90D00F9B002B8DD0013D8BE700BF87
S214000640FB799F501344D33FB3C8608B288AC63FBC
S21400065061436F63A787D23F71A379094F930A401E
S2140006601655B5BBB16B0240EF39FAFE422EE63F97
S2140006702D431CEBE2361A3F0000000080842E411A
S214000680FFFFEF7F0000F83F0000E03F00002C4037
S21400069000002440000018400000F03FDDE9091388
S2140006A0089D2020A8470134ACE700BF00000000EA
S2140006B02DE9F04F97B0DDE920ABCDE90501CDE996
S2140006C00723504652465B465946DDE92257249E8C
S2140006D02BF002FC70B90323CDE922762193B44BAC
S2140006E02093DDE90501DDE9072317B0BDE8F04FEB
S2140006F031F02AB94FF0FF326FF480135046594656
S2140007002BF0F4FB28B104232193CDE92276A94BE4
S214000710E6E7A94B4FF0FF32504659462BF004FC53
S21400072068B1A64A06F00403002B08BF0322A44BB8
S2140007301CBF13460422CDE922762192D0E798A367
S214000740D3E90023504659462BF0EEFB38B996A362
S214000750D3E90023504659462BF0C8FB68B1DDE9C3
S2140007600723DDE90501CDE92376CDE920AB229507
S21400077017B0BDE8F04FFFF7D7BD00220023504664
S21400078059462BF0B3FB002800F09A805B46524691
S214000790002000212AF080FF012382468B46099321
S2140007A016F4806400F08E80092D40F28E800EAB29
S2140007B0A5F10902002430210134202C03F8011B86
S2140007C0A5EB040901D09442F6D1594650462BF0C9
S2140007D0B5FB7C4B03EBC90393ED007B05468DED23
S2140007E00A7B2BF0A7F802460B46504659462AF0DD
S2140007F053FFDDE90A232BF007F902460B46CDE945
S2140008000C232BF0C3FB80462BF084F802460B46E5
S214000810DDE90C012AF040FF02460B46CDE90C2329
S214000820694B00222BF080FB002851D008F101080C
S21400083040462BF06FF802460B46DDE90A012BF026
S2140008405FFB10B101354FF00008B9F1000F50D131
S21400085028462BF06FF802460B46504659462AF0BB
S2140008601BFF594B0022804689462BF03FFB30B1D8
S214000870554B0022404649462BF056FB10B1E80780
S21400088000D501350EAB1A190A21202C0AD095FB8B
S214000890F1F001FB1055303502F8015B01340546D6
S2140008A00028F2D106F00302012A5FD1002F5DD0A6
S2140008B0099A12B916F00C0F00D0013F302244E01E
S2140008C009906DE74FF006097FE7A94600247CE70C
S2140008D0DDE90C013C4B00222BF008FB0028B4D1CC
S2140008E0B8F1000F02D018F0010FAED008F10108E1
S2140008F0ABE70EAB23440A21202C0DD0B8FBF1F059
S21400090001FB10823032B8F1090F03F8012B09F110
S214000910FF3904F1010411D8A1440EAA3021202C7D
S214000920B0D0A14504F101030AD11C4609F15803D1
S2140009300DEB03092E2309F8203CA3E78046DBE7EE
S214000940A1541C46EBE71A550134A7420ED9202CB9
S214000950F9D1CDE90034CDE90276DDE90723DDE9FA
S214000960050130F0F1FF17B0BDE8F08F202CF0D075
S214000970099A3AB104F158026A442D2102F8201C63
S2140009800134E6E7710704D504F158026A442B21C6
S214000990F4E73207DDD504F158026A442021EDE77A
S2140009A00000000065CDCD410000000065CDCDC142
S2140009B0D6FC0300DAFC0300FFFFEF7FCDFC03004C
S2140009C0D2FC0300E0FC03000000E03F0000000053
S2140009D070B58EB02C22002103A835F0EEF9642302
S2140009E04FF00232CDE9052308930B238DF83430FF
S2140009F0514B1B880121D8078DF8101000F1968006
S214000A00084617F039FC4D4B4D494E484E4C0A22CD
S214000A101A704FF42873ADF8123016F0EDFC206013
S214000A2020B94A4840F25B2106F0E8FD206805211F
S214000A3032F0B6F920B1454840F26B2106F0DEFDF3
S214000A40206801F0AFFF424B2068196831F0E1FDE5
S214000A5018F0F4FA0C256843099018F0EFFA68438A
S214000A6007900DEB0501206812F014F820B1374806
S214000A704FF4207106F0C2FD36492068002231F09E
S214000A8053FE20B1314840F2822106F0B7FD324EC7
S214000A90324D96F9000040F203532B807F284FF02A
S214000AA00503AB7001D117F045FD3378EB7018F0F5
S214000AB0C5FA00EB80008000A88018F0BFFA00237B
S214000AC0C000E880AB604FF0FF3019A3D3E90023E5
S214000AD04FF0FF3117F08CFD2149206832F035FACF
S214000AE0206802A931F0FAFD20B1184840F2BB2177
S214000AF006F084FD042220680DEB020131F077FD3C
S214000B00042804D0114840F2BE2106F077FD01A962
S214000B10012032F04EFB06F0B7FE012018F02CFD47
S214000B202DF007FB18F052FD17F02AFC0EB070BD32
S214000B300A0020FF420300006243002049500020C4
S214000B40A18201005C120020703A00205A1B0400AB
S214000B502411002057500020AE150020643A0020D3
S214000B60418401000348044B834202D0034B03B187
S214000B7018477047FC150020FC15002000000000F8
S214000B800548064B1B1AD90F01EBA301491002D0EA
S214000B90034B03B118477047FC150020FC150020D6
S214000BA00000000010B5064C237843B9FFF7DAFFC3
S214000BB0044B13B10448AFF300800123237010BD2B
S214000BC0E2430020000000008C1F040008B5054B1F
S214000BD01BB105490548AFF30080BDE80840FFF7A4
S214000BE0CFBF00BF00000000981900208C1F040033
S214000BF0A3F5803A704700BF174B002B08BF134B76
S214000C009D46FFF7F5FF00218B460F461348144A12
S214000C10121A35F0D2F80E4B002B00D098470D4B29
S214000C20002B00D098470020002104000D000D483E
S214000C30002802D00C48AFF300802BF0F3FC200015
S214000C4029002CF06BFB2BF039FB00BF00000800DE
S214000C50000000000000000000100020FC1500202E
S214000C60B0500020000000000000000008B5054B52
S214000C70834205D12CF042FD012804BF024B1870B8
S214000C8008BD00BFBCA90300E3430020034B1A784D
S214000C901AB100221A7000F097B97047E34300209B
S214000CA01FB5002401230246CDE901430094024803
S214000CB02DF00EFA04B010BDB01900202DE9F04159
S214000CC0DFF88C8098F80060074696BB2CF04AFC4C
S214000CD0304604F0A1FA68BB184D284604F004FB21
S214000CE0044638BB6FF07F43C5E9013014492846F7
S214000CF02DF0DBF928462DF015F8124B37B11846C3
S214000D001722394634F0B3FF0346C4750E4A1978E5
S214000D100C4B002000290CBF11461946FFF7C0FFF8
S214000D200A490220FFF7BCFF04F09EFA012388F868
S214000D30003001263046BDE8F08100BFB019002023
S214000D40D4AC030040460020406203004C6203001F
S214000D50584600202DE9F04F464B1C788DB00546CE
S214000D60002C61D0002800F0828043482CF0DAFF87
S214000D70424941482DF099F9414B424A19780020E2
S214000D8000290CBF11461946FFF78AFF112107A854
S214000D902CF077F968BB3C490120FFF781FF00265D
S214000DA04FF0FF33CDE902360823CDE90033374A4A
S214000DB03749334628462CF04BFA044608B33348E6
S214000DC0DFF8B48000F0B8FD32490346054601223C
S214000DD030460DF081FFB3462C4E14275D4527DCC8
S214000DE000F0F0FB2C4B2D4900281CBF044619468A
S214000DF00FE00A212A4A0AAB04A810F093F804A9C7
S214000E00CAE72449034602460DF066FF00F0DAFB07
S214000E102449194800220123CDE9012300920F221C
S214000E202DF056F904F020FA20460DB0BDE8F08FFC
S214000E3007F101094FF0000A5A465146304601F0C4
S214000E40FDFA60B14FEA4A0101F10F031031CDE916
S214000E500919404607A9CDE907372DF00EF80AF123
S214000E60010A5545E8D10BF1010B0237B6E70446F7
S214000E70DAE700BF58460020B0190020D4AC0300C3
S214000E80404600205462030090620300E4430020C2
S214000E9012450020A26203007E6203005B6203002C
S214000EA09A6203006D62030010B5094B04460122E6
S214000EB008481A702CF0B2FC07482246FF212EF094
S214000EC0C3FABDE810400548FF212EF0C6BA00BFA1
S214000ED05A460020ECA90300FC190020DC1900206B
S214000EE008B5074B1B7853B106482CF09AFCBDE8B2
S214000EF0084005484FF4FA72FF212EF0A5BA08BD47
S214000F005A460020ECA90300DC19002010B52FF08B
S214000F1072F802280BD10F4B0F480022FF211A70DF
S214000F202EF0A3FABDE810400C482CF074BC0AF072
S214000F30BFFF0B4A04460346012104200AF066FC64
S214000F403CB1BDE81040074842F21072FF212EF077
S214000F507BBA10BD5A460020DC190020ECA903001D
S214000F60BC620300FC19002013B5FF24104A114888
S214000F700094234600210AF039F90F4A0F480094DE
S214000F80234600210AF032F92FF035F8022808D15E
S214000F900B4B0C4800221A7002B0BDE810402CF033
S214000FA03ABC40F6B83002B0BDE81040FFF77CBF50
S214000FB00D0F0000FC190020E10E0000DC190020D7
S214000FC05A460020ECA9030010B52FF014F801389B
S214000FD0C0B201280CD80B4B01241C7033F067F804
S214000FE021460346BDE81040074A04200AF00EBC1E
S214000FF00420064A01210AF009FCBDE81040002042
S214001000FFF752BF59460020DA620300FD62030074
S214001010902808B512D1154A154800231370154AB2
S214001020FF2113702EF021FA13482CF0F4FBBDE8D4
S2140010300840124A012104200AF0E8BB912814D186
S2140010400D482CF0EBFB094B1A7872B100221A708F
S214001050042040F6B8330A4A01210AF0D7FBBDE85F
S214001060084040F6B830FFF71FBF08BD59460020BD
S214001070DC1900205A460020ECA90300196303007F
S214001080256303000D4BF0B50D4E1C6875680D4FBB
S2140010906143D7F8A035984202D13AB90120F0BD95
S2140010A073685B1B8B42F4D90020F8E7044B5B683F
S2140010B05B1BB3FBF4F31360F0E700BF981000204F
S2140010C0001000E00010144208B52BF0CEFF0E4AC8
S2140010D00E48D2F8FC3043F08073C2F8FC300C4B5C
S2140010E000225A601A6842F001021A6002F034FDCB
S2140010F0084B984284BF0133B0FBF3F0064B98BF11
S2140011000120186008BD00BF00ED00E0700002007E
S214001110001000E03F420F00981000202DE9F04F2D
S214001120DFF82491DFF824A185B000240E4605469A
S21400113002948DF80C4089F800408AF800402CF0A4
S21400114011FC07462BF091FF2246C8210120FFF72D
S21400115099FF58B9012389F8003038462CF006FC70
S2140011602BF083FF012005B0BDE8F08FC821204694
S214001170FFF788FF08B90223EDE7C8210120FFF733
S21400118081FF08B90323E6E7A3460022962110460E
S2140011905FFA84F8CDF804B0FFF774FF002848D053
S2140011A096210120FFF76EFF002848D001AA96215D
S2140011B00020FFF767FF78B9272C3AD104AB03EB82
S2140011C0D80208F0070812F8081C802323FA08F350
S2140011D00B4302F8083C02E0019B322BEED80134A8
S2140011E0282CD2D138462CF0C1FB2BF03EFF9DF8C0
S2140011F008009DF809209DF80A109DF80B309DF810
S2140012000C7084180C441C44E4B2A74219D10A2A74
S21400121028BF00220A2B00EB800028BF002301EB2A
S214001220810102EB400203EB4103328000202B8059
S21400123099E7042389F800308AF800808DE70523B3
S214001240F8E702208FE700BF5C4600205B460020E0
S214001250014B1878704700BF5C460020014B187899
S214001260704700BF5B4600200138C0B204289ABF12
S214001270024B53F820000248704700BF7463030017
S214001280426303001FB505238DF80B200193120A55
S21400129002AB00248DF80A108DF80C2000930A2269
S2140012A0084BADF80840014608200DF0CBFB0121A5
S2140012B008460DF02DFC214620462FF033FA04B0E8
S2140012C010BD00BF886303002DE9F043874C2378E8
S2140012D089B05BB92BF0CFFE854801231422FF218D
S2140012E0237009B0BDE8F0432EF0AEB800230DF130
S2140012F01A0106A82370FFF711FF7E4D044600284A
S21400130040F0BF807C4E2870BDF818307B4D7C487E
S2140013103380BDF81A302B802CF07DFAB6F9002009
S21400132029880A2092FBF0F3B1FBF0F400FB1322AD
S21400133000FB141189B212B2CDE9014100920121DD
S214001340704A04200AF062FA2EF055FE022807D0F2
S2140013506D4A012104200AF059FA41F28832ABE0C6
S2140013606A4F3B78002B62D1338803EB83035B0024
S214001370ADF81C302B8803EB83035B004FF0290984
S214001380ADF81E30002207AB40F20241CDF80090C7
S21400139001202FF0E9F84FF0210804460DF11E0356
S2140013A0CDF80080002240F2054101202FF0DCF845
S2140013B044EA0003DBB2002B5BD1BDF81C20494693
S2140013C040F20240FFF75EFF41460446BDF81E208D
S2140013D040F20540FFF756FFB6F900202988804600
S2140013E00A20B1FBF0FC92FBF0F300FB1C1100FBA3
S2140013F01322CDE9034889B212B244EA0804CDE9C3
S21400140001C100920121424A0420E4B20AF0FEF92A
S214001410002CA2D101233B703E4B32881A803E4BF3
S2140014202A881A802DF0E9FD3C4B186095E72DF0D0
S214001430E4FD3A4B1B68C01A4EF65F23984293D8D9
S214001440344B31881B88CA1A12B2002ABCBF5B1AFA
S2140014501AB2314B29881B8899428BBFC91A5B1A6E
S2140014608BB29BB2092A3FF77FAF312B3FF67CAF9A
S21400147073E700902A4A2346012104200AF0C6F9A1
S2140014806BE71F482CF0CAF9022C1CD1254A012113
S21400149004200AF0BBF92B78012B23D80133DBB2EA
S2140014A002224FF47A742B700121CDE90024042027
S2140014B01D4A0AF0ABF922460D48FF212DF0C4FF65
S2140014C009B0BDE8F083FFF7C3FEFFF7CDFE044684
S2140014D0FFF7C4FE154A00902346012104200AF0B7
S2140014E095F9D8E700232B7037E700BF5F4600204A
S2140014F0201A00205E460020723D0020703D00202D
S214001500D4A903008A630300B66303005D46002087
S214001510FF6303006E3D00206C3D00201C1A002077
S214001520D663030043640300796403005864030031
S21400153037B5114DFF24FFF7C7FD234628460F4A4F
S2140015400094002109F052FE0D4B00221A7021462D
S214001550284640F2DC522DF077FF41F288334EF6F3
S2140015606022CDE900320121064A082304200AF051
S2140015704DF903B030BD00BF201A0020C91200008C
S2140015805F4600209264030073B5044668460CF07C
S2140015908BFC0B4902A80023651C10F8012D1609C8
S2140015A002F00F028E5D8A5C04F8136005F81320C3
S2140015B00133082BF1D100230120237402B070BD43
S2140015C02C6503007FB5074901A8098814237F22EC
S2140015D02DF04FFDBDF8040000F0010007B05DF8E7
S2140015E004FB00BF7AC8030070B50C468AB00546F7
S2140015F000B119B94FF0FF300AB070BD05AE3046E5
S214001600FFF7C2FF0028F5D0074B0293074B084AA6
S214001610CDE900632146012328460FF083FC00280D
S214001620E8DBA042E8D3E5E70E650300206503008B
S214001630D2640300B1F5004F08B52BD201280CD1B7
S2140016400A2303FB01F002300323B0FBF3F0B0F5EE
S214001650004FA8BF4FF0FF3008BD0238062812D84A
S214001660DFE800F004110A1111100C000B2303FB35
S21400167001F001304010EAE7C800E8E70D2303FB5D
S21400168001F0E4E749B1064B064A074840F26331E9
S2140016902BF08EF84FF0FF30DEE71820DCE700BFB7
S2140016A03D6503006B6C03004365030008B54B1EE5
S2140016B0272B06D9124B134A40F2F63112482BF06C
S2140016C077F8013807311123B1FBF3F107280FD85B
S2140016D0DFE800F004080E0A0E0E130C0B4B53F84E
S2140016E0210008BD0A4BFAE70A4BF8E70A4BF6E773
S2140016F00A4B044A40F2FE31E0E70020F1E700BF63
S214001700BC6803002C6C030043650300206C0300D8
S214001710146C0300086C0300FC6B03003D650300BB
S214001720102970B502D830FA01F405D00D4B0E4AD8
S2140017300E48BD212BF03CF801394C1C00D170BD81
S2140017401D6820FA01F4EE10ED4305F0070504F0DD
S2140017500104AC40955D2C4394551C680134013956
S2140017601C60EAE780650300D46B03004365030052
S21400177008B5431E272B024606D9134B134A40F2E0
S214001780571113482BF014F800F1080343430433B1
S214001790012A4FEA03100CD00721192392FBF1F11E
S2140017A002314B430A3B4B43373BC01A062AC8BF9D
S2140017B02438A0F1D003B3F5E64F04D9054B034A0D
S2140017C040F25F11DDE708BDC4650300916B0300BE
S2140017D0436503000166030038B50478A4F11505D7
S2140017E09C2D03D88C4201D9944206D80C4B0D4A46
S2140017F00D4840F20F312AF0DBFF02FB0411CC103B
S214001800013401F007010125025D05FA01F123B15B
S21400181042EA0103DBB2035538BD22EA0103FAE7C8
S21400182022660300616B030043650300426801EB18
S2140018304101914210B506DA174B184A18484FF482
S21400184034712AF0B5FF002A22DD836893421FD147
S214001850C16802EB420399421AD10369934217D139
S2140018604369934214D101688069B1EB820F4FEA55
S21400187082040BDB8242CCBF00230123844208DCB7
S2140018809142B4BF00200120184410BD0023F5E7A4
S21400189000230020F8E700BF706603001D6B0300FE
S2140018A043650300032938B505460C4606D90C4B9C
S2140018B00C4A0D484FF4A6712AF07AFFFFF758FF3E
S2140018C029225443094A2244031E5057084A2244F8
S2140018D0B8BF0733525710FB02F0C0EBE30038BD29
S2140018E080660300E76B030043650300246D030076
S2140018F0806C030010B50378A3F115049C2C03D864
S2140019008B4201D9934206D8084B094A094840F24F
S21400191006312AF04DFF02FB031100EBE10001F057
S21400192007014078084100F0010010BD2266030060
S214001930726B03004365030008B530B9084B094ACB
S21400194040F2F32108482AF033FF0078A0F115038F
S2140019509C2B04D9054B034A40F2F521F2E708BD5B
S21400196090660300E26A0300436503009F66030077
S2140019702DE9F74FD3B2072B01908846174606D9B4
S214001980394B3A4A3A4840F263212AF011FF08469A
S214001990FFF7D2FFDFF8DCB081460025013F4D455A
S2140019A002DB03B0BDE8F08F0026B24601982A4657
S2140019B05146FFF79FFFF0B9062F05D8DFE807F07E
S2140019C00A222A2F35424A000AEB0504E44304F0B3
S2140019D0010403E005F0010484F001042A465146A0
S2140019E04046FFF787FF84EA0003DBB22A465146EB
S2140019F04046FFF7F1FE0AF1010AD1452E44D5D143
S214001A000135CCE70BFB0AF4B4F1553F8CBF00243C
S214001A100124E3E70AEB05040BFB04F4F4E70324D4
S214001A20BAFBF4F404EB6504D0E70323B6FBF3F348
S214001A3003EB430306F00102F31ADA420CBF01245B
S214001A400024CBE70324B6FBF4F404EB4404C4EB15
S214001A504604BBE70322B6FBF2F202EB42020AEBB5
S214001A600504B21A1444B1E7F8660300136B0300CA
S214001A7043650300ABAAAAAACBB2072B2DE9F04117
S214001A80154606D93D4B3E4A40F209213D482AF00C
S214001A908FFE3D4B53F8203041EAC3010C460A2323
S214001AA040F2375062124243013B82EA4404F9D1C5
S214001AB044EA812484F4A846E41386F0120604D08F
S214001AC0324B2F4A4FF40471E0E746FA04F32246FD
S214001AD003F00103082128460134FFF77DFE062C9B
S214001AE0F3D1C6F38013072208212846FFF774FEB9
S214001AF008221146C6F3C0132846FFF76DFEC6F34C
S214001B000023082207212846FFF766FE092446FA26
S214001B1004F3C4F10E0103F0010308222846013441
S214001B20FFF75AFE0F2CF2D12846FFF705FF0127D4
S214001B3004467B1E46FA03F3E11B03F0010308226A
S214001B4028460137FFF748FE092FF2D10727C7F1CD
S214001B500F0346FA03F3E21B03F0010308212846AD
S214001B60FFF73AFE013FF2D1A4F10802284601230E
S214001B70BDE8F0410821FFF72FBE00BFF86603005E
S214001B80046B030043650300F46A0300196703004F
S214001B902DE9F04F97B09A469DF9843002939DF850
S214001BA08830DDF890B001920E460593074630B9AE
S214001BB029B1A54BA54AD121A5482AF0F9FDBAF1CD
S214001BC0000F04DD209B9A4501DC282B03DDA14B8A
S214001BD09E4AD221F0E7019B032B04D8029B0133D7
S214001BE0DBB2082B3ED99C4B984AD321E4E7964BB0
S214001BF09A4A40F2DF31DFE7D8F804300393039ABD
S214001C00D8F80C30B2F5004F04D3954B934A4FF4F6
S214001C107971D1E7B3F5004F04D3924B8F4A40F267
S214001C20E531C9E798F8000006935146FFF73EFDF8
S214001C301028069B04D98C4B884A40F2E731BBE754
S214001C4003990122824091421FDA0430184404446A
S214001C50B4F5004F08F1100817DA09F101090EE093
S214001C600AF1010A01995046FFF71CFE04900FB9CD
S214001C70002EBCD14FF000093D46B8464C464E45B6
S214001C80BAD1049BB4EBC30F08DD209B9A45E7D17D
S214001C9000208BF8000017B0BDE8F08F0127059BE9
S214001CA05BB15FFA87F841465046FFF7FBFDB4EBA1
S214001CB0C00F019BD8BF434601930137042FEED1D6
S214001CC04FEA8A02113252430732D2100132002103
S214001CD05846002734F071F80D97B74206D10D9B91
S214001CE0A3422DD0614B594AF52165E70DAB5A4604
S214001CF028780421FFF714FD28785146FFF7D6FC14
S214001D000DAB01465A466868FFF70AFD4FF000081B
S214001D10EB68434502DC01371035DEE7AA684FEA78
S214001D20E8030121D05C6FEA080303F007031841BB
S214001D305A460DAB0840FFF7F3FC08F10108E7E749
S214001D4001995046FFF7AEFDB4EBC00F4FEAC00551
S214001D5003DD474B3D4AF9212EE7291B0429A8BF7E
S214001D6004210DAB5A460020FFF7DAFC0D994B42D2
S214001D7003F0070301F0070158BF594249420DAB73
S214001D805A4601F007010020FFF7CAFC0D9B5A07D0
S214001D9017D0384B2D4AFF210EE720460DAB5A468A
S214001DA00821FFF7BDFC84F0FD040D9BAB42F4DB7D
S214001DB00AF1FF33272B06D92F4B304A40F22B115E
S214001DC0FAE6EC24F1E7019A292353432C4A1A44F5
S214001DD0504612F90A702B4A134413F90A50FFF7BB
S214001DE0C7FC019904465046FFF75CFD6B1E1D2B91
S214001DF00690039304D9244B244A4FF4B571DBE6CE
S214001E002A4600210EA833F0D8FF039B58336B44B4
S214001E10012603F8206C4FF000090DF13808002267
S214001E2098F80000049231462BF032F9049A08F82C
S214001E30010B0132954240F3D88298F800305840A2
S214001E4008F8010CECE700BF296703004A6C0300A2
S214001E504365030042670300A96703003D6C030067
S214001E60ED670300146803003D680300596803002B
S214001E70706803008B6803009B680300C06B030058
S214001E80806C0300246D030001690300A66B030049
S214001E90DDE907230021B242D8BF013320462A4697
S214001EA0049333F08AFF4FF00008049B434532DC6E
S214001EB0324600230499994251DC069B04EB050C3C
S214001EC0F218234613F8010B2399634588543A44C5
S214001ED0F8D1049B01369944B742D9DC594650469E
S214001EE02BF027F95046FFF743FC041E5846B8BFB0
S214001EF00734FFF721FDE410E3000746451E049370
S214001F000026002D37DCB6EBC40F71D0B54BB64AB1
S214001F1040F2592150E619F8082023780A995340D0
S214001F202046039A099333F02EFF039B4FF00002DE
S214001F30E254631E059300220EAB0999985C0B923F
S214001F402BF0A6F8059A12F8013F0592584010703B
S214001F500B9A01329542EFDC08F10108A5E70899D3
S214001F602398994204BF0799521A19F8031081540E
S214001F7001333A449EE7062D08BF05254FF00109B8
S214001F8005EB090303F00203059309F1FF38474503
S214001F9001DC023DB5E7059AA7EB0903002A08BF56
S214001FA09846CDF80C804FF00008A5EB0801039A80
S214001FB006915846FFF79EFC88B9049B0699B342E3
S214001FC00DDD239AF3105846D35CF24302F0070265
S214001FD0134103F00103039AFFF7FEFB0136B8F145
S214001FE0000F02D009F10109CFE74FF00108DCE746
S214001FF05846FFF7A1FC07250446C61FB542C0F2A7
S214002000AD806FF0030504EB050985EAE57809EB7A
S21400201005030826A8EBE5780393C6F10403002B16
S214002020B8BF5B424345B8BF4346142222FA03F3C7
S214002030DB0711D5C6F10707EA1C39465846049255
S2140020402BF0F8F8049AA11B58462BF0F3F8039AE5
S214002050394658462BF0EEF8013EDED20135052D06
S214002060D3D10EA950462BF02BF8071E00F3B080F4
S214002070BAF1060F28DD55460C2341F62571EA1203
S2140020804A43013B82EA4505F9D145EA0A35AF14D1
S21400209040F0A380A4F10808A4F10B0605F001099E
S2140020A031464B463A465846FFF796FB32464B4675
S2140020B0394658460136FFF78FFBB0454FEA6505AF
S2140020C0ECD10137062FE7D1239950462BF031F893
S2140020D0029B013340F07D816FF000434FF0000A11
S2140020E004934FFA8AF31A46239803935946FFF748
S2140020F03FFC039901985A46FFF7BEFC5846FFF787
S2140021001BFC4FF0000805464446454576DC4FF07C
S2140021100008454500F3BA80002705F1FF394F4512
S214002120C0F2FC8000273E46BD4200F31C816D4392
S2140021306FF009036B43142202FB0633002BB8BF73
S2140021405B422B44013B93FBF5F3013B092B40F22A
S2140021501981264B264A40F2C5212DE52A46002342
S21400216006215846FFF738FB294600230622584624
S214002170FFF732FB023541E7039BAB424FF0000608
S2140021801AD04FF0FF394FF0FF3859EA08030EAB6C
S21400219058469A5D595D4A440CBF012300234144CA
S2140021A008F10108FFF718FBB8F1020FEDD109F1AD
S2140021B00109B9F1020FE6D10136B74204D0002D6D
S2140021C0DFD1039BB342DCD10135AF42D4DC4FE70D
S2140021D000257B1E2E460393EEE7064B064A40F28A
S2140021E0F511E9E43C690300836B03005D690300B5
S2140021F0386B03004D690300486B03001C22002166
S2140022000EA833F0DAFD00263746B1464246394678
S2140022105846FFF76FFB484521D10136052E1BD1E6
S21400222003340137BD42F1D1B9F1000F05D0304675
S2140022302A460EA92AF0F1FF00263A460EA9B8193A
S2140022402AF0EBFF39460EA8FFF7F0FA282303FB27
S214002250004408F1010858E7E3DD0134E1E72A46C7
S2140022600EA930462AF0D9FFB9F1000F06D129464B
S2140022700EA8FFF7DBFA282303FB00444246394644
S2140022805846FFF737FB01268146CAE71C22002185
S2140022900EA833F092FD00263746B1463A46414630
S2140022A05846FFF727FB484521D10136052E1BD19E
S2140022B003340137BD42F1D1B9F1000F05D03046E5
S2140022C02A460EA92AF0A9FF00263A460EA9B819F2
S2140022D02AF0A3FF39460EA8FFF7A8FA282303FB27
S2140022E0004408F1010814E7E3DD0134E1E72A467B
S2140022F00EA930462AF091FFB9F1000F06D1294603
S2140023000EA8FFF793FA282303FB00443A464146FB
S2140023105846FFF7EFFA01268146CAE77B1C0026DF
S214002320059331463A465846FFF7E4FA06960136D4
S21400233080463A4631465846FFF7DCFA80450ED1CD
S214002340DDE905215846FFF7D5FA804507D1059AFD
S21400235031465846FFF7CEFA804508BF03344E454F
S214002360DFDB0137DBE64FF000083A4641465846C9
S214002370FFF7C0FA00B1013608F101084545F4D16F
S2140023800137D1E60A2202FB0344274B9C4204D9BC
S214002390264B274A40F2C7210EE4049B039A239853
S2140023A09C42BCBF039B049459460AF1010AB8BF7D
S2140023B00293FFF7DDFABAF1080F7FF492AE9DF8AC
S2140023C00830072B05D91B4B1B4A40F21B11FFF7A1
S2140023D0F3BB029A23985946FFF7CAFADDE90101D2
S2140023E05A46FFF749FB012055E4304602212AF001
S2140023F04FFE09F101094D4506463FF70EAD002C8C
S214002400B8BF0734E41094FBF7F307FB13445B1BD9
S2140024100893069B3A1B0BEB0304631C07920026EB
S214002420D9460A9358E500BFB83227006E69030004
S214002430386B0300F86603004A6C030038B530B901
S214002440094B0A4A0A4840F2FD212AF0B1F90378FE
S214002450994206D2934204D9FFF74CFA00F00100E5
S21400246038BD0020FAE700BF90660300CE6A03007E
S2140024704365030008B528B1013810F8013F43B999
S214002480012008BD054B064A064840F22D312AF0C9
S2140024908FF9303B092BF0D90020F2E79069030052
S2140024A0BA6A03004365030038B530B1094D441ECF
S2140024B014F8011F41B901200BE0074B074A0848F2
S2140024C04FF44E712AF074F9284633F0A3FB002827
S2140024D0EED138BD9D69030090690300A16A030030
S2140024E04365030008B5FFF7A5F8431C0BD0B0F50D
S2140024F0004F06D3044B054A054840F246312AF001
S21400250057F90730C00808BDCB690300816A03008D
S214002510436503002DE9FF41054616460C4631B9D2
S2140025202D4B2E4A40F27E312D482AF041F90846BE
S21400253033F0B0FB8046414601208DF80000FFF7DF
S21400254079F8431C074604D1264B244A40F28331CF
S214002550EAE70028CDF8048005DDC21DD208002178
S214002560304633F02AFC00210391013C08464FF028
S2140025700A0814F8013F7BB931B101EB410103AB06
S21400258032460131FFF7CCF8039BBB421AD0164BFC
S214002590124A4FF46671C7E7303BDAB2092A04D90B
S2140025A0124B0E4A40F28D31BEE70131032908FB7B
S2140025B00030DED10A2103AB3246FFF7B1F8002027
S2140025C00146D6E7029604AB13E90F0085E80F0034
S2140025D0284604B0BDE8F081EA6903006B6A030090
S2140025E043650300F9690300286A0300136A0300C1
S2140025F02DE9FF47064617460D4631B92F4B304AA0
S2140026004FF468712F482AF0D3F8084633F042FB9F
S2140026100446214602208DF80000FFF70BF8B0F1C3
S214002620FF3F804604D1284B254A40F2A531E9E712
S2140026300028019405DDC21DD2080021384633F07B
S214002640BCFB0024DFF888A00394013DA14615F8E2
S214002650011F71B92CB103AB3A4606214846FFF775
S2140026605FF8039B43451FD0184B154A40F2BA311A
S214002670C8E7174833F0CEFA20B9164B104A40F296
S214002680AF31BFE7A0EB0A002D2303FB09094CB1CD
S214002690484603AB3A460B214FF00009FFF740F8D7
S2140026A04C46D4E70124D2E7029704AB13E90F00A7
S2140026B086E80F00304604B0BDE8F0879069030056
S2140026C0506A030043650300F9690300286A0300A3
S2140026D09D690300436A030007B5064B019000930B
S2140026E0054A064B0121042009F090F803B05DF876
S2140026F004FB00BF52F70300CD6D0300C86D030056
S21400270010B50446FEF784FC902C06D1BDE81040B8
S214002710024A0121042009F079B810BDE36D0300D8
S21400272000B5B9B0FEF704FFFEF71EFC2AF09CFCCD
S2140027300748FEF7C3FA40B1E0216846FEF754FFAB
S214002740002802DD6846FEF705FB39B05DF804FB9D
S214002750266E030030B50A4C0A4B22680A4D1A60F2
S21400276085B00A4B2B600A4B019304F099F92B684D
S214002770029001A9206803932BF0D0FE05B030BD6F
S214002780A810002064280020602800209C1000204C
S21400279081A90300014B18682BF0D4BEA8100020B6
S2140027A038B5084D04F07CF92B680446D3F8B0021F
S2140027B004F06AF928682BF0D8FE2046BDE83840B9
S2140027C004F062B9A810002038B501F0E9FB0E4805
S2140027D00E4C012101F06EF801221146002001F096
S2140027E043FB022501221146C4F88050002001F068
S2140027F03BFB0122C4F884501146002001F034FB54
S214002800C4F88850002038BD30253E0000400E40F9
S21400281008B5224B01225A6402F0A0FBA0B9204B57
S2140028204AF6E852C3F89021D3F8982142F0040201
S214002830C3F89821C3F89001194AD2F8643143F4DA
S2140028400053C2F8643101E00128F5D0154A136A36
S21400285023F4441343F488131362A2F580421368EA
S21400286043F48073136004F0F1F800F0C7F804F046
S2140028708BF804F0D7F804F09DF8FFF7A5FF2CF0CE
S214002880D8F900F0ADF800F029FB04F0EDFB00F0FD
S2140028902DFFBDE8084005F045BA00BF00000E4019
S2140028A000300E4000400E4030B5244D0FCD97B09E
S2140028B00FAC0FC495E80700302384E807008DF8B6
S2140028C055301F4A1F4BCDE903234FF08073059305
S2140028D003F1022306934FF0F0511E23CDE90713B0
S2140028E00E2200210DF12E0033F067FA164B4FF43E
S2140028F04020CDE909030C238DF82C300D238DF8EC
S2140029002D30124B0C9320230D9301238DF8393074
S2140029100F4B009309A903AB0FAA0E4804F0D0FA98
S2140029209DF83A30002B04460CBF032100214FF4DB
S214002930E1302AF05CFE204617B030BDA0A90300A7
S21400294000000140004204001C00014060460020D8
S214002950FC1C0020501D0020012905D8034B1B68D5
S214002960186808B1436A1847704700BFAC100020CB
S21400297008B50449044805F083FABDE80840FFF7A7
S21400298093BF00BFB0100020741D002001482CF03B
S214002990E6BA00BF501D0020014B1A6A186810479F
S2140029A0501D002008B510F0A3F8024B00221A7044
S2140029B008BD00BF8046002001482AF09ABE00BF2E
S2140029C0BCA9030008B504482AF022FFBDE8084069
S2140029D002482AF01DBF00BFECA90300D4A90300DB
S2140029E008B50548012100F065FF2AF0A3FCBDE804
S2140029F0084000F04FB900BF00350A000148012129
S214002A0000F058BF00350A0007B508202AF0E9FE96
S214002A10064B02226846CDE900232AF0ACFD0820CA
S214002A2003B05DF804EB2AF0E7BE00BF006A18109A
S214002A302DE9F0431F4E0446894690460FCE89B0D6
S214002A4001AD0FC596E8070085E8070025681A4817
S214002A506E6FAF6F012100F02DFF6068012100F05E
S214002A6029FF617B207B0023042201F0FFFF617AAF
S214002A70207A0422002301F0F9FF0123284601A949
S214002A808DF81230CDF80C90ADF814802BF0ECF8E1
S214002A90237CA27B1B0643EA022307F01F0706F0EF
S214002AA001063B4346F00A060020AB676E6709B096
S214002AB0BDE8F08384AB030000350A00024B4FF4F8
S214002AC00052C3F8A820704700A0004013B5044683
S214002AD005F0E2FD217B00230122CDE9003249000A
S214002AE0034AB0FBF1F103482CF01CFB02B010BD0A
S214002AF0BD2A0000901D002073B50F4B0F4E4FF4FB
S214002B008045C3F89C500446407B06F061FA0423D7
S214002B1002220DF106013046ADF806302AF075FDAA
S214002B2030462AF083FDA07B06F052FA044B0020C4
S214002B30C3F89C5002B070BD00A00046D410002020
S214002B4000A0004470B5064601211248124C00F061
S214002B50B1FEB16811480022FFF76AFF0023042285
S214002B600E21032001F082FF3546002304220D21AA
S214002B70032001F07BFF0FCD0FC42B682360084BAA
S214002B80012230461A70FFF7A1FF3046FFF7B4FF68
S214002B90002070BD00350A007C1D0020D4100020E7
S214002BA0814600202DE9F74F0688DFF8A890984662
S214002BB003795E43264B14464FF48042C3F89C20AC
S214002BC00134A4B20546407B0F4606F001FA230204
S214002BD043F001031F48ADF8063002220DF106014E
S214002BE001342AF012FD2402F610A4B24FF0000BB6
S214002BF008F1FF3AC34511D116482AF017FDA87B05
S214002C0006F0E6F9144B13484FF48042C3F89C20B4
S214002C102AF011FD002003B0BDE8F08F3946324699
S214002C2048462AF0F2FCDA4514BF44F0FF034FF69C
S214002C30FF7302220DF10601484604F58074ADF8D4
S214002C40063037442AF0E1FC0BF1010BA4B2D1E7C1
S214002C5000A00046D410002000A00044034B044807
S214002C601B78002B08BF0020704700BF814600205D
S214002C707C1D002030B5064D0FCD87B001AC0FC4CB
S214002C802B68236001A8FFF75DFF07B030BD00BFCB
S214002C90A0AB03002DE9F0433B4D3C4FDFF800911D
S214002CA0DFF800810FCD89B001AC0FC495E80700AE
S214002CB084E80700364C3748012100F0FBFD384613
S214002CC0012100F0F7FD0125334B039301A92046AF
S214002CD08DF812502AF0C8FF2B4604220621022047
S214002CE001F0C4FE2A4600230721022001F0BEFEA2
S214002CF02B4604220821022001F0B8FE04221146C9
S214002D002B46002001F0B2FE244BA3670B2363671B
S214002D1010264FF4487006F05BF9C9F80C601420D2
S214002D2006F056F9C8F80C60232006F051F9C9F8E9
S214002D300C60B92120462AF0DCFF00231A46C8F8AA
S214002D400C600621022001F091FE00231A4607219E
S214002D50022001F08BFE2B4600220821022001F003
S214002D6085FE002210462B46042101F07FFE2046F9
S214002D7002F04CF90021A1673846616700F09AFD21
S214002D8009B0BDE8F08300BFB4AB030000520400F6
S214002D900004014000350A0000127A000B0B000BFD
S214002DA000A0004400A0004608B500F083F8124BCF
S214002DB012498B4212D3124B124900208B4218D371
S214002DC0FDF71AFF186850F82240586840F822406D
S214002DD0013298688242F5D30C33EAE70022F8E71E
S214002DE01C6844F8220001325C68A242F8D308331B
S214002DF0E4E70022F8E700BF941F0400A01F0400C9
S214002E00A01F0400A01F04000048704700F04902FD
S214002E10104AD2F8943003F00703023B032B13D872
S214002E20DFE803F00C14020E0B4B1B68D2F800010F
S214002E30C0F304200130B3FBF0F07047074BF4E713
S214002E40074B1B685B08F1E7054BEEE74FF40043C2
S214002E50ECE700BF00400E40F0100020F410002009
S214002E60E810002008B5FFF7D3FF054BD3F808316C
S214002E70C3F308230133B0FBF3F0024B186008BD20
S214002E8000400E40EC100020014B1868704700BF51
S214002E90F4100020054B1860054BD3F8943003F06F
S214002EA00703022B01D1FFF7DDBF7047F4100020A7
S214002EB000400E40044B054A9A60D3F8882042F43E
S214002EC07002C3F88820704700ED00E000000000A4
S214002ED0014B1868704700BFF01000200F4BD3F866
S214002EE02838A3F17E62A2F58432B2F5104F10B5F1
S214002EF011D219680A4A91420DD10A4C227812F072
S214002F00FD0F01D0002010BDDB6998470028FAD1DC
S214002F1001232370F6E74FF48170F4E70000E10F19
S214002F2007B0CD5E8246002070B5D0B1C9B10E4E56
S214002F30431E013913F8014F325D02F00302012AE5
S214002F4011F8012FB55C05F00305204608BF04F113
S214002F502000012D08BF2032801A01D1002CE9D1B3
S214002F6070BD0120FCE700BF591E0400054A064953
S214002F700346106803448B4294BF13604FF0FF3043
S214002F80704700BFF81000200000042037B5046822
S214002F9001210546124800F08DFC00236179207956
S214002FA0012201F063FD617920792AF0ACFBB0FACA
S214002FB080F35B092370A379022B0ED100F01EFB71
S214002FC0084960792A4600F043FB012361790246EE
S214002FD02079CDE9003301F005FD002003B030BDB7
S214002FE000350A0021D7020008B52948012100F063
S214002FF061FC012304220221052001F037FD002098
S21400300001F0E4FC234B0122C3F8102811460420EB
S21400301000F02AFF204800F09FFD204BD3F8F02058
S21400302042F00102C3F8F020D3F8FC2042F0807290
S214003030C3F8FC20A3F55D43194A1A6000F5D520B5
S214003040184B00F2FC40B0FBF3F0174B013802229D
S2140030501861C3F8F0204FF48072C3F804234FF0D1
S2140030606043124AC3F8B02F114AC3F8802ED3F833
S214003070002E42F48072C3F8002EFF2283F8202030
S214003080D3F8002E22F48072C3F8002E002008BD6C
S21400309000350A000080144206000E0000ED00E035
S2140030A0FF030040F8590D00000004E055CEACC503
S2140030B0090001004FF0604330B5D3F8802ED207E8
S2140030C015D501240B4D8440D5F8FC2042F08072C3
S2140030D0C5F8FC20D3F8002E2243C3F8002E53F880
S2140030E02020002AF0D003F82010002030BD112048
S2140030F0FCE700BF00ED00E010B5012104460948DA
S21400310000F0D8FB0848012100F0D4FBA378207813
S2140031106178B3FA83F35B09042201F0A7FC002070
S21400312010BD00BF4041050000350A002DE9F04FF4
S2140031309A46554B85B01B78DDF83C909DF844B018
S214003140DDF8508006460F461546002B00F09680A8
S214003150072A00F295800E9B002B00F09180B9F1B3
S214003160000F00F08D80129BB3F5006F00F388808F
S214003170012803D1109B002B00F08280434B03EB09
S21400318005131B7B002B7DD0414C10220021684686
S21400319032F013FE04EB451410229FBB394620463E
S2140031A032F00BFE43F210036380BBF1000F03D135
S2140031B0E37843F00303E370354A0E9BCDF800A096
S2140031C002EB451CCCE90193129B581E9DF84C302F
S2140031D0690103F00303C0F30A009B0643EA001EDE
S2140031E053582C4818404EEA0003012E535017D06F
S2140031F0B8F1000F2ED19CF8023068F304138CF857
S214003200023027E00021204632F0D7FD4FF4447309
S2140032106380BBF1000FCFD1E37843F03003CAE7F9
S2140032201323CCF80C309CE80F000CF1100E8EE83F
S2140032300F00DCF81C20109BCCF814306FF0030154
S21400324061F39F02012FCCF81C2003D1CCF8189014
S214003250CCF804300D4A290102EB051342F8018030
S214003260159A5A6000272846224669469F605E7374
S21400327001F080FC384605B0BDE8F08F0648FAE756
S2140032800648F8E70648F6E783460020B01E00200A
S214003290B01D00200F80FFF3028000F0018000F0D8
S2140032A0078000F038B5124B1B780546DBB1E0B15D
S2140032B02AF063FB0F4A00231146147B54B92B6097
S2140032C01A0101EB031301258C501D732AF05BFBDA
S2140032D0204638BD0133082B02F11002EDD12AF04A
S2140032E052FB0548F5E70548F3E70548F1E700BF58
S2140032F083460020B01E0020048000F0028000F00C
S214003300018000F038B52AF038FB0C4A0546002349
S214003310147B6CB90133082B02F11002F8D101F0CE
S214003320DFFB074B28461C702AF02DFB204603E0E7
S21400333028462AF028FB034838BD00BFB01E0020F0
S21400334083460020058000F00D4B1B7810B5044620
S21400335093B1072812D82AF010FB0A4B03EB04138C
S2140033601A7B2AB100241C732AF00DFB204610BDE0
S2140033702AF009FB0448FAE70448F8E70448F6E7A9
S21400338083460020B01E0020068000F0028000F079
S214003390018000F013B5164B1868019000238DF8D5
S2140033A004302AF0EAFA134B1C7824B12AF0EBFA20
S2140033B0114802B010BD01221A702AF0E4FA0F4B31
S2140033C01C731C7783F82C4083F83C4083F84C40F1
S2140033D083F85C4083F86C4083F87C4004230DEB54
S2140033E003008DF8073001F09BFB2046E1E700BFA5
S2140033F020AC030083460020038000F0B01E0020AF
S2140034000A4A127808B55AB107280BD8084A02EBC0
S21400341000131B7B43B1002101F078FB002008BDA0
S2140034200448FCE70448FAE70448F8E78346002027
S214003430B01E0020028000F0018000F0078000F03F
S2140034400A4A127808B55AB107280BD8084A02EB80
S21400345000131B7B43B1012101F058FB002008BD7F
S2140034600448FCE70448FAE70448F8E783460020E7
S214003470B01E0020028000F0018000F0078000F0FF
S2140034800A4A127808B552B107280AD8084A02EB49
S21400349000131B7B3BB101F0BDFB002008BD0548B7
S2140034A0FCE70548FAE70548F8E700BF8346002032
S2140034B0B01E0020028000F0018000F0078000F0BF
S2140034C00D4B1B7893B1072812D889B10B4B03EB31
S2140034D000131B7B73B10A4B1A6E01238340134201
S2140034E014BF012300230B70002070470548704767
S2140034F0054870470548704783460020B01E0020E8
S21400350000200E40028000F0018000F0078000F0EE
S2140035100B4A127810B50C4662B107280CD859B180
S214003520084A02EB00131B7B43B101F089FB2070B5
S214003530002010BD0448FCE70448FAE70448F8E712
S21400354083460020B01E0020028000F0018000F0BC
S214003550078000F02DE9F041DFF86480D8F860704D
S214003560D8F86C301F4000D5FEE7134C0126002526
S214003570374218D02368C8F86860A3B1A1686268AB
S2140035800131A16028469847637B012B0BD150B9C7
S2140035900A4B03EB45131A7B60F341021A731A7F3A
S2140035A060F341021A770135082D4FEA460604F10A
S2140035B01004DDD1BDE8F081B01E0020B01D002053
S2140035C000200E4070B50C4E0446012504B970BDAF
S2140035D094FAA4F0B0FA80F006EB001205FA00F3B5
S2140035E024EA03045368002BF0D0117B11B19168D4
S2140035F09847EBE79847E9E7301F002008B5122008
S21400360000F086FD28B1084B4FF48022C3F88021D5
S2140036101A600A2000F07CFD28B1034B4FF480624C
S214003620C3F880211A6008BD00E100E038B5054601
S2140036300C462AF0A2F9054B03EB051300225C604A
S2140036401A73BDE838402AF09EB900BF301F00202C
S214003650F8B505460E4617462AF08FF9134BD3F8F1
S214003660282422FA05F3DB0705F0FC012C4612D5C8
S21400367000230133DBB2042B04D1FF242AF083F9A4
S2140036802046F8BDEC1804F003040C4422FA04FCAF
S2140036901CF0010FEDD1FF2CF0D0054B03EB04130B
S2140036A00122C3E901671A73E8E700BF00A00040E3
S2140036B0301F0020054BD3F82804D3F81C241040F4
S2140036C000F05530C3F82404FFF77CBF00A000408C
S2140036D0054BD3F82804D3F81C24104000F0AA3079
S2140036E0C3F82404FFF76EBF00A00040024B196821
S2140036F0024B18680EF06ABDFC1000201C1100205A
S21400370070B59400224605460E462AF066FA431C1B
S2140037100AD058B922463146284632F024FB002803
S214003720034808BF002070BD0248FCE70248FAE7DD
S21400373010E000F021E000F024E000F010B50446B0
S21400374001F02EFB431C10D088B901F00FFC20F0CE
S214003750030023462044984201D1002010BD53F8B0
S214003760042B0132F7D00348F8E70348F6E703488E
S214003770F4E700BF0EE000F021E000F024E000F0E7
S21400378008B52AF0EFF8014B186008BD2028002085
S214003790014B18682AF0EAB8202800200C4B984203
S2140037A005D90C4B984210D80122012301E00022D3
S2140037B0134609490B640949D1F8003123F0807398
S2140037C043EA0263C1F8003170470222EDE700BF0A
S2140037D00048E8010090D0030000C84300400E40B7
S2140037E00F4B5B680F4B30B500221C46C9B21D79E3
S2140037F08D4202D11D6885420DD20132052A03F1A1
S2140038000803F4D10321064A536823F0407343EAC1
S2140038100163536030BD04EBC2046179F3E700BF77
S21400382000000E4064AC030038B5074C41F6713317
S214003830256C2364FFF7E8FAADB20021FFF7D0FF4E
S2140038400DB10023236438BD00000E40044BDB6B33
S2140038505B0604D4034AD2F8C830002BFBD170476D
S21400386000300E400000C64308B5FFF7EFFF024BDE
S2140038705868C0F3014008BD00300E40044BD3F832
S2140038804421D20703D4D3F840211042FBD170471D
S21400389000400E4038B5064C256C41F67133236463
S2140038A0ADB2FFF79DFF0DB10023236438BD00BF06
S2140038B000000E4038B5C0F30323013B092B11D896
S2140038C0DFE803F0052710102B221D101511154DEB
S2140038D0C0F3043405F1424505F5801504EBC50038
S2140038E08000016038BD104DC0F30434F2E70F4D80
S2140038F0C0F304344FF48030FFF7C0FFEAE7C0F3AC
S21400390004340B4D1020F7E7C0F30434094D0120B2
S214003910F2E7094DC0F30434DCE7084DC0F3043485
S214003920D8E700BF00400E4050410E40F0400E4029
S214003930E8400E40E0400E40C0400E40B0400E4012
S214003940C0F30313013B092B2AD8DFE803F0050B6D
S2140039500F1929291F23374B274BD3F80001C0F333
S21400396004207047244BD3F81401F8E7224BD3F811
S2140039700031C3F3006301330120984001387047DB
S2140039801D4BD3F80C01C0F3082070471A4BD3F830
S2140039900801F8E7194B984204D0194B984207D013
S2140039A000207047144BD3F8203103F00F03E3E7F1
S2140039B0114BD3F82031C3F30113DDE7114B9842C6
S2140039C00CD003F5B01303F580539842E8D10A4BA8
S2140039D0D3F82831C3F301230433CDE7064BD3F8DD
S2140039E02831E8E7084B9842DAD1034BD3F8300188
S2140039F000F00300704700BF00400E40800616002F
S214003A0080162E0090171A00A009140000F00F0070
S214003A100138072850D8DFE800F00415244F343862
S214003A204F402B4BD3F8943003F00703023B052B93
S214003A3006D8DFE803F049243F0305430B20704710
S214003A4005207047224BD3F8800000F007000228BC
S214003A503DD0042836D0012808BF032018BF012017
S214003A6070471B4BD3F8843003F00703013B032B4E
S214003A7003D8DFE803F0041F252701207047032042
S214003A807047134BD3F88800DFE7114B1B6F13F01A
S214003A90010F0CBF0720092070470D4BD3F85C318F
S214003AA003F03003202B0FD0302B0FD0102B08BF85
S214003AB00720D3E702207047002070470C2070478D
S214003AC0062070470A207047042070470820704779
S214003AD000400E4008B50146FFF798FF1A4B994282
S214003AE011D01A4B994212D0194B994204D1194B56
S214003AF0D3F8800000F007000138032821D8DFE85B
S214003B0000F00A0E1612134BD3F88400F2E7114B9E
S214003B10D3F88800EEE7BDE8084029F097BDBDE879
S214003B200840FFF7D5B9BDE8084029F092BDFFF779
S214003B306FF9084BD3F80031C3F300630133D84064
S214003B4008BD0020FCE700BF03002000050024009D
S214003B5002001E0000400E4000F47813B3F5B01FBC
S214003B6010B5044674D025D8B3F5402F5ED010D8D3
S214003B70B3F5802F49D005D83BB1B3F5003F4FD001
S214003B80002010BDB3F5202FFAD1BDE81040FFF796
S214003B903FB9B3F5801F00F08480B3F5A01F4DD069
S214003BA0B3F5602FECD14A48FFF730FF072878D0EE
S214003BB00928E9E7B3F5381F53D013D8B3F5001F2B
S214003BC058D00AD8B3F5D01F56D0B3F5F01FD7D1CA
S214003BD04048BDE81040FFF77DBFB3F5101FCFD1BA
S214003BE03D48F6E7B3F5481F4DD0B3F5781F65D0CE
S214003BF0B3F5401FC4D13948FFF76CFF384BD3F8F4
S214003C002831C3F30123043320E0FFF701F9344BD6
S214003C10D3F80C31C3F308230133B0FBF3F0B0E75D
S214003C20FFF7F6F82E4BD3F80831F3E7FFF7F0F876
S214003C302B4BD3F81431C3F30423EDE72648FFF7E4
S214003C4049FF274BD3F8303103F00303D84098E7F9
S214003C502048FFF73FFF224BD3F8203103F00F0335
S214003C60F4E71C48FFF736FF1D4BD3F82031C3F3AB
S214003C700113EBE71948ACE71848FFF72BFF184B82
S214003C80D3F82831F3E71748FFF7C0FE072808D017
S214003C90082809D004287FF473AFBDE81040FFF76A
S214003CA0F3B8114B18686CE7FFF7B2F80C4BD3F873
S214003CB00031C3F3042303FB000062E7FFF7A8F814
S214003CC00146204629F049FEB1FBF0F059E700BF57
S214003CD006000E0002001E0005002400030020005F
S214003CE000400E40B80032002011002010B5FFF74B
S214003CF09BFD094B07225A67FFF78AF8FFF74EFD30
S214003D00FFF7B0F80446FFF7AFFD01462046BDE8D2
S214003D101040FFF7BFBD00BF00400E40014B1880AB
S214003D20704700BF1E150020014B1880704700BF6B
S214003D301C15002010B5042813D8DFE800F0470350
S214003D402F132100294AC1F30801D2F86838002B46
S214003D50FBD1274A136A23F4FF7323F001030B43B6
S214003D60136210BD214A01F07F01D2F86038002BA3
S214003D70FBD11F4A136923F07F030B431361F0E75F
S214003D801A4A01F07F01D2F86438002BFBD1184A9A
S214003D90936923F07F030B439361E2E7144AD2F85A
S214003DA09030536A23F0300343F010035362146BD1
S214003DB0104BC1F3C31003300F2803EA040328BFD7
S214003DC00F200B4343EA00731363CAE74F29074AE1
S214003DD028BF4F21D2F87438002BFBD1044A936BCE
S214003DE023F07F030B439363BBE700BF0020C84369
S214003DF000400E4000F8FF0F104A536A13F0300FD1
S214003E0018D0202913D0302914D000290C4B08BF15
S214003E104FF44003D2F8901033EA0101FAD15B0266
S214003E2046BFD2F8A000C0F38020012070474FF4B0
S214003E300003EFE74FF44003ECE700BF00400E40FE
S214003E40FF33E10702280AD129B1064B4FF4806000
S214003E50C3F8A800596612B10220FFF7CDBF0120B3
S214003E60704700BF00400E400428F8B548D8304BD5
S214003E7013F800C02F4B1D5C2F4B33F810702F4BE0
S214003E8033F810402E4B002940D0022839D15C6A06
S214003E9014F0300F35D12B4CE46B5C6AE40705D583
S214003EA05E6A26F0300646F010065E62264C244B0C
S214003EB025441F66AD002B68002BFCD002B364447B
S214003EC0A4002368002BFCD0022819D1C1B11C4DD8
S214003ED0696A11F0010116D001222021FFF7B2FF16
S214003EE0D5F89C60012200210220FFF7BDFFC6F333
S214003EF00A010220FFF71EFF2F662368002BFCD066
S214003F00F8BD0021D2E7FFF777FFE9E701211C663D
S214003F10A940D3F890000842FBD1002AF0D0012334
S214003F20074903FA0CF3D1F890201A42FBD1E7E7D1
S214003F305FAC03005AAC030050AC030046AC030071
S214003F4000400E4000300E408004F21010B50246CD
S214003F50B8B901221146FFF787FFFFF765FC0F4B44
S214003F6004225A67FEF754FFFFF718FCFEF77AFFA5
S214003F700446FFF779FC01462046BDE81040FFF7EF
S214003F8089BC012807D10146FFF76EFFFFF74CFCFE
S214003F90024B0322E5E7FFF747FCE3E700400E404D
S214003FA038B5FEF771FF0021044600F0B7FA124854
S214003FB0FFF7F4FB012211460220FFF755FFFFF73B
S214003FC033FC0CB1FFF742FC0C4B02225A67FEF79B
S214003FD01FFFFFF7E3FBFEF745FF0546FFF744FC30
S214003FE001462846FFF756FC2CB920460121BDE8BD
S214003FF0384000F093BA38BD0148E80100400E4052
S214004000012210B511460320FFF72EFFFFF70CFC28
S214004010084B05225A67FEF7FBFEFFF7BFFBFEF7CD
S21400402021FF0446FFF720FC01462046BDE810406D
S214004030FFF730BC00400E4010B504461120FFF7D5
S214004040E5FC002101220220FFF70EFF184A217C22
S214004050536A23F00103022908BF43F001035362A9
S214004060144B2178C3F8A014637AA18843EAC123CD
S214004070D362136BA07A217A03F07F630343E08850
S21400408043EAC02343EAC11303310F2928BF0F2197
S21400409043EA01731363A37B617B1B0143EA01338D
S2140040A0E17B0B43217B43EA0143536310BD00BF12
S2140040B000400E400000C84338B50E4D0E4C014679
S2140040C01120FFF7A3FCAA6B4B7814400A78144320
S2140040D044EAC3248B7844EA0364CB7844EA032496
S2140040E0AB6BA34205D0002101220846FFF7BCFEB9
S2140040F0AC6338BD00400E4080E4FFF8034B5868C0
S214004100C0F30800003818BF0120704700ED00E03B
S2140041104209054B53F8223000F01F0023FA00F046
S214004120C04300F00100704700E100E0034BD86B8D
S21400413080F04000C0F38010704700BF00300E4093
S21400414042EA0322B2F5007F10B5194C29D00AD8EE
S214004150B2F5807F22D040F201139A4215D062B9A0
S214004160D4F81C320BE0B2F5407F1DD040F201338C
S2140041709A4210D0D4F8283201E0D4F82432C3F39F
S2140041800722DBB203600A6010BDD4F824321A0E90
S214004190C3F30743F6E7D4F82832F8E7D4F81C321E
S2140041A0F5E7D4F82032EAE7D4F82032EFE700BF8C
S2140041B00081E00F08B5FFF7B9FF20B1024AD2F838
S2140041C0C830002BFBD108BD0000C64308B5FFF77A
S2140041D0ADFF80B1FFF7EEFF074B19685A68C1F3D1
S2140041E00121C2F3014291421A688CBF42F01002CC
S2140041F022F010021A6008BD00300E40064B1B6805
S214004200DB0608D5054B1B69C3F30443082B02BF26
S214004210034B044A1A60704700300E4000400E40C0
S214004220E8100020C0EA210170B5FFF77FFF38B123
S2140042302D4B1A781023C2F1020293402B4A1361C9
S2140042402B492C4DD1F8804145F60E03C1F880313C
S2140042502B6823F0AA03DB05DB0D0B66FFF7AAFF2E
S214004260224B1B68D80604F0010415D5D1F840315E
S214004270DA01FBD4204B1B680B61204B1B78052B07
S2140042800AD11F4B1E68FFF795FF184B596830463A
S214004290C1F30141FFF7FEFA184B1B78023B0A2BCD
S2140042A00AD8DFE803F00615170909090909091AEB
S2140042B01D000020FFF74AFE2B68DB075EBF0C4B95
S2140042C002221A661CB10A4B0022C3F8802170BD78
S2140042D00120EFE7FFF764FEEEE7FFF791FEEBE75E
S2140042E0FFF704FDE8E700BF8446002000300E40DC
S2140042F000400E4028280020242800208546002064
S214004300E810002010B50B4C0B4BD4F890201A6028
S2140043101120FFF77BFB094B1870FFF74BFF084B8C
S214004320084A5B68C3F301431370074B22691A609F
S21400433010BD00BF00400E40282800208546002003
S21400434000300E408446002024280020064942788B
S2140043500B6823F4407343EA0223022A0B6004BF6F
S214004360024B5B6A704700BF00300E4000400E40B4
S21400437010B5044608B1FFF7C5FFFFF727FF144A3C
S214004380136943F00403136129F011FC29F010FCB3
S214004390104B114AC3F8242403F559231B68DB0687
S2140043A00ED529F0DFFA31F037FF29F0DFFA29F0D1
S2140043B000FC03F031FF2CB1BDE81040FFF734BF1E
S2140043C030BFF4E7FFF71AFFBDE81040FEF74ABD1E
S2140043D000ED00E000A000400000FFFF10B504461E
S2140043E008B1FFF78FFFFFF7F1FE1A4BD3F88021D5
S2140043F045F60E01D207C3F8801148BF00224FF4DD
S2140044002071196648BFC3F88021134A136943F028
S21400441004031361114B124AC3F8242429F0C7FB86
S214004420104B1B68DB060CD529F09CFA31F0F4FE25
S21400443029F09CFA03F0F0FE2CB1BDE81040FFF71F
S214004440F3BE30BFF6E7FFF7D9FEBDE81040FEF733
S21400445009BD00BF00400E4000ED00E000A0004097
S2140044600000FFFF00300E400E4A0379916921F0EC
S2140044703F010B43017843EA8103417843EA410355
S214004480817843EAC103C178012908BF43F00103DC
S21400449093611368417923F4403343EA0143136080
S2140044A0704700BF00300E402DE9F04104460D462F
S2140044B0FFF73CFE60B3DFF86080FFF77BFED8F8BE
S2140044C00430C3F301439C4222D0124BD3F8003190
S2140044D0FEF79EFC022C07464FF0100609D1214637
S2140044E0FFF7D8F9C8F8106095B1BDE8F041FFF7BE
S2140044F061BEC4F102039E40C8F810600DB1FFF71C
S21400450059FE2CB921463846BDE8F041FFF7C2B93E
S214004510BDE8F08100400E4000300E4038B505463C
S2140045200C46FFF703FEB8B145B90C4BD3F8005163
S214004530FEF76EFCC5F3042505FB0005084B1B784B
S21400454021463BB1074B9D4204D80220BDE83840C7
S214004550FFF7AABF0020F9E738BD00BF00400E40B5
S21400456086460020002D3101034B02781A70012187
S2140045700020FFF7D3BF00BF86460020234B4AF635
S214004580E85210B5596B5A639A6FD207FCD41B6C6D
S21400459013F0030306D01E4A01249842C2F8B44A18
S2140045A01AD110BDA0B1431E012B17D8174A4FF4DD
S2140045B00023D362936FDB07FCD4136C23F0030352
S2140045C043F001031364114A536A1C03FCD505E04B
S2140045D00F4BC3F8B40AE4E7032BE4D00B4B9A6FF7
S2140045E0D207FCD41A6C22F0030202431A649A6FB4
S2140045F012F00102FBD10038054C18BF012001293A
S214004600C4F8B40A08BF5A63CBE700BF00300E40B8
S2140046100000C6432DE9F04F00238BB0CDE90433EC
S214004620CDE90633CDE90833A0F5E163B3F5966F1F
S21400463005460191934603D900200BB0BDE8F08FE4
S214004640624BDFF88C81D3F81842B0F5E16F15BFE6
S2140046504FEA146AC4F3072AC4F30744E4B2069484
S214004660CDF824A0D8F84C60C6F301768CBF0122A2
S2140046700022334607A904A815BF4FF4E1674FF49C
S21400468096674FF496694FF416790392FFF758FD34
S214004690D8F8EC30039AC3F3012308A905A80293BF
S2140046A0FFF74EFDA5EB070CAAEB04020CFB02F28B
S2140046B0B2FBF9F214445445079F0498089A0599EA
S2140046C0BAD8A2EB010E0CFB0EFEBEFBF9FE11EBF8
S2140046D00E012CBF4FF0010E4FF0000E8A42ABD3F6
S2140046E0BEF1000FA8D13A1A0CFB02F2B2FBF9F2A7
S2140046F080182CBF0122002287429DD3002A9BD11E
S214004700029BBBF1000F0FD0D8F85C20B5F5E1672F
S21400471022F4FE4218BF012722F0020242EA4702B4
S21400472042EA0422C8F85C20019A0AB9012084E70C
S214004730264A022ED2F830223ED0032E3FD0012E3B
S21400474014BFD2B2C2F30722120312F4702F7FF402
S21400475073AF1F4EF46E24F470442243F2661B4A75
S214004760022BD2F830222CD0032B2DD0012B14BFD5
S214004770D2B2C2F30722120312F4702F7FF45CAF9A
S214004780134CD4F8EC3023F470431343C4F8EC30E5
S214004790636E884238BF084623F4FF73E72823F089
S2140047A0010328BFE720B5F5E16F18BF43F001030A
S2140047B043EA40036366B9E7C2F30742C4E7120E52
S2140047C0C2E7C2F30742D6E7120ED4E70081E00F35
S2140047D000300E402F4B1A6FD96C11F0010F02F00B
S2140047E0060242D0002A40D013284FD91438132886
S2140047F08CBF102308232749013BCA6C180322F4F8
S2140048007F4240EA03231343CB64234BCA6C1B88C6
S214004810C2F303222833013202EB820003EB530378
S214004820B3FBF0F3C86C013B072B28BF072320F02F
S214004830EE6040EA036343F48013CB64174BB3F98E
S2140048400030002B10DB2833500800EB420203EB4D
S2140048505303B3FBF2F30A6D072B28BF072322F09E
S214004860700242EA03130B657047D96C01F0010130
S214004870114304D1092809D90A380928B8E7DB6C9E
S21400488013F00103B7D01AB92728B1E70423B2E71B
S2140048900023B0E700300E40783D0020743D002035
S2140048A0064A074BD3F88039136F23F007030343F8
S2140048B01367044B1888FFF78DBF00BF00300E400B
S2140048C00000C643763D0020394B02222DE9F04118
S2140048D09A639B6B03F00F039342044603D00025B4
S2140048E02846BDE8F081C288B0F808808588B0F90F
S2140048F00C6047784A2A4ED9B2F5FA7F4DD340F677
S214004900C3139A428CBF4FF040524FF000522849D2
S214004910CB6C23F0405323F00103002EA8BF43F0D6
S21400492001031343CB64D1F8EC3043F44073C1F871
S214004930EC30204B1D80CB6E43F08073CB661E4B55
S214004940D3F8800900B10420FFF7AAFF1B4BA3F899
S21400495000801B4B28461E80FFF73CFFA37BFBB165
S214004960012B21D0012260881146FFF753FE054631
S2140049700028B4D00E4AD36B43F48063D363384622
S214004980FFF7FCFDA37AA3F12002534253410A4AE3
S214004990C2F89437A4E70022B9E74FF08052B6E792
S2140049A0034B084A9A65DDE7014B074AFAE700BF62
S2140049B000300E40763D00200000C643783D0020C3
S2140049C0743D002077402057372110B7044AD2F8AC
S2140049D0443423F003030343C2F84434704700BF53
S2140049E000A00040072AF8B501F0030614461F464B
S2140049F04FF00F011FD8950000FA05F2A9401548A0
S214004A0029F0DCF80321144806FA05F2A94029F03B
S214004A10D5F812499DF81830114A214489000F60D4
S214004A20C1F880300123A340C2F824349DF81C301E
S214004A30C1F80033F8BDA2F10805AD0000FA05F292
S214004A40A940084829F0BAF80321074806FA05F2F3
S214004A50A940DCE700A4004008A4004080208510A0
S214004A6000A0004004A400400CA4004000EB40005E
S214004A70F8B50D461F46040116463AB115480123FF
S214004A808B402044C7B100F1C0600360072D4FF093
S214004A900F0114D8AB00104806FA03F299402044E0
S214004AA029F08CF83EB90B4A0123AB40224477B17B
S214004AB002F1C0621360F8BD00F18060E5E7A5F181
S214004AC008039B00054806FA03F29940E7E702F15F
S214004AD08062EFE70CA0004004A0004008A0004061
S214004AE0084B4FF40072C3F88020BFF34F8FBFF31C
S214004AF06F8F054B0021D9664FF4AA401962FEF766
S214004B00D9BE00BF00E100E000200E40034B034486
S214004B109B0081F001011960704700BFA001F110F1
S214004B2010B5044601214FF4AA40FEF7C3FEB4F8C0
S214004B30013022785BBA9BB243EA02630B4A1360E9
S214004B4000231362D36253634FF00043D3664FF0E3
S214004B50FF339366064A4FF40071C2F88011E3787B
S214004B605B01DBB282F80933116010BD00200E40F5
S214004B7000E100E0F8B5254D8F7AD1F800C0C3B249
S214004B8001269E404FF0300ECB7A0EFB00500C46AE
S214004B901B05097BAE6643EA0743C0F880C094F85D
S214004BA00DC0C0F888C043EA415322F00302C0F8A3
S214004BB08430C0F8982028F0E0FEEB6E3343EB66B6
S214004BC0237A13B16B6B33436B63637A13B1EB6A6F
S214004BD03343EB6223792A6823B1DB431B0263F479
S214004BE07F431A4063790BB142EA0322A3790BB1E3
S214004BF022EA0302E3791343044A1360044B9E62DD
S214004C00D663BDE8F84028F0BEBE00BF00200E40C8
S214004C1000200E4410B5C0B20124844028F0ADFE3A
S214004C20054AD36E23EA0403D366044B1C62BDE830
S214004C30104028F0A8BE00BF00200E4000200E4402
S214004C4010B5C0B20124844028F097FE074B1A6ABC
S214004C50224208D19B6A9C430CBF0124002428F002
S214004C6092FE204610BD0024F9E700BF00200E404B
S214004C70054B5A685B68054B41F671321A649A68B0
S214004C8022F001029A60704700300E4000000E408D
S214004C90034B9A6822F001029A6000221A64704759
S214004CA000000E40094A0A4BD969C90705D512B952
S214004CB06FF002007047013AF6E7002AF8D00122AA
S214004CC01861DA60D86940F38000704780969800D3
S214004CD000000E4070B509B9002070BD0E4A0023D2
S214004CE0082550F8234094610C4CD5600133D669F2
S214004CF0F60705D514B96FF00200EEE7013CF6E7BB
S214004D00002CF8D0D469A40702D49942E9D1E3E78D
S214004D106FF00100E1E700BF00000E4080969800AB
S214004D202DE9F8431C4B0D4641F671311E6C196493
S214004D301A49804648684968996841F00101B6B248
S214004D40996097084FF00009B94501D3002005E0A7
S214004D5008EB89042046FFF7A5FF48B10E4B9A687A
S214004D6022F001029A600EB100221A64BDE8F883B0
S214004D70C4F30A01C1F500618908A7EB090399424B
S214004D8028BF19462846FFF7A5FF0028E6D1894424
S214004D9005EB8105D8E700BF00000E4000300E404E
S214004DA0234B41F671311A6C10B5196421494C68D1
S214004DB04968996841F00101996001211861D9603C
S214004DC0D9694C0792B209D5996821F0010199601A
S214004DD00AB100221A644FF0FF3010BD0221D960DC
S214004DE01549D869C00700D569B9D86910F002001E
S214004DF00BD0996821F0010199600AB100221A646B
S214004E006FF00100E9E70139EBE741B9986820F057
S214004E100100986002B119646FF00200DDE799683E
S214004E2021F0010199600AB90020D6E71864FBE773
S214004E3000000E4000300E4080969800014B012284
S214004E409A60704700500E40134B1449F0B500228C
S214004E505D68134E1046D6F8E8714C680B687F07FD
S214004E600BD4B3F5006F06D012D8B3F5007F02D08E
S214004E70B3F5806F01D144F480742B4202D02C42EB
S214004E8008BF18430132092A01F10801E3D1F0BD39
S214004E90B3F5803FEEE700BF00500E408CAC030039
S214004EA00040E00F8B784A789B0143EA82030A7839
S214004EB01343CA7843EA02130A7943EAC2234A79BB
S214004EC043EA02338A79043043EA42430001014A46
S214004ED01350704700200440014B1860704700BF15
S214004EE000008442437882789B0043EA02130278EB
S214004EF01343C27843EA4213027943EA0223427913
S214004F0043EA0233827943EAC233C27943EA024370
S214004F10027A43EA4243014A136070470020044085
S214004F200D4AD2F8E430D2F8E0109B0003F03C03C0
S214004F30C1F381110B438370D2F8E03003F03F03D6
S214004F404370D2F8E830D2F8EC2003F0F003C2F356
S214004F50031213430370704700FF0FE0024BD3F8B1
S214004F60FC00000E704700BF0081E00F044BD3F832
S214004F70E4301B0E0A3303F01F03012098407047ED
S214004F800081E00F70B5054616461C4619B9144850
S214004F90FEF7E2FD0146402C1BD003D8DCB1202CE6
S214004FA01BD070BD602CFCD1042303FB06F2530813
S214004FB003EB4113B3FBF2F30A4A203B02EAC303B6
S214004FC02A6822F060022A602A6814432C606B610B
S214004FD0E7E70623E9E71023E7E70823E5E700BF4E
S214004FE040410500F8FF7F0038B50546144619B95C
S214004FF00548FEF7B1FD014601396400B1FBF4F146
S2140050000902696138BD00BF4041050040F6AA6349
S214005010C36041F20502002303604260104A8360C9
S2140050204361C36482640F4A0366904243678367A2
S214005030C3670DD002F5806290420BD002F5806205
S214005040904205D002F58062904203D08365704797
S2140050500365FBE7036583650023C365704700BFF0
S214005060F9FF0100000001404111054A00F01F0051
S2140050700123834052F82100034342F82130704751
S2140050802C280020044B1B681BB1044B0360002037
S21400509070470120704700BF3C2800207A3D002062
S2140050A070B50D4C246884B10C4C26888518B54222
S2140050B00DDC6688CD18B54209DC52B14BB1A08034
S2140050C0E18022816381002070BD0120FCE704207E
S2140050D0FAE70520F8E700BF3C2800207A3D0020CC
S2140050E02DE9F74F9946494B1B68002B00F08A8044
S2140050F0DFF820A10D9EBAF80650BAF80A30B9F1CA
S21400510000072B4418BF01279BB27F420D44009333
S214005110FFB2ADB24FF0010B1EB9304603B0BDE88A
S214005120F08F009AABB29A426ED9BAF80840BAF835
S2140051300430241AB4421844354B28BF3446361B74
S21400514080B203EB0512B9F1000F0AD0072C26D85F
S2140051500444A04216D32846FFF786FF01350020F8
S214005160DAE7072C1BD80444A042F4D2C10800F0AA
S214005170070C535C0BFA0CFC23EA0C030130535467
S21400518080B2F1E7C10800F0070312F801C00BFA7D
S21400519003F343EA0C030130535480B2D9E74FEAD5
S2140051A0D00C02EBD00810F007000BD1E20839460D
S2140051B04046019230F001FE14F00704019ACAD06E
S2140051C0904412E00BFA00F312F80CE0DBB2591E22
S2140051D05B420EEA01013B4008381943044402F8DA
S2140051E00C10E20808F10108E1D10BFA04F498F873
S2140051F00030E4B26242013C13403C40234388F84E
S2140052000030A8E7012688E7042686E73C28002029
S214005210874600207A3D002037B5114D2B68EBB944
S214005220FDF728FD044610B1012003B030BDFDF7A0
S21400523015FD28600028F7D002884188094B1A809F
S2140052401A814A43598059819C80DC802146CDE9E9
S2140052500042234622462046FFF742FF0020E4E7AE
S2140052603C2800207A3D00202DE9F8431B4FDFF84C
S21400527074803C68DFF86890002301251A46D8F849
S21400528000004188D6188E4207D3FBB91348102277
S214005290002130F092FD002012E0E10708D501332E
S2140052A0D118C9060ABF57F8254064080135E6E755
S2140052B053B109EB0211FDF775FC034610B1072048
S2140052C0BDE8F883721CEBE70132E9E7044901EB1D
S2140052D00211FDF767FC0028D8D0F0E72C28002044
S2140052E0874600203C28002030B5054687B000B32E
S2140052F000226FF07F43C0E9012301A8FFF7C2FE3A
S214005300044698B9019B2B601A885B88CDE9020099
S214005310013A013B02A928460492059328F02DFD88
S214005320044618B90449284628F0BFFE204607B0B0
S21400533030BD0524FAE700BF04B0030038B50446C4
S2140053402DF078F90FCC044D0FC594E80F0085E8D2
S2140053500F00002038BD00BF4028002047F6FF732E
S2140053609A42F0B572D0062972D83A4B5B5C022B93
S2140053706ED8394D05EBC304DF00A17815F833303D
S214005380012938BF0121012B13D1E0780025401AEE
S214005390A84202D80844C0B2F0BD431BA0EB53039A
S2140053A0666836F913609642CCBF03F1FF301D469F
S2140053B0EEE760680028EFD0B0F90040944204DBC6
S2140053C0B0F902409442B8BF14468388FF2B04BF4E
S2140053D0B0F90620B0F908C03D440FBF01260026EC
S2140053E0C8224FF0280C131B93FBFCF333446E7853
S2140053F01BB29E4201DD002B01DA731E1BB2013385
S2140054009BB24FF47A7C071D5D1E2DB24FEAC50E87
S21400541000EBC5059E42EA88AD6814FB025222EAFC
S214005420E27202F15C02B2FBFCF205DD37F83350A3
S214005430954203F10103E7D200EB0E0398889042F1
S21400544028BF1046884238BF0846A4E7FF20A3E7D7
S2140054500020A1E734B30300402800200629F0B559
S21400546061D8324B595C02295DD8314B13F83100B4
S214005470012816D103EBC1039C78D8785B68012C11
S214005480214638BF0121904294BFC1EB0001C1EB19
S2140054900201CAB2001B8242C8BF002233F91200C2
S2140054A0F0BD002A3DD003EBC103596800293AD06D
S2140054B09878904202D3B1F90200F1E7DC78B1F9AE
S2140054C000009442ECD95C788B88A3F1FF06013C7F
S2140054D0734201F10405E4B2734101F10C07DEB238
S2140054E0B44216D805EBC3034FF47A75B3F90240FD
S2140054F05B686A43D21A04EBD47302EB630292FB36
S214005500F4F29042CCDBB1F902009042C8DC10B253
S214005510C6E737F833C0944503F10106E2D33346B5
S214005520DDE70448BCE70448BAE700BF34B303002D
S214005530402800200CFEFFFF0080FFFF08B504484F
S214005540FFF7FCFEBDE8084001202DF098B800BF2C
S2140055503CB303007FB5094B09490222CDE901237C
S2140055604FF08373CDE903134FF0FF300D2301A9ED
S21400557005932DF0C0F807B05DF804FB006A18002C
S21400558006010C00024B03480122C3F800267047B0
S2140055900010C84300000F40094B98420ED003F598
S2140055A08063984209D10122064B03EBC2035A6876
S2140055B0054B13449B0000221A6070470022F3E755
S2140055C000000F40ACB403008005F21010B504468E
S2140055D02369DB07FCD404F1800028F01BFA014B9A
S2140055E0236510BD510545012DE9F043064689B0F7
S2140055F0174698460C4600294DD1FFF7C3FF0146D3
S2140056000446304628F0A2FD4FF0010996F86C508B
S21400561006F15C01C5F10F06C5F10E03F6B22A4687
S2140056200DF1010001358DF8003030F000FB3246F8
S21400563000210DEB050030F0C0FBC6F11000012381
S2140056403246002168448DF80F3030F0B6FB28F063
S21400565089F904F1800605466946304628F0DAF9ED
S2140056600E4B23652369DB07FCD404A9304628F0DB
S214005670EEF9284628F07AF9424604A9384630F072
S214005680D6FAB9F1000F02D02046FFF785FF0020BA
S21400569009B0BDE8F0834FF00009B7E705510100F7
S2140056A02DE9F04F89B00546DDF8489016461F46AE
S2140056B00C4639BBFFF766FF01460446284628F02D
S2140056C045FD4FF0010B6B6C33446B6428F04AF9D0
S2140056D08246D6B9504628F049F9BBF1000F0ED0E5
S2140056E028F040F905F14C01064604F1840028F044
S2140056F0AEF9304628F03AF92046FFF74DFF09B0DC
S214005700BDE8F08F4FF0000BDDE72B79102EB0468A
S21400571028BF4FF01008012B0DD11022002168463B
S21400572030F04BFB39464246684630F080FA694610
S2140057302046FFF74BFF394604F18C0028F06AF943
S214005740124B2365012363652369DB07FCD404A998
S21400575004F1800028F07BF904A94246484630F060
S21400576066FA297961B91022684630F026FB494668
S2140057704246684630F05BFA69462046FFF726FF49
S214005780C1444744A6EB0806A3E700BF48055903F3
S21400579070B5048804F4E043B3F5005F05461ED1F7
S2140057A0C4F30223042B1AD181F0AA6383F4807316
S2140057B033F47E13204821F47E1618D081F0AA63B5
S2140057C083F4007333F47E1311D0864230D1B4F5DF
S2140057D0105F0CBF6FF086006FF0850070BDB4F5EB
S2140057E0105F25D1144B21F47E119942F1E78642D1
S2140057F04FEA1143C1F305411AD1B4F5105F17D132
S21400580004390C2911D813F001000ED1073A062AE4
S2140058100BD86B88C02B0BD0B3F5807FDED0802BE7
S2140058200CBF00206FF08600D8E76FF08600D5E743
S2140058306FF08500D2E700BF000140052DE9F04F6C
S214005840A7B0DDE93475DDF8D880DDF8EC90089275
S21400585006461C468A4629B96FF08602104627B0CF
S214005860BDE8F08F0028F7D0309B002BF4D0329B99
S21400587013B9339B002BEFD1002F7DD1002DEBD138
S214005880389B002BE8D0B9F1000FE5D03A9B002BEF
S214005890E2D0399B002BDFD0338803F4E042B2F528
S2140058A0005F74D1C3F30222042A70D184F0AA6385
S2140058B083F4807333F47E1306D084F0AA6383F4F3
S2140058C0007333F47E136BD1C4F30543319AC9F8E1
S2140058D00030214630460993FFF75AFF024600285B
S2140058E0BCD17288089BB3EBD20F4FEAD20BB3D36E
S2140058F0379B9D425FD83A9A099B93425BD84745AF
S21400590008D27B19984505D239462A46404630F0DB
S2140059103AFA4746702200210AA830F04EFA5A4654
S21400592051460DF12D00CDF850B030F080F9234BE4
S21400593024F47E149C423BD13388B3F5105F37D1F4
S214005940D9F800300693399B0397CDE90483339B3F
S2140059500293329B0193319B00932A46309B012190
S2140059600AA828F00EFD0246E0B9389B1D6070219B
S2140059700AA828F0FEFC71E7002D81D0B8F1000FD0
S2140059803FF46AAF379B002B7FF47AAF64E742F2AE
S2140059900402934204D184F0052383F4801390E735
S2140059A0002393E7389900230B60C9F80030DEE740
S2140059B06FF08502DBE76FF089024FE700014005D4
S2140059C02DE9F04FABB0DDE938A4DDE93B6589464B
S2140059D0099298460746002800F0A280002900F0A9
S2140059E09F80349B002B00F09B80369B1BB9379B17
S2140059F0002B40F09580BAF1000F02D1002C40F049
S214005A008F801DB93D9B002B40F08A803E9B002B6B
S214005A1000F086803A9B002B00F08280359A414643
S214005A203846FFF7B5FE0246002866D17A88099BFD
S214005A30B3EBD20F4FEAD20B72D33D9B9C4272D887
S214005A40AA4509D20AEB0402954205D251462246DF
S214005A50284630F098F9AA46702200210EA830F0A9
S214005A60ACF95A4649460DF13D00CDF860B030F02D
S214005A70DEF82E4A28F47E1800219045CDE90A115A
S214005A80CDE90C1149D13A88B2F5105F45D1379B64
S214005A900293369B01930AAF359B00932246CDE9CD
S214005AA00457349B0696CDF80CA00EA828F069FC87
S214005AB00246C8B93A9B384603EB060C90469C450E
S214005AC01FD11EB13146384628F053FCB8F1000FFE
S214005AD020D03E9A002313601CB12146284628F0A9
S214005AE048FC6FF0940204E01EB13146384628F0B8
S214005AF040FC70210EA828F03CFC10462BB0BDE8F8
S214005B00F08F10F8011B13F801EB81EA0E0148EA4A
S214005B100108D4E73E9B1C60EBE76FF08502E8E7E0
S214005B206FF08602E9E76FF08902E6E700014005BC
S214005B302DE9F04F8FB09846DDF86CA004909346A0
S214005B400023B8F1000F16D0D8F800401029CDE990
S214005B500633CDE908330CBF082310230293002533
S214005B605D450AD3B8F1000F01D0C8F80040002008
S214005B700FB0BDE8F08F4446E8E75CB1199B1A9A6F
S214005B801B5D525D013453400AF8053004F00F04E3
S214005B900135E5E7FFF7F6FC4FF440434460036049
S214005BA0064627F0DFFE029A04990746304627F09D
S214005BB083FF06F1840318461899019327F02AFFFD
S214005BC03846ABEB050727F0D1FE27F00F0706F1A6
S214005BD0A0032F440593AAF11009BD4234D11A9BA5
S214005BE03B440AAD03F1100C186859682A4603C2F4
S214005BF0083363451546F7D10F2F0ED90AEB070376
S214005C0006AD103B0DF1280C2A4603CA6245186003
S214005C105960154603F10803F6D106F18003574490
S214005C200AEB0B0903934F4536D127F09BFE1899D4
S214005C300546019827F00BFF284627F097FE3046CA
S214005C40FFF7AAFC5D468BE727F08CFE224B0390FD
S214005C5033653369DA07FCD41A9B0598591927F07F
S214005C60D9FE0F2D0ED90DF1180C09EB05020DF11A
S214005C70280E634603CB7345106051609C4602F1C4
S214005C800802F6D106A906F1800027F0E0FE039888
S214005C9027F06CFE1035A0E774B927F063FE0E4BB4
S214005CA0336505463369DB07FCD40398199927F05A
S214005CB0CEFE284627F05AFE04F138030DEB030209
S214005CC0199B12F8102C1B5D0134534007F8013B5A
S214005CD004F00F04A7E700BF480503012DE9F74FBE
S214005CE0DDF848A0DDE90E74DDE9106883461D4640
S214005CF0894621B96FF0860003B0BDE8F08F002A10
S214005D00F8D00FB9002CF5D116B9B8F1000FF1D1C3
S214005D10BAF1000FEED02E4B9D4215D00BD82D4B6E
S214005D2025F4807199420FD003F580639D420BD015
S214005D306FF08500E0E7284B9D4205D025F4007102
S214005D40A3F580739942F2E7BBF80030B3F5105F15
S214005D50EED1BBF80230B2EBD30FE9D3802B02D0E2
S214005D60B3F5807FE4D124B3B7420AD23B199E42F2
S214005D7007D24445BED839462246304630F003F8AE
S214005D803746164BBBF802B09D424FEADB0BCFD12D
S214005D904445AFD814F00F05ACD173190093012217
S214005DA07B195946484628F025FB30B91035AC42D9
S214005DB0F3D8CAF8004000209EE74246002130464D
S214005DC02FF0FBFF0023CAF800306FF0920093E735
S214005DD00010C004004040040012C0040044400408
S214005DE02DE9F04F91B0DDE91A4ADDE91C56DDF8E1
S214005DF0789007469B46884629B96FF08608404645
S214005E0011B0BDE8F08F002AF7D014B9BAF1000F30
S214005E10F3D10DB9002EF0D1B9F1000FEDD0574BEC
S214005E209B4515D00BD8564B2BF4807199420FD05A
S214005E3003F580639B450BD06FF08508DFE7514B79
S214005E409B4505D02BF40071A3F580739942F2E7C9
S214005E503B88B3F5105FEFD17B88B2EBD30FEBD363
S214005E60802B02D0B3F5807FE6D1BAF1000F04D1C3
S214005E70C9F800A04FF00008C1E7AC420BD204EB13
S214005E800A039D4207D2B245B7D821465246284655
S214005E902FF079FF2C46394B7F889B454FEAD70772
S214005EA058D003F540739B4521D0374B9B45C3D153
S214005EB0B245A2D81AF00F0B9FD140463B4608AA1F
S214005EC0394628F0D1FA8046002898D105EB0B0316
S214005ED00093002204EB0B03394608A828F08AFA40
S214005EE0804670BB0BF1100BDA45EFD8C0E7AAF17D
S214005EF00D0AB2453FD801238DF810300DF111027E
S214005F00234604F10C0153F8040B42F8040B8B42B1
S214005F10F9D11B7813704FF48073ADF81E300D3432
S214005F2004ABCDE900334046CDE902450023524696
S214005F303946FFF7FDFDC9F800A0804600283FF46B
S214005F405EAF3246002128462FF037FF0023C9F8FF
S214005F50003054E7AAF1100AB2453FF64EAF04AA45
S214005F6004F1100C20686168134603C308346445C6
S214005F701A46F7D1D4E76FF0890840E70010C0044E
S214005F80004040040012C0040044400410B54FF422
S214005F902F72044600212FF010FF8023C4F88C30A7
S214005FA0054BC4F88430012384F8883004F19C0043
S214005FB0BDE8104027F050BBBCB4030010B5D0F8C5
S214005FC0A0400A4684B928F05AFC044610B90024BA
S214005FD0204610BD2D2896BF064B074953F82010C3
S214005FE0064828F093FDF3E7D0F8A4101046A04723
S214005FF0EDE700BF64B50300BFB403005CDB03003D
S214006000F8B590F88060044616B100263046F8BD14
S21400601028F066FA0028F8D1012384F8803094F836
S214006020883033B1D4F88410194884F8886028F092
S2140060306DFD4FF0FF37D4F8B402421C1CD0C4F8F4
S214006040B47210F0FF0520D0204628F046FA294604
S214006050204600F0AFFB0028EDD0204628F04BFA93
S21400606094F888306BB1D4F88410094828F04EFDB7
S214006070002384F8883004E028F02DFD431CE0D18E
S2140060800126002384F88030C0E70126D3E700BF4E
S2140060901AD80300F8B50B78302B04460D46164682
S2140060A004D14B7803F0DF03582B11D0284F6A1E1B
S2140060B012F8011F002935D128460A2226F0A8FA30
S2140060C0202C03460D4632D1B1FA81F040091BE080
S2140060D04A1C1F4912F8013F93B928462FF0DAFDF3
S2140060E01C4B2340032BA0F1020012D10134A41054
S2140060F084420AD1A87837288CBF0020012003E00C
S214006100CB5C13F04400E5D1F8BDCCBF01200020E5
S214006110FAE7002CB8BF0334B0EBA40FD4BF0120BD
S2140061200020F1E77B5C13F00400C1D1ECE726B158
S214006130084302D0013B61F100050122A240013A6A
S2140061401A40002D08BF9A420CBF01200020DBE752
S214006150591E040003000080F0B503787B2B01462F
S21400616017D10D4F06460224002216F8015F7D2D3A
S21400617005D10B5D6BB9D24302F0010008E07B5DF0
S21400618013F0440002D001320134EEE7202DFBD09C
S214006190F0BD0020FCE700BF591E040070B506469F
S2140061A00D462FF077FD0446304628F0AFFC044E2F
S2140061B0AC4200D370BD304628F0A8FC0134F7E7A7
S2140061C048CF03002DE9F84F044602216048FFF748
S2140061D0E5FF1E212068FFF7E1FF6368586828F096
S2140061E095FC5C4828F092FC67683B7BFD2B12D838
S2140061F0D7F80880DFF85891DFF8B4A1DFF870B15F
S21400620040462FF047FD0C3706464FF0FF3417F890
S214006210013BFF2B01D1BDE8F88F212B14D8212B91
S21400622014D8DFE803F0178C8884807C7874131306
S214006230131313131313706C6864605C58541313B1
S214006240131313131313504CFE2B34D006B1013422
S214006250414D02E006B10134404D02214846FFF7A9
S2140062609DFF1E214846FFF799FF504628F04EFC3A
S214006270594628462FF0C4FC3949002818BF29463D
S214006280384828F043FC3B78202B02D12B2028F0FE
S21400629031FC354828F03AFC4EB118F804301F2B74
S2140062A005D018F804001F2801D0B4424BDB29485B
S2140062B028F02CFCABE706B101342C4DCDE706B137
S2140062C001342B4DC9E7002EA1D001349FE706B15B
S2140062D00134284DC1E706B10134274DBDE706B1AC
S2140062E00134264DB9E706B10134254DB5E706B1B0
S2140062F00134244DB1E706B10134234DADE706B1B4
S2140063000134224DA9E706B10134214DA5E706B1B7
S2140063100134204DA1E706B101341F4D9DE706B1BB
S21400632001341E4D99E706B101341D4D95E706B1BF
S21400633001341C4D91E706B101341B4D8DE706B1C3
S21400634001341A4D89E728F0D5FB0134A9E700BFD0
S21400635093B603009BBA030029B6030023B60300D6
S2140063607AB603001AD80300D5C903002E700300BE
S21400637031B603003AB6030041B603004CB603003C
S21400638056B6030060B603004BB6030055B60300CE
S2140063905FB6030068B603006CB6030074B603006D
S2140063A01DB6030024B6030073B603001CB6030034
S2140063B014DC03002DE9F04F9BB005468B46009297
S2140063C004932FF067FC249F049B059000241C6018
S2140063D00AAA3C6009A9284628F0B9FB064658B91F
S2140063E00A982FF057FC049B1860D5F89C3003934E
S2140063F03446B146039B1BB920461BB0BDE8F08F60
S214006400039B9B680193002B69D02E4416F8013B32
S214006410202B12D000260C23019A734302EB030AAA
S214006420D3580293002B55D0DDF82480C84551DBA5
S2140064309AF808302BB1721C35E03B6801333B609C
S214006440E4E73B68D5F894200299D21A049B1A60B8
S2140064501AAB03EB890353F8403C069318462FF01B
S214006460F4FB07900028E6D102982FF013FCDAF828
S2140064700410079AD7F800A00346087BFE2816D11A
S21400648008F1FF38C8452ED00B6806980292019393
S2140064902FF000FC0AF10103029A0344E95C21B1E3
S2140064A03B6009F101091646B5E70133F6E7D5F872
S2140064B09420A2EB0A029A42BDDC584606932FF0BF
S2140064C0E9FB069B03447B2B1DD91F4A00995846BF
S2140064D027F0E9F8059A2B462A449A422AD1039BCC
S2140064E01B68039386E7D5F89420A2EB0A029A422B
S2140064F0E3DDD1F8008058F80C2B82B9059B3B6091
S214006500049B1A60E6E7029A0099584627F0CBF8F3
S2140065100E4A00995846013427F0C5F88BE70099D3
S214006520584627F0C0F8094A0099584627F0BBF8A5
S2140065300134E0E713F8011B0029CED14FF020010B
S21400654003F8011CC9E700BF7CB6030048CF030070
S2140065502DE9F04786B0DDE90EA800241C6006464B
S21400656089468AF800401168154888F800401746A2
S2140065701D468DF81740FCF7D7FC18B92B68013379
S2140065802B600124D6F89C60002036B914B1012394
S21400659088F8003006B0BDE8F087B06868B14B46B2
S2140065A0CDE902A8CDE900750DF11702002128F00B
S2140065B005F99DF81730002BE8D13668E5E700BFEF
S2140065C081B603002DE9F0430026ADF5457D04466F
S2140065D07C22314605A802AF04962FF0EEFB00970A
S2140065E003AB802204A92046FFF7E4FE01283ED133
S2140065F004A82FF04FFB03993B68A0EB01080B445F
S214006600234428EAE878054604A80144424618468A
S2140066102FF00DFB00F80860D4F89060039B3968F3
S214006620D4F890201944B14212DCD4F89410E81A39
S2140066300244C4F89020014404AAC4F89410D41864
S21400664025182B1B002B0DDC0DF5457DBDE8F083D2
S214006650A05C28F04FFAD4F890300133C4F890309C
S2140066600136DBE714F8010B28F044FAE9E7EBDD26
S21400667024AD8022314628462FF09FFB44AB4FF4D2
S2140066800072314618462FF098FB0DF110090346AC
S2140066904A464FF00108314612F8016B002E49D1E8
S2140066A004A843F828102FF0F5FA2946334619F8BF
S2140066B0016B0DF5887C5CF8042B824243D10133D4
S2140066C0984501F8016BF2DAD4F89060039BB34268
S2140066D042DC364A3648234604A928F017FA2846EC
S2140066E02FF0D8FA039B3F6806461F44F61AE019B7
S2140066F01D4426EAE67204F198031744984204EB18
S21400670007014ED204F1900399424AD96A1E8119B4
S2140067100B1A002B39DD12F8013F00F8013BD4F8C4
S21400672090300133C4F89030D4F894300133C4F874
S2140067309430EDE7202E01F1010104BF43F8281044
S21400674008F10108A8E70DF1100E7244D25CB242BF
S214006750B1D00022EA54B7E7D4F89030E05C28F0D5
S214006760C9F9D4F890300133C4F890300136ADE75B
S214006770D4F890200132C4F89020D4F89420013246
S214006780C4F89420013B002BF2DC0023E3552E4492
S214006790731B002B7FF758AF15F8010B28F0AAF9EA
S2140067A0F6E729462FF043FA3346ECE7BCB403007D
S2140067B086B603002DE9F843D0E9245604460F4672
S2140067C0002294F89830012B07D10A2F07D1002316
S2140067D084F898300020BDE8F88300F29F801B2FD5
S2140067E001D10223F4E70D2F0DD1012384F8983050
S2140067F00D2028F07FF90A2028F07CF90023C4E950
S21400680024330120E7E74FF00008082F84F898802B
S21400681034D1454530DDB5420FD1384628F06AF907
S214006820013D202028F066F9384628F063F904F880
S2140068300580013EC4E92456CCE7FBDA05F1FF39B2
S214006840384628F057F904EB0903A6EB090261194C
S21400685018462FF098FA04F806800146484828F0B3
S21400686055F9013E35464D4501DC4D46E2E7082028
S21400687028F040F9013DF6E7ACD0DBE77F2F1CD1CE
S214006880002EA7DDB542A5DA6319691C2144721BE8
S21400689018462FF078FA04F806800146394828F0A2
S2140068A035F90820013E28F025F9B542F9D1D4F88B
S2140068B09430013BC4F894308CE70A2F98D0092F07
S2140068C003D12046FFF77EFE84E7D4F88C30013BE8
S2140068D0B3427FF77FAFB54204EB050805F1010927
S2140068E00CDB88F80070D4F89430C4F8909001332C
S2140068F0C4F89430384628F0FDF86BE7721B414622
S21400690004EB09002FF03FFA404628F0FFF8082075
S214006910013E28F0EFF8B542F9DDE2E7022B06D19A
S2140069205B2F01D1032353E784F8982049E7032B14
S2140069307FF450AF413F84F89820032F3FF64AAFCC
S214006940DFE807F002070A160121204628F083F840
S21400695040E74FF0FF31F8E7B542BFF63BAF605D6A
S21400696028F0C8F8D4F890300133C4F8903031E7F6
S214006970002D7FF72FAF013DC4F890500820BAE7EE
S2140069808FB60300BACA03007FB5094B6A4603F107
S2140069901006154618685968144603C40833B342EF
S2140069A02246F7D12846FDF78FFF002004B070BDC1
S2140069B094B6030070B5184B86B001AA03F1100612
S2140069C0154618685968144603C40833B34222466D
S2140069D0F7D11B882380114BD3F8B420120316D5A9
S2140069E0A3F500434FF6FF721B88934208BF4FF48F
S2140069F0A5730B48ADF80A30FCF74CFA2846FDF7AD
S214006A001BFB3220FDF790F9002006B070BDD3F8CE
S214006A10B830C3F30803ECE7A4B603000081E00F28
S214006A2000F0490207B5084B18680190202301A81A
S214006A308DF80430FDF740FB3220FDF76FF900209B
S214006A4003B05DF804FB00BFB6B6030010B50C48F3
S214006A500C4C6FF00403A02113F0800F03F1010229
S214006A6007D12344332A83F800131346F4D10020B9
S214006A7010BD03F00F03043B034419761346EBE7FF
S214006A8000ED00E000E100E010B5044626F06AFFE5
S214006A90024B1C6026F06AFF002010BD682800200C
S214006AA010B526F05FFF034B1C6826F05FFF2046FC
S214006AB010BD00BF6828002038B50C4615460146B4
S214006AC010B9FFF7EDFF01462B46224603480AF0B1
S214006AD04BFA0028D4BF3720002038BDB7EC0200A0
S214006AE030B5144687B00546104628F016F9636997
S214006AF083423CBFD4E903315B181B1A02467BB1C4
S214006B000F4903910021CDE901310123049400933C
S214006B10D4E90013284626F0D5FE002007B030BD85
S214006B200122627694F82D20002AF6D084F83530BB
S214006B301321E36920469847636A20469847ECE7A6
S214006B40E16A00002DE9F04788B004460F46164675
S214006B50984626F012FF8146002E7BD0237E03F057
S214006B60FF02002B00F0A380204628F0D6F86569C7
S214006B70A84205D1637ED4E9033213445D1B01E0CD
S214006B80F9D9451BB54228BF354626F0F6FE94F8DF
S214006B902D308246002B6ED161692A4638462FF08A
S214006BA046F863692B4463612E4621E0037803F0C0
S214006BB0FD0111295CD1216B814205D1A3F11101A0
S214006BC04B424B4184F83430013E6369216B8B4263
S214006BD003F1010308BF23636361013295426069D4
S214006BE0E4D1D4E90323216B1344994200D12263F4
S214006BF0D4E903236169207A134499424FF00005D3
S214006C0008BF62616576FCF7FBFB204628F085F836
S214006C106369834232D194F82D302576E568656144
S214006C2003B12563636A20469847224B03930023EB
S214006C3004940293236901930123009363682168F7
S214006C40207A2A4626F03EFE207AFCF7F9FB5046CC
S214006C5026F099FE4846C8F8006026F094FED8F85C
S214006C600030002B0CBF1B20002008B0BDE8F087CA
S214006C7007F8013BA9E72E460022AFE7012323765B
S214006C80207A0DF11E01FCF743FC9DF81E30002B08
S214006C90DAD00DF11F01207AFCF712FC9DF81F10C8
S214006CA00029D1D1207A2246FFF71AFFCCE71646F4
S214006CB0D0E700BFE16A0000002807DB044A41096C
S214006CC0012300F01F00834042F82130704700BFC8
S214006CD000E100E0002808DB4309044900F01F003B
S214006CE001226033824041F82320704700E100E033
S214006CF070B504460568FFF7D3FE844202D1002033
S214006D00FFF7C2FE95F936603046FFF7E3FF002E28
S214006D100CDB7309194906F01F0620330122B24026
S214006D2041F82320BFF34F8FBFF36F8F95F937607D
S214006D303046FFF7CFFF002E0CDB73090F4906F035
S214006D401F0620330122B24041F82320BFF34F8FA5
S214006D50BFF36F8F287AFCF793FB287AFCF7F4FAD8
S214006D60FCF7D0FA0023C4E90033C4E90433A36077
S214006D702846AB6ABDE87040184700BF00E100E057
S214006D802DE9F0430C461546064687B04022002102
S214006D9020461F462FF011F8002395E803002A69C5
S214006DA02376EB68E360C4E904232A7D84F82C206C
S214006DB0AA7D2363012384F8343084F835300E9B93
S214006DC0236284E803000F9B6362109B84F82D20E7
S214006DD0E761A3622B7A84F836306B7A84F8373012
S214006DE02D4B73602D4BB3602D4B33612D4B3460B0
S214006DF073612D4BF360FCF7CDFA38B12B4B9842FC
S214006E0004D01024204607B0BDE8F083002104F12A
S214006E100800FCF747FA07460028F2D1244B3362F5
S214006E204FF00108234B84F83C80B361224BF3619A
S214006E309DF8483084F83B309DF8443084F83A306A
S214006E40697D84F8390084F83880204627F076FF7C
S214006E5095F909904846FFF73DFF4846FFF72CFF97
S214006E60164B0494CDE902732369CDE90083636869
S214006E70E2682168207A26F025FD04460028C0D165
S214006E8095F908502846FFF725FF2846FFF714FF18
S214006E903046FFF7F9FDB5E78DED0200456B0000C3
S214006EA009ED02000FED0200F16C0000038000F017
S214006EB0E3EC02003DED020015ED0200E16A000081
S214006EC02DE9F04186B01C46524B0C9D0293524B66
S214006ED001930126514B0093CDE90366504B904633
S214006EE00A462946FFF74CFF0746002856D1236876
S214006EF02B6463686B64637A85F84930237A85F877
S214006F004830E37A85F84B30A37A85F84A30637BBD
S214006F1085F84D30237B85F84C30E37B85F84F3081
S214006F20A37B85F84E303F483146FCF7C3FC3E480D
S214006F303146FCF7BFFC617A207A33460422FDF71F
S214006F4095FD33460222E17AA07AFDF78FFD606850
S214006F503146FCF7AFFC88F800704146206826F002
S214006F6045FE2268536F43F003035367936F617CBB
S214006F7023F4F85323F01F0343EA0123A17C0B43B9
S214006F8093670323536785F8507098F81920202AD2
S214006F9028D007D8E2B1102A38D02327384606B0C2
S214006FA0BDE8F081302AF8D185F85030022200235F
S214006FB0617B207BFDF75AFD2368E27CDA675A6E18
S214006FC042F004025A665A6F42F010025A6766B9D7
S214006FD02A6C2068D36C43F00403D364052126F0A2
S214006FE0FEFDDBE7022385F85030E17BA07B002323
S214006FF00422FDF73BFD2368217DDA6F42EA012279
S214007000DA675A6F42F020025A67E1E733463E4697
S214007010CAE700BFB9EE0200ADEE020045EF02007F
S21400702039EF02004041050000350A0007B501F0BF
S21400703019FB6A4601F07CFB18B10448522100F0A7
S214007040DDFADDE9000103B05DF804FBBAB6030023
S21400705008B501F03BFA18B102487A2100F0CEFAE2
S214007060002008BDBAB6030008B500F025FA0D4AA0
S214007070536A43F4E0235362EFF308830A4A043B5F
S2140070804FF0CD31934209D2084B01221A61FFF727
S214007090DFFFBDE808400648FEF750B943F804197C
S2140070A0F0E700BF00ED00E00000002000300E40DA
S2140070B0F4B3030007B504220DEB020100202BF009
S2140070C096FA042804D0054840F2671100F096FAB4
S2140070D0019800F0D9FB03B05DF804FBBAB60300D4
S2140070E010B50A0A41400748C9B2082301F0010456
S2140070F0490804B14140013B13F0FF03F6D181EA91
S214007100020010BD2083B8ED2DE9F843134C144E51
S214007110DFF85480134FDFF85490002523780BB91E
S214007120BDE8F88356F8043B22464146002027F087
S214007130CBFD227823460134002AFAD15B7853B17E
S21400714005F00303032B0CBF39464946002027F001
S214007150BBFD0135E2E73946F8E700BF32BC030065
S214007160001000209ABA030017B7030047F2030086
S2140071706B4B1B8840F6052293422DE9F0410ED852
S214007180B3F5206F0DD840F20252934218D040F269
S2140071900172934220D040F2015293420AD0BDE8D9
S2140071A0F081A3F602235F4C032B1ED8DFE803F022
S2140071B0376396B25C490020BDE8F04127F084BDF5
S2140071C05A49002027F080FD564B1A6C5849BDE8F6
S2140071D0F041002027F078BD524A5649BDE8F041FC
S2140071E0D2E92423002027F06FBD5349002027F062
S2140071F06BFD94F868309E0703D55049002027F0B1
S21400720063FD94F86B305D0603D54D49002027F0EA
S2140072105BFD94F96B30002BC1DA4A49CBE74A494B
S214007220002027F051FD94F86430980704D0226CB3
S2140072303F49002027F048FD94F96430002B04DA1B
S214007240226F4249002027F03FFD414FDFF80C81B6
S21400725000250126626E06FA05F3134207D057F89A
S214007260252013781BB14146002027F02DFD01355F
S214007270082DEFD193E73749002027F025FD2C494C
S214007280226C002027F020FD94F86530590703D5BE
S2140072903149002027F018FD94F96530002B04DAF8
S2140072A0226F2A49002027F00FFD294E2B4F082574
S2140072B0636EEB40DA0707D556F8252013781BB126
S2140072C03946002027F000FD0135102DF0D194F846
S2140072D0640000287FF463AF21496DE721491C4E06
S2140072E01E4F002027F0F0FC226C1149002027F0EA
S2140072F0EBFC1025636EEB40DB0707D556F8252020
S21400730013781BB13946002027F0DEFC01351A2D14
S214007310F0D144E71449002027F0D6FC226C55E74C
S214007320863D00200010002021B703005FB7030051
S21400733090B70300ABB70300C7B70300E0B703007E
S2140073401BB803004FB803008CB80300B2B80300A4
S2140073508CC30300D9B80300F1B80300D0B803000B
S21400736038B9030069B9030083B903002DE9F04F6B
S214007370424CD4E90D32D4E9121B580748BF002608
S214007380D4F83CA05DBFD4F850803D4EDFF81C9189
S214007390DFF81C915ABF8B469246B04613F0080F92
S2140073A0384B394A394918BF1A46B6EB080718BF92
S2140073B07D0885B01BBF642303FB0B553D46B5FB1C
S2140073C0F7F54B4618BFADB2CDE9016ACDF800809F
S2140073D00020BFB227F078FCCDE900972C492B4659
S2140073E01FFA8BF2002027F06FFCB24501D8C24589
S2140073F004D228494A46002027F066FCD4E9170341
S214007400184338D02449254FDFF8A880002027F0FD
S2140074105BFC00250126E26D06FA05F3134207D051
S21400742057F8252013781BB14146002027F04CFC66
S2140074300135202DEFD11A4FDFF878800025012680
S214007440226E06FA05F3134207D057F82520137864
S2140074501BB14146002027F037FC0135122DEFD135
S2140074601049002027F030FC0E49002005B0BDE88A
S214007470F04F27F029BC0C49F4E700BF00100020AD
S21400748000100020AAB90300B1B90300B9B903007F
S214007490EBB9030025BA030044BA0300C4C20300D4
S2140074A044C303009BBA030074BA0300A5B90300E3
S2140074B0D0E5030019D8030010B5FDF7C5FC044657
S2140074C0FDF7BCFCE30721D401221046114600FA62
S2140074D001F3234002F101021AD0214B33F8113098
S2140074E02049062B19D040F20722934212D14FF0C2
S2140074F000524FF20F00548884420BD110889842F5
S21400750008D14CF23C335380088010BD0021E4E7DC
S214007510112ADBD1134A138012E04FF000534FF2CA
S2140075200F025888904218D11B88B3F5406F28BFC9
S2140075304FF4C0630B804FF000534CF23C325A803D
S214007540084B1A8840F201739A4201BF064A074B5D
S214007550D2E90001C3E90001D7E74FF4C063E9E7C9
S21400756010BC0300863D0020901000206C280020F0
S214007570014B1888704700BF863D0020014B1888D5
S214007580000A7047863D0020044B05481B881A0AEF
S214007590B3F5406F38BF00EB82007047863D002091
S2140075A0E0BB0300044B1888044B020AC0B253F831
S2140075B0223003EB80007047863D0020B0BB0300FE
S2140075C010B5044626F0D5F94FF000534FF20F02DF
S2140075D01C805A80BFF35F8FBFF34F8F0549064B61
S2140075E0CA6802F4E0621343CB60BFF34F8F00BF5C
S2140075F0FDE700BF00ED00E00400FA0538B50446DC
S2140076000D462BF068FD08492B462246002027F041
S2140076105BFB27F039FD26F0ACF929462046BDE88D
S214007620384027F017BD00BF8ABA03006B4A6C4B80
S2140076302DE9F04155685D65516A996569496A4C5E
S214007640D1F80002D865D1F804121966916A596615
S214007650D16A9966116BD966516B1967D26B586BF4
S2140076605A67D3E90E1210F0040F18BF11465F4A8E
S2140076701A6500209142D8645DD301F12000A04233
S21400768059D888691864C5F30805CE695E64062D66
S21400769055D1574DA84252D3564DA8424FD20588D1
S2140076A04DF6426085424AD11868C3F89000586883
S2140076B0C3F8940040F20170A242154605D22E6827
S2140076C0B6F1CD3F02F10402F6D00022C3E91E2235
S2140076D0C3E92022C3E92222641BDFF814C1424D0D
S2140076E0DFF810E19C648D422CD8D3E91EC7D3E99D
S2140076F02065D3E922414FF0000E013AD2B2FF2AAC
S2140077003BD1BEF1000F05D0C3E91EC7C3E9206513
S214007710C3E92241B3F85430C3F30803DA1E0F2A34
S21400772052D8DFE802F03458414451515151514E7D
S2140077305151515151380021C3E910112B494FF4D2
S2140077402060B9E755F8044D6445CCD37445CAD2D9
S214007750E607C8D5284F002657F8048FA045C2D0A4
S2140077600136062EF8D132B1013AD2B202F11E0627
S21400777043F82640B7E70522F8E7E0464FF0010E4B
S214007780BC4637462E4625460C464146B5E740F6EB
S2140077900120BDE8F081194BDB6913F0020F40F2BF
S2140077A0025318BF1846F4E740F60320F1E740F20C
S2140077B0017240F60423B0F5206F14BF1046184639
S2140077C0E7E740F60520E4E7013B40F60722412BB9
S2140077D098BF1046DDE740F60220DAE700ED00E04D
S2140077E00010002000E100E0001000200000002053
S2140077F00C01000000620300741000200020054009
S21400780000F00CB800F00AB800F008B800F006B8AF
S21400781000F004B800F002B800F000B872B61EF02F
S214007820080F09D01EF0040F0DD0DFF850E0AEE8C8
S214007830FF1F6FF002000CE0DFF840E0AEE8FF1F2D
S2140078406FF00E0005E0DFF834E0AEE8FF1F6FF0E3
S21400785006006946EFF309828EE807008646084868
S214007860084C854501D3A54501D384F30888FFF766
S214007870DDFE84F30888FFF7A3FE0000001000205A
S214007880400000200010002083B24BF6EF62002B71
S21400789008BF1346044A000C13804FF6CE2308BFD9
S2140078A01846024B1880704722150020201500202D
S2140078B00B4BB3F900201888002AB8BF80F062008E
S2140078C042001A80074AB2F9001013880029BCBF8C
S2140078D083F4805383F00B0359001180584070479F
S2140078E0221500202015002008B501F00DF960B122
S2140078F00A4B0344072B0DD8072B0BD8DFE803F001
S2140079000C060A080A0A0A04C12008BDC320FCE7C0
S214007910C420FAE7C520F8E7C220F6E7FF1FFF0FEE
S214007920F0B551B1002807DA2D23B0F1004F1370DF
S21400793000D04042012100E0002100250E4F2C46D9
S21400794057F8046B002301E0801B6346864203F170
S214007950010CF9D913F0FF0300D125B14D1C3033CB
S2140079605354E9B201250134E4B2092CE8D1303091
S2140079705054481CC0B2F0BDFCC303002DE9F04FC4
S214007980002495B021468046164603A84422029459
S2140079909A462EF012FAA146274602AC25463178C2
S2140079A059B9641BE4B2224629460020C047002885
S2140079B040F08F803819C0B28CE0252918D0B9F174
S2140079C0000F19D104F8011B12AB9C42C0F0D38003
S2140079D0641BE4B2294622460020C0470146002820
S2140079E077D13C4448222846E7B22EF0E6F9C1E0BB
S2140079F0B9F1000F00D101363278622A47D021D87B
S214007A00252A3ED004D8002ACBD04FF00009DBE769
S214007A10392A15D82F2AF8D9717801F0DF015829AC
S214007A2040F0D880322A06F1010940F0C080204696
S214007A303AF8041B042227F02EFB04464E46E4E7E1
S214007A40582A15E0632A6BD0A2F1640C5FFA8CFC0E
S214007A50BCF1140FD9D8614B012101FA0CF010EAE1
S214007A60030940F08A8010F4104060D1BCF1140F76
S214007A70CBD120461AF8041B022227F00CFB044642
S214007A80C3E7214601F8022B62700C46BDE7DAF820
S214007A9000300193DAF8043000934FF000090DF13E
S214007AA0480B009B994502D10AF1080AADE7019BF5
S214007AB0204613F80910022227F0EDFA584504462E
S214007AC012D3441BE4B2294622460020C047014692
S214007AD018B1002015B0BDE8F08F482228462EF0D9
S214007AE06CF93C44E7B22C46009B5A1E4A4584BFBC
S214007AF0202204F8012B5C450FD3641BE4B2294610
S214007B0022460020C04701460028E2D148222846E7
S214007B102EF053F93C44E7B22C4609F10109C0E7C0
S214007B20534653F8042B04F8012B9A466DE7641B62
S214007B30E4B22246294648465AF804BBC047002805
S214007B40C7D13C44482249462846E4B22EF035F9CF
S214007B505FFA89F34F461BF8030009F10109002874
S214007B60F6D1FFB23A465946C0470028B1D13C4448
S214007B70E7B281462C46013611E76C2ADAF8000097
S214007B800AF104090FD17378752B01D0642B04D148
S214007B90B3F1750118BF012101362246FFF7C0FE7A
S214007BA0CA46044431E7752A08BF0021F5E7342A9F
S214007BB010D15646042256F804AB20464FEA1A4126
S214007BC027F069FA1FFA8AF1042227F064FAB2460F
S214007BD0044633E74FF00109F6E600BF0101020054
S214007BE008B5054813460A460021FFF7C7FEB0FA57
S214007BF080F0400908BD00BF8BF00200054B1A78E4
S214007C002AB95B78002B0CBF0320022070470120A6
S214007C10704700BF904E00200329F8B598BF134B5D
S214007C20054698BF5C5C0E4688BF0024032805D82E
S214007C30DFE800F002080B0E44F002040C4B1F684D
S214007C404FB9F8BD44F00804F8E744F02004F5E71F
S214007C5044F08004F2E77B681A68144203D05B683D
S214007C603146284698473F68EAE700BF20C403002D
S214007C70A028002038B5104D2B78ABB10F4C2378D8
S214007C801BB127F029FA00232370002027F025FADD
S214007C900B4C50B100F0DEFA002320782B70012147
S214007CA0FFF7BAFF0123237038BD064B01221A7076
S214007CB0054B22781A70F7E78C4E00208A4E00207B
S214007CC0924E00208D4E00208E4E002010B525F0DE
S214007CD049FE064B1B7804461BB1BDE8104025F054
S214007CE045BEFFF7C7FF2046F7E700BF894E0020D6
S214007CF0094A137830B101331370084B1B78012BF7
S214007D0003D87047013B13707047054B1B780BB9BF
S214007D10FFF7B0BF704700BF904E0020924E002085
S214007D208D4E002070B5144E25F01CFE33780546A7
S214007D30ABB900F0CBFB044620B1284625F016FE72
S214007D40204670BDAFF300800C4825F085FC00F09F
S214007D509BFE0B4B1C6000F09FFC0A4B186000F06B
S214007D60EFF927F0BCF9084B18600123284633705A
S214007D70002425F0FBFDE3E7934E0020A02800201A
S214007D80742800209C280020782800202DE9F8433D
S214007D90284A0138135C39B1274F39780133012955
S214007DA0135404D8BDE8F883013B1354FAE7FFF7F1
S214007DB025FF0128044635D8DFF8888025F0D2FD57
S214007DC098F80030054613B31C4E33781BB90122D1
S214007DD032701B4A1370DFF8709099F8003023B1A8
S214007DE027F07AF9002389F80030284625F0BEFDF2
S214007DF0012027F072F925F0B5FD337805461BB152
S214007E0000F028FA00233370002388F80030284654
S214007E1025F0ACFD38788442C4D02146FFF7FCFE3E
S214007E203C70BFE70329F5D10228F3D100F05EFAD3
S214007E30F0E700BF904E0020924E0020894E0020B2
S214007E408D4E00208C4E00208A4E002038B525F03E
S214007E5089FD094B1B78012B054604D825F086FDC5
S214007E600024204638BD054B1C6800F031FA044457
S214007E70284625F07BFDF4E7924E0020742800206B
S214007E8038B54160044625F06DFD21460546044898
S214007E9025F0E5FB2846BDE8384025F067BD00BF65
S214007EA0A0280020054B1B68584300F57420044B9F
S214007EB000F23F20B0FBF3F0704700BF9C28002084
S214007EC040420F002DE9FF47EFF3108772B6AFF37D
S214007ED0008025F06CFA002871D0714EDFF8E4813E
S214007EE0337823B10020FFF703FF00233370FFF73A
S214007EF085FE0446002869D0841EE4B2012C6CD9A5
S214007F00FFF77CFE0128674CDFF8BC91054600F2BF
S214007F108E802078A84205D099F80030002B00F01B
S214007F20B2802570207800F0BDF999F8003013B1C2
S214007F305D4B1B782370AFF3008007B962B6EFF392
S214007F40108772B6594B1A7852B100221A70564BE7
S214007F5020781B78984203D101212170FFF75CFE40
S214007F60534800F0EDFA25F036FA05460028B7D15A
S214007F70DFF8588198F80030A3B189F80000DFF8E0
S214007F80409199F800301BB127F0A6F889F8005008
S214007F90002027F0A2F8002879D000F05BF9002333
S214007FA088F80030337823B10020FFF7A1FE0023C5
S214007FB0337020780021FFF72FFE00232370AFF3E5
S214007FC0008007B962B604B0BDE8F0873378002BAE
S214007FD096D0FFF78DFE347092E703A9002000F0DC
S214007FE0FDFA044600288BD1D8F80030039A9A424E
S214007FF005D80120FFF77CFE0123337080E72D4B68
S2140080001D6800F065F9039B05449D42F1D200F01F
S21400801083F982000399264842F0020292B2CDE923
S21400802000422346244A491B27F05DF868E7DFF83C
S2140080309CA09AF80030CBB927F04BF82078854200
S21400804003D099F80030D3B125709AF80030002B91
S2140080507FF468AF194B1B7823B927F03CF8184B10
S21400806001221A7001238AF800305BE720788542E7
S2140080703FF458AF99F80030002B7FF452AF2946F2
S214008080FFF7CAFDE0E72946FFF7C6FD49E70120EE
S21400809000F008F907B962B6EFF3108772B677E713
S2140080A08B4E0020924E00208E4E0020874E0020E1
S2140080B07C28002074280020CD7C00008F4E0020F5
S2140080C08A4E0020782800208D4E00208C4E0020FE
S2140080D010B525F047FC054B00221C781A7025F0D9
S2140080E045FC00F0F1FB2043C0B210BD884E0020D6
S2140080F073B5114E3378834204460ED000230F4DDD
S214008100ADF8043058B101A8FCF720F91E20FFF79F
S214008110C9FE2B681B1A2B60347002B070BD022398
S21400812001A88DF80530FCF711F91E20FFF7BAFEFE
S2140081302B680344EFE700BF60150020A828002046
S21400814073B52D4C002501A8636A636A8DF8045048
S214008150FCF70AFA2846FFF7CBFFD4F8903003F076
S2140081600403AB42254B14BF01222A461A70D4F8EA
S2140081709030234CC3F30033237005D04FF41670B1
S214008180FFF790FE1F4B186023781F4DEBB11120B0
S214008190FBF7E2FC1849D1F80031C3F3042303FBD4
S2140081A0000292B14C6C194EC4F30B440023013408
S2140081B01946501E04EB8404E4FB060123F006FF78
S2140081C0FFF770FE2B6803442B60114B1B680120E1
S2140081D0C3F303239840C0F1010000EB8000643035
S2140081E0FFF760FE2B6803442B60034BD3F8902008
S2140081F0084B1A6002B070BD00400E40964E00203C
S214008200944E0020B0280020A828002040420F00EE
S21400821000200440A428002008B50B4B1B7893B11F
S214008220022000F003FC70B100F008FA58B10022FA
S21400823001210220FBF718FE26F0B4FF034B18605E
S214008240034B01221A7008BD964E0020AC28002071
S214008250954E002038B50E4C0E4D23782BB92B7852
S2140082601BB126F09FFF0C4B186025F0A5FC2B7861
S2140082706BB10A4AD2F890301B07FBD526F092FF66
S214008280054B1B68C01A064B18600023237038BDC8
S214008290954E0020964E0020AC28002000400E4050
S2140082A0B028002002280AD003280BD001280CD1C1
S2140082B0064A136923F00403136130BF7047002099
S2140082C0FCF756B80020FCF789B8704700ED00E0D0
S2140082D0044B1B680BB103EBD303034A1068184426
S2140082E0704700BFB0280020A8280020084B45F69D
S2140082F00E02D3F88011C3F88021064A126802F4F1
S214008300A0721A66CA0744BF0022C3F880217047CD
S21400831000400E40A4280020014B1878704700BF8C
S214008320964E002038B500F01FFB094C094B1A6822
S21400833023680025C31A2AB123B15169994203D391
S214008340C91A5161206038BD55615B1A9268F2E720
S214008350B8280020BC280020C38870B504460D4607
S2140083603BB9FFF773FD8542064602D226F0A5FE0E
S21400837035460E4965610B688BB90C60A3600DE04D
S214008380AD1A9A68656118466AB113465A69AA42D8
S214008390F6D930B18460521BA3605A6170BD0020CC
S2140083A0F4E70C60F7E79C60A260F7E7BC280020C3
S2140083B038B5134D2B685B6993B1124A14680220D6
S2140083C01C4400F005FB204600F0D4FA0E492A684B
S2140083D000230B70D088800709D501230B7038BDA9
S2140083E0022000F0F5FA022000F018FBEEE7926893
S2140083F0002AF4D050690344012BEBD9EFE700BF05
S214008400BC280020B8280020984E002070B51646DC
S2140084109DF814200271049A0260C0E90336002217
S214008420BDF81830826004460D46C380EEB900F0F1
S2140084309BFA2844A0619DB12E4625F093FA054686
S214008440FFF770FF31462046FFF786FF104B1B688C
S214008450A34201D1FFF7ACFF284625F087FA02E0D9
S214008460E36865617BB9002070BD00F07DFA30449A
S214008470A061002DE0D1E3686561002BDDD02168A6
S21400848020469847D9E7216820469847EBE700BF83
S214008490BC2800200C490B6800227BB183420AD11D
S2140084A083687AB1936083681BB15A6941690A444C
S2140084B05A61002070471A469B68EEE70028EFD006
S2140084C0022070470B60EEE7BC28002070B5154E02
S2140084D025F053FA34780546FCB9134B1C60134B51
S2140084E01C60134B1C8000F0FBF9012000F070FAB2
S2140084F000F0C4FA0F4B0246186020B9284625F053
S21400850042FA232070BD23460B4840F2E73123F0A1
S2140085105DFD0A4B186001233370284625F033FAB8
S2140085200020EFE7994E0020BC280020B828002045
S214008530883D0020C028002018FCFFFFB42800203B
S21400854070B5044640B325F00DFA144E0546FFF705
S214008550E9FE3068A04209D02046FFF79BFF04469C
S214008560B0B1284625F002FA204670BDFFF792FF0C
S21400857004460028F5D133683BB9022000F036FAED
S214008580284625F0F3F90024EEE7FFF711FFF7E79A
S2140085903368002BF4D1F0E72224E5E7BC2800205E
S2140085A038B50C460546A8B1A1B100230B7025F0DE
S2140085B0E4F9094B1B68012133B925F0E4F90020E2
S2140085C038BD9D4204D121702278002AF9D0F4E704
S2140085D09B68F1E72220F3E7BC280020F8B50646A2
S2140085E00F4625F0CAF9134B1B680446002523B92D
S2140085F0204625F0C8F91B2011E05A691544DA8890
S214008600B2420DD10C4E00F0AFF93368C01AA84242
S2140086100AD3002320463B6025F0B5F90020F8BDBC
S214008620FF2EEFD09B68E2E700F09EF933682B44FC
S2140086301B1AEFE7BC280020B828002008B5074B17
S214008640187848B126F0AEFD054B1B689B69C01A2A
S21400865002288CBF0020012008BD00BF984E0020D5
S214008660BC28002070B525F088F9064600F07CF995
S214008670084B1D8804460120ADB200F0D7F918B1AA
S21400868000F072F901350446304625F07CF92046A4
S214008690294670BD883D0020014B1868704700BF12
S2140086A0C0280020F8B50C4B1B68834205460E46D2
S2140086B00FD30A4B00241F6840F2E73021464FF4E0
S2140086C07A720023E5FB070123F080FC3060204629
S2140086D0F8BD2120FCE700BFB4280020C0280020F9
S2140086E0014B1868704700BFB42800200F4B1A686B
S2140086F010B59AB1531E4FF47A711342A0FB0101D4
S2140087000ED1B2FA82F2C2F11F04531CE040D243EB
S21400871001FA03F3184321FA02F20243104610BD91
S214008720002323F053FC0246F8E700BFC0280020D1
S21400873038B5154B8342154B8B41144621D3144B49
S2140087401A68F2B14FF47A75A0FB050305FB0131F8
S214008750531E134211D1B2FA82F2C2F11F05531C06
S21400876001FA03F3D243E84021FA02F21843104319
S214008770E940C4E90001002038BD002323F026FCB0
S214008780F7E72120F8E700BFEFA7C64B378941007F
S214008790C0280020C2072DE9F84304460BD5474AF7
S2140087A0138801339BB21380FFF7BCFD444B1B6854
S2140087B00BB1FFF7FDFDA3077DD525F0DEF80546D6
S2140087C0FFF7B0FD4FF000083D4F46463C680CB141
S2140087D063698BB13B4B0022012E1A7003D118F04F
S2140087E0020F18BF1E70002C61D0FFF7E1FD28466F
S2140087F0BDE8F84325F0C7B823465A693AB91A794E
S2140088002179914288BF1C469B68002BF5D12846EB
S21400881025F0B9F82569DDB100F0A6F8A269A0EB4D
S21400882002084FEAE873A84573F1000311DB2369D9
S2140088301344A361E368B4F80680013613B12168D7
S2140088402046984725F099F80546FFF76BFDBDE7EB
S214008850A84625F092F881462046FFF71BFE4846BC
S21400886025F091F82369002BE4D0A38BB5EB08051F
S21400887033B1E28B13449BB2B3F57A7F0FD2E38316
S21400888025F07BF8294680462046FFF765FDA3695C
S21400889022691344A361404625F075F8CAE7A3F59C
S2140088A07A73E383A369013B013DA361E8E70220F5
S2140088B000F09CF89BE7BDE8F88300BF883D0020E9
S2140088C0BC280020974E002010B525F056F8034B24
S2140088D01C7825F058F8204610BD00BF974E0020A3
S2140088E010B51D4B86B01868596803AA03C2197ADA
S2140088F0D3F8090011700190B3F80D201748DB7B00
S214008900ADF8082001218DF80A300024FAF7D2FFCE
S21400891003A88DF80C408DF81040FCF7E3FA01A987
S21400892001208DF80440FCF7BDFA0D4A536A23F483
S214008930FF6323F00703536240F2FF7313620120C4
S2140089409460FCF7C9FA074B4FF08042C3F88021C9
S2140089501A6006B010BD00BF24C40300A0091400AE
S2140089600020044000E100E0014B9868704700BF1B
S2140089700020044010B5044624F0F4FF124A936821
S214008980516D9269520704D4CA1A032A01D8994233
S2140089900DD1E21A022A98BFDC1C0B4BB4F1FF3F44
S2140089A038BF013C5C655A6A42F004025A6224F001
S2140089B0DDFF064A137833B103490B6D43F002031B
S2140089C00B650023137010BD0020044061150020C5
S2140089D08207054A00F00103516A48BF43F00403CA
S2140089E00B435362704700BF00200440820700F02C
S2140089F0010309D5074A0121117007490A6D22F0C3
S214008A00030243F004030A6503494A6A22EA0303A1
S214008A104B6270476115002000200440830742BF68
S214008A20014B0422DA61704700200440064B0128FF
S214008A309B6904D0022805D1C3F38000704703F079
S214008A4001007047002070470020044010B524F055
S214008A5094FF094A93690446590703F0010003F09E
S214008A60070348BF40F002001362FFF793FE20465C
S214008A70BDE8104024F087BF002004400148FBF703
S214008A806BB800BFA00914000A4BD3F8883003F077
S214008A900703013B012B10B50BD824F063FF01211F
S214008AA004460220FFF772F92046BDE8104024F085
S214008AB05DBF10BD00400E4020282DE9F34105465D
S214008AC004D82C46204602B0BDE8F0810B4E0C4F71
S214008AD0DFF8308000240023CDF8008038681A467E
S214008AE0194629F0EAFB8442EBD2212CE9D056F84D
S214008AF0043BAB42E6D00134EDE700BF24C70300D9
S214008B001C110020FFFF0F002DE9F04F644E654D4D
S214008B103168286889B009F059FB0446002827D038
S214008B2033689A69D3E900011268904733689B69F5
S214008B3004A89B68984733689B690220DB689847BF
S214008B400024326805985368B3FBF0F3E7B2BB42E3
S214008B50916904F101044DD8CB680020984733682A
S214008B609B695B6898473168286809F02FFB0446C4
S214008B70DFF84C914C4FDFF84C81DFF84CA1002613
S214008B80F4B94A4B28689B5D002B00F08380D7F829
S214008B9000B002AB03AA594609F05AFD504507D06B
S214008BA070B9039B012B0BD02868594609F094FD39
S214008BB0D9F8003028681A68594609F079FC044646
S214008BC00136212E09F1040907F1040708F101080E
S214008BD0D6D1374AB4FA84F35B0913702B681B7C32
S214008BE023B134484FF48B71FEF708FD204609B0D8
S214008BF0BDE8F08F12680B6907FB00209847A0E7D6
S214008C003B6803AA194402AB019109F021FD5045C7
S214008C10019903462ED028682BB30BF1010B009B5D
S214008C2028685FFA8BF19942EAD3234B9B5D002BB1
S214008C30C6D0DDF800B028685FFA8BF37E2BBFD86D
S214008C40396802AB594403AA009109F001FD50456A
S214008C50B6D00099286809F03FFD0BF1010B0446D9
S214008C600028E8D0ACE7039B7BB998F80020029B6D
S214008C709A42D2D098F80030D9F80020286809F037
S214008C807FFB0028C9D00446CFE7019109F024FDF8
S214008C900199EFE7094B9B5D0093A346BFE700BF32
S214008CA0FC1000201C11002024C7030001C703008D
S214008CB09A4E0020A8C70300E0C603009EC6030025
S214008CC034C40300BFC603000BE000F0F8B50D4641
S214008CD016461F46FFF7F0FE202804461CD8174B02
S214008CE01B780BB3164B1868164B53F82410164B0C
S214008CF01B5D3BB1324609F027FC0446A0B126F0C6
S214008D0075FA12E07F2D08BF00253B46324651FA21
S214008D1085F109F07FFBF0E7FF2808D981B23B46D2
S214008D20EAB2304626F0A5F900242046F8BD0748EA
S214008D304FF4A671FEF762FCF6E700BF9A4E0020DD
S214008D401C11002024C7030001C70300A8C70300A6
S214008D50F8B50D4616461F46FFF7AEFE2028044619
S214008D601CD8164B1B7803B3154B1868154B53F8D5
S214008D702410154B1B5D3BB1326809F099FB044685
S214008D8098B126F033FA11E07F2D08BF00253B4648
S214008D90324651FA85F109F0F3FAF0E7FF2807D9D1
S214008DA03A46314680B226F06DF900242046F8BDDA
S214008DB006484FF4C371FEF721FCF6E79A4E0020F2
S214008DC01C11002024C7030001C70300A8C7030026
S214008DD010B5FFF771FE0A4B1B7813B90024204626
S214008DE010BD084B53F82010074B0022186809F0F6
S214008DF0E9FB04460028F1D026F0F8F9EFE700BFBB
S214008E009A4E002024C703001C11002073B5164696
S214008E101D46002B73D04BF23463984210D1082DB8
S214008E2028BF082537492A4630462CF000FF364929
S214008E302A4630462CF097FF30B3002002B070BDB3
S214008E40C9B27F2980B208BF0021984218D17F227C
S214008E5041F202016846082326F00BF92A49082247
S214008E6068462CF080FF30B908237F2241F2F011CB
S214008E70684626F0FEF86B4603CB30607160DCE790
S214008E8041F2F01398421ED1204B701ED3F8F0101A
S214008E90D3F8F4202C1F2B46013B9C4200F8011F00
S214008EA04FEA11210CD1002CC7D00423D9B20729D0
S214008EB0F2544FEA1222C0D001339D42F6D1BCE7ED
S214008EC0002BE9D1B9E700F47043B3F5805F0AD10F
S214008ED0C0F30B0404F17E642A4605FB01413046CC
S214008EE02CF0A5FEA9E700F46043B3F5005FA4D11B
S214008EF0C0F30B0404F17E6404F58044ECE7212003
S214008F009CE700BF0200E00F6EC803000081E00F80
S214008F102DE9F8431646C20704460F4604D52A48EC
S214008F2040F2D311FEF76AFBF30704D526484FF448
S214008F30EA71FEF763FB04F47043B3F5805F24D157
S214008F40C4F30B04214A04F17E64731E2344934247
S214008F5015D82546DFF8709005EB0608A84529D1F8
S214008F6056B172083946204626F058F920B1164800
S214008F704FF40271FEF742FB0020BDE8F88312486A
S214008F8040F2D911FEF73AFBE3E704F46043B3F589
S214008F90005F06D1C4F30B0404F17E6404F580443C
S214008FA0D7E709484FF4F071FEF728FB6FF00F057E
S214008FB00024CFE715F8013BFF2BCFD04FF4F57117
S214008FC04846FEF71BFBC9E708C80300FF07E00F8B
S214008FD010B50446F9F746FF0B4BA0F57A729A4295
S214008FE010D84FF47A735C43B0FBF3F0074BB3FB37
S214008FF0F0F3B4FBF3F0032804D9BDE81040800872
S214009000F7F786B810BD00BFFFC99A3B40420F0075
S21400901010B512F047FC29F076FBBDE81040034679
S214009020024A0121022002F0F1BB00BF80C8030003
S21400903013B5D0E9023253F822301C7820462AF0C5
S214009040B8FC044A009023460121022002F0DEFB11
S21400905002B010BD94C80300014B187827F0E8BB97
S2140090609B4E00202DE9F04F8FB0FF2308A88DF807
S214009070133026F070FEB34A08AB0021022002F03F
S214009080C5FBB14A41F249030121022002F0BEFBB2
S21400909006A804F009FF08A90DF1130026F0E7FF63
S2140090A00220AA4A002102F0B1FB002027F0F2FBC2
S2140090B010B106A805F09CFD9DF92A30A44A00933D
S2140090C001219DF82B30022002F0A0FB2AF078FC4C
S2140090D0831EDBB2FC2B05462DD89E4A9E4E9F4F24
S2140090E0DFF8E0820121022002F090FB01242346F3
S2140090F032460021022002F089FB05A9E0B212F0F8
S214009100ADFA00F0FD02912A034600F0A780002881
S21400911040F0AA809DF9143001939DF81630009314
S2140091208F4A9DF815300121022002F06FFB0134B2
S214009130E3B29D42DBD8BDF8284026F058FF894AA6
S214009140009023460021022002F060FB0220864A9F
S214009150002102F05BFB002027F09CFB10B108A862
S21400916005F046FD814A0121022002F04FFB18F06F
S214009170EBFC044618F0E2FC23467D4A00900121F1
S214009180022002F043FB04F095FE7A4A00210220FA
S21400919002F03CFB9DF81330FF2B6BD0764A002183
S2140091A0022002F033FB714ADFF81C820121022004
S2140091B002F02CFB26F067FF704A034601210220CE
S2140091C002F024FB12F0E6F96D4A03460021022065
S2140091D002F01CFB26F05DFF044626F060FF694A9D
S2140091E0009023460121022002F010FB25F04CFFE0
S2140091F004F0ACFE644A03460121022002F006FB9E
S214009200002504F0A3FEECB2A04239D825F03CFFBE
S214009210012319465D4A5E4C022002F0F7FA002050
S21400922027F006FB5B4B00935B4A002301210220DC
S21400923002F0ECFA236863B11B78584A0121022039
S21400924002F0E4FA2368564A5B780121022002F015
S214009250DDFA27F0F3FA0FB0BDE8F08F3A460121A9
S214009260022002F0D3FA62E742460121022002F011
S214009270CDFA5CE74B4A0021022002F0C7FA92E7DB
S214009280494B4A4F03EB04162046D6F8089004F0E4
S214009290A7FF8246204604F05FFE00280CBFC346A8
S2140092A0BB46204604F09CFF06F076FC002808BF6C
S2140092B04746CDE900B73E4ADFF810B153460021D5
S2140092C0022002F0A3FAB3790293B388019373885D
S2140092D00093337B374A0121022002F097FA0026DA
S2140092E099F80430F4B2A34203D825F0CDFE013538
S2140092F087E7D9F8007014235C4307EB040A3A5B4F
S2140093009AF90C3000922C4A32EA230228BF5A46B9
S21400931013460220294A002102F078FA002027F09E
S214009320B9FA38B150463C5B26F0FDFE01462046B1
S21400933006F07EFC224A0121022002F067FA01367E
S214009340CEE700BFD5C80300E4C8030000C9030089
S2140093502CC9030007C903001DC9030041C9030047
S21400936024C9030058C9030078C90300B1CA030022
S21400937081C90300A3C90300CDCB0300AEC9030017
S214009380C2C90300D8C90300E7C903005ECA0300C8
S214009390AC2A002076CA03006ACA030084CA030007
S2140093A098CA030029B60300902A0020ACC8030020
S2140093B0F2C9030012CA0300C9C8030046CA030064
S2140093C093B603004CC90300B4C80300BDC803002D
S2140093D02DE9F743134EDFF85C80002504F0B6FD58
S2140093E0ECB2A04202D803B0BDE8F08327012046C5
S2140093F016F8079004F0B0FD0B4A002808BF424656
S2140094004B46002100920220084A02F0FFF9F05D68
S21400941026F04DFE064A0121022002F0F7F901353A
S214009420DCE700BF902A0020AAFA0300B3CA0300B4
S21400943093B60300B4FA030008B583685A68117837
S214009440C26853F82230A1F16502514251411878A2
S21400945004F0B0FF30B9BDE80840034A01210220FD
S21400946002F0D4B908BD00BFBECA0300024A0021FC
S214009470022002F0CBB900BFD8CA0300024A00217E
S214009480022002F0C3B900BF06CB030010B586B0B9
S21400949004461822002168462CF08FFC684627F008
S2140094A066F9D4E9022052F8203002EB80021B78DD
S2140094B08DF80B30516891F900108DF80A109168FC
S2140094C00988ADF808106168091A032907DDD26813
S2140094D0127803F01F0343EA42138DF80B306846F8
S2140094E004F004FA034A03460021022002F08EF933
S2140094F006B010BD22CB030007B52AF0D8FD054BF9
S2140095000090054A0021022002F080F903B05DF8C1
S21400951004FB00BF4B6F03002FCB030007B5D0E959
S214009520023253F8221003EB820308785B6819684E
S214009530094B002908BF1946003818BF0120A2228F
S21400954014F0E0F9054B0090054A0121042002F0D2
S2140095505DF903B05DF804FB00F8FF0759EF030060
S2140095603ACB030013B5D0E9023203EB820153F87D
S2140095702230D1E90114187822780968003818BF1B
S21400958001202AF011FD044B0090044A012104201A
S21400959002F03CF902B010BD44CB030059CB0300E7
S2140095A008B50D4A0123002127F059FB0A4827F089
S2140095B001F90020094905F0A9FB002027F06AF907
S2140095C010B1054805F014FBBDE80840044A012127
S2140095D0042002F01BB900BF844F002061CB0300BB
S2140095E093B6030010B526F060FD034630B1BDE823
S2140095F01040064A0121042002F008B9BDE81040D8
S214009600034A0121042002F001B900BF6FCB03001A
S21400961080CB030010B527F0CFF8BDE81040034616
S214009620024A0121022002F0F1B800BF8BCB0300F2
S21400963010B527F092F8BDE810400346024A012113
S214009640022002F0E3B800BFA1CB030037B5D0E993
S214009650023253F822301D78012404FA05F1002363
S214009660FE224FF6FF701DF01BFA044A00902B46B0
S2140096702146042002F0CAF803B030BDB5CB030083
S214009680D0E9023253F822301B7823B1034A012175
S214009690022002F0BBB8024A13707047D4CB030016
S2140096A09B4E002007B5684604F0FEFB26F09FFCA4
S2140096B0094A03460121022002F0A8F8684605F090
S2140096C097FA26F096FC054A03460121022002F08E
S2140096D09DF803B05DF804FBEACB030004CC03005E
S2140096E037B5D0E90245406854F8253004EB8504C8
S2140096F0401B032819786368C8BFE0681A78A36817
S214009700C8BF007893F90030D8BF00200090012031
S2140097102AF00AF938B9094A0121022003B0BDE847
S214009720304002F073B8064B01900093054A064B92
S2140097300121022002F06AF803B030BD15CC030008
S2140097401DCC030031CC0300FF71030007B50120D8
S2140097502AF0ECF848B90090094B0A4A0121022089
S21400976002F054F803B05DF804FB054B019000933B
S214009770054A064B0121022002F048F8F2E700BF36
S2140097801DCC030048CC030031CC03000F7203004D
S21400979008B5D0E9023253F82230187815F090FD5B
S2140097A030B9044ABDE808400121042002F02EB872
S2140097B0014AF7E75DCC030079CC030008B5D0E991
S2140097C0023253F82230188815F074FD30B9044A76
S2140097D0BDE808400121042002F018B8014AF7E766
S2140097E098CC0300C8CC030073B5037813F0050FBC
S2140097F004460ED04588062D17D18368184A5B6844
S2140098001B780193838800930121164B042001F0F6
S214009810FDFF2378012B20D0124B134A0121042090
S21400982002B0BDE8704001F0F1BF35B983880F4A39
S2140098300121042001F0EAFFEBE7012DE9D186685B
S2140098400B49002005F062FA304605F0D1F9094AC6
S2140098502946042001F0DAFFDBE702B070BD00BF46
S214009860FECC0300F5CC030050CD03001BCD030057
S21400987038CD030093B603002DE9F04F374DDFF8DF
S214009880F8900FCD8FB009AC0FC42B68344A236014
S2140098900121022001F0BAFF0026344626F0F7FB2D
S2140098A0F5B2A8420BD826F0F2FB2E4A00902346CB
S2140098B00121022001F0AAFF0FB0BDE8F08F05A934
S2140098C028462BF0BAFA0346002841D19DF81430FA
S2140098D0032B39D904238DF81430234A2B46002154
S2140098E0022001F093FF9DF814300EAA02EB8303CA
S2140098F0002153F8143C4A46022001F087FF284610
S2140099009DF821A09DF815B09DF81870BDF816803A
S2140099101CF02EF9CDE900B7CDE90280134A0220EB
S2140099205346002101F072FF01340020E4B226F015
S214009930B1FF18B10DF1190005F05AF90C4A0021D3
S214009940022001F063FF01E0002BC6D10136A5E737
S214009950084A0021022001F059FFF7E7DCCE030099
S21400996062CD0300D4CD03001FC903008FCD0300D2
S2140099709BBA0300B6CD03001AD80300C3688268FA
S214009980013BDBB2022052F823301B78652B064BD6
S2140099900BBF064A002201211A701ABF0121044A91
S2140099A0197001F033BF00BF83150020EBCD030014
S2140099B0F9CD0300D0E9023253F822301A88014B61
S2140099C01A8070472415002007B5D0E9023103EB52
S2140099D0810253F82130526819880548054B1288D1
S2140099E000930088012305F011FE03B05DF804FB28
S2140099F024150020E9970000C3688268013BDBB2AB
S214009A0052F823305B78A3F1660253425341014A71
S214009A10137070478615002030B5D0E9023253F82F
S214009A20223089B01D780123194602AA044627F081
S214009A3016F90123009310230DEB030220460221A2
S214009A4027F0EEF804AA02A9284627F05DFD0028B4
S214009A504FF0000014BFB324002426F01BFF18B1FB
S214009A600548214603F024FF044A0121042001F0A2
S214009A70CDFE09B030BD00BF08CE030093B603008C
S214009A8070B58EB00026122309AA0221009605465C
S214009A9027F0C6F805AA014609A803F001FD04460A
S214009AA098B1BD2805D1154A0121042001F0AEFE6B
S214009AB009E0022801D1124AF6E70346114A0121BD
S214009AC0042001F0A3FE0EB070BD0123194603AAC0
S214009AD0284627F0C4F8224605A903A827F02CFD3F
S214009AE00028304618BF182426F0D4FE18B10648C1
S214009AF0214603F0DDFE054AD6E700BF15CE03007B
S214009B0038CE030073CE030092CE030093B6030054
S214009B10D0E90232F0B553F8221003EB820387B087
S214009B209B680E781F780546384626F093FE044656
S214009B3008BBD5E90221012319448DF8083052F8F4
S214009B40210002EB810200888DF809709268ADF85A
S214009B500A0012788DF80C2004210DF10D0228461B
S214009B6027F07DF802A930468DF815401CF04EF817
S214009B70044626F063FE044A00943346012104207E
S214009B8001F044FE07B0F0BDA7CE03002DE9F0417A
S214009B90284A294E294FDFF8B4808EB001210220D2
S214009BA001F034FE05AB01AA09A9002027F007FE44
S214009BB0002504461CB128460EB0BDE8F081022000
S214009BC02B463246214601F021FE204626F062FE54
S214009BD010B10AA805F00CF89DF830303A4600217E
S214009BE0022001F013FE079B42460021022001F0EE
S214009BF00DFEBDF82030124A0021022001F006FEBC
S214009C00BDF814300F4A0021022001F0FFFD013597
S214009C1001A826F03AFEEDB20B4A0121022001F01F
S214009C20F5FD05AB01AA09A9284627F0C8FD04469C
S214009C30C0E700BFF0CE030036CF03003ECF0300E0
S214009C400ECC030053CF030093B603004ACF0300A5
S214009C502DE9F04F064699B0C0B926F016FA074629
S214009C600EA827F0C3F9404ADFF80481DFF8049114
S214009C70DFF804A10121022001F0C8FD00252C46D2
S214009C80BC4205D3284619B0BDE8F08F0127E7E7A8
S214009C9013A827F0ABF9002E4BD04FF0020B06A905
S214009CA013A88DF84CB027F008FC0446002859D1BC
S214009CB002A913A827F0EEFC9DF859302B4A43F072
S214009CC00103214658468DF8593001F09FFDFE24C9
S214009CD09DF859300AA943F0010313A88DF85930AE
S214009CE027F0D8FC002026F0D5FD10B114A804F00B
S214009CF07FFF0C9B42460021022001F087FDBDF845
S214009D00282012F4007F14BF41234C2312F0100FBA
S214009D100CBF6E227922009200214A46022001F0F2
S214009D2075FD06A826F0B1FD0135EDB20134E4B2AA
S214009D30A6E70AAB06AA13A9204627F0CEFC002801
S214009D40F4D102A913A827F0A5FC9DF8593043F0DA
S214009D5001038DF85930524623463146022001F061
S214009D6055FDB5E7FE24E1E75DCF030092CF030083
S214009D704ACF030099CF030036CF030030B599B021
S214009D800EA827F033F9012413A88DF8384018F0F0
S214009D90F9FCC0B9BDF84C1011EA040513D1454AC8
S214009DA02146022001F032FD434A2946022001F0F6
S214009DB02DFD404A2146022001F028FD3D4A21465D
S214009DC0022001F023FD06A90EA827F076FB20B19D
S214009DD01022FF2106A82BF0F0FF04A827F01CFB9A
S214009DE0059B364A00930121354B022001F00EFDFB
S214009DF09DF81230334A00930121314B022001F0C6
S214009E0005FD2F4B304A0021022001F0FFFC06A87A
S214009E1026F03BFD13A827F0E9F802230AA913A8A9
S214009E208DF84C3027F036FC00283FD10B9B009372
S214009E30264A274B0121022001F0E8FC244B254A44
S214009E400121022001F0E2FC0120FFF701FF204B78
S214009E50214A0121022001F0D9FC0020FFF7F8FE7C
S214009E60044626F012F9234600901C4A01210220DF
S214009E7001F0CCFC1A4B184A0121022001F0C6FC66
S214009E80FFF784FE1749184A02280346174828BFDA
S214009E900A460849009228BF0146CDE90131144A16
S214009EA00121022001F0B2FC19B030BD4FF0FF33A3
S214009EB0BDE700BF93B60300ACCF0300EACF0300B4
S214009EC0E2CF0300FACF03000BD0030010D003004C
S214009ED0E2E5030020D0030027D0030030D00300C3
S214009EE044D00300A8CF0300807403001BD80300EF
S214009EF052D00300D0E9023210B553F822301C7855
S214009F00201E18BF012014F08DFB054A054B06499C
S214009F10002C18BF1A460020BDE8104004F0DCBE36
S214009F207FD003007AD0030088D00300D0E9023245
S214009F3053F8223003491A88034B00201A8004F095
S214009F40CBBE00BFC9D003003E150020D0E90232C8
S214009F5053F822100878044903EB820308705B6804
S214009F601A78024B1A7070479A4F0020994F0020BB
S214009F7037B5044611F00EFB014638B10D4A0E49BE
S214009F80002003B0BDE8304004F0A6BEE368A26837
S214009F900A48013BDBB252F82330094A1D780123F8
S214009FA000936C2D08BF02461023204626F038FE8C
S214009FB003B030BD17D103001FD103007215002077
S214009FC06215002013B583689A681278672A22D132
S214009FD001A818F0D7FB0446A8B9BDF80420174915
S214009FE004F07AFEBDF80430DA070AD413F0020F44
S214009FF0134B144A18BF1A461349002004F06CFE8F
S21400A00019E0124AF8E702461149002004F064FEFF
S21400A01010492246F1E7C26853F8220003EB820398
S21400A02000685B6801A91B68ADF8043018F07AFB7D
S21400A03004460028ECD102B010BD00BF57D1030083
S21400A0404AD1030035D1030070D103003AD1030092
S21400A05082D10300AED10300034A04491388C854D2
S21400A06001331380704700BF983D0020A14E0020AA
S21400A07073B5164D164E2B78164A13F0040F4FF094
S21400A08001040CBF02230423147032880192EB5C97
S21400A0900093114B114A5B882146022001F0B6FB63
S21400A0A00F4A0021022001F0B1FB0E4B00933288CC
S21400A0B029462346022001F0F3FB0B4A21460220E4
S21400A0C002B0BDE8704001F0A1BB00BFA14E002069
S21400A0D0983D0020A04E00208A3D0020BDD1030000
S21400A0E0E2D1030004D2030093B60300134B70B50D
S21400A0F016464FF48A52DA805980114B114D1B8850
S21400A1001A1E18BF012240EA82000F4A1278003A4F
S21400A11018BF012240EA0210287063B16B701B0A58
S21400A120AB70032405F0A4FD631C2855EE54074BC2
S21400A13002341C8070BD0124F4E700BF8A3D002075
S21400A140963D0020A14E00209F4E0020983D002006
S21400A15038B5D1E9023253F822300C4619880D4B37
S21400A160024605461878FFF7C1FFE368A268013388
S21400A17052F82330188825F0C5F84DB1E368A26878
S21400A180023352F823301878BDE83840FFF764BF32
S21400A19038BD00BF9C4E0020F0B5054685B0EB6884
S21400A1A0AA68264E264F0233084652F823301C78FB
S21400A1B02946FFF7CDFF204625F0A1FF78B32046BD
S21400A1C025F0A9FF03AA441C0321284624F08AF997
S21400A1D032880399E4B2C2F152031B1B9BB28B4236
S21400A1E022443CBFC2F15203039301230321009390
S21400A1F03A449DF80C30284626F012FD039A338820
S21400A200022C08BF0F48FA5404BF110AC154134465
S21400A2101C44348005B0BDE8F040FFF729BF204657
S21400A22003F050FE328801230093044603463A4466
S21400A2300321284626F0F4FC3388E9E7983D002001
S21400A240A14E0020A24E002007B505230093054A24
S21400A250054B0121022001F0D9FA03B05DF804EBAA
S21400A260FFF78CBDF2D10300EBD1030013B5044613
S21400A27027F029FB38B1CDE90040044B044A012100
S21400A280022001F0C3FA02B010BD00BF17D10300D0
S21400A29009D20300194B1B7837B53BB9184A012180
S21400A2A0022003B0BDE8304001F0B0BAD0E9023277
S21400A2B053F82230134C1D7863880093124A2B46BD
S21400A2C00121022001F0A2FA104B25711B78104DD7
S21400A2D063B1104A0121022001F098FA0E4A29883B
S21400A2E0204603B0BDE8304025F07EBC0A4A2988E7
S21400A2F0204603B0BDE8304025F02ABDA04E002021
S21400A30020D203008A3D00202ED203009D4E00205E
S21400A310983D002045D20300A14E0020D0E902322D
S21400A32053F8221003EB8203F0B55A680C781688AF
S21400A3309A68DB6817881D78344A354B87B0CDE9B4
S21400A340016700940021022001F060FA8DB37923A2
S21400A350304A0121022001F059FA40230DF1130280
S21400A360029205AD04220192204600953A463146F7
S21400A37026F01DF9044600283FD19DF8130025F06D
S21400A380C4FE0646E8B1284626F042FA0228224BCA
S21400A3900093A8BF0220234682B20DF115010220C9
S21400A3A001F07EFA1D4A0121022001F02FFA07B0C3
S21400A3B0F0BD6E23174A0121022001F027FA802300
S21400A3C0CCE79DF8130025F0A6FE60B1284626F0DF
S21400A3D024FA0228104B0093A8BF0220334682B20C
S21400A3E00DF11601DBE79DF8130003F06BFD0C4B37
S21400A3F00093024601232946D1E70090094B0A4AFA
S21400A4000121022001F002FAD1E700BF5FD203006B
S21400A4107EE6030084D203008BD2030093B60300CB
S21400A42004D20300AFD903008ED20300D0E9023273
S21400A43053F8221003EB82032DE9F04F5A680F7889
S21400A440B2F800809A68B2F80090DA681B6992F851
S21400A45000A01D782F4A304B89B00021CDE9018934
S21400A46004460097022001F0D1F9BAF1000F14BF9C
S21400A47079236E23294A00950121022001F0C6F9AE
S21400A48000232846079325F040FE0DF11C0B0646D8
S21400A49010B3002300930DF11D0202230521204670
S21400A4A026F0BEFB8DF81C00BAF1000F0CBF80230F
S21400A4B040234A464146CDE900B5384626F044F8E2
S21400A4C00146154803F0F4F9154A0121022001F06F
S21400A4D09DF909B0BDE8F08F284625F01CFE60B156
S21400A4E0009602230DF11E020521204626F098FB59
S21400A4F08DF81D608DF81C00D6E70590284603F001
S21400A500E1FC059A009203465A460521204626F0AD
S21400A51087FBC9E75FD2030071E603009FD2030002
S21400A52093B603002DE9FF475F681C46DB680025ED
S21400A530FF1A0395FFF7DAFDFFB2A846EBB29F427B
S21400A54045D90C9B13F80830A3F12102D1B2072994
S21400A55025D9A3F1310013280BD8DFE800F0515AB3
S21400A560637D383838380A0A0A0A0A0A0A0A0A0AC2
S21400A570AA9008F10108142B5FFA88F825D833B39F
S21400A580013B132B23D8DFE803F03B444D27222260
S21400A590222222222222222222223B444D67232AE2
S21400A5A015D8DFE802F02D363F19141414141414CD
S21400A5B01414141414142D363F59141414141414AB
S21400A5C0141414141414866C866C2329E7D9FFF728
S21400A5D04FFD04B0BDE8F087E368A2682B444FF057
S21400A5E0040952F823301E68F0B209F1FF39FFF76C
S21400A5F033FD19F0FF094FEA1626F5D101359DE720
S21400A600E368A2682B4452F823301878FFF724FD3D
S21400A610F4E7E368A2682B4452F82330188824F045
S21400A62071FEEBE7E368A2682B4452F823301E68FD
S21400A630B6F1807F09D2F0B2FFF70EFDC6F3072011
S21400A640FFF70AFDC6F30740E0E7274A2B4601213D
S21400A650082001F0DBF8BAE7E368A2682B444FF065
S21400A660040952F823301E68F0B209F1FF39FFF7EB
S21400A670F3FC19F0FF094FEA1626F5D1BEE71B4E8C
S21400A68003AA2946204623F02DFF3388184ADDF812
S21400A6900C90002102EB030CCAB2914501F10101B6
S21400A6A002D84B443380A9E710F802A00CF802A0A9
S21400A6B0F2E70E4EDFF838A03288C2F151039BB2A3
S21400A6C0FF2B28BFFF23002101320091DBB252444A
S21400A6D069B2204626F080FA33880AF80300013370
S21400A6E0184430808AE700BFB8D20300983D0020A7
S21400A6F0A14E0020094B1B7823B1094A01210820EE
S21400A70001F084B8D0E9023253F82230054A1B889B
S21400A71013800121044A082001F078B8A04E0020DA
S21400A720DED20300963D002020D30300D0E902329B
S21400A73053F82230054A1B78003B18BF01231370DC
S21400A7400121034A082001F061B800BF9E4E002098
S21400A75046D30300D0E9023253F82230034A1B786E
S21400A76013700121024A082001F050B89F4E0020C5
S21400A77075D30300D0E9023210B553F82230198899
S21400A7800C4B044613221878FFF7B0FCE368A26867
S21400A790013352F823301878FFF75EFCE368A268AE
S21400A7A0023352F823301878FFF756FCBDE8104005
S21400A7B0FFF75EBC9C4E0020D0E9023210B553F87D
S21400A7C0223019880C4B044611221878FFF78EFCAD
S21400A7D0E368A268013352F823301878FFF73CFC90
S21400A7E0E368A268023352F823301878FFF734FC87
S21400A7F0BDE81040FFF73CBC9C4E0020D0E902327A
S21400A80053F82230034A1B78003B18BF0123DB00B5
S21400A810137070479C4E0020D0E9023210B553F8F2
S21400A820223019880E4B044606221878FFF75EFC85
S21400A8300120FFF711FCE368A268034452F82330B6
S21400A840188824F05FFDE368A268023352F82330CC
S21400A850188824F057FDBDE81040FFF709BC00BF7C
S21400A8609C4E0020D0E9023201322DE9F04153F827
S21400A870221003EB820386B05A680D8817889A6800
S21400A88053F8043C14781878002C0DF113034FF09D
S21400A890020805AE0293CDF804800CBF8023402347
S21400A8A000963A46294625F082FE034638B1194AF4
S21400A8B00121082000F0AAFF06B0BDE8F081201EA6
S21400A8C018BF01200A222946C000FFF70FFC3846B1
S21400A8D024F018FD9DF81300FFF7BEFB9DF813004B
S21400A8E04246314625F0E6FB044628B10A4F3D882D
S21400A8F0C5F15203984202DD084A2346D8E70246CD
S21400A90007483146284425442BF091F93D80FFF74F
S21400A910AFFBD1E7ABD30300983D0020C7D30300BD
S21400A920A14E0020D0E9023210B553F82230198823
S21400A9300C4B044608221878FFF7D8FBE368A26899
S21400A940023352F823301878FFF786FBE368A268D4
S21400A950013352F82330188824F0D4FCBDE81040A8
S21400A960FFF786BB9C4E0020D0E90232023273B558
S21400A97053F8221003EB82030C7853F8042C53F898
S21400A980083C16881988234B054606221878FFF7D8
S21400A990ADFB0020FFF760FB304624F0B3FC2046FA
S21400A9A0FFF75AFBEB68AA68033352F8233018887F
S21400A9B024F0A8FCEB68AA68043352F82330188801
S21400A9C024F0A0FC204605F03DFBE8B9204603F045
S21400A9D079FA05210446019001AA284623F082FD53
S21400A9E0019B9C42014606D0224631460A4806F0A4
S21400A9F085FA02B070BD094D09482E8822463044BB
S21400AA0034442BF0C0F92C8002B0BDE87040FFF74C
S21400AA102FBB00BF9C4E0020F3D30300983D0020C0
S21400AA20A14E0020D0E9023273B553F82230114D02
S21400AA301A88114B4FF48A51D9805A80002300930C
S21400AA402A465223012126F0EBF82B7813F0040F48
S21400AA500A4B1B7804460CBF0126032613B105F0EB
S21400AA6007F9A855064B1C8002B0BDE87040FFF7FA
S21400AA70FFBA00BFA14E00208A3D00209E4E002057
S21400AA80983D0020D0E9023253F82230034A1B7862
S21400AA90003B18BF01231370704700BF9D4E002077
S21400AAA010B50C4608B904F08FF8024B18715C71AB
S21400AAB010BD00BF8A3D00202DE9F341D0E90253C6
S21400AAC0024655F8231052680C882A4E05EB83017F
S21400AAD0D21A013BDBB2022A4868C8BF8A6855F81A
S21400AAE0238033780078CCBF1178FF213BB9224A07
S21400AAF00121022002B0BDE8F04100F087BEFFF75A
S21400AB00CFFF1E4F1E4D25F072FA3B88009301467C
S21400AB102B461C48224625F035FEB0B998F804307E
S21400AB203A885F2B14D117492B46204625F055F856
S21400AB3028B10346144A0121022000F067FE134A9A
S21400AB4000231380124A3370137002B0BDE8F08100
S21400AB504FF6FB739C4205D90A492B46204625F042
S21400AB608EF8E5E713460095064A214625F0B1F82B
S21400AB70DEE700BFA04E00203ED40300983D002034
S21400AB80A14E00208A3D002045D40300963D0020BB
S21400AB909F4E002010B5002204460A211046FFF7FB
S21400ABA0A5FA002024F0AEFB044B01221A70FFF732
S21400ABB05FFA2046BDE81040FFF77EBF824F0020B8
S21400ABC038B51C4615460123224626F048F828B913
S21400ABD02146284610F088FE044610B90024204678
S21400ABE038BD034A0121042000F010FEF7E700BF3D
S21400ABF06CD403002DE9F04315461F46D0E9022326
S21400AC000C4652F8231002EB83020E88936893F8E2
S21400AC100080D3688BB0B3F80090324606AB0121B3
S21400AC20FFF7CEFFF0B90DF1200CF4B12A8801230E
S21400AC304021CDE90471CDE902C2CDE9009306AA10
S21400AC4043462221304626F041F80B4B0B4A009330
S21400AC500B4B0190002C08BF13460121094A042023
S21400AC6000F0D4FD0BB0BDE8F08328686968624642
S21400AC7003C203232246DBE7C9D40300B0D4030093
S21400AC80AAD40300B8D4030007B501236A460021FE
S21400AC9025F0E5FF0349684604F034FD03B05DF88F
S21400ACA004FB00BFE9970000D0E9023253F82230D7
S21400ACB00149188804F0F8BCE9970000D0E9023290
S21400ACC010B503EB820153F82230496818880978DA
S21400ACD04FF48A5225F0EAFFBDE810400346024AC8
S21400ACE00121042000F092BDD3D40300D0E9023243
S21400ACF053F8223010B518884FF48A52022125F0F6
S21400AD00C7FFBDE810400346024A0121042000F0B8
S21400AD107DBD00BFECD40300D0E902322DE9F0433C
S21400AD2053F8221003EB82030E885A6817789A6845
S21400AD30DB6892F80090B3F800808BB006AB324622
S21400AD4004210446FFF73CFF28BB08AD01232A4632
S21400AD500521204625F083FF38B904200F4A01213B
S21400AD6000F054FD284603F09FF84FF48A53CDE9CF
S21400AD7004930023CDE902530323CDE9008306AAFA
S21400AD803B462121304625F0A1FF054A0346012116
S21400AD90042000F03BFD0BB0BDE8F08303D50300B4
S21400ADA032D5030038B5D0E9024303F18043023BB5
S21400ADB00F4954F8230002229D002AF0D4FF60B900
S21400ADC00C4B0D491A78042A0BD82C44A06800882E
S21400ADD021F8120001321A7038BD084B08491A785B
S21400ADE0F1E7BDE83840074A0121042000F00EBD17
S21400ADF0A7B90300F44E0020A43D0020F34E002027
S21400AE009A3D002044D5030008B5C3688068084909
S21400AE1003F18043023B022250F823002AF0A3FFEE
S21400AE2010B9044B187008BD034B00221A70FAE7DD
S21400AE30A7B90300F44E0020F34E002037B5D0E942
S21400AE40023153F8212015784268521A012A4FEA37
S21400AE50810410DD234429465B681C78204625F0D3
S21400AE604EFED0B1164A009523460121042000F07C
S21400AE70CDFC03B030BD6C0944F0180405F01F0586
S21400AE802946204625F03BFE0028EBD10121A940AB
S21400AE900023FE2241EAC46105E00121A940002CFE
S21400AEA0F4D12346FE224FF6FF701BF0F9FD054A4B
S21400AEB003460121042003B0BDE8304000F0A6BCE4
S21400AEC05AD503007AD5030070B5D0E9021551F8BB
S21400AED0253001EB8501044618884B681A788B6884
S21400AEE0052A1B8802D85E1E072E0BD90D4A0121A3
S21400AEF0042000F08BFCBDE870400B4A01210420C2
S21400AF0000F084BC6468641B032CCABFC968074988
S21400AF1009681BF0C5FDBDE87040024604490020E4
S21400AF2003F0F4BE98D50300B8D5030000F8FF0779
S21400AF30D5D5030008B5D0E9023253F8220003EB5A
S21400AF408203FF225968038809684FF6FF701BF0DA
S21400AF50A7FDBDE8084002460149002003F0D6BE22
S21400AF60E6D5030008B5D0E9023253F822300521B1
S21400AF701888402225F08CFEBDE8084002460249AB
S21400AF80002003F0C3BE00BF05D6030008B5D0E915
S21400AF90023203EB8201486853F8221002780988CF
S21400AFA04023312025F0C7FEBDE80840024602498E
S21400AFB0002003F0ABBE00BF24D6030008B5D0E9DE
S21400AFC0023203EB8201486853F82210027809889F
S21400AFD04023332025F0AFFEBDE808400246024974
S21400AFE0002003F093BE00BF3CD603001FB5D0E997
S21400AFF0023253F8221003EB82030C889B680C493C
S21400B0001A7808684968003A18BF012202AB03C3E1
S21400B010D20102A94023204625F09CFE054B009055
S21400B020054A0121042000F0F1FB04B010BD00BF6A
S21400B030D7D60300C9D4030058D6030007B5D0E915
S21400B040023253F8223003211888402225F020FED1
S21400B050044B0090044A0121042000F0D7FB03B003
S21400B0605DF804FBC9D4030065D60300C36837B592
S21400B0700533826852F8233004211D786A4601237E
S21400B080044625F0ECFD38B90420074A012100F0FB
S21400B090BDFB684602F008FF2B466A4600212046A4
S21400B0A0FFF7A8FD03B030BD7DD6030007B5D0E995
S21400B0B0023203EB8201486853F8221002780988AE
S21400B0C04023322025F037FE044B0090044A01212D
S21400B0D0042000F09BFB03B05DF804FBC9D403001A
S21400B0E0AED603001FB5D0E9023203EB820153F857
S21400B0F022304968188809880A4A4FF48A5302930E
S21400B100094B0193094B0093094B12781B7824F0E6
S21400B1104EF9084A03460121042005B05DF804EB09
S21400B12000F074BBF44E00209A3D0020A43D0020A1
S21400B130F34E0020C1D60300836970B513F00106F4
S21400B140044603F0020509D1EDB9C3695BB310F0FC
S21400B150B5F8E3692046BDE8704018471DB11B48A6
S21400B1609B21FCF74BFAA069C0F3810025F060FB39
S21400B170E3691BB91548A321FCF740FA204610F0F6
S21400B1809DF84DB916E0C3F3072025F063FBE3698D
S21400B190B3B1204610F092F8E369607E9847BDE8A8
S21400B1A0704025F04BBB0948A321FCF727FA204640
S21400B1B010F084F8E36920469847002EEFD170BD62
S21400B1C00248A321FCF71AFAE3E700BFDFD6030024
S21400B1D008B510F071FA28B1BDE8084002483F21D2
S21400B1E0FCF70CBA08BD00BFDFD603002DE9F84F08
S21400B1F0FF2B9DF82870DFF868B0DFF868A00446DB
S21400B200884691461D464FF0000612D1C0E900BAA6
S21400B210C0E9066206618660C160FF2F07D0A36999
S21400B22043F0020323F47F4343EA0723A361BDE808
S21400B230F88FFF2F03D00948BE21FCF7DFF9AD00D9
S21400B24045F00105EDB2C4E900BA2661A660C4F86F
S21400B2501C90C4F80C80A561DFE700BFDFD60300B2
S21400B260C428002039B1000010B5064C0460064C16
S21400B270C2610023C0E9014303610123C160836109
S21400B28010BD00BFC428002039B10000826938B55F
S21400B29002F00203D20704460D4620D553B9FF2913
S21400B2A021D1A36913F00C0F17D01148FC21FCF72D
S21400B2B0A5F912E00E48ED21FCF7A0F9FF2DF0D01D
S21400B2C0284624F0B3FFFF28054603D10848F52199
S21400B2D0FCF794F92DB204EB4514204638BDFF293F
S21400B2E0FBD0002BECD10248F221FCF787F9E7E708
S21400B2F0DFD60300014828F0DCBA00BFC4280020CF
S21400B300014828F0E2BA00BFC428002013B516484A
S21400B31028F0A4FA24F0B0F822F09EF822F0B1F853
S21400B32022F0B2F8FCF724F90446FCF73BF90F4A82
S21400B330009023460121042000F068FAFCF71EF96D
S21400B3400123834040F2A17213420BD00020FCF789
S21400B3500DF80020FBF70CFF002002B0BDE81040FF
S21400B360FBF7D2BE02B010BDC42800204CD70300A5
S21400B370022808B503D123F040FE014B186008BD33
S21400B380F428002008B507F021FD074B01201870AF
S21400B39024F080F8022024F07DF8BDE80840034938
S21400B3A00348FCF76DBD00BFF64E002028110020B4
S21400B3B0F8280020014B1870704700BFF54E00209B
S21400B3C038B50E4B1C786CB9204638BD24F013FEF9
S21400B3D004280FD024F00FFE054625F02FFA052D81
S21400B3E00AD0F1E7002025F023FA28B924F003FE5E
S21400B3F00228EBD125F022FA0024E5E7821500208A
S21400B40008B5074B1B780BB1002008BDFFF7D8FF27
S21400B4100028F9D102F08CFC023818BF0120F4E7AE
S21400B420F54E002070B510F0AFF90446FFF7E8FFC0
S21400B43014F0070F204D0CD158B110F0A5F910BB31
S21400B4404FF0FF34FFF756FF844228BF0446042C13
S21400B4501DD82B7823B9012024F01CF801232B706B
S21400B46024F026F8044628B32B781BB91348F92194
S21400B470FCF7C4F810F0A0F80446FFF73BFF844240
S21400B48028BF044616E010F097F80446DAE7204690
S21400B49024F010F80028DCD02B785BB122F062FA9A
S21400B4A0002106460120FCF771FC304622F05EFAC9
S21400B4B000232B70204670BDF64E00206CD703008C
S21400B4C01FB5FFF7AFFF0446FDF70AF9A04228BFF5
S21400B4D0204688B103A9FDF7E5F8034638B9CDE95B
S21400B4E00000064A0399064823F0FDFD18B10548FA
S21400B4F09221FCF783F8012004B010BD93F40200FB
S21400B500D42800206CD703000D4B0E4A1B7870B56C
S21400B5100D4D0E4C0121002B0CBF2B46234602205E
S21400B52000F074F90A4B0B4A1B780121002B0CBF64
S21400B5302B4623460220BDE8704000F067B900BFE6
S21400B54082150020DFD70300DCD70300D8D703001E
S21400B550F54E0020FED7030010B5D0E9023253F8AE
S21400B56022301B78002B14BF012400244FF0020069
S21400B57014BF054A054A012100F048F92046BDE8F7
S21400B5801040FFF717BF00BF1DD803003AD80300CE
S21400B590D0E9023253F82230034A1B78003B18BF2A
S21400B5A001231370704700BF821500202DE9F34178
S21400B5B00C4E0D4DDFF838800C4F002456F8043B37
S21400B5C00BB9D8F8003035F8022B009239462246DF
S21400B5D00020013403F080FB292CEFD102B0BDE837
S21400B5E0F08100BF34110020843E002059D80300AB
S21400B5F03011002007B5D0E9023253F822301A780D
S21400B600282A0DD8084B53F822300BB9074B1B6875
S21400B610074931F8121000910020064903F05CFB40
S21400B62003B05DF804FB00BF341100203011002089
S21400B630843E002059D8030038B5D0E9023253F8CA
S21400B640221003EB82030C785B6805491D880020F6
S21400B65003F042FB29462046BDE8384000F0BAB861
S21400B66064D803002DE9F3410C4E0D4DDFF8388009
S21400B6700C4F002456F8043B0BB9D8F8003035F8C8
S21400B680022B0092394622460020013403F024FBA8
S21400B690292CEFD102B0BDE8F08100BF34110020A4
S21400B6A0323E002059D80300301100202DE9F34126
S21400B6B002AB03E90600044690460FF0E5FE054699
S21400B6C020460FF0F1FE384F9DF80060374BFDB175
S21400B6D0202C98F8002033F8141037F8140008D9F6
S21400B6E0814253D34FF6FF7291421DD102B0BDE89E
S21400B6F0F081012A32D802EB42122D4822444FF63E
S21400B700FF7530F81210A94202D0013120F812104D
S21400B71033F8141037F81400814237D34FF6FF720F
S21400B72091424FF0010502D0013123F8141004F0C5
S21400B730FD02092A2CD19A8AB98A32448A42B4BFB9
S21400B7409A82998233F814308342CFD3002DCDD11C
S21400B750204602B0BDE8F04124F085B9022AD7D1D0
S21400B760134A32F814104FF6FF70814204F121009C
S21400B7701CBF013122F8141032F810104FF6FF7576
S21400B780A9421CBF013122F81010C1E70025CBE703
S21400B7901D2CD7D15A8F91198142BDBF02F1FF32BD
S21400B7A0B6185E875887CDE7323E0020843E0020DC
S21400B7B0AE3D00200248522200212AF0FEBA00BF09
S21400B7C0843E002002485222FF212AF0F6BA00BF2B
S21400B7D0323E0020014B23F810107047323E002006
S21400B7E008280ED84FF48B73C340DB0709D5064AEA
S21400B7F0136819B1034313600020704723EA00035F
S21400B800F9E72120704700BFDC1100200CB408289F
S21400B81013B50C4611D84FF48B73C340DB070CD519
S21400B820084B1B68184208D005A90498019105F03A
S21400B8308DFB14B1044826F002FA02B0BDE81040B1
S21400B84002B07047DC11002048DB0300034610B549
S21400B850D3E9023253F822301C780846211E18BF5E
S21400B8600121FFF7BDFF014650B9094A094B0220E6
S21400B870002C08BF1346BDE81040074AFFF7C6BFB6
S21400B880BDE81040054A00210220FFF7BFBF00BFF9
S21400B890B4C80300ACC803004ADB030060DB030047
S21400B8A02DE9F041DFF8308005461F460C468E181D
S21400B8B0B44201D1BDE8F08114F8013B069A00219C
S21400B8C02846FFF7A3FF002FF2D042460021284665
S21400B8D0FFF79CFFECE700BF48CF0300034B1B6855
S21400B8E01878012808BF0220704700BFAC2A002045
S21400B8F0D0E9023253F822301A78024B1A7000F060
S21400B900D7BA00BFF74E002070B5D0E902456B1ECF
S21400B910DBB21D4954F8230003222AF024FA54F817
S21400B920253004EB8504197863681A78A2F10B03B6
S21400B9300F2B05D91549BDE87040002003F0CCB99F
S21400B94001290FD1124C9140236840B90B43114A8C
S21400B9502360BDE870401049002003F0BDB923EA1B
S21400B9600103F4E702290CD10C49012303FA02F281
S21400B9700B6818B913430A4A0B60EAE723EA020386
S21400B980F9E70A460749D6E7AD6F030071DB030007
S21400B990E411002087DB03008FDB0300E0110020AA
S21400B9A0A1DB0300ABDB030007B5D0E9023103EBF4
S21400B9B0810253F821300B491B785268012B0A4B41
S21400B9C0126808BF0B464FF000001A600092074A44
S21400B9D0074B084918BF1346074A03F07DF903B022
S21400B9E05DF804FBE4110020E0110020C6DB030034
S21400B9F0BEDB0300D0DB0300CEE0030038B5254AEB
S21400BA00254B264C2649274D002003F065F926498C
S21400BA10002003F061F922682449002003F076F93B
S21400BA202068234C03F032F92146002003F054F935
S21400BA302A682049002003F069F9286803F026F9EF
S21400BA402146002003F048F91B4B1C491A781C4B72
S21400BA50002053F8223003F03FF900F027F9194987
S21400BA600246002003F038F9174B18491A780020D0
S21400BA7003F032F9164B17491A78002003F02CF918
S21400BA8024F0B9FABDE8384002461349002003F016
S21400BA9023B900BFCEE00300E9DB0300E411002079
S21400BAA0F0DB0300E0110020F8DB030006DC0300F7
S21400BAB0B1CA030016DC0300134F002026DC030087
S21400BAC0E811002037DC0300094F00204BDC0300A0
S21400BAD0084F00205DDC03006FDC030007B500F0B4
S21400BAE08FF8054B0090054A0549002003F0F4F84E
S21400BAF003B05DF804FB00BF83DC0300CEE0030068
S21400BB0088DC03000149002003F0E6B895DC03005A
S21400BB1001480EF02BBF00BFD63E0020F8B50C4FF4
S21400BB200C4E0D4D0D4A0E490446002003F0D4F885
S21400BB303B78297832782046F6F7CEFD00233B7016
S21400BB4033702B70BDE8F8400648FF2123F08DBC0B
S21400BB50134F0020084F0020094F0020CEE00300BE
S21400BB6034DD03000029002037B51948FF2123F0F3
S21400BB707CFC184B1B7813F0200013D001F0DCFB84
S21400BB8028F095FA0020144B144A154903F0A4F83F
S21400BB900120FFF7C3FF4FF4806003B0BDE83040DC
S21400BBA024F005BE13F0100404D003B0BDE8304006
S21400BBB001F0CABB0121B42001F03AFF094B009006
S21400BBC00546064A0849204603F086F82846E0E778
S21400BBD000290020134F00204BDD0300CEE00300B9
S21400BBE074DD03007BDD030094DD0300024A034896
S21400BBF00021FFF739BB00BF69BB00000029002009
S21400BC0008B5054B1B7823B19420FFF787FF00206B
S21400BC1008BD7020FCE700BF134F002037B51E4C50
S21400BC202378DB0605462FD500901C4B1C4A1D4981
S21400BC30002003F051F81E2D10D0652D0ED0032DD8
S21400BC4024D12378184843F0200341F28832FF219C
S21400BC50237003B0BDE8304023F0F6BB237823F012
S21400BC6020032370FBF724FE4FF4FA63B0FBF3F2D5
S21400BC7002FB1300C21892B20B48FF2123F0E4FB2C
S21400BC80237823F01003237003B030BD28F00FFA9A
S21400BC90AE20FFF743FFF3E7134F0020A1DD0300BC
S21400BCA0CEE0030094DD030000290020014B187A43
S21400BCB0704700BF2029002070B5424E3378DD1F44
S21400BCC0012B8EB0EDB258D0042B56D0032B41F684
S21400BCD0041255D0991F4B424B415B0013433A4820
S21400BCE0ADF80C3023F0E4FE48B9384B364A03F181
S21400BCF0100153F8040B42F8040B8B42F9D1337849
S21400BD00032B3FD0062B3DD0314B0DF10E0203F135
S21400BD10100153F8040B42F8040B8B42F9D103A828
S21400BD2019F03CF8B728044610D1012D36D8294A18
S21400BD302949002002F0D0FFBDF80C3003A823F4F8
S21400BD400053ADF80C3019F029F804467CBB3020BF
S21400BD5018F0FEFE044650BB23F01BFF012D26D82C
S21400BD601E4A1068516801AB03C322461C4901A84D
S21400BD7025F0E2FBF0B1182419E043F60412A9E717
S21400BD800223ABE7104A0DF10E0302F1100152F840
S21400BD90040B43F8040B8A42F9D1C0E73378012B31
S21400BDA001D0042B03D10F49002002F095FF204656
S21400BDB00EB070BD0449224601A825F0BDFB002840
S21400BDC0D9D1F4E7134F0020F84E002066DE0300BA
S21400BDD077DE0300CEE00300C5DD030088DE030047
S21400BDE0BEE0030018DE030030B5044687B0252009
S21400BDF012F0D6FC1C220021144829F0DEFF144B5A
S21400BE001878FFF76BFD022814BF012304230320D4
S21400BE108DF8083027F09CFD04238DF8103002A81A
S21400BE200C4B0593039401F017FA0B4B0B4A196859
S21400BE300B4B0094A14218BF13460546094A0A490F
S21400BE40002002F049FF284607B030BD2029002018
S21400BE50134F0020EDC00000E4110020C6DB0300F5
S21400BE60BEDB0300CEE0030091DE030008B50E49FA
S21400BE700A78531CDBB2072B0B7001D0092B04D1B8
S21400BE809420FFF74BFE942008BD02F0FB02032A25
S21400BE9007D1064B18680028F2D0FFF7A5FF3D2013
S21400BEA0F2E70020F0E700BF134F0020E01100206B
S21400BEB073B51C4C1C4E23683268134330D01B4BA2
S21400BEC01B6833B31A4D2B781BBB24F094F8D8B9F3
S21400BED04FF4806024F029FC24688CB101232B7079
S21400BEE001F02AFA2046FFF77FFF0446114B124A5C
S21400BEF012490094002002F0EFFE204602B070BD0A
S21400BF00042334682B70EBE70121B42001F090FD88
S21400BF10EBE7094A0A49002002F0DEFE7024E5E756
S21400BF207024EAE7E4110020E0110020AC2A00208B
S21400BF30134F0020D8DE0300CEE0030088DC0300A9
S21400BF40BEDE03002DE9F341374C3849227AA38838
S21400BF50002002F0C1FE2268207A22FA00F010F0DB
S21400BF60010002D1324902F0B7FE324D287838B1CE
S21400BF7031493248082229F0F6FE003818BF012061
S21400BF802F4E2D4F06F10E0807E008223946404690
S21400BF9029F0E9FE003818BF0120227A2368D34032
S21400BFA0DB0700D560B1304612F0C6FB00282DD165
S21400BFB02B78002BE9D1227A2368D340DA07F2D512
S21400BFC0237A0093A3881F4A1F49002002F084FEAC
S21400BFD01E4B1878FFF782FC01230322184911F044
S21400BFE0D1FD1B4A137801331370044610B902B012
S21400BFF0BDE8F081134A17492346002002F06CFE84
S21400C000204602B0BDE8F041FFF788BD1249002087
S21400C01002F062FEFFF72AFF0028E8D102B0BDE872
S21400C020F04100F01BB800BF20290020DEDE030030
S21400C0300EDF0300124F00200A4F00203229002096
S21400C04024290020CEE00300DADF0300134F00208F
S21400C050084F00207DDF0300A4DF030070B51B4CF3
S21400C0601B4B22781B4953F822301B4A1A4D1B4E95
S21400C070002002F031FEFFF71FFE034683B9237847
S21400C080032B19D8D3B1164B16481B6840F8043B4F
S21400C09012F030FBA0B1BDE870400120FFF73EBDB6
S21400C0A02A463146002002F017FEFFF7DFFE58B999
S21400C0B0FFF702FE0346E1E7072BE4D00A4BE3E76F
S21400C0C0BDE87040FFF73EBF70BD00BF134F0020B5
S21400C0D0E8110020F9DF0300CEE0030006E00300CD
S21400C0E0E411002020290020E011002070B51A4C31
S21400C0F0237883B3838913F4407F2CD0056835B149
S21400C1002A461649BDE87040002002F0E5BD12F050
S21400C11041FB134E134A307003461349284602F07B
S21400C120DBFD33781BB1BDE87040FFF797BF23787F
S21400C130062B06D8032B06D9BDE87040AB20FFF7C8
S21400C140EDBC082BF8D004232370084BBDE87040E4
S21400C1501868FFF749BE70BD134F00202FE003009C
S21400C160094F0020CEE003005AE00300E011002053
S21400C17030B5434D434A4449034687B00446002041
S21400C18002F0AAFD2B782BBB01A824F02FFF022378
S21400C19001A88DF8043025F0FFF8B0B93B4901A896
S21400C1A025F061F988B1902C0FD1FBF781FB47F29F
S21400C1B03153B0FBF3F202FB130000F51C501030B5
S21400C1C080B201F0C1F807B030BD912CFBD101F070
S21400C1D0F5F8F8E7902C2AD12A4A2D49002002F0DB
S21400C1E07BFD2B78032B11D0062B0FD0294B1B7809
S21400C1F0DA070BD401A818F0CDFC18B9BDF8043046
S21400C2009B0703D42B7843F010032B70FBF750FBEF
S21400C2104FF4FA63B0FBF3F202FB1300C2181E4899
S21400C22092B2FF2107B0BDE8304023F00DB90FF001
S21400C230B9F904460028C6D12B78013B072B19D83C
S21400C240104A164902F048FD154812F075FA60B11A
S21400C2501449204602F040FDFFF708FE0028B2D140
S21400C26007B0BDE83040FFF7F9BE07B0BDE8304084
S21400C270FFF768BEAE2007B0BDE83040FFF74EBC03
S21400C280134F0020CEE003007EE00300BEE0030074
S21400C29093E00300F74E002000290020A6E00300EC
S21400C2A024290020A4DF0300034A03460120C3E933
S21400C2B0032000221A7070470100FEFF2DE9F041AE
S21400C2C0264E274FDFF8A88088B0002400F03CFAFE
S21400C2D0A5B2854202D308B0BDE8F08103A928467E
S21400C2E023F0F7FBA2B23146002002F00FFD9DF8C6
S21400C2F00D2012B39DF81210BDF81030402914BF5F
S21400C3006E217921CDE900310020BDF80E30394686
S21400C31002F0FCFCBDF814201AB11249002002F00D
S21400C320F5FC9DF80C00BDF8182070B9079B00932B
S21400C3300D49BDF81A3002F0E9FC0C49002002F065
S21400C340CBFC013422F0A0FEC0E7BDF81C30009301
S21400C35041469DF81A300020EDE700BF96E2030044
S21400C3609AE20300B9E20300C1E2030093B60300B9
S21400C370E5E2030010B500F025FBBDE810400346DB
S21400C380024A0349002002F0A7BC00BF86EF030064
S21400C39009E30300D0E9023253F8223010B51888BA
S21400C3A000F000FBBDE810400346024A02490020A8
S21400C3B002F092BCBE72030009E3030010B5D0E998
S21400C3C0023286B000248DF8044053F8221003EBA6
S21400C3D0820309788DF805105A681288ADF8062091
S21400C3E09A681288ADF80820DA681278ADF80C4022
S21400C3F0A24214BF402280228DF80A201A691288B1
S21400C400ADF810205A699B691288ADF812201B6897
S21400C410059301A800F026FC034A0449034620467B
S21400C42002F05AFC06B010BDAD6F030009E303002E
S21400C43038B5074D002422F0E0FD45F82400063408
S21400C4402A2CF8D1BDE838400249002002F044BC4E
S21400C4505016002011E3030030B5214987B00020B4
S21400C46002F03AFC1F49002002F036FC1E4900206C
S21400C47002F032FC22F0C1FD00240546A0B201A95C
S21400C480013423F026FB072CF8D122F0B6FD17491D
S21400C490421B002002F020FC1549002002F01CFC84
S21400C4A022F0ABFD0446012000F010F922F0A5FDB5
S21400C4B00E49021B002002F00FFC0E49002002F07D
S21400C4C00BFC22F09AFD044600F016F822F095FDCB
S21400C4D00649021B002007B0BDE8304002F0FCBB56
S21400C4E03DE303006CE303009CE30300B9E30300B1
S21400C4F0C8E30300E2E303002DE9F0411F4F86B0D6
S21400C5000024FF2607F1140800F01EF9A5B2A84281
S21400C51008D8002726FA07F3DB071ED4DFB106B0DB
S21400C520BDE8F08101A9284623F0D3FAF20706D524
S21400C530394601A823F0EAFA08B106F0FE067308A9
S21400C5407E2B06D0414601A823F0E0FA08B106F09B
S21400C550FD060134D8E70127DCE7084C142303FB6B
S21400C56007440FCC01AD0FC523682B6001A800F06F
S21400C570C5F94FF6FF739842D0D1D0E704E4030024
S21400C580D8B14278012A25D1438840F202418B4235
S21400C59014D18388F3B98379402B1BD10289CAB999
S21400C5A00346002103F80C1B0B49142000FB021263
S21400C5B0D2E9030183E803000120704740F20541F9
S21400C5C08B4207D183882BB98379402B02D103890C
S21400C5D0002BE5D0FFF768BE04E4030010B50C4658
S21400C5E003F0DAFA08B9032C12D123F004FD04286C
S21400C5F00ED023F000FD05280AD0064802F04CFABB
S21400C600B42801D124F08BF8BDE8104002F054BAEB
S21400C61010BD00BFBDFA02002DE9F04FDFF8A8B04C
S21400C620274C87B000274FF0FF36BBF80030B8B273
S21400C630834209D8731C3BD022483246FF2107B0FC
S21400C640BDE8F04F22F000BF01A923F042FA9DF8A2
S21400C650050001F09FFDF8B19DF80480B8F1000FC9
S21400C6601AD1BDF810A0BDF8129022F0C6FC182111
S21400C670BBB24B430246E018E158007CA2EB010C2B
S21400C6804FF47A7350B103FB0AF363450ED30B44A1
S21400C690981A864228BF06460137C6E74D466B43C2
S21400C6A0FAD06345F5D31944881AF2E74046F0E716
S21400C6B00448FF2107B0BDE8F04F22F0D6BE00BF09
S21400C6C0501600203C290020D83E00202DE9F041DD
S21400C6D0014688B020B1022809D008B0BDE8F08134
S21400C6E0FF23154A15480093FEF780FDF5E7002462
S21400C6F0134E27464FF00108A5B2284603A98DF829
S21400C7000D7023F0E6F99DF80D0068B101F042FDCA
S21400C71020B19DF80C300BB986F810800134072C38
S21400C72006F11806E8D12546064B1D8008B0BDE880
S21400C730F041FFF771BF00BF91CA00003C290020FE
S21400C74050160020D83E0020014B1888704700BFC6
S21400C750D83E00202DE9F04F624A077D624989B035
S21400C7600446002002F0D2FA002024F093F820B10C
S21400C7702368218A588803F05BFA00205B49DFF8BB
S21400C780789102F0A9FA637D002B23685988574BED
S21400C7900093228A4FF009030DBF082000204FF0B7
S21400C7A080084FF0400802F027F9A289BB1C93428C
S21400C7B00CDB24F0EFF8034620B14D4A4D4900202B
S21400C7C002F08AFA012009B0BDE8F08FA068791C53
S21400C7D089B2C55D24F016F80337012D0646BFB2B0
S21400C7E013D8236859885879238A009332464346DB
S21400C7F023F0CFFC824600283ED1862002F0AEF918
S21400C800284602F0ABF9304668E08520F6E703A933
S21400C81023F05FF99DF80C30AB4223D123689DF8D6
S21400C8200D105A7991421DD1BDF80E105A889142CA
S21400C83018D1BDF81020B24214D19DF812204245FE
S21400C84010D1BDF81410228A91420BD1002D38D099
S21400C850BDF81810E288914204D19DF81A201B7981
S21400C8609A422ED00BF1010BB9F800305FFA8BF02C
S21400C8708342CCD88B20C1E74FF0000BF4E79AF840
S21400C880020002F06BF9BDF8180023F09DFFBDF81A
S21400C8901A0023F099FF9AF8020003F0D3FB002851
S21400C8A083D19AF8020001F00DFB079E0546002D85
S21400C8B03FF47BAFF0B2013D02F050F9360AEDB21C
S21400C8C0F5E7002002F04AF9284602F047F930461C
S21400C8D023F07AFF012DD2D1BDF81C0023F074FF9F
S21400C8E063E700BF2CE4030039E4030093B60300BB
S21400C8F03EE403005BE40300D83E002038B5084D54
S21400C9002C88062C014607D8204623F0ECF82B8806
S21400C91001332B80204638BD4FF6FF74FAE700BF80
S21400C920D83E00202DE9F0431C4F91B06946804662
S21400C93023F0CFF8388800238DF80130431E98B2D4
S21400C9408045388009D16946404623F0CCF86846D1
S21400C95023F0B2F811B0BDE8F08305A923F0B9F8CA
S21400C9600F4C3E884FF0180909FB06460FCE0AAD5D
S21400C9700FC596E803000AAE85E8030005A9404601
S21400C98023F0B1F80FCE09FB08440FC495E8030066
S21400C99084E8030038886946D7E700BFD83E002001
S21400C9A05016002008B5064B1B88834205D9FFF7B2
S21400C9B0B9FFFFF731FE002008BDB120FCE700BF3D
S21400C9C0D83E002038B5074D2C882CB90648FF21E4
S21400C9D022F04BFD204638BD601E80B2FFF7A2FF56
S21400C9E0F2E700BFD83E00203C2900202DE9F3479F
S21400C9F0264F9DF82890CDE900129A46182303FB8F
S21400CA0009731446D3E9022324F094F80646204618
S21400CA100D4603F017FB04F0FD03382B80460FD1BC
S21400CA200094DAF8100032462B46002123F091F8E5
S21400CA30B8F1010F1BD135431ED102B0BDE8F08717
S21400CA40392CDAF810300BD107EE906A07EE103A60
S21400CA50F4EEC77AF1EE10FAACBF01200020E7E74B
S21400CA609E4275F100032CBF01200020E0E7B8F1DC
S21400CA70000FE2D10028E0D0182303FB097701233A
S21400CA803B7402B0BDE8F047FFF7C6BD5016002065
S21400CA902DE9F04F93B00025DFF8C49104952E469B
S21400CAA0A8462C466A4B1B88A8B2834209D81CB1FC
S21400CAB061882079FFF792FDFFF7AEFD13B0BDE861
S21400CAC0F08F0DA923F005F8AFB222F096FA1823DE
S21400CAD07B43834609EB030A9DF8350059F803307B
S21400CAE0059301F057FB002800F0AF809DF8342036
S21400CAF0002A40F0AA80059BABEB0300BDF840304F
S21400CB004FF47A725343834200F29F809AF81030B3
S21400CB1043B9BDF84230002B00F097805343834260
S21400CB2000F2938002230022CDE9013208AB009385
S21400CB300DF11F020DF12203E9B20DA8F3F740FB39
S21400CB40002878D1BDF822B00BF10302D2B21CB394
S21400CB50404B9DF835101B8813442279914215D11D
S21400CB60BDF836106288914210D19DF83A20B8EB95
S21400CB70D21F0BD1BDF83C2004998A4206D1B3429D
S21400CB804DDD3549002002F0A7F801E0B342F8DC9D
S21400CB9061882079FFF722FD01F0B4FF04469DF975
S21400CBA03A002E4B0093C043C00F0A23BDF83C202A
S21400CBB0BDF836109DF83A80C00001F01DFF9DF8C4
S21400CBC0353023714FF48A53E380BDF83C3004932C
S21400CBD04FEAD8184FF0000AFF2609A95FFA8AF034
S21400CBE028F02BF9B0B99DF825109DF83520914214
S21400CBF010D1BDF82610BDF8362091420AD19DF816
S21400CC0031109DF82400224623F0CAFEB04228BF09
S21400CC103046C6B20AF1010ABAF10A0FDDD1BDF8F4
S21400CC20380023F0D1FD9DF81F0001F097FF59460C
S21400CC3008A801F0A7FF18235F4309EB07030022AB
S21400CC401A7422F0DAF949F8070001352AE700BF1E
S21400CC50D83E0020DC3E002012E5030093B6030019
S21400CC60501600202DE9F043DFF858810389B8F804
S21400CC7000908BB004460093837982884188407880
S21400CC8023F087FA002800F09580E78927B1A3896A
S21400CC90BB4200F291800027B8F80030BDB2AB422C
S21400CCA014D84D460126E2894FF6FF739A4226D1E4
S21400CCB046B9B8F80030AB4202D92846FFF732FE34
S21400CCC0FFF7AAFC00200BB0BDE8F08305A92846B4
S21400CCD022F0FFFE9DF814307BB92268059B534076
S21400CCE0FF2B0AD86368069E5E4036F07F4604D166
S21400CCF0BDF81C2023899A42D5D00137CCE7E268DC
S21400CD009A422BD0002E53D1D4E90323CDE9082331
S21400CD1005A822F0D1FE0028D5D1B8F80030AB42E5
S21400CD2004BF6B1CA8F8003022F067F91823244AC9
S21400CD306B43D418D0500023CDE9013300931A4634
S21400CD40E9B205A8F3F73CFA18B100220023C4E9BB
S21400CD50022305A9284622F0C6FEB1E7234605AA07
S21400CD6004F1100C18685968174603C70833634562
S21400CD703A46F7D11868386005A8FFF701FC002886
S21400CD80C0D0062D1AD800238DF8143063788DF89D
S21400CD9015306388ADF81630A388ADF81830A3793F
S21400CDA08DF81A302389ADF81C300028B0D1ABE7D7
S21400CDB00020E6E7862086E7872084E7892082E74A
S21400CDC050160020D83E00202DE9F04FA24A057DDF
S21400CDD0A2498DB00446002001F098FF002023F001
S21400CDE059FD20B12368218A588802F021FF0020CF
S21400CDF09B49DFF888B201F06FFF637D002B14BFFC
S21400CE0080234023029323685988954B0093228AF7
S21400CE104FF007030CBF0820002001F0EDFD4FF097
S21400CE20000AA28905F10308904506DBBAF1000F57
S21400CE301FD1504601F092FE1BE0A068691C89B223
S21400CE40475D23F0DFFC8749064603463A46002046
S21400CE501FFA88F801F040FFC7B1012F00F0A98043
S21400CE60852001F07BFE384601F078FE304623F040
S21400CE70ABFC23F08FFD034620B17B4A7B490020A4
S21400CE8001F02AFF01200DB0BDE8F08FA068A2894E
S21400CE9010F80880291D89B223F0B4FCA91DA289C8
S21400CEA0049089B2A06823F0ADFC049B0590009026
S21400CEB06F493846424601F00FFF08354046ADB28E
S21400CEC003F0C0F8002835D1404600F0FBFFA289E9
S21400CED0034681462946A06823F085FC65490390F1
S21400CEE0384601F013FFA1684A4629443B463846B7
S21400CEF001F070FE5A49384601F0EEFEA9441FFACA
S21400CF0089F5236859885879238A00933246029B0C
S21400CF1023F03FF980B1837843450DD08D2001F092
S21400CF201DFE002001F01AFE304623F04DFC4FF0A7
S21400CF30010A76E70397E4E7A8F148085FFA88F85D
S21400CF40B8F1090F07D840F2113323FA08F3DB07CC
S21400CF5001D58C20E3E700238DF81C3023685A792E
S21400CF608DF81D205B88ADF81E30029B8DF82230B0
S21400CF70238AADF82430049BADF82830059BADF825
S21400CF802A3007A8039BADF820600B93FFF76AFED4
S21400CF90814600283FF445AF484601F0DFFD38469D
S21400CFA001F0DCFD304623F00FFCB9F1850FBED151
S21400CFB05FE7A289A068414623F024FC2E4902467A
S21400CFC08146002001F088FE0535BBF80020ADB292
S21400CFD00023BBF800101FFA83F8414506D8062A3E
S21400CFE04ED9892001F0BAFD01209BE707A94046EB
S21400CFF0CDE9032322F06DFD9DF81C100129DDE923
S21400D000032326D1D4F800E09DF81DC09EF8050045
S21400D01084451ED1BDF81EC0BEF80200844518D156
S21400D020BDF82000B04214D19DF822000299884233
S21400D0300FD1BDF824C0208A84450AD1BDF828C087
S21400D040E088844505D19DF82A009EF804108842A1
S21400D0502FD00133BDE700BF3DE5030039E40300F0
S21400D06093B6030045E5030096E503005BE4030082
S21400D0705FE503007CE5030087E50300D83E00205B
S21400D08001238DF81C30236859798DF81D105988B6
S21400D090ADF81E1002998DF82210218AADF82410E2
S21400D0A0E188ADF82060ADF828101B798DF82A309D
S21400D0B0904607A8ADF82C9022F0FEFC814600288A
S21400D0C07FF46AAFBBF80030434508BF08F10103A0
S21400D0D007A9404608BFABF8003022F004FDA0E6E2
S21400D0E02DE9F04F89B09A46BDF848B09DF84C60DF
S21400D0F0149C244B07468846914600251A88A8B2F9
S21400D100824235D903A922F0E4FC9DF80C201D4B81
S21400D110B2BB9DF80D10B94232D1BDF80E10414594
S21400D1202ED1BDF8101049452AD19DF81210514550
S21400D13026D1BDF81410594522D13046029200F08F
S21400D140C1FEA6F14103012B01460AD8204623F072
S21400D1505FFB0D4B0D4A204484420CD1029302AC77
S21400D1600421EDB2009503AB32462046FFF73EFCA5
S21400D17009B0BDE8F08F14F8011F4B405343EBE7AE
S21400D1800135BBE7D83E0020C59D1C8193010001F8
S21400D1901FB50F4C2478C4B142EA03229DF818301C
S21400D1A08DF8051042EA43220A4BADF80C201A7897
S21400D1B0094B8DF8061003EB0213079900908DF8C3
S21400D1C00400DB6802916846984704B010BD00BFB3
S21400D1D0144F0020164F00205C29002073B51A4D0E
S21400D1E01A48FF2122F041F92B7853B3184C194EF8
S21400D1F02378180106EB0313305C1A7A59680EF090
S21400D20007FE4D281DD0E0B1227801230021CDE98C
S21400D21000311201C0B2B25CFFF7BAFF23780B48A8
S21400D22001330A22DBB2B3FBF2F102FB11332370A7
S21400D2302B78FF21013B2B7002B0BDE8704022F036
S21400D2400CB902B070BD00BF144F0020FC290020AE
S21400D250164F00205C290020F8B5104F3E780A2EA5
S21400D2601AD00FC8DFF840C00D4D9CF8004005EB03
S21400D2700415013485E80F00E4B20A230948B4FB1C
S21400D280F3F2013603FB1244FF218CF800403E7097
S21400D29022F0E3F80020F8BD0120FCE7144F002040
S21400D2A05C290020FC290020154F0020024A034874
S21400D2B00021FDF7D9BF00BFDDD10000FC2900200A
S21400D2C037B5134D00232A78CDE900330C461201FA
S21400D2D0104901238A5C01462046FFF759FFA4B98E
S21400D2E00D490A788AB12B7801330A20DBB2013A5D
S21400D2F0B3FBF0F400FB143308480A70FF212B70D0
S21400D30003B0BDE8304022F0A8B803B030BD00BF7F
S21400D310164F00205C290020144F0020FC29002016
S21400D32008B5032016F0F2FD10B9024B01221A7060
S21400D33008BD00BF174F0020024B002218781A7055
S21400D340704700BF174F00200246FF21014822F019
S21400D3507BB800BF1C2A0020114B37B51D78BDB91D
S21400D360FF21104822F081F8FFF7DAFF0E4B0090FD
S21400D37004460E4A0E49284601F0AEFC44B10D4B59
S21400D3801B78DB0604D526F092FE204622F092FBA0
S21400D390094B186803B0BDE83040FFF7D5BF00BFA3
S21400D3A0174F00201C2A0020AAE50300D8E503003A
S21400D3B094DD0300134F00200C1200200148FF21CB
S21400D3C022F053B81C2A002070B5194E3378054653
S21400D3D00C4663B3174A1849002001F097FC032C4B
S21400D3E001D0652C1FD11549002001F08FFC224684
S21400D3F01349002001F070FC1249002001F086FC61
S21400D400012329460822002001F0E4FB00200E49F3
S21400D41001F062FC032C84BF002333702046BDE875
S21400D4207040FEF7FBBB012CE1D00849DCE770BD7D
S21400D430174F0020D8E50300F4DB0300EBE50300FC
S21400D440F2F0030009E6030093B6030001E60300CA
S21400D450014B1860704700BF0C120020024A0348B8
S21400D4600021FDF701BF00BF59D300001C2A002091
S21400D470F8B5084B084E1D68084F0024E3B29D42DD
S21400D48004F1010400D8F8BD56F82300394621F00F
S21400D490E9F9F3E798A903009CA90300B810002057
S21400D4A02DE9F743254B01930D461646044650B129
S21400D4B04AB101AA042312F8011BA94235D0013B48
S21400D4C013F0FF03F7D1022003B0BDE8F08317F88E
S21400D4D0010F90FAA0F0000E21F0ADFD014608EB1A
S21400D4E007039945F3DCCAB2C1F30F2392FAA2F2FE
S21400D4F093FAA3F3120E1B0E03EB02236219DB430F
S21400D50012F8020C99B2DBB298420CD112F8013C28
S21400D510B3EB112F07D132462146284603B0BDE8AB
S21400D520F04327F00BB9BD20CEE7671E4FF6FF711C
S21400D530A5F10209C4F10108D1E700BF080A0E12DE
S21400D5402DE9F04186B015460F469846064623F06C
S21400D55073F9184B03A81C7817F01CFB15F0FD0F89
S21400D56026D0F8B9BDF80C309B071BD5032D08BF95
S21400D57003242B46424639463046009423F01EF9D3
S21400D5800D4B0E4A53F8243052F825200C49CDE9AD
S21400D5900046002001F0A0FB23F050F9204606B01C
S21400D5A0BDE8F081032DE4D1042C08BF0024E0E799
S21400D5B00324DEE7184F0020C4EF0300B4EF030097
S21400D5C0EAEE0300014B1870704700BF194F0020A9
S21400D5D0024B186800B14068704700BF3C2A002024
S21400D5E00B4B1B6870B5044600257BB11E880021D6
S21400D5F007E05A6802EB0110013145B9021B55429B
S21400D60055418AB29642F4D89B68EEE7184670BD3C
S21400D6103C2A00202DE9F04F93B01E469DF874304A
S21400D6200593022E4FF00003DDF87090DDF880A021
S21400D630ADF81E3007468846144640F2B48099F886
S21400D64000305A072AD5042E40F2AD8099F804B06F
S21400D650594B002533F83520002A00F0AA80013502
S21400D6600A2DF7D1BAF1000F40F0A180FF25002364
S21400D67020798DF81D3008AA0DF11D0123F075F8EC
S21400D68078B1BDF82C309DF81D00238023F0D0F82B
S21400D6908DF81C00A0B113B0BDE8F08F99F802B069
S21400D6A0D6E7207922F0C2FD00287ED1207923F02B
S21400D6B0D1F88DF81C000028EDD1404B5B88238004
S21400D6C062884FF6FF73002F08BF4346CDE900235C
S21400D6D000212388059A584602F0A4FB18B1E38877
S21400D6E043F02003E380059BCDF83C9007A90DA8E6
S21400D6F0CDE90DA4ADF84080ADF842608DF84470D9
S21400D7008DF8453023F044F810B19DF81C00C2E7B0
S21400D710484602F0DBFAA01D02F0C6FA2246414651
S21400D720384623F03DF9B04208D274238DF81C30F9
S21400D730BAF1000F32D123F081F8E6E79DF87C308D
S21400D7400393BDF8783002930DF11E03CDE90093E4
S21400D7502246F3B24146384622F06EFB8DF81C0096
S21400D760BAF1000F0FD070B9BDF81E203AB1092DDE
S21400D77005D8134B03EBC50143F835A08A8011206A
S21400D78022F0D3FFD7E7BA2808D1E388DB06D2D544
S21400D790002301208DF81C30FFF714FF9DF81C3085
S21400D7A0002BC8D1EBE7012075E7A32073E7B42070
S21400D7B071E7EDB25BE700BF442A0020902A002004
S21400D7C0402A00209D2837B504462AD8902812D82B
S21400D7D056D122F00CFC2B4B00902B4A2B490020F4
S21400D7E001F07AFA902C29D10DF01AFE03B0BDE8AC
S21400D7F0304022F0D6BF00F16F03DBB201259D401A
S21400D80015F0A90528D19D2833D09C2838D122F0C0
S21400D8104CFC1F490246284603B0BDE8304001F0E4
S21400D8205BBABC28D5D007D85534E4B2042C27D828
S21400D830184B154A184914E0BF28C9E7174B184A71
S21400D8401849BC2C08BF1A46002001F045FA22F001
S21400D850A7FF22F0A6FFC9E79128E9D1094B0A4A9B
S21400D8601149002001F038FA03B0BDE8304023F03B
S21400D87082B80E49284603B0BDE8304001F02CBA05
S21400D88003B030BDDDEF0300EBD10300E6EF03008D
S21400D8902DF003001CF0030024F0030093B60300F1
S21400D8A0D8EF0300F3EF030013F003004AF0030081
S21400D8B007B5094A0346108831B9084A084903B033
S21400D8C05DF804EB01F022BA0091064A064901F021
S21400D8D01DFA03B05DF804FBEC3E00200BD90300F4
S21400D8E074DD0300AFD903005FF003000D4B1B6827
S21400D8F037B504469BB11D7803890093C37A0A4A5C
S21400D9000A49012D4FF0000008BF022501F0E4F996
S21400D9102146284603B0BDE8304026F06ABB70209A
S21400D92003B030BDAC2A0020C86D030089F00300A8
S21400D93010B5002022F07CFF0D4B1B688BB15A7887
S21400D940052A08D88AB9144610460EF03BF8204639
S21400D9500DF0D0FD05E0FF2A07D00649002001F0B3
S21400D960BBF9BDE8104022F069BF05240222EBE7B0
S21400D970AC2A0020D9F0030013B5124C002022F088
S21400D98057FF23689BB101A822F07BFB78B9236878
S21400D9901A789DF804309A4209D0D91E032906D970
S21400D9A0D11E012903D9012A07D1022B05D1032351
S21400D9B001A8ADF8043010F0F1F902B0BDE810404F
S21400D9C022F03CBFAC2A00200023044A194601334B
S21400D9D00A2B918042F8081BF9D17047402A002094
S21400D9E07FB50E4605460FF073FE0F490446034604
S21400D9F02A46002001F070F996B10C4B1A889B78E5
S21400DA008DF80E300323ADF80C200093002203ABF4
S21400DA1036214FF6FC708DF80D5023F04EFA044672
S21400DA20204604B070BD00BFF8F0030010F30300FA
S21400DA30FF2810B50C4604D10020044901F04CF92B
S21400DA40FE202146BDE81040FFF7CABF0FF10300D5
S21400DA50F8B51F460B8806460C461546002B5DD1CA
S21400DA604A88B1F902100029B8BF6B782C4900200B
S21400DA7001F032F96288132A1DD002F5FF417F318A
S21400DA8089B205291FD8A2F50042013A052A1AD8FC
S21400DA90DFE802F0153B19033809224A2249002024
S21400DAA001F01AF90FE0214A1F49002001F02EF973
S21400DAB02A791F49F3E7B5F801201E49EFE71E490A
S21400DAC0002001F009F93B462A46214630461FF061
S21400DAD02CFD70B93B462A46214630461FF027FDEE
S21400DAE0628848F221039A4203D16978304622F0D0
S21400DAF045FE6388B3F5004F02D9082022F057FE92
S21400DB000120F8BD2A790D49C9E70D4A06490020CB
S21400DB1001F0FCF8B5F801200A49C0E70020F0E75C
S21400DB204AF103006FF1030076F1030087F103006A
S21400DB308DF103009BF10300B2F10300CCF103006A
S21400DB40EEF10300F3F10300F0B585B004AB03E992
S21400DB500300184A9DF80D609DF80E7000231C46C1
S21400DB60D9B202EBC1004568EDB99DF80C300093C0
S21400DB709DF80A209DF80B300F49284601F0C6F89C
S21400DB8026B10E493246284601F0C0F80C4ABDF8C8
S21400DB9008300C49002C18BF2246002005B0BDE80E
S21400DBA0F04001F099B812F831100133B94208BFBD
S21400DBB02C46D5E7C8F2030004F2030015F2030072
S21400DBC09662030019F203002DE9F04F85B08046F7
S21400DBD0BDF838700F9DBDF840B0894614461E4605
S21400DBE0002B2FD0454A4649002001F08FF82388A5
S21400DBF0002B74D040F20912934272D0414A424937
S21400DC00B3F5827F18BF0A4601976188009100200D
S21400DC103E4901F07BF8238883B1022F0ED92B787A
S21400DC203B493C4A13F0010F08BF0A4659074CBF50
S21400DC302B79AB783849002001F068F83749002086
S21400DC4001F04AF83649002331F833205A454AD1C4
S21400DC50344A52F833A0002331F8330058454FEACF
S21400DC60C30246D12F4900200A4441F83300908071
S21400DC7046B9238833B9B4F90230002B02DB0820FA
S21400DC8022F053FD012022F092FD9DB12A78D307A1
S21400DC9010D512F0040004D03A460121284622F09E
S21400DCA0B1FDCDE9016000953B4622464946404617
S21400DCB022F0FFFABAF1000F06D0CDE900563B4637
S21400DCC0224649464046D047CDE900563B462246C6
S21400DCD04946404622F092F805B0BDE8F08F124A59
S21400DCE092E7124A90E701330A2BADD14FF0000AB3
S21400DCF0B1E701330A2BAFD1BAE700BF17D1030053
S21400DD0040F203002EF20300976203004AF203007B
S21400DD1039F2030031F2030079F2030093B60300F0
S21400DD20442A0020402A002027F203002BF203009A
S21400DD30014B1878704700BF1A4F0020F8B506460A
S21400DD400C4622F010FD0546B0B9304622F06EFAB9
S21400DD5098B90B4B1F7B87B95A8822809A886280B5
S21400DD609B7923710121304600F040FA39466071F4
S21400DD70304600F03BFAA07101252846F8BD00BFEA
S21400DD80902A002070B504460E46154622F04EFA3C
S21400DD9010B14FF6FF7070BD084B1A7B002AF8D101
S21400DDA046B901222946204600F042FA0028F0D063
S21400DDB00088F0E7012EECD1F4E700BF902A00209F
S21400DDC013B5FF230DF1070104468DF8073022F046
S21400DDD0C8FC18B19DF8070002B010BD074B03EB56
S21400DDE004131B7B0BB1FF20F6E7204600F0B4F8C7
S21400DDF00028F8D0204600F0F3F9EDE7902A00203E
S21400DE0010B5F9F7BBFB0446F9F7BEFB22460346FE
S21400DE101049002000F060FF00F0CCFEFFF7D4FDB4
S21400DE2000F07CF80221084602F0D2F9FFF780FDE8
S21400DE30094B41F249021A80084A52231380084AC5
S21400DE404FF40040138025F044F9BDE81040002050
S21400DE5025F0AFBD13F30300541500205015002025
S21400DE604E15002038B5054622F09DFC80B92846A0
S21400DE7017F0A4FE044618B1752814BF88248D2414
S21400DE80044923462A46002000F026FF204638BDD7
S21400DE908D24FBE729F303000249102309887F221B
S21400DEA021F0E7B87EC803000149082227F06BBFBF
S21400DEB057500020024B18685968FFF745BE00BF50
S21400DEC0561C0400064A0123D15C814202D1054A51
S21400DED0D05C704702335D2BF6D10020704700BF40
S21400DEE03EF303003FF3030070B50A4B1D780A4B60
S21400DEF004460022D0B2854201D8FF2070BD1E78AD
S21400DF00A64204D10029F9D05E7BF607F6D401328A
S21400DF101033EFE71B4F0020902A0020084B012209
S21400DF201A70084B4FF482711A709A71064A59801B
S21400DF309A6040F202314FF4807299809A8170475D
S21400DF401B4F0020902A0020A4F30300014B1878F2
S21400DF50704700BF1B4F0020034B03EB0013587B9A
S21400DF6000F00100704700BF902A00202DE9F04F16
S21400DF708DB0DFF81C8202939DF858300793804BD3
S21400DF8006911B7808EB0313054616460A934FF0D6
S21400DF9000090A9B984501D1862068E02B780393F8
S21400DFA0039A98F80030D8F808A0934240F0E08032
S21400DFB098F80D30DC0709D59AF8043009934FF02D
S21400DFC0000B099A5FFA8BF3934202D308F110080C
S21400DFD0DFE7DAF80070142303FB0B772946384690
S21400DFE022F0ACF8002800F0BE803B89089300239E
S21400DFF008999AB2914202D80BF1010BE1E70C2284
S21400E0005A430B937B6804929C1821462A4638464E
S21400E010059322F0AAF822790B9B002800F09A803C
S21400E020069B03B11C60900624D4564B09EB0308EC
S21400E0300BE01A79910642BFDA7890441FFA88F806
S21400E0400C339C42F5D8504B9844079B63B321464B
S21400E050384622F06AF8DDE90413B5F802905B5AF8
S21400E06002464946039822F065FB38B97E200DB07B
S21400E070BDE8F08F454B4FF00008E2E72379DA065B
S21400E08039D44346B0461E46029AA378002A43D1A6
S21400E090E278A3F14101012940D8013AD2B24146C3
S21400E0A0304622F0A9FC00E00EB90020DFE721464A
S21400E0B0384622F03AF8DDE90413B5F802905B5AC8
S21400E0C002464946039822F033FB0028CED0237937
S21400E0D0DB06D9D52146384622F027F895F8008089
S21400E0E0E2786D880346CDE900622946224640461E
S21400E0F022F02FFBBBE72146384622F016F895F8AB
S21400E10000806D88169603462246294640460DB086
S21400E110BDE8F04F22F01FBB029ABAE7433B012B43
S21400E12006D8023A92B24146304622F07DFCBCE761
S21400E130079BE2781BB9029B0BB193421ED3414664
S21400E1403046B8F1000F02D127F037FEADE727F0D2
S21400E1501AFEAAE712F0300F02BFE2784A441FFA0E
S21400E16082F9013344E77B894B441FFA83F943E77E
S21400E170BAF806304B441FFA83F927E7892076E77A
S21400E1801B4F0020204F00201C4F0020E8F3030008
S21400E190902A002008B50021FFF7A6FEFF281BBF27
S21400E1A0044B03EB00130846587B18BF00F0010031
S21400E1B008BD00BF902A002070B50C4615461E46C6
S21400E1C022F034F840B9054833462A46214680688E
S21400E1D0BDE8704021F0F7BF002070BD902A0020F7
S21400E1E0014B0001185C7047902A002070B50C4661
S21400E1F022F01CF8C0B90D4B9A682AB1157903466F
S21400E2001426D9B2A94200D370BD116806FB0311CB
S21400E210097B34B911F0800F1CBF0130C0B2013346
S21400E220EFE711F0400FF7E70020EDE7902A002017
S21400E230F8B50D46164621F0F9FF034640B90E4ADA
S21400E2409268177904464FF0140CE1B2B94201D334
S21400E2500020F8BD10680CFB0400017B46B911F0E5
S21400E260800F03D09D42F4D00133DBB20134ECE7DB
S21400E27011F0400FF5E700BF902A00202DE9F04F7F
S21400E2803F4BDFF8008193F800A089B006460024D3
S21400E290544506D2FF2E28D0304621F0C7FF04464C
S21400E2A040B309B0BDE8F08F1B68142202FB0535A9
S21400E2B02B89B3F5967F01D920F0E6FE00274FF0B4
S21400E2C00C0B2A89BBB29A421CD809F10109029BA1
S21400E2D043445FFA89F59B681A79AA42E4D8FF2E70
S21400E2E0DFD10134E4B25445DBD208EB04131B7BC8
S21400E2F0002B41D12301029308EB04134FF00009D1
S21400E3000393E4E7BBB268680BFB03FE00EB0E0169
S21400E3100A79D30628D4039B93F800C08DF814C05E
S21400E32012F0400FB5F800C030F80E30ADF816C049
S21400E330284614BF4FF0800C4FF0400CADF81A3052
S21400E3408DF818C021F0F1FE5207CB78ADF81C000E
S21400E3500CD5022B8A6800D912680123009300238B
S21400E360194605A8FFF702FE0137AAE7022B8CBF65
S21400E3708A6801F10802F0E70134E4B288E700BFDA
S21400E3801B4F0020902A002070B5084D084E002430
S21400E3902B78E0B2834200D870BD06EB0010437BBA
S21400E3A0DB0701D522F009F80134F1E71B4F002006
S21400E3B0902A0020F8B50C4600210546FFF794FD8C
S21400E3C0FF2827D0144A02EB0016737B03F00101E6
S21400E3D02CB143F00103737331B10120F8BD74739F
S21400E3E00029FAD014270FE000B202EB001021F04B
S21400E3F0E4FFF2E711687B43CA182846127BC95A25
S21400E400D20921F0FEFC0134B2681179E3B29942D8
S21400E410F0D8E2E70846E1E7902A00202DE9F04F21
S21400E420B1F57C4F85B0CDE9023228BF2B4B019069
S21400E4304FF0000428BFB3F800A000940E4638BF83
S21400E4404FF0010AA1464FF6FF78544503D34046E5
S21400E45005B0BDE8F08FB6F57C4F0CD3204B029A82
S21400E460019803EB840331465B88FFF7A5FE05465B
S21400E470F0B1002718E0029A0198314621F0F4FE28
S21400E480F5E70C23BCB25C43D5F804B0039B3BF81D
S21400E490040098420BEB040105D3009B5BB92846A9
S21400E4A021F043FEA0B901372A89BCB2A242E8D8BF
S21400E4B00134A4B2C9E74845F5D8284621F035FE10
S21400E4C00028F0D03BF80410494501D38045EAD92E
S21400E4D001233BF8049000938046E4E79CF3030096
S21400E4E09EF303002DE9F04F8FB098469DF87030EC
S21400E4F005930023BDF860A08DF82C00ADF82E1013
S21400E500ADF8322005460E46174600931A4608A96F
S21400E5100BA8199C9DF868B09DF86C9008938DF830
S21400E5203080ADF834A0FFF721FD089850B9CDE94A
S21400E5300067594A59492B4600F0CEFB86200FB09B
S21400E540BDE8F08FB9F1000F14D183785B4506D093
S21400E5504846514A524900F0BFFB8D20EFE7037949
S21400E56013F0010306D118464B4A4E4900F0B4FB9F
S21400E5708820E4E703795B0731D583685A689B688F
S21400E58009920A93807822F0B4FA089A92F80390D7
S21400E590B9F1020F034613D807904A46214609A848
S21400E5A022F063FA079B06904A4621460AA822F004
S21400E5B05CFA069B012B01D0013010D18720BEE704
S21400E5C006904A460998214622F04FFA0128F5D0CF
S21400E5D0069B0A984A46214622F047FAECE7059B36
S21400E5E0002B51D1089B4FF6FF729878214621F0F8
S21400E5F061FD00284DD05FFA80F9CDE90294CDE99F
S21400E60000AB43463A463146284622F0B9F8002881
S21400E61095D1CDE90294CDE900AB43463A46314662
S21400E620284621F0A4FE002889D101230093059BEB
S21400E630224619460BA8FFF799FC00287FF47FAF07
S21400E640089B32462946204621F014FE43463A46A9
S21400E65031462846CDE901B4CDF800A0FEF740FDCE
S21400E66043463A4631462846CDE90294CDE900AB0A
S21400E67022F085F8CDF800A043463A4631462846B3
S21400E68021F04DFE00205AE70749002000F024FB49
S21400E690F8E7012053E700BF6CF4030078F40300AA
S21400E6A0A0F40300B4F40300C8F4030070B586B009
S21400E6B000258DF81030BDF828308DF80C00ADF828
S21400E6C00E10ADF81220ADF814300B9ABDF83030AD
S21400E6D0009502A903A80D9E0295FFF747FC044685
S21400E6E030B916B1029B9B783370204606B070BDD9
S21400E6F08928FAD10249284600F0EEFAF5E700BF6D
S21400E700E5F403002DE9F04F4FF0000A89B0FFF75B
S21400E7101DFC5FFA8AF6B04202D809B0BDE8F08F59
S21400E7205B4B5C49360100209A5D00F0D5FA5A49E9
S21400E730002000F0D1FA00230593554B9DF81440B5
S21400E74033449B681A79A24202D80AF1010ADEE72E
S21400E7501B68142202FB04344FF0000922891FFABA
S21400E76089F39A4202D8059B0133E5E7D4F804B052
S21400E7700C231FFA89F803FB08F80BEB080520F0BA
S21400E78083FC2B794549228813F0400F3BF808306C
S21400E79000934FF00000424B18BF0B46414900F073
S21400E7A0B5FA2946204621F0C0FC074600283CD191
S21400E7B03D4900F0ABFA2979DFF814C13B48AA7846
S21400E7C0EB7811F0010F08BF604611F0020F32D14E
S21400E7D0DFF800C111F0100F354918BF6146CDE9CA
S21400E7E000013449002000F091FA2B793BF808200C
S21400E7F02188274813F0400F4FF0000B4FF002031C
S21400E8000DF11C08CDE9023BCDE900780CBF402392
S21400E8108023805DFFF74AFF86280ED12649002018
S21400E82000F05AFA09F1010998E702462349002048
S21400E83000F06CFABFE72249D1E7A87821F065FC22
S21400E840D8B1404621F0E4FF421C92B20123414673
S21400E850002000F0BFF92088394601F0CBF94FF6CA
S21400E860FF73984207D0174B174903EBC0030020ED
S21400E8705A6800F031FA1549D1E7A87821F04BFC28
S21400E88020B1404621F0C9FF821CDEE7EA78DDE7CA
S21400E890902A002037F5030043F503000FF5030028
S21400E8A014F5030083F5030097E3030019F503004E
S21400E8B01FF5030095F50300ADF50300EAF9030024
S21400E8C027F5030058FA030024F3030093B6030069
S21400E8D01CF503002FF503002DE9F04F87B0044622
S21400E8E0BDF84480BDF840B0B8F1040F0F46154699
S21400E8F09A4635D9CDE9013B00920B46024630498F
S21400E900002000F0E9F902260DF113030DF11409B9
S21400E91003932046CDE900B9029653462A46394667
S21400E920FFF7C4FE044638BB9DF813A0324649469E
S21400E930504621F0BFFB064628469EB1A8F10408C3
S21400E940B0450FD3DFF888B021F03EFFBBF80030AB
S21400E950B21CC3F152039A4219DB892000F0FEF87C
S21400E960892405E021F030FF8924204600F0F6F8DF
S21400E970204607B0BDE8F08F009012492B463A4675
S21400E980002000F0A9F9284621F01EFFEDE72046FA
S21400E99000F0E4F8504600F0E1F8BBF800800A48C2
S21400E9A0324649464044B04427F041F9ABF800806F
S21400E9B0064900962B463A46204600F08DF9D7E7E2
S21400E9C0B9F50300EDF50300304F002010F6030004
S21400E9D0DC3E002010B5044C206004480180044949
S21400E9E00A60044A136010BDA82A0020DA3E002000
S21400E9F0A42A0020A02A002030B587B00AAC0D4615
S21400EA0054F8041B0093CDE90114134609490594F4
S21400EA10024609480988006821F0D7FD074B1B68A5
S21400EA201880074B1B684FF48A525D80DA8007B067
S21400EA3030BD00BFDA3E0020A82A0020A42A00200D
S21400EA40A02A002008B410B587B009AB0C4653F8CE
S21400EA50041B0092CDE9011302460B490B480593AF
S21400EA6009880068002321F0B0FD094B1B68188058
S21400EA70084B1B684FF48A525C80DA8007B0BDE80A
S21400EA80104001B0704700BFDA3E0020A82A0020E0
S21400EA90A42A0020A02A0020044A0346116804483D
S21400EAA0044A09881268006821F01CB9A42A0020CC
S21400EAB0A02A0020A82A0020044B054A1B681268DA
S21400EAC01988044B186821F08FB800BFA42A0020CC
S21400EAD0A82A0020A02A002007B5074B1B681B8821
S21400EAE00192064A12680092054A126821F0CEF892
S21400EAF003B05DF804FB00BFA42A0020A82A00206B
S21400EB00A02A0020014B1868704700BFA02A0020EA
S21400EB10024B1B6818715971704700BFA02A00206D
S21400EB20094B10B500241C7021F061FA074B5222E5
S21400EB3018802146064827F040F9064B1C80064BF5
S21400EB401C605C609C6010BD8C4F0020DE3E002088
S21400EB50304F0020DC3E0020E03E002007490B88B6
S21400EB60512B9FBF064AD054581C80B29DBF0880C8
S21400EB7000F1FF3080180020704700BFDC3E002008
S21400EB80304F0020F8B5094F3B885C18512C0D46D5
S21400EB900ADC074E0A46A4B20146F01827F0F3F83E
S21400EBA03C80641BA019F8BD0020FCE7DC3E00207A
S21400EBB0304F0020024B034A1A600020704700BF07
S21400EBC0AC2A0020A2F30300014B1878704700BF60
S21400EBD0902A002030B4044D044C002B0CBF2B466A
S21400EBE0234630BC21F03EBEF3F603003AF603009F
S21400EBF000B589B003780693437805938378049329
S21400EC00C37803930379029343790193837900933E
S21400EC10C3790448044900883E2200F077F809B01A
S21400EC205DF804FBEC3E00203EF603002DE9F047BD
S21400EC30DFF84C80DFF84CA0DFF84C9005460E4617
S21400EC4017460024AC4201D1BDE8F087B8F80000B2
S21400EC5006EBC4015346082221F004FE0134B8F83E
S21400EC6000003FB9044AA54208BF4A46034900F0DF
S21400EC704DF8E7E74A46F9E793B6030002E00300DB
S21400EC80EC3E00203AF603009ABA03002DE9F04164
S21400EC900E4E0446308821F0FDFDA8B10C4FDFF87B
S21400ECA034800025E3070AD518B93088414600F0BD
S21400ECB02DF830882A46394600F028F8002001351D
S21400ECC01B2D4FEA5404EDD1BDE8F081EC3E002048
S21400ECD0E4C9030047F203000EB417B505AA0446BC
S21400ECE052F8041B01920120F8F77AFF054A012129
S21400ECF00220FCF78BFD044B1C8003B0BDE81040DF
S21400ED0003B070479ABA0300EC3E00200EB417B565
S21400ED1005AA044652F8041B01920120F8F760FF8A
S21400ED20034B1C8003B0BDE8104003B0704700BF23
S21400ED30EC3E002013B503680446587900F02CFF1B
S21400ED4080B923685A88032A0CD0E17C5B79CDE928
S21400ED5000211449144AFFF7BFFF0121204621F085
S21400ED601CFE1BE0637D012B0AD0637D33B923684C
S21400ED70228A5988587921F065FA48B9C321EDE707
S21400ED802368228A5988587921F065FA0028ECD041
S21400ED90204621F081FD01460028DFD1012002B087
S21400EDA010BD00BF53F6030014710300002970B5B0
S21400EDB00F49104E1D46104B14460CBF6E2279228A
S21400EDC0002808BF0B460D490020FFF79FFF25448B
S21400EDD0AC4205D1BDE8704009490020FFF77CBF72
S21400EDE014F8012B31460020FFF790FFF0E700BF34
S21400EDF087F60300C4F603007DF6030090F60300D2
S21400EE0032DD03002DE9F04F427D036890F8149040
S21400EE1090F813B0866885895F88002A8BB014BF87
S21400EE2080224022044658790592C84600F0B4FE77
S21400EE3098B9BBF1050F05D86FF02D0343FA0BF315
S21400EE40DB070AD5032F08D0AF490020FFF744FFA1
S21400EE500121204621F0A1FD7CE0E37B73BB607DB1
S21400EE60AA4AB0FA80F040091380C000FFF776FE89
S21400EE70E37B93B3208A21F0A7FC8246A07CFFF7B1
S21400EE806DFEBBF1160F00F2B281DFE81BF0280022
S21400EE90B6017D006700EA017D00AA01F301B20118
S21400EEA0FC0105020E024D012502B001B001B001C1
S21400EEB03802820238029F024D012502238A002B67
S21400EEC000F09581607D914BB0FA80F040090022F9
S21400EED0C0001A8040F00400C8E79A46CEE78C4A85
S21400EEE08C49DFF828A23B460020FFF7F5FE0120FC
S21400EEF0FFF734FE08F10209A94529D841462A46FB
S21400EF00304621F07FFC236880465879BAF80030F6
S21400EF10C3F152039BB20193238A00934246059B9A
S21400EF2039461EF005FB10B11FFA89F8E2E72368A0
S21400EF305879BAF80030C3F152039BB20193238A82
S21400EF4000934246059B3946FFF7C6FC8928EBD15D
S21400EF5021F020FD01200BB0BDE8F08F0420FFF764
S21400EF60FDFDEB1E4FF0000A0893089B984550D312
S21400EF70BAF1000FECD1E37B94F81480002B634BBE
S21400EF800CBF022204221A800420FFF7E7FD0023AC
S21400EF900693994608F1030A554540F2A1802A4691
S21400EFA04146304621F02EFC06EB0803EA1E9B780D
S21400EFB00790B244A2EB080292B251461846099353
S21400EFC021F078F8089000287BD02268099B5079B9
S21400EFD0079ACDE901A3238A00933946059B21F0C1
S21400EFE087FA079B4C4982463A460020FFF78EFE7A
S21400EFF0BAF1000F55D1069B48490133DBB25046A3
S21400F0000693FFF769FE089B033343441FFA83F811
S21400F010C0E72A464146304621F0F4FB06EB0803DB
S21400F02008F1030193F80290089B0690A3EB0802F0
S21400F030314492B24846099121F03CF8079068B3F3
S21400F040236809995879CDF808900191238A00938E
S21400F0503946DDE9053221F097FA8146C0B14846C7
S21400F060FFF77CFD069821F0AFFB069B2A493A463F
S21400F0700020FFF731FE2A494A460020FFF72CFE03
S21400F0800AF1010AB9F1800F5FFA8AFA3FF470AF0D
S21400F090079B033343441FFA83F866E74FF0800963
S21400F0A0DDE75046FFF75AFD079821F08DFB09F182
S21400F0B001091B49524600205FFA89F9FFF70CFE4A
S21400F0C0A1E78720FFF74AFD079821F07DFB09F1AD
S21400F0D001091349089887225FFA89F9FFF7FCFDB2
S21400F0E0BBF1050F3FF436AFB9F1000F7FF430AF38
S21400F0F0069B2BB90B491846FFF7EEFD8021A8E6C4
S21400F1004846FFF72BFD23E7B4C80300DC3E00208B
S21400F110CAF6030013F70300D4F6030037F603001D
S21400F120EEF60300F6F60300BBF1150F00974CD081
S21400F1300020B54BB54AB649FFF7CEFD0D20FFF7C8
S21400F1400DFD2A464946304621F05CFBB144BBF132
S21400F1500C0F99F8026005463FD1192E28BF1926D4
S21400F160E37BBBB1B4F810804FF6FF73984511D11E
S21400F1702068059B40792A463946FFF74FF94045F7
S21400F18008D0BAF1000F05D020828AF80000000AE5
S21400F1908AF801009F4B0020B3F80080FFF7DEFCE2
S21400F1A02368ABF1150C5879DCF1000343EB0C0334
S21400F1B0CDE90163238A00932A46059B394621F050
S21400F1C024F9954B03F80800C2E60020934B8F4ABB
S21400F1D08F49FFF781FD1620B1E7132E28BF1326AF
S21400F1E0BEE72046FDF7F0FD00287FF4B3AE812190
S21400F1F02FE62046FDF7AEFAF6E70A2F06EB0908DB
S21400F200A5EB090A22D1DFF818B29BF80030EBB163
S21400F210E37BDBB9BAF1080F18D12A4649463046D7
S21400F22021F0F0FA90B998F802307BB998F80320EC
S21400F230E22A0BD12A4609F104013046059321F053
S21400F240DEFA21F094FB059B8BF800301FFA8AF259
S21400F250414638461EF06EF900287FF47BAE00214A
S21400F260F7E5A5EB090292B206EB0901384621F054
S21400F270A7FAF1E7A5EB090292B206EB09013846B8
S21400F28021F05DFAE8E7A5EB090292B206EB090168
S21400F290384621F083FADFE7A5EB090292B206EBC7
S21400F2A0090138461EF048F9D6E716F809502368D3
S21400F2B009F10109587916F80960238A0193059B1C
S21400F2C000932A463946334620F0D7FF3246294671
S21400F2D0384621F036FA3DE609F1010216F8091023
S21400F2E0AB1AABF1160568426841003900909BB234
S21400F2F0324418BF0121384621F025FAACE716F84B
S21400F3000950B144BBF1110F99F801603BD11220AE
S21400F310FFF724FC4FF00008E37BB3B1B4F810907D
S21400F3204FF6FF73994510D12B463A462146404684
S21400F33021F066F8484508D0BAF1000F05D02082C3
S21400F3408AF80000000A8AF80100DFF8C890DFF8A3
S21400F350C8B0B9F800A0CDF80490CAF1510292B234
S21400F3600AF1010300925B44CDE902563A46214673
S21400F370404621F048F8B9F800300BF80A0001338F
S21400F380A9F80030E4E51420FFF7E8FB4FF0010889
S21400F390C2E709F101039D4234D316F809801E44E2
S21400F3A0B8F10008A5EB030318BF4FF001089DB2A3
S21400F3B02B46324641460020FFF7F8FC0095218A8E
S21400F3C033464246384621F0C2F945E709F10103C3
S21400F3D09D4217D316F80980ED1AB8F1000818BF39
S21400F3E04FF001081E44ADB22B463246414601207E
S21400F3F0FFF7DCFC0095218A33464246384621F06A
S21400F400A4F929E70020A6E593B6030007F7030052
S21400F41011F70300DC3E0020304F002020F70300E9
S21400F420824F002038B54FF6FB750446A9429DF87A
S21400F4301000626098BF43F40043012121702381CD
S21400F440A0720A4A0A4902230020FFF745FCE07A28
S21400F450084B40F6CA0203EB4010FF211FF0F4FFF2
S21400F460BDE83840042021F060B900BF25F703004E
S21400F47030F70300F02A002030B5054685B028B9DD
S21400F4801D4905B0BDE83040FFF726BC0024007BD0
S21400F49021F0CEF9194A1A492C702046FFF71CFCB9
S21400F4A0184BE87AFF2103EB40101FF0DEFF164BE7
S21400F4B0204602019A5C22B901300428F9D121F0D5
S21400F4C076F9696899B1B5F908302A899B1303F073
S21400F4D002038DF80430C2F30E03ADF806304FF683
S21400F4E0FF73ADF808300023039301A8884705B0E2
S21400F4F0BDE8304021F0A2B95BF7030025F7030012
S21400F5008DF70300F02A0020B02A0020094803786F
S21400F51073B9094A1946D3720133042B117311705B
S21400F52051601181917202F11002F4D1012303702F
S21400F530704700BF834F0020B02A002008B5FFF7B1
S21400F540E5FF064900231A0101EB03108A5C1AB195
S21400F5500133042BF7D1002008BD00BFB02A0020DD
S21400F56070B506460D46FFF7D1FF0A48002300EBAC
S21400F5700514A17AB14205D1217819B12B4400EBCC
S21400F580031070BD0133042B04F11004F1D10020E8
S21400F590F7E700BFB02A002010B50446FFF7B6FF15
S21400F5A00E4B9C4212D003F12002944210D003F17D
S21400F5B0400294420ED060339C420DD1032308488B
S21400F5C000EB0310BDE81040FFF756BF0023F6E738
S21400F5D00123F4E70223F2E70020F3E7F02A0020F5
S21400F5E0B02A002070B5074D074E00242846324644
S21400F5F000210134FBF738FE042C05F12005F5D177
S21400F60070BD00BFF02A002099F500002DE9F341F7
S21400F61005460C4617469846FFF790FF064640B943
S21400F6201C4A1D49FFF758FB7024204602B0BDE86F
S21400F630F0814FF6FB739D420AD94FF6FD739D424B
S21400F64004D0144A15490020FFF746FB4FF6FD7517
S21400F650434621463A46284621F05FF9044600F024
S21400F66015FE804634B10B4A0D4923460020FFF7AD
S21400F67033FBDAE73B462046064A0A49FFF72CFBEF
S21400F680089ACDF80080062329463046FFF7CAFEC2
S21400F690CBE700BF25F703009AF70300C4F7030083
S21400F6A0F9F7030020F80300F7B506460F46FFF704
S21400F6B045FF054638B9104A1049FFF70DFB702480
S21400F6C0204603B0F0BD002240231146304625F008
S21400F6D0D7FC044617F012FC34B1074A0849234603
S21400F6E00020FFF7F9FAEBE7009001233A4631468F
S21400F6F02846FFF797FEE3E725F703009AF703008F
S21400F70047F8030073B504460E46FFF717FF054695
S21400F71038B9104A1049FFF7DFFA7024204602B0C5
S21400F72070BD00222046114625F0B2FC044617F0B4
S21400F730E5FB34B1074A094923460020FFF7CCFA17
S21400F740ECE70090234632464FF6FC712846FFF75A
S21400F75069FEE3E725F703009AF7030073F8030052
S21400F7602DE9F043884610789FB0002114461D46C8
S21400F770FFF7F6FE0646002800F001810778002F06
S21400F7807ED0B8F80010002940F0F9800389B8F858
S21400F790022043F40040824240F0F1806178002964
S21400F7A06ED1A2F50042062A00F2E980DFE812F0E8
S21400F7B0A400A400E700E7000700BB006C00E38895
S21400F7C0E17AADF824302389ADF8263063798DF8D8
S21400F7D028308B1D0D3D14F813208DF8141015F0ED
S21400F7E001058DF81C2046D10BA8069004F10C0CE0
S21400F7F080465FFA85FE8E450CF1020C09D21CF895
S21400F800019C1CF802EC0EEB092E28F802EB0135E1
S21400F810EFE75B00013300EB41000A4403F0FF030F
S21400F8200890D2B28A420FD01EA800EB4105E0181D
S21400F830013190F801C0E05C023300EB0C2025F8A3
S21400F8404C0CC9B2DBB2EDE7B6F908203389002AC2
S21400F850B4BF03220122C3F30E038DF80820ADF8CF
S21400F8600A306288ADF80C2005AB049302A9304636
S21400F87021F03EF804E0434A43490020FFF72CFA03
S21400F88038461FB0BDE8F083042D02D83D4A3F49F4
S21400F890F3E72379B4F80280053DADB29D4202D06D
S21400F8A0384A3B49E9E73B4A3B4B3C49CDF80080A8
S21400F8B0002D18BF13460020324AFFF70DFA053414
S21400F8C08DF81450B6F90830069485B1002BACBFFD
S21400F8D0012303238DF82C303389ADF83080C3F331
S21400F8E00E03ADF82E3005AB0D930BA9BFE7002B2A
S21400F8F0ACBF06230523EDE70B2DC7D9D4F80200CD
S21400F900D4F8061005AA03C213F4004F14BF03224E
S21400F91004228DF82C20C3F30E036289ADF8302044
S21400F920ADF82E30DFE7042DB0D96388ADF830305F
S21400F93023790533DBB29D4206D0124A184900955A
S21400F9400020FFF7C9F99BE70E4A16490020FFF78B
S21400F950C3F93389B6F90820C3F30E03ADF82E3089
S21400F96005AB002A0D9304F10503B4BF0322012260
S21400F970069323798DF82C208DF81430B5E70027F0
S21400F9807EE700BF25F703009EF80300C6F80300D5
S21400F990DAF8030093B6030083D0030001F90300EE
S21400F9A01DF903005EF90300334BB0FBF3F2F0B52C
S21400F9B003FB12004FF46165B0FBF5F3DCB205FB08
S21400F9C013033C25B3FBF5F3DBB24B71A0EB04103D
S21400F9D0C3EB0313A0EB83004FF4FA630B8040F2F3
S21400F9E001134B80254E887101230C7100201F46A1
S21400F9F06425904229D091F802C043B1BCF1020FB1
S21400FA0005D14FF01D0E06E04FF0010C002306EB6B
S21400FA100C0414F801ECCC78744513BF01340CF1D7
S21400FA20010C0124E4B208BF81F802C0CC708C78C7
S21400FA300D2C00F10100DCD10B888F7001339BB2D6
S21400FA409C070B8002D08242DED1F0BDB3FBF5F4FA
S21400FA5005FB1434A4B224B18242F6D001239C469E
S21400FA60D5E74FF4C874B3FBF4FC04FB1C339BB21D
S21400FA70B3FA83F35B09BCE78051010099F90300F0
S21400FA8010B588B006A90446FFF78EFF9DF81E3015
S21400FA9003939DF81D3002939DF81C300193074890
S21400FAA0BDF81830009304949DF81B309DF81A207A
S21400FAB003490088FFF710F908B010BDEC3E00209F
S21400FAC077F9030008B50268154B1188198051882C
S21400FAD0598051791971117959714FF48A51D98029
S21400FAE0D28812F0200F0CBF0A464FF48B52DA80F1
S21400FAF081690C4A137831B90B49C088088023F015
S21400FB000203137008BD43F002031370074B15225F
S21400FB100131184626F037F9002200F8012CF1E7EB
S21400FB20E03E00208C4F0020DE3E0020EF3E00200E
S21400FB3010B5174C2368587920F078FB00BB154B9E
S21400FB40227F197B91421BD15A88236819888A42E2
S21400FB5005D04FF6FF70814212D1120410D42279DC
S21400FB60023A012A06D9A37B63B9BDE810400848CB
S21400FB70FFF748B91989587920F024FE0028F2D1F9
S21400FB80002010BDBDE810400148FFF7D3B800BF05
S21400FB90742B0020902A002008B520F047FB10B9EF
S21400FBA0024B187808BD0020FCE700BF914F0020EC
S21400FBB008B5002020F03CFEFF2020F058FB20F087
S21400FBC03DFEFEF7C3F901210246064826F0F5F889
S21400FBD0054B064A06485221FEF7FCFEBDE80840E3
S21400FBE0FEF7D2BB914F0020E03E0020DC3E002016
S21400FBF0304F0020F0B50D4F044600224FF6FF753B
S21400FC0090B2034637F83060AE4201D12846F0BDC8
S21400FC10A64209D1B4F57C4FF9D307EBC3035B8842
S21400FC208B42F4D00029F2D00132E9E758FA0300FB
S21400FC3010B50446FFF7DEFF094A034610884FF664
S21400FC40FF72934217BF074A0749084902EBC303EE
S21400FC500CBF22465A68BDE81040FFF757B800BFF1
S21400FC60EC3E002058FA0300A5F9030024F3030035
S21400FC70034B18780130C0B2187000F07F00704750
S21400FC8084150020044A137818B143F0010313705A
S21400FC90704703F0FE03FAE78C4F0020014B187004
S21400FCA0704700BF8F4F002038B1074B1B78012BE1
S21400FCB004D1038843F0400303807047022BFCD135
S21400FCC0038823F04003F7E78F4F002068B1074A08
S21400FCD01378012B07D1064B1B781370037843F07B
S21400FCE01003037001E0022BF8D070478E4F0020FF
S21400FCF08D4F002073B5244E3378D907024640D482
S21400FD002249096881B10868C1888D0641BF204C28
S21400FD10E18841F02001E180C1884C0641BF1C48C3
S21400FD20C18841F04001C1801A4D1B4928780978E6
S21400FD3040074CBFE9706970184913F0020409883F
S21400FD4009D0144A164820F015FD337823F0020334
S21400FD50337002B070BD134B18884FF6FB73984291
S21400FD6008D8CDE900520B46094A014620461FF046
S21400FD708DFFEEE70092074B0A4605491FF06DFF20
S21400FD80E7E70020E5E700BF8C4F0020702B00203F
S21400FD90E03E0020304F002085150020DC3E00208D
S21400FDA0EE3E0020DE3E002070B50379012B0446AF
S21400FDB00D46164631D883681B78DB0600D561B33E
S21400FDC0A37B13B9E37C0B2B27D0154B00221A809C
S21400FDD0637DB3FA83F35B09D800E37BABB9FEF728
S21400FDE0BDFEA07CFEF7BAFE0B20FEF7B7FEE07C59
S21400FDF0FEF7B4FE2846FEF7B1FE2046FFF762FE89
S21400FE003046BDE87040FFF775BF40F00400FEF7CF
S21400FE10A5FE208A20F0D8FCE3E7002070BD00BFD6
S21400FE20DC3E0020F0B4054618460F4B0F4E1B78FC
S21400FE30012B0C46BDF8101001D0377827B10023EF
S21400FE4033700020F0BC70470CB9002AF9D143B1DA
S21400FE504FF65743994204D02B462246F0BC20F07A
S21400FE606CBC0120EEE700BF86150020904F0020F6
S21400FE702DE9F04F664E674C8446964698460F46E8
S21400FE800FCE25460FC596E80F0085B085E80F0013
S21400FE90DDF83C90BDF838300093CDE90194434638
S21400FEA072463946604600F0DBF8DFF89081064679
S21400FEB070B90025FEF734FE16220021564825F0BC
S21400FEC07CFF00232846C8F8003005B0BDE8F08F58
S21400FED0524BA27C1A70524BC8F800401B78002B7D
S21400FEE036D020F046FD4F4902460020FEF70EFFB2
S21400FEF022684D495379528800920020A289FEF765
S21400FF0005FF002020F0C6FC20B12368218A58880F
S21400FF10FFF78EFEE37B23B1228A44490020FEF7DA
S21400FF20F5FEA36842491A78E37C0093A37C002080
S21400FF30FEF7ECFE207DA289A168121A0144012377
S21400FF40002092B2FEF746FE3A490020FEF7C4FEB5
S21400FF503048FFF7B7FD2F481DF0E5FA054630BBE1
S21400FF60B9F1000F25D12168E0880B880190BA1EF0
S21400FF7049880091032A8CBF00220122E07C0121DF
S21400FF80FFF750FF38B923685B79FF2B3AD0FFF7AD
S21400FF90CFFD05468EE72368DB889A06F3D4264C09
S21400FFA01C480121217020F0F8FC84F800903546AA
S21400FFB080E7B9F814309B07E5D47AE75846FEF791
S21400FFC00FF982465846FDF7C7FF88B12368228A94
S21400FFD05988504620F02DF950B13846FFF772FD8B
S21400FFE0236889F804A083F805A0FFF7A1FD00B9EF
S21400FFF0284601360546FDF7A9FF5FFA86FB5845F9
S214010000DCD857E7034FDFF838900026F3E700BF48
S21401001020FA0300742B0020EE3E002085150020F8
S21401002083150020BDF90300C5F90300E3F90300B9
S214010030EEF90300B1CA0300904F0020702B002098
S214010040E03E0020054A0023D15C814202D31A44D7
S214010050507870470233DBB2F6E700BF0CFA0300B4
S21401006073B51546089C2E7816F0040F0CBF0326B0
S21401007005269E421A4608D9224A234900960020A0
S214010080FEF72AFE002002B070BDBDF818302171BF
S2140100902060E380A560A2812B7803F00103A3739F
S2140100A02B7803F00403002B14BF01210021E17318
S2140100B02978C1F3C00161754FF00101217518D08F
S2140100C0284620F09FFB237D208202332375227D64
S2140100D0531CDBB22375A95CA1740232D2B222751D
S2140100E0EB5CE374A3899A4205D900920749054A55
S2140100F0C5E72382EBE7079BA36100232377012053
S214010100C1E700BF17D1030070FA03008CFA0300A1
S2140101102DE9F341244E254FDFF8B0800024E0B2EC
S2140101200BF092F9FF2805460ED1214A23460121FC
S2140101300220FBF76BFB307801341EF07AFF152C9A
S214010140EDD102B0BDE8F081020657F8243010D593
S214010150184A00920121184A0220FBF757FB84B97E
S214010160EB074CBF154A164A01210220FBF74EFB4E
S214010170E1E7114ACDF8008001210220FBF746FB9A
S214010180D9E7032CECD00A2CD5D10E4B0E4A15F02C
S214010190010F18BF1A4601210220FBF737FB307802
S2140101A01EF047FF0B24BAE787150020FCFB03006F
S2140101B0BDFA030093B60300E5FA0300FAFA03005A
S2140101C010FB0300A8FA0300B2FA030083D0030071
S2140101D0034B1870034B1970034B00221A707047BB
S2140101E0934F0020944F0020924F00202DE9F74FA7
S2140101F0DFF89080224F98F800303C7805460E468E
S214010200002B3AD04FF6FB73984236D8DFF878A029
S2140102104FF0000B98F800309AF800005FFA8BF95F
S2140102204B450ED948446946C0B215F071FE082206
S2140102303146684625F097FD0BF1010B0028E9D100
S2140102404C463B78A34208D198F80020631CDBB2E9
S2140102509A423B7004BF00233B709AF800301C445E
S214010260E4B23146204615F047FF30B9294620460C
S21401027003B0BDE8F04F15F037BE03B0BDE8F08F10
S214010280924F0020944F0020934F0020024B187885
S21401029000F07F00704700BF954F0020034B187891
S2140102A00130C0B2187000F07F007047954F0020F3
S2140102B030B585B00024ADF80A20021D92B2012A9D
S2140102C01D46ADF80840ADF80610ADF8044003D958
S2140102D04FF6FF72904207D1064A2B46127801A9C3
S2140102E024F064FC05B030BD014601AA204612F098
S2140102F059FCF7E788150020004870476642002041
S214010300014B1878704700BF9F150020014B1888D5
S214010310704700BF2C150020014B1878704700BFAE
S21401032098150020014B1878704700BF8F150020E4
S214010330014B1878704700BF9215002008B5084B8E
S21401034000221A605A60F7F7B3FA064B1870F7F7EF
S214010350AFFA054B1870054B1A78054B1A7008BD95
S214010360823B0020DF4F0020DE4F0020901500204A
S214010370DD4F002000B5002193B008466A4609F01B
S214010380DDFD0146C8B90E4B0E4A09930E4B0A9382
S2140103900D920E4B0E4A0B930E920E4B0E4A0C9379
S2140103A0CDE90F230D4B11936A460AF0A7F80038E2
S2140103B018BF012013B05DF804FB0120FAE700BF67
S2140103C04F3A0300BDF70100DB3B030079F702005B
S2140103D025C10100593C0300950E020025F20100DB
S2140103E0074B1878112803D8064B0341DA0704D5C2
S2140103F0A0F143035842584170470120704700BF9F
S214010400E14F0020CBFFFDFF08B5064B1B78013BF3
S214010410022B05D80020FFF7E3FF0138C0B208BD64
S214010420FF20FCE7E24F00202DE9F74F414B0193F7
S214010430414B424A1B78DFF84491DFF84481DFF8EC
S21401044044E1DFF844C13E4F3E4E3F4D3F494048F0
S21401045002EB431A019B524503F1200309F12009DF
S21401046008F120080EF1200E0CF1200C07F12007F0
S21401047006F1200605F1200501930FD1354B334DCA
S2140104801C78354E354B324F00221146D0B284428D
S21401049003F1200346D803B0BDE8F08F304B314C52
S2140104A05360002349E907432F4CDFF8E0B01160A1
S2140104B048E907432D4C13614EE907432C4C49F894
S2140104C0201C4CE907432B4C48F8201C47E90743FE
S2140104D0294C4EF8201CC2E9023049E9050348E9D7
S2140104E005034EE905034CE9050347E905034CF806
S2140104F0201C47F8201C46F8201C46E90743019CAF
S21401050045F8201C45E907B3DFF884B044F8201C01
S21401051046E9050345E9050344E907B344E905034C
S214010520203297E743E9085643E9061743F8101CBB
S2140105300132ABE7FC350020A51500201C37002052
S2140105405C3600203C3600201C360020D83B0020BC
S21401055093B603009D150020753E02009C360020D0
S214010560D9E901002B3F0300CDFD01003D890200C2
S2140105703D500300792002008F0F0300FC36002057
S214010580DC360020BC3600207C36002025B1020077
S21401059059E60100044B00F1100250F8041B43F821
S2140105A0041B9042F9D17047E34F0020044B03F13E
S2140105B0100253F8041B40F8041B9342F9D170470C
S2140105C0E34F0020014B93F95A007047183B002077
S2140105D0F0B5071D0546002293B00C4638460821A3
S2140105E023F0A8F96A7B0646D0070BD5687808A9D8
S2140105F021F063F9DDF83D306B60DDF841307B605A
S21401060080B101E0910702D42D2013B0F0BDD200D5
S21401061002F080020121384621F05AF9FF2868705D
S214010620F2D0E6B1192319466A7801A81EF014FD26
S2140106309DF81C305B0604D50B484FF4C071F6F7E5
S214010640DDFF234603AD07AC2A4603CAA242186063
S2140106505960154603F10803F6D10020D5E708A92D
S21401066021F02BF9CCE700BF5FFC03002DE9F04336
S21401067007468BB01D4888461646FFF797FF0025AC
S214010680002D01AB194A0CBF36205C200024994688
S21401069012F8011B0134E4B24140102C03F8011B8F
S2140106A0F6D105A823F07DFF4A46214605A823F08A
S2140106B07CFFBDB941463A4605A823F0DDFF05ACEF
S2140106C032460DF1240C234603CB6345106051607E
S2140106D01C4602F10802F6D115B10BB0BDE8F08355
S2140106E00125CDE732462146E6E700BF135000203C
S2140106F02DE9F04F99B0DFF8E880DDF890909DF88D
S2140107008CB09DF8886088F800B0174682460C4683
S2140107101D462022304B0F93002110A825F04DFBDB
S2140107204F4504D02A463946484625F02CFB4FEA69
S2140107300B4303F47C1343F0A86343F480737819E6
S214010740711B09EB050C6CB30DAACDE90AB209EBD6
S214010750060209920EAACDE907120D22CDE9051C63
S214010760CDE90350CDE900A21C49029710220FA83B
S214010770F5F764F807460FA821F0D5F817F1950F9D
S21401078024D02FBB0E9B761BF6B29E4220D10CB313
S21401079098F800000D9B984214BF2120002019B044
S2140107A0BDE8F08F0EAACDE90912BA19CDE90512F6
S2140107B00D22CDE90350CDE900A2CDE907BC0749DA
S2140107C0029710220FA8F5F7FBF8D3E72C20E6E7EF
S2140107D02120E4E72046E2E70024800013500020B1
S2140107E0A6150020F0B51B4B93B0002607460C4615
S2140107F01546314620220AA8CDE9086325F0DDFA20
S21401080008AB1022DFB1CDE90523CDE90325CDE9FB
S2140108100164114B1149009609A8F5F75FFA0446E1
S21401082009A821F080F814B9089B102B04D00C48B5
S21401083040F23E21F6F7E2FE002013B0F0BDCDE90E
S2140108400323CDE90125044B0449009409A8F5F7D3
S214010850C7FAE4E700248000004440041350002057
S2140108605FFC030030B5054689B0694620F025FED9
S2140108706B8804ACABB122462946684620F096FD4B
S2140108800E4A08AD234603CBAB42106051601C46AE
S21401089002F10802F6D10948FFF77CFE002009B0F4
S2140108A030BD064D6B461A4603CAA24228606960EF
S2140108B0134605F10805F6D1EDE700BF13500020F9
S2140108C050B10B4B0B4A03F1100153F8040B42F8DD
S2140108D0040B8B42F9D17047064B054A03F1100110
S2140108E053F8040B42F8040B8B42F9D1704700BF52
S2140108F013500020F34F002008B51022024825F0BF
S21401090042FA002008BD00BF0350002008B5084683
S2140109101022024925F037FA002008BD03500020B6
S214010920F0B587B0054603A80C4614F033F9014626
S214010930002847D1BDF80C30980643D51022204632
S21401094025F03BFA01A813F0D7F8B8B16E7B16F084
S214010950020F05F1040706D0082201A9384625F042
S21401096002FA00282CD101AB03CB46F002066860E0
S21401097079606E73238843F008032380238843F04D
S2140109800203238012F0A4FC606023F025F830B146
S2140109900D4B1B68A360238843F0040323800B4B95
S2140109A01A68D1035EBF238843F010032380130225
S2140109B042BF238843F400632380002007B0F0BDC4
S2140109C02D20FBE72420F9E74C3700205037002084
S2140109D02DE9F04F91B09B460B1E0A93AC4B1A9E25
S2140109E0904614BF8146994600249BF8000060B9E2
S2140109F044450A992CBF08F1FF322246434600209F
S214010A00C847204611B0BDE8F08F25280BF1010B31
S214010A1006D022460A99651C4346C8472C46E4E799
S214010A2000230DE02D2A2AD0302A06D0303A092A92
S214010A304FF0000711D80A2532E043F001038B4638
S214010A40594611F8012B2B2A1CD0EBD8202A1CD092
S214010A50232A1DD02A2A2BD000279BF800202E2AD5
S214010A6064D19BF80110A1F1300009280BF10102B5
S214010A7043F4806351D800254FF00A0C26E043F07A
S214010A800203DCE743F00403D9E743F00803D6E7A3
S214010A9043F01003D3E705FB0722A2F130078B468C
S214010AA0594611F8012BA2F130000928F3D9D4E7F1
S214010AB056F8047B002FBCBF43F002037F428B46EF
S214010AC0CBE70CFB0511A1F130050246104610F8E4
S214010AD0011BA1F1300EBEF1090FF2D9114611F832
S214010AE0010B6C282CD024D8682830D06A2837D03F
S214010AF011468B461BF8010B672875D857284BD82B
S214010B00452807D085D9462800F03181472880D16D
S214010B1043F4006343F0200341E12A2907D156F844
S214010B20045B0BF1020225EAE575D7E75A46002574
S214010B30D4E7742801D07A28DAD143F48073D8E751
S214010B4050786C28F9D143F44073911CD1E7507862
S214010B50682802D043F08003CBE743F0C003F4E7F4
S214010B6043F40073C5E70A2A00F06681072A7FF47A
S214010B7050AF43F0210305930823CDE90353102317
S214010B80CDE9011356F8043B00930A9943462246E1
S214010B90484620F0B9FFFCE0A0F158020F2A3FF6C4
S214010BA038AF01A151F822F0190C0100130A010017
S214010BB0130A0100130A0100130A0100130A0100B7
S214010BC0130A0100130A0100130A0100130A0100A7
S214010BD0190C0100C10D0100190C0100970D01004F
S214010BE0730D0100970D0100A0F16902D2B20F2A20
S214010BF03FF60FAF0121914049F2410C11EA0C0179
S214010C00B1D0782803F4806122D1002900F09080C9
S214010C1023F00D02102307E0622803F4806220D13E
S214010C2042BB23F00C02022312F4007100F0838011
S214010C30CDE907720022CDE9043206F1070A2AF04F
S214010C40070A06950292FAE80223CDE900233DE061
S214010C506F2812D123F00C0209B123F00D020823EC
S214010C60E2E7582816D1002A39D123F00C0242F0C7
S214010C702002CFE723F00D02D5E7692823F0100202
S214010C8030D023F01C0209B123F01D020A23CBE762
S214010C904719030042BB23F01002930527D50736F8
S214010CA026F00706B24671685AF8083B0695CDE964
S214010CB007720A26CA0F00270029CDE904670292A7
S214010CC002DA5B4261EB4101CDE900310A99434604
S214010CD02246484620F05BFF0446564685E623F04A
S214010CE00D02C4E70029D8D023F01102D5E7D005BC
S214010CF006F1040A01D5336802E0510613D53378AC
S214010D000395CDE904720A220292002B4FEAD372B0
S214010D100192B8BF5B4200930A9943462246484671
S214010D2020F0F2FED8E71306E5D5B6F90030E7E77E
S214010D3023F00C026EE7D00506F1040A06D5CDE9CC
S214010D400472CDE9023501913368E4E7510608D50E
S214010D503178CDE902350023CDE90472CDE90013DF
S214010D60DAE7316812F0800F18BF89B2F1E743F075
S214010D702003CDE90373073626F007060295F6E849
S214010D8002230A99CDE90023484643462246EFF757
S214010D908FFC044629E6672801D143F40063CDE9B8
S214010DA00373073626F007060295F6E802230A992A
S214010DB0CDE90023484643462246EFF7B5FAE8E771
S214010DC013F0020523D04FF0010A631C0B930A9916
S214010DD016F8040B43462246C8475DB30B9A5446A1
S214010DE01EE00A9943462020C8470AEB04020AF18E
S214010DF0010A5745F5D8002F07F1FF3308BF002336
S214010E0007F1010A1C4408BF4FF0020ADDE7AA46B3
S214010E10EBE7551C0A9943462020C84701342A4669
S214010E20BC42F6D30B9AA7EB0A03574538BF0023FB
S214010E301A440B920B9CD8E53246002D52F8046BEF
S214010E400B9214BF29464FF0FF31314432461078D9
S214010E5008B18A4211D1A2EB060A13F480620C9201
S214010E6002D0AA4528BFAA4613F002030D931BD150
S214010E70AAEB040322460F9308E00132E7E7531C6E
S214010E800E930A9943462020C8470E9A0F9BD31803
S214010E909F42F4D8A7EB0A03574538BF00230AF14F
S214010EA001021C4403EB020AA31B0E9304E01D4639
S214010EB00A9943462246C8470E9BF41816F8010BBA
S214010EC028B10C9B002BF3D06B1E002DEFD10D9B90
S214010ED093B12246AAEB040505E0561C0A9943463F
S214010EE02020C847324653199F42F6D8A7EB0A037B
S214010EF0574538BF00231C440B9E76E50FB41FB53B
S214010F0006AA02A952F8043B0392009204484FF045
S214010F10FF32FFF75DFD05B05DF804EB04B07047E6
S214010F202D1C03000CB41FB506AC0A4654F8043B4E
S214010F300094014604480394FFF74AFD04B0BDE857
S214010F40104002B0704700BF3F1903001FB50346AB
S214010F5000914FF0FF3203A90248FFF739FD05B0B3
S214010F605DF804FB2D1C03001FB5CDE902010093BB
S214010F7002A9134603484FF0FF32FFF729FD05B0DB
S214010F805DF804FB351C03002DE9F04F14469B4623
S214010F90C36B87B005465B6960680E46012202A9ED
S214010FA09847EB6B01225B6903A93046984702A874
S214010FB021F007FA074648B10023A37563754FF081
S214010FC0FF33A360002007B0BDE8F08F03A821F02F
S214010FD005FA0123A375237E04EBC303DE611F8498
S214010FE06368B3420ED1206003A821F019FA4FF0CE
S214010FF0FF332075A360237D043B022B25D80023F5
S214011000A375DFE723681A1A53425341A37503A851
S21401101021F006FA237D834218BFA77503A821F0A5
S214011020E1F9074602A821F0DDF987421CBF00233B
S214011030A37503A821F0DEF9074602A821F0DAF924
S21401104087421CBF0023A375D5E703A821F0CAF980
S21401105080B1EB6B02225B6904A93046984704A86D
S21401106021F0CFF90346207D032839D8DFE800F0C8
S2140110703838040903A8F3E7237E04EBC303CC2224
S2140110801A8401F037FC109B1870277E03A821F004
S2140110909DF904EBC70787F82200237E04EBC30300
S2140110A003A8B3F8209093F8227021F09BF98046AC
S2140110B003A821F09FF98246B8F1000F15D0EB6B1B
S2140110C002225B6904A93046984704A821F05EF91C
S2140110D06075637D6BB90023A3754FF0000838E097
S2140110E0227E04EBC2021384CBE703A821F039F970
S2140110F0EEE794F81680B8F1000FEED0B9F1000FC4
S21401110009D1DFB10123E375637E002B4FD1012F97
S21401111042D1677614E06B6C06EB0A02594286EA06
S214011120020008421CBF0021A175591E0A409B1AE5
S2140111309945D0D8A37D002BE3D1CEE7E37D43B913
S2140111404FF000084B4652463146284620F0BCFE7A
S214011150A060A27D12B123694B4423611949237E05
S214011160097899422AD901332376BBF1000F27D09B
S21401117032B3E37D23B3B8F1000F21D1032F1FD083
S214011180A1684B1C1CD0109B0093224601232846C5
S214011190FFF7FAFEA07513E095F8343063B9EB6AF1
S2140111A00133CFD1032FCDD10123A376C8E7012F79
S2140111B0CFD0032FC4D1F7E79846C3E70023A37522
S2140111C0A07D00E744AC03002DE9F04F8BB00E463E
S2140111D0044698464FF0FF310023104617468DF817
S2140111E0133001F071FBB6F5801F3BD3B21C53D10F
S2140111F0E56A6B1C57D1616A204620F0ABFD0546B7
S214011200B31C18BF0123DFF814910193636A626C63
S2140112100293236802FB053AE36B05A95B69052285
S2140112205046984705A821F085F921F0A8F95046BF
S21401123021F0B0F94FF0000B824601464B1C05D059
S214011240636C81EA0A025B42134232D02946204689
S21401125020F080FD029BAB424DD0BBF1000F4DD17B
S2140112600546D3E7314605AA04F1080021F05EF8E9
S2140112700146481C10D0384601F026FB0DF1130339
S21401128001223946204620F09AFE28B19DF81330F7
S21401129088F80030002003E0237C002BA8D11D48ED
S2140112A00BB0BDE8F08F2368ED1A636CB5FBF3F560
S2140112B0A6E7484601F008FB0DF11303019A4946DB
S2140112C0204620F07CFE034690B1B21C03D0D9F82C
S2140112D00020B2420CD103930F4B9DF8132088F8DF
S2140112E0002049461A68384624F0A1FC039B9B4619
S2140112F0D9F80810A2E7BBF1000FD0D0B6F5801FD1
S214011300C8D298F800307A68314604F1080001F036
S2140113101FFABFE70BE000F040AC03009C2700205B
S2140113202DE9F3410E461B4D816A04461746984641
S214011330E36A8B422AD04B1C18E0284601F0C4FA17
S2140113400DF1070301222946204620F038FE30B170
S2140113509DF80720434629462046B847B0B1A968FC
S2140113604A1C05D0012E0AD0E36A9942E5D10DE068
S2140113706968204620F07BFD012E0146D8D16B68B6
S21401138081EA0302636C5B421A42D1D002B0BDE827
S214011390F08100BF702700202DE9F041036B07683C
S2140113A09046826B9A4288BF8363426C436A02FB13
S2140113B00377C36B90B05B690E46052201A904460C
S2140113C03846984701A821F0B5F801280146307043
S2140113D057D0656CE26B2368606AD2F814C005FBCF
S2140113E00030052206A9E04706A821F0A3F8012847
S2140113F04FF0000523D0D4E90A3201219342CDE90A
S2140114000B458DF834800E958DF83C102AD119467F
S214011410204620F02CFD236B626CE06214339B1A8D
S21401142023630C9B53B99DF83C303BB1626A616CF7
S2140114302368E06B01FB023121F034F80C9DE36B6D
S21401144005225B6901A93846984701A821F072F880
S2140114503070236BA26B28469A4288BFA36310B0F4
S214011460BDE8F081237C33B91C490BAA04F10800BE
S21401147001F0BEF9D5E71A4A0BAB2046FFF750FF3D
S214011480CFE7237C23BB1749224604F1080001F06D
S214011490AFF9616A204620F07EFC616A421C204654
S2140114A020F047FC054620B9236B626C1344143BBD
S2140114B02363A16A204620F0DAFC2368A062C01AE2
S2140114C0636CB0FBF3F06062204620F013FDB6E7D4
S2140114D0054A00232046FFF723FFDAE7991E01009D
S2140114E0151E010047200300E31F030073B50D46D8
S2140114F0D11E4A421C461B7E4A419A4226D1296881
S2140115002368994222D3636899421FD8114E0DF180
S21401151007033246FFF758FEC0B972686B689A42F5
S21401152014D19DF80730DA1E53425341227E93426E
S2140115300CD1636901336361D4E90323934205D275
S214011540A268296842F8231001332361012002B002
S21401155070BD00BFC82700202DE9F04F8BB0DFF823
S21401156058B19A469DF850300293DBF81030534537
S21401157080460D461646C0F09980DBF8043001938C
S214011580D146B9F1000F00F08D80D8F83C300198B3
S2140115905B69012207A9984707A820F01FFFDBF81F
S2140115A00030984240F0858007A820F023FF0428E9
S2140115B0074614D107A820F024FF019B029A04468F
S2140115C03B44002A3FD1864212D9361A1446019965
S2140115D0404620F04CFCA9EB04090190D1E7D8F86D
S2140115E03C3001985B69022208A9984708A8E2E7FF
S2140115F0841B544528BF5446032C03EB0607AAEB6D
S214011600040A4FEA94021CD9D8F83C3029465B6993
S2140116103846984724F0030304F003061F441D448C
S214011620002ED4D0D8F83C3001225B6908A9384690
S21401163098473246284608A9354424F0F8FA002689
S214011640C5E72646ECE700F00302039203442A1896
S214011650074604920593049BDD1B059BD81B039B41
S2140116609F420FD1002FB2D0D8F83C30012208A9F2
S2140116705B6998473A4608A9284624F074FB78B96E
S2140116803D44A4E7D8F83C30012208A95B69984795
S214011690042208A9284624F066FB08B9043FDAE7C5
S2140116A0DFF8189048460BB0BDE8F08FDFF81090D1
S2140116B0F8E7DFF81090F5E7F427002012E000F0D5
S2140116C011E000F022E000F02DE9F0410F4688B06D
S2140116D016469846044660B390F83450FDB1012191
S2140116E020F0FDFA0E9BCDF80480CDE902379DF877
S2140116F03C308DF81C30237C04960021CDE9051181
S2140117008BB90D4901AA04F1080001F071F8DDE971
S2140117100553E06B002E08BF1D4620F0A2FC2846AC
S21401172008B0BDE8F081054A01AB2046FFF7F8FD99
S214011730EDE70546F3E700BF11200300ED140100B5
S2140117407FB590F84260019204460DF10B030A46FC
S2140117503046124920F08DFC012EE36B054619D167
S2140117605B69324603A998479DF80B10039B019AC3
S21401177059B19BB243EA02430393E36B9B6901228F
S21401178003A92846984704B070BD1B0C1B0492B2EF
S2140117901343F1E79B69012201A9F3E7F42700202F
S2140117A02DE9F04F99B00F4609920A69416C0E93E4
S2140117B01439D31DB3FBF1F3013302EBC302036B00
S2140117C093420446C0F00D820023DFF820940D9367
S2140117D0E36A07931946484601F076F8D7E90336D7
S2140117E004930E9B022B4ED1CC2E40F08A81099B8E
S2140117F0002B42D03946204620F092FC656C079AB1
S21401180014906B1E1340ED1AE36B78685B69012236
S21401181016A9984716A820F0E5FD00280CBF04235A
S2140118200823782E06933DD90123002505934FF012
S214011830080A3B6805990E98C9F80030C9F8106087
S21401184020F0F2FD4FEA9A031093DDF81CB089F8F8
S214011850140000230B930F9308930C93616C4A1E9C
S2140118600BEA02028B1A002E38D05544AB4240D800
S214011870236B5B1A13442363ABE0049B1B6814932E
S21401188008230693D0E7656C079A6B1E1340782EE3
S214011890A5EB030516D8FB7D7BB9099B002BB3D1BD
S2140118A004230693331DAB4210D9A6B1082DBBD82D
S2140118B0042500230593AA46BBE7099B002BA3D169
S2140118C00823EEE7099B002B9ED1D9E70025059555
S2140118D04FF0040AADE704250596F9E75345C7D34B
S2140118E00BEB0A030393B046089B002B18BF032398
S2140118F013E0A3EB0A039E42B0460BEB0A0228BF95
S21401190098469E420392EFD9D9F8102001239642B9
S21401191089F8173071D1C9F804B0089399F81730CF
S214011920002B6CD099F818200899D31C09EBC30337
S2140119300132C3F804B0A3F80880997289F8182018
S214011940B8F1000F14D00E9B022B5BD10B9B7BB919
S2140119500F9B4344032B0BD9E36B03989B6901222E
S21401196014A998470546002840F03D8101230B93B2
S214011970089B0193059B009399F814203968434608
S21401198016A800F057FFE36B109A9B6916A95846F4
S2140119909847051E0D9B18BF5B460D93524643465E
S2140119A05946204620F090FA236BC9F8080008F142
S2140119B00302A3EB0A0322F003029B1A2363002D02
S2140119C040F011810F9BDDF80CB04344A6EB0806EE
S2140119D00F935946204620F04AFA00258346002EEA
S2140119E07FF43CAF814A39689368E36252680E9B84
S2140119F004F1080000F0ACFEDEE002238DE7C9F832
S214011A0004B09DE7099B002B30D1049BB8F1030F6E
S214011A1043440A9327D9E36BDDE903019B694FEA47
S214011A20980298470546002865D118F003025FD052
S214011A30049B28F003052B440493039B1D444FF09D
S214011A40FF330499159315A824F0F1F8E36B2846A3
S214011A509B69012215A998470A9B04930546002D08
S214011A6086D0039B99E7039D4246E8E7039B0A93CA
S214011A7007F120031193FB7D78689BB13D7E0C9A9C
S214011A800023D9B28D4211D9119931F83310914200
S214011A9003F1010C26D907EBC3030699D8690A445A
S214011AA0104403E00C9B069A13441844E36B01228E
S214011AB05B6915A99847159B13930C9B0A980433E9
S214011AC00C93E36B01229B6913A99847039B0A9A1F
S214011AD043449B1A042B054607D978B913460433A9
S214011AE00A93C8E7521A6346CBE70A9B0393B6E705
S214011AF00A9B04933CE70A9B0493B2E70A9B039371
S214011B00AFE73B4E04F1080303932368079A606C22
S214011B10A2EB030ABAFBF0FA00FB0A3020F03AFD0A
S214011B20E16A8046204620F0A2F9A26A82424AD0A3
S214011B30626CD9F808302568E062511E0B40216BB3
S214011B40891A0B4423630D9B5D1BB5FBF2F5AA4571
S214011B5036D1079BB3EB080A12D0E36B4FEA9A0221
S214011B609B6941469847E36A079A5344E362236BAD
S214011B709B1A434483462363039820F0A7FBDA4667
S214011B802368616CE06B01FB053120F078FC204690
S214011B9020F0B0F8204620F0ADF92063BAF1000F2E
S214011BA011D03A69616CD31D1439B3FBF1F30133DB
S214011BB002EBC3029042A8D2304619B0BDE8F08FBE
S214011BC04FF0000ADCE73A69616CD31D1439B3FBA8
S214011BD0F1F3013302EBC302236B9342BFF4F8AD7A
S214011BE0EAE7044EE8E72E468CE700BF9C27002074
S214011BF023E000F006E000F02DE9F3471E464369B6
S214011C009DF82890B3420446884617463DD30025E2
S214011C108DF80750204620F039F8D4F830A08245D8
S214011C200AD2236AB5EB430F06D200220DF1070153
S214011C302046FFF7B1FB30B39DF80730012B05D1E5
S214011C4000220DF107012046FFF7A6FBB9F1030FAD
S214011C5006D03146204620F004F8256B854218D37D
S214011C600D4D4FF0FF31284600F02EFE4B46002268
S214011C7029462046C5E90376C5F8008002B0BDE8CE
S214011C80F047FFF78DBD0135C4E7044802B0BDE853
S214011C90F0870348FAE700BFC82700200FE000F0EE
S214011CA006E000F02DE9F04790F8426086B0012E7C
S214011CB005460391A1EB020715D1B7F5807F28BF32
S214011CC003264FF06408DFF848A100244FF6FF7999
S214011CD095F84230012B14BF322364239C420AD369
S214011CE05FFA88F415E0B7F5803F34BF0126022677
S214011CF04FF03208E7E705AB22465146284620F06A
S214011D00EDF995F84230012B059B34D14B452DD189
S214011D10E4B295F84230012B0CBF64223222121B2A
S214011D20B24217D3012E39D10022012B05978DF827
S214011D30132027D1082205A90DF1130020F081FBFD
S214011D409DF81330059A42EA032221462846FFF7FA
S214011D50F7FC40B102232E4900930968CC2303AA5D
S214011D602846FFF749FF06B0BDE8F087DBB203B9A6
S214011D7002340134ACE7591CCAD09BB2002BF8D10F
S214011D800134F6E7102205A90DF1130020F059FBE6
S214011D909DF81330059A42EA0342D6E7039A059264
S214011DA0012B23D10823202205A90DF113008DF85C
S214011DB0133020F046FB9DF81320120221462846D8
S214011DC0FFF7BEFC95F84230611C012BC9B21AD14F
S214011DD00028BFD1BDF814202846FFF7B1FC002823
S214011DE0B8D10234BDF81620E1B2AFE710232022A5
S214011DF005A90DF113008DF8133020F022FB9DF894
S214011E0013201204DAE70028A4D1059A9EE700BF42
S214011E10F4270020032A2DE9F34106460D4617460E
S214011E201C4606D1237A012B23D0012002B0BDE83F
S214011E30F081DFF8608009680DF107034246FFF77D
S214011E40C3F960600028EDD19DF80720237A032AA4
S214011E50E8D0D8F804106A689142E3D1012B2969C9
S214011E60D4F80CC007D172690CEB0103934202D976
S214011E702074207CDAE708316144E1603B460122A8
S214011E8029463046FFF78CFC60600028CAD0002047
S214011E90CCE700BFC82700202DE9F341089C032AA0
S214011EA02668174606D1237A012B24D0012002B0DA
S214011EB0BDE8F081DFF890800DF107034246304619
S214011EC0FFF782F960600028EDD12568D8F8040094
S214011ED0A96AD5F844C0227A4840CCF100031840DC
S214011EE0E1D1012A09D1E268D8F8103013447269A9
S214011EF0934202D92074207CD9E72868EB6A1B1A22
S214011F00081AB3FBFCF3B0FBFCF083420BD1706CF8
S214011F10F36A421E1340326B121A13443363284687
S214011F201FF0A5FFE862D8F81020E368064920688C
S214011F3008321344E36001223B46FFF731FC606040
S214011F400028B0D00020B2E7C82700202DE9F04FC6
S214011F504FF0FF334FF6FF72002500F10806C0E987
S214011F60092387B00446C3620562056330460F46FF
S214011F7020F0ACF920461FF0BDFE28BB20463946AE
S214011F801FF038FF20461FF0B5FE28BB8A4D2046BD
S214011F901FF0E3FFECE0E26B2368606CD2F814C03C
S214011FA001A9052200FB0530E04701A820F0C2FA8E
S214011FB0012828D1294620461FF0EDFE421C29465D
S214011FC020461FF0B6FE0135E3699D42E3D3204665
S214011FD01FF090FE0028D1D000254FF6FF73C4E90C
S214011FE008534FF0FF39CA46A846E369984514D30B
S214011FF0A5EB0905012D37D8636A4FF6FF729342A8
S21401200047D16E4DC3E720F0BFFA0028DBD0294642
S21401201020461FF0C0FE0246D1E72368E26B606CE3
S214012020576901A9052200FB0830B84701A820F02E
S21401203081FA834601A820F054FA0746584620F054
S2140120409EFA70B15745236A38BFC4F82480B94553
S21401205003F1010328BFB946BD42236238BF3D469E
S214012060BA4608F10108C0E74FF6FF736362002520
S214012070E3699D42C0D2676C2068E36B05225B6909
S21401208001A907FB0500984701A820F02AFA0135A7
S214012090EEE7E26B676C2068556901A9052207FB2C
S2140120A00300A84701A820F01CFA626A2368606C46
S2140120B0434D00FB023020F06DFA4FF0FF33A06273
S2140120C0E3622A460DF103036FF001012046FFF794
S2140120D07BF8002850D1AD68E562294620461FF0FE
S2140120E0E5FD206320B9E16A20461FF0C0FEE062EC
S2140120F0294620461FF0BBFE0546A36A9D423DD1F8
S2140121006569626CE91C143A2046B1FBF2F105EBF5
S214012110C1050335B5FBF2F51FF01FFF0235A842D6
S21401212080463DD2616A20461FF014FE002706460F
S21401213004F1400A474512D3626C236802FB063954
S214012140E36B05225B6901A94846984701A820F080
S214012150C8F9534602464946E06B20F01DFA31465F
S21401216020461FF0F7FD0137AF420646E2D3154D74
S214012170284607B0BDE8F08FA56AADE72946204698
S2140121801FF094FD236B034429460746236320462C
S2140121901FF06DFE0546002FAFD1C4E90B07ACE773
S2140121A0304620F093F80023074A19462046FFF7E9
S2140121B0B7F80025EBE600BF03E000F016E000F0FC
S2140121C0C827002013E000F0AD1F0300634A002378
S2140121D02DE9F041176813600E46044618B9604DA4
S2140121E02846BDE8F08190F834500DB309680268BE
S2140121F0914240F0AA8071684268914240F0A58001
S214012200B1688268914240F0A080F168C26891424C
S21401221040F09B8031694269914240F09680B169F5
S214012220C26B914240F09180726982611D46D7E788
S21401223050222946D0F8388023F0BFFD336823604A
S21401224073686360336963617369A361D6E90212D7
S21401225004F10800C4F8388020F04AF8B369E36353
S21401226004F140009B68984794F8432020B1E5614B
S214012270002AB4D03B4DB3E7656C002DF7D06668F5
S214012280B6FBF5F3E361002AA9D0B542F2D822687D
S214012290B2FBF5F105FB1122002A58D105FB1363A9
S2140122A0002B54D120461FF0F1FCA36904330344EC
S2140122B09E424ED3636940F63472CC3B93424AD871
S2140122C0B5F5007FD6D3032120461FF008FDE36B4A
S2140122D0D4E900011B689847E36B0546DB680220DA
S2140122E098471DB1002384F834301EE03946204655
S2140122F0FFF72CFE1C4B9842054604D13946204672
S214012300FFF724FE0546636C143B002DEAD1226AD2
S214012310204602FB03F61FF0B9FCA369043303440D
S2140123209E4206D284F83450104DE06B1FF099FEA1
S21401233056E70F4A012384F834301368D4E90001C4
S214012340013313601BF008FBEFE70A4D48E70A4D1F
S21401235046E7064D44E7094D42E700BF78370020BF
S21401236009E000F004E000F013E000F002E000F005
S2140123707437002008E000F001E000F005E000F00E
S2140123802DE9FF410F4690461E46054698B390F844
S214012390343093B3B1F5801F31D21A4C02211FF0AD
S2140123A09EFC22460DF10F0339462846FEF70CFF28
S2140123B0024678B101230093424633463946284601
S2140123C0FFF71AFC0446E86B1FF04BFE204604B0EC
S2140123D0BDE8F0819DF80F30012BEBD12169B142A8
S2140123E0E8D10093414633462846FFF7B5F8044640
S2140123F00028DFD1E7E7044CE8E7044CE6E7044CA5
S214012400E4E700BFF427002009E000F007E000F051
S2140124100AE000F02DE9FF410C4616461F46054628
S21401242088B390F8343083B3B1F5801F2FD2DFF82C
S2140124307C8001211FF053FC21460DF10F0342461B
S2140124402846FEF7C1FE044670B99DF80F30012BF1
S21401245011D1D8F81030BB4213D100900246314654
S2140124602846FFF779F80446E86B1FF0FAFD204688
S21401247004B0BDE8F081074C074A022B08BF14469A
S214012480F2E7064CF0E7064CF1E7064CEFE7064CA0
S214012490EDE700BF0BE000F00CE000F011E000F00B
S2140124A009E000F007E000F00AE000F0F427002061
S2140124B070B586B00E4603920546A0B390F8343048
S2140124C09BB3B1F5801F32D202211FF008FC194AD6
S2140124D00DF1170331462846FEF776FE044618B975
S2140124E09DF81730032B0ED10223009303AACC23A9
S2140124F031462846FFF780FB0446E86B1FF0B1FD26
S214012500204606B070BD022B0BD10A4928461FF0A3
S21401251007FE039981420246EFD02846FFF7C2FB29
S214012520EAE7054CE9E7054CEAE7054CE8E7054C20
S214012530E6E700BFF42700200DE000F009E000F018
S21401254007E000F00AE000F073B50C4616460546B3
S21401255030B390F834302BB3B1F5801F24D201216B
S2140125601FF0BDFB2146114A0DF107032846FEF771
S2140125702BFE044680B99DF80730032B0CD0022BA6
S2140125800CD10A4928461FF0CBFD3060E86B1FF0DE
S21401259068FD204602B070BD054CF7E7054CF5E72F
S2140125A0054CF6E7054CF4E7054CF2E7F427002066
S2140125B00BE000F00DE000F009E000F007E000F0AD
S2140125C00AE000F0F7B50C461646054668B390F8E3
S2140125D0343063B3B1F5801F2BD202211FF07FFB8D
S2140125E0154A0DF1070321462846FEF7EDFDC0B951
S2140125F09DF80730032B14D0022B14D10E49284620
S2140126001FF08EFD471C024639462846FFF74AFB57
S214012610044606B13760E86B1FF023FD204603B081
S214012620F0BD064CF7E7064CF5E7064CF6E7064C18
S214012630F4E7064CF2E700BFF42700200BE000F0B9
S2140126400DE000F009E000F007E000F00AE000F01D
S2140126502DE9F3411F4600230C4616463B6005460E
S21401266050B390F834304BB3B1F5801F28D2DFF861
S214012670648001211FF033FB21460DF1070342461A
S2140126802846FEF7A1FD0446A0B99DF80730032BA6
S21401269010D0022B0AD10123336004233B60E86B80
S2140126A01FF0DFFC204602B0BDE8F081D8F81030FC
S2140126B03060F3E7034CF2E7034CF3E7034CF1E732
S2140126C0034CEFE70BE000F009E000F007E000F054
S2140126D00AE000F0F427002030B50C4685B0054628
S2140126E028B390F8343023B3B1F5801F23D20221EA
S2140126F01FF0F5FA0DF10F03104A21462846FEF7A2
S21401270063FD034688B99DF80F20032A0DD00322E6
S2140127100092214602462846FFF76EFA0446E86B09
S2140127201FF09FFC204605B030BD054CF7E7054C71
S214012730F8E7054CF6E7054CF4E700BFF427002060
S2140127400BE000F009E000F007E000F00AE000F01E
S2140127502DE9F04346688EB3056898464FF0000CA5
S214012760A946AE4655F83C40C4F3130701340CF1B4
S214012770010C01D0B94218D066450EF1080EF1D110
S2140127802F46002403E0A64207F1080713D055F8A8
S2140127903430013304F10104F5D1C1F3130141EAE8
S2140127A00851C7E90012BDE8F08341EA0851CEE9B5
S2140127B00012BDE8F083B8F1030F03D101230372C1
S2140127C0BDE8F083002303E09E4209F10809F5D035
S2140127D055F83340C4F30754032C03F10103F3D136
S2140127E0C1F3130343EA0853C9E90032BDE8F08395
S2140127F02DE9F043476883B0CFB106468846914637
S2140128000024336853F83450C5F30752C5F3130157
S214012810013503EBC403304604F1010405D05B68BF
S214012820CDF80090C04710B17768BC42E9D303B039
S214012830BDE8F08373B5044622489DF81850012A76
S21401284000EAC11123F07C4007D9961E012E28D933
S214012850073303F07F03194308E09DF81C30DB06BD
S2140128600A4303F0C053134343F060410023C4E915
S21401287000108DF80730B5B1202221460DF1070072
S2140128801FF0DFFD1A220DF10700211D1FF0D9FDF3
S21401289063689DF8072043EA82636360082002B0FC
S2140128A070BD1143E2E71B220DF1070021461FF020
S2140128B0C8FD23689DF8072043EAC263236004200D
S2140128C0EDE700BF80FFFF0738B5094B04461A68DD
S2140128D00D46002123F071FA00234FF0FF322383C7
S2140128E0C4E900252361A260E382A37638BD00BF58
S2140128F040AC03000138C0B205289ABF014B185CF2
S2140129000120704730FD03002DE9F0410E4659685D
S21401291088B007461546490A0024012922464FEA8F
S214012920510104F10104F8D8DC7899781B88240356
S214012930C90201F4006104F480540C43C3F30A0392
S2140129405203234492B29C18284B03934FF000087D
S21401295025F0784302A90DF107001B2202938DF89A
S21401296007801FF06EFD9DF80720029B8DF80780FB
S214012970ED4343EAC26302A90DF1070025F078454D
S2140129801B22049302951FF05CFD9DF80720029B15
S2140129906FEA044443EAC26305936FEA14444FF0B6
S2140129A0FF3306930794BB6907A9012206F11000BD
S2140129B09847BB6905A90446012206F10800984715
S2140129C0BB69404518BF044604A90122301D98473B
S2140129D0BB69404518BF0446012203A93046984703
S2140129E0404508BF204608B0BDE8F08101009AB214
S2140129F013B5044669461FF01FFE204620F04CF82A
S214012A00FF28024606D09DF800102046F2F726FD64
S214012A1002B010BD0048FBE70080FFFF2DE9F04142
S214012A201B4A8AB001AC05460B4602F1200C27462C
S214012A3010685168264603C6083262453446F7D107
S214012A40002B08BF3B4610683060002703F10C06D8
S214012A501C46384690B95FFA87F8218842462846D0
S214012A6020F0EFF850B9E1884246284620F0FAF8FF
S214012A7020B942463146284620F006F90137032F91
S214012A8006F1080604F10204E4D10AB0BDE8F081BB
S214012A9040FD0300F0B589B005460E4620F003F967
S214012AA0044600BB06F10C070FCF01AC0FC497E834
S214012AB0070084E8070001A9284604F081FD311DBE
S214012AC0284620F0F3F9044648B90849284604F098
S214012AD0B1F8044618B9284604F0E8FB0446316804
S214012AE02846FFF79BFF204609B0F0BD38FD0300DE
S214012AF001491FF007BE00BF9D72010070B5164E5A
S214012B000328337804460D461ED023FA04F202F059
S214012B100102AA421DD053B10122A24023EA0203B8
S214012B20A5402B43DBB233704BB1012070BD2DB1F4
S214012B300A4B01201B6898473378EDE73570074B41
S214012B4000201B689847F0E79A07DED003F0FC03E5
S214012B50E9E7002070BD00BF23500020B8370020F1
S214012B6038B504460D4604F06DFC60B104F00AFB6E
S214012B7048B9012D07D8012020F03EF80D4B1B68FF
S214012B8023B15B6898470C4B1C7038BD1CF00AFBE0
S214012B900A4B1A68801A1860F5F7A8FD084B1B68DF
S214012BA04FF47A7202FB00301FF0AAFD012004F0F8
S214012BB0F1FAE8E728380020A8150020B0370020F1
S214012BC0B4370020F8B5124F05460C461AF0CAFE77
S214012BD03B78064633B1012D04D01CB90D48F5F7F4
S214012BE0AFFC3C7021462846FFF788FF0A4B1B784E
S214012BF004463BB93B782BB91FF0F3FF10B1074BE6
S214012C001B68984730461AF0B1FE2046F8BD00BF53
S214012C10245000208C370020235000201012002062
S214012C20054A0B46117831B100211170034A187814
S214012C3052680121104770472450002010120020CE
S214012C40124B0239012910B518701ED804F0FAFB90
S214012C50D8B104F097FAC0B104F08AF8A8B90C4BC1
S214012C601C6834B123689847BDE8104000201FF067
S214012C70C3BF1FF043FD074B18601CF093FA064BC9
S214012C801860204604F086FAEEE710BDA81500206D
S214012C9028380020B4370020B037002038B5044665
S214012CA080B11AF05FFE012104460846F5F76EF87A
S214012CB0012108460A4A1CF00BFA2046BDE83840B6
S214012CC01AF054BE1AF04EFE214605460120F5F7CD
S214012CD05DF80120024A21461CF0FAF92846EDE784
S214012CE064FD0300F0B5324D85B01AF03BFE2B783B
S214012CF0044623B12F48F5F723FC00284AD1F5F7FF
S214012D00CBFC02AA03A91FF056FF0346002832D0C7
S214012D101FF065FF029B98421ED10020264B0399A7
S214012D201B68264E9942307021D9C91A0027012303
S214012D30CDE900771F482B70214A33461CF00EFA66
S214012D4000282FD11F4A1378D90717D420461AF026
S214012D500DFE002005B0F0BD1FF03FFF029B98421C
S214012D601ED0154B154A1B680393002010700121D5
S214012D70FFF7C4FEEAE720462B70E8E73178002922
S214012D80E4D103F0FE031370002BDFD10E4B1B685A
S214012D909847DBE720461AF0E9FD032005B0F0BDB1
S214012DA00220BBE7032320462F703370F3E700BFF2
S214012DB0245000208C370020AC370020A7150020B7
S214012DC0212C010023500020B837002038B5134DC0
S214012DD01AF0C8FD2B780446C3B9114A114913707D
S214012DE0114B124A1A601248124A5A60F5F748F80F
S214012DF011491248F5F744F8114B124A1A60124B62
S214012E001B68124B02221A6001232B70AFF300805D
S214012E1020461AF0ABFD002038BD00BF255000202B
S214012E20245000206CFD030010120020E52C010048
S214012E307C370020C52B010074FD03008437002079
S214012E40B83700209D2C010000300E40AC37002022
S214012E50431C08D0044AD2F83C311B0C1B0480B238
S214012E600343C2F83C3170470040084030B5074B79
S214012E7085B00C46D3F8C0500095002269461FF075
S214012E8064FC0CB100B9256005B030BD0081E00FCF
S214012E90054BD3F8B400431C14BFC0F38070012067
S214012EA0A622312104F004BD0081E00F034B1A680D
S214012EB09B88026083800020704700BF3215002087
S214012EC00F4B0628D3F8883104D183F40013C3F3DB
S214012ED040507047022805D113F4400F0CBF012063
S214012EE00020704750B9074AD2F8D40010F001000C
S214012EF005D083F48003C3F38050704700207047E9
S214012F0000400E400081E00F0C4A5288B2F5E16F96
S214012F1094BFC8225A2210B594BF782450249042F8
S214012F208CBF172210220A70054A0346107818B182
S214012F309C422CBF0020012010BD00BF321500208E
S214012F40AC15002013B5234B1B780E2B04463ED040
S214012F500DF10701FFF7D8FF1E2C8CBF1E4C1F4C2E
S214012F609DF807304FF001028CBF01210021C4F803
S214012F70082170B1194A4DF60174C2F804411B02CA
S214012F8002F1007243F44043C2F80431144AA2F835
S214012F90D430134A134C92F8D83023F0010303437C
S214012FA023F0020343EA4103DBB282F8D8302478E7
S214012FB06CB923F0040343EA800323F00803B2F854
S214012FC0D440A2F8D64043EAC10382F8D83002B012
S214012FD010BD00BF321500200040084600400844DE
S214012FE0001F002128500020084B094AD3F88831D9
S214012FF0DB4303F4FE1343F40053B3FA83F30E33B7
S214013000A3EB4313013B1370704700BF00400E4013
S214013010AB15002002280CD0062802D020B10020D3
S2140130207047054B18787047034B18780430C0B2C8
S21401303070470720704700BFAB1500202DE9F74306
S2140130403A4E3B4F96F8009015463A4AD2F8C820B9
S214013050B9F1020F0446884607EA02071AD147EA81
S214013060006788F80000002372882B60B2F5E16FD4
S21401307094BFC8225A2227F47F57944227F00807A4
S2140130809ABF380A00F47F5043F6C870384303B03D
S214013090BDE8F083284A1278904228BF144604EB14
S2140130A083030B70F4B1013CE4B24FF030632B6044
S2140130B06A4601A920461FF081FBDDE9002347EAA5
S2140130C003671E4B98F800101B7847EA823747F4CF
S2140130D07F5747F008073BB90029194B18BF4FF037
S2140130E07F43C1E7164BE2E7164B1748B9F1060FC7
S2140130F008BF03462AB90029114B18BF4FF07F437A
S214013100B2E7B2FA82F2C2F11F02D2B29B5CDBB224
S21401311039B15A1ED2B2FD2A05D81B0643F0040364
S214013120A2E7074BA0E74FF07F439DE7321500204B
S2140131303F00C0E0001F0021AB15002029500020F1
S2140131400400000BB883E00FB083E00F2DE9F341D4
S2140131500446C820FFF7F6FE2B4B2C4E18780E2897
S21401316001D0FF2C05D1FF243470204602B0BDE803
S214013170F08102282DD1072C204628BF07200128E0
S2140131804FF0000301AA0DF1030138BF0120FFF73C
S21401319055FF05461E4B1F4FDDF80480C3F85881C6
S2140131A0C7F8C8509DF8034034702046FFF7CAFEA2
S2140131B0194A4FEA082303F4E063127843EA1863D6
S2140131C0A7F8D030002AD0D1C7F8CC50A7F8D23013
S2140131D0CBE7A0B9052C32BF002701270420201A0F
S2140131E03B4601AA0DF10301C0B2FFF727FF4FF4DA
S2140131F08003054637B1094AC2F80831CAE70027F5
S2140132003846ECE7064AF7E732150020AD150020F0
S21401321000400840001F00212850002000400846BA
S2140132200040084408B501F0B7F9094B094A0028DF
S21401323018BF1A46136823F47F115B0803F4FE13C4
S2140132400B431360044B4FF00072DA6108BD00BFF8
S21401325000410840184108400040084008B501F008
S2140132609BF9064B4FF4001228B1C3F800214FF02A
S21401327000621A6208BDC3F81821F8E70040084446
S214013280014B1868704700BFBC370020436C012B08
S21401329038BF01232DE9F0479A46464B464F9B69B6
S2140132A0464E474D03F4E073A3F5C0728046454889
S2140132B05142514102685245434A0FD114788C421B
S2140132C00CD198F8D0C03C78A44507D198F815C021
S2140132D03478A44502D1A888BDE8F087B3F5C07F4D
S2140132E0C0F800A011704AD1D8F8944024B12368E0
S2140132F0082B58D994F838400F2120461FF040FA81
S214013300BAFA8AF3002852D0B0FA80F29B1A002B40
S214013310C6BFD840C3F10F094FF00F09504501D978
S21401332009F1FF39234B2004C3F8BC0003F1806385
S21401333040F6FF72C3F8B82003F100734FEA092183
S214013340C3F8B8101FF04DFAA88000F04BFE09F044
S2140133501F094FF4FA7304FA09F45C4341F66A0351
S214013360B0FBF3F00A23B4FBF0F45C43174B1C608C
S21401337098F8D0303B7098F815303370ABE798F872
S214013380D030062B06D1124B1B78002B0CBF96248F
S214013390C824B1E7022B08D00D4B1B78002B0CBFBD
S2140133A0B424F024A8E70024A6E73224A4E74FF0CB
S2140133B00F09B7E700600840AA150020A9150020EC
S2140133C032150020181200202B500020BC37002098
S2140133D029500020FF290DD00F4B1048C3F850018B
S2140133E00B04090501F0F87103F4E0230B430C49C3
S2140133F0C1F85031FF2A0DD0074B40F2F711C3F840
S2140134005011130103F4F87302F007021343044A40
S214013410C2F8503100207047004008440000F70110
S21401342000400846F8B5134B134E1F68134D384637
S21401343001F09EF83378C4B2A34201D12B78A3B130
S214013440092C14D80E4B012C195D05D10D4B1B7898
S214013450022B01D141F0400101F00F023846090963
S214013460FFF7B8FF002334702B700020F8BD00244E
S214013470FA21F1E738380020275000202650002096
S2140134807CFD03003215002038B5044600F052FDDD
S214013490142200212E4822F090FC2E4B25781A7813
S2140134A02D49521B18BF01220A7022681A60C820D3
S2140134B0A2889A80FFF746FD284BD3F8C820284BF0
S2140134C0FF211970274B2849062D03EA0203274AD4
S2140134D01AD14FF4EE40C2F824014FF48A42C1F8E3
S2140134E02421012243F08043C1F820211B4AC2F85F
S2140134F0C8301E4B0322C3F85821FFF793FF1C4B1D
S21401350001221A70002038BD022D4FF007000ED19F
S214013510C2F80C010620C1F80C011649C2F80811C0
S2140135204FF4404143F00303C2F80411DEE7C2F84A
S2140135300C010520C1F80C01C020C2F8080143F0B7
S2140135408043812243F00403C1F80821CEE700BF7F
S214013550C81F00213215002026500020001F002120
S214013560AD1500202800C0A00040084600400844D1
S2140135702A500020C1004000014B1870704700BF60
S214013580295000202DE9F0472D4C2E4B236000F0EA
S21401359029FD4FF4FA7307464FF47A76B0FBF6F638
S2140135A029482A4A7343190E1B02181841F10001D3
S2140135B0002318F00BFDA0F580730546A36220B921
S2140135C066222B2104F074F901254FF47A726A43BE
S2140135D04FF0000A53465008310218F0F7FC1C4B16
S2140135E019601C4BB7F57A7F4FEA05688946044691
S2140135F018604FEA152505D276222B21504604F095
S21401360057F901264FF47A73A8FB030103FB051152
S2140136107308C01841F100010023324618F0D6FCA9
S2140136200D4B023419600D4B49F10009A4081860CE
S21401363044EA8974024B013C1C63BDE8F08700BF75
S214013640005008400211010020A1070040420F006F
S214013650CC370020C8370020C4370020C0370020F0
S214013660044B4FF00052C3F880211A60024B01222E
S2140136705A60704700E100E000500840074B4FF0E9
S2140136800052C3F88021C3F88020BFF34F8FBFF3E9
S2140136906F8F034B04225A60704700BF00E100E0C1
S2140136A00050084010B50446A242A2EB0000A3EB6E
S2140136B0010104D2034B1B6B01331844013901F09D
S2140136C0030110BD0050084038B502010A4B012520
S2140136D09D500A4A4FF480738340536604461AF09D
S2140136E041F9074A1378A54023EA05031370BDE89C
S2140136F038401AF03BB900BF00510844005008405A
S2140137002C5000202DE9F0471546044688461E46F3
S2140137101AF028F9022D00F0B88007461AF02DF9A4
S2140137206C4B6D4AD3F8189092F815A0DA6D5FFAD3
S2140137308AFA520744BFD3F818900AF1010A1AF020
S21401374022F9664B664A1B6811684FEA8A7CA3FB1E
S214013750093213F1004301FB09CCD8F800304CEBD9
S214013760020C012D04BF01336344ACEB030C08BF0C
S214013770C8F80030BCF1804F0AF0030AC0F0988008
S214013780584AD2F800C0584AD2F800E0514A23F00D
S2140137904041106B4FF000480022ECFB01820EFB0B
S2140137A0012282424FEA937381BF01330130121A1C
S2140137B003F00303A3EB0A03914588BF4549DFF8ED
S2140137C048C184BF096B03F1FF3303F003030CF810
S2140137D00430A2EB0900A3B1F10742BF434B41F607
S2140137E01F71D966B30742BF404B4149D96671077D
S2140137F042BF384B00211967330742BF354B0021C2
S2140138001965344B04F1100103EB041E0901CEF8CF
S2140138100C2111225A5037499A694FF0010EA2EB3A
S214013820090A0EFA04F8D3F85C900A785FFA88F869
S21401383048EA020282450A7026D34FF48072A240FB
S21401384019EA020F20D11CF8040000283FD10DB35D
S214013850F0071A6608D5254B274941F61F7240F234
S2140138600110DA66C866DA66B10706D51F4B22492B
S2140138701F4A2248DA66C866DA66720742BF204BDC
S21401388001229A60330719D438461AF06FF80120DE
S214013890BDE8F0871B48240140F804E05A661AF098
S2140138A061F814490B7823EA08030B701AF05EF8E6
S2140138B038461AF05BF80020BDE8F087212000F0BA
S2140138C0B9FA044B4FF480325A603846DDE71A667F
S2140138D03846DAE700500840F4370020C0370020A9
S2140138E0C4370020C8370020CC37002000500844D9
S2140138F000001F1F2C500020005008460000010148
S21401390000400840005108442D500020024B187812
S214013910003818BF012070472C5000201030034B90
S2140139200001185800F00100704700BF0050084021
S2140139301030044B01F46001000141F003011950FD
S214013940704700BF0050084038B51AF016F8084B0B
S214013950084A9D69547DDA6D520748BF9D69E4B2F5
S21401396048BF01341AF00FF8284604F0030138BDA9
S21401397000500840F437002038B50B4B03EB00121B
S21401398010300001D2F80C411D58FFF7DDFFAB07E0
S21401399006D5844200D90139204601F0030138BD1D
S2140139A0844238BF0131F7E70050084070B5184C23
S2140139B0E66B26BB202000F03DFA164B10251D6055
S2140139C002F080F8144B8022C3F8802101F046FAF9
S2140139D038B132460020082102F02CFA0F4B6566FA
S2140139E09D660F4A536803F07063B3F1807FF9D97F
S2140139F0074B0C4ADA6641F201421A6770BD01F0C4
S214013A002DFA0028F4D0054A074B63669366EFE764
S214013A10005008400040084600E100E0005008461B
S214013A2000400840011B01181000000208B52120C3
S214013A3000F000FA024B4FF480325A6008BD00BF16
S214013A400050084008B5222000F0F4F9024B4FF46C
S214013A5080225A6008BD00BF00500840064B1B6814
S214013A60434303EB8171054B1B68A3FB003013F145
S214013A70004341EB00007047C4370020C0370020E8
S214013A800D4A10B5146820F0404301464FF000423D
S214013A900020E4FB0320094A126802FB0300084BDE
S214013AA01B6B98424FEA917104D901330131C01A58
S214013AB001F0030110BD00BFC8370020CC3700203D
S214013AC000500840F8B5064603F05CFB044608B112
S214013AD0FFF7D4FD084D094F00232B6130466B617B
S214013AE0AB617B75FFF7CCFFC9B27975A8610CB1E4
S214013AF0FFF7B6FD0020F8BD00500840F43700205F
S214013B002DE9F041224F0646386820F4700040F453
S214013B10A00038609DF81C401D1E9DF818304FEA25
S214013B20042444EA036444EA021408BF002144EA78
S214013B3005440C43FC64D7F82C80B8F5803F40F26E
S214013B40B5224FF018012CBF0020012003F0B0FE73
S214013B50C7F83880CDB10F4BB468D3F88030412C0C
S214013B6038BF41245B0606D500F0F0FA18B10A4BBF
S214013B70B3FBF0F31C442046FFF782FF013080457B
S214013B80034B3ABF0022DA63D863BDE8F08100BF79
S214013B90005008400070084000093D00F8B5184D77
S214013BA0AB691B04044626D500F08CFBAB6913F009
S214013BB0787FA0FB04464FEA9367C3F34450C3F3F0
S214013BC0044505D140F25E422B2103F071FE01202F
S214013BD0AD01B5FBF0F010EB871005D140F2634262
S214013BE02B2103F065FE01200246002320463146C4
S214013BF018F0ECF9F8BD00F0A9FAA0FB0401F9E70A
S214013C000070084030B50C4C02460120A0F120039C
S214013C10C0F1200524FA05F504FA03F32B4304FA50
S214013C2000F595428B4100D330BD0F2801D00130FD
S214013C30ECE7FF20F8E700BF40420F0010B50C4646
S214013C40FFF7ACFFC30943EA4163C01A61EBD11128
S214013C50FFF7D8FFFF2814D00C4B0F22C3F88020A3
S214013C6003F1007340F01000C3F8800003F17A43BB
S214013C709B69DBB2802B06D02046BDE8104000F0E1
S214013C800DBB012010BD0220FCE700BF00700844F8
S214013C903B4B082270B501210546C3F8C8203948B8
S214013CA0394CEFF707FE394B1D702378013B012B8A
S214013CB00CD8237CE07B01229A400C21302313FB95
S214013CC0001303F1884303F520431A60304B0022AA
S214013CD05A677DB92F4A4FF6FF71D16702F100721C
S214013CE0F821D1675D672C4B4FF08042C3F89420D2
S214013CF0002070BD636853B300F074F9626800EB8E
S214013D005203B3FBF2F3013B1B0243F0F8032678A0
S214013D102049224A022E1CD0032E1D484FF6FF755D
S214013D2021D0012E27D143F00203CD67D3670723A5
S214013D304367237CE07B01229A400C21302313FB4E
S214013D40001303F18C4303F520431A6011E0F823B6
S214013D50DDE743F001034FF6FF70C867D3670C4BEE
S214013D6005225A67E5E743F00503CD67D3670123CC
S214013D7043670B4BB8E7CD67D3670023F8E700BF6F
S214013D8000400E4600350A00D03700203250002091
S214013D9000000840000008440040084400000846AF
S214013DA000400846F8B5064604460FCE1C4F3D4671
S214013DB00FC533682B601B4B1B480822C3F8C8206D
S214013DC00121EFF777FD194A00235367A37BE17AB8
S214013DD01B0443EA0123217A0B4393673B78032BA9
S214013DE01BD8DFE803F01402080E617B207B00235A
S214013DF00422F0F73BFE217CE07B00230422F0F74F
S214013E0035FEA17A607A01230422F0F72FFE084BD3
S214013E101878BDE8F840FFF73BBF0120F8BD00BFAA
S214013E20D037002000400E4600350A00000008404A
S214013E3032500020044BD3F89430002BBCBF034B08
S214013E40C3F88000704700BF0040084000000840EB
S214013E5008B5064B06491A684FF00450920021F047
S214013E60E6FEBDE8084000F001BD00BFA8FD030066
S214013E70ACFD030007B501A8F1F752F8134B144A3D
S214013E80C3F8442148F2E672C3F838214FF40862B9
S214013E90C3F834210F4AC3F8A0200F4A4AF63F411F
S214013EA0916002F580424FF0C07191620022C3F822
S214013EB0FC200A4AC3F89C20094B7F225A6203F170
S214013EC0007323225A6203B05DF804FB00400840E9
S214013ED0C0E653517A27000F00300840806D630317
S214013EE0003008440F4B002210B5C3F88820C3F8F1
S214013EF08C20C3F890200C4A0121D1605A6812F038
S214013F00706FFBD14FF00452DA67012402F5FD52BF
S214013F10C3F880401A66054B1B689847044BDC6063
S214013F2010BD00BF00400840004008461C1200209B
S214013F3000400844034BFD22C3F8C8200122C3F801
S214013F40CC20704700400E4638B5FFF7F3FF1B4BF9
S214013F501B481C4C1C490222C3F8C8201B4B1A687C
S214013F6042B102EA0005A54204BF5D681560083348
S214013F708B42F4D1164B0222C3F8C820154B164AC1
S214013F80D3F83C111160154AC3F8942000F0A2FB47
S214013F90FFF770FF124B0322C3F8D820A3F5005396
S214013FA00122C3F894204FF46072DA604FF0407239
S214013FB0C3F8F820C3F8102138BD00BF00400E46F4
S214013FC00000FFFF00000840B081E00F0080E00F16
S214013FD000400E4400400840201200200048F00037
S214013FE00060084608B5EEF713FF044BD3F810310E
S214013FF0C3F308230133B0FBF3F008BD00400E40C5
S21401400070B5044618B1284D2268531C00D170BD06
S214014010C2F30063110C35F8130011F0FE0F93B2D2
S21401402043EA0043606818D00434CAB2022A216801
S21401403008D9D4E90160033AC3E9001698600C3444
S2140140400C33F3E704D16268C3E900120834DBE7F6
S214014050012AD9D104341960D6E7120F072AF5D8F8
S214014060DFE802F00704090D1013181DC04303F121
S21401407080631860EAE71A6842401A60E6E703F1CF
S214014080C063F6E71EF0DBFBE0E70122824003F1A6
S214014090C063F2E70122824003F18063EDE71A680C
S2140140A030EA0202FBD1D1E78EFD0300024B01226A
S2140140B0C3F89420704700BF00400846024B012217
S2140140C0C3F89420704700BF00400844024B4022CA
S2140140D0C3F89420704700BF00400844024B4022BA
S2140140E0C3F89420704700BF0040084608B50C4B43
S2140140F01B68D3F8943023B11A68022A01D9186ACA
S21401410008BDFFF76FFF074B1B6D024698B20028EC
S214014110F6D0C3F30743D2085343B3FBF0F0EFE7FF
S2140141203838002000600840064B5B68C3F3036321
S214014130984206D1044A936B23F0F00343EA011137
S2140141409163704700400840001F00211F4B1B6809
S214014150D3F8943070B52BB11A680A2A02D91C6CB0
S214014160204670BD1A4DAA6D6B6DC2F34544C2F36D
S214014170CD010134C3F3441601FB0444C3F3822189
S21401418003F01F0306FB01335C4302F00702114BE9
S2140141909B5C5C43640004D0FFF724FF7043B0FBD4
S2140141A0F4F4D5F8E430190505D513F0FF021CBF69
S2140141B0E401B4FBF2F41A01D2D5C3F30A43002B8F
S2140141C0CED0A402B4FBF3F4CAE700BF383800200F
S2140141D00060084086FD03002DE9F0470E461EF0FC
S2140141E018FBDFF8B090DFF8B0A08046002519F084
S2140141F0B9FBD9F80430C3F30363012B07460BD18F
S214014200711C1AD01EF005FBA0EB0805384619F004
S214014210ADFBAE42EBD80DE0052BF1D00B2BEFD06A
S214014220023B012B0CD9013602D01EF0F2FA3846B9
S21401423019F09CFB1648BDE8F08719F097FBD6E706
S214014240DAF808301A04C3F389140FD4013602D001
S2140142501EF0DFFA384619F089FB24B2A4F1C80033
S2140142606FF4FF739842B8BF1846E4E7731C03D097
S2140142701EF0CFFAA0EB08056FEA84546FEA945457
S214014280384619F073FB14F5007FC2D0E6E700BF8D
S21401429000FEFFFF004008400070084010F1800F4C
S2140142A004D04D28DABF323040B27F20044BFF22C3
S2140142B09A6103F10073C0B298610020704700BF95
S2140142C0007008440B4B0C499A6D70B502F007025A
S2140142D09E6D8C5C9D6DFFF785FEC6F3CD0606FBD5
S2140142E00444C5F3454505FB04448001B0FBF4F0E6
S2140142F070BD00BF0060084086FD0300084910B588
S214014300D1F8703140B11C464A68D1F870319C42F0
S214014310F9D1C2F30362027003F00F0010BD00BFB3
S21401432000400840094BD3F8883001F0800103F4BF
S21401433080030B4309D1064B4FF400129A61837F29
S2140143401BB1044B0122C3F8F82070470040084017
S21401435000600844006008462DE9F0411F4CDFF874
S2140143609080069F0646A2FB03502C1960F1000EB2
S2140143709C46A0454FF0000373EB0E0E07D24FF498
S214014380B4720E21184603F093FA02201BE00029AE
S214014390FBD0C6F3130601EB5C04B4FBFCF4A4FBF0
S2140143A00646E40C44EA46340D4E34600D4C226059
S2140143B00D4A914209D10D4AA5FB025302FB003377
S2140143C09B093B600020BDE8F081C4040A46E8046E
S2140143D044EA553117F0FAFD3860F3E700C9E8768C
S2140143E0E4370020E837002000F049020A3BB2DF3C
S2140143F00046C32338B5164D2B780C4623B9154B0A
S2140144001B6D03F03F032B70134BD3F894305B0501
S2140144101CD5124BB0FBF3F040F24D534343A3F5CA
S21401442046430C3B584300F5C91000F5556028B9C2
S21401443040F21B322B2103F03BFA01202B78084A6D
S2140144405343B3FBF0F30020236038BD0220FCE7A2
S21401445036500020003008400040084000366E010B
S2140144608096980070B5374C374B256B374C1B68D8
S2140144702468ED024CBF1B191B1BB3F1804F04D8F7
S214014480002B3AD1324E1C460AE0B3FA83F4314E81
S214014490C4F10204E340304DAB4201D901345B085C
S2140144A003EB5605B5FBF6F52C4EB34234BF00269A
S2140144B001262403013D44EA86242C430C60D8B12E
S2140144C0B3FBF0F1642400FB11336343984288BFC9
S2140144D001F1FF314808013801390728204D214CE8
S2140144E04FEA510311D9002129700621C4F894100E
S2140144F01B0243EA0013136070BDB3FA83F4D4F1D0
S2140145000204134EC6D50024C5E71029EBD068B1C6
S214014510012129700621C4F894101349097800294D
S214014520E6D012490224C1F89440E1E7012914BFFC
S2140145300121002129704FF00601C4F89410ECD136
S214014540D6E700BF00300840E8370020E4370020F7
S214014550E0673500C0CF6A003FBE4025401B5F13B1
S21401456033500020004008443450002000400846E4
S214014570084B5B6B03F00700C3F3C20213F0380F5E
S21401458018BF5043C3F3821213F4E07F18BF5043A1
S214014590704700BF00300840034BD3F8380180F065
S2140145A01000C0F30010704700400840174B4FF44E
S2140145B0002210B5C3F89420154C164BB0F1804F6D
S2140145C088BF1C46144BDA6CD2071DD51B6F134AE5
S2140145D004F5F42404F59074B4FBF2F4033CE4B25D
S2140145E003F00703A34202D02046F0F759F90C4B1B
S2140145F01B784BB10B4B4FF47022C3F8942003F198
S21401460000732404C3F8944010BD00BF0040084660
S214014610E0673500C0CF6A0000300E4040420F0010
S21401462035500020004008447FB50446EEF72CFCC8
S2140146301C4B06462C3358680093A37922683146F2
S214014640FFF78AFE054648BBA379012B14BF16491E
S21401465016491022C1F83821206815495843FFF73A
S214014660C9FE03AA02A93046FFF7FCFE0F4A43F62D
S214014670FF53C2F8A4300C4B0299C3F8A4104FF4B0
S214014680EE611163039A1A632068FFF78FFF094BE7
S214014690A2881A6203F5405300229A63284604B0A2
S2140146A070BD00BF00300840004008460040084486
S2140146B0503008400000084008B5044B01221A702B
S2140146C0034B1868FFF772FF002008BD3550002025
S2140146D0E8370020024B4FF48062C3F894207047FD
S2140146E0004008460D4BD3F80421D3F8B030D2B2BF
S2140146F0FF2A03D043F30743591C01D19022192303
S214014700074903EBD37302EB6302022381F84630B9
S214014710232381F8472081F8453070470081E00F58
S214014720001F0021044A5368C3F30363022B04BF2E
S2140147308023936000207047004008402DE9F04F29
S214014740384C0A4685B00D460021814621F035FBDE
S214014750D4F8C83043F06C029A4204D000252846AB
S21401476005B0BDE8F08F304BDB68D907F6D402F010
S2140147700FFF0028F2D0D4F81061C6F30826002EE9
S214014780ECD12A4C2A4BD3F81880D4F88430019304
S214014790284B4FF060529A6103F100734FF00062AC
S2140147A09A612423C4F88430234B04221A604FF400
S2140147B0804A4FF48053C4F868A0B3466362AB45A1
S2140147C012D31E4B04221A60184A019BC2F8843089
S2140147D0184B4FF06051996108EA010318498B6143
S2140147E04FF480439366BAE7226E5204FCD52268E2
S2140147F0D305F9D5C4F868A00136D4F88820039209
S214014800012EDCD9A5EB0B07042FA8BF04273A46D7
S21401481009EB0B0003A95F4421F009FA1FFA87FB95
S214014820CDE700BF00400E400040084000000840B1
S2140148300060084000600844004008460040084404
S21401484000600846074BD3F8D8304FF604014FF600
S21401485005029BB28B4208BF1346034A01209365AB
S214014860704700BF0081E00F0050084070B5194C3A
S2140148700FCC86B001AD0FC5C822236816482B6041
S214014880002121F09AFA7C220021144821F095FAA1
S214014890134B144AC3F8F020FFF724FF124B1B7882
S2140148A02BB101AD0FCD0B4E0FC62B6823600F4BFE
S2140148B00F4AC3F8DC2F0F4AC3F8E02F0E4AC3F89D
S2140148C0E42F02F1957202F27112C3F8E82F06B0D6
S2140148D070BD00BFC81F0021381F0021BC1E00216B
S2140148E0001F00213F0037002A5000200010002141
S2140148F00200620209C805780708DC060A4B197827
S21401490001F0FF0229B10021197008499202C1F88D
S214014910A020597801F0FF0229B1002159709302B5
S214014920024AC2F8A43070473750002000000846FB
S214014930074BD3F8E40E074BD3F88C301A0103D497
S214014940054B1B6E1B0401D500F58070704700BF38
S21401495000100021004008400000084008B519F08A
S21401496001F80F4B1A78B2B90E4A126812F4843F56
S21401497011D10D4A1021C2F894101B786BB9094B5E
S2140149801B68DB0509D4084B2022C3F89420BDE838
S214014990084018F0EBBF054AECE7044BF4E700BF0C
S2140149A03B500020A0170020004008440040084665
S2140149B010B518F0D7FF0E2104460320FFF7B4FB0D
S2140149C0044B40F2012220465A62BDE8104018F01E
S2140149D0CDBF00BF00000840044B00221A70044BF4
S2140149E0197811B11A70FFF7B9BF70473A50002015
S2140149F03B50002008B518F0B5FF244B4FF080520D
S214014A00C3F88020BFF34F8FBFF36F8F4FF48072D0
S214014A10C3F88020BFF34F8FBFF36F8F0222C3F816
S214014A208020BFF34F8FBFF36F8F1022C3F8802013
S214014A30BFF34F8FBFF36F8F2022C3F88020BFF3E1
S214014A404F8FBFF36F8F4FF00052C3F88020BFF334
S214014A504F8FBFF36F8F8022C3F88020BFF34F8F35
S214014A60BFF36F8F4022C3F88020BFF34F8FBFF391
S214014A706F8F4FF00042C3F88020BFF34F8FBFF314
S214014A806F8FBDE8084018F071BF00BF00E100E07D
S214014A9008B518F067FF0D4B4FF080521A604FF4BF
S214014AA080721A6002221A60002283F80123102203
S214014AB01A6020221A604FF000521A6080221A6093
S214014AC040221A60BDE8084018F050BF00E100E03F
S214014AD070B5084C01232370074B1E68074BD3E9BA
S214014AE0005332401940284001F0A4F900232370F6
S214014AF070BD00BF39500020F0370020A0170020FD
S214014B002DE9F047DDF820A003EA0108099B0646D7
S214014B100D4602EA000703EA0A09BAF1000F40F05F
S214014B204981031F0B4300F00F81052871F1000333
S214014B3080F0E38050EA010300F05C81431E0B43E2
S214014B4000F01D81FFF756FFAB4AD2E9004323EA86
S214014B50050324EA06043C4343EA0807A74BA84D8D
S214014B601E68DFF8EC8226EA0A0646EA09061E6097
S214014B70C2E90047FFF7F2FE14F02A4F14BF48F2CD
S214014B8002034FF40043B0079E48C26E48BF43F489
S214014B90005383EA020122EA0302EA669A4A816620
S214014BA00B40D366C4F380421203210348BF42F48C
S214014BB08072E30648BF42F40052A50648BF42F49D
S214014BC0007260069148924DD0F80C3248BF42F40C
S214014BD08062210648BF42F4006282EA030123EAAA
S214014BE00203C5F80C328B4BC0F808120A40C7F313
S214014BF04025AD04C3F80C22E20448BF45F48035D5
S214014C00A30348BF45F48015A00748BF45F4001527
S214014C1014F4001F06D0D8F800001EF076F808B984
S214014C2045F40025E1027C497C4848BF45F400353F
S214014C30FA0648BF45F480050A6A730748BF45F07F
S214014C40040585EA020323F001031A4002621D40AF
S214014C50CB61734B73481D62734B744A16F0010F98
S214014C6018BF1A46836E7D0748BF42F40012704D86
S214014C7082EA030123EA0203AB666E4B41660A40F1
S214014C8000F500509A66C16B04F0010305F5005566
S214014C9081EA030221EA0301E96382631A40664B53
S214014CA0DA63D8F80020200248BF644B92F8E92066
S214014CB058BF634B610748BF43F4806322B114F4C5
S214014CC0C06F18BF43F480735E485F4CD0F8EC1099
S214014CD0320748BF43F0004383EA010222F4A022D0
S214014CE01140C4F8EC101340C0F8E820574ABDE85C
S214014CF0F047C2F8EC30FFF7CBBEA0F580630B435C
S214014D0006D020F48063A3F500730B437FF41AAF3B
S214014D1018F028FE3849D1E9003223EA060322EAD0
S214014D20050242EA08023B43C1E90032484A1268DA
S214014D3092F8E9200AB313F4C06F1ED0434B4FF428
S214014D408072C3F8EC2014E018F00CFE2A4AD2E96F
S214014D50003123F004033B4341EA080157EA080700
S214014D60C2E9003114BF394A374A4FF48063C2F8AA
S214014D70EC30BDE8F04718F0F9BD334BDFE718F02B
S214014D80F1FD1D4AD2E9003123F001033B4341EA1C
S214014D900801C2E900312F4A57EA08074FF001031C
S214014DA015BF93632C4902F1C062CB6314BFD36372
S214014DB09363DEE750EA01037FF4C4AEBAF1010F54
S214014DC07FF4C0AE18F0CEFD0C4A136823F0010341
S214014DD043EA09031360134A4FF48063B9F1000FE5
S214014DE004D0536602F1C0629366C2E710498B662F
S214014DF05366BEE7BDE8F087A0170020F037002015
S214014E000000084400000840000008460060084012
S214014E10006008440060084600400840004008441E
S214014E200040084600500840041C5000041850007A
S214014E300050084400500846007008460D0A0A094A
S214014E40090A0A0900100840001008440010084624
S214014E50383800200070084000700844024B58683B
S214014E60C0F3C000704700BFA0170020024B1868AF
S214014E7000F00100704700BFA0170020024B5868E1
S214014E80C0F3C030704700BFA017002010B504461D
S214014E90FFF75AF8FFF7AEFD04F14C0002F02EFEC4
S214014EA0FFF720F8FEF76EFBFEF7DAFB03F0BCF81F
S214014EB01049114AD1F8F810072304F1A40003F0B1
S214014EC0EFF84FF440010020FEF732FD4FF40011D9
S214014ED00120FEF72DFDFFF7B5FC20B940F2E722D1
S214014EE0142102F0E5FCFFF7E7FBBDE810400120C6
S214014EF0FEF7CEBE001F00216C1F0021084B80224A
S214014F00C3F8882003F17E430822C3F88820054AA7
S214014F10D2F8BC3E23F02003C2F8BC3E704700BF67
S214014F20004008460010002108B518F01BFDFFF7E9
S214014F30E5FF034B01229A60BDE8084018F016BD54
S214014F4000400840F8B5194C05462078B0FA80F0C4
S214014F5040F206423E21400902F0AAFC55B96078AB
S214014F60B0FA80F0BDE8F84040F206423E21400922
S214014F7002F09EBC0E4F0F4DD7F8A0304FF440669E
S214014F80C3F381232370C5F8A0606078B0FA80F07F
S214014F9040F206423E21400902F08AFCD7F8A430CE
S214014FA0C3F381236370C5F8A460F8BD37500020B1
S214014FB00000084000000844F8B50B4C0B4DD4F82F
S214014FC088300B4F0423C5F88830D4F888305B034B
S214014FD000D4F8BD0426C7F8886002201DF02FFC17
S214014FE0C5F88860F1E700BF004008400040084669
S214014FF0004008441C4B70B5D3F888601B4D03F184
S2140150008063A822C3F8882010221A60184A194B18
S21401501093666B66FFF772FC174B1B7813B9032078
S214015020FEF752FB00242C67FFF7C6FF134A144B0A
S214015030D2F8E41E0B40C2F8E43E124B0422C3F839
S2140150408820114BB206C3F8C44008D503F5807317
S2140150509B6CB3F5817F22BF034B80229A60BDE82B
S214015060704001F0A3BE00BF004008400050084059
S21401507000500844100000023E500020001000219D
S214015080DF0000FF00400844001E002110B549B9AA
S21401509018B3144A53681B0E13F00E0F1DD1136874
S2140150A09A061AD4FFF784FC0E4C0020FFF726F967
S2140150B0032801D0092806D1D4F88C30DB03F4D4B8
S2140150C0636F0C2BF1D9FFF777FF074B0122DA60EC
S2140150D003F17E430422C3F88820044B4FF4C062D8
S2140150E05A6210BD0040084000400846006008446F
S2140150F008B503210920FFF717F8024B20229A6012
S21401510008BD00BF0040084038B5054618F02AFC27
S214015110044602F0AFFC35B1FFF75EFC2046BDE861
S214015120384018F023BC084B1B78002BF6D0074BF1
S2140151301D78002DF2D1FFF74FFC2A464FF4804030
S2140151400021FFF7C5FCE9E73A500020395000205E
S2140151502DE9F84F564B0646D3F888300D461446CF
S214015160002A40F0A28013F0A00F14BF4FF00109EF
S2140151704FF00009DFF854814E4F01F017FEA023CF
S214015180C8F888300320FEF79FFA0420FEF79CFA41
S2140151904FF0000AFFF720FC474BFB66C7F870A0EC
S2140151A0FFF70AFF454BD3F8BC2E42F02002C3F8A6
S2140151B0BC2EFF22C8F800203D4A4FF48071916052
S2140151C0D3F8E42E3E494FF0040B1140C3F8E41E19
S2140151D0C8F888B0C3F8C4AEFB6813F0060F04D055
S2140151E0FEF730FC5846FEF76FFAB9F1000F08D00B
S2140151F0344B4FF40062C3F88820334B4FF400421F
S2140152005A6666B1304B5B6C180701D4FFF7D0FBCA
S214015210FFF76EFF0420FEF757FAFFF76FFB244BEC
S214015220DA68D1073FD55A6812F0706FFBD1274B69
S214015230274AC3F88820274A936B23F0F003936329
S21401524015B12046FFF760FF234BD3F8B4305A1C44
S21401525001D05B0002D51D4B0122DA601CB31A4B4C
S214015260DA6E9A66124A136A23F00103D3611B4B66
S214015270D3F80C22C3F80822A3F54053DA6F9A67D5
S214015280A3F50053D3F8EC20C3F8E82003F5C04398
S214015290DA6B9A63A3F50053114A5A660B4B4FF625
S2140152A00842C3F88820BDE8F88F4FF0000961E78F
S2140152B00040084000500840000001010010002195
S2140152C0DF0000FF00400846000008400040084498
S2140152D010003000001F00210081E00F0060084030
S2140152E05000F0029A4B196EDA6E2DE9F04F01EA82
S2140152F00209C3F8689003F5805385B0D3F8E060DF
S214015300D3F8EC201640C3F8E86003F5A043D3F8C1
S2140153100012D3F80C2201EA020AC3F808A2A3F588
S214015320005359691A6A01EA02088A4A08EA02021F
S214015330DA61894BD3F80022910006D4D3F8003104
S2140153409A00C3F3407740F1E18018F00BFB834BE2
S214015350DA68DF6D12F0060F9A6E07EA020727F485
S214015360800222F4006214BF4FF0010B4FF0000BD5
S2140153705A667B0704D57A4A537D0133DBB25375EF
S21401538018F0F4FAB9F1000F00F0DF8019F40044C8
S21401539027D018F0E7FA0146FFF7CAFA6F4D044620
S2140153A0AA69AB699A42FCD0AA699342FCD0FFF77E
S2140153B0BFFAA04240F0AC80084618F0D7FA694B15
S2140153C01C60694BD3F8885015F4E05240F0A28077
S2140153D024F07F4424F0DF040CB9FFF70BFE4FF0F6
S2140153E0807419F0020F4FF0000516D05E4B5F492E
S2140153F0D3F8883003F46042C1F88820002A00F010
S2140154009E801D0400F19E8013F4005F0CBF4FF0D8
S21401541000534FF000631C430025C9F340394FEA9F
S2140154204909534B3340002B4AD016F4206F0AD05B
S21401543040F60F020621002002F03AFA0020FFF79C
S21401544063FE26F48026F00506D5484BFF221A6037
S21401545044F4C064FFF7ACFA16F0090F0AD040F620
S21401546024020821002002F023FAFFF741FE414BF7
S21401547001229A6216F0106F0CD040F62D02092117
S214015480002002F015FAFFF733FE002211461046FF
S21401549002F0C8FA16F4202F0AD040F6350207218A
S2140154A0002002F005FA0020FFF72EFE26F48026E3
S2140154B0F10301D502F006FC002EB8BF49F0080939
S2140154C072070DD52B4B5B6A13F4005F14BF2A4A93
S2140154D02A4A4FF400531ABF536244F4000453623D
S2140154E0730548BF44F0040416F4802600F0AA8031
S2140154F002F0B2FB0138062842D8DFE810F021019D
S2140155002401210127012A012D012D01BB4639E77E
S214015510044645E70192FFF76DFD144B019AC3F867
S214015520882015F4805307D115F4806F0CBF4FF017
S21401553080544FF0806454E74FF0804451E74FF0B9
S214015540007368E74FF0004365E74C464D4668E751
S214015550000008400000F7FF00E100E000500840AE
S214015560F4370020EC370020004008400040084493
S214015570090B0B890010084000100844001008466B
S21401558040F666020321002002F092F97C4A136E6F
S214015590D2F8800003F007030633012101FA03F372
S2140155A0C0F30C001B1A9BB2072B13D9754BD3F80B
S2140155B0883058020ED47448136B126DC06C58B103
S2140155C003F0070306339940C2F30C03C91A89B2E4
S2140155D0072901D844F400746C4B1B78002B31D09A
S2140155E0674BD3F8E03013F4A02F2BD1684B694AF0
S2140155F01B7893B9FB0410D4137873B1E30866499A
S21401560043EA457383F00103D1F8E41E03F0010376
S2140156105B0021FA03F3980714D10420FEF754F82F
S2140156205E4B5F49D966FFF7D7F95A4A13782BB90B
S2140156305C4B5D4A1B682340134201D144F480440D
S21401564027F48057BAF1000F1DD01AF4805F18BFF7
S21401565044F480241AF4807F18BF44F400241AF41A
S214015660005F18BF44F010041AF4007F18BF44F01E
S21401567020041AF4806F18BF44F040041AF4006F37
S21401568018BF44F08004B8F1000F3BD018F4802F07
S21401569018BF45F4007518F4803F18BF44F48054D1
S2140156A018F4801F18BF44F4003418F4001F18BF04
S2140156B044F0020418F4003F18BF44F4801418F4B0
S2140156C0800F18BF45F0100518F4002F1AD0324B82
S2140156D0D3F8BC3E13F0C00F14D02A4B5A68C2F35D
S2140156E00362032A01D0072A07D1D3F88C20D106FA
S2140156F003D4D3F89020120731D54FF40022DA6193
S21401570028F40028002F00F00D81380540F1818033
S214015710264ADFF888A0D378002B4DD0013B4FF402
S2140157200061DBB2CAF86410D37033B9204B1B7822
S214015730C3B1204B40F60142DA660023002266E040
S21401574044F4803422E744F400641FE744F48064A0
S2140157501CE744F4807419E744F0080416E744F49F
S2140157600014CFE7DAF8703013F4A05F15BF4FF4DA
S214015770807340F60143CAF85030CAF87030DCE74F
S2140157800010084000400840000008403B50002040
S2140157903A5000203C5000200010002100500840E4
S2140157A000000101A0170020088D01002D500020E7
S2140157B03E500020005008460320FDF785FFDAF82A
S2140157C00C30A848A84913F0060F02BFA74B41F6B4
S2140157D01F72DA664FF40063CAF86430DAF80C30E8
S2140157E013F0060308BFCAF87030C38A13F40062C8
S2140157F060D023F40063C3820B7803F0FF0A002B0A
S2140158005CD1FEF71FF9FFF7F5FB534620221C4338
S2140158101543B9010BD52E20FEF70CFB934A4FF02A
S2140158200073936602F17C4245F008055366FA065A
S21401583008D52B20FEF7FEFA8C4A1023936602F158
S2140158407C42536617F4E00F05D1FB045ED5BBF12D
S214015850000F00F0AC80B80210D52920FEF7EAFA56
S214015860FFF7FCFA40B18249824A834B53668B6646
S21401587082494968490424D445F0040517F4800B8D
S214015880DFF8F0A129D00420FDF71EFF2720FEF740
S214015890D1FAFFF7AFFB4FF48003CAF86430784BB8
S2140158A0D3F8E42E50067CD4764B02221A6045F0DB
S2140158B0020528E00B784FF40053A8E74FF40043A5
S2140158C03CE76A4920208B665366FEF7B3FA2D2023
S2140158D045F00C05FEF7AEFAD0E7FA024CD50420E7
S2140158E0FDF7F2FE2820FEF7A5FADAF87030002B55
S2140158F03FD1FFF77FFB5D4A5F4B936602F17C4227
S21401590045F0010553665B4B00221A657B0509D5F8
S2140159105D4A9378002B00F09880013B937000233A
S21401592049EA03094A4620462946FFF7D1F80EB14F
S21401593002F0BAF918F4002F00F08C804F4B4FF4A8
S2140159400022DA6118F0206F00F0888018F0007FDE
S21401595001D0FDF767FC18F0006F01D0FDF77EFC63
S214015960002200204FF4006105B0BDE8F04FFFF7BC
S214015970AFB8CAF870B0BEE7FB04C4D50420FDF783
S214015980A3FE424BCAF86C30FEF75CF8DAF85C30DE
S21401599013F4A00FB7D12A20FEF74CFAFFF72AFB23
S2140159A07DE7D3F8BC3E990681D4394B7DE7364A6C
S2140159B013794BB1013BDBB2137113B92C4B354A4A
S2140159C0DA6600231C43A1E70420FDF77DFE0320D1
S2140159D0FDF77AFE274B2D4ADA6617F0C3FF82469B
S2140159E00DF10F00FEF78AFC2B4B1B7883460BB19B
S2140159F0FEF7DEFFBBF1030F0ED1DFF880B000200B
S214015A00FEF77CFC032807D1DBF88C30DA03F6D4EA
S214015A10DBF874300C2BF2D99DF80F30032B06D12E
S214015A201E4B012250461A7017F0A0FFC9E71C4B07
S214015A30D3F8E03013F4A02FF2D1FEF7CDFF504695
S214015A4017F094FF4FF48043BCE70220FDF73CFEBD
S214015A50012365E7B8F1000F7FF474AF05B0BDE828
S214015A60F08F00BFF43700203E500020005008445D
S214015A700050084600500840100000020040084050
S214015A8000100021004008442D50002000000101B4
S214015A90004008460000010D3D5000203A5000200D
S214015AA000100840014B1B68184700BF3012002049
S214015AB0034A0123136202F17C42D361704700BF9F
S214015AC0004008440B4B10B55C691A6A1440A2B238
S214015AD0DA61E20704D55868C0F30360FFF7E8FF10
S214015AE0630706D5BDE81040042200200021FEF71A
S214015AF0EFBF10BD004008400C4A08B5136BD16BD0
S214015B000B409363DB070FD5094B187840F6AC22A0
S214015B10122100F0010001F0CBFEBDE80840002292
S214015B2001200021FEF7D4BF08BD00BF0070084069
S214015B30A0170020044BDA6FD207FCD41A6FD96F76
S214015B400A409A67704700BF0030084070B50D469E
S214015B50144617F007FF064BD3F8BC6E74402C4072
S214015B607440C3F8BC4E17F001FF05EA060070BD8D
S214015B7000100021034BD3F8BC3E99430CBF012013
S214015B8000207047001000212DE9F04117460A4316
S214015B90012A9DF818409DF81C60DDF820801D46FE
S214015BA029D8B44227D2082E25D8032B23D8B8F1FA
S214015BB0000F20D00A46002101F060F8EB00FF211B
S214015BC09940DFF838C0C94308F1FF38FF00E2B258
S214015BD0964202D80020BDE8F0813D190CEB850500
S214015BE018F8010FD5F8EC2098400A401043C5F884
S214015BF0EC000134EBE70120EDE700BF001E0021B9
S214015C0009490A4AD1F8EC0010B504230124C2F868
S214015C10EC308C624FF400515162410744BF02F1EF
S214015C200072C2F8EC3010BD0010084000100844A5
S214015C302DE9F7438E780F2E80460C4603D90120B6
S214015C4003B0BDE8F08326B901232E4A0020137065
S214015C50F6E70D7891F80190002D3BD1B9F1000FD0
S214015C60EDD194F90310E088FDF7E8FF0128E6D0AE
S214015C7055EA0903A088244F32D1FDF701FF2349D5
S214015C808A6D4FF6040583B292B24FF60500AA421A
S214015C9008BF02463A800825802201278F658A6759
S214015CA02A461A4903B1013B013ECB62F6B20023F4
S214015CB0019300960123294608F1A400FDF720FF71
S214015CC01FB1134B4FF48012DA64124BA2681A60AC
S214015CD00223BAE7082DB2D8B9F1080FAFD8C0E74A
S214015CE0FDF7CEFE3A884FF604039A421EBF0749D7
S214015CF08A653B80A9454A4683B238BF2A460027B3
S214015D00CFE700BF3F500020381500200050084064
S214015D1000500846103800200C4BD0F8C42010B5AF
S214015D20C3F8C020027C0446120202F400624FF45B
S214015D300061FFF70BFF237C13F0080F14BF044A22
S214015D40044A4FF40073C2F8883010BD001E0021CB
S214015D50004008460040084437B5204D0C4641B97E
S214015D600A460721FFF7F2FE1D4B2C635C6003B069
S214015D7030BD07221146FFF7E9FE1A4B07225A608B
S214015D80237985F8303063790193012101A81DF04C
S214015D9076F9019BC2B2D34000F00F0040EA03102F
S214015DA085F83100A27985F83220E27985F833202A
S214015DB02068686383B1028801218B4205D8237964
S214015DC0013B1344084A9361D1E730F81150AA42C7
S214015DD028BF2A460131F0E71A46F0E7001F0021E6
S214015DE0301F00210000084400000840431C07D073
S214015DF0044B6FF0FF029A6103F100731040986143
S214015E00704700BF0070084400F01803182B0AD032
S214015E1003070AD410F0100040F2011318BF184609
S214015E20034BD86470470020FAE70120F8E700BF6B
S214015E30001F0021344B2DE9F7431E6801F4007959
S214015E4000F00103174653EA090205460C462ED018
S214015E504FF0000803B30023002201200021CDE902
S214015E600088FEF74DFE41463046FEF7B5F941463D
S214015E707083012001F092FB716B06F1A400FEF71E
S214015E8051FA22490868FFF7B1FF4FF0FF330B6064
S214015E90337C43F004033374B9F1000F07D00121BA
S214015EA030461CF0EEFB24F4007405430C43D6E99F
S214015EB03E232A40234052EA030103D014493046C8
S214015EC009688847FB070FD51249134A0868136803
S214015ED000211160114A0121117003B19847104B3E
S214015EE000215B680220984717F00E0F08D040F299
S214015EF0F3123B21002003B0BDE8F04301F0D8BC0B
S214015F0003B0BDE8F08300BF38380020341200200B
S214015F10381200202038002024380020425000206B
S214015F2010120020044B1868830654BFC0F30F20DC
S214015F304FF6FF70704700BFEC370020F7B50446F8
S214015F40D4E93EC71046DDE908268CEA020587EA51
S214015F5006010540194085EA0C057940C4E93E5121
S214015F6023F4004106EA010320F00100002543F472
S214015F700073024043F00203CDE90055FEF7C0FD71
S214015F80237C9A0717D5D4F8FC309B0513D54FF41C
S214015F90881120461CF075FB237C65F341032374AE
S214015FA0D4E93E2302400B4052EA030103D00349E1
S214015FB0204609688847002003B0F0BD381200204B
S214015FC038B10368044A002B08BF1346034A13601E
S214015FD07047014BFAE700BF112903003812002071
S214015FE0024B986B00F00F00704700BF001F0021A6
S214015FF00F2938B505460C460ED801F0DFF8012802
S2140160000CD1074A936B23F00F032343936328466F
S2140160101CF058FE002038BD0120FCE70220FAE7FC
S214016020001F0021014BD86B704700BF001F0021E5
S214016030014B0020D9637047001F002103282DE97A
S214016040F7434CD8274B13F80080274B1E5C274B91
S21401605013F8009017F086FC0746FEF707FF054683
S21401606040B10023CDE900330022002301200021A6
S214016070FEF746FDFEF702FF48B10023CDE90033E7
S2140160800022002300204FF40041FEF739FD26B31D
S214016090174B5C6C04F00804164B31465C644046B2
S2140160A0FEF7F4FF4A4631464046FFF751F8124BD9
S2140160B05C6465B1114B1868416BA430FEF732F988
S2140160C00F490868FFF792FE4FF0FF330B60384622
S2140160D003B0BDE8F04317F049BC3446DCE703B033
S2140160E0BDE8F0839AFD030096FD030092FD0300D0
S2140160F00000084000000844000008463838002028
S21401610034120020104AD2F8883013F0A00F16D1AE
S214016110D2F88C0010F0040013D10C4BD3F8E43EF7
S21401612023F07F4323F0FF035BB15368C3F303629D
S214016130092A07D0B2F10C0018BF012070470020D1
S21401614070470120704700BF004008400010002142
S21401615070B50D46064620B9194B1B68A3B103203E
S21401616011E001F02BF8012828D1164B93F90040D5
S214016170C4F11C04641BC4F11C03002BB8BF5B42B2
S214016180232B0CDD012070BD81EAE173A3EBE173E3
S214016190DBB2232BF6D80B4B19700020F3E7B5744E
S2140161A017F0E0FB084A5369E40223F4FF2304F4E2
S2140161B0FF241C43546117F0D9FBEEE70220E2E707
S2140161C038380020405000200070084018B9034BB2
S2140161D093F90000704790F9120070474050002074
S2140161E008B5FFF799FD17F0BDFB074AD2F8BC3E8C
S2140161F023F02003C2F8BC3E17F0B8FB034B022283
S2140162001A60002008BD00BF0010002100400846AB
S21401621090F8C23053B9074BDA69920208D49B6FE3
S21401622013F4706F14BF01200020704700207047E0
S2140162300120704700600840F8B5436B02EA01058B
S21401624023EA01032B434363344A01F00B030C4654
S21401625023EA0501516402F100722B4061070646EC
S214016260536411D50121FFF7D3FF68B1FEF7A4FEF1
S21401627015F0040F14BF2A4A2A4A4FF40073D3615B
S214016280294B0422C3F88820E20606D515F0100F24
S214016290264B14BF00221B22DA6423061DD52F06C7
S2140162A016D51F4B4FF400129A6103F17E4301226B
S2140162B0C3F8F82017F056FB0E2107460320FDF71A
S2140162C033FF1A4B40F201225A62384617F04EFB52
S2140162D0294606F1A400FEF725F8E00503D5E905F1
S2140162E016D5FDF7EBFEA20503D5AB0513D5FDF7D5
S2140162F0F5FE14F0600F09D0D6F8941030461CF065
S21401630008FB0B4B98640B4B80229A600020F8BD6B
S214016310FDF7CCFEE7E7FDF7D9FEEAE70000084403
S2140163200060084600600844004008440000084039
S214016330001F002100400840014B1868704700BF4D
S2140163401C38002037B5012300240022CDE9003493
S214016350002310461946FEF7D3FB0220FDF7B4F9D9
S214016360054D064B21461C6002206B6898472B683A
S21401637003B0BDE830401847101200202438002032
S2140163802DE9FF41022903900C461546984605D192
S214016390FFF7D8FF002004B0BDE8F081194E17F0D2
S2140163A0E1FA336807463BB1AB4205D017F0DEFA97
S2140163B0002333600120EEE7134B3560C3F80080FD
S2140163C001230022CDE90033002310461946FEF7CB
S2140163D097FB0E4B002502201D70FDF775F922462E
S2140163E02B4603A90220FDF78DF9094B039A1A6083
S2140163F0084B1B6804469847384617F0B7FA002C36
S214016400C8D1D5E72438002020380020425000208B
S2140164101C38002010120020044BDB6D5B055ABFB0
S214016420034B1878012000F0010070470050084027
S21401643042500020014B98691CF00EBA00600840DB
S214016440014B98691CF01EBA0060084070B50E46F4
S21401645017F088FA054600F0D5FE044620B1284616
S21401646017F084FA204670BDFEF7A6FD114B327870
S214016470D3F8E43E022A23F0F00316D0101F42425E
S2140164804241520043EA02137278022A0FD0111FCA
S2140164904A424A41520043EA8213064AC2F8E43E9F
S2140164A0054B0422C3F88820D9E70122EAE7012236
S2140164B0F1E700BF001000210040084470B50E4609
S2140164C017F050FA054600F0B5FE044620B12846FE
S2140164D017F04CFA204670BDFEF76EFD104B327871
S2140164E0D3F8E43E022A23F00F0315D0101F4242D0
S2140164F04241520013437278022A0FD0111F4A42BA
S2140165004A41520043EA8203054AC2F8E43E054B7B
S2140165100422C3F88820DAE70122EBE70122F1E73B
S2140165200010002100400844F8B50E7890F8D070AD
S214016530044630460D46FCF7C3FC002844D094F8C8
S214016540D030B34208D1AA88636C9A4204D16A88D3
S214016550B4F8D2309A4235D084F8D060AB88A4F82B
S214016560D4306B88A4F8D230AB886364FF2363759C
S21401657030461CF015F904F1D00520752846FCF7C5
S21401658083FF10BB2846FCF791FCF0B9D4F8903095
S21401659053B194F8D010B94206D0B3F91220204670
S2140165A0EEF7DCFE84F8D9002046FCF76FFE0949B9
S2140165B0A4F8D400084AD1F8F810012304F1A40085
S2140165C001F06EFD0020F8BD01200E2384F8D030C6
S2140165D0F9E700BF001F00216C1F002170B50546BA
S2140165E090F8D0000E280C461DD0FF291DD01AB1F8
S2140165F00F4B4FF0FF321A601CF0D2F8064695F8A2
S214016600D000FCF707FD844228BF0446E4B2B4423A
S21401661038BF3446E0B26875FCF798FDA0F1FF0379
S2140166205842584170BD0220FCE70120FAE700BF3E
S21401663018120020C36B012B01D10020704770B5E2
S214016640364BD0F89060D3F8F830C0F8943086B066
S2140166503146058B04461CF03AF9B3898DF80600DD
S214016660D6E90121EB1A9BB201FB03226846002101
S214016670ADF804300092FDF7D7FF38B9284B228BCE
S214016680DA63FCF7CFFE20B106B070BD022006B07B
S21401669070BD227C60F3410222741CF0DBF8D4F852
S2140166A090305969431EDBB209680291FD2B024600
S2140166B00BD9CD1C09D91B4B01311B680CD0D81C3A
S2140166C007D802A92046029301E002A920461CF041
S2140166D03CF8002006B070BDD91C04D802A920469B
S2140166E002931CF032F8D4F8FC309B0504D4237CCA
S2140166F043F002032374ECE74FF4803120461BF08D
S214016700C0FFD4E93E2302400B4052EA0301E0D029
S2140167100549204609688847DBE700BF001F0021BE
S21401672000300840201200203812002038B50546F7
S2140167300C4641B11CF082FA28B14FF400312846CC
S214016740FFF718FA04342046FDF79AF9024B404247
S214016750C3F8D40E002038BD0010002170B54C30AF
S214016760814214BF0C460024164617F0FBF80D496B
S2140167704A684FF49C53C2F30362D340DA070546D6
S21401678003D5D1F888309B030AD42046012231462E
S21401679001F048F90446284617F0E8F8204670BD8F
S2140167A00324F8E7004008402DE9F74F0646154652
S2140167B0084619B9012003B0BDE8F08F002AF9D0C8
S2140167C0032904D8002101F091FA0028F2D082783A
S2140167D00488037990F805B0C788B0F9000000284E
S2140167E002F00701C0F2D180A1F1070CDCF1000034
S2140167F040EB0C00052928738CBFC2F30010002063
S214016800C2F3801C6873900985F810C000F002007E
S214016810C2F3C00C40EA0C00C2F340126874AA74BA
S214016820AF820BB996F8CA30013BDBB2EB74736BDF
S214016830D80600F196800639012900F29280544B61
S214016840DB6C544B5A6B1B6B03F0070306334FF09C
S214016850010909FA03F909F1FF39083C42F0005829
S21401686004EA0904002318F804A0AB60013404EA22
S2140168700904631D03EA09035A1C02EA090218F80F
S214016880037018F80220BAF1800F47EA0227727CDB
S21401689018BFAAF1320A3BB214BF4FFA8AFA6FF058
S2140168A07F0AC7F30B079AB30020D6F89C300BB1CA
S2140168B051469847631C03EA0903E87385F80EA05E
S2140168C018F80310013303EA090318F8032001330B
S2140168D003EA090341EA022118F80320013303EA17
S2140168E0090341EA024118F803006A7C002341EAE1
S2140168F00061304601F0A2FC2860737C042B03D1B2
S214016900022FDCBF013028600423AB71002052E760
S214016910D90422D5D6F894209AB11368022B10D93F
S21401692092F82400FB0008B1B3FBF0F39B45BBD8FB
S214016930002BB9D0CBEB0B20B0FBF3F0C043C0B2B9
S214016940B3E730461CF05EF8019030461CF04AF87A
S214016950019BB3FBF0F0C0B2E4E718F80400400076
S214016960EDE70023EB730C4BDA68C2F3072312043E
S21401697048BF63F0FF035AB212F1800F1CBF323BCF
S2140169805AB20023AA732B60BFE7022013E700BFA9
S21401699000000840001008400070084038B58D8897
S2140169A00C461CF02FF8EB0080B1B3F5803F0DD8F4
S2140169B0074A430902FB053322680009B3FBF0F3DB
S2140169C01A4407232260A371002038BD0220FCE789
S2140169D020A1070070B50A4B0A4DD3F8EC604FF4BE
S2140169E08064C5F8EC400020FEF78EFB4FF40053A0
S2140169F06B65730544BF044BC3F8EC4070BD00BF24
S214016A0000100840001008440010084611F5004F19
S214016A101FBF01F30E01044BC1F30E01002014BF8A
S214016A2019640120704700BF00300840F8B50446DD
S214016A300E4641B9037C5A0641BF4FF6FF7261F319
S214016A408613828303743C4BD4F894701B680BB195
S214016A5020469847394BA18BD3F8842012F4E05F87
S214016A6004BF2022C3F810224FF6FF73994204D0C8
S214016A70334B1B680BB120469847324DD4F894101F
S214016A802A68914207D020461BF043FF2E4B98649C
S214016A902E4B80209860974245D02D4B1B684BB1FA
S214016AA01FB13A68002A40D0BF6839462046984749
S214016AB0D4F8941008461BF044FF30B3254901F082
S214016AC06DFA07272046FCF7E1FB16B3224B94F933
S214016AD0122093F900302149D4F89400C3F11C0325
S214016AE09B1A4A69DB0222F4FF2203F4FF231343B5
S214016AF01B4A4B611B4B2860062111672046012269
S214016B001A701CF0DFF80020F8BD20461CF04EF984
S214016B10D4E70D4B0F4AD3F8F81004F1A4003B4616
S214016B2001F0BEFAD2E70127CCE7174639462046E0
S214016B309847D4F89410BDE72C3800200060084030
S214016B40183800200C380020001F002100400840A3
S214016B50143800206C1F00214050002000700840AF
S214016B6000000844415000200248482200211FF03E
S214016B7024B900BFE81E0021002373B58374642383
S214016B80C0E92C33C0E92E334FF0FF35C0F8AC30E6
S214016B90A0F8C0300E264FF6FF73C0E9075580F8FF
S214016BA0D06045648582837504461120ECF72EFF7C
S214016BB0042834D11B4B5B6813F4403F2FD1204689
S214016BC0FEF764F92046FFF7CFFF94F9121020462E
S214016BD0FFF7BEFA144A6023536402F5805240F66A
S214016BE0FF7151625165114A5364114B4022C3F83B
S214016BF08820626B29462046FFF71EFB002240F2E2
S214016C00022310461946CDE90066FDF779FFFCF729
S214016C10EBF9204602B0BDE8704000F02FBE02201E
S214016C2002B070BD00300E4000000840000008466B
S214016C300040084410B50C46FFF796FFBCB1A37898
S214016C40082B16D8E278082A13D843EA021313F061
S214016C50FF03094A14BF61681946C2F8E810217893
S214016C6082F82C11617882F82D1182F82F310020DC
S214016C7010BD0120FCE700BF001E0021012A10B54F
S214016C8012D8032B10D803EB8202084C0123934041
S214016C9094F82E01DBB221B1034384F82E31002093
S214016CA010BD20EA0303F8E70120F9E7001E0021E2
S214016CB070B50C68B0F8D4208D680346013404BF63
S214016CC0D3F8AC400C604C68013404BFD3F8B8402C
S214016CD04C606E1C00F1A40038D1D3F8B440CE68E5
S214016CE08C60751C38D1D3F8B0500E69CD60013672
S214016CF004BFD3F8A4600E614E69013604BFD3F811
S214016D00A8604E618E69013604BFD3F8BC608E61FF
S214016D108E693EB34132B24238BF32460E688A614E
S214016D20C3F8B4404C68C3E92E420A69C3F8A420EC
S214016D304A690D49C3F8A820C3E92B650B4AD1F867
S214016D40F810072301F0ACF9002070BD02F14104F0
S214016D50AC4238BF2C46C2E702F16405B54238BFE3
S214016D603546C2E76422D9E7001F00216C1F0021C7
S214016D7070B516F0F7FD0C4E054600F01FFA012817
S214016D8004D0284616F0F2FD022070BD736813F099
S214016D90706FC3F30364F0D1F36BDB06EDD52846C1
S214016DA016F0E4FD2046F0E70040084038B516F03E
S214016DB0D9FD0B4A13884FF6FF718B4203D116F0AB
S214016DC0D5FD032038BD074C074DE56504F1007479
S214016DD01B04E365118016F0C9FD0020F2E700BF31
S214016DE03A150020006008440000FFFF2DE9F3413A
S214016DF005460F461446FFF785F980B1DFF818827D
S214016E00D8F80C30DE0740F1EA8016F0ABFD0646F6
S214016E100320FCF783FD38B1304616F0A7FD0226A5
S214016E20304602B0BDE8F081D8F80C3013F0060FFA
S214016E30F2D1304616F09AFD6A4B4FF400612846AF
S214016E40D3F8E48ED3F8C46EFEF794FE40B1664BD9
S214016E504FF400720121C3F88820084600F09EFB1B
S214016E603946284600F0ECFC5E4BC3F8C46EC3F806
S214016E70E48E06460028D3D12B7CD80601D4002CFC
S214016E8066D0C4F34000FEF75DF814F4807F14BFAB
S214016E90564A554A4FF002031BBFC2F88830544A7F
S214016EA0C2F8883000211CBFD16093624D4BD3F8E5
S214016EB0BC7EFEF781F84F4A14F0040F07EA02037E
S214016EC04FF480616BD04C489342C16106D14B4A66
S214016ED092F8D03043F0020382F8D030424B0422BD
S214016EE014F0400FC3F8882014BF454A454A402392
S214016EF02046C2F88030FEF787FF28461BF0FCFDCF
S214016F0040B114F0010F14BF384A374A4FF480736A
S214016F10C2F88830A1064CD56B8C4FF6FF729342AF
S214016F200FD0394A3949D26D100CC2F301120880CC
S214016F3001323749B3FBF2F32F4A3648C8651B04C2
S214016F40D3652B7C003C18BF012464F304132B7417
S214016F5028461BF073FEF0B128461BF0CDFDD0B1DC
S214016F604FF400312846FEF705FE431C9BB2032270
S214016F701F4801A91CF04EF89DF8042002F00703F3
S214016F80052B9DF805301DD1120715D443F48073E7
S214016F901A4AC2F8CC3000201BF0EEFB40E71C4832
S214016FA09342C1619AD1154A92F8D03023F0020378
S214016FB092E7FFF7FBFEC4E713F0040F09D19DF833
S214016FC00630E3E703F03002202A05D113F0010F63
S214016FD0F4E74FF48073DBE79DF80630D8E7032625
S214016FE01EE700BF0010002100400844004008468C
S214016FF0001008408000004000600846001E002186
S2140170000070084600700844006008403A150020E9
S214017010006008440000FFFF005008402DE9F341DE
S2140170200646884615461F4616F09CFC0446032075
S214017030FCF774FC38B1204616F098FC0324204671
S21401704002B0BDE8F0810420FCF768FC0028F2D10C
S214017050204616F08BFC2A4641463046FFF7C6FE10
S21401706004460028EBD1DFF8BC80002F38D088F822
S214017070000039463046FEF7DBFD002845D198F87A
S2140170800030012B29D0224B2022C3F88820214B27
S2140170909B6CB3F5817F2BD201201BF0D0FB16F041
S2140170A061FC1D4B1B68019306464BB10420FCF79F
S2140170B00BFB0023012201A90420FCF723FB00B3EC
S2140170C0FCF774FC2B0617D5144B00221A67FCF745
S2140170D0ADFC304616F04AFCB1E7FDF725FFAEE7FA
S2140170E098F80030012BF8D0002BCCD10124A6E76C
S2140170F00B4B80229A60CFE7FCF798FCFDF7FEFE6B
S214017100E7E7FDF777FF0124E3E7044697E700BFCB
S21401711000400846001F002110380020005008409B
S214017120004008403F50002008B5094BD3F8B43062
S2140171305A1C0BD05B0009D40320FEF77FFF054BDA
S2140171404FF08062C3F894200122DA6008BD00BFC8
S2140171500081E00F00400846054BD3F8880003F194
S21401716080634FF40022C3F88820C0F3C040704704
S21401717000400840014B024A1A607047143800204C
S214017180595D0100024BD86800F00100704700BF4E
S21401719000500840084BDA68D10707D508B9FCF754
S2140171A06DBADB68DA0706D4FCF75ABADB68DB0788
S2140171B001D40028F8D17047005008400F4B5B6897
S2140171C0C3F30363013B0B2B0FD8DFE803F006067E
S2140171D00C06060606080A0808080220704704205E
S2140171E070470520704703207047054BDB6813F096
S2140171F0060F0CBF01200420704700BF0040084066
S214017200005008400A4A5368C3F303630B2B08D0A7
S2140172106FF49050184100F0010080F0010040002A
S2140172207047D2F8880010F48030ECD1704700BF68
S214017230004008400C4A5368C3F30363062B07D883
S214017240042BD8B20CD8C31E584258414000704790
S214017250072B07D1D2F8440110F00050EBD170474C
S2140172600220704700207047004008400A4A5368D1
S214017270C3F30363032B01D0072B0AD1D2F88C305A
S214017280DB0606D4D2F8900080F00800C0F3C000F8
S21401729070470020704700BF00400840024B0022A4
S2140172A019681BF0AABC00BF8018040010B5FF22A5
S2140172B04FF6FF7104461BF0C4FC68B9FF224FF677
S2140172C0FF7120461BF0CEFC30B920460349BDE8CD
S2140172D01040FF221BF0D8BC10BD00BF9EFD03006E
S2140172E010B55B0743EA02439DF80820520543EABE
S2140172F0C16302F0BC621A43084942F4C8720446EC
S214017300FEF724FC064B1B680BB12046984700226B
S21401731011462046FFF722FA002010BD9007E12D06
S2140173203038002008B51BF089FC20B1024B586D9F
S214017330003818BF012008BD0000084008B5FFF757
S21401734095FFA8B10B4B5A69110311D5D3F88820C4
S21401735092030DD4D3F8903013F0100F4FF01003B2
S21401736004D1054AC2F89030002008BD034AF9E767
S2140173700220FAE700400840004008460040084462
S21401738038B5044608B3134A53691B031FD5D2F810
S2140173908C50114BC5F38115032DB3F8C8300ED1AF
S2140173A0083B9BB208220D4821461BF033FE094BD1
S2140173B02572D3F890301B0A6372002038BD022D67
S2140173C005D1023B9BB22A46EDE70120F6E70220F3
S2140173D0F4E700BF00400840001E002130100840BE
S2140173E0034B1868034B002808BF1846704700BFB8
S2140173F0343800204C180400F8B50D4610B90024A6
S2140174002046F8BD0E4F3E68002EF8D100F062F817
S21401741004460028F3D0386000F0A8F820461BF098
S214017420B5FC38B130463E6000F0A0F820461BF0AF
S214017430A8FCE4E7002DE3D02046A847E0E700BF1C
S21401744038380020024B1868003818BF01207047F2
S21401745038380020024B00215B680846184700BFF9
S2140174601012002010B51BF0BEFB044618B9034BE2
S21401747001215B689847204610BD00BF101200200E
S21401748010B5FFF7CBFD044618B9034B01215B6825
S2140174909847204610BD00BF1012002010B51BF003
S2140174A097F8044620B9034B01215B6808469847C4
S2140174B0204610BD10120020431E033306D8044B8D
S2140174C0984228BF1846642838BF6420704700BF1A
S2140174D040420F00F8B5054616F044FA0F4B1E68F9
S2140174E0074626B9384616F041FA344611E0B46824
S2140174F08CB194F810C01CF0010F0CD195E80F0068
S2140175004CF0010C84E80F0084F810C0384616F0E1
S2140175102DFA2046F8BD3668E3E700BF401200208A
S21401752038B505460C4641B10B6833B11B680133CB
S21401753003D0CB680BB18B684BB91BF01AF9BDE8C9
S21401754038404FF492724121002000F0B1B908464C
S214017550FBF79EFC0023044A85F8DC30C5E923438B
S214017560C2E9003338BD00BFA817002010B5044695
S21401757018B9054B054A136010BDFEF721FDD4F876
S2140175809830002BF6D1F4E76B2D03003C12002057
S214017590014B1868704700BFA817002010B50C46AD
S2140175A0FEF74CFD054B00215B68032098471CB194
S2140175B0FFF704FE0128FBD110BD00BF101200200A
S2140175C008B502460868FFF777FF08604868FFF7C6
S2140175D073FF48608868FFF76FFF8860C868FFF729
S2140175E06BFF0B69C860581C03D00B48834228BF49
S2140175F003460B614B69581C03D00748834228BFDA
S214017600034688694B61FFF757FFBDE8084088616C
S2140176101046FFF74DBB00BF40420F002DE9F84F63
S214017620D0F8903006460F4613B1038B8B4244D0F8
S214017630D6F88CB0BBF1000F42D0DBF80830002B37
S2140176403ED0DBF80C1000293AD0D6F8A0A0BAF14B
S214017650000F38D04FF000094D46C84601E0DBF870
S214017660083005EBC50203EB82040135E389BB4212
S21401767014D8238ABB42304610D3B4F91220B6F987
S21401768024309342A04653DD96F8D010EDF766FEFF
S214017690337D834281464BD9DBF80C108D42DED315
S2140176A0B8F1000F3ED00023424619463046D04777
S2140176B03783C6F8908086F8D9900020BDE8F88F09
S2140176C00320BDE8F88FD1465446524647F6FF756B
S2140176D004EBC40803EB8808B8F80E30BB421BD88D
S2140176E0B8F81030BB4217D3B8F91220AA4207D116
S2140176F04FF0FF093783C6F8908086F8D990DCE70B
S21401770096F8D0103046EDF729FE337D8342814648
S2140177104246EFD9DBF80C100134A14204D9DBF85C
S2140177200830D5E70120C9E7002AFBD09046E1E7FB
S214017730A046B8E72DE9F04782B0044689461646CA
S214017740FFF70AFD3B4D08B100236B602B68D4F8A8
S2140177508CA0D4F890700BB153454BD04FF0000875
S214017760C5F80890FFF72AFD012836D12B68DAF80C
S21401777000103A6813B11868884246D020461BF0BC
S2140177800EFAC5E900A7D4F8A0508DF80760002DC1
S21401779042D000220DF1070311462046A847204695
S2140177A0FEF748FF0546B8F1000F00D08EB1B5FAD6
S2140177B085F040F2DE324009332100F079F8314697
S2140177C02046FFF733F91C4B05461B683946204611
S2140177D09847284602B0BDE8F0870120FEF72EFC48
S2140177E0164B00215B6803209847FFF7E7FC01284A
S2140177F0FBD1BBE76B68002BB0D0BB42AED1AB6808
S214017800994514D04FF00108AAE7696811B10968D3
S2140178109142B6D05968B1E7217D94F8D9309942A2
S21401782028BF194632462046FEF7D8FEB7E70025A0
S214017830CFE700BFA81700203C120020101200203E
S214017840F8B505460E4616F08DF831460746284629
S214017850FFF7E4FE044620B1384616F087F82046C6
S214017860F8BDFFF761FC224631462846FFF762FF66
S2140178700446384616F07AF82046F8BD07B54FF4A8
S21401788000730A49ADF806300DF106021BF057FBEE
S214017890BDF80630B3F5007F05D1022808BF0020E9
S2140178A003B05DF804FB0120FAE700BF3C38002076
S2140178B008B550B90548064B01601A60054B1A68B1
S2140178C0054B1A60186801F01BFE08BD4412002023
S2140178D0403A0020383800203C3A00200D4BD3F8BF
S2140178E0E020D20314D50C494FF48032C3F8E820C7
S2140178F0C1F8EC209A6BD1B2C2F3072299679A6756
S21401790004229A6700229A679A679A679A679A6723
S214017910704700BF0010084000100846F8B50C4C30
S2140179200D461746064616F01DF80123A3620423EA
S21401793027606660A560C4F8E830064B4FF4807295
S214017940C3F8802116F012F80DB10223A362F8BD28
S2140179500010084000E100E0054B1860054B0122CD
S2140179609A6540F6FF72196358635A65704700BFFF
S214017970483A0020001008402DE9F04F042A83B051
S214017980054639D90B7883614B7883618B7883619F
S214017990CB7883610068D5F808B06E6800F0070000
S2140179A00123063003FA00F808F1FF3909EA0B074C
S2140179B0A2F1040AA8EB0702924501F1040446F07D
S2140179C000560DD8F019214652461EF030F90AEB42
S2140179D00B0248EA09031A40AA6003B0BDE8F08F1B
S2140179E02146F01901921EF022F9019AA118AAEB7C
S2140179F0080230463A44E8E7013A032AEDD8DFE8C0
S214017A0002F00B08050211F8013B836111F8013BF6
S214017A10AB6111F8013BAB610B78AB6103B0BDE81C
S214017A20F08F00BF38B50C46104B1546014668B1BD
S214017A300122C3F8B8200E482246FFF79DFF1DB16C
S214017A400A4B0422C3F8B820002038BD64B1D3F82D
S214017A509C20A24284BF0122C3F8B820C3F89840F4
S214017A600222C3F8B820EAE70122FAE7001008402C
S214017A709010084010B515F075FF184B18490122F3
S214017A809A65C3F888201A66164A5A660722C3F80A
S214017A9084200A80144900220A804FF4A021C3F8EA
S214017AA0E81003F1C0630446C3F8EC100F4B1A60EC
S214017AB00F4BD3F888305B020AD50E4B18680E4B75
S214017AC04FF48002C3F88820416BA430FCF72AFCEF
S214017AD02046BDE8104015F049BF00BF0010084021
S214017AE05E430020001900205C430020443A002039
S214017AF00040084038380020004008440D4B07225B
S214017B001A800D4B00221A800C4B0121C3F8B810C5
S214017B10C3F890204FF40052C3F89400C3F8B42081
S214017B20074BF0221A6403F10073A0221A64FFF7D0
S214017B30A1BF00BF5E4300205C4300200010084048
S214017B40000008442DE9F041044688B1394E3A4F09
S214017B5015F008FF3388394A03F07801032C0546EF
S214017B6003F07F0C114453D13C6824B915F0FEFE96
S214017B700320BDE8F08124F00104386820F00100FC
S214017B80A0424AD100223A6022886FEA42426FEA56
S214017B9052428C42228036D1294CDFF8B8C0278861
S214017BA0ACF180083A46083A92B201F10800604505
S214017BB028BF4046082A04D9B0F900E0BEF1000FFC
S214017BC036DB22803B440C8888781E499B1ADBB240
S214017BD0C4F30C04CC6300F007003380CB66C1F815
S214017BE08420FFF77BFE04280DD1174BD3F888308D
S214017BF0164B1868164B4FF48002C3F88820416B69
S214017C00A430FCF78FFB284615F0B0FE0020B0E745
S214017C10601E012898BF0C46AFE7094862440088F9
S214017C20A21A48BF803208389042ADDC28469DE74C
S214017C300146B8E75C430020443A002000190020C2
S214017C405E430020001008400040084038380020FD
S214017C5000400844801900200E490F4B0A881B88F3
S214017C600E481344073B03F0780303440832987820
S214017C7092B20A8000F0070009490428C1F884205E
S214017C8004D101F540514A681203FCD4054A136039
S214017C90704700BF5E4300205C43002000190020AF
S214017CA000100840443A002010B5054C206828B161
S214017CB0C30701D4FFF746FF0023236010BD00BFB2
S214017CC0443A0020084B4FF48032C3F8EC2003F10D
S214017CD07C43C3F8E420D3F88030C3F30C03782B3D
S214017CE001D8FFF7FBBD7047001008442DE9F843A3
S214017CF004460E4615F036FE504B514D1A882D8817
S214017D008146504802F07801032C02F07F030144BB
S214017D1017D14D4C24688CB92A44073A02F07802F0
S214017D2084180344E31A48BF8033AB4210DB48464D
S214017D3015F01CFE00242046BDE8F88324F001045B
S214017D40EFE7012C02D0022CEBD1083D0C46E8E708
S214017D50002E41D08C423D4942D1D1F83C800A6B7D
S214017D6002F00702063201279740D1F88020C2F3BD
S214017D700C029A4247DDB4F900302588002BD6DB89
S214017D80A378C5F30C0503F007037A1EA5EB0805D7
S214017D903A43052B337005EA02052CD82DB2E84389
S214017DA040F236420421C00FFFF782FD7580E3786A
S214017DB0274A337412687B1E03EA0803D118B160A0
S214017DC0A9B213FA85F5BD4289BFFF1A0023B78011
S214017DD0F2609CBFB180F360484615F0C7FDAAE784
S214017DE0A4F10802824238BF04F17802B2F800809A
S214017DF0C8F30C08B3E7174BDB6C003B18BF012335
S214017E00A5EBC305CAE78B6B7A1EA3EB08033A43BF
S214017E101A40114B15B25B686AB9C3F30363D91EE6
S214017E204B424B41DB0033700B4B7280D3F89030E2
S214017E30C3F30723BCE70823F5E700BF5C43002034
S214017E405E43002000190020443A0020001008403C
S214017E50483A0020000008400040084010B515F0E0
S214017E6081FD084B1B6804463BB1984728B10022A8
S214017E7000204FF48061FCF72BFE2046BDE8104041
S214017E8015F074BD4C3A00202DE9F74FDFF8ECB041
S214017E908146DBF800A00F46FBF756FD4FF0FF3595
S214017EA0CDE9000100202C46064606F110031B0111
S214017EB05BF8033003F00308B8F1010F15D1304623
S214017EC0FBF75AFD02460B46DDE90001FBF7EAFB2C
S214017ED0DBF85C3006F10802D340DB0737D5002F0C
S214017EE03ED000253E602C4640460136052EDCD1AC
S214017EF050B3224F396B0131A4FB014164190AF4D6
S214017F00403341F10001B3F5003F4FF000022FD19D
S214017F10FB6A0AF4405A013342F10006BAF5805F63
S214017F2021D1BD6A15F5807542F100026E4303FB4F
S214017F300266A5FB03323244594304FB0212A3FB3B
S214017F4004341444C9E9003403B0BDE8F08FA842F4
S214017F5071EB0403C8D207B13E6005460C46C3E781
S214017F603D463C46C0E7320242EA13621B02E3E7A3
S214017F70BB6A13F5807342F10002DDE7005008404A
S214017F8040B10368012B05D90069034B002808BFDF
S214017F9018467047004870478418040038B50546EF
S214017FA014480C46FBF76CFD2DB1C30103EB5503DA
S214017FB0B3FBF5F32360104A5368D80217D40F4B6E
S214017FC01B68D2F8A810C3F3810311F4806203F191
S214017FD00103C9B218BFDA00FF2906D00649D1F855
S214017FE0AC10490501D502EBC302626038BD002220
S214017FF0FBE700BF40420F00000008400020084099
S214018000084B1A68C117A2FB000310F1807002FB2F
S214018010013343F10003400E40EAC310803820EAE2
S214018020E0707047543A0020174B072270B5C3F82A
S2140180308420FBF7D7FF154B154A164EC408010BD3
S2140180400546E005C01841F10001002313F0BEFF0C
S214018050114B18604EF66020FFF7D2FF4042C6F87B
S2140180609C000E48FBF70CFD024658B1E301500890
S21401807018184FEA15714FF0000341F1000113F093
S214018080A5FF706770BD00BF00400840B2E60E0055
S21401809065CD1D00001F0021543A002040420F000C
S2140180A02DE9F843054608469846FFF769FF164648
S2140180B00746002D00F0A98018F0050F5DD02C6949
S2140180C0002C00F0A480FBF7DBF84FF47A735C43D6
S2140180D0201A7B68A0F6AC50C01AFFF791FFAC8B54
S2140180E03062002C00F09680FBF7CAF84FF47A73E2
S2140180F05C43201A7B68A0F6AC50C01AFFF780FFDD
S21401810070614A4BEC68D3F80090002C00F0858033
S214018110FBF7B6F84FF47A735C43241A7B68A4F62F
S214018120AC54E41A3B68E41A414B1A68E117A2FB07
S214018130044314F1807402FB013343F10003640E1F
S21401814044EAC314803C3B4BB4613B4CD3F88430C7
S214018150F36123684BB148461AF070FD28B12368D5
S214018160D9F84800324639469847AC69FBF788F893
S214018170014620461AF077FFF06218F0020F29D068
S2140181806B684FF47A7058435BB13B6803F51C5338
S21401819010331844AB7F002B46F2A81308BF002308
S2140181A01844FFF72DFF6B69B062002B38D0786852
S2140181B04FF47A7202FB0300AB7FA0F50350002B4D
S2140181C0A0F1100046F2A81308BF0023C01AFFF75B
S2140181D017FF706218F0040F17D0A86818B34FF491
S2140181E07A735843A0F503501038FFF709FFF06083
S2140181F02B684FF47A70584323B13B6803F51C5340
S21401820010331844FFF7FCFE3061BDE8F8834CF2EA
S214018210503062E74CF2503070E74CF2503483E74E
S21401822047F23050D3E747F23050DEE738380020C7
S214018230543A0020001F0021503A002010B508468D
S2140182401C461AF0EDFA094B0246D3F8F800FFF780
S21401825097FE0368A018002B054AA8BF4FF4FA72D0
S2140182601A44044B92FBF3F2104410BD001F002188
S2140182700CFEFFFF18FCFFFF38B504460D4615F04F
S2140182807CFB064A13889BB22DB123431380BDE8BD
S214018290384015F078BB23EA0403F7E76243002071
S2140182A0034B002201214FF480701A70FFF7E4BFE0
S2140182B04950002008B5054B18681AF036FD00F045
S2140182C00300C31E5842584108BD00BF703A002043
S2140182D0F0B585B00023CDE901330393124B134D5E
S2140182E0134E1B788DF8043015F047FB2A78337847
S2140182F0104F9A4204460CD031783868297001AA8A
S214018300FFF7CCF850B10C4840F6F311EFF776F9C9
S21401831004E038681AF009FD0128EDD0204615F072
S21401832032FB05B0F0BD00BFB9150020B615002020
S214018330B7150020703A00205A1B040038B50446D1
S21401834015F07AF80C4B05461978987881420FD0CB
S214018350631E082B0CD8DFE803F0050D0B0D0B0D83
S2140183600D0D0D0000220146044B18681AF0DBFCC7
S214018370284638BD0022F7E7B9150020703A0020DC
S214018380F8B52B4B1B7823B12A4840F6E531EFF7B9
S21401839035F915F0F2FA284B1C8814F00604064647
S2140183A009D001214FF48070FFF766FF3046BDE823
S2140183B0F84015F0E8BA21464FF48070FFF75CFFED
S2140183C0204602F033F802280AD180221B4B802176
S2140183D018681AF0FBF816F024FEFFF779FFE5E7B8
S2140183E0204602F023F8054638B1012807D0114887
S2140183F040F62741EFF702F9D8E70246E6E70F4FC6
S2140184003868FFF727F838681AF08FFC01280CD077
S21401841038682A4629461AF08AFC21462C20FFF79E
S2140184208DFF21460A20FFF789FF16F0FBFDBDE709
S214018430495000205A1B040062430020703A002075
S21401844038B54FF0FF300C461DF0D5FE0A4B0546F9
S21401845018681DF0D0FE641B241A20B210F1630FB9
S21401846006DB10F1240F05DA64308000C0B238BD97
S2140184700020FCE7FF20FAE7703A002010B50E4C0A
S214018480236823B90D4840F69641EFF7B7F8206800
S21401849001301AF07AFE00F0070003280AD124689A
S2140184A009220121204601F0D5F8205C031F58421D
S2140184B0584110BD0020FCE7603A00205A1B04001A
S2140184C008B5134B1B78062B04D0124840F627013B
S2140184D0EFF794F8104B1B881B0704D40D4840F6A1
S2140184E02801EFF78BF80D4B2A201978FFF726FFA6
S2140184F000210820FFF7C0FE094B02221A70094B23
S2140185001868FEF7A7FFBDE8084017F099BA00BF44
S214018510495000205A1B04006243002046500020A8
S214018520B4150020703A00200148002102F02ABE4E
S2140185308C1200207F2837B5044612D119494FF610
S214018540FF730246ADF80630098802230DF10600D6
S21401855016F08FFDBDF80640E20554BF64B26FF019
S2140185604A0415F00AFA104B1C70104B1B88DB07E7
S214018570054610D50E4B1B78002B0E4B0CBF214623
S2140185806FF07F0118681AF042F820B10A4840F6E9
S2140185907F61EFF733F8284603B0BDE8304015F0A9
S2140185A0F2B900BF7CC80300AE150020624300206C
S2140185B04A500020703A00205A1B040008B50A4BA6
S2140185C01B88DB0604D4094840F64A01EFF716F883
S2140185D000211020FFF750FE002001F089FEBDE8C3
S2140185E0084017F02DBA00BF624300205A1B040052
S2140185F0F7B5124CD4E9006586EA020C85EA030752
S2140186000CEA000C0F405CEA070E15D086EA0C0651
S2140186107D40C4E90065CDE900230B4608490246C2
S21401862008681AF03FFC38B106484FF4FD7103B0F4
S214018630BDE8F040EEF7E2BF03B0F0BD80190020C0
S214018640703A00205A1B040010B515F072FD60B197
S21401865015F071FD0B4A80B141F20D03BDE81040E3
S214018660084841F20D01FFF7C3BF074B1A789B7804
S2140186709A4204D100220023F0E70D23EEE7034AD5
S214018680F9E700BF400D0300B9150020488D010031
S21401869038B5294B1B889B07044647D5274B002234
S2140186A0186801211AF06EFC012C254B2DD1197882
S2140186B059B30139C9B2197011B92020FFF7DCFD91
S2140186C000210220FFF7D8FD1E4B1F48042200217F
S2140186D01A7002F057FD1D4C206801301AF055FD46
S2140186E000F44060B0F5006F23D124680121042214
S2140186F0204600F0AFFF20441AF047FD0146BDE8D2
S21401870038400022202018F0F4BB114D0021022031
S2140187101970FFF7B1FD2B78FF2B04D00D484FF4ED
S214018720D361EEF76BFF2C7017F08AF9012CD2D0CB
S21401873038BD4FF6FF71E2E762430020703A002031
S21401874048500020495000206C120020603A00205A
S214018750B51500205A1B040038B5124C238805466F
S214018760580709D5FFF7A6FD01460720FFF7E6FDE6
S21401877000210420FFF780FD238899070AD50A4BBC
S21401878019788A1F514251412846FFF7D7FD01202B
S214018790FFF77EFF23881B0703D5BDE83840FFF7A8
S2140187A08FBE38BD62430020495000202DE9F04FAE
S2140187B0570691B0804614461D4605D5FFF77AFD4B
S2140187C001460120FFF7BAFDEE0403D500212D2056
S2140187D0FFF7B4FDA00223D540461AF0ACFB0146D4
S2140187E0F0B94020FFF748FD0AA9404619F0A4FF5A
S2140187F0B0B99DF83030022B6DD1BDF828000FF0CE
S21401880023FEFF2808D1404619F094FF40B9012104
S2140188104020FFF731FD03E00FF04EFE0028F2D1B5
S214018820A10305D5FFF746FD01460320FFF786FDA8
S214018830E20104F0807354D5AD4B1B889F072FD5FA
S214018840AC4E306819F019FF50BBAB4BAB4F1870EC
S2140188503B78FF2B04D0AA4840F23E61EEF7CEFEED
S214018860002102204FF00009FFF706FD87F800906F
S214018870A44F3B78062B07D101210820FFF7FCFC0B
S21401888049462820FFF75AFD3B78052B06D10021E3
S2140188902B20FFF753FD3068FEF7DCFD17F0D0F80C
S2140188A0260740F1C180934F05AA386803211AF0C4
S2140188B048FB064620B992484FF4D961EEF79EFE72
S2140188C09DF81430072B49D0FFF7F4FC014604202D
S2140188D0FFF734FDA8E0032BA2D10AA81CF0DEFBAB
S2140188E09CE705F0020213430BD0864B19788E1FC6
S2140188F0714271412620FFF721FD0120FFF7C8FED6
S214018900CEE704F080531A4309D07E4B1978881FAE
S214018910414241412620FFF711FD0220EEE704F017
S21401892088410B4306D0774B19788A1F5142514133
S2140189302720F0E705F008030B4302D02320FFF7BA
S214018940FDFC6B0703D500212420FFF7F7FCEF079A
S214018950A6D500212520FFF7F1FCA1E738680AAA71
S21401896031461AF0F6FA20B1654840F2CF61EEF7CB
S21401897045FEBDF81610386802310AAA89B21AF007
S214018980EAFA20B15E4840F2DE61EEF737FE0023D8
S21401899000933868042304AA31461AF000FB042821
S2140189A004D0574840F2E461EEF728FEDFF8609104
S2140189B099F80030002B40F0AD800DF111001AF04F
S2140189C0E4FB00F00700022840F0A480FFF772FCE9
S2140189D001460920FFF7B2FC4A4B1B78062B23D130
S2140189E0494B9DF813201B789A421DD19DF83530CE
S2140189F023B9434840F2FA61EEF700FE0DF111008B
S214018A001AF0C3FBC0F3001631462920FFF796FC87
S214018A1000210820FFF730FC3C4B1E70FFF72EFDAF
S214018A2010B93868FEF716FDE20505D5FFF742FCDA
S214018A3001460420FFF782FC14F4863F05D0FFF7B9
S214018A4039FC01460220FFF779FCA30111D5FFF797
S214018A5031FC01460820FFF771FC00210420FFF7D6
S214018A600BFC284B1B78012B03D1224B1868FEF711
S214018A70F1FC14F0084F09D0FFF71CFC0146072053
S214018A80FFF75CFC00210420FFF7F6FBA70009D5E1
S214018A90FFF710FC01460620FFF750FC00210420DA
S214018AA0FFF7EAFBA60705D5114B1B881C0701D566
S214018AB0FFF706FD680603D500210A20FFF73EFCF6
S214018AC0290602D501201AF0F9FAEA0540F1C1801B
S214018AD040461AF026F9052800F2B180013804282C
S214018AE000F2B780DFE800F0B2C2B2B2B20000BF57
S214018AF062430020703A002048500020B51500203F
S214018B005A1B04004950002044500020B415002090
S214018B104C500020BDF816000830012180B202F04A
S214018B20C5F9039000283FF4CFAE02F0F9F8079993
S214018B30BDF8182006461DF07AF8089941B1BDF82F
S214018B401800BDF81620121A92B230441DF06FF8C4
S214018B5099F800A0BAF1000F20D106F1010B584692
S214018B601AF013FB800659D538681AF0E4F907465F
S214018B70FFF7A0FB05370146F8B2FFF7DFFB5846C3
S214018B801AF003FB00F0070003283E4F2DD0012109
S214018B900420FFF771FB19F0B1FD386000223A4955
S214018BA0BDF816300978F154F7189DF83630BB70C9
S214018BB09DF83730FB700A9BFB71190E3971190C41
S214018BC07971190A99F80030B97123B973789AB393
S214018BD043F020037370002001F0B8FD787003980D
S214018BE002F0C0F916F02CFF1EE7012109223046DB
S214018BF000F030FD305C04284FF00101C8D1FFF7CA
S214018C003BFB19F07BFD214B38601B885906C5D507
S214018C1051464020FFF730FB0122C0E7FFF74AFB31
S214018C2001460920FFF78AFB194B1B78012BB5D1AA
S214018C303868FEF70FFCB1E723F02003CAE73428B3
S214018C4004D00FD8142801D0242811D12620FFF7EC
S214018C5083FDAB0512D50121802011B0BDE8F04F90
S214018C60FFF70ABB00F0EF004428EEE72720EEE707
S214018C70084840F6E601EEF7C1FCEAE711B0BDE8A8
S214018C80F08F00BF5C3A0020B6150020624300203A
S214018C90495000205A1B0400F8B5164E33780D468D
S214018CA002F0010423B1144840F2B631EEF7A6FCF7
S214018CB0124B134F1D60134DA4B1134B997801B19C
S214018CC001212020FFF7D8FA2B783B700F4B1C7838
S214018CD00F4B10481C7004233370BDE8F840002188
S214018CE002F050BA21462020FFF7C6FA2B783B70D7
S214018CF0EEE700BF495000205A1B0400603A0020EE
S214018D0046500020B8150020643A00204750002045
S214018D10485000208C1200202DE9F843DFF8A4818A
S214018D20634C14F02AFEB8F8003013F4807F054631
S214018D3003D0237873BBFFF723FB00210846FFF718
S214018D40FDFA5C4B1A78FF2A13D01A7802F0FF0658
S214018D5032BBFF221A702378052B0AD1002328463E
S214018D60237014F010FE30461AF09BF914F005FE3D
S214018D7005462378504E062B09D13378FF2B06D0B3
S214018D803378022B15D14D48002102F0FBF9FF2361
S214018D9033702BE000214FF48070FFF76DFACCE7BB
S214018DA01A78012A4FF0FF021A7014BF33264C2698
S214018DB0D4E7337813B13378012B22D1FFF75EFB6A
S214018DC096F8009007463D4802F078FAFF235FFACE
S214018DD089F9337077B1B9F1010F44D1374884F876
S214018DE00090642102F0CEF9FFF772FA284614F0DB
S214018DF0CAFD06E02846277014F0C5FD38461AF06D
S214018E0050F9B8F800301B0605D500218020FFF781
S214018E1033FA16F01BFE02F0B7F8294E308000B385
S214018E202778012F42D101F07BFF054610B30130B0
S214018E301AF0ABF900F44060B0F5006F1AD10422C5
S214018E403946284600F006FC28441AF09EF94FF6EB
S214018E50FF7398420ED13188002001F09BF9002360
S214018E603380BDE8F88300232846237014F08BFD79
S214018E703F20C4E7114802F021FA0021084621707C
S214018E8001F03AF9012523780BB9FFF779FA318811
S214018E90002001F07FF900233380002DE1D02078F7
S214018EA00028DED1BDE8F8431AF0D0BA0025EAE77B
S214018EB049500020B5150020B41500208C12002062
S214018EC0604300206243002008B513460A4619464F
S214018ED0064B186819F022FC30B1BDE8084004487A
S214018EE04FF49C61EEF78ABB08BD00BF703A0020C4
S214018EF05A1B040008B513460A461946064B18685D
S214018F0019F006FC30B1BDE80840044840F2E741DC
S214018F10EEF774BB08BD00BF703A00205A1B040070
S214018F20024B1878B0FA80F040097047495000208B
S214018F30024B1878431E584258417047495000204A
S214018F4008B5064B1B7823B105484FF4A261EEF72E
S214018F5055FBFFF715FA002008BD00BF4950002059
S214018F605A1B040008B5064B01EB8101186849003D
S214018F7019F064FB002814BF2120002008BD00BFA3
S214018F80703A002008B5044B1868F9F731FD0A233A
S214018F9090FBF3F040B208BD703A0020014B187800
S214018FA0704700BFB715002008B5044B186819F0C4
S214018FB001FFB0FA80F0400908BD00BF703A0020FA
S214018FC038B5124D2B78012B0C4604D9104840F2C7
S214018FD03151EEF713FB21460020FFF7E5FF90B174
S214018FE00C4B1C702B785BB9FFF7CAF90A4B93F947
S214018FF000100A4BC901186819F056FF002038BD49
S214019000FFF766F9F2E72120F9E700BF4950002093
S2140190105A1B0400B71500204B500020703A002060
S21401902008B5054B0121186819F09CFE0028B8BF49
S214019030033040F3870008BD703A002008B5074B9F
S214019040186819F0B1FE30B1054BB3FBF0F083B2EE
S2140190500BB1184608BD0120FCE700BF703A00209E
S21401906040420F0008B5074B186819F0A1FE30B151
S214019070054BB3FBF0F083B20BB1184608BD0120D7
S214019080FCE700BF703A002040420F002DE9F3478D
S214019090534F012015F0C7FF3B88990704D4514868
S2140190A040F63541EEF7AAFADFF85C8198F8003011
S2140190B0053B012B04D94B4840F63741EEF79EFAA3
S2140190C0494E336823B9474840F63A41EEF796FAD7
S2140190D03C8814F020045CD001212220FFF72EF9F1
S2140190E04FF47A74FFF7BEFF33681B7809334343A6
S2140190F004EBC30498F80030062BA5B20BD1FFF79A
S2140191009DFF0446FFF7AEFF602358430C2303FB85
S2140191100400284485B2D6F80090344B99F80080B4
S2140191201C78334E08F1FF381FFA88F8002C3FD11F
S2140191303B885A0532D57378DFF8C8A026468AF8E8
S2140191400030CAF8085014F0FAFF30B114F0F5FFF9
S214019150012814BF102308231E43264D80234946A9
S2140191602868424619F0E9FE234B1978234B1970FB
S2140191703B889B061FD5CDF800A0214B28683246B8
S214019180FEF77EF910BB002002B0BDE8F04715F0EF
S2140191904ABF21462220FFF7D1F8A3E709F10100D3
S2140191A019F0F3FF10F020047378C5D00124C3E74B
S2140191B073780024C0E7134B28683246FEF752F94D
S2140191C0014618B92520FFF7B9F8DCE72146262025
S2140191D0FFF7B4F8034840F6DD31EEF70FFAD2E7B1
S2140191E0624300205A1B0400603A00204C500020C5
S2140191F0B9150020703A0020B7150020B6150020DA
S214019200643A0020501200204950002008B5174B40
S2140192101B889B0704D4164840F6AD61EEF7EEF9BD
S214019220144B1B78053B012B04D9114840F6AE615F
S214019230EEF7E4F9104B1B6823B90D484FF46B6148
S214019240EEF7DCF90D4B0E49002221201A70FFF7CC
S21401925075F818B9BDE80840FFF718BF022803D112
S214019260BDE80840FFF714BA08BD00BF62430020FE
S2140192705A1B040049500020603A00204350002049
S2140192801D940100F8B5594C23889A0704D558480F
S21401929040F2DF21EEF7B2F9564802F00FF814F06B
S2140192A06CFB23885B0705460BD519F027FA524B52
S2140192B01B68C01AB0F5717F03D900210420FEF7A0
S2140192C0DBFF28464D4D14F05EFB2B78042B32D184
S2140192D014F053FB23885F07064608D5454800214E
S2140192E001F050FF3046BDE8F84014F04CBB14F0D6
S2140192F04AFB14F042FB424B424F1B78064613B919
S214019300238859050FD50523012102202B70FEF76E
S214019310B3FFFFF77BFF304614F035FB3B68DA7886
S214019320394B1A70F8BD3868013019F02EFF8206E5
S214019330E9D50623E8E7062B4DD1344B1B78FF2BE6
S214019340F0D1334E14F0FDFE3378002B3DD014F0EF
S21401935014FB23885B07054605D52648002101F046
S21401936011FF2846BFE714F00EFB3378013B33703C
S21401937014F003FB012104460220FEF77DFFFFF7F0
S21401938045FF20461F4C14F0FEFA2068013019F004
S214019390FCFE00F44060B0F5006F13D12468012193
S2140193A00422204600F056F9204419F0EEFE01464C
S2140193B0184B1A783378D21AD2B2BDE8F840042096
S2140193C017F097BD4FF6FF71F2E72B704020BDE80E
S2140193D0F84019F066BE012BA4D100232B700E4B6A
S2140193E01868FEF737F83F20F1E700BF6243002018
S2140193F05A1B04008C1200205C3A002049500020C1
S2140194004C500020603A002044500020B415002043
S21401941046500020B8150020703A002008B50A4BC7
S2140194201A7882B9012210281A7004D0074840F62B
S214019430A461EEF7E3F800212020FEF71DFFBDE84A
S2140194400840FFF723BE08BD435000205A1B040006
S21401945038B510200C460121FEF70EFF064B1D689D
S214019460FFF7ECFD054B00FB04F10122284619F03D
S21401947062FC002038BD00BF703A0020BD850100A7
S21401948008B5094B1B88DB0604D4084840F2A751EF
S214019490EEF7B4F810200021FEF7EEFE044B186834
S2140194A0BDE8084019F055BC624300205A1B040071
S2140194B0703A002010B5064C206819F003F9C3076E
S2140194C004D52068BDE8104019F0FEB810BD00BFF5
S2140194D0703A002008B5094B01221868114619F0A8
S2140194E026FC00212C20FEF729FF00210A20FEF78A
S2140194F025FFBDE8084015F095BD00BF703A002075
S2140195000148EEF77BB800BF741B0400014B40080E
S214019510185C7047B015002008B513460A46194670
S214019520064B186819F000F930B1BDE80840044848
S21401953040F6DB41EEF762B808BD00BF703A002086
S2140195405A1B040008B5044B186819F0EEFB0138E5
S21401955018BF012008BD00BF703A0020054B10B5AA
S2140195604C0022460146186819F041F8031B584280
S214019570584110BD703A002070B5054614F0FDF94B
S2140195800E4B0F4E1B883570DA07044608D50D4B77
S2140195900D4D1B78012B08D90121286819F0C9FC4B
S2140195A02046BDE8704014F0EEB91BB114F0BFFDC3
S2140195B0C305F1D4317881F00101EEE76243002062
S2140195C0AF1500204A500020703A00200C4B1B8833
S2140195D0DB0710B5044611D5FFF736F8094B84F0C2
S2140195E001021868D200082118F0F0FF30B1BDE87A
S2140195F01040054840F63C71EEF700B810BD00BFBC
S21401960062430020703A00205A1B040008B5044B40
S2140196100146186819F093F8003818BF012008BDF4
S214019620703A002010B50A4C23787BB1FFF752FF41
S21401963000210420FEF720FE00210220FEF71CFE7A
S21401964000232370BDE81040FEF79ABE10BD00BF90
S21401965049500020032A134601D919F03DBD014A9D
S214019660D05C70477E1B040018B1034B19600020C4
S2140196707047024BFAE700BF743A0020783A0020A0
S2140196802DE9F8431046DFF82481174619F07DFDD1
S214019690D8F8003005462BB9424B1B6813B9002099
S2140196A0BDE8F88315F4406905F040060FD136BBD6
S2140196B0B5F5804F52D24FF48074D8F80030002BA5
S2140196C056D1384B1B68002BE9D0002262E0F81C0B
S2140196D019F05BFD4FF6FF73984214BF0124022474
S2140196E086B1052605F44043B3F5004F44F008045F
S2140196F024D0B5F5804F23D244F4807420E04C4644
S2140197000326EFE7B5F5804F4FF00506F4D3B9F51C
S214019710406F14BF022008203044384419F035FD4C
S214019720214BB3F85C3005F4404583420CBF44F04E
S214019730080444F00404B5F5004F01D144F0800458
S214019740B9F5006F0ED1B81919F01FFD164BB3F815
S2140197505E308342B1D144F01004AEE74C46032696
S2140197600220D9E7B9F5406F08BF44F02004A4E70A
S2140197700022D1B233F8110033F911100029A0DB11
S214019780A04202F10102F4D1012089E7A04202F1D0
S2140197900102F9D0D1B233F8110033F911100029C2
S2140197A0F4DA7CE7743A0020183B0020783A00206F
S2140197B02DE9F04F104685B01646984619F0E5FC9F
S2140197C05D4F00F00803B7F85C100293044600F002
S2140197D00709F01C0391B7F85EB019F0D6FC06F144
S2140197E0050A0546504619F0D0FC03464FF6FF70B1
S2140197F0854218D00399A1EB050CDCF1000545EB79
S2140198000C056D004FF6FF718B420ED145F0040535
S21401981000F0ECF9029B6BB1B9F1000F11D04220B8
S21401982005B0BDE8F08F0125ECE79B4508BF45F084
S2140198300805EDE7B9F1030FF1D8DFE809F0021BDF
S214019840795D00F0D3F908B9A807E8D524F0080433
S214019850A4B2B4F5004F05D0B4F5624F02D0B4F50A
S214019860404FDCD1002597F8A8202946002019F0A2
S214019870B3FD3CE0D7F88030E3B900213246084614
S214019880FFF7FEFED8B924F038039BB248F6410232
S2140198909342C4D10A2D49D0062DC0D197F877300E
S2140198A0023B012BBBD8FFF743FB0028B7D140F69C
S2140198B0040505E04146304698470028DDD00825D6
S2140198C0E20648BF45F08005A30648BF45F480552B
S2140198D005F00C03042BC6D1F01D19F056FC97F8C1
S2140198E0A830009332462B46414619F04AFD08B38C
S2140198F00E9B1880002093E7A90705D1B7F85C20D6
S2140199004FF6FF739A428AD104F44063B3F5006FB1
S2140199100AD0B3F5406F82D10849082250461CF0A0
S21401992022FA00287FF47BAF0C25C9E70425C7E798
S214019930432075E7192073E7183B0020783B002089
S214019940074A084900231360074A1360074A136051
S214019950074A1160074A01211170074A13607047D0
S214019960883A002033340300843A0020803A0020ED
S214019970AC120020BC150020903A00200E2A70B5CB
S2140199800C4606461546194603D9FFF7D9FF50205F
S21401999070BD012807D10020FFF7E4FAF8B1FFF700
S2140199A0CFFF2120F4E7284B4FF4FE421A80274BC5
S2140199B07F221A70264B80221A70264B00211980AE
S2140199C0254B1960254B1B684BB1342001F06EFA0C
S2140199D0234B188018B9FFF7B3FF0120D8E724F00E
S2140199E0FF6323F4FF231BB1FFF7AAFF4F20CFE746
S2140199F07CB92046FFF7D2FA10F0800F43B24FF041
S214019A0001041BBF00F01F039C409C4044F07844B7
S214019A100325144B14491E70144B1D70144B24F06F
S214019A2078441C60134B00201870134B1A6800F022
S214019A30E3FA18B1FFF784FF0420A9E70F4B9DF85E
S214019A4010201A70A4E700BF664300204E50002085
S214019A504D500020644300208C3A0020803A0020BC
S214019A606843002053500020699E01005150002099
S214019A70903A002052500020883A00204F50002093
S214019A807FB5244B24481A7824490078012303FA29
S214019A9002F21A4400250A60ADF80E5020B398422F
S214019AA036D11F4C1F4B20781B681F4E0DF10E013F
S214019AB09847BDF80E20307092B11C4B009301956B
S214019AC002232946284600F0D1FA3278237822B1BB
S214019AD0012A06BF0133DBB21B23237004B070BD1D
S214019AE0013818BF0120F0E778235A43013A0A608B
S214019AF00F49082200F086FC0B49094A09781378B9
S214019B0021B1012906BF0133DBB21B231370E5E740
S214019B101846E3E75150002053500020943A0020A5
S214019B2052500020AC120020BC150020A59E01005A
S214019B30359B010010B5244B244C1878002834D1ED
S214019B40FFF76EFA224A136801331360214A92F92D
S214019B5000108142B8BF10701F4A92F9001081426E
S214019B60C8BF1070012B1D490DD100020880236863
S214019B700BBB1B4819F098FE014620BBBDE8104000
S214019B80174801F0FFBAB1F90020A2EB221303EB4C
S214019B9000131BB20B801349A0EB2323A0EB22205A
S214019BA00A8813FB00230B80E1E72368002BE0D033
S214019BB04FF4707200E008220B49002000F022FCEE
S214019BC02368013B236010BD53500020943A0020C7
S214019BD08C3A00204D5000204E5000206643002055
S214019BE0B012002064430020359B0100054B1B6822
S214019BF02BB9054B1868003818BF012070470120A3
S214019C00704700BF843A0020803A002037B50546E9
S214019C101C46FFF7EBFF68B974B1084B1A60084B96
S214019C201C60012300930A4603232946FFF7A6FE7C
S214019C3003B030BD4D20FBE72520F9E77C3A002034
S214019C40843A002013B50446FFF7D0FF58B962B135
S214019C50074B1A60012300930A4603232146FFF7A8
S214019C608DFE02B010BD4D20FBE72520F9E700BFB1
S214019C70803A00202DE9F0410446DDE906869DF88C
S214019C8020701D46FFF7B2FF88B99EB1A2B10B4BFB
S214019C901A600B4BC3F800800A4B0A461E60214629
S214019CA006972B460120BDE8F041FFF767BE4D2021
S214019CB0BDE8F0812520FBE72120F9E7AC12002062
S214019CC0883A0020843A0020014800F04FBE00BFC9
S214019CD0684300202DE9F0410020FFF7A3FC0F4B5D
S214019CE00F4C1E680F4B20881D680F4B0F4FD3F883
S214019CF0008010B1397801F04BF800203870FFF77A
S214019D001FFE00F033FC0EB14046B0471DB120885F
S214019D10A84700232380BDE8F08100BF843A0020D5
S214019D2068430020803A0020903A002054500020DA
S214019D302DE9F0473D4801F0C1FA3D4B1C78002C57
S214019D4042D13C4F2046FFF729F93B680546002BD8
S214019D503AD0394EDFF804A1DFF80481DFF8049128
S214019D60012B1EBF348803F1FF33B4FBF3F4334BEE
S214019D7034801C6834B19AF9013098F9002099F9B9
S214019D800010A0472E4B1B688BB12E4C2378312B2D
S214019D900DD82D4B188800F0C3FF23785A1C22706B
S214019DA098F80020C25423785A1C2270C5544FF4E8
S214019DB0FE43AAF800307F2389F80030802388F814
S214019DC00030002333803B60204C23781A2B23D8A5
S214019DD01F4A1278012A09D11E4A1568002125FA60
S214019DE003F0C007DAB20FD501B122700020FFF7E9
S214019DF0D5F82178884213D1174B00221A70FFF745
S214019E003FFE48B9BDE8F0870133D8B21A284FF0B3
S214019E100101E4D90A442270BDE8F047FFF75ABFB2
S214019E200020FFF7CDF80028E6D0F5E7B0120020B5
S214019E30535000208C3A0020644300207C3A0020D6
S214019E40803A0020545000206843002052500020E1
S214019E50BC150020903A0020505000206643002098
S214019E604D5000204E50002008B50B4B187880B995
S214019E700221FFF765F8094B1B782BB100214FF63D
S214019E80FF720846FFF736F8BDE808400448FFF7BA
S214019E904FBF00210846ECE7535000204F500020EA
S214019EA0B012002038B5144B1D78012D0C4621D177
S214019EB081B90846FFF772F8104A1149136805FA86
S214019EC000F023EA0003136020462A46BDE8384026
S214019ED000F098BA0B4A13780133DBB2022B1370E9
S214019EE004D9BDE838400848FFF722BFFFF7C8FD90
S214019EF00028F6D138BD00BF53500020903A00200C
S214019F00359B010050500020B012002038B509489A
S214019F10094D00F02BFD002495F84430E0B2834251
S214019F2000D838BD05EBC000043000F01FFD013439
S214019F30F2E700BFB83B0020183B002008B50349F4
S214019F40104648221BF073FE002008BD703B00201F
S214019F5008B5054819F0A8FC014620B9BDE8084037
S214019F60014801F00FB908BDD012002038B51C4BCE
S214019F7000221A701C4615460132082A5D609D8033
S214019F8043F8085FF8D14822002116481BF015FF58
S214019F904FF6FE73A4F868307F226FF480330021F9
S214019FA01148E3651BF009FF104B84F84450C4E9DF
S214019FB02835C4E9125584F85050656584F8A850D0
S214019FC0EDF776FC0A4B18700A4BFF2201210020A0
S214019FD01A70E6F7FDFC0020FFF7BAFF002038BD37
S214019FE0183B0020703B0020983A00200000FFFF3D
S214019FF055500020A9500020094B10B5AC2404FB95
S21401A0000030836C53B990F850403CB931B1C0E987
S21401A01012122046FFF79CFF204610BD2120FCE7C8
S21401A020183B002070B5AC230A4E03FB00F57319EC
S21401A03093F850405CB9204610F0CCFA735D204688
S21401A04043F002037355FFF783FF204670BD0120DE
S21401A050FCE700BF183B0020AC23034A5843135CBF
S21401A06023F0030313547047183B002070B51646BF
S21401A0701F4A12780446C2BB1E4DAC2101FB00519B
S21401A0808A6C92BB91F850203AB1022B2DD191F8EF
S21401A0904410072907D91C2026E091F84410072907
S21401A0A0F9D8012B08D0AC2000FB0450CA00011DD2
S21401A0B00C301BF068FE0021AC2303FB04F000EB20
S21401A0C0C10129449DF81430CB71049B8B602B1879
S21401A0D0002493F844208E80013220468C7183F848
S21401A0E04420FFF735FF204670BD0120FCE700BF86
S21401A0F04C500020183B0020F8B5234B1B78044633
S21401A1000F46002B3ED1214DAC2303FB0053B3F881
S21401A110A03023B91E4840F23631EDF76FFAAC2273
S21401A12002FB0452D2F8A46036B192F8A330B2F81A
S21401A130A02039460020B047AC236343EA1800212B
S21401A140A2F8A010C2F8A41092F8A820482101FB9A
S21401A15002322A44D2F89820964213D0EB5C9B0731
S21401A1600CD5AC2262432046AB5C23F0020343F0DD
S21401A1700103AB54BDE8F840FFF7EABE10F04CFA15
S21401A1800028EED1F8BD00BF4C500020183B00203F
S21401A190C71C04002DE9F04F8BB00D46079008460A
S21401A1A000F0BEFD044618B921200BB0BDE8F08FC3
S21401A1B0284600F0D1FDC0B208382218215C92F87A
S21401A1C002B092F803A05268069200222678B4F8EC
S21401A1D00130ADF82620434A059192F80090B9F176
S21401A1E0000F09D0404B1B6823B14FFA8BF2514642
S21401A1F0204698470020D8E703F00703022B6ED0CD
S21401A2000134092249462046FFF724FA023EF6B2F7
S21401A210331ADAB21B0607460392C5D4DFF8CC80A0
S21401A220D8F890302BBB00210DF12609039BCDF801
S21401A230009022460846FFF7BBFAC3B20546002B3C
S21401A24048D1BDF8260018F0EDFFC8B9BDF82600C4
S21401A25019F0E4F80490BDF8260018F0E3FFD8B929
S21401A260012332462146484600F0A6FEC8B1192011
S21401A2709BE74A460121284698470028D3D193E711
S21401A280D8F89430BDF82600002BDFD0E1199847A6
S21401A2900028DBD1022088E7039A0498E1191BF015
S21401A2A0C6FCBDF8260000F03BFD059B8372069BAD
S21401A2B0079A80F808A01BBAC360AC2303FB02838D
S21401A2C080F809B093F85020BDF8260022B1DB6C67
S21401A2D003B19847E8B268E7D8F87830F8E7012084
S21401A2E063E700BF4C500020583A0020183B00207E
S21401A2F070B50A4CAC2303FB004305465E6D26B9D8
S21401A300074840F2F731EDF779F9AC2303FB054432
S21401A310002363653346BDE870401847183B0020AC
S21401A320C71C04002DE9F84308460F46164602F1FD
S21401A330010919F078F88046384618F06CFF0428B1
S21401A34056D1384618F08BFF2C4C4FF6FF7248F664
S21401A350410348F66105904208BF1D46B4F85C10FB
S21401A360301D18F014FF384618F079FF0146B01D6D
S21401A37018F00DFFB4F85E1006F1080018F007FF9C
S21401A38006F10A0438460DF059FE10B145F01005E5
S21401A390ADB22946484618F0FAFE384619F03EF89E
S21401A3A04246014620461BF042FC3846012100F099
S21401A3B041FD4444074660B100F0CEFC05463846F0
S21401A3C000F0AEFCEDB201462A4620461BF02FFCFB
S21401A3D02C440B4A1378F370A41B591C01341170DA
S21401A3E0347030460922BDE8F8430121FFF732B93F
S21401A3F0484618F0CAFE4C460546C3E7183B0020FF
S21401A40055500020084B10B40C461146AC2202FBF6
S21401A4100033586D20B95C655DF8044BFFF718B83A
S21401A42002205DF8044B7047183B002010B50B4B1B
S21401A430AC2250431A18482492F8A81004FB0100D5
S21401A440034493F87700022806D092F850301BB9DF
S21401A450032818BF012010BD0020FCE7183B002090
S21401A46070B508B1012070BD234C94F8A850002D9A
S21401A470F8D1B4F85C202946FEF73CFDB4F85E201E
S21401A48029462846FEF720FD04F1600229462846A3
S21401A490FFF742F894F87730002BE3D0284694F87B
S21401A4A05860FEF77BFD864215D1002094F95A507C
S21401A4B0FEF768FD854216D10020FFF7B7FF044678
S21401A4C00020FEF72DFD0028CDD021460020BDE856
S21401A4D07040FEF735BD94F858102846FEF770FD1B
S21401A4E00028E2D0BFE794F95A100020FEF73AFDA3
S21401A4F00028E1D0B7E700BF183B002010B514468E
S21401A500174A0346AC2000FB032292F87700022884
S21401A5100CD1E07F022809D141B1124909780129FD
S21401A52013D992F85810227891420ED12178184604
S21401A530FEF73AFD90B10C48482221461BF077FB06
S21401A5400020FEF7EDFC08B9002010BD044B93F87F
S21401A550A8000028F8D1FFF783FFF5E72120F4E7EC
S21401A560183B00208A150020703B002008B5094BD7
S21401A570AC2202FB003300205A6DD86483F85000E9
S21401A58012B15865FEF77CFF0020FFF769FF002037
S21401A59008BD00BF183B00207FB51C4C94F8A830BE
S21401A5A023B1002084F8A800FFF75AFFB4F8A050A2
S21401A5B094F85A308DF80F3025B9154840F2ED2140
S21401A5C0EDF71CF8134A29460020FFF7ABFEE66FAD
S21401A5D0104C02469EB10DF10F0301930023009328
S21401A5E021462846B0470246247854B920462146DB
S21401A5F0FFF782FD2046FFF7ABFC04B070BD0122D9
S21401A600F2E704490020FEF747FBF6E7183B002077
S21401A610C71C0400983A002038B5494B1C78002C1A
S21401A62058D1484800F04AFE2046FEF779FC00283B
S21401A63050D0454C2378D90733D594F850201AB119
S21401A64023F00303237045E023F0010323700FF08A
S21401A650CBFF23789A07054601D50FF0BBFF2946A5
S21401A66000200FF0B7FE40B9237843F001032370B2
S21401A6702846BDE838400FF0ADBF002384F8A3306C
S21401A68094F8A83084F8A250482202FB0343A4F8A9
S21401A690A000D3F89830C4F8A430BDE83840FFF7DE
S21401A6A07BBF94F84400B0B1251D95E8030004F182
S21401A6B0A00383E80300FFF76FFF94F8442004F13A
S21401A6C00C01D20028461BF05EFB94F84430013B97
S21401A6D084F8443038BDA26C62B99B0711D5237843
S21401A6E023F0020343F001032370BDE83840002045
S21401A6F0FFF72EBC012384F85030A06490472378DE
S21401A7009EE70FF089FF0028E9D194F8A83073B1CD
S21401A710F5F77AFE94F85030002BDBD1FF2818BFEE
S21401A72084F8A800BDE838400020FFF799BED4F8A9
S21401A7308C30002BECD098470028CBD1E8E700BF3F
S21401A7404C500020D0120020183B0020034BAC22B6
S21401A75002FB003393F8A800704700BF183B0020A7
S21401A76070B504460020FEF7DBFB0C4EAC235C43C1
S21401A770351995F850300BB1002070BD0028FBD07C
S21401A780074819F091F80028F6D1335D002BF3D174
S21401A79095F84400B0FA80F04009EEE7183B002037
S21401A7A0D012002028B1034B1B68C01A401001309C
S21401A7B080B27047D43B002030B1044B00F100401A
S21401A7C01B68013803EB4000704700BFD43B0020F4
S21401A7D010B5034618F042FE074A03EB400314681F
S21401A7E04FF6FF729C42184604D90188914203F144
S21401A7F00203F7D010BD00BFCC3B00202DE9F04787
S21401A800204F3B880546A3B3B0F90230002B30DB5E
S21401A810DFF87C801C49D8F800001BF0F1F920B95C
S21401A8201A4840F2CD11ECF7E9FEDFF860A0DFF838
S21401A830649000263A88B3B29A4204D840F2CF1107
S21401A8405046ECF7DBFED9F80030D8F80010B2B26B
S21401A85003EBC20453F8320068B943F83210A388F8
S21401A8600133A380284618F0F9FDE38803EB400383
S21401A870E380BDE8F0871BF0C3F901360028D9D183
S21401A880EDE700BF6A430020821B04008C1B040016
S21401A890F0120020C83B002038B5094C094D22684B
S21401A8A02B689A4204D908484FF48371ECF7A6FE48
S21401A8B028682368C01A20F0010080B238BD00BFA6
S21401A8C0CC3B0020D03B00208C1B040008B50B4B72
S21401A8D00B4A1A600B4B0C491B6823F00103134407
S21401A8E00B600A4B1A60FFF7D7FF642805D8BDE84E
S21401A8F008400748F021ECF781BE08BDD43B002094
S21401A900942B002050FC0300D03B0020CC3B0020C1
S21401A9108C1B040038B5094C094D22682B689A42F5
S21401A92004D308484FF48671ECF768FE286823685C
S21401A930C01A20F0010080B238BD00BFD43B002011
S21401A940D03B00208C1B0400064B1B68834206D8B4
S21401A950054B1B68834294BF0020012070470020EE
S21401A960704700BFD43B0020CC3B00202DE9F041CE
S21401A9701D4B1B78012B044624D10088FFF71CFFD2
S21401A9800546D8B1DFF8648004262C4612F0F5FFA0
S21401A99007462046FFF732FF638843EA08036380D1
S21401A9A0A05BFFF709FF0446384612F0ECFF1CB126
S21401A9B0B4F90230002BE9DA062E01D1BDE8F081A8
S21401A9C00626E2E7022BF9D112F0D7FF02462088CD
S21401A9D0FFF7F2FE18B10388C3F30E032380BDE828
S21401A9E0F041104612F0CFBF565000200080FFFF06
S21401A9F02DE9F04FBA4BDFF8FC82BA4F97B000242E
S21401AA0006461C8012F0B9FF01233B70B8F80030EF
S21401AA10ADF81630B44BA8F800401B68019312F04D
S21401AA20B2FFB24B1A88B24BD200186821461BF00F
S21401AA30C4F90DF11600FFF799FF002E3CD1DFF89F
S21401AA40B892D9F800404FF0000B0125019B9C42BB
S21401AA5039D3BBF1000F39D1002DF2D0D9F800401F
S21401AA60DFF898A225462246019B9A4273D3022319
S21401AA700DF116003B70FFF779FF002E40F08F8036
S21401AA80D9F800603246AA4280F0A2809088FFF78B
S21401AA9093FE18B10388C3F30E039380D088FFF7A3
S21401AAA08BFE18B10388C3F30E03D3801046FFF75D
S21401AAB08FFE0246E7E79847E3B2013456F82330A3
S21401AAC0002BF8D1BBE7BBF1000F3ED00BF1FF33F3
S21401AAD05FFA83FB16AB03EB8B0252F8402CB2F9FC
S21401AAE0020051880028B1DA4B04AFD4924641F4F3
S21401AAF08040931D2AF8020F02933AF8020FFFF7DF
S21401AB005BFEF0B1B0F902E0B0F802C0BEF1000F92
S21401AB1017DB6FEA4C4C6FEA5C4CA0F802C003905E
S21401AB20FFF76CFEBBF10F0F9FBF16AB03EB8B005D
S21401AB30039A40F8402C9ABF0BF101035FFA83FB9E
S21401AB400025029B9A45D8D180E72046FFF740FEB4
S21401AB5022460446C3E7104618F080FC8346B2F945
S21401AB600200118800280AEA010108DA2046FFF7E8
S21401AB7019FE084381B204EB4B0402EB4B0511802E
S21401AB801046FFF725FE02466EE798475FFA8AF3FE
S21401AB900AF1010A56F82330002BF6D170E74FF080
S21401ABA0000AF3E73046FFF713FE82467EB1B6F998
S21401ABB002307188002B0ADA3088C0F30E00FFF7E6
S21401ABC0FBFD864203462DD1C1F30D017180564629
S21401ABD0AE42E7D3DFF81CA112F0CFFE00210646F5
S21401ABE0504618F0DCFCFFF7E7FD0546002800F0AC
S21401ABF08780304612F0C7FE284618F02FFC06461E
S21401AC002046FFF7CFFD760081463246294620468C
S21401AC101BF0B9F8002249460DF1160018F053FC56
S21401AC203444D9E71BD9304618F018FCC1F30D019E
S21401AC304200718092B2314618461BF0A4F8C6E76E
S21401AC405046FFF7C5FDD146854203D9B0F902301B
S21401AC50002B01DA824603E0FFF7BAFDF4E7B146BE
S21401AC60554507D9BAF80000C0F30E00FFF7A4FD5A
S21401AC708245E5D3B9F1000F30D0B9F80000C0F332
S21401AC800E00FFF799FD034638B93346CB46994582
S21401AC9013D8B1459BD0D946ECE7484618F0DEFB01
S21401ACA0B9F80220C2F30D02A9F80220420092B2BE
S21401ACB0494618461BF067F8E7E718460193FFF781
S21401ACC087FD019B9B46854203D9B0F90230002BD4
S21401ACD001DA0346DBE7FFF77BFDF4E7CB46DAE76D
S21401ACE06C43002056500020CC3B00206A430020D5
S21401ACF0C83B00206E430020D43B00200080FFFFAD
S21401AD00BDF81630A8F80030044B387030461C6089
S21401AD1012F039FE17B0BDE8F08F00BFCC3B002023
S21401AD2010B5044608B9002010BD18F0A8FB20B9DC
S21401AD30084840F2C441ECF761FC2046FFF73CFDB1
S21401AD400028F0D00388DB0B14BFD0F80A000830C7
S21401AD50EAE700BF8C1B040010B508B9002010BD3F
S21401AD60FFF72AFD044618F081FB20B9074840F298
S21401AD70DE41ECF743FC002CF0D02388DB0B0ABF46
S21401AD8060882089C0F30C00E9E700BF8C1B040033
S21401AD902DE9F0410546FFF70FFD0F460446D8B1F1
S21401ADA018F064FB20B9214840F2F141ECF726FC8B
S21401ADB02846FFF7D1FF05462046FFF709FDBD42AD
S21401ADC0064609D004D8194840F2F941ECF716FCBA
S21401ADD02588ED0B02D02781BDE8F08167802046EB
S21401ADE018F03CFB074604EB400812F0C6FD104B7A
S21401ADF01A68B2420AD1C3F8008012F0C4FD2A468E
S21401AE004046FF21BDE8F0411AF0D7BFA6EB080681
S21401AE10B5B212F0B8FD072DF1D90023083D44F86C
S21401AE201730C8F80430A8F80250D5E78C1B040088
S21401AE30CC3B002038B5FFF7BFFC0D46044650B1A9
S21401AE4018F014FB20B9044840F23651ECF7D6FB53
S21401AE50023534F8150038BD8C1B040070B5FFF7B9
S21401AE60ABFC0C4616460546B0B118F0FFFA20B901
S21401AE700D4840F24151ECF7C1FB3046FFF79CFC10
S21401AE8018F0F4FA20B9084840F24251ECF7B6FB44
S21401AE90023425F8146070BDBDE87040024840F2E7
S21401AEA04651ECF7ABBB00BF8C1B04002DE9F84301
S21401AEB0C41CA408274B64000434B0F5005F1E6868
S21401AEC081460F46A4B204D3234840F27251ECF7F0
S21401AED095FB12F052FD21490B6880467BB9204B49
S21401AEE01D68761BC6F34F06B44223D9002540469B
S21401AEF012F049FD2846BDE8F843FFF753BC7FB181
S21401AF00174A15685A1BC2F34F029442EED81448EA
S21401AF10620005EB440404607FB913440B600CE047
S21401AF20F61AC6F34F067EB90B4840F28351ECF78A
S21401AF3065FBDBE705EB44041C600023A5F80290E3
S21401AF40AB80EB802B80D2E7B442CFD8044A156899
S21401AF50DDE700BFD03B00208C1B0400C43B002073
S21401AF60CC3B002038B5054612F007FD29460446BD
S21401AF700022044818F0A7FA2046BDE8384012F02F
S21401AF8002BD00BF6E43002038B512F0F6FC00216A
S21401AF900546044818F003FB0446284612F0F3FC65
S21401AFA0204638BD6E430020024B1888B0FA80F068
S21401AFB0400970476E4300202DE9F74F044600888C
S21401AFC01F46FFF7F9FB88461546064618F04EFA67
S21401AFD020B9404840F2DA61ECF710FB3388DB0B0E
S21401AFE0009306D033892B443381002003B0BDE89B
S21401AFF0F08F2088DFF8E0B0FFF7AEFE82463046DD
S21401B000FFF7E6FB019012F0B8FCDBF80020019B8D
S21401B0109A4281461DD1FFF73FFC854204D9484636
S21401B02012F0B1FC1A20E1E705EB0A0373803FB189
S21401B0302088FFF775FE2A46414650441AF0F7FD70
S21401B0403046FFF7C5FBCBF80000484612F09BFCE4
S21401B050CBE712F098FC2088FFF77EFE2844009983
S21401B06080B2FFF723FF06460028DBD0FFF758FE25
S21401B07081462088FFF754FE82462088FFF76CFE43
S21401B0805146024648461AF0D2FD3046AFB1FFF7A8
S21401B09047FE07462088FFF75FFE2A4641463844AA
S21401B0A01AF0C5FD01212088FFF7C4FE01210246E2
S21401B0B03046FFF7D3FE268097E7FFF731FE80463E
S21401B0C02088FFF749FE2A46394640441AF075FEA5
S21401B0D0E8E700BF8C1B0400CC3B002038B50C46CB
S21401B0E00546FFF739FE844203D304482D21ECF7C9
S21401B0F085FA2846FFF714FE204438BDA01B04003D
S21401B10070B506460D46FFF70BFE044648B13046BD
S21401B110FFF722FE854203D302483521ECF76EFA8B
S21401B120605D70BDA01B040070B50C460646154652
S21401B130FFF712FE844203D304483F21ECF75EFA80
S21401B1403046FFF7EDFD00B1055570BDA01B0400AC
S21401B15001483321ECF752BAB71B0400036910B556
S21401B1605BB18268064B9A4201D1002010BD44694A
S21401B17013F043FF201AF9D5F7E74FF0FF30F5E754
S21401B18051B1010082684B4B9A422DE9F0410568A6
S21401B19004460E4615D121B1474840F20F11ECF78F
S21401B1A02DFA12F0EAFB23691BB92B682BB924612F
S21401B1B02C60BDE8F04112F0E6BB1A6922611C6101
S21401B1C0F6E713F01AFF8046E8F798FF20B13A48F1
S21401B1D04FF49371ECF712FA6FF000439E42216927
S21401B1E04BD22B7B08EB0602002B4DD0AB6893426B
S21401B1F04AD1531C002949D06169994242D01EB9EF
S21401B200521AB2F1004F3DD9636123696E689C42C0
S21401B21003D129489A21ECF7F1F92F460023B442CD
S21401B2200BD0002B41D172696169891AB1F1004FC7
S21401B23032D83269944237462CD12269BD420CBFBE
S21401B2406A603A617BB92669B44203D11A48B521CE
S21401B250ECF7D4F93B46012E05D062697169521AA2
S21401B260B2F1004F23D99D420BBF6B681A69236167
S21401B27022610CBF6C601C6104E0434431B1626919
S21401B2809342C1D1BDE8F0811346B3E76A682261F3
S21401B2906C60B9E71646C6E7A8EB0202B2F1004FAA
S21401B2A0C7D93B4637463669B9E71F46F9E73346FD
S21401B2B03669D0E751B10100B71B040082681C4B08
S21401B2C09A4270B50568044619D112F056FB2369F7
S21401B2D023B1A34206D100222A601A61BDE870405C
S21401B2E012F051BB1A4611461269A242FBD12A68D6
S21401B2F0A24208BF29600B6100232361EEE70369C0
S21401B30093B198426E6803D10A489A21ECF776F910
S21401B3102B46B44209D122699D4218BF1A614FF0EB
S21401B320000308BF6A60236170BD33463669F0E7E3
S21401B33051B10100B71B04002DE9F043174FDFF8A8
S21401B34060808BB006460025BC7814B90BB0BDE80A
S21401B350F083B7F800908EB90096B8F8001023462F
S21401B3602A4603A818F0DFF9234603AA31464846C1
S21401B37013F07BFE2544EDB20437E5E72346494644
S21401B38003A8002213F068FE01230093B8F800100A
S21401B39023462A4603A818F0C6F9EBE7C61B0400A5
S21401B3A0704300200148FFF7E1BA00BF7043002058
S21401B3B0F7B51546174A04460846118811B1164ACC
S21401B3C01278CAB1D4B10022294603B0BDE8F040D4
S21401B3D013F042BE3A44D2B20436B778002FF1D009
S21401B3E0B6F800C0AC45F5D184F0010400943B46A4
S21401B3F018F099F903B0F0BD084EEEE70246214673
S21401B400284613F032FE284603B0BDE8F04014F09B
S21401B4100DBA00BF70430020BD150020C61B0400F6
S21401B42010B5074C238843B10020FFF785FF054B75
S21401B4300020FF2220801A7010BD7020FCE700BF9C
S21401B44070430020BD150020142810B518D8082810
S21401B45005D115F0BCFDC401E4B2204610BD0E288E
S21401B46002D115F0B7FDF6E7064B53F82040002C45
S21401B470F3D00A282478F0D107F026F90443EBE745
S21401B480FF24EAE7F01B0400064A082312F8011B12
S21401B490814205D0013B13F0FF03F7D118467047F0
S21401B4A0012070474D1C0400064A082312F8011BB0
S21401B4B0814205D0013B13F0FF03F7D118467047D0
S21401B4C001207047451C0400014BB3F86800704723
S21401B4D0183B002000487047823B0020014B18783B
S21401B4E0704700BFDA4F0020014B1878704700BF45
S21401B4F0DD4F0020014B1870704700BFDD4F002064
S21401B5001F4B022810B51F4C187002D004380128B2
S21401B51020D82378042B0BD01B480021FFF732FEDE
S21401B5202378033B012B03D918480021FFF72AFE95
S21401B530174B1B689A0020D513F0805F0CBFBF2401
S21401B540BC24204616F0D2F9C8B92046BDE8104002
S21401B55014F081B80C48FFF7B1FE0C48FFF7AEFEB9
S21401B56018F034FB2378033B012B03D816F0B8F907
S21401B5709124E6E70DF044FDFAE79024E1E710BDDB
S21401B580E14F0020E24F0020F4120020BC360020DC
S21401B59050370020024B187800F00F00704700BFAC
S21401B5A0E14F0020034B187800F00F00831E58422D
S21401B5B058417047E14F002008B518F0F2FAA8B1DB
S21401B5C018F008FB90B10A4817F072FF70B10948ED
S21401B5D017F06EFF50B115F002FD38B116F088F97C
S21401B5E020B9BDE80840044818F063B9002008BD3A
S21401B5F072430020B8430020D83B002030B5182203
S21401B60093B0002104461AF0D8FBFFF7CBFF20B910
S21401B610114B1B78033B022B1CD800216A460846B7
S21401B620FEF78CFCBDF8043023819DF80230A3722E
S21401B6309DF80030E3722046002518F0A7FC25731C
S21401B64004F1140104F1100018F034FDE0812846DD
S21401B65013B030BD9320FBE7E14F002030B593B027
S21401B66005460C46FFF79EFF20B90B4B1B78033BA4
S21401B670022B0ED86A4600212846FEF75FFC9DF88D
S21401B6800230237000209DF800306070A37013B064
S21401B69030BD9320FBE700BFE14F0020054B187833
S21401B6A0012805D000F0FD00A0F1310358425841B1
S21401B6B0704700BFE14F002010B5FFF707F913F000
S21401B6C0B6FC1020FFF7C0FE04060DD50020FFF7DC
S21401B6D0BBFE000608D5284BD3F8EC2012F0020F6B
S21401B6E012D1B024204610BD1020FFF7ADFE010692
S21401B6F00ED40020FFF7A8FE020609D51E4BD3F88C
S21401B700EC2012F0010FEBE7D3F8E8309B07E8D501
S21401B7101A4817F034FB012017F0DAFCECF7E4F8CE
S21401B72004460028DED100F053F9154818F096F8C3
S21401B73000F074F9EBF7BEFC13F076FC0AF072FB2E
S21401B7400AF0C4FBF4F770FEF4F7F8FDF4F712FE06
S21401B75004F0A0FC15F03DFC15F03EFC16F0CBF80D
S21401B76008480CF023FB07F067FD16F085F8002863
S21401B770B8D016F083F8B5E70081E00F690345EC11
S21401B780D83B00201DA7020010B518F01CFA70B3B4
S21401B79001F0DEFB80F00104E4B20020FDF7D2FEEA
S21401B7A044EA800424B218F0FCF910BB02200443DA
S21401B7B0164818F079F844EA4014154818F074F859
S21401B7C024B244EA0014134818F06EF824B244EA8E
S21401B7D08014114818F068F824B244EA40240F484F
S21401B7E018F062F824B244EAC02080B210BD0124E9
S21401B7F0D3E70B4817F05CFE0028D7D0094817F0AE
S21401B80057FE80F00100C0B24000D0E7341300209C
S21401B810181400205437002098130020F813002035
S21401B82072430020B843002008B501F069F90EF014
S21401B830BDF8FDF771FA154817F03AFE08B906F09B
S21401B84015F9134817F034FE08B907F0DFFC03F0CA
S21401B85051FC0CF05DFC0F4818F037F80E4B1B78C6
S21401B860043B022B09D80D4818F01EF828B1FFF743
S21401B8708BFF102801D109F06FF815F0B2FB18F014
S21401B880AAF8BDE808400648FFF7B2B872430020A0
S21401B890B8430020D83B0020E24F002018140020B7
S21401B8A0601C0400014B1868704700BF703A002006
S21401B8B038B50C4B1B78033B012B044604D82046B5
S21401B8C0BDE838400AF082BB0CF06CFD4FF6FF7302
S21401B8D09842054604D1204600F02AFDA842EED043
S21401B8E038BD00BFE24F002070B54FF6F77398429F
S21401B8F086B004460D465AD818F06EF8A04207D115
S21401B9002C49082228461AF03EFA002006B070BDDF
S21401B910294EB6F86830A3420AD10022082106F162
S21401B9206A0018F007F818B9082206F16A01E9E773
S21401B930ACB1224B1B78033B012B1AD80023009392
S21401B9400122194620460AF0CFF9FF2823D12946BD
S21401B95020460AF08FFB80F00100C0B2D6E7184BF4
S21401B9601B689B07E5D4284608F0C6F80028E0D0F7
S21401B970CBE7204600F096FFFF2806D12946204651
S21401B9800FF070F80028D9D1BFE7294600F0ACFFC8
S21401B9900028F3D0B9E702A919F04FFA0028D6D14A
S21401B9A0DDF80D302B60DDF811306B60ADE701205E
S21401B9B0ACE700BF57500020183B0020E24F0020A4
S21401B9C050370020014B1870704700BF91150020BA
S21401B9D010B50649064C0988204608237F2213F035
S21401B9E048FB204618F032F810BD00BF76C80300A9
S21401B9F05750002013B513460C461AB1022A0CBF45
S21401BA00134601230021044A009201912246FEF7C3
S21401BA102DFB02B010BD00BF593C030000B500204D
S21401BA2093B0FEF7A3FA1D4B18880CF0C5F91C4914
S21401BA300020FDF719FE3422002168461AF0BDF9F0
S21401BA400B238DF800306FF4803301934FF6FE73AD
S21401BA50ADF8103003238DF81D30124B0893124BAE
S21401BA600993124B0D93124B124A0E93124B0F93DE
S21401BA70124B106851681093114B119302AB03C31C
S21401BA8000216A460846FEF739FD6A460121002074
S21401BA90FEF734FD13B05DF804FB00BF2815002047
S21401BAA054FC03007DBF01004F3A0300BDF70100BF
S21401BAB025C1010057500020950E0200593C030095
S21401BAC025F2010070B5044617F05FFB0422002141
S21401BAD006462046FDF7BEFD204417F056FB03221E
S21401BAE0054600212046FDF7B5FD204417F04DFB25
S21401BAF00540ADB24FF6FF739D4213D1F30711D542
S21401BB00062200212046FDF7A5FD204417F03DFB47
S21401BB10074B1B88834214BF02200620054B1B7867
S21401BB20184070BD204613F078FFC000C0B2F5E79C
S21401BB303C1500205F5000202DE9F84FDFF83C91BE
S21401BB40804608460F4617F020FBD9F80030054618
S21401BB5043B9484B1B682BB9474B1B6813B9FF20E9
S21401BB60BDE8F88F15F4406A05F0400610D13EBBDB
S21401BB70B5F5804F53D24FF480740023002B58D173
S21401BB803C4A12688025002A69D0002108465FE0F9
S21401BB90F81C17F0FAFA4FF6FF73984214BF012407
S21401BBA0022486B1052605F44043B3F5004F44F060
S21401BBB0080424D0B5F5804F23D244F4807420E0E5
S21401BBC054460326EFE7B5F5804F4FF00506F4D34C
S21401BBD0BAF5406F14BF022008203044384417F0ED
S21401BBE0D4FA834617F015FF05F4404558450CBFB7
S21401BBF044F0080444F00404B5F5004F01D144F0C4
S21401BC008004BAF5006F0ED1B81917F0BEFA0546D2
S21401BC1017F0E2FEA842B0D144F01004ADE7544656
S21401BC2003260220D9E7BAF5406F08BF44F0200486
S21401BC30A3E7012B09BF104AD9F800201268402556
S21401BC4018BF10259FE7A74201F101010BD0C8B22A
S21401BC50CEB232F8167032F91660002EF3DA0133DE
S21401BC60032B8BD17BE7B8F1000F3FF479AF88F84F
S21401BC70005075E7E83B0020EC3B0020743A0020BA
S21401BC80034B1A78022A04BF09221A70704700BFB4
S21401BC9061500020034B0C221A701A210022032047
S21401BCA002F0FCB86150002070B5054638B90C4B5F
S21401BCB0BDE87040187800221A2102F0EFB8094B4F
S21401BCC0074E1C78E1B21A29F1D825FA04F3DB07EE
S21401BCD003D53078362202F0E1F80134F2E700BFEE
S21401BCE061500020BF15002008B5064B0C221A70C3
S21401BCF0002210461A2102F0D1F8034B00221A60E6
S21401BD0008BD00BF61500020F43B002070B50E4B0B
S21401BD100C221E781A70054630B930460022BDE85E
S21401BD2070401A2102F0BAB8084B1C78E1B21A2901
S21401BD30F3D825FA04F3DB0703D53622304602F0A2
S21401BD40ADF80134F2E700BF61500020BF150020B6
S21401BD50024B0C221A7015F0C4BD00BF61500020C2
S21401BD60F0B50C888BB005460E46E4B94FF6FF7762
S21401BD70ADF8247015F0C8FD10B902200BB0F0BD67
S21401BD80CDE90340CDE90544134A0294B2F85C308C
S21401BD900193603200923B4609AA4CF60101FF204E
S21401BDA019F0A3FB3080284617F02FFF0B4C70B11B
S21401BDB0237863B1013BDBB22846237017F025FFD9
S21401BDC038B12078B0FA80F04009C0B2D6E7052332
S21401BDD0F2E70120F9E700BF183B0020BE1500205E
S21401BDE0034B1B68114603B1184713F043BC00BF51
S21401BDF0F43B0020024B0C221A700AF09FBC00BFD5
S21401BE00615000200148FEF7B1BD00BF7443002019
S21401BE107FB506460C461546FDF7E8FE00287CD1A0
S21401BE20062E03D85223F340DB071AD4B4F1006F71
S21401BE3005D3E30E1C3B032B18D94F202BE0394BBF
S21401BE4000221A60384B1E7017F09BFD03460A2E1F
S21401BE5065D8DFE806F0361B4F5A1B2E221F4752C5
S21401BE603F0002F029FCB4F1006FE2D22D4B002214
S21401BE701A602D4B042E1E70E6D12C4801F02AFDC7
S21401BE80022001F053FC17F07CFD034601220292CA
S21401BE90274A05E0212004B070BD01220292254AFE
S21401BEA00192254A0092254A29462046FDF7E2FEE0
S21401BEB0F1E7234A2946204604B0BDE87040FDF765
S21401BEC0C1BE204B204A2946204604B0BDE870403A
S21401BED0FDF79CBE002202921C4A0192164A00926D
S21401BEE01B4AE1E7012202921A4A0192124A009283
S21401BEF0194AD9E70C4B02221A700022174910463C
S21401BF0004B0BDE87040FEF777B800220292144AEA
S21401BF100192094A0092134AC6E74D20BBE7012069
S21401BF20B9E700BFF43B00206150002060500020BC
S21401BF300DBD0100ED3B03007DBF0100453C030044
S21401BF40F5BD0100E9BC0100E1BD010051BD0100E4
S21401BF5061BD0100A9BC0100F13B030081BC0100E9
S21401BF6095BC0100E93B030008B5FDF7B3FE024BA3
S21401BF700C221A70002008BD61500020F0B585B073
S21401BF80ADF8060018B965489021EBF737FBBDF808
S21401BF90060017F040F90446BDF8060017F03BF915
S21401BFA0082846D00C2CBDF8060042D117F036FA08
S21401BFB0074617F0EAF80DF10F010646BDF8060030
S21401BFC014F0F2FF002879D0092200213846FDF747
S21401BFD041FB9DF80F301033C518BDF80600FEF77B
S21401BFE0BBFEEDB2854269D22946BDF80600FFF7D1
S21401BFF087F806F44C4416F44066054614D0F81C3F
S21401C00017F0C3F84FF6FF73984208BF44F0400498
S21401C010B6F5006F08D1781D17F0B7F84FF6FF7325
S21401C020984208BF44F010049DF80F305BB3072D0B
S21401C03044D1BDF8060017F0E4F80446BDF8060042
S21401C04017F0E9F8082817D0A30615D524F0200123
S21401C05089B2BDF8060017F0BFF8BDF8060017F064
S21401C060DDF900210922FDF7F5FA00F11001C9B248
S21401C0700DF1060017F03EFBBDF806102848002219
S21401C08017F021FA1AE0082D16D8BDB1013D072D8B
S21401C09014D801A353F825F0F5C0010001C1010031
S21401C0A0BDC00100C1C00100BDC001000DC101003D
S21401C0B033C0010013C101007C2D24D005B0F0BDB2
S21401C0C024F48844A4B2B4F5084FF7D1BDF80600AD
S21401C0D017F09CF8BDF806100BF008FF0028A8D052
S21401C0E0BDF8060017F0FDF800220146022014F004
S21401C0F000FFE3E724F48064A4B2B4F5484F97E761
S21401C100B4F54C4F94E7B4F54C4F92D04CF650032F
S21401C11001E04CF640439C428AE700BFC01C040085
S21401C120724300202DE9F0410F4690460646FEF781
S21401C130F7FD04463046FEF70FFEC5B2083D2C4417
S21401C140084BE1781970084BA2781A7031464346BD
S21401C1503A46002013F00CFA003818BF0120BDE85B
S21401C160F08100BF865000208550002070B50B4B33
S21401C1701C780B4B0022D5B2AC4202D80C700020C2
S21401C18009E01E88864202F1010205D30D701B8864
S21401C1901B1A5842584170BD1233ECE7DB4F0020A2
S21401C1A0344100202DE9F04FDFF84081DFF840915F
S21401C1B098F8002099F800309A4285B0064604D3D4
S21401C1C043484FF48A71EBF719FA0DF10F01304627
S21401C1D0FFF7CCFF20B13E4840F21711EBF70EFAFD
S21401C1E098F800709DF80F403D1B15F0FF0530D004
S21401C1F0384B394A1B78184699F8003001214FF020
S21401C200FF3CA1400CFA03FC002301F1FF3E019321
S21401C2104FF6FF79C1F1000A9DF80430984243D8E1
S21401C22012202E4B04FB0000A0F1120105EBC50203
S21401C2305200194404F10109184419F0A4FD4FEA0B
S21401C24089092748A9F104010144AA00484419F0C4
S21401C2509AFD224904EBC40201EB420321F8126065
S21401C260204A1278DA731A745A7412025A801E4AD5
S21401C27012781A7110225A7100229A73C3F8062096
S21401C280C3F80A20164B013743F824204FF6FF71F6
S21401C2900D2088F8007014F02CFE0EB908F014FE7C
S21401C2A0204605B0BDE8F08F13884B450AD0536889
S21401C2B00AEA030B03EA0E030B4403EB4B0343EAC0
S21401C2C00C035360019B013308320193A4E700BFBE
S21401C2D0D31C04009E150020683500203441002040
S21401C2E00C3500208650002062500020DB4F0020D5
S21401C2F09C1500202DE9F0410B4B0C4E93F8008065
S21401C30007460025ECB2A04503D8FF242046BDE829
S21401C310F0810822B11D384619F025FD01350028A7
S21401C320F4D01236EEE700BFDB4F00203441002088
S21401C33008B5FFF7DFFFFF281DBF00B2044B00EB77
S21401C340C0004FF6FF7018BF33F8100008BD00BFDD
S21401C3503441002007B50DF10701FFF707FF30B1A3
S21401C3609DF80730034803EBC30300EB430003B01B
S21401C3705DF804FB344100202DE9F843294E33785B
S21401C3805D1E2D1A83420446EDB204D8264840F2BB
S21401C3903F11EBF733F9254A92F800C0244A0123EE
S21401C3A01278A3405F1E4FF0FF3090403B44214A75
S21401C3B000214FF6FF7E6FEA0308CBB29C4523D8D7
S21401C3C0BDB127B204EBC4041B48640005EBC502EB
S21401C3D004F1120101445200204419F0D4FCBF00BC
S21401C3E01648AA00391D014402F0FC02384419F02F
S21401C3F0CAFC3378013B3370BDE8F84300224FF6A0
S21401C400FF710E2014F075BD1388734507D053686D
S21401C41008EA03093B4003EB590303435360083220
S21401C4200131CAE7DB4F0020D31C04009E15002013
S21401C4309C15002068350020344100200C35002072
S21401C44010B50A4C207858B9094B1B781A2B03D91A
S21401C45008489421EBF7D2F8074B03221A7010BD57
S21401C4600138C0B2FFF788FFECE700BFDB4F0020C2
S21401C4709C150020D31C0400D74F00202DE9F0475F
S21401C480054617F013FCFF28044624D1DFF88890F0
S21401C4901F4B99F800201B789A422BD22846BDE8FC
S21401C4A0F047FFF77FBE38883B79504518D86F2B89
S21401C4B04FEA131214D85B0710D0123708F101089F
S21401C4C099F800105FFA88F6B142ECD8114A0023B9
S21401C4D0DEB28E4214D32046BDE8F087022AECD99C
S21401C4E00DF0A0F90028E8D129463046BDE8F0470E
S21401C4F017F0E9BB074F4FF000084FF6F77ADFE772
S21401C50010798F2803F10103EED81232E0E700BF5D
S21401C5109C15002034410020DB4F00204FF6F773B6
S21401C520984210B514D8FFF7A9FFFF2810D0134C76
S21401C53000B200EBC00004EB400413F092FA10497D
S21401C54038B962880B7802EB0313A3EB12136380EE
S21401C55010BD227C637C0978E2739A42237461746D
S21401C56007D98B4203D213468B4228BF0B461B02C8
S21401C570EDE78A42F8D31346F9E700BF34410020BD
S21401C580865000202DE9F0410F4DDFF84080064629
S21401C5900F46002498F80030A34201D8BDE8F08188
S21401C5A008222946304619F0DEFB40B935F8063C2C
S21401C5B0BB4204D02046FFF7DFFE013CE4B2013463
S21401C5C0E4B21235E6E700BF3A410020DB4F002017
S21401C5D0F8B5054608460E46FFF78CFEFF2830D014
S21401C5E01D4B294653F820703046FFF7CBFF2846EF
S21401C5F0FFF744FFFF28044625D10CF047F8FF2833
S21401C6000AD1164C207838B1EBF752F92378B0FBF3
S21401C610F3F202FB1300C0B2294617F054FB04469E
S21401C62023B20F4D03EBC30305EB43050822314646
S21401C630A81D19F0A8FB2B7903F00F032B712046D8
S21401C640F8BD0027D3E7074B1B78002B024B18BF1A
S21401C650002743F82070E3E70C3500209C150020E6
S21401C66034410020C015002038B50B4B1B7883429F
S21401C67004460D4604D8094840F25B21EAF7BEFF9E
S21401C680074804EBC40400EB440029460822BDE831
S21401C6903840063019F077BB9C150020D31C0400E7
S21401C6A03441002070B5044608460E4617F0FEFADF
S21401C6B0FF28054610D02046FFF71CFEFF2807D0AE
S21401C6C0084B1B7823B9084B53F8202043F8252044
S21401C6D021462846FFF7C8FF31462046BDE8704090
S21401C6E0FFF750BFC01500200C3500202DE9F84398
S21401C6F00026134DDFF8509080460127344699F8FE
S21401C7000030A34210D83E430134E4B21A2C4FEA5B
S21401C710470705F11205F2D10A4B1B784FF0FF309F
S21401C72098403043BDE8F8832B884345EBD0284634
S21401C73017F021FB0328E6D82B796F2BE3D8E3E724
S21401C740344100209C150020DB4F002010B5084C1A
S21401C75000EBC00004EB400423795B0707D12046B9
S21401C76017F009FB237923F007031843207110BD46
S21401C77034410020014B1878704700BFC1150020D6
S21401C780014B1878704700BFC015002070B51A48D5
S21401C790FEF794FD194B1B78033B012B28D805F0B7
S21401C7A033FB03F0F9FABDE8704013484FF47A51B1
S21401C7B0FEF7E8BC23798F2B4FEA131111D801310C
S21401C7C0204617F008FB062901D8032909D1237949
S21401C7D023F00703237100224FF6FF710F2014F098
S21401C7E088FB123401353278EBB29A42E2D8D6E7AA
S21401C7F0034C044E0025F6E7F4120020E24F002019
S21401C80034410020DB4F0020084B1878084B0022EB
S21401C810D1B2884203F1120300D8704713F80D1CF9
S21401C82021F0100103F80D1C0132F1E7DB4F002067
S21401C830344100202DE9F047DFF86090DFF8608092
S21401C84099F800400226122700250CE007FB05F3A5
S21401C850002138F803A0504617F0A2FA10B15CB1D7
S21401C860013CE4B2013599F80030EAB29342EDD8C2
S21401C870A34204D14FF6FF7A5046BDE8F087EBF7A6
S21401C88017F899F800301B1B012E90FBF3F202FB00
S21401C8901300C4B2EED00126D6E700BFDB4F00205E
S21401C8A03441002010B5044617F000FAFF2808D1DD
S21401C8B020460BF0C9FDFF281FBF024B1B78C0188E
S21401C8C0C0B210BD9C150020044B05481A78054BD4
S21401C8D01B781A449200002119F06FBA9C150020AB
S21401C8E00C350020A315002010B5134B1B7883428E
S21401C8F086B00C4612D9114900EBC00001EB40018D
S21401C90008220631204619F03EFA00220821204668
S21401C91017F010F880F00100C0B206E0C01A01A9B5
S21401C920C0B20CF0E9F910B1002006B010BD01ABA1
S21401C93003CB20606160E8E79C15002034410020AD
S21401C94008B5074B53F820308B42024606D915200E
S21401C9504FF6FF7114F0CDFA002008BD0120FCE768
S21401C9600C350020024B013143F82010704700BF00
S21401C9700C3500202DE9F3472B4EDFF8B4A0814695
S21401C9800C4600279AF80030FDB2AB4210D8694633
S21401C990204618F098FBC0B308226946484619F0AD
S21401C9A0E2F990B34946204617F009FDFE2537E027
S21401C9B006F1060808224146484619F0D4F990B90E
S21401C9C04FF6FF739C422BD03388A34228D02046D3
S21401C9D00BF03AFDFF2814D14946204602B0BDE8C7
S21401C9E0F047FFF7F5BD14B912360137CAE73388A9
S21401C9F0A342F9D100220821404616F09BFF0028E9
S21401CA00F2D12846FFF7B8FCCCE7494600200BF0E8
S21401CA10EBFCFF28054603D0044B1B780344DDB22C
S21401CA20284602B0BDE8F087344100209C1500205E
S21401CA30DB4F002008B5FFF7E7FE054B1B78013BEF
S21401CA40012B03D8BDE808400CF042B908BD00BF71
S21401CA50E24F00200F4B1B7883420CD8C01A0E4AB7
S21401CA60C0B232F81030D90411D443F4805322F8FE
S21401CA70103001207047094B00EBC00003EB400368
S21401CA805A79D10603D442F010025A71F1E7002018
S21401CA90704700BF9C15002044430020344100200D
S21401CAA0F0B5134B1B780646FBB11248DFF84CC0B5
S21401CAB090F800E01048077800251F44E8B2864544
S21401CAC001D80020F0BD7C1B94FBF3F003FB10445F
S21401CAD00CEBC4003CF83440B44204D1002AF1D136
S21401CAE084788C42EED00135E8E71846EAE700BFC5
S21401CAF09E1500203C370020D94F002068350020C5
S21401CB0070B512F07EFA104E104932880B783080DC
S21401CB109B1A03449BB21425B3FBF5F405FB1433AF
S21401CB200B700B490B78E2B293428ABF9B1A002323
S21401CB30DBB20B700749032A9DBF0B68D200D340B6
S21401CB4000230B6070BD00BF7643002065500020B7
S21401CB50D84F00203C370020084B1868084B1B783C
S21401CB60C2B29A4208D2074B1B78C0F307209842FC
S21401CB7034BF002001207047012070473C37002059
S21401CB809E15002064500020F8B505461746FFF7AD
S21401CB90E3FF064610B9184B1A783AB9212001224C
S21401CBA04FF6FF7114F0A5F90020F8BD1348DFF821
S21401CBB054C003780133B3FBF2F402FB1433037061
S21401CBC00F48DCF8002020F8335000EBC30402F1D4
S21401CBD00132A1703846CCF80020FFF787FDE670D9
S21401CBE0606016F0F9FEA84201D10120DDE7E37886
S21401CBF00133E370F9E700BF9E150020D94F0020EE
S21401CC00683500203C37002010B50B4C0B4A2378C2
S21401CC10063B137012F0F5F9094B1880094B0A48C8
S21401CC2000221A602278FF21D20019F0C6F8074BBD
S21401CC3004221A7010BD00BF9E150020645000200B
S21401CC40764300203C37002068350020D84F00206E
S21401CC5048B139B1044B1B780B70044B1B78037039
S21401CC60012070470846704763500020C215002017
S21401CC702DE9F843074612F0C0F905461B4816F0A1
S21401CC8013FE1B4B60B31C683C1B2C44A4B2194B0F
S21401CC90DFF868901B78184D99F8006003EB830362
S21401CCA005EB430500225FFA82F846450AD9AB88B0
S21401CCB0A34205F10A0016D9B21A0A235A43294695
S21401CCC019F061F8013689F80060AC80B8F1000F00
S21401CCD003D106483946FEF755FA2846BDE8F883DB
S21401CCE01D603C46D3E701320546DCE714130020FD
S21401CCF0F83B002067500020944000206850002038
S21401CD002DE9F74F12F079F9DFF8BC902B4EDFF8DA
S21401CD10BC80317898F800E0294D1FFA80FC074660
S21401CD20B9F80000ACEB00039BB200240093A0EB23
S21401CD300C0001EB810305EB43037246A24601900A
S21401CD40A3465FFA84FCF4451AD3BAF1000F00D06B
S21401CD503170724504D2002088F80020FDF7F8F8FB
S21401CD6098F800303BB333781648C9F800700A22A9
S21401CD7002FB0355A98803B0BDE8F04FFEF702BADF
S21401CD80B3F804C00098844510D893F802C0A3F8FD
S21401CD9004B00CF1FF3C0131013A83F802C0C9B27C
S21401CDA0D2B24FF0010A0A330134CAE7019884442B
S21401CDB0A3F804C0F7E703B0BDE8F08F6750002082
S21401CDC09440002014130020F83B002068500020F7
S21401CDD01FB51B4A1B4C1378013BDBB2137020684E
S21401CDE0616801AA03C221891180174A1278134487
S21401CDF00A225A4304F10A01204618F0C4FF9DF89E
S21401CE00063013F00F010BD11B09BDF8040008BF53
S21401CE109DF80C10002204B0BDE8104003F09CBC45
S21401CE20BDF80800FFF724FF8288ADF8082001AAA4
S21401CE30034603CA1288186059601A8104B010BDEF
S21401CE40675000209440002068500020F8B5094D36
S21401CE50094F0A4E00243B783178E2B20B449A42DD
S21401CE6004F1010400DBF8BD2846FDF77FFD0A3515
S21401CE70F1E700BF94400020685000206750002072
S21401CE80F8B51E46114B07460D46104610491A784E
S21401CE90104B09781B780B44934206DB1F204FF694
S21401CEA0FF7114F026F80020F8BDFFF7E1FE01350A
S21401CEB007808570044612F09BF86623E080237293
S21401CEC000206672FDF744F80120EDE79B1500206F
S21401CED068500020675000202DE9F047DFF8688091
S21401CEE0DFF8689098F8007099F800501449844665
S21401CEF007EB050E00230A22DCB274451DDA02FB9D
S21401CF0004F6013331F806A0E24501EB0600F3D141
S21401CF10631CAEEB03030A365A43314418F033FF61
S21401CF20A5428BBF05F1FF3507F1FF3789F80050A1
S21401CF3088F800700CB9034B1C70BDE8F08700BF81
S21401CF409440002066500020685000206750002062
S21401CF50044B054A1B781278D3420CBF01200020EF
S21401CF60704700BF6750002068500020024B1878B9
S21401CF70003818BF012070476750002008B50A4BDB
S21401CF800A48002119700A4B19700A4B19700A4B8E
S21401CF901A7802EB8202520018F00FFFBDE8084033
S21401CFA00648FEF78BB900BF685000209440002069
S21401CFB067500020665000209B15002014130020A7
S21401CFC010B50B4C23784BB10A4803F055FD58B108
S21401CFD0084B0121188816F0ECFD08B9002010BD99
S21401CFE0054B01221A70FAE7FFF7F2FEEAE700BFE7
S21401CFF067500020944000206650002010B50E4B6C
S21401D0001B78BBB10D4C238883424FF0000311D12E
S21401D0100B4A2172137049B9A3781033A37017F025
S21401D0200EF918B9A37823F00F03A370FFF7D0FE0B
S21401D030012010BD1846FCE76750002094400020F0
S21401D0406650002010B5044601460822094818F02B
S21401D0509AFE237B022B0AD8002B14BF3122012211
S21401D06005490B709423CB73044B1A7010BD002333
S21401D0700122F5E7824300207E430020E14F002095
S21401D08070B5064692B00D460020C97AFBF78CFFB4
S21401D09058B395F90A0016F05BFC044638BB154BED
S21401D0A0EA7A83F85820AA7A83F85A2001466A4613
S21401D0B0FCF744FF4FF6FE739E424FF0000118BF87
S21401D0C02B89ADF8066008BF4FF6FF736A4608461F
S21401D0D0ADF80430FDF712FA28B9074B2A895A80B1
S21401D0E0204612B070BD0224FAE78A24F8E78B24A2
S21401D0F0F6E700BF183B00207E430020014BD873A3
S21401D100704700BF7E430020014B1878704700BF70
S21401D1107E43002010B5054C2378112B03D004481C
S21401D120DB21EAF76BFA4123237010BDE14F0020A3
S21401D130DE1C0400064B1B78042B014604D1054A6D
S21401D140137C0533137470470348FEF71BB800BF02
S21401D150E24F00207E4300203413002008B5064825
S21401D160FDF704FC0548FDF701FC13F027FFBDE8B9
S21401D170084001F0B9BA00BF72430020B84300204E
S21401D180064B1878332806D000F0EF00A0F14303D1
S21401D1905842584170470120704700BFE14F0020B8
S21401D1A008B5084B00224FF6FE701A7016F020FCE8
S21401D1B04FF6FF7016F039FC034BD87BBDE80840EC
S21401D1C012F049BAE14F00207E43002008B5064B15
S21401D1D0187838B10548FDF7C1FF4FF47A73B0FBF4
S21401D1E0F3F0C0B208BD00BFD64F0020FC360020C9
S21401D1F02DE9F0438BB007469DF8489015469846B2
S21401D2000E4649B9104605AC0BF01EF921460BF047
S21401D21073FD932818BF2646B9F1000F0AD1124BA9
S21401D2201B781BB9284617F073FFD0B928460DF0B6
S21401D23003FB02E0284617F06BFF80F00104E4B21E
S21401D2409DF8503002939DF84C300394CDE900933D
S21401D2502A4643463146384616F004FE0BB0BDE872
S21401D260F0834C46ECE700BFDD4F00202DE9F04F80
S21401D27099B09A46BDF888B09DF89030239D0A93E0
S21401D2800E469DF89430069211A95846099318F057
S21401D29013FB05B3002800F01C816B78C3F3400331
S21401D2A0059311AC8C4B1B781AF0800F0CBF4AF01B
S21401D2B080075746022B17D04FF6FF78002D40F017
S21401D2C07D810225584615F0A1FF2B464246214690
S21401D2D018F07AFCB9E0584616F019F8044600280A
S21401D2E000F0F7800595DDE71EB97C4B1B78002B17
S21401D2F0E2D02046FEF7DCFA8046584616F01AF8C9
S21401D300012838BF0120C3B2079395B3281D15F035
S21401D3103CFF81460AF002032046089318F0EFF915
S21401D32021460B90824600200BF05EF8089A0B9B74
S21401D3300ABBFF281FD1F2F7F5FF694A127882422D
S21401D34000F029810B9B4FF6FF72934213D10DF02B
S21401D35017FA002800F01F814FF6F773994522D976
S21401D36016F0FDFF13A98246FEF7BEFA0028F7D095
S21401D3702DE0C146CEE74FF6F772914520D893428D
S21401D38011D899450FD0194622460CA80DF0AEF9D2
S21401D3900C980D9915AB03C30221BDF838201A80ED
S21401D3A015A80DF02BFB13A94846FEF79DFA024679
S21401D3B028B9082113A816F0BDFA002864D0CA4679
S21401D3C00AF1FF339BB24FF6F6729342C8D8059B1B
S21401D3D01BB9444B1B78002B5FD1584615F016FF3E
S21401D3E0079B01930123009352463B4621460DF0CD
S21401D3F0D7FA4FF6FF739842804600F0CC8001467C
S21401D40000220CA80DF072F90C980D9915AB03C308
S21401D4100221BDF838201A8015A80DF0EFFA002D6C
S21401D4203FF450AF002E40F0CB8045460123CDE9B6
S21401D4300163C7F3C007059B00934246069803970E
S21401D4402B46214616F00EFDA846059B7BB14FF6EE
S21401D450FF7398450BD040460AF0F6FFFF281FBF22
S21401D460214A32F8103023F4804322F810300A9B08
S21401D4707BB316F0B1FA269B009301462346099822
S21401D48042460CF0AFFC24E0082213A9204618F00F
S21401D4906AFC00287FF464AF91E7002D5ED0134B41
S21401D4A01B68980727D5069B0F2B21D0281D15F042
S21401D4B06CFE02230121CDE90131C7F3C007002329
S21401D4C002460093069803974FF6FF73214616F01F
S21401D4D0C9FC19B0BDE8F08FE14F0020D64F0020FF
S21401D4E0DA4F0020DD4F0020444300205037002053
S21401D4F0099B012BDAD1281D15F047FE81460AF05B
S21401D500A3FF0B90484616F0D1FB4FF6FF729045ED
S21401D51052D0C8450B9B4FD1FF2B46D0184617F06B
S21401D52014FE784010F0EF0F14BF0123002340468D
S21401D5300B930AF089FF0890404616F0B7FB0B9B49
S21401D54056B14FF6FF71884506D0C84504D0089AF3
S21401D5500240D2B2FF2AA9D1002BA7D122465146BA
S21401D5600CA80DF0C3F80C980D9915AB03C35846DB
S21401D570BDF838201A8015F049FE079B01463A4649
S21401D58015A80DF0D7F930B9BDF85C804FF6FF73DA
S21401D59098457FF444AF4FF6FF789DB10126281DCC
S21401D5A015F0F3FD4546804640E7FF2804D0089B6A
S21401D5B0B3FA83F35B09BAE70023B8E70226EEE77E
S21401D5C00026ECE701257DE6014B00221A74704720
S21401D5D07E43002008B50B4B1B78022B10D10A4B5B
S21401D5E01B78033B012B0BD9084B187800F0010080
S21401D5F00DF0A2FB064B00225A609A605A8008BDC5
S21401D6000020F3E7E14F0020E24F0020D64F002034
S21401D6107E43002038B5174D2B78033B012B1CD8D1
S21401D620154BB3F868204FF6FF739A4215D10320C5
S21401D630FDF766FF02F0A2FBFFF7CCFF2B78033B5A
S21401D640012B01D909F080F80020FBF769FC78B1BD
S21401D650BDE83840002015F0FCBEFDF73BFF044650
S21401D660FDF732FF0146204608F00EFA0220DFE7FA
S21401D67038BD00BFE24F0020183B002008B5114A14
S21401D680114BD8731378032B1BD0D3B1332B01D096
S21401D690432B10D10D4B1B78033B012B05D80323DD
S21401D6A01370BDE8084011F0D6BF11F0D4FFBDE8F5
S21401D6B00840FFF7AFBF21231370BDE8084002F012
S21401D6C073B908BDE14F00207E430020E24F0020E1
S21401D6D038B504461248FDF7F1FD124B1B78013BA5
S21401D6E0012B1BD8104D54B92B781BB12C709D20E3
S21401D6F011F0B1FF0024FFF76DFF204638BDFF2C67
S21401D70005D04FF47A7106486143FDF73BFD2B784F
S21401D710002BEFD101232B709C20E9E77024EAE768
S21401D720FC360020E24F0020D64F002038B5114DC0
S21401D7302B78834218BF2870044614F0DDF880B1B8
S21401D74024B9204614F0DAF802220DE0012014F084
S21401D750D5F82B781A1F012A05D9062BF4D10322F6
S21401D76002E0002CF5D101220021BDE83840084630
S21401D77016F08BBAE24F002030B585B004466846F5
S21401D7800D4616F059FB94B100212846144A16F0AE
S21401D790B0FC144B20681B788DF80430124B61687E
S21401D7A01B788DF8053002AB03C306F07BF90F4BEF
S21401D7B093F8582093F85A308DF803208DF80230EC
S21401D7C016F027F9ADF8000016F006F91023ADF8AB
S21401D7D00600072269460020FDF7EAFD05B030BDC8
S21401D7E000F8FF0791150020E24F0020183B0020AB
S21401D7F010B5134B1A78134B0446002083F85820B3
S21401D800FBF78EFB10B1002015F023FE0021084621
S21401D810FFF7B2FF0C4B1B78033B012B0DD814F01E
S21401D8205FF82046FCF7A2FE9B2011F014FF074A82
S21401D83000231380064A138010BD0BF0E1FBF0E7CE
S21401D84069500020183B0020E24F00205A43002078
S21401D8505843002010B5014604460020FBF7A4FB00
S21401D86090B10C4B1B78023B032B0FD80A4B1C7054
S21401D870FCF7BCF960B9094A0949FCF7BDFB002869
S21401D88014BFA120002010BD8A20FCE77020FAE713
S21401D8903D20F8E7E14F0020695000203D0F0200CF
S21401D8A0F1D70100F8B50646FCF7A0F9044668B9B9
S21401D8B0FBF736FB50B1064D204695F8587085F8B3
S21401D8C0586015F0C6FD10B185F858703D20F8BDBA
S21401D8D0183B00201FB50446684616F0ADFA9DF8C1
S21401D8E005305A1E052A09D8054A9DF804101278F3
S21401D8F0914203D12370002004B010BD9320FBE7B2
S21401D900911500202DE9F041294B1B78012B80460B
S21401D9100E46174649D0274B1D78022D06D0032DFB
S21401D92043D118B9244B1B689B073ED43320FDF71F
S21401D930E7FD01F0DDFCB6F1006F36BF1F4B052297
S21401D9401A7831460620FEF763FA10F0FF0425D157
S21401D9501B4D01202C7300F023FF16F05AF8688047
S21401D9602846B8F1000F0DD0022300F8043B16F04C
S21401D9700DFB6C73AF733946304613F0FBFA204645
S21401D980BDE8F081012300F8043B16F0FFFA6C7342
S21401D990AF733946304613F0ECFAF0E72846FDF748
S21401D9A0AFFDB8F1000FF4D0E5E77024E7E700BF5C
S21401D9B0E24F0020E14F002050370020C315002021
S21401D9C07E430020034B187818B9034B034A1B7893
S21401D9D0D05C7047E04F0020E24F0020D31D0400CA
S21401D9E038B5174B1B78033B012B044606D8437BFF
S21401D9F0DB0703D590F9090013F071FF114B0025E1
S21401DA0083F859502079FFF74DFFFFF7DBFF618858
S21401DA1024880346224628460DF0A8F9044620B17C
S21401DA209420FFF72BFE204638BD074D0748942368
S21401DA30C821EB73FDF7A6FB03232B74F3E700BFA6
S21401DA40E24F0020183B00207E43002034130020C4
S21401DA50F0B5184D93B00646A5F868000C4605F1DA
S21401DA606A0709BBC5F86A10796000216A4608464C
S21401DA70FCF764FAD5F86A30CDF8123000217B68DD
S21401DA80CDF816306A460846ADF81060FCF736FD4C
S21401DA90B5F868004FF6FF73984203D014B10649F3
S21401DAA013F06BFA13B0F0BD0822384618F06BF984
S21401DAB0DBE700BF183B0020823B00202DE9F04148
S21401DAC0DFF8BC801F4698F8003005460C4616461F
S21401DAD01BB170252846BDE8F081531E052BF8D8EA
S21401DAE0FCF784F80028F4D13B7B032B14D14FF6C6
S21401DAF0FE739C4212D1012E09D0022EE9D115F0F7
S21401DB006BFF4FF6FB73984203D815F065FF04468A
S21401DB1004E016F024FCFAE7012EDAD0EDB9394616
S21401DB202046FFF7ADFA05460028D3D198F8003015
S21401DB30332B03D0532B1CBF0F4B98733046FFF784
S21401DB40F5FD00214FF6FF70FFF782FF0B4B1B78A8
S21401DB50002BBFD00BF028FABCE7397BCB1E59420D
S21401DB6006F1FF3259415042504107F035F805465B
S21401DB700028D4D0AEE700BF7E430020C4150020A5
S21401DB80E14F0020F0B51E46184B074687B00C46FD
S21401DB9001F1140051F8045B43F8045B8142F9D1AA
S21401DBA009881980D4F80E00D4F8121023886D461F
S21401DBB003C5ADF8083023798DF80B3000238DF8B6
S21401DBC00A208DF80C303A466B464FF6FE7101205E
S21401DBD0FFF774FF40B96846FFF734FA2046FFF7AF
S21401DBE0FFFE08B9024B1E7007B0F0BD904300203F
S21401DBF0735000201FB5144B1B88DB07044607D45F
S21401DC004FF6FF700021FFF723FF002004B010BD80
S21401DC100A231A4601A90120FDF7CAFBBDF80C200C
S21401DC204FF6FF739A42EBD00822FF2101A815F0A8
S21401DC3081FE0028E4D10CB90120E7E7BDF80C000D
S21401DC4001A9FFF705FFF7E7AA43002038B50C4600
S21401DC50154615F0CDFE03F07DFF29462046FFF759
S21401DC60F7FE00F097FD48B1074BDB790E2B28BF76
S21401DC700E230133DBB2054A137038BD044B1B7803
S21401DC80013B18BF0123F6E7904300208A5000208D
S21401DC90E24F002038B500220821044615F04AFE5E
S21401DCA00546C8B915F098FE2A464FF6FF71FFF7EC
S21401DCB0CDFF217C2046FFF75FFD6269E189207C6C
S21401DCC016F017FA054B1B78012B01D107F0ECF87B
S21401DCD0FFF7A0FC002038BD0120FCE7E24F002042
S21401DCE038B51D46FFF7EAFE0446D0B92B7B032B59
S21401DCF0284603D1BDE83840FFF7CCBFFFF7A2F9AD
S21401DD00094B9C8115F049FE084B01211A78814088
S21401DD100620FEF77DF8254610F0FF041CBF044BD5
S21401DD201D70204638BD00BF7E430020C31500206D
S21401DD30E14F002030B5012087B0FFF75BFF154AA1
S21401DD400446516810686B4603C384B905F0B8FEF3
S21401DD5002A816F071F8BDF80E004FF6FF752246C0
S21401DD602946FFF773FF13F00EF907B030BD0A4AD4
S21401DD70D2F86A00D2F86E10B2F868506B4603C348
S21401DD8005F09EFE02A816F057F8BDF80E006A468A
S21401DD90E6E700BF88DE0300183B002073B53A4B68
S21401DDA01B7804461BB17024204602B070BDFBF7F9
S21401DDB01DFF0028F7D100F0FDFC14B1334B22887B
S21401DDC01A800DF10700FFF785FD002858D116F0DF
S21401DDD0CEF804460028E7D12D4D9DF80700FFF741
S21401DDE0A5FC2B785A1E012A1FD8FFF7A3FF2B7814
S21401DDF0033B012B01D801F029FAFFF70BFC0120A8
S21401DE0015F096FD00283DD12B78033B012BCBD88E
S21401DE101E4B188810F0020524D01E490522012049
S21401DE2002B0BDE87040FFF76DBD033B012B04D87F
S21401DE302046FFF7DFFE0028D7D12B78053B012BC4
S21401DE40B2D8FFF777FFFFF7E5FB2B78052B0CBF62
S21401DE5004200520FDF754FB012002B0BDE8704008
S21401DE6015F066BD0C4E02230B2231460120FDF74C
S21401DE709FFA33885B0797D5284601F0FBF993E7AD
S21401DE80932491E704468FE7E14F0020AA43002040
S21401DE90E24F002000F8FF07564300202DE9F34724
S21401DEA06D4D6E4E012307466C486B7388461446CB
S21401DEB000F020FC13F015FD38B9012F01D9042F0D
S21401DEC010D12146404611F0FCFB102000210AF03B
S21401DED0C1FB002800F0B780002002B0BDE8F04783
S21401DEE0FCF736B8002CF0D15D4B1B78212B03D004
S21401DEF0062B01D0532B02D101F056FDE5E7FDF7C5
S21401DF00CDFB0028E1D000F045FC38B92B7B002B77
S21401DF100CBFAB209420FFF7B1FBD6E7514B019322
S21401DF20304600F0E7FB20B14F4840F66901E9F7BB
S21401DF3065FB4949307B01AA13F0AFFC95F80090C8
S21401DF40B9F1000F03D14548FFF74AFDBDE7DFF8F9
S21401DF503881DDF804A015F03FFD98F80030033B4A
S21401DF60012B044606D8737BDB0703D596F9090017
S21401DF7013F0B5FC15F030FD3C4B3D4F188015F005
S21401DF8048FD3C4B1880FDF79FFA3B4B1880FDF788
S21401DF90A1FA08220146394817F0F5FE15F0FDFCF6
S21401DFA0374B18703079FFF77DFC70880021FFF73A
S21401DFB04FFDFDF773FB60B1631E9BB24FF6F67221
S21401DFC0934206D916F0CBF9B7F868308342044677
S21401DFD0F8D0204615F00CFD308815F026FDB7F870
S21401DFE068004946D047044608B9182093E7B7F8B1
S21401DFF0681015F04AF9002387F859302B7803F09A
S21401E000FB03022B02D0204615F01CFF00231A4604
S21401E01019462046FEF734FF98B19423EB7398F81F
S21401E0200030042B06D11748C821FDF7ABF80323AF
S21401E0302B744AE713484FF41671FDF7A3F8002333
S21401E040F6E7942067E7FEF791FF00287FF444AFD8
S21401E05002B0BDE8F08700BF7E4300209043002059
S21401E060E14F0020CB3F0300DE1C04007C43002070
S21401E070183B00207A430020784300206A50002095
S21401E0807250002034130020E24F00207FB5194E55
S21401E090194D00243278E3B29A4201D804B070BD1B
S21401E0A0B5F868204FF6FF739A421AD0134B1B88B7
S21401E0B0DB0714D5124AB5F8683010685168ADF818
S21401E0C00C3001AB03C30A231A4601A90020FDF751
S21401E0D06FF90C4902230B220020FDF769F9013480
S21401E0E0D8E707480022082115F024FC0028F6D1BD
S21401E0F0DCE700BF9D150020183B0020AA43002046
S21401E100823B00205643002010B501F0F1F802F0E2
S21401E11003F8D8B10E480F4CFDF7D0F80E48017A37
S21401E1200E30FFF729FB23781BB100F0C5FA002358
S21401E13023700A4B00221A73FFF76CFA08F008FDE9
S21401E14001F060F9BDE81040FFF7A0BF10BD00BFA9
S21401E1503413002073500020904300207E4300209B
S21401E16010B52548FDF7AAF801F0D6FF30B1234BCC
S21401E1701B781BB9BDE81040FFF7C6BF01F0CCFF06
S21401E18078B11F4C237C83B11B48C821FCF7FAFFEA
S21401E190237C013B23740021BDE810400846FBF7B1
S21401E1A041BFFDF77BFA0028EBD1FDF777FA154B57
S21401E1B01B7858B9112B03D003F0FD03412B19D15D
S21401E1C00F4BBDE81040D87BFFF758BA332BF7D179
S21401E1D00D4B188815F00CFC0C4B188815F025FC17
S21401E1E00B4B0C491888FFF733FC0B4B1878FFF7DD
S21401E1F059FBE5E710BD00BF34130020DD4F0020BA
S21401E2007E430020E14F00207C4300207A4300201B
S21401E210784300206A500020725000202DE9F04F0C
S21401E22085B00F4602AD044629463846914617F09A
S21401E23043FB4FF0000B82463846CDF804B015F08C
S21401E240EDF84678022C804606F0020609D85CB145
S21401E250FDF724FA044600283CD1734B01241B78B1
S21401E26059E0043C022C2ED9FDF718FA384615F071
S21401E2704EF80024DFF8B4A10546A046384615F04E
S21401E280CDF850F8093001930DF1050014F07DFF2B
S21401E2909DF807B00746B8F1000F09D0BAF1000F94
S21401E2A006D062490822504617F05DFD002851D17C
S21401E2B0BBF1000F34D14FF6F7739F4230D994204B
S21401E2C0FFF7DCF946E015F006FEFDF7E7F9044630
S21401E2D0F8B15C464EB1564B1B78012B02D0043B7D
S21401E2E0012B0BD805B0BDE8F08F4F4B1B782BB137
S21401E2F04F4B1B7803F0FB03022BF3D0BAF1000F50
S21401E300404608BF002517F0CAFA4FF001088246BA
S21401E310B4E7454B1B78002BF0D0002EEED1E1E799
S21401E320DFF8049199F8003003B11EB314B3414BE2
S21401E3301B78022B1ED1BBF1000F14D1384615F005
S21401E34057FB58465946FFF717FA08F001FC992083
S21401E35011F081F90020FAF7E3FD0028C2D0002071
S21401E36015F077F8BEE7FDF799F948B13248FCF7A2
S21401E370A5FFA4E7FDF792F910B1BBF1000FF5D1A7
S21401E380FDF78CF90028E5D02846FDF7B3FFFF28F6
S21401E390DFF8A0A0294C03D09AF80030012B04D155
S21401E3A0B4F868002946FEF713F9FEF7CFF92A46B6
S21401E3B0B4F868103846FFF749FC214B214A93F917
S21401E3C006301B0213809AF80030012B18D0312B2F
S21401E3D014BF432311238AF800301B4B16481968D3
S21401E3E0134CFCF7CFFE00F031FF99F80010002324
S21401E3F0237439B91048FCF7C5FEAD23E373A9E7CA
S21401E4001123E8E7B8F1000F03D016B1FFF77CFE41
S21401E410F3E70E4B1B78042BEFD107480521FCF7D9
S21401E420B1FE09232374E8E7DD4F00205750002092
S21401E4307E430020E14F002034130020183B0020CB
S21401E44090430020A843002054130020E24F0020F0
S21401E4502DE9F04308468FB00D4614F0DFFF092280
S21401E46000218046FBF7F6F80446284614F04FFFD5
S21401E4700DF10D030746052206A9284612F088FD70
S21401E480022881461CD09DF80D301C44E4B204F1EC
S21401E49010020023D2B22946012018F8046011F0B8
S21401E4A067F868B1072E09D856B1013E062E07D87F
S21401E4B0DFE806F00918067B062541007C2E45D0CC
S21401E4C00FB0BDE8F083534B1B78013B012BF7D807
S21401E4D0284614F09BFE002300942A46194615F0A0
S21401E4E0FEFCEDE74C4B1B78012BE9D14B4B187822
S21401E4F00028E5D122462946FFF790FEE0E7454B86
S21401E5001B78013B012BDBD8384609F04BFF4FF651
S21401E510FF739842044606D0284614F077FE22463A
S21401E520394617F040FB3C4B1B78022BC8D13846C6
S21401E53011F045FAC4E7374B1B78013B012BBFD8D6
S21401E54006AA4946284600F047F9B9E7314B1B7839
S21401E550013B012BB4D8A04498F8012098F802306A
S21401E560652AADD16D2BABD12846FCF7F5FB1334EC
S21401E570E4B28442A4D20822394604A817F003FC68
S21401E5800DF10E022146284617F0D7F8002897D13C
S21401E590BDF80E10002993D0214C012304A8237046
S21401E5A011F086F9002323708AE71A4B1B78013B8A
S21401E5B0012B85D8062200214046FBF74BF8404444
S21401E5C014F0E3FD07460CF0A9F8044600287FF492
S21401E5D077AF284614F015FEC3047FF571AF46F2F7
S21401E5E00403ADF81030CDE90044022304AA01214A
S21401E5F0384617F0F1F8064600283FF461AF394671
S21401E60014F043FE284614F001FE22463146FDF77B
S21401E610F1F955E7E24F0020E14F00207E4300204C
S21401E620A5500020064B187040B1064B1B882BB135
S21401E6304FF47A7104485943FCF7A4BD704700BFF4
S21401E640D44F00203E150020FC350020014B1878E1
S21401E650704700BFD44F002008B5FCF72FFE024BD1
S21401E66000221A7008BD00BFD44F002084B010B538
S21401E67002AC84E80F000F4CBDF8082063889A426C
S21401E68004D00020BDE8104004B070470822211DC8
S21401E6900DF1160017F067FB02460028F1D108219C
S21401E6A0201D15F047F90028EBD16088003818BF07
S21401E6B00120E7E77E430020034A04480023138035
S21401E6C0034A1370FCF7FABDAC4300205813002030
S21401E6D07E50002008B50348FCF7F0FDBDE8084071
S21401E6E0FFF7EABF581300200148FCF73FB900BF07
S21401E6F0AC43002037B5054698B10C4B1B7893B157
S21401E70000210B4814F0D9FE00240146162300947C
S21401E7102246284615F007F8064B20461C7003B023
S21401E72030BD0220FBE77020F9E700BF7E500020D5
S21401E730AC43002074500020F7B5054618B3134CBF
S21401E74013482378124F01330021237014F0B5FECD
S21401E75000260146237819B9013B237001200AE0FF
S21401E760F2B2934209D10024009416232246284689
S21401E77014F0D9FF204603B0F0BD384614F0F3FE7E
S21401E78001360146E6E70220F5E700BF7450002097
S21401E790AC430020014B1878704700BF7E50002024
S21401E7A025289DBF024B187000200220704700BF2D
S21401E7B0C615002007B5012318460D220DF10701E5
S21401E7C0FCF7F6FD9DF80720024B1A7003B05DF8C2
S21401E7D004FB00BF40150020F8B507460E46144658
S21401E7E014F095FD194B1B78022B05462CD11848C1
S21401E7F015F05AF840BB284612F0E5FB20B3224636
S21401E8003146384612F0DBFBF0B1E9F751F8044621
S21401E810384614F0FBFC0F4B1A780F2393409BB23B
S21401E820B4FBF3F203FB12440134012EA1B206D16C
S21401E830094B0A4A1E702B6813606B685360BDE86B
S21401E840F8400348FCF79EBCF8BD00BFE14F00202E
S21401E8501C370020C51500207D5000207550002073
S21401E86084B010B502AC84E80F002848089C082242
S21401E8700DF1160117F077FA08BB9DF815309A07C7
S21401E88005D4234B1B7803F0FD03312B1DD1214901
S21401E8906378097803F00F028A4203D0012922D156
S21401E8A0022A12D1227882B91B09022B0DD11A4BEA
S21401E8B0A0781B78022B1AD1C0F3800006E013481B
S21401E8C00022082115F036F820B90020BDE81040D6
S21401E8D004B07047114BBDF808205B889A42CCD033
S21401E8E0002BCAD0F1E70229EFD1012AD9E70306A6
S21401E8F009D40B4BB3F86820BDF80A309A42E4D12C
S21401E900FEF73EFCE2E70120E0E700BF824300207D
S21401E910E14F002091150020E24F00207E430020A9
S21401E920183B0020F0B5284B87B05D8800238DF892
S21401E9300830264B1B780DF10B0043F020038DF8B1
S21401E940093015F023FB6FF07F43ADF813308DF8D7
S21401E950153015F0C3FB1E4B8DF816001B78DB0037
S21401E960DCB2F1F7DFFC1B4B1B7805F00107834295
S21401E97005F010062CBF44F0040344F084032FB1C5
S21401E980A9061ED426B143F0020301E0AA07F9D472
S21401E990002108468DF80A30FCF788FAADF8060023
S21401E9A058B101230F2202A90DF10600FCF704FB62
S21401E9B018B90DF1060012F06DFFBDF8060007B09C
S21401E9C0F0BD43F00103DDE740150020911500205E
S21401E9D08A500020DA4F002010B5FCF76FFC0A4B76
S21401E9E01B78022B0CD1094B1B78033B012B07D953
S21401E9F0074C207828B1002012F0E8FA0023237093
S21401EA0010BD17F0A6F8F9E7E14F0020E24F00200D
S21401EA107D50002084B02DE9F04F89B012AC84E817
S21401EA200F00DFF860C1544BBCF802009DF84DA002
S21401EA309DF95220BDF860E09DF865909DF96650FD
S21401EA409DF868709DF96A10BDF848B09DF94E8032
S21401EA509DF850601B7810F0010434D09DF86D00CD
S21401EA60C0F34004C0F38000002B48D0434B1B7812
S21401EA70022B09D18A4242DB23D1B81BC0B28028BF
S21401EA808CBF0020012015E03D4B1B78012B00D1E7
S21401EA90BCB178B19CF800301E335BB29D42D4BF46
S21401EAA0002501259845D4BF00230123AB4206D19A
S21401EAB08A42E1DA09B0BDE8F04F04B07047284653
S21401EAC0F8E70020F6E7840718D5C3B1490814BF54
S21401EAD001200020520814BF012300238342E9D1FC
S21401EAE0BB1BDBB2802B0AD9BE42EAD1A84506DBA6
S21401EAF0E7D1D14594BF00200120DBE70BB9012007
S21401EB00D8E7BE4216D018AD0FCD02AC0FC495E8BB
S21401EB10030044F8040B2180DDE9160112AB0090D6
S21401EB20ADF804100FCB12F0AFFE0028E7D1BE42BD
S21401EB30A3D1BFE7F34518D00DF1700B9BE8030096
S21401EB4018AC0090ADF8041094E80F00FFF78EFDA6
S21401EB500028D4D19BE803000090ADF8041094E897
S21401EB600F00FFF783FD0028C9D1A845C7DBCAD12E
S21401EB70D145C4D8C7E700BF7E500020E24F002031
S21401EB80E14F00204015002084B02DE9F04F8FB0F2
S21401EB906A4E18AC08AD84E80F00162200212846FC
S21401EBA017F00BF933783BB90024654B32781B78A4
S21401EBB09A4239D2002726E06248DFF88891002180
S21401EBC014F07BFC00270446B846002C45D13FB123
S21401EBD05C482246394614F001FD3378013B337018
S21401EBE03378002BE0D05748DFF858B1002114F0F5
S21401EBF064FC4FF0000980464F46CA46B8F1000F44
S21401EC006CD1002FD1D01621002218A814F03EFC9A
S21401EC10014648B1002F00F08B804A48224614F086
S21401EC2079FC337801333370454B32781B789A423E
S21401EC3007D944480022018814F0D0FC3378013B00
S21401EC4033703378012B03D13F494048FCF79AFAD9
S21401EC500FB0BDE8F04F04B0704700222146CDF852
S21401EC6000801623284614F05EFD1622294618A8B1
S21401EC7017F079F80028EBD09DF864209DF8243031
S21401EC809A4225D1BDF86020BDF820309A421FD1A6
S21401EC9008220DF12E010DF16E0017F064F8B8B9D7
S21401ECA00DF1600CBCE80F0002AF0FC79CE8030033
S21401ECB047F8040B0EAB398013E903000090ADF85A
S21401ECC0041095E80F00FFF7A5FE0028C0D02746E0
S21401ECD02146484614F047FC044676E716230022F0
S21401ECE04146CDF800A0284614F01DFD0DF1600C3C
S21401ECF0BCE80F0002AF0FC79CE8030047F8040BFF
S21401ED000EAB398013E903000090ADF8041095E8C6
S21401ED100F00FFF77FFE074620B1B9F1000F04BFD1
S21401ED20444681464146584614F01DFC804665E738
S21401ED3004483A4614F0C7FB73E700BF7E50002034
S21401ED40C6150020AC43002020BF02005813002047
S21401ED502DE9F04F9FB010AF002104461622384629
S21401ED600E91CDE90C11CDF83B1017F026F80DF1F8
S21401ED701F03052216A9204612F00AF9022880462A
S21401ED8000F00381204614F049FB064614F0FDF915
S21401ED908146F01C14F0F9F9ADF84000701D14F02E
S21401EDA0F4F9B8F1010FADF84200204640F0F080CA
S21401EDB014F034FB05462046FBF7B2FF0D352D1A3D
S21401EDC0EAB23B462146082010F0D2FB002800F0AC
S21401EDD0DC80204614F027FBB8F1010F9DF84D307A
S21401EDE0834640F0EF8043F0010300258DF84D3057
S21401EDF016AE04953388022B58D1F1780231C9B288
S21401EE002046FCF77DF91B2850D1F1780331C9B2B1
S21401EE102046FCF775F9192848D1F1780431C9B2B2
S21401EE202046FCF76DF94A2840D14FF0050AF178E3
S21401EE3001315144C9B22046FCF762F9F1785144D8
S21401EE408046C9B22046FCF75BF900EB082083B286
S21401EE5000F03F02932B059240F0A28096F80380C3
S21401EE60D0445FFA88F808F10203DBB2049300236A
S21401EE70049A009321460F230CA814F054FC08F1C1
S21401EE801101C9B2204614F09BFC08F11301054696
S21401EE90C9B2204614F094FCADF84200059B02333B
S21401EEA053445FFA83FA33795345C0D806360DF1D9
S21401EEB07603B3429ED19DF84D20C5F3C03363F36C
S21401EEC0410220468DF84D2014F03FFA8DF844009B
S21401EED0204614F02FFA8DF84500204614F02FFA3C
S21401EEE09DF832308DF84600C3F3C3028DF84720F3
S21401EEF0DDF83320CDF84E20BBF1190FDDF83720B1
S21401EF00CDF852208CBF9DF83E2000228DF8482077
S21401EF1003F003028DF84A206F4A1278022A9DF800
S21401EF204D200CBFC3F38003DB0963F382026B4BF6
S21401EF308DF84D201B78022B59D1BDF8406014F096
S21401EF4068FD864253D108A815F020F8BBF1190FC9
S21401EF504AD908220DF14E0108A816F004FF002830
S21401EF603FD1B9F5004F02D0B9F5624F0DD125F466
S21401EF70404540F6FF739D4207D1002208210DF15E
S21401EF804E0014F0D7FC002841D01FB0BDE8F08F2A
S21401EF9014F044FA05462046FBF7C2FE07350EE795
S21401EFA0412B7FF47BAFF17802315144C9B2204640
S21401EFB0FCF7A6F84A4B1B78C3F1B30318448DF847
S21401EFC049006BE76FF30003F01D8DF84D3014F028
S21401EFD0DCF80CA90546204615F020F8002304931A
S21401EFE069E700F07FFFBCE700F07CFFCDE7B9F5ED
S21401EFF0004F02D0B9F5624FC7D125F4404540F61F
S21401F000FF739D42C1D1BBF1190FBED9B5E7BBF164
S21401F0101A0F06D004991F313A46C9B2204612F09B
S21401F0203BFC304C304D637BDBB12B78012B1DD183
S21401F030012323730CAB029314AC94E803000090F5
S21401F040ADF8041097E80F00FFF70AFC90B194E8BA
S21401F05003000090ADF8041097E80F00FFF794FD49
S21401F06008E0FCF71BFB0028DFD0E1E703F0FD0317
S21401F070042BDDD02B78012B01D0042B85D11B4B23
S21401F080DDF84E001B788DF82230BDF84030ADF823
S21401F09020309DF84D30DDF85210C3F340038DF853
S21401F0A023309DF8313003F00F038DF82C309DF896
S21401F0B048308DF82D3009AB03C30D4B1B681BB1CF
S21401F0C0394608A8984760E79DF946209DF84510FF
S21401F0D008A810F0E1FA58E7E24F0020E14F0020BF
S21401F0E0855000207E43002061500020845000207F
S21401F0F0F03B00202DE9F043424B434C1B78033B89
S21401F100012B85B022D80FF078FF2378022B31D15E
S21401F1103E4A1468A0422DD03D4910600A68121B71
S21401F12010443C4A0860127872B1013A93403C227E
S21401F13053434FF47A72534398421BD9032005B0C8
S21401F140BDE8F043FCF7DCB90A23F2E70FF055FF00
S21401F1502378022B0ED12D4A1568A8420AD0DFF873
S21401F160C0802D4E1060451B002798F80030FCB279
S21401F170A34202D805B0BDE8F08356F824302B44EC
S21401F18046F82430204609F0EFF9C3074FF000098E
S21401F19010D5204609F0B6F970B156F82430242B64
S21401F1A008D9CDF8009010220023204609F0FAF97C
S21401F1B046F824900137D8E7184B1B5D13F00F0370
S21401F1C01FBF03F1FF32022393403C2214BF534377
S21401F1D00A234FF47A72534356F824209A42E9D907
S21401F1E0204609F0AFF802A915F06DFF28B12046B8
S21401F1F009F0A8F802A911F0C1FE204615F0F8FFA3
S21401F200D8E700BFE24F0020E14F0020483700203A
S21401F210443700208C150020E03500209C4F00204C
S21401F220A3150020064B1B88DB0708D5054B0022DB
S21401F23043F82020044A135C63F00F03135470470D
S21401F240AE430020E03500209C4F002008B50FF0AB
S21401F250D4FE034B1860034B00221A6008BD00BFA2
S21401F2604837002044370020014B1868704700BF1C
S21401F2704437002008B50C48FCF720F8FCF792F953
S21401F28080B10A4B0322B3F86810012012F024FB68
S21401F290074B05481B884FF47A715943BDE808406F
S21401F2A0FBF770BF08BD00BF78130020183B002095
S21401F2B026150020014B18800020704744150020B9
S21401F2C0044A054B1870138823F003031843108073
S21401F2D000207047AE4300208D150020034B188890
S21401F2E0C0F30E00003818BF0120704756430020B7
S21401F2F008B5FFF7F3FF30B10449002002230B22C3
S21401F3000880FCF755F8002008BD00BF56430020D2
S21401F310024B1888C0F30E00704700BF564300200A
S21401F320084A094900231370084A1370084B094A12
S21401F3301B7843F004031380012002230B22FCF701
S21401F34037B800BF8150002056430020805000206F
S21401F3508D150020AE43002013B514468DF8071016
S21401F360CAB9CAB20E2A16D80D4B1B881341DB0741
S21401F37011D509F069F8FF2801460ED0094B9DF812
S21401F38007201A5401230DF107021B200FF06DFE12
S21401F390204602B010BD0124FAE70224F8E700BFB8
S21401F3A0441500209C4F002030B585B00024114D37
S21401F3B0019401210B2300918DF80C308DF80D007E
S21401F3C00323B5F868008DF80E4003AA16F004FA78
S21401F3D068B1B5F8681014F02FFF40B1064B074826
S21401F3E005221A70064B64211C70FBF7CBFE05B094
S21401F3F030BD00BF183B002080500020981300202D
S21401F40081500020064B1B78033B012B06D8054B89
S21401F4101B781BB9044B1878FFF7C6BF704700BFAF
S21401F420E24F00207F5000208C15002008B51548BB
S21401F430FBF744FF144B1978F9B9144A13787BB1DA
S21401F440013B1370124B1B78042B02D10846FAF7C6
S21401F450E9FDBDE808400B484FF49671FBF792BEF4
S21401F4600C4B1B8803F00303022B0AD1BDE80840AE
S21401F470094903220120FEF745BABDE80840FFF717
S21401F480C1BF08BD98130020815000208050002085
S21401F490E24F00205643002000F8FF071FB50C235B
S21401F4A08DF80C300B4B8DF80D001B8823F00403F0
S21401F4B00C468DF80E3001210023CDE9001303AA76
S21401F4C00323204616F088F910B1214614F0B4FE45
S21401F4D004B010BDAE430020F8B5064613F001FF98
S21401F4E00546304616F09CF9411C0446C9B2304622
S21401F4F0FBF706FE02340746E1B23046FBF700FE94
S21401F500394602462846FFF727FF022816D0294625
S21401F510FFF7C4FF0A4B1B8803F00303022B0DD130
S21401F520284608F091FFFF2808D0064B002243F832
S21401F5302020054A135C63F00F031354F8BD00BF87
S21401F540AE430020E03500209C4F0020084B1A787F
S21401F5505AB1013A022393404EF6602253430321E7
S21401F5600448B3FBF1F1FBF70DBE42F21073F6E768
S21401F5708C1500209813002070B505461748FBF738
S21401F5809DFE174B012228461A7016F049F9411CB8
S21401F5900446C9B22846FBF7B3FDA11C0646C9B20C
S21401F5A02846FBF7ADFD0F4C022320800B22214697
S21401F5B00020FBF7FDFE86B9238803F00303022B28
S21401F5C003D1FFF743FEFFF7C1FF23885B0704D58E
S21401F5D0BDE870400448FFF74DBE70BD981300208B
S21401F5E08150002056430020781300202DE9F04179
S21401F5F01A4C238886B005464BB3DFF86880002195
S21401F6004FF4807009F08EFA98F80030DB071CD5AD
S21401F61001212088FBF70EFC0746208813F0FEFE2A
S21401F620023013F0B2FD03A90646208816F000FA50
S21401F63098F8003013F0020F18BF002500953B46DE
S21401F64003AA314606200FF054FF00232380044806
S21401F65006B0BDE8F041FBF731BE00BFB443002061
S21401F660B8130020825000202DE9F047384F3E881D
S21401F67080460C4615469946002E48D0104613F093
S21401F680DBFDB0F5006F42D1284613F0E8FD824657
S21401F69008F0DAFEFF283AD02CB12E4A32F81030A4
S21401F6A0334322F81030B6F5007F44D0B6F5806FAC
S21401F6B041D0B6F5807F2AD1274B1B88AB422AD191
S21401F6C04FF6FF718A4522D0284613F0DEFD3046FC
S21401F6D009F056FA78B9402C1BD008D8CCB13F2C8B
S21401F6E008BF312018BFD220FFF780FF09E04C2C5D
S21401F6F008BF8D20F6E70220002108F0ABFF0028A6
S21401F700E9D1164A00231380154A3B801370BDE8E1
S21401F710F0872046E8E7114C2388AB42F7D14FF635
S21401F720FF718A45F3D025B1284613F0AEFD0023BC
S21401F73023800023E8E70A4A002313703B802A4609
S21401F7404B4621464046BDE8F04714F085BA00BF57
S21401F750B043002044430020B4430020B2430020BD
S21401F7606650002010B50446CA20FFF73FFF01216E
S21401F7704FF4807009F0D6F958B1064B06481C8044
S21401F780064B00221A70064BBDE810401988FBF79D
S21401F790F9BC10BDB4430020B813002082500020ED
S21401F7A028150020044A137818B943F00103137092
S21401F7B0704743F00303FAE7825000202DE9F04F2B
S21401F7C0DFF84C9199F8006087B0002E40F08C80ED
S21401F7D0DFF840B1DFF840A19BF80030F4B2A34255
S21401F7E007D8434B00221A8007B0BDE8F04FFDF75B
S21401F7F0E7BB20463AF8145008F084FE80460028FD
S21401F80060D0204608F09EFD15F40071074645D0ED
S21401F81001464FF6FF720E2014F021FE0546002821
S21401F82050D0394613F031FD4FF40073304E33801B
S21401F8303AF81420002722EA03032AF8143010228B
S21401F84000230097204608F0ADFE2A4B1B88DB07F5
S21401F85007D5294B294A43F82470135D63F00F033B
S21401F86013551820264B009360430021254C019127
S21401F8700123205C2A46FAF7F9FB002814BF01236E
S21401F880002389F8003005D13388B3F5807F01D194
S21401F8901D4B1880404607B0BDE8F08F680513D5AC
S21401F8A0059114F05CFD0599012203460092CDE90D
S21401F8B001113A460720FDF79BFC4FF4806305468D
S21401F8C0002DB3D1013687E7104B18880028F9D0F0
S21401F8D0EA05F7D5394613F0D8FC0C4B1D880A4BC0
S21401F8E01D804FF48073EBE74FF00008D2E700BFAE
S21401F8F0B0430020AE430020E03500209C4F00209E
S21401F90069F60100F8160020B2430020B443002037
S21401F91066500020A31500204443002030B501F0B6
S21401F920400387B0002B4FF00402054614BF0124A4
S21401F93000248DF80C208DF80D1004D004A915F0C4
S21401F940C2FB40B304ABCDE9004303AA0223012165
S21401F950284615F041FF0446F8B1114B1B78033BCE
S21401F960012B04D80F4BB3F8681013F08EFC4FF63A
S21401F970F7739D420AD90023322202212046FDF761
S21401F9807FFA80F00100C0B207B030BD294620469C
S21401F99014F052FCF5E70120F6E71820F4E700BF63
S21401F9A0E24F0020183B002010B5FFF7A1FC04F041
S21401F9B0E1FE14F03FFA002015F07CFBFAF716F989
S21401F9C008B1FCF7D1FA1F4C2378532B10D103232F
S21401F9D000210120237014F0E4FA0020F9F7A0FAC0
S21401F9E010B1002013F035FDBDE8104011F078BFCE
S21401F9F0062B01D0212BF0D1012014F09EFA4FF6F0
S21401FA00FE7013F0F5FF4FF6FF7014F00EF80020AD
S21401FA10FDF75EFE0020FDF789FEFDF7DBFD00F039
S21401FA2061FB11F060FF2378212B02D1FDF7B8FBB3
S21401FA30D3E70020FBF764FD00214FF4004015F0EA
S21401FA4026F9CAE7E14F002010B50A4C0A48FBF731
S21401FA5035FC2378062B02D1012014F06EFA2378A8
S21401FA60062B01D0532B03D1BDE81040FFF79CBFF6
S21401FA7010BD00BFE14F0020D81300202DE9F84F3C
S21401FA80DFF8CC8004460E461746FFF731FC98F89F
S21401FA90005015B97020BDE8F88F212DFAD0DFF897
S21401FAA0B49099F80030012B01D1A306F2D427486F
S21401FAB013F0FAFE0028EDD114F02004DFF898B018
S21401FAC0DFF898A005F00F05394630461BD011F037
S21401FAD053FA012D8BF80070AAF8006033D1212368
S21401FAE088F80030FFF760FF0020D4E7212388F86C
S21401FAF00030FFF759FF00214FF6FE70FDF7A8FF13
S21401FB00FEF7C4FAF0E711F036FA012D8BF8007013
S21401FB10AAF80060EAD0062321464FF6FD7088F861
S21401FB200030FFF7FBFE99F800300848033B40F62B
S21401FB30020240F22621012B88BF1146FBF722FB69
S21401FB40002CD1D1D7E75323E6E700BFD813002016
S21401FB50E14F0020E24F0020835000204615002090
S21401FB602DE9F3410F46511CC9B205463846FBF74D
S21401FB70C7FA0446384613F051FC0646023013F025
S21401FB8004FB414B1B78022B804604F0400202D056
S21401FB90043B012B06D83D4B1B68580205D5A10630
S21401FBA003D48AB302B0BDE8F0816AB3384A12784A
S21401FBB0D11E01291CD8374BB3F86830AB42F1D1BE
S21401FBC073781F0719D5304615F069FE32490822A9
S21401FBD016F0C9F8B0FA80F040090028E2D00122F8
S21401FBE0294604F0200002B0BDE8F041FFF746BF09
S21401FBF0022AD7D1DB01D5D4E2E713F0EDFEA0EB64
S21401FC00080670427041E8E7214B1B78013B012B47
S21401FC10C8D87378D906C5D56946384615F04CFE5E
S21401FC206946002008F0E0FBFF2806460BD0A20636
S21401FC3001D414F021FA304608F084FB04F0BCFD30
S21401FC40304615F0D5FA284614F030F8FF280DD0C6
S21401FC50FCF792FB14F0200608D113F0BDFE28B184
S21401FC60334602226946284605F0B4FE13F0B4FE78
S21401FC70002897D1A30695D44FF6FF730222694652
S21401FC8028460FF04DFC8DE7E14F0020503700204D
S21401FC90E24F0020183B00205750002038B504469C
S21401FCA00D4608F0D1FBFF28034615D00B4A127803
S21401FCB042B10B4A32F81020520403D515F098FAD7
S21401FCC0002038BD184614F0D7F945F0400120460B
S21401FCD0BDE83840FFF722BE0120F2E7DD4F0020E5
S21401FCE04443002038B5054613F098FB04462846E1
S21401FCF015F096FD411CC9B22846FBF701FA4206EB
S21401FD000DD563781B070FD5204615F0C8FD0146B3
S21401FD10002008F069FBBDE8384015F069BABDE877
S21401FD2038400248FFF790BE38BD00BFD813002008
S21401FD3038B54FF6FF75A842044617D013F069FE92
S21401FD40A04213D00A4B19884FF6FD7291420DD985
S21401FD50084A1288AA4201D0A24207D11C8006484E
S21401FD60BDE838404FF47A71FBF70CBA38BD00BFD6
S21401FD703015002048150020DC36002008B5044860
S21401FD80FBF79CFA034B4FF6FF721A8008BD00BFC3
S21401FD90DC36002030150020024A13780BB1013BF7
S21401FDA013707047D04F002008B513F03EFE064B87
S21401FDB000214FF6FF7208461A80FDF7DDFCBDE80C
S21401FDC008409A200FF047BC3015002008B5FBF715
S21401FDD075FA0A4B1B78023B032B08D8084A108891
S21401FDE04FF6FE7398424FF6FF7301D1138008BD9C
S21401FDF09842FCD0BDE80840FFF7D6BFE14F00208F
S21401FE003015002010B5084B1B78042B0AD013F0D0
S21401FE10E3FD00210446084614F04CF9231A584223
S21401FE20584110BD0020FCE7E24F0020F0B589B034
S21401FE3000260546CDE90566ADF81C6015F0F0FC18
S21401FE400A23024604460096294605A813F06BFCD1
S21401FE509DF815309DF814701F2B27D803A814F0B1
S21401FE6095F808220DF1160103A815F07CFF064649
S21401FE70E0B9092F1CD1FFF7C5FFB8B1154B1B78A8
S21401FE80A3B1154B1A884FF6FD739A420ED9134C3F
S21401FE90134A23780433DBB223701278013AB3EBAA
S21401FEA0820F03DD58B20FF077FD267009B0F0BD62
S21401FEB004F10A01C9B22846FBF722F914F028F921
S21401FEC004F10B01C9B2284613F07AFCFFF730FFA4
S21401FED0ECE700BFA415002030150020D04F00200D
S21401FEE08B15002038B5134B1B78033B012B20D90B
S21401FEF0114B1B784FF6FF71ABB1104D2B888B421F
S21401FF0017D113F086FD4EF6602104460C48FBF728
S21401FF1039F94FF6FE732B8022460021BDE83840A2
S21401FF20092014F003B9074A13888B421CBF01331A
S21401FF30138038BDE24F0020A415002030150020A4
S21401FF40DC3600205243002010B5044661B1FF2183
S21401FF5013F005FA0021204613F007FA13F0B6F85D
S21401FF600146204613F007FA21460348BDE8104033
S21401FF70002213F0A8BA00BFB84300202DE9F041D3
S21401FF800D461746044613F049FA067828460AF045
S21401FF90C5FB29468046204613F077F913F01CFD71
S21401FFA0A84206D120460121FFF7CEFF0120BDE879
S21401FFB0F0812846B8F1000F0BD00AF03DFC58B985
S21401FFC015493A4620460978BDE8F0410023FCF77A
S21401FFD057BF15F09DF8F2E706F00306012E08D08C
S21401FFE013F0FAFC00232246294602F05DFE0028A3
S21401FFF0D8D1204613F005F9430505D52046002142
S214020000BDE8F04113F0D5BD204615F044F8B0FA2D
S21402001080F04009CBE700BF8915002010B586B0F6
S214020020044615F0FDFB104B02461868197902903B
S214020030D3F805005B7A8DF81430013200238DF870
S2140200400C100490009321460523D2B204A813F0A4
S2140200506AFB052204A902A815F085FEB0FA80F014
S214020060400906B010BD00BFEC1C040008B50748E6
S214020070FBF724F9064B1B78033B012B05D800211E
S214020080BDE808400846F9F7CDBF08BDF8130020C2
S214020090E24F002008B5114813F0E5FB104B1B7821
S2140200A0012B06D8FF2009F015FCFCF7ADFD08F081
S2140200B0BDFCFCF7C5F902F047F9FFF731F915F078
S2140200C094FD0BF0D7F8FCF759FF0AF0E9FE10F0A2
S2140200D057FFBDE8084003F0E9B800BFD83B002050
S2140200E08A15002008B5F0F78FF9FF2803D0094BD0
S2140200F01B78012B06D9002009F0ECFBFCF784FDE7
S21402010008F094FCFCF79CF902F01EF9BDE80840E2
S21402011003F0CCB88A150020064B1878112806D0B2
S21402012000F0FD00A0F141035842584170470120FB
S214020130704700BFE14F00202DE9F0410446FCF76E
S2140201400BFD18B100263046BDE8F0811D4B1B782A
S214020150033B012B09D81C4BB3F868104FF6FF730C
S2140201609942EFD0204613F090F8184A01231288DD
S21402017002212046FCF784FE06460028E2D02046EE
S21402018013F04CF990F807800546043012F0FDFF94
S214020190074613F021FC414602463846FCF7F4FCBB
S2140201A0A81C12F0F2FF4FF6FF73984202D12046C7
S2140201B0FFF7D8FA2B789B07C5D101212046FFF717
S2140201C0C3FEC0E7E24F0020183B0020B6430020E3
S2140201D02DE9F04F85B000250746039513F01EF96A
S2140201E00646043012F0D1FF8046B01C12F0CDFF56
S2140201F0337800930446404608F026F98246404685
S2140202000AF08CFA3378BAF1FF0F0CBF83464FF030
S214020210010B9A070AD113F0DFFB404514BFD946FB
S2140202204FF00109B3791BB90320B8E0A946F9E7F4
S21402023013F0D2FBA04205D113F0CEFB0446994B35
S2140202401B7836E0984B1B78052BF8D0033B012B26
S21402025003D8964BB3F86840F1E7204614F06EFFD9
S214020260737840B313F00402DFF838820BD198F8A3
S21402027000301A44D2B221463846FFF77FFE0028E5
S214020280D2D000208BE0384615F08CFA014605469F
S2140202903846FAF735FF421C520002F0FE022946A3
S2140202A0384613F089FF737823F00403737098F8C6
S2140202B000300022DDE75B0726D5384615F072FAD5
S2140202C0014606463846FAF71BFF06F101095FFAB1
S2140202D089F9824649463846FAF712FFDFF8C481A2
S2140202E0BAF1000F01D0FF2805D100224946384650
S2140202F0FAF71AFFDBE7B11C01EB4001C9B2384638
S21402030013F05EFA0446D2E703AA02A9204615F0C5
S2140203104DF80546B9F1000F49D0009B03F0C00323
S214020320802B0ED1FF2320468DF809300AF0BAFF43
S214020330FF281BD00DF109020DF10A010BF096F908
S21402034014E0402B33D19DF8083083B3FF232046B8
S2140203508DF809300AF0A6FFFF2807D00DF1090232
S2140203600DF10A010BF082F903281BD1337803F052
S2140203703F033370404614F0E1FE10B913F02CFB35
S214020380804642460021204608F066FE00283FF4DA
S2140203904BAFC822072138460AF0BAFD012005B045
S2140203A0BDE8F08F9DF80930FF2BDFD12546039874
S2140203B038B99DF80820002A62D13A4B2C461B78A1
S2140203C057E709F04BFA039AFF281279034608D139
S2140203D0CDE9002040F2BF113548E7F70FF9DDE915
S2140203E00023B9F1000FE4D002F03002102A0AD03E
S2140203F0202ADED1BBF1000F24D05146184609F060
S21402040031FC0028D5D1DFF8AC9099F80030012BEA
S21402041045D0204611F042FA28B9F3792A462146F9
S214020420404614F046FFA54212D1039A137923F0F0
S2140204300C0313719DF80830ABB91A4B1B782C4687
S214020440302216E7039B1B7913F00C0FDBD1B0E7C3
S21402045099F80030022BE8D0039A137923F00C03A4
S21402046043F00403E5E70121204613F099FC20B986
S21402047020460AF017FFFF280FD00A4B1B78DFE74B
S2140204800121204613F08CFC00287FF4D8AE2046CB
S2140204900AF008FFFF287FF4D2AE02207FE7A542CB
S2140204A0D9E700BFB6430020E24F0020183B0020E9
S2140204B0071E04008750002038B50D4B1B78033BFF
S2140204C0012B04460D460FD900F108039BB2012BFF
S2140204D00CD813F081FA29460246204608F0BCFDE5
S2140204E080F00100C0B238BD0120FCE77020FAE7B8
S2140204F0E24F00202DE9F041064610460D4615F063
S2140205008FF9A0F11004E7B256FA84F4EA1B2146EA
S21402051004F10E0015F037FC2823F355DFF840806F
S21402052098F80030637301F021FF611C0246012037
S21402053012F031FE09490822601D15F024FC98F8D5
S214020540000014F012FC05F10E0130463B46002274
S214020550C9B201F0B7FF1220BDE8F0815750002063
S214020560DC4F00202DE9F04F89B0044612F056FF0A
S2140205700546204612F0B5FE0746281D12F005FE77
S2140205808146A81C12F001FE8246384695F807B04E
S21402059014F0D4FD2B78039099076CD121460420E1
S2140205A002F098F8002866D0204615F039F9014680
S2140205B02046FAF7A5FD82075DD1204615F030F9F0
S2140205C001462046FAF79CFD10F00303049352D12D
S2140205D02046FFF723FD00284DD0204615F017FAD7
S2140205E000F1010806462046FAF7B6FB5FFA88F8DD
S2140205F008F10A03834280F2A580544A10685168C3
S21402060006AB03C3B11CC9B22046FAF779FD4146D0
S21402061005902046FAF774FD059B06F10B0100EBE8
S21402062003201FFA80F8C9B22046FAF769FD049B38
S2140206300590F21CD2B22146009306A8082313F0B6
S21402064072F8204612F04DFE059A414611F052F914
S214020650012206A9404601F07DFB002872D1022045
S2140206600AF0ACFD02200AF0A9FD013003D106A96A
S2140206704046EFF7BBFD13F0AFF948453A465946F8
S21402068008D113F0BBFB00285CD109B0BDE8F04FDF
S21402069001F056BB484613F0B1FB002852D12C4B52
S2140206A01B781BB93946484613F0A0FD3A46594610
S2140206B04846FCF769FA002844D0297811F003016D
S2140206C002D12046FFF740FCAB79002B3AD0214BF3
S2140206D01B78033B012B35D96B78DB070DD55046CB
S2140206E02E7A14F0E9FB10B3F30803F01C0326F08D
S2140206F01F06334343F001032B724FF6FF71204669
S21402070012F0C3FD039BDBB9E7F7D2F800F03F0215
S214020710002302212046FCF7B3FB4FF6FF739A45EF
S21402072010D1204609B0BDE8F04FFFF71BB806F01F
S2140207301C031C2BE1D0042B04D9043E2E72DCE7EA
S2140207400022E5E709B0BDE8F08F00BF88DE0300AF
S214020750D84F0020E24F00202DE9F04385B0054631
S2140207600C46174612F057FD0C2828467CD112F08C
S21402077055FE09220021F8F76DFF00F1100106462A
S214020780C9B22846FAF7BCFC042854D006D8012879
S21402079010D002281DD005B0BDE8F0837C28FAD11F
S2140207A001212846FAF746FB214605B0BDE8F0438C
S2140207B00FF0A9B844B91321284613F001F805B082
S2140207C0BDE8F04313F031B905B0BDE8F043FCF7DD
S2140207D0FBBEA24B1B78013B012BDCD806F11301B2
S2140207E0C9B22846FAF78CFC44EA000212F0FF046B
S2140207F011D106F11101C9B2284612F0E1FF2946CD
S214020800064614F0A0FA22463146102005B0BDE88E
S214020810F04310F06EBB00240823294600941522EC
S2140208200DEB030012F07FFF02A9204607F0DCFD65
S21402083014F0DEFCAFE78A4B1B78022BABD144B92F
S214020840FEF766FDC2070AD5FEF700FD002F08BFB9
S2140208503124204605B0BDE8F0430EF07EBFFEF719
S2140208603DFD0028F0D0F1E712F0D8FD80460430B6
S21402087012F08BFC074608F1020012F086FC4FF6D7
S214020880F773984206460CD8764A138801339BB211
S21402089013800BB9744A13801CB1734A1388013350
S2140208A0138098F8009009F00309B9F1010F40F09F
S2140208B08580284614F0B4FF01462846FAF720FC45
S2140208C0043809283FF667AF01A353F820F000BFAB
S2140208D0F908020097070200970702001D090200A6
S2140208E09707020097070200970702000509020011
S2140208F09707020005090200284605B0BDE8F04346
S214020900FFF7F0B9554B1B78042B7FF444AF002158
S214020910084605B0BDE8F043F9F784BB4F4B1B7899
S214020920013B012B3FF637AF404614F0B8FF4F4B62
S21402093000275B89ADF808308DF80A70014600285A
S2140209403FF429AF384607F04FFD0646284614F016
S21402095067FF421C03230097D2B2294602A812F070
S214020960E2FE3F4B1B78022B9DF80A301AD11C433D
S214020970E4B2BCB9FF2EBDF808400AD03C4A32F8B1
S214020980163023F4806322F816302146304614F0DF
S2140209900FFC204614F0EBFC00222146102010F03B
S2140209A0A8FAF8E6022B3FF4F6AE2BB9304B33F832
S2140209B016305B053FF5EFAE304639E7B9F1000F6A
S2140209C07FF4E9AE2146284603F0DCFF002C3FF414
S2140209D0E2AE4FF6F7739E423FF6DDAE98F8015050
S2140209E015F00405304620D114F00EFD04463046BC
S2140209F07CB114F08DFB0346F0B900900C22314610
S214020A00384613F041FD0C22002300933946304647
S214020A1008E014F07DFB0346B8B9164A0090127837
S214020A203146384613F030FDB5E614F071FB034646
S214020A3078B900900B22F3E7062200952B46314642
S214020A40384613F021FD0622DEE7009423460622EE
S214020A50E6E7CDF800904B46F9E700BFE24F0020EC
S214020A60E14F00205A43002058430020EC1C0400AB
S214020A7044430020C81500202DE9F04F05888BB0AE
S214020A800446284612F0CAFC0746043012F07DFBE4
S214020A900090B81C12F079FB05A90190284614F0C4
S214020AA00BFF284614F0BCFE014606462846FAF717
S214020AB027FB3B78029003F00303012B0CBF824610
S214020AC04FF0FF0A0EF094FA637AB4F806B0DB072A
S214020AD0814647D412F080FF009BC01AD0F100086E
S214020AE048EB0008FB790098039301F061F80028B0
S214020AF03BD1019801F05CF800284CD1FCF704FBCE
S214020B00A9EB0B0B1FFA8BFB8146FAF7C7FD0028F1
S214020B1047D1FFF701FB002843D1A24B1B78033BCA
S214020B20012B45D8BAF1060F00F0BE80BAF1040FC9
S214020B3000F0BA80FFF7F0FA20B1029B03F003033D
S214020B40012B35D0FAF72EFD28B9974B1B7803F008
S214020B500F03062B71D1954B2846B3F8681012F096
S214020B6094FB25E04FF00108BCE7284612F056FC3D
S214020B70023012F00AFB4FF6F773984206D9039B2F
S214020B8023B92846FFF74AFA0028B2D1A37823F001
S214020B900F03A37053E0019814F0D0FA0028ADD1E9
S214020BA0F4E7A9F104095FFA89F9B9F1020FB4D89A
S214020BB0BAF1010F40F09F80284612F050FB4FF624
S214020BC0FF73984268D1002307AA3146284614F0DC
S214020BD031FB07460028D9D042799DF8253093424A
S214020BE009D9711DC9B22846FAF79EFAA37823F0EE
S214020BF00F030233A370E6F75BFE7E23B0FBF3F22D
S214020C0002FB130303F58073A3809DF8263013F0CE
S214020C10180F0AD0A378190707D1B8F1000F04D12C
S214020C207A79009805A90EF0B9FD9DF827000038DC
S214020C3018BF01200BB0BDE8F08F2823A380002048
S214020C40F8E7584B1B78033B012B5CD940F6B833C8
S214020C509B459BD8E6F72CFE00F03F00C0F5FA70E5
S214020C60FF23A0808DF8133007A900230DF113008F
S214020C708DF81C30FBF7ECFFF9790546009813F067
S214020C80B1F8002D82D09DF81C20013A032A7BD8A9
S214020C90DFE802F0807A697D019A4FF6F7739A428E
S214020CA023D87B78DA0720D4284612F0D8FA12F036
S214020CB089FE012808BF3E4BA27801BF1B7803EBD2
S214020CC0830303EB83039B0006BFFA339BB2FA232C
S214020CD012097FF45BAF5B45FFF458AFE6F7E8FD19
S214020CE000F01F001030A08054E02E4B1B78033B10
S214020CF0012BABD8D8E7019A4FF6F7739A42A0D8E1
S214020D007B78DB079DD4BAF1020F55D1012307AADF
S214020D103146284614F08EFA804612F05DFEBDF883
S214020D202230984238D1B8F1000F3FF42FAFB8F80E
S214020D30023001223146284608F012FB1D4A13787B
S214020D400133DBB2FB711370B8F80230BDF81E2017
S214020D509A421FBFA37823F00F030233A3704FF407
S214020D60C873A38016E0B8F1000F13D100283FF431
S214020D700DAF426801323FF409AFC2789DF81330D6
S214020D809A42BFF403AF05E0B8F1000F02D1A27891
S214020D901209EBD101204DE7184614F0CFF90028CE
S214020DA0C1D181E7E24F0020E14F0020183B00202E
S214020DB09B150020DF4F0020BAF1030F7FF474AFBB
S214020DC0B8F1000F3FF470AF711CC9B22846FAF7AB
S214020DD097F90C287FF468AFFBF72CFD4FF6FF73EC
S214020DE0984201463FF460AF284612F04EFA5BE79F
S214020DF02DE9F3410446008812F010FB0546043044
S214020E0012F0C3F90646A81C12F0BFF907460EF008
S214020E10EFF805463046B4F8068000F0C9FE0646EE
S214020E2048B9384600F0C4FE58B9194AA378127871
S214020E30033A012A0BD8A37823F00F03A3700026E7
S214020E4021E0384614F07AF90028EED1F3E71B09C0
S214020E50F1D1A5EB0805ADB2B5F5C86FEBD80DF12B
S214020E60030101AA3846019314F0A0FA9DF8035034
S214020E70014645B94FF6FF73984204D0208812F017
S214020E8004FA0126A580304602B0BDE8F08100BF14
S214020E90E24F00202DE9F04105460C4612F0BBF960
S214020EA0082802D10120BDE8F081201D12F06DF95C
S214020EB00646284694F8078012F013FA0746284694
S214020EC012F09FF9010612D5184B1B78042B0ED18F
S214020ED0174B1B78022B0AD1164BB3F868204FF635
S214020EE0FF739A4203D000210846F9F79BF8124B8B
S214020EF01B78002BD6D1A01C12F047F94FF6F773D9
S214020F00984202D86378DA070DD523789B070AD170
S214020F103A464146304612F071FF80F00100C0B2F8
S214020F2000F00100BFE70120FAE700BFE24F002011
S214020F30E14F0020183B0020895000202DE9F04F99
S214020F4099B0044612F067F90546204612F063F996
S214020F5008283DD110220021204613F02DF9204604
S214020F60F9F7DEFE05462046F9F7F6FEC1B2284638
S214020F70FAF7A8FDADF852408DF8510048B9204660
S214020F80F9F7CEFE01460DF15100FAF7D5FD8DF8C0
S214020F905000BDF8502048F201039A4202D1204682
S214020FA00FF0F0FF9DF85130402B05D120460FF090
S214020FB0E9FF19B0BDE8F08F802B03D014A80EF01D
S214020FC0BCFCF6E714A810F08FFC0028F6D0F0E779
S214020FD0204612F073F9B0F5006F40F0FC80204610
S214020FE012F07FF90646042D40F0F880204612F0F3
S214020FF008F980F40060C0F3C020002231464000A9
S2140210000FF077FF904B1A78022A0DD0FFF784F87C
S21402101050B902F0FD03312B06D0043A012A03D957
S2140210208A4B1B78002BC4D02146022001F052FBCB
S21402103004900028BDD02046ADF83A4012F0EEF9F2
S2140210400446BDF83A0012F04CF90546201D12F08F
S2140210509CF8A31C83461846029312F096F80FA932
S2140210600646BDF83A0014F027FC63780590BDF8F2
S2140210703A002778089314F0D3FB63780B938246E2
S214021080284609F04BFB07F00307012F0CBF03238A
S21402109002230D936E4B0C901D80237803F03C03C5
S2140210A00CBF4FF00B084FF00A08082B81D1BDF891
S2140210B03A00F9F751FE50457FF67BAF012F03D079
S2140210C0237898077FF475AF624BB3F86830AB426B
S2140210D00DD1614A614BB2F9001093F90030002934
S2140210E000F0A18001EB0313A3EB21131380AAF1F6
S2140210F01003DBB206938DF83930BDF83A100DF1C5
S2140211003903102240460EF033FA00283FF451AF5E
S214021110089B13F00203099300F00D81504B1B78D5
S214021120002B3FF446AFBDF83A80404614F078FBF9
S2140211304FF0000907904046CDE91499CDF8589033
S214021140ADF85C9012F0CDF8079B029003F10E0109
S21402115089B2404614F037FB00286ED00E23079A59
S214021160CDF80090414614A812F0DDFA0DF15101B7
S214021170012012F01EF89DF85D3003939DF8503062
S2140211800A90282B59D1374908220DF1550014F040
S214021190EAFD002851D0039813F0E7FD002867D136
S2140211A0314B039A1B78D31A190646D404F060FC16
S2140211B001283AD12D4E0DF020FF3468054624B1A1
S2140211C004F05CFC2C1B844237D30021084612F044
S2140211D0E8FE356031E04FF6FD7604E74FF6FF7025
S2140211E0301A18BF01200022314640000FF081FE5F
S2140211F00C2D0DD12146012001F06CFA00283FF497
S214021200D8AE2146002019B0BDE8F04FFDF720B950
S2140212102DB9204619B0BDE8F04FFDF799BD042D53
S2140212207FF4C7AEEEE61B0260E704F021FC02285C
S21402123003D104F0FFFB0028BCD00299002219203B
S2140212400FF057FEB5E600BFE14F002089500020A0
S214021250D4430020183B0020A843002085500020DD
S214021260DD4F002057500020DC4F0020043C0020B9
S21402127001230093079A4B461021404613F0A2FB27
S2140212800028DAD0BE4B039A1B78934240F0A78020
S21402129002990DF1550211A809F028FA012111A8A8
S2140212A009F0A0FA48F20301814611A809F0A6FB4C
S2140212B0B9F1000F03D0082111A810F0D2FA404667
S2140212C014F0CCFA02990DF15500FBF753FBFE28F9
S2140212D08146B2D0FF280AD1029812F0E7FCFF2816
S2140212E0814600F084800DF15501FBF7BDF9A44B51
S2140212F0039A1B78934200F0A0800A994846FBF7AF
S2140213001FFB00283FF455AE0A994846FBF72AFB16
S21402131023789A070FD1404614F082FA01464046D7
S214021320F9F7EEFE00F00300012804D102980DF151
S2140213305501EEF75BFFBDF83A0011F062FF0304B9
S21402134040F18280204611F020FF40F4007189B2FD
S214021350204611F01CFFBDF83A0000224FF400416F
S21402136011F040FFDDF81080BDF83A100D980DF12F
S214021370390310220EF0FCF800283FF41AAE0328B8
S21402138065D1204611F001FF40F4007189B2204673
S21402139011F0FDFE284613F0D1FE002840F0BA8078
S2140213A0DDF81080012F40F0BB80BDF83A10032014
S2140213B001F090F9002840F0B3805146BDF83A009B
S2140213C0F9F79EFE0F2801467FF6F3AD4FF6F77348
S2140213D09E423FF6EEAD284612F052FFE9E503992B
S2140213E0012003F075FC00287FF452AF25E723782E
S2140213F003F00303012B08D1404614F011FA01460C
S2140214004046F9F77DFE082895D05E4B1A785E4B6B
S2140214101B789A4209D20DF155010298FBF7D8F8CB
S214021420029812F043FC814661E7A01C11F0ADFE63
S2140214304FF6F7739842EED9FFE64846FBF70AFBEB
S21402144000283FF45AAF5FE74FF000088CE72846C3
S21402145013F074FE0028A5D0099B002B5CD1B8F1CE
S214021460000F57D1012FBDF83A009ED05146F9F72A
S21402147047FE8146DFF8208198F80030002B5AD0CC
S21402148012F0AAFA86427FF494AD012F40F08D80C6
S214021490B9F1070F00F28280B9F1050F7FF689AD28
S2140214A03A4B1B78022B02D0043B012B03D898F848
S2140214B00030002B46D00B9B980640F1C4800C9B54
S2140214C0002B40F0BC80284606F0BEFFFF2840F006
S2140214D0B6805D457FF46DAD059B002B00F0AD80B8
S2140214E00FAB46F204020126ADF850200193009697
S2140214F0022314AA3146284614F06EF90446002840
S2140215003FF457AD294611F0C0FE3146204612F090
S21402151050FB4EE5DDF81080284607F07BFD41E7DC
S214021520BDF83A005146F9F7EBFD099B814613B91F
S214021530B8F1000F9ED0154B1B78022B02D0043B4D
S214021540012BB8D8284600F033FB804600287FF4EB
S21402155030AD12F041FA854231D10D4B1B78033B78
S214021560012B28D80B4BB3F8684012F035FACDF8A9
S2140215700080014643460D22204612F085FF18E5FC
S214021580DC4F0020DB4F00209C150020E14F00209E
S214021590E24F0020183B0020DD4F0020A9F10E0389
S2140215A0DBB2012B7FF67CAF03E509F00303012BC8
S2140215B07FF4FFAC74E7012000F098FBF9E42846BC
S2140215C013F0BCFD58B912F024FA4FF6FF73984296
S2140215D005D0F8F70BFB10B92846FAF79FFF284606
S2140215E013F0ACFD80B112F014FA4FF6FF73984276
S2140215F00AD0F8F7FBFA38B9012F02D1B9F1060F73
S21402160002D0284607F074FA059BA3B919460122B0
S214021610584600F09FFB804600287FF4CAAC20465E
S21402162014F03DF942460146304600F093FB00288E
S2140216303FF441AFBDE40FA9E9E7059B51E76378A4
S21402164023F0200363704FF6FC739E4274D1B54BB1
S2140216501B78033B012B7FF6ACACA3790BB1013BA5
S214021660A3716378590727D5002314AA11A95846EF
S214021670149313F09BFE1498F0B108F0EFF880462E
S214021680304606F0E1FE149A1379014603F0300064
S214021690102806D003F00C0008281CBF23F00C0309
S2140216A01371137903F03303202B05D1FF2903D0DE
S2140216B00122404608F09EFA284606F0C5FEFF289C
S2140216C01EBF994B002243F82020089B03F0010816
S2140216D04FF6F7739E4200F20181B8F1000F40F018
S2140216E0D7802946584612F081FD12F075F98642D7
S2140216F000F00181304613F021FD002848D0012F6A
S21402170030D1B9F1010F20D1BDF83A004246514618
S21402171007F082FE304613F011FD844B1B78002B37
S2140217206AD1584613F00AFD002863D1304613F0FA
S21402173005FD00285ED13CE44FF6FD739E428CD137
S214021740784B1B78042B88D133E4304613F0F6FC32
S21402175038B3B9F1030F24D1BDF83A00514612F05E
S214021760CBFE26E4304613F0E9FC304613F0D0FCFC
S21402177000283BD0BDF83A2000233146584601F0F7
S21402178093FA98B3BDF83A000021FEF7DDFB10E4A9
S214021790304613F0D3FC10B1012FDAD0E5E7012F63
S2140217A0E3D1624B1B78002BBBD0B9F1050F23D1D6
S2140217B012F012F98DF8500012F00EF9000A8DF8A8
S2140217C051000123022214A90DF13A00F9F7F4FBA5
S2140217D000287FF4EEAB0AF10101BDF83A00C9B267
S2140217E0F9F77CFC03780133037005E04F4B1B7856
S2140217F0002B96D0012FD8D063785A070CD5BDF8A7
S2140218003A40204613F0CEFF411CC9B22046F9F7F3
S21402181065FC0378013B0370424B1B78033B012BAC
S2140218202FD8012F06D1B9F1050F1FD112F0D4F827
S214021830834522D1BDF83A00FEF7CAFC02281CD125
S21402184014AA0021584608F055F930B103794580AC
S21402185003F03C0343F0400303710023344A009331
S21402186012783146584612F00FFE06E0BDF83A00EE
S214021870FEF7AEFCB9F1030FE0D1002231461C2080
S214021880DEE4BDF83A00FEF7A3FC012FD6D1F1E75D
S214021890012F40F0BF8009F1FF330C2B00F2AE801F
S2140218A001A252F823F000BFFF180200FF18020040
S2140218B05917020015190200351902005D190200B7
S2140218C07F190200AB190200C1190200C1190200F9
S2140218D0CD190200E5190200F1190200012F00F0ED
S2140218E0A080B8F1000F40F09580BDF83A00FEF7F0
S2140218F039FEFFF75EBB012F7FF444AFCBE7A9F1B9
S21402190002035A42BDF83A005A41514607F084FD96
S214021910FFF74FBBBDF83A1052465846FEF720F97D
S214021920FFF747BBE24F0020E0350020A21500205B
S214021930C81500200AF10101BDF83A00C9B2F9F74C
S214021940DFFB0AF10203DBB2024600930FA9BDF8E1
S2140219503A30584609F0EAFDFFF72BBB424B1B789C
S214021960013B012B3FF625AB069B0093BDF83A20C0
S21402197023460121002012F0B2FAFFF71ABB3A4BB7
S2140219801B785A1E012A07D9069ABDF83A1001207A
S214021990FCF744FCFFF70DBB022B7FF40AABF9F70A
S2140219A07DFE0028F0D1FFF704BBBDF83A0006F032
S2140219B0A3FEFFF7FEBABDF83A00FEF737FA94E741
S2140219C0BDF83A00FEF732FAFFF7F3BA264B1B7859
S2140219D0013B012B3FF6EDAABDF83A00FDF77CFD70
S2140219E0FFF7E7BABDF83A00FDF7C6FDFFF7E1BA22
S2140219F0BDF83A000FF072FFFFF7DBBABDF83A10F7
S214021A005346224648460FF03DFF00287FF4D1AAEF
S214021A104946E0E4237A03F00303012B7FF4C9AAC4
S214021A2063E709F1FF330C2B3FF6C3AA01A252F873
S214021A3023F000BFFF180200FF1802005917020029
S214021A4015190200351902005D1902007F190200FD
S214021A50AB190200B7190200B7190200CD1902002D
S214021A60E5190200F1190200E24F002010B51248F3
S214021A70002111F094FD0446E8B111F05BFC0F4B17
S214021A801870204611F05BFC0D4B1870204611F0C2
S214021A905CFC0C4B1870204611F05CFC0A4B18607C
S214021AA001200DF0C0FA2046FFF748FABDE81040C4
S214021AB000200DF0B8BA10BD7243002086500020F8
S214021AC08550002084500020FC3B002070B5164E46
S214021AD0336804460D46E3B111F09DFB0C2818D17D
S214021AE0204611F09BFC092200210446F7F7B2FDBE
S214021AF0235C042B0DD10D4B1B78033B012B08D81E
S214021B000B4C25B10B4B22781B789A4203D3002349
S214021B102370002070BD08483168F9F733FB23783C
S214021B20013323700120F5E7003C0020E24F00203D
S214021B3088500020C7150020F8130020014B93F9A7
S214021B4001007047A8430020014BB3F868007047B5
S214021B50183B002070B5124D00242C70EEF7E2FB05
S214021B60E6B2B04212D80F4B1B78013B012B04D8C9
S214021B7000214FF6FF70FBF76BFF0B4B00221A702B
S214021B800A4B198801B11A80012070BD304606F052
S214021B90EBFCC30742BF2B7801332B700134DDE721
S214021BA0DA4F0020E24F0020D14F0020544300209D
S214021BB038B50B4B1B78054673B101335C08094BED
S214021BC01888F9F7ADF8002330F81320AA4205D09A
S214021BD00133DAB2A242F7D3002038BD0120FCE777
S214021BE0D14F00205443002030B5054685B0084644
S214021BF00C4613F064FAFF280CD012F0B0FB012258
S214021C000021CDE901120346009221462A4607200A
S214021C10FBF7EEFA284606F017FCFF2804460FD01C
S214021C2006F0A2FCC2070DD5204606F09DFC8307EF
S214021C3008D40B4A32F8143043F4806322F8143086
S214021C4005B030BD12F08BFB01220021CDE9011256
S214021C500346009207202A46FBF7CAFAF0E700BFBF
S214021C6044430020431E9BB24FF6FA72934270B56D
S214021C7004462AD8FFF79CFF38BB194B1B78042B67
S214021C8023D0204612F012F8FF2801D0FAF774FB90
S214021C90204613F064FB08B107F0F6FD2046114E0D
S214021CA0114D04F05DF920460DF0B1FD317869B1B1
S214021CB02888F9F735F8054601461E22023014F048
S214021CC062F82C8033781E2B07D970BD2020F9F7D6
S214021CD0EDF828800028EBD1F7E702333370F4E7FB
S214021CE0E24F0020D14F00205443002037B5134B5B
S214021CF01B78022B05461ED111F06EFE044611F02B
S214021D006BFEFFF7AFFF12F02AFB11F071FE002008
S214021D1012F013F999200DF09EFC3DB100230093BA
S214021D200D2221464FF6FD7012F0AEFB03B0BDE861
S214021D30304004F00DBF03B030BD00BFE24F0020BC
S214021D40034B1B7813B90120FFF7D0BF704700BFC3
S214021D50D84F0020F7B504460D46174611F03CFE54
S214021D600646002D49D04FF6FB739C4245D82046C6
S214021D70FFF71EFF30B1A64204D1214B1B78033B6E
S214021D80012B3AD92046FFF713FF10B1012003B00A
S214021D90F0BD20460FF0F8F8C0B1A642F6D01CB34C
S214021DA069462046F9F7A0FD0246E8B908216846CA
S214021DB011F0C0FDC0B908226946284613F0D3FFC9
S214021DC090B12946204612F0FAFADFE7A642E6D19B
S214021DD00C490822284613F0C6FF28B10120FFF757
S214021DE085FF06F015FED1E73FB121462846FAF7F1
S214021DF059FC2146284604F0CFF80020C7E700BF6A
S214021E00E24F002057500020044A13782BB1013BC2
S214021E10DBB213700BB9024A13807047D14F002011
S214021E20544300200148F8F7A1BD00BF54430020E8
S214021E302DE9F04780468CB017460D4661B903AED1
S214021E401B48DFF86CA0002111F037FB4FF00009A9
S214021E5004461CB920461DE00E46F1E70022214644
S214021E60CDF800902423304611F05DFC082241464E
S214021E70304613F078FFA8B9337C9BB96FB945B9E1
S214021E802A460B48214611F0A9FB0A4A1388013B51
S214021E90138001200CB0BDE8F0873B88B28953401E
S214021EA05B06ECD52146504611F05DFB0446D0E7B2
S214021EB0BC430020BA430020024B1888003818BFE3
S214021EC001207047BA4300202DE9F04397B0402323
S214021ED0064611A88946ADF80E3004AC0FF086F817
S214021EE002238DF844302146002330460493636073
S214021EF0F9F7FAFC0546002840F0868030460FF0D7
S214021F00CDFC804611F068FD002840F0AD8099F8BF
S214021F100130042B40F0AA80554F3B78022B76D135
S214021F203B78022B7FD194E8030003238DF84430DC
S214021F3012AB83E803009DF85130002143F00603FC
S214021F4010220DA88DF8513013F037FF0DA911A8F5
S214021F500FF0B3FABDF8463009A943F0040311A8FE
S214021F60ADF846300FF0FFFA102209F10A0109A86F
S214021F7013F0F9FE002870D13B78022B06D10DAA89
S214021F802146FF200FF0C0FA00286AD14FF034092C
S214021F903B78022B08D19DF851301B0704D40DF173
S214021FA00E01204612F02AFC4946204612F04FFC4B
S214021FB02F464D4610238DF8183004238DF81A301C
S214021FC0234603CB0022CDF81B00CDF81F1006A82F
S214021FD00B218DF8197011F059FA024638B1002F0C
S214021FE014BF012303232146304602F0AFFFB8F1A7
S214021FF0000F09D0342D07D106A82246314608F034
S21402200075FB06A80FF030FC17B0BDE8F08300950C
S2140220102B4611AA2946204601F09CFD00283FF4D3
S2140220207FAFAD27C6E7012B94D1124B1B6803F096
S2140220308403842B8ED1022394E803008DF8443067
S2140220401023ADF8463012AB83E803009DF85130FA
S21402205043F002038DF851307CE74FF03309AD258B
S21402206096E74FF0050993E7A327A3E7AA27A1E778
S2140220709A4F0020503700202DE9F0433648374D5E
S2140220808DB0F9F71BF90CF0B8FF2B68C41A4FF4A1
S2140220907A73B4FBF3F4A4B214B10CF0AEFF28606A
S2140220A02F4FDFF8C0803B88ADF80A3000233B8014
S2140220B04FF6FF7600210DF10A0011F070FA054680
S2140220C058B9284B1B882BB14FF47A7122487143BA
S2140220D0F9F758F80DB0BDE8F0834FF00009242355
S2140220E0CDF800904A46294603A811F01CFBBDF81D
S2140220F01A30A34294BFDB1A1B1B9BB2ADF81A30F0
S214022100CBB911F069FCBDF8183003F04003184350
S21402211080B218B9322103A80DF0B8FBBDF818300A
S2140221201B0602D508980FF075F9B8F80030013B87
S214022130A8F80030BEE79E4228BF1E460123009341
S2140221404A462946242303A811F0EDFA4A462946B0
S214022150384611F0B8F9ADE75C360020083C00209E
S214022160BC430020BA430020F0B52F4A044651680B
S21402217010688DB001AB03C3A378012B50D1142293
S214022180002107A813F019FED4F82110D4F81D0078
S21402219003AB03C32388190644BF62680892DA05B4
S2140221A00BD5221D08AE04F1140710685168354697
S2140221B003C50832BA422E46F7D1ADF8183013F0EE
S2140221C0040318BFA3690593184B1B88ADF81A3091
S2140221D011F002FCE0B906A903A812F00FFB0022D8
S2140221E0242103A811F052F90446D8B10020FFF7C3
S2140221F043FF0F480022214611F065F90D4A138865
S214022200002001331380FFF737FF00200DB0F0BD2A
S214022210082201A903A813F0A6FD0028DFD0DAE7FA
S2140222207020F3E71820F1E788DE03002A15002065
S214022230BC430020BA430020F7B5044600200E46F1
S214022240FFF71AFF104B1B88A34202D8022003B0E6
S214022250F0BD00210D480D4F11F02FF90025014663
S2140222600029F3D0A54208D1002400942423224654
S214022270304611F058FA2046E9E7384611F073F96D
S21402228001350146ECE700BFBA430020BC430020FC
S2140222900148F8F76BBB00BFBC430020014B18880F
S2140222A0704700BFBA43002030B5154A8DB051685A
S2140222B00546106801AB03C307A80EF097FEDDE9DA
S2140222C0010108AC84E8030003238DF81C309DF856
S2140222D0293003A943F0020307A88DF829300FF02E
S2140222E0ECF810B103200DB030BD286869682346AB
S2140222F003C303A907A80FF0C5F80028F3D0F1E737
S21402230088DE030070B50C4611460E4A2378127812
S21402231013F0200542EA03020646227018BF611D2A
S214022320082213F030FDD4F80130B36023783373FB
S214022330002D0CBF05200D2003F01803082B08BF44
S214022340013070BDDD4F002007B504231A460DEBA1
S21402235003010120F9F72CF8019B034A1B031360C3
S21402236003B05DF804FB00BF4037002010B5064CF2
S2140223702368C3F30B0313B904200CF078FE20681D
S214022380431C236010BD00BF40370020014B186875
S214022390704700BF4037002007B5064B0020186084
S2140223A004231A460DEB03010190F9F701F803B076
S2140223B05DF804FB403700207FB51123062201A9F1
S2140223C00120F8F7F5FF084B9DF814201A70074B0A
S2140223D01B780BB1052B05D10EF0C2FD012007B00C
S2140223E05DF804FB0020FAE7DC4F0020DD4F0020FA
S2140223F02DE9F04F0646CBB08846008801211746E5
S214022400F8F718FD2E4B3188ADF816003A4606A8A6
S21402241012F0ADFA0DF1280BC4195A46414630881F
S21402242012F032FAE4B208EB0003A34216BFA4EBA2
S21402243008040446E4B205464FF004092346CDE9F3
S21402244000095A4601210BEB050ACDF808B02D1BF0
S21402245006A8EEF74DF9EDB20BEB040300930195D7
S21402246023465A463088414612F03CFA34883946AA
S2140224702046F8F745FE394600F0F8022046F8F7FF
S21402248053FE01213088F8F7D5FC01234A4651460F
S21402249080B10DF11600F8F78FFDBDF81620044640
S2140224A001213088F8F7DAFCB4FA84F040094BB020
S2140224B0BDE8F08F3046F8F77FFD0446F4E700BF2C
S2140224C0575000202DE9F04FC9B004468846924680
S2140224D0C118224A04A81F46FFF714FFC519EDB219
S2140224E008AB0293A5EB0A0BA8EB0A035FFA8BFB79
S2140224F04FF00409A8EB0506DBB2F6B204EB0A02BB
S2140225000093CDF804905B46012104A8EEF7F0F89C
S21402251006F590730DEB03025A44A2F5807208A8E2
S214022520136844F80830E35D23F00703E3552C44B0
S2140225303246214613F07BFB08ABCDE9019308AA8D
S21402254000230096012104A8EEF7D2F8324608A925
S214022550204613F06CFB49B0BDE8F08F57500020C0
S214022560F8B5064613F053FA811C054689B2304682
S21402257013F029F9F0B1EDB129463046F8F7C0FD5F
S2140225801228074616D80C4B691C1C5CC9B230468A
S214022590F8F7B6FD2C44052FE4B205D1052809D874
S2140225A0064B1B5C1C44E4B221463046BDE8F840AC
S2140225B013F009B90020F8BD321D04002C1D0400DA
S2140225C0F8B5054613F02CF90446284610F026FF07
S2140225D0A11C074689B2284613F0F5F800283ED01B
S2140225E0002C3CD021462846F8F78AFD611C064698
S2140225F0C9B22846F8F784FD0F2E30D8194B9B5DDA
S214022600E118731E89B2092B0ED8DFE803F009051C
S2140226100D0D120D0D181E1EC40644BF083189B2D8
S214022620820601D5083189B22846BDE8F84013F083
S214022630CAB87B78DB0612D501EB4001F3E700F05F
S2140226401F0000EB40000144EDE71F2805D8092EC5
S21402265006BF400080B20220F5E7C828E4D000207A
S214022660F8BD00BF451D0400F8B5064610F0D6FEBC
S214022670092200210546F6F7EDFF00F11004284670
S21402268010F083FDE4B2074621463046F8F738FDDF
S21402269005463046F8F760FBBA05A0EB0403DBB24A
S2140226A00AD47C2D0AD0082D0AD8064A505D9842D4
S2140226B08CBF00200120F8BD1220F8E70320F6E7C1
S2140226C0FF20F4E7561D0400014B1878704700BF40
S2140226D0C915002038B5114B1B78044608469BB92D
S2140226E0012038BDA24205F101050FD103EBC1035B
S2140226F05B6898470028F3D11E2022464FF6FF71EA
S2140227000EF0F7FB0020ECE7054B0025E9B213F8C4
S2140227103120002AE6D11446EEE700BFC915002094
S214022720FC1C040013B50023ADF80430134B98428A
S21402273021D10B88DA0702D5B72002B010BD9B075D
S21402274044BF4FF47F43ADF804300D4B1C887F2204
S214022750022321460DF106000CF08BFCBDF8062084
S2140227604FF6FF739A42E7D12046022201A90CF0E7
S21402277089FC0020E1E70220DFE700BF1FD1BACACA
S21402278078C8030013B50F49002303807F22022373
S214022790098804460DF106000CF06BFC9DF8063025
S2140227A0BDF806201BB1238843F001032380FF2ACD
S2140227B088BF23884FF0000084BF43F002032380C3
S2140227C002B010BD78C80300034B1B78002B14BF61
S2140227D0442056200E307047DD4F00202DE9F04F82
S2140227E08DB0CDE90423179C0394039CBDF858A032
S2140227F0D58806460F4644B9EC0606D5CDF858A04D
S2140228000DB0BDE8F04F0EF0E8BBC5F380242B05F3
S2140228104FEA043448BF44F40064A80511D544F0D6
S21402282080040A2E00F25E81DFE816F088004F0070
S2140228303B0059005C015C015900100088005900F9
S2140228403600E90548BF44F04004EAE7BB464FF0CD
S2140228500109022302934FF00008BAF1000F74D167
S214022860A24B18884FF6FF73984206D0A049F9F794
S2140228703BF810B124F48054A4B2059B00935A4648
S214022880434644F40271504608F00AF9ADF82000B7
S21402289000286BD118204EE0BB464FF001090323F7
S2140228A0D8E708A9F8B212F0C8FADDF82500DDF874
S2140228B0291006AB03C38F4B33F817B04FF000094D
S2140228C0CDF808900DF11808C7E706A9F8B203F08C
S2140228D01FFB0C23884A7B4332F803B0EEE74FF621
S2140228E0F7739F4240F2FE8015F4026F40F0FA80C2
S2140228F0824B1B78022B03D0043B012B00F2F480A0
S214022900BAF1000F0BD1032E0CBF0C23082324F4BC
S214022910C0740293A4B2BB464FF001099BE750462F
S214022920F8F71AFA0246FFF74FFF032E08BF0138E0
S2140229308242E8DD74200DB0BDE8F08F4FF000094A
S214022940BB46CDF80890C84687E7049B1B8843B968
S2140229501A46514606200CF027FE002880D1192080
S214022960E9E700231A4651460720F4E75F4A118832
S2140229704FF6FF7399421CD010F050FD5B4A034697
S21402298011880593043010F002FC5D49059B097816
S214022990D9715749554A14F4805F1FBF086898607A
S2140229A04868D8604FF6FF7313804FF0FF330B6012
S2140229B04B60049A029908A808F028F900283FF408
S2140229C069AF504C2378002B3DD1BAF1000F14D0DA
S2140229D05046F8F7C1F98046BDF82000F8F7BCF972
S2140229E02378002B14BF122200228044EB1003F03F
S2140229F0040390444344842B9CDC15F400540AD010
S214022A00BDF82080404610F0FCFB40F4806189B29D
S214022A10404610F0E1FBA6F10803012B05D8BDF8ED
S214022A2020000122102110F0DDFB039BBDF8208060
S214022A303BB35946404610F028FC039ABDF82030B6
S214022A401380002077E7AA06BFD56B0103F02003A8
S214022A500A2E14BF43F0010363F07E03DBB2B9F122
S214022A60000F08D000210091424608A800F000FEA0
S214022A700028AAD05FE71A46414608A812F0AFF827
S214022A80F6E7404612F0CCFE039B0246414604207F
S214022A900CF08AFD00283FF462AF0A2E16D84FF4D7
S214022AA0D963F340DB0711D5072E09D00A2E07D0CB
S214022AB0BDF8200011F0AAFB0028C2D1A1203AE7F7
S214022AC008A80EF0EEFE0028F2D0F7E714B125F0C3
S214022AD04005ADB2BDF820002B46FAB2314601F0F1
S214022AE097FE28E7012026E7912024E74A150020D2
S214022AF0CA15002028400020683F0020E14F002031
S214022B0094500020DD4F002070B4084EBDF81040EF
S214022B10308007481546057000201A469DF80C308E
S214022B20CDE9034070BC0620FFF758BE4A150020C8
S214022B309450002030B402460C48BDF80850058078
S214022B400B489DF80C4004700A4804780020CDE932
S214022B5002304FF6FD700B464FF6FF71002C08BF91
S214022B60014630BC0320FFF739BE00BF4A150020DD
S214022B7094500020964F002013B502460848047869
S214022B800020CDE900300B464FF6FD704FF6FF7180
S214022B90002C08BF01460320FFF720FE02B010BD3E
S214022BA0964F0020F7B51E46234B1B78022B054690
S214022BB00C4617460AD1A6B13046F8F7CDF80246BB
S214022BC0FFF702FE82420CD9742008E0043B012B78
S214022BD0F1D908460EF062FE0028ECD1912003B02F
S214022BE0F0BD65B1022D1AD1EDF796FBA04214D9BD
S214022BF0124B33F814204FF6FD739A4202E04FF65A
S214022C00F7739C4209D80023CDE900633A46FF23B6
S214022C1021462846FFF7E2FDE1E70120DFE7012D26
S214022C20FBD1074B1B78A342F7D9E0B203F088F931
S214022C304FF6FD739842E5E7E14F0020284000205A
S214022C409615002030B5104B87B005460C4618681E
S214022C50596803AA03C2986810609A88DB880B49F1
S214022C60ADF80E5023F04003ADF812300023CDE944
S214022C70004352BAADF810200988FF2303AA0720A2
S214022C80FFF7ACFD07B030BDC8430020D443002098
S214022C90034B1B7813B1034B18787047FF2070471D
S214022CA0A5500020A45000202DE9F04F074689B019
S214022CB0104615461C468A4612F0B2FD01462846C4
S214022CC0F8F71EFA0646284610F0A8FB043010F065
S214022CD05CFA804610F080FE804551D0B2074FD194
S214022CE0DFF8AC8005A92846B8F800B012F0A0FEBE
S214022CF09DF81930A8F800700BBBBDF81430F3B974
S214022D00284610F08BFB023010F03FFA4FF6F773AE
S214022D10984204F1010494BF4FF000094FF00109F4
S214022D20E4B20123CDF800902A4605A9384603935B
S214022D3003F04AFF039B40B901339C421ED2002097
S214022D40A8F800B009B0BDE8F08F022CF8D1012B2C
S214022D50F6D10C4A0C4BA3F800A01378591C11703C
S214022D600A4A7F3B16F00C01137007D1BDF81A30E1
S214022D705B0603D5BDF81600FFF764FF0223D1E712
S214022D800020DFE7DF4F00204A1500209450002085
S214022D90D44300202DE9F04F8BB08846ADF81E00D4
S214022DA010F03CFB00F1020A0646504610F0EDF920
S214022DB0BDF81E40BD4D0746204612F031FD0146C5
S214022DC02046F8F79DF9814600F00304301D10F006
S214022DD0DCF9288010F000FEB8422DD04FF6F773CB
S214022DE09F4229D87378DA0726D4384612F090F92B
S214022DF030B1BDF81E20288801233946FFF754FF5C
S214022E0010F0EAFDA94B1B8883420FD1BDF81E4085
S214022E10204612F005FD01462046F8F771F910F03B
S214022E200C0103D1BDF81E0001F0ACFDA04B002240
S214022E301A600BB0BDE8F08F9E49BDF81E0012F076
S214022E40F7FD9D49BDF81E0012F036FD984A9A4BD2
S214022E50002808BF0023BDF81E00136010F06AFAAF
S214022E60964B1870BDF81E0010F069FA944B187055
S214022E70BDF81E0010F06EFA924B186000238DF813
S214022E802230B8F1000F28D08A4BDB889B0624D567
S214022E9010F0A2FDF8B18C4B1B689F071BD4012CC7
S214022EA014BF082318230DF12202009200221146B5
S214022EB00DF11E0000F0DCFB78B1012CA0D1834B93
S214022EC01B78112B9CD111F02DFF002898D1AF2032
S214022ED0FAF714F994E70823E5E7504610F055F997
S214022EE04FF6F773984240F2F580012C00F0FD8011
S214022EF0022C00F07981002C82D1DFF8B881BDF86F
S214022F001E00B8F806300493ADF8240010F086FAD6
S214022F10BDF824600446304612F082FC0146304674
S214022F20F8F7EEF88DF82300A01C667810F02DF95D
S214022F30074610F051FD4FF6F7739F422D88B8F8FA
S214022F40024006F00106824600F2FF80002E0CBF09
S214022F5008200620002229460DF0CBFFBDF824905B
S214022F60484612F05DFC00230246494604200CF057
S214022F70FFFA4FF6F7739F4281460BD8B8F9062040
S214022F80B8F80630002A05DB580603D5002120468D
S214022F90FFF758FEB9F1000F3FF432AFB8F8003031
S214022FA0002B5BD198F80530002B57D14FF6F773FC
S214022FB09F4294BF002301230DF12601BDF8240091
S214022FC0039311F099FFDFF8E4B000F1FF39BBF884
S214022FD0003005935FFA89F9B8F80630BDF8260086
S214022FE006934946F8F78CF80499069B01900093DD
S214022FF00598039B2246C1F340110EF05CFC0028A4
S2140230003FF4FEAE2B4BBDF826104A4606200CF0C7
S214023010AFFA00283FF4F4AEB8F8022048F20203F2
S2140230209A4205D1BDF82410BBF8000000F0B0FFAC
S214023030DFF8808009AA41460DF123000EF039FC24
S214023040034600287FF4DCAE2104BBF80000BDF87E
S21402305024207CD52346414611F063FFDFF85480D6
S21402306036B99DF8233003F00C030C2B40F0938006
S214023070B8F8080011F020FF00283FF4C1AEB8F8F7
S2140230800810002002F008FE114B18704FF6F77376
S214023090AA4514BF022503259F42BDF8240002D884
S2140230A0002E00F09380012394E000BFD44300205A
S2140230B0103C0020C84300208C5000208650002080
S2140230C085500020FC3B002050370020E14F0020B6
S2140230D0A4500020022C00F08780474BB3F906303C
S2140230E0002B25DA012C7FF406AF10F075FC2B8836
S2140230F083423FF485AEBDF81E100520FFF7EAFABC
S21402310000283FF47DAE3C4AD3885B0607D50023F1
S214023110CDE900330A202988FF23FFF75FFB9DF8DD
S21402312022302988BDF81E00424602F015F967E6ED
S214023130BDF81E00F7F710FEA0F11001C9B2304626
S21402314000F086F80028CDD05AE6062002E7DFF81F
S214023150B890022189F8001003990091414603F0C5
S21402316033FD132C3FF47AAFB8F806305B043FF514
S21402317075AF224B1B78D80704D599F80020022A8F
S2140231803FF46CAF99077FF53BAE99F80030012B00
S2140231907FF436AE62E798F804301948009398F840
S2140231A0053000883246314602F09EFD154B1870F7
S2140231B09DF82330BDF8240003F00C03082B4FF6CD
S2140231C0F7730CD035469F423FF66DAFA4F1380236
S2140231D05342534108492A4604F01EFC10E6AA450B
S2140231E014BF04250525EEE7BDF81E200249484611
S2140231F001F03AFB04E600BFC8430020984F0020C7
S214023200D4430020A45000209550002010B5094851
S214023210002110F0C4F9044650B101460420FFF71D
S21402322059FA28B120460121BDE81040FFF7B2BD89
S21402323010BD00BFB8430020034B04481A78FF2194
S214023240920012F0BABD00BF97150020F834002095
S21402325070B5451804464FF0FF31AC4212D1104B00
S21402326010481A7805460023934211DB0E4C20784C
S214023270431CB3FBF2F602FB163345F8201023700C
S21402328000200CE014F8010BE3F72AFF0146E4E7FE
S21402329050F8044BA14201D00133E5E7012070BD8E
S2140232A097150020F83400209650002007B5042316
S2140232B001220DEB03011046F8F77AF8019B034A48
S2140232C01B03136003B05DF804FB00BF0C3C002038
S2140232D0014B1868704700BF0C3C0020014B186871
S2140232E0704700BF0C3C002010B5064C2368C3F3A1
S2140232F00B0313B901200BF0BAFE2068431C2360AF
S21402330010BD00BF0C3C00202DE9F04F93B0DDE964
S2140233101C79039300230693834699F8003004939E
S2140233200DA80E4615460DF061FE99F8003013F012
S21402333003043ED0039B8DF824300DF1250A0022AB
S2140233400821384610F0F6FA00286FD0288810F0C8
S21402335065F899F800301C074CBF043002300FF0B5
S21402336014FF07A9804607F0EFF99DF824300446BB
S214023370980633D5288806F10D0112F024FAB0B16A
S21402338000230093721D29880823D2B2384610F013
S214023390CAF999F8003003F01803182B48D1B8F18F
S2140233A0000F45D0A74BB3F86830434540D0A6235C
S2140233B026E02888711D12F006FA0028F7D000943D
S2140233C005232988324609A810F0ADF99DF8243065
S2140233D003F0180303930DF1240AB0E70CBB394639
S2140233E04046F8F781FA0028D3D099F800309907BA
S2140233F0DDD0402322462146404611F041FEBE2340
S21402340099F8002012F0030440F0F780288803930E
S2140234100FF067FF224601461A200DF06AFD039B55
S214023420EBE007AB03CB38607960B2E74FF6FF7884
S2140234300EF022FA044620B10421384607F0ACF911
S21402344004461E9B002B5AD009231E998DF8343051
S2140234500DA80EF017F8209B0BB1209B0693039B3A
S214023460002B40F08E800DA8EDF7FCF999F800309D
S2140234709A0700F09880FFF737FF51460246012070
S2140234800FF089FE99F800309B0710D55946288818
S21402349012F094FA0BF1090350FA83F35FFA83FBF6
S2140234A02888594612F05FFA00EB0B06F6B299F836
S2140234B0003013F0C20F0AF104030DD09DF8242049
S2140234C0614942F020028DF824200A68CAF80420D6
S2140234D04A685A600AF10C0309A8012200921B1AD4
S2140234E029883246DBB210F01EF932465946284683
S2140234F0FEF77EFF002800F0A38000237DE01F9BDE
S2140235005BB19E46BEE80F000DF1340CACE80F002E
S214023510DEF80030CCF800309DE7049B288803F0E4
S214023520200359460493F7F7EBFD10F0030F0CBF88
S214023530012300230593049B059A1F99003B18BF9D
S214023540012342EA430300930DAA06AB384600F075
S21402355001FB049A034682B1002880D0059B0093A3
S2140235600DAA06AB1F99384600F0F4FA99F8002027
S21402357022F02002034689F80020002B3FF46FAFAA
S2140235803EE7039B102B06D1BDF8363043F001030D
S214023590ADF8363067E7039B182B4FD1BDF83630AF
S2140235A043F00203F4E70DF1250101200FF001FEBE
S2140235B099F8003013F0040F8246288821D1069B22
S2140235C01BB3002C35D00FF08CFE002201461620CD
S2140235D00DF08FFC84B17FB14FF6FF7398450BD088
S2140235E000231A460DA938460EF094F89DF83520A9
S2140235F0394640460EF058F90123184613B0BDE886
S214023600F08F002CDFD1104F01E0002CDBD100231D
S214023610009332463B46594611F0D4F900283FF44F
S214023620C6AE002C3FF469AF069A0AF10103136096
S21402363063E71B685345C6D80124E8E7A623DCE700
S2140236401823DAE7183B00205750002007B5074A30
S21402365000230193136004230DEB03027F21012054
S2140236600BF003FD03B05DF804FB00BF0C3C00202A
S2140236702DE9F04FB1B0044600888DF82F3016467B
S2140236808A463A9F12F0CCF801468146208812F00C
S2140236906AF900EB0908208812F0B9F99DF82F5054
S2140236A00790002315F0010B5FFA88F8ADF8363064
S2140236B008D101460DF13602208812F03EF808B114
S2140236C0ADF836B016B9CDE90E660EAEFEF7F4FBCF
S2140236D018B145F020058DF82F500023CDE90333AD
S2140236E002930DF12F03CDE900632246534641466D
S2140236F04846FFF709FE0546002800F0B8809DF808
S2140237002F3013F0010B46D123F020038DF82F3013
S21402371010F062F970B1754A1068516810AB03C3B5
S214023720184600F0E9F95D460890FEF7B7FDABB221
S214023730984239D80FB100233B70BDF83630CBB172
S21402374020880121F7F776FB27880546002800F037
S214023750BC8001213846F7F76DFBBDF8367005468A
S2140237603846F7F7F9FA002300903A4619462846F3
S21402377010F013F80023CDE9033302930DF12F0363
S214023780CDE900632246534641464846FFF7BCFD54
S214023790054600286BD010F01FF9002840F0AC80D8
S2140237A0284631B0BDE8F08F18AB14AA26A9E8B2B5
S2140237B00EF005F8002875D1082210A927A812F0E5
S2140237C0D2FA089B8346002B68D09DF8A530099351
S2140237D013F0020F62D0082212A927A812F0C3FA29
S2140237E000285BD1099B590758D50FB101233B70BE
S2140237F014AB0FCB0DF1740C8CE80F00BDF836300D
S214023800CBB120880121F7F715FBB4F800B00028E9
S2140238104DD001215846F7F70DFBBDF83620099228
S21402382083461046F7F798FA0023099A009019463D
S21402383058460FF0B2FF2E4B0493002303931DABA2
S21402384002930DF12F03CDE900632246534641460B
S2140238504846FFF759FD28BB089B002B33D012AA17
S2140238601DAB4FF482714FF4005000F0CFF810F009
S214023870B3F888B11F4B1B689A070DD4FEF71CFBE2
S21402388050B11A4A1068516818AB03C3002226A921
S21402389018A810F076FF18BB002581E727B9BBF100
S2140238A0000FA5D0013540E700233B70F7E7BDF8CF
S2140238B036200A9010460992F7F74EFADDE90923F8
S2140238C007990090B4E7089ACAE7BDF836B058469A
S2140238D0F7F742FA079900902B465A46384647E7CA
S2140238E026A918A810F08AFFD0E700BF88DE0300DA
S2140238F04C370020503700209DF82F3003F011037C
S214023900102B7FF44DAF3E4B1B78432B7FF448AF12
S2140239103C4B1B685B067FF543AF208808F1050128
S21402392011F051FF834600283FF43AAF4146208803
S214023930F7F7E6FB344B10F0200F08BF1E4612A81E
S21402394000F0DAF80822314612A812F00CFA002823
S21402395052D0314612A80DF056FF012326AE009330
S2140239603246002314A912A800F0F4F800287FF4C7
S21402397017AF12AB0DF12F07CDE90360029000934B
S21402398001975346224641464846FFF7BDFCA8B378
S214023990BDF89A3018AA43F0080314A91020ADF80F
S2140239A09A3010F0CBFE00287FF4FAAE12ABCDE9C7
S2140239B00360CDE9017000932246534641464846CD
S2140239C0FFF7A2FC054600287FF4EAAE18AB4FF4D8
S2140239D09071002012AA00F019F84FF00051002052
S2140239E011F055F9BBF1000F3FF456AF4FF080517E
S2140239F0002011F04CF94FE78346AEE714ABE6E73A
S214023A00E14F002050370020823B0020F0B591B0F5
S214023A100746164609A80D461C4611F032F93EB175
S214023A203368CDF826307368CDF82A3045F0400565
S214023A301B4B1A6822EA070242EA050119604B0488
S214023A400DD5BDF824200B0A03F4E243C9B222F4D2
S214023A50E3420B4322F07F021343ADF824301A23CD
S214023A60082209A90020F7F7A3FCB4B104A80DF0B8
S214023A70BDFA02236A468DF8103004F1100623467A
S214023A80154618685968144603C40833B3422246DA
S214023A90F7D1294604A80DF0F5FC11B0F0BD00BF21
S214023AA050370020054B196847F2FF1041F4804258
S214023AB0014041F480411A6011F0E9B85037002005
S214023AC000B589B0FEF778FC01A811F0DAF80948CB
S214023AD0BDF804200168130221F0FF0103F4E2039B
S214023AE00B43D2B2134343F48043036009B05DF83C
S214023AF004FB00BF5037002010B50C4B0446186874
S214023B00830788B006D54FF0FF3323606360012039
S214023B1008B010BD10F04000FAD001A811F0B1F8BC
S214023B20DDF806302360DDF80A30EFE75037002074
S214023B3008B5074B1B6813F04003024605D118462A
S214023B401946FFF763FF012008BD0020FCE700BF0F
S214023B50503700202DE9F04F9FB080469DF8A0A078
S214023B600C461D469346CAB1164630460DF03EFA3E
S214023B701AF0020714D004B917AC01AB224631463C
S214023B8040460DF0FAFD0DB100232B60002814BF4D
S214023B90A627002738461FB0BDE8F08F0DAEE4E733
S214023BA001AB05AA314640460DF0B4FD7378FF2BF3
S214023BB00AF0010A24D0002840F0BD805CB105AAB4
S214023BC00DF1240C134603CB6345206061601A4650
S214023BD004F10804F6D125B17278584B03EB820340
S214023BE02B60BAF1000FD5D0BDF80430D906D1D477
S214023BF072784FF6FF7118200DF07BF9BB27C9E7E4
S214023C00DFF8409145B10FF0E7FE18B1D9F8003061
S214023C109A072DD500232B60D9F8003003F0300325
S214023C20102B01D0202B25D117A811F02AF8082234
S214023C300DF15E01404612F096F828B1D9F8003030
S214023C4003F04403402B15D0BAF1000F14D109A893
S214023C5011F021F802233370002C51D1BBF1000F72
S214023C6098D00FF0B9FE70B3301DFFF745FF91E70D
S214023C70334BD0E7A6278DE7D9F80030DB03E6D52D
S214023C8009A811F008F8022333709CBBBBF1000FA1
S214023C90AED00FF0A1FE08B3301DFFF72DFFA7E749
S214023CA0D9F8003003F08403842B30D009AB0DF131
S214023CB0340C1A4603CA624520606160134604F15A
S214023CC00804F6D106E0D9F80030254603F084034E
S214023CD0842B2AD0301DFFF70FFF28E0D9F80030DA
S214023CE0012503F08403F3E7D9F80030012503F039
S214023CF08403D9E70FF070FE0028F5D00125D5E73A
S214023D000FF06AFE05460028CAD00025CEE712A8A4
S214023D100DF06CF9022312A88DF84830ECF7A2FDDC
S214023D20224608214046ECF7A1FC10237380002DA2
S214023D303FF430AF5CE703272CE700BFF4340020E3
S214023D404C3700205037002049B9084B197849B142
S214023D504EF66023594328B10548F7F713BA41F2E5
S214023D608831F8E70248F7F7A9BA00BF974F002054
S214023D709C36002070B586B005460FF02DFE10B9B1
S214023D80702006B070BDF7F7AFFB0028F8D001A888
S214023D90FFF7B2FE06460028F2D055B9304B1C6833
S214023DA014F0020433D14FF48163ADF80C300221D3
S214023DB025E02C490822284611F0D5FF0028DFD03E
S214023DC0274B1C6814F0020406D0274B1B78112BD5
S214023DD0D6D1264BB3F868400822294601A811F02E
S214023DE0C2FF0028DFD04FF40273ADF80C302B6808
S214023DF0CDF80E306B68CDF8123000260A2100226C
S214023E0003A80FF043FB024648B91820B9E7164B41
S214023E101B78112BB4D1154BB3F86840C3E7104B8F
S214023E20196801F03003102B17D0202B14BF012382
S214023E300323490001F004010B432046002101F050
S214023E4085F80028E1D000210120FFF77DFF16B19A
S214023E50074B01221A70002093E70323E9E700BF0D
S214023E605037002057500020E14F0020183B00201A
S214023E708B50002030B5002485B0CDE90044F7F71A
S214023E801DFA0FF0A9FD1D4D60B906F07DF80D2450
S214023E90002108462970FFF757FF214668460BF0B7
S214023EA0F5FC17E02B783BB3154916480A780078DC
S214023EB0904221D90132012B0A700DD122464FF4CD
S214023EC0A071204602F0A8FDB0B90F4841F2883131
S214023ED0F7F758F905B030BD022B08D102A92046E3
S214023EE0F7F702FD40B902A8FFF744FFECE7032B01
S214023EF002D101F0DFF9E7E70424C9E79750002072
S214023F0098500020D21500209C36002070B51B4A1F
S214023F101B4D51682E7886B00446106801AB03C369
S214023F201EB17024204606B070BDF7F733FB022898
S214023F30F7D10FF051FD0028F3D003A800F02AFEB7
S214023F40082201A90DF10E0011F00DFFA0B10D4BD4
S214023F5032464FF4A07130461C7002F05DFD0446F6
S214023F600028DFD1084A0948012341F288312B7024
S214023F701370F7F707F9D5E7B724D3E75F1D0400F8
S214023F8097500020D2150020985000209C36002022
S214023F90F0B52F4E9BB007460C464922002107A8D3
S214023FA0069111F00AFF3378012B37D1B7BB0DF11A
S214023FB00E01204610F0A0FF0546BDF80E00F6F7EB
S214023FC0CBFE441BE4B22A46BDF80E1000972346E9
S214023FD006A80FF0A8FB04A93846F7F785FC0246A8
S214023FE0E4B19DF819301A4312F0FF0216D1BDF85B
S214023FF0233003F47E43B3F5285F1ED3B3F5385F50
S2140240000ED31449BDF80E000B6843F400030B6090
S21402401029460DF024FC18B1042333701BB0F0BD02
S2140240200D4B012204A81A70FFF7A4FE0B4841F2BA
S2140240308831F7F7A7F80223EFE7114610463270E9
S214024040FFF782FE1E2104A80BF020FCE6E700BF65
S2140240509750002050370020985000209C360020B1
S214024060014B1870704700BF98500020014B18781B
S214024070704700BF97500020014B1870704700BF72
S214024080975000202DE9F0478CB00546B5294088A8
S214024090ADF80A00884600F08C8095F80890AE7954
S2140240A00FF0BCF905A90446BDF80A00EF7911F035
S2140240B0BFFCBDF80A000FF0A4F8420542BFBDF8E7
S2140240C01A3043F40053ADF81A30EB79DB0642BFE0
S2140240D0BDF81A3043F48053ADF81A30BDF81A30E2
S2140240E0980613D5022E6AD108A9287A10F0A5FEE2
S2140240F0DDF82500DDF8291003AB03C303AA00216F
S214024100009104230DF10A00FFF7B2FABDF80A0087
S2140241100121F6F78FFE022E82465CD1474B33F81A
S2140241201940B8F1000F72D0BDF81A2051066ED5AC
S2140241304FF6FB739C426AD8414B1B78033B012B1C
S21402414004D8404BB3F86830A34260D0D30502D5FA
S214024150204611F064F8BDF81A30D80457D5002E60
S21402416046D1BDF80A000FF04CF8C10611D4CDF8BE
S2140241700080534605AA214630460BF0BAF90B20BA
S21402418017F003021CBF02F1FF32D2B221460CF036
S214024190B0FEBDF8162048F234039A4209D12A4EE0
S2140241A03078FF2805D003222146FBF767FCFF2361
S2140241B0337000232B806B800CB0BDE8F087012E95
S2140241C001BF2B7A214A03EB430302EB83020CBFA7
S2140241D00232002293E7012E05D10C231B4A03FB71
S2140241E009F3D45A9DE7A01C0EF0CFFF044698E7C9
S2140241F0204601F0B5FEBDF80A000FF002F8C2062E
S214024200C7D4CDF80080534605AA4946B4E7BDF8A0
S2140242100A000EF0F6FFC306BBD4CDF80080534664
S21402422005AA002E14BF4946214630460BF061F916
S214024230B8F1000FA3D10920A2E700BF2840002052
S214024240E24F0020183B0020D6150020683F0020D1
S21402425070B5114B114D00240A262A78A24205D8C1
S214024260C2B9BDE870400E48F7F728B8598869B950
S214024270013AD2B2A2422A70EFD0121B03F10A010F
S2140242801846724311F07FFD0346E6E701340A330F
S214024290E4B2E2E770BD00BF043F00209B5000205E
S2140242A01814002070B51A4B1A4A1D780023DCB287
S2140242B0A54200D870BD144601336688864202F1D4
S2140242C00A02F4D1E379A588617203F040028DB93F
S2140242D0CAB123F00403E3710FF0A0F8037803F0E9
S2140242E07F03037021880029E4D1BDE870400A48A4
S2140242F0F6F748BF00216580A180002AE9D1BDE813
S2140243007040FFF7A5BF2046FFF7BCFEF7E700BFE9
S2140243109B500020043F0020181400202DE9F0478F
S214024320044686B040880F4615460FF077F8A37904
S2140243308046082B51D8DFE803F0052E185050505F
S2140243405050050002300EF020FF002D4DD0694679
S214024350F7F7CAFA38B9684601F0ACFE00F0010079
S21402436006B0BDE8F0870020F8E702A9207A10F030
S21402437064FDDDF80D00DDF81110334A6B4603C309
S214024380237A32F81390314AD05C6E4675B13146C4
S21402439010F077FDE4E7237A2D4903EB430301EBA4
S2140243A0830231F82390907A961CEFE74FF6FB7A59
S2140243B0D14514D9304603F0F5FF4FF6FF73984205
S2140243C0054614D00146304601F0E6FD554507D9AC
S2140243D0E379DA060DD4CB2363720020C0E74D469C
S2140243E0294608F102000EF0D2FE0120B8E74D463B
S2140243F0EEE74FF6FC78454511D103F00C030C2B83
S2140244001BD1D7B130464FF6FD7101F0C5FDC8216C
S21402441061722046FFF736FEFFF71AFFDDE74FF61A
S214024420FD739D4209D1002319461A46304602F012
S214024430AFFB4146304601F0AFFDE37943F00C0393
S214024440E371CC23C8E700BF28400020A34F00201A
S214024450683F002073B5044640880E460EF0DEFF25
S21402446002300EF092FE0DF019FA18B1A11C201DB2
S2140244700DF019FAE6B1E5790135EDB2E57115F000
S214024480400514D0EBF742FF0122054600212046E4
S214024490FFF744FF18B1394B1B882B449DB2384BAB
S2140244A01B78042B01BF354B1B885B199DB22580F8
S2140244B0002231462046FFF731FF20B360880EF017
S2140244C0ADFFE2792F4922F00C03E3710B7801333A
S2140244D0DBB20B70C3712C4B1B780546A61C0BB3C4
S2140244E0E37998061ED52949097871B159060CD583
S2140244F092070AD500220092042311463046FFF79F
S214024500B7F810B1607202B070BD002200920123AB
S21402451011463046FFF7ACF820B1E37943F00303C7
S214024520E371EFE730460DF0BCF910B10123E371F9
S214024530E9E76088FBF74CFE0328E4D8DFE800F0E2
S214024540020D1B18E37943F00403E3711B06DAD568
S2140245500F4B1A780F4B1A70D5E7CD236372E379A7
S21402456043F00803E3712B7803F07F032B70CAE74E
S214024570CE236372C7E7CF23FBE700BF28150020D0
S214024580E24F0020DF4F0020DD4F0020D315002031
S2140245909B4F00209A5000202DE9F74F06460AF05E
S2140245A027FD5D4B5D4AB3F8009018805B4BDFF841
S2140245B080B11B78A0EB0904A4B2A34286BF1B1BE2
S2140245C0DBB200231370A9EB000305464FF0000888
S2140245D04FF6FF770093524B19785FFA88F29142B2
S2140245E00ED80EB1FFF734FE4FF6FF739F4200F06F
S2140245F08D804C48394603B0BDE8F04FF6F7C2BD91
S214024600BBF80220002A3CD0474B9BF807201878BC
S214024610BBF800A0042818D00020BAF1000F08BF8B
S214024620A2462044504523D2BBF80010009B1944F2
S214024630ABF80010002E4DD002F04802482A49D1AD
S21402464000215846FFF706FF44E00192F7F79CF870
S21402465030F01003019ADFD1FAF706FE334B019AC7
S214024660B3F800C08445D7D9ACEB000080B2D4E7DB
S21402467002F00C00042807D10022ABF800200BF150
S2140246800A0B08F10108A6E7510602F0030C02F035
S21402469008000DD520B3BCF1030F24D1D6B19BF888
S2140246A00910002908BFC9215846FFF7EBFC11E0A4
S2140246B040B3BCF1010F25D11206EFD44FF4C86205
S2140246C0ABF800209BF8072022F0030242F0020219
S2140246D08BF80720BBF80020974228BF1746CEE784
S2140246E003208445DAD213060ED50C4B1A780AEB51
S2140246F00200844208DA4A44521B0AEB0201ABF873
S2140247000010E7E70120ECE701219AE7054803B02D
S214024710BDE8F04FF6F7D2BDBE4300209A50002007
S2140247209B50002018140020E24F0020281500207D
S214024730043F00202DE9F0410B4EDFF834800025BF
S2140247400A273378ECB2A34204D8BDE8F041074802
S214024750F6F70CB907FB0484A01CF6F707F9201D30
S214024760F6F704F90135ECE79B500020B44300202D
S214024770043F002070B50D4D0D4E00242B78A34249
S21402478008D81B1BDBB22B7073B9BDE87040094812
S214024790F6F794BD04EB8400CA2106EB4000013410
S2140247A0FFF770FCE4B2E9E770BD00BF9B50002043
S2140247B0043F0020181400202DE9F0410025124C79
S2140247C0DFF8488006462F4698F80020EBB29A4259
S2140247D003D8BDE8F041FFF73BBD60880EF01EFE31
S2140247E002300EF0D2FCB0420AD16088F8F774FBB1
S2140247F000236288B521184603F0D0F92780678027
S2140248000A340135E0E700BF043F00209B50002039
S214024810F8B5124F124D3E782D78DFF848C006EBF9
S2140248208604B5424FEA440E0CEB440414D003F45B
S214024830835343EA13230025E37166236080A17144
S214024840227228462CF80E500136A58063723E70FE
S214024850FFF7A2FE2846F8BD7220FCE79B50002018
S21402486095150020043F00202DE9F04F354B1C78AB
S21402487085B00E4617465CB9B1F90680DFF8CC90D3
S214024880DFF8CCA0DFF8CCB099F80030A34202D80B
S21402489005B0BDE8F08F04EB84050AEB4505A88851
S2140248A000B9688801A911F0C3F8B27A9DF80E30F3
S2140248B09A4244D1B8F1000F0FDA317A9DF80C20F3
S2140248C03389914209D8204800780844824236DA71
S2140248D0521A1B0A1341D90731D5384611F097F8F8
S2140248E0BDF80A309A06044602D5F3889B06CFD551
S2140248F0EB7903F00C03042B08D16888F8F7ECFA7E
S21402490000236A881946184603F048F9002128460B
S214024910FFF7B8FBFFF79CFC3846F6F71DFA844211
S21402492008D22B7A8BF80030012200233146384613
S21402493003F072F8B8F1000FAADA0024A4E70134F3
S214024940E4B2A1E799500020941500209B50002065
S214024950043F0020A450002008B50AF049FB074B8C
S2140249601B88C01A80B2B0F5807F05D9BDE8084022
S21402497003480021F6F706BC08BD00BFBE43002070
S214024980181400202DE9F04786B004460D4610F0B4
S21402499047FF01462046F6F7B3FB10F0030373D138
S2140249A010F00C0F06D12946204606B0BDE8F047A7
S2140249B0FFF778BC20460EF024FCC10657D42046EA
S2140249C010F02EFF01462046F6F79AFB07462046D1
S2140249D00EF024FD064602300EF0D7FB03A98046F1
S2140249E0204607F00C0796F8069011F021F8737827
S2140249F00C2F0CBF03270627012113F0010F2046B8
S214024A0018BF0327F6F716FA224B1B78033B012B37
S214024A1082461BD9B9F1010F18D94FF6F77398459C
S214024A2002D8337A1F2B11D9301D0EF0AEFBF17966
S214024A3081460FF0D7F906464846F7F757FECEB13D
S214024A4073685A1C02D0834308BFD125124B1B88B9
S214024A50A34211D1B5FA85F04009FAF7A3FE204623
S214024A600EF0FDFB0022014607200CF042FA06B0CB
S214024A70BDE8F087D125E9E70095534603AA4146EB
S214024A8038460AF036FDEAE7012BF0D110F00C0F9B
S214024A90EDD188E7E24F0020B443002010B50A4B60
S214024AA01C780A4B0022D1B28C4201D8002010BDDD
S214024AB0197A814202D19979022902D00A33013247
S214024AC0F1E70120F3E700BF9B500020043F0020DF
S214024AD010B5094B1C78094B01460022D0B284421D
S214024AE001D8002010BD187A884202D19879012890
S214024AF0F8D00A330132F1E79B500020043F002031
S214024B0010B40B4B1C780B4B0022D1B28C4203D84C
S214024B105DF8044BFFF79CBB197A814205D199795F
S214024B20012902BF0021198059800A330132ECE7BD
S214024B309B500020043F0020044B1B6813F0300FEC
S214024B4003D02021302010F0A2B870475037002042
S214024B500949002310B51A46044601EA00414FF0FF
S214024B607F60FEF753FFE30703D50021302010F0E5
S214024B708EF8002010BD00BF00007207044B5B8851
S214024B8023F4784323F08D0303800020704700BF90
S214024B905037002008B503460022C3F80220C3F8A7
S214024BA006200B4A1268D1B212F0200F18BF41F04D
S214024BB010011980930700F1020001D4FEF79CFF52
S214024BC0044B1B78023B032B8CBF9320002008BDAE
S214024BD050370020E14F002038B505460C46FDF759
S214024BE0EBFB98B10D4B187878B10D4B1B681A0485
S214024BF00ED57CB113F0420F00D16DB103F44073B1
S214024C00B3F5407F0CBF0020B72038BD9520FCE7E7
S214024C10A820FAE72046F8E7B720F6E7DD4F00209F
S214024C2050370020F0B58DB0044607A80D4616464C
S214024C300CF0DCF91022002103A811F0BEF85CB1DA
S214024C40234603F1100703AC18685968224603C2CC
S214024C500833BB421446F7D1012786EA070303A9A5
S214024C6007A88DF81C708DF81D300CF0FCFB80EA4E
S214024C70070401A8E4B20CF0CFFBB6B101A88DF888
S214024C8006500CF07FFC64B1002303A907A88DF838
S214024C901D300CF0F7FB0C4B1B78432B01D1F7F7BA
S214024CA013FE0A4B1D700DB0F0BD01A88DF807501B
S214024CB00CF068FC002CF6D003A907A88DF81D702E
S214024CC00CF0E0FBEFE700BFE14F0020DC4F0020D6
S214024CD0F0B593B007460DA801250C460CF086F9F0
S214024CE005A90DA8ADF834500CF0E7FB01A80CF0AE
S214024CF093FB09A90DA88DF835509DF806600CF0B7
S214024D00DCFB0DA89DF807500CF046FB70BB731B2E
S214024D10DBB2802B28D91FB1A64225D0A54223D1CB
S214024D2005A90DA80CF0AEFB03A80CF075FB03A8B2
S214024D308DF80F600CF026FC0122294609A8FFF721
S214024D4071FFF7F777FE01214FF4007003F0EAFED9
S214024D50FDF71CFBB0F1004F01D9FDF71DFB044B1C
S214024D6018780AF084FD012013B0F0BD0020FBE79E
S214024D70DC4F002070B50E46144605460320FFF7AA
S214024D807BF946F00402294620460CF0D5FB024B7E
S214024D9000221A6070BD00BF4C370020F0B587B005
S214024DA0078805461022002102A811F006F83B4BA0
S214024DB01B78002B6FD1B80557D407F08403842BD9
S214024DC05CD0374C0FF0F1FF17F4045F276005F153
S214024DD002061CD0BA040AD5304605F081FA00282D
S214024DE04AD1236823F4005343F480732360304689
S214024DF00FF0E8FF00283ED10CF0F4F818B923684B
S214024E0043F480332360236843F020032360226840
S214024E1042F4004112F0400218BF05F12302334665
S214024E2047F2FF102160FEF7F1FD0DF10600FFF7D5
S214024E30A5FE236813F4805FBDF8063022D043F047
S214024E402003ADF80630BDF80600FFF781FE2368A2
S214024E509B0506D595F82210012205F11200FFF7F0
S214024E60E1FE104B0020186006E005F112000FF07C
S214024E70A9FF0028A1D0B22007B0F0BDB907A0D57F
S214024E80B720F9E723F02003ADF80630FDF784FAE1
S214024E90FEF7DCFBD7E77020EEE700BFE14F00200D
S214024EA0503700204C37002008B5054B1B7833B12D
S214024EB0FFF742FEBDE808400248FEF739BE08BDCD
S214024EC0DD4F00205750002010B5154B1B78D3B18C
S214024ED0144B1B78033B012B15D9002010F03FFA28
S214024EE0044698B1027912F0300F0CD10E4B1B78A3
S214024EF04BB1012B02F0CF0206D0991E4B424B411A
S214024F005B011A43227110BD1023FAE7F7F722FA63
S214024F100028F8D021462046BDE8104004F098B993
S214024F20DD4F0020E24F00209315002008B50EF05A
S214024F3053FD054B18B91868C0F3800008BD186801
S214024F40C0F30050FAE700BF503700202DE9F047C3
S214024F50064688B089461046002115469846F6F75A
S214024F60CFF8102807460AD8684B0341DB0706D459
S214024F70C8F340049DB9002008B0BDE8F087644B32
S214024F801C78002CF6D0FFF7D1FF00280CBF4FF498
S214024F90F0744FF4D074FC4004F00104EAE70023F6
S214024FA018F0010F1A4629464FF005000CBF4FF0C5
S214024FB0080A4FF4027A0AF0F7FA0028DBD0C82370
S214024FC00093324600235146284605F069FDADF8A7
S214024FD00E000028CFD018F0080A4AD1A7F10F0217
S214024FE04FF6F773D2B29E428CBF09230123012AE1
S214024FF001D843F04003474A8DF8103013788DF8F5
S2140250001130591C1170002C4FD09DF81030052F0E
S21402501043F020038DF8103033D03F4B1D78002D1F
S2140250205AD04FF6F77300259E424FF00F0248D92A
S214025030012304A90DF10E00F5F7BEFF00289AD150
S214025040002C4DD1BAF10001BDF80E00CDF800904B
S21402505033463A4618BF01210CF02AFCADF80E0082
S214025060002888D018F0040F4DD031460FF0E4F82F
S21402507082E749460DF10E0005F012F90028ADD17F
S21402508079E70121BDF80E00F5F7D4FE0121F6F707
S21402509037F80123834013F0620F1CD11E4B1B7896
S2140250A0E3B14FF6F7731825BEE71B4B1B78254670
S2140250B00222002BBCD04FF6F7739E42B8D8052FBB
S2140250C0B6D0BAF1000FB3D19DF8103043F04003CA
S2140250D08DF81030ACE710250F22A9E71825FBE75C
S2140250E0BAF1000F0AD0009002234A4629460DF173
S2140250F00E00FEF7BDFA0028A4D03CE7CDF800A0CB
S21402510041235246F2E70FF081F835E79FFEFEFF95
S214025110DD4F0020DE4F0020CF4F00202DE9DF4379
S2140251201E46144B0A9C1B689B0780460F469146F8
S2140251301CD4204614B10CF0A3FBC0B2CDE9024049
S2140251400622CDE900890C493B4600200EF079FB89
S214025150024658B1002E4FF000010CBF0123032374
S214025160084604B0BDE8D043FFF7F0BE002004B006
S214025170BDE8D08350370020671D04002DE9F04FAC
S2140251808DB081469DF85C808A461F4693463AB9A2
S21402519003A8FEF7B1FCA8BB00200DB0BDE8F08F57
S2140251A015460022232110460EF070F9ADF80A00CB
S2140251B00028F1D0F5F7B4FD0446052318F0100FC9
S2140251C000F8023B67701FD01122002110F0F5FD97
S2140251D004F11306032F4FF0080236D15946304623
S2140251E010F0D1FDC8F3801306F1090533720CF0F6
S2140251F043FB00283DD000232B706B700123AB705D
S214025200033536E003ADCCE716991022012610F0DE
S214025210BAFD06FA07F313F0620F02D104F1120682
S214025220D8E707A80BF0E2FE05A88DF81C600CF084
S214025230F3F89DF816209DF8173018F0200F08BFD7
S214025240134604F11306A374C4E75146304610F021
S2140252509AFD06F108020123121B00932846BDF8A8
S2140252600A100823D2B20EF05EFA042F06F11005D9
S214025270BDD02D1BE9B20DF10A000EF03BFA002854
S2140252808AD118F0040F0BD0484603F0DDF8FF2849
S2140252901FBF074A32F8103023F4804322F810303A
S2140252A0BDF80A20434651464846FFF74FFE74E7CC
S2140252B04443002070B590B003268DF807600EF0C8
S2140252C08BFB10B9702010B070BDF6F70DF90028F0
S2140252D0F8D002AD2846FEF70FFC0028F2D01C4B91
S2140252E01C6814F00204EDD11A4A40F20F43ADF8DE
S2140252F024301368CDF8263004A85368CDF82A3037
S2140253000BF074FE95E8030005AB83E80300062362
S21402531004A88DF81D308DF81060EBF7A3FA0DF196
S2140253202E0201210DF10700EBF7A0F922461A2101
S21402533009A80EF0ABF8024608B91820C3E7012305
S21402534029462046FFF702FE0028F6D02046BAE796
S21402535050370020575000202DE9F04F99B00646EE
S2140253601F220F4610A8002103930F9110F025FD6F
S214025370304610F055FA01463046F5F7C1FE8DF874
S2140253801B0030460EF04AF89DF81B3045788146E1
S214025390C5F340059806304648BF45F0020510F0B2
S2140253A036FB04463046F5F7D7FC001B5FFA80FA58
S2140253B0002300935346232B28BF2323224631463D
S2140253C00FA80EF0B0F900283ED1AC4B9DF83C80F9
S2140253D01B789DF83DB0002B39D0FFF7A7FD0028BB
S2140253E00CBF4FF4F0734FF4D07323FA08F3D907C7
S2140253F02DD5AA072BD4B8F1080F22D1BBF1040F82
S21402540022D1FAF789FEF8B90DF11B03224631467E
S21402541005200AF0ADF8B8B1A8F10508B8F10D0FED
S21402542012D8DFE818F028009701BE01E401ED016A
S2140254301100110011001100F3018602A102CF0231
S214025440CF02B8F1050F08D019B0BDE8F08FB8F159
S214025450100F05D1039B002BF6D0FAF75DFED3E7BB
S214025460FAF75AFE0028CFD0B8F1050FCCD0B8F123
S214025470110FC9D0E8E7BBF1050FE5D830460DF0AD
S21402548030FF059009F102000DF07FFE814608A864
S214025490FFF774FB9DF83D700123BB4013F06203D7
S2140254A0039305D0BDF820309B0701D5AE07CBD5B8
S2140254B00EF092FA0028C7D0FAF72EFE08B9002D91
S2140254C0C2D00DF13E0A50460FF07CFC039B0490BE
S2140254D043B3032F9DF84EB02BD10DF14F040EF0BF
S2140254E07BFA814500F0BB800026039B002B3BD154
S2140254F02046F6F7DDF94FF6FF739842054604D1CB
S214025500204610F0FCF8A8429ED0049B002B0CBF4D
S21402551004231523CDE900A332463B462146FFF776
S2140255202DFE91E7032FDDF80CB079D10DF14E0474
S214025530D5E7534B1B689C0727D5FF2208210DF1A0
S21402554057000EF0F7F98046F8B9034601460DF10A
S21402555057020220FEF75AFA0EF03EFA81450DF186
S21402556057060DF14F041FD04FF6F7739945BFD972
S2140255700022082120460EF0DDF90028B8D00022CD
S21402558059465046FFF74EFB5EE70DF157060DF102
S2140255904F0430460FF0A3FB002846D00EF01CFA4C
S2140255A08145A2D14FF0000836490822204610F065
S2140255B0DAFB002899D1012F6AD0042F7FF444AF7A
S2140255C00FF0B0FB10B1032D7FF43EAF049B002B0F
S2140255D07FF43AAF324602215046FFF7CBFB2A4B06
S2140255E01B7863B1FFF766FEFEF740FD022806D180
S2140255F00120FEF735FD01210846FEF7A5FB234BE9
S2140256001B78022B20D1032130460AF03FF9FEF721
S2140256102DFD014600287FF417AFFEF795FB13E732
S2140256200DF156060DF14E04B3E7184B1B78432BCB
S2140256307FF40AAF012F7FF407AF0EF0CDF9814554
S2140256407FF453AFB846AFE7412B7FF4FDAE0C4B69
S2140256501B6858057FF5F8AEF8F756FDF4E6032DFD
S2140256607FF4F2AE9DF856100039524618BF01215B
S2140256700DF14E000CF029F9E6E600BFDD4F0020E2
S21402568050370020575000208B500020E14F00205A
S214025690AE4C2378022B21D02378412B3FF4D4AE94
S2140256A0049B33B9FAF738FD594602465046FFF7CF
S2140256B0B9FAFAF731FD00283FF4C6AE0FF032FB16
S2140256C0A34F90B13B681A0502D42378432B0CD122
S2140256D0AB070AD4AC20F7F711FDB5E60FF022FBB4
S2140256E00028D9D0A907D7D4AEE6386810F0020051
S2140256F002D1059903F0ACFD2378112B15D13B6836
S2140257005F0512D50020FEF735FB044600287FF41D
S2140257109BAE0EF0E0FBAE20F7F7F0FC21462046EB
S214025720FEF712FBF7F7F6FC8EE6AC0701D5FFF79D
S21402573003FAB8F1000F8FD00BF054FC18B94FF4EF
S21402574080310FF0A4FA834B002230461A600FF025
S214025750BDFA81E70EF040F900287FF475AE7E4B65
S2140257601B78002B3FF470AEA80704D4784B1B6856
S21402577099013FF569AEBAF10C0F0DF1450094BFE1
S214025780002412AC0DF001FD02469DF847000328E6
S2140257903FF65AAE00940DF13D03394604F022FB63
S2140257A052E66E4908220DF13D0010F0DCFA20B9EF
S2140257B002223946FAF762F946E6694B1B78013B44
S2140257C0012B3FF641AE0DF13D0002F0EBFD4FF628
S2140257D0FF739842044606D10DF13D000FF08FFF8D
S2140257E0A0423FF431AE0021FAF758FA2CE6EA0757
S2140257F07FF52AAE2A460FA9384604F0D1FB23E6E7
S2140258009DF83D100120FFF763FA1DE6544B1B7806
S214025810013B012B3FF618AEEB077FF515AE0DF1F7
S2140258203D0002F0BFFD4FF6FF73984205468046E4
S21402583071D10DF13D000FF062FF40450546074667
S21402584069D10DF13D00F6F773FDB84205463FF407
S214025850FBAD3046F5F780FA0934E4B2071B0022A6
S214025860FFB2394610460DF011FEADF81C000028B6
S2140258703FF4EAAD4FF00109CDF8009000232A4626
S214025880082105F00DF9ADF81E0000283FF4DCAD46
S2140258902146304610F092F84FF0000A8046162253
S2140258A0514609A8CDF820A010F087FA43462246B2
S2140258B03146CDF800A008A80DF035FF4B4642460B
S2140258C008A90DF11E00F5F777FB00287FF4BCADA2
S2140258D0A7EB0807FFB2394607A80DF00BFF2846CC
S2140258E002F0B2FDFF281FBF1E4A32F8103023F422
S2140258F0804322F810304444E4B2BDF81C000097FE
S2140259002346324600210DF048FFBDF81E00294608
S2140259100EF092FC98E5284602F096FDFF28074610
S21402592097D0F6F72DFF002893D0384603F0BEF93D
S2140259308FE70B4B1B78013B012B3FF685AD2A46C2
S2140259400FA93846FCF7C0FA7EE500BFE14F0020FB
S214025950503700204C370020DD4F002057500020E3
S214025960E24F002044430020184B1B78022B20D124
S214025970002F7FF469AD08A8FEF7BEF800283FF4B2
S21402598063AD134B1F709DF83D30002B14BF64248B
S2140259906524FEF76BFB032806D138463946FEF728
S2140259A0D3F93846FEF768FB214608A809F06EFFD1
S2140259B04AE5043B012BDBD938460BF06FFF002883
S2140259C0D6D141E530460BF06BFF3DE5E14F0020B6
S2140259D08B5000202DE9F34105460E4617469846A1
S2140259E00FF0A0F9044640B1CDF8008001233A46F4
S2140259F031462846FFF792FB04460FF093F930B182
S214025A00FFF794FA78B10A4B1B689B010BD4CDF8CA
S214025A10008000233A4631462846FFF77FFB002CDB
S214025A200CBF0446012404F0010002B0BDE8F08178
S214025A305037002070B58AB005A80BF0D7FA0223BB
S214025A408DF81430094B01AA03F1100615461868A2
S214025A505968144603C40833B3422246F7D129468E
S214025A6005A80BF000FD0AB070BD00BF6D1D040056
S214025A70014B1878704700BFD4150020014B1888D8
S214025A80704700BF4C1500202DE9F0434FF6FF7318
S214025A90994285B080460D4604D11E49082210F070
S214025AA062F958B11C4E00274FF6FD79EAF734FC2E
S214025AB0FCB2A04207D84FF6FF7019E005B0BDE869
S214025AC0F0430DF089BF36F814304B4517D86946B7
S214025AD020460FF07BF9082241460DF1050010F032
S214025AE042F94FF6FF7360B99D4204D136F81400AE
S214025AF005B0BDE8F08326F814500FF023F90137FD
S214025B00D4E79D42FBD036F81430AB4208BF26F8E5
S214025B101490F4E757500020284000202DE9FF4754
S214025B20DFF84480DFF844A006460F4600254FF60D
S214025B30FD79EAF7F1FBECB2A04202D804B0BDE868
S214025B40F08738F814304B450CD8694620460FF0DB
S214025B503DF9082231460DF1050010F004F908B9A6
S214025B600AF804700135E4E728400020A34F00201D
S214025B70014B33F81000704728400020F0B50E4F56
S214025B8085B006460025EAF7C7FBECB2A04201D86C
S214025B9005B0F0BD37F81430B3420BD16946204643
S214025BA00FF04BF99DF80030022B1CBF4FF6FD7329
S214025BB027F814300135E6E72840002030B585B0D6
S214025BC00446EAF7A9FBA04219D92046FEF766FF6B
S214025BD00546B0B9694620460FF0F8F89DF8003041
S214025BE02BB1694620468DF800500FF00BF9064B94
S214025BF04FF6FF7223F81420002005B030BD69204E
S214025C00FBE77520F9E700BF284000202DE9F041A8
S214025C100B7805460E461BB9BDE8F041FFF7CEBF2E
S214025C20EAF77AFBA8422ED92846FEF737FF60BB72
S214025C3037464FF6FF7117F8058B3846FFF724FFF5
S214025C400446384600F036FAB8F1000F15D0B8F11F
S214025C50030F15D04FF6FF724FF6FD73944208BF3E
S214025C601C460B4B23F815400A4B3146585528461E
S214025C700FF0C8F80020BDE8F0814FF6FF74F0E799
S214025C804FF6FE74EDE76920F5E77520F3E700BFEF
S214025C9028400020A34F00202DE9FF41114F0D465A
S214025CA00E0A04464FF6FE78EAF736FBA04204D800
S214025CB0FF24204604B0BDE8F08137F8143043458F
S214025CC00CD1694620460FF081F89DF80520EBB20C
S214025CD09A4203D19DF80630B342EAD00134E4B2C8
S214025CE0E2E700BF284000202DE9F04F87B0DFF83A
S214025CF06C909DF840A001900C46174698460025E9
S214025D004FF6FD7BEAF708FBEEB2B04201D8FF265B
S214025D1016E039F816205A451ED802A930460FF06A
S214025D2055F83FB99DF80920424515D19DF80C203B
S214025D30524511D144B939F81620019B9A420BD12B
S214025D40304607B0BDE8F08F08220DF10D0120465F
S214025D5010F009F80028F3D00135D3E728400020D8
S214025D6010B514460FF032F820460349BDE810403D
S214025D70082210F008B800BF575000202DE9FF4750
S214025D80074615460846082224491E460FF0EBFF32
S214025D90044600283FD1DFF888904FF6FF7AEAF7EC
S214025DA0BBFA5FFA84F840450BD885B3384609F04B
S214025DB0ACFC01250C9B18703570012004B0BDE8C0
S214025DC0F08739F8183053451FD0694640460EF022
S214025DD0FDFF7A789DF801309A4216D17A88BDF88E
S214025DE002309A4211D13A799DF804309A420CD187
S214025DF008220DF10501781D0FF0B5FF28B9002D18
S214025E00D7D1404609F095FCD3E70134C7E7FF2017
S214025E1009F08FFCCEE70020D0E700BF57500020E5
S214025E2028400020F0B5164E164F85B00025EAF73A
S214025E3073FAECB2A04201D805B0F0BD694620461E
S214025E400EF0C4FF9DF80030032B06D900236946E6
S214025E5020468DF800300EF0D5FF9DF8002062B186
S214025E604FF6FD734FF6FE71032A08BF0B4626F85F
S214025E70143000233B550135D9E74FF6FF73F6E79A
S214025E8028400020A34F0020F8B50E4B0E4D1B787D
S214025E9003EB43030E4605EB830504464FF6FF77F6
S214025EA0A54202D800242046F8BD2388BB4206D06D
S214025EB008223146A01C0FF056FF0028F3D00C34FF
S214025EC0EEE700BF96150020683F0020044B054809
S214025ED01A7802EB42029200FF210FF06EBF00BF5B
S214025EE096150020683F0020074A127882420AD997
S214025EF000EB4003054A22F823104FF6FF7399423F
S214025F0001D1FEF7FDBD704796150020683F0020C0
S214025F10094A127803469A42084608D90C210222F8
S214025F2011FB03230549082219440FF02CBF002356
S214025F300B604B60704700BF96150020683F00203C
S214025F40054B1B78834281BF0C235843034B185AD8
S214025F5098BF4FF6FF70704796150020683F0020E6
S214025F6038B50446FFF70AFE094B1878094B00229B
S214025F704FF6FD75D1B2884200D838BD33F80C1CF6
S214025F80A14208BF23F80C5C01320C33F2E700BFD3
S214025F9096150020743F002070B505460E4608464A
S214025FA0FFF7DEFF31462846FFF76EFD0648294614
S214025FB0FFF76AFF00B970BD044624F80C6B0EF0BA
S214025FC0C1FE29462046F3E7683F002010B5244963
S214025FD086B0082204460FF0C6FE20B906B0BDE819
S214025FE010400DF0F9BC1F49082220460FF0BBFEF8
S214025FF020B91D4BB3F8680006B010BD002300930D
S214026000012221464FF6FF70FFF76EFEFF2806D0EC
S214026010164B33F810004FF6FB739842ECD903A8E0
S214026020FEF7B8FD58B9BDF80C305B0607D5082256
S21402603021460DF10E000FF096FE0028DCD00C482B
S2140260402146FFF721FF40B100884FF6FB724FF65C
S214026050FF73904288BF1846CEE74FF6FF70CBE735
S21402606057500020823B0020183B0020284000208A
S214026070683F002070B50D4B1D780D4B044600227C
S21402608008464FF6FB76D1B28D4201D8002009E0D1
S2140260901988B14207D8A14205D10822991C0FF0EF
S2140260A072FE012070BD0C330132ECE7961500201B
S2140260B0683F002037B5014605460D48FFF7E4FE67
S2140260C0044630B1807A294603B0BDE830400EF06F
S2140260D0D8BE03460090012229464FF6FF70FFF70E
S2140260E003FEFF2816BF034B2046185CEBE700BFF3
S2140260F0683F0020A34F00202DE9F843164B1B787B
S214026100834207460E4623D9FEF7E2FC044608BB46
S2140261103046F5F7CDFB4FF00C084FF6FF724FF600
S214026120FD73904218BF03460C4D08FB07F230463B
S214026130AB5205EB0209FFF7BDFF89F80A00484695
S2140261400822314602300FF01EFE2046BDE8F883D4
S2140261506A20FBE77620F9E796150020683F0020C4
S21402616038B504460D46FFF7D9FC05482146FFF729
S2140261708BFE00B938BD857221460C30F7E700BFAA
S214026180683F00202DE9F04192F808801F4608F18A
S214026190FF33DBB2EF2B88B005460E4614460BD90A
S2140261A082238DF80E309DF80E30214A314628465D
S2140261B000F07EFB012037E00E22002104A80FF03B
S2140261C0FCFDB4F80930ADF81230E37A8DF8118090
S2140261D003F07F02032A08D0012B24D103238DF873
S2140261E01030A389ADF815300EE0032B14BF02233E
S2140261F001238DF81030E368CDF815302369CDF809
S2140262001930237D8DF81430A7F121014A420DF191
S2140262100E034A41009321460DF10F0304A8FFF72F
S214026220ADFD0028BFD1002008B0BDE8F08100BF58
S2140262309EF203002DE9F04F95B01D7804920024DB
S214026240CDE90201CDE90054414923462246012008
S2140262500DF0F7FAADF81E00F8B1A346264627461B
S2140262600DF120090DF1380AEAF756F85FFA84F8BC
S214026270404516D8BDF81E003A460221F4F754FFF0
S214026280BDF81E0032460421F4F74EFFDDE9031086
S214026290BDF81E30002200F00BFB012015B0BDE851
S2140262A0F08F4A460AA94046FFF75AFD9DF8282075
S2140262B022B12DB1013DEDB20137FFB20134D3E771
S2140262C0BBF1000FF8D199E803009DF829308AE85F
S2140262D003008DF84030BDF82A308DF84130032A8D
S2140262E04FEA13238DF8423016BF032301238DF89D
S2140262F04330DDF8311018BF9DF82C30DDF82D0044
S21402630014BF8DF84C308DF8433011AB03C302989E
S2140263100CBF4FF00E084FF015080EF053FC059018
S214026320BDF81E00F4F718FD059900EB0803994224
S2140263300BDB0123424651460DF11E00F4F73CFEEC
S2140263400028AAD10136F6B2B6E74FF0010BB3E742
S2140263507E1D0400074A00231370074A1370074A7B
S214026360118801B11380064B1A880AB100221A80DE
S214026370704700BF9D5000209C500020C443002060
S214026380C24300202DE9F04F4D4C89B09B4623882E
S21402639005909DF848900F4610465BB952B10DF035
S2140263A0EDF9208047484FF4FA6109B0BDE8F04F96
S2140263B0F4F7E8BEDFF82081B8F80050002D6BD065
S2140263C02846F4F7C9FCDFF81491DFF814A1C0F3ED
S2140263D047042846F4F7A4FC0294B9F80030019367
S2140263E0BAF800300093384905465B460022012081
S2140263F00DF027FAADF81E0018B305EB440B012486
S2140264005D4512D1ECB9BDF81E50D5B12F4B1B78A5
S21402641033BB05982B460022394600F049FA002382
S214026420AAF80030A9F800300BE0012329461A46E4
S2140264300DF11E00F4F7C0FD10F0FF0405F1020591
S214026440DED0234A0023A8F800301378013BDBB2E3
S2140264501370002BA6D109B0BDE8F04FFFF77ABF44
S2140264600DF09BFA01462846F4F74AFE0A218346B7
S2140264702846F4F745FE0646A64202D8FF2CCED1A1
S214026480C7E704F10B01C9B22846F4F739FE834583
S214026490BFD80134E4B2EFE70E4C237823B9F3F702
S2140264A0A5FB08B9012323704A4659460520F5F78D
S2140264B0AFFC0028CFD1207009B0BDE8F08F00BF36
S2140264C0C443002038140020831D04009E50002080
S2140264D09D5000209C500020C243002058430020BC
S2140264E05A43002030B5154D2C8887B09CB92346F8
S2140264F04FF4A07248F2380103A80EF0A6FD21461A
S21402650020460DF0D7FD0E4B0094224603A9FFF756
S21402651039FF07B030BD20460CF080FF04300CF087
S21402652034FE03A9044628880FF082FA002300935B
S2140265302A8803A9204600F047FBEAE7C443002066
S21402654000F8FF0737B50F4C0F4D01A900200DF0DC
S214026550B1FD237801467BB10C4B019A18780DF0F9
S214026560C8FD2078F7F776F9002323702B700848C9
S214026570F4F7A4FE03B030BD2B78002BF7D0FFF75C
S214026580B1FFF4E7A05000209D5000209F5000204D
S2140265903814002008B50548F4F7E8F90448F4F77B
S2140265A0E5F9BDE808400348F4F7E0B9C443002023
S2140265B0C2430020C04300202DE9F04F89B0CDE948
S2140265C005239DF84870139E8946044630B316F894
S2140265D001ABBAF1000F23D00AF1FF34A400E4B2F3
S2140265E0314601200CF0E5FDC00E1BD1DFF844B1A8
S2140265F0314601200CF0DDFD34449BF80050227930
S214026600BDB1002F47D1CDE90277CDE90077424AE6
S21402661005998023484600F04BF93CE08246DFE7C6
S2140266205446DDE71B28ECD9314601200CF0C1FDAB
S214026630E7E7DFF80481FF2A00EA08080BD1E379CE
S214026640A179607901EB0321424689B209B0BDE81F
S214026650F04F0DF04EBD314909688B070AD5FE2A68
S2140266603AD101230135EDB2202D4FEA43030AD178
S214026670FF250AE02946284607920DF01BFD4845ED
S214026680BFD1079AEBE79845ECD1254B1B78FF2B39
S21402669004D0AB4204D009B0BDE8F08FFF2DFAD08B
S2140266A00020F2F77BFCA842F5D029460020F2F73C
S2140266B07BFC0028EFD09BF800306479002BEAD1EF
S2140266C0FFF748FE17484FF41051F4F75BFD164BE0
S2140266D08BF800501C70DEE7052A92D8BAF1010F3B
S2140266E08FD8B8F1000F8CD0002FD4D17379002B3D
S2140266F0D1D00E49098821B90D49082B28BF082395
S2140267000B701292DDE905124346484609B0BDE811
S214026710F04FFFF737BE00BF831D0400503700203E
S214026720D5150020381400209F500020C4430020B6
S2140267309D500020A050002000F8FF07014B188053
S214026740FFF7D0BEC243002037B5174B1B78022B8B
S21402675003D09325284603B030BD0DF10700F7F7A6
S214026760B9F805460028F4D1104B1B78013B012BE3
S21402677001D97025EEE7F4F7B1FE0028F9D0E1F76B
S21402678097F80446F4F7AAFE094B18700B23B4FBDD
S214026790F3F203FB12440A34A4B24FF47A710548AA
S2140267A06143F4F7EFFCD5E7E14F0020E24F00200B
S2140267B0D24F00207C3600202DE9F043384B394F6B
S2140267C01E783D78A5B04FF4F81300240393ADF875
S2140267D01040F7F7F7F8BDF90E30ADF81200A342F5
S2140267E0ADF8144006DB304B1C780134E4B21C7062
S2140267F044F080048DF82C408DF82D60A9460224C2
S2140268004FF00008B14529D3002221460BA83D705F
S2140268108DF82D800CF03AFEE8B1B8F1000F09D0E1
S2140268200023CDE9000303AAFF234FF6FC710620DE
S214026830FBF7D4FFB5422FD2E1F73AF80B23B0FBB1
S214026840F3F202FB13000A3080B24FF47A7141432E
S2140268501648F4F797FC25B0BDE8F08306A948462B
S21402686002F04AFA98B9512C11D804F190030DEBB4
S214026870030206AB03CB0834013508F1010842F8DF
S214026880640C42F8601CE4B2EDB25FFA88F809F1D3
S21402689001095FFA89F9B5E70448F4F70FFDDAE76C
S2140268A0D24F0020D34F0020A25000207C3600207A
S2140268B00CB42DE9FF470CAA0E4652F8041B0392AD
S2140268C0074600297ED1BDF83400ADF80A0000283C
S2140268D000F0918033794FF6F778002B76D1474552
S2140268E08CBF4FF009084FF00808454B1C78FF2C68
S2140268F074D1B6F90230002BA9BF424B347A1C7809
S2140269000134A2BFE4B21C7044F08004DFF80091A8
S21402691022460021F4F708FC99F80020BDF80A3058
S214026920002A5ED00193DFF8ECA0FF230093BAF8AA
S2140269300000334622463946FCF7E6F8002389F87B
S21402694000304FF6FF730546AAF80030742D33D197
S2140269500DF10A033246394640460AF0A7FF0028E0
S2140269604BD04FF6F7739F4226D8B6F9023070889E
S214026970002B21DA2449254B48F20402904214BF28
S214026980894699460DF028F84FF000080346494616
S214026990CDF800808A2201200CF053FF814658B1C0
S2140269A022464146F4F7C0FBCDE90098FF23324663
S2140269B039464046FBF712FF284604B0BDE8F047CA
S2140269C002B0704701200CF019FF7EE700233371F6
S2140269D047458CBF4FF00608984686E7FF221A7096
S2140269E094E7CDE900323946FF2332464046FBF7AC
S2140269F0F5FE0546AAE71825DEE70546DCE700BFF2
S214026A00D7150020A2500020941D0400891D040002
S214026A10A1500020C643002070B588B00024164658
S214026A204FF40033ADF81A100DF10F0204A9054613
S214026A300593ADF81840ADF81C4004948DF80F404D
S214026A400AF00BFF9DF80F300193049B0093044A53
S214026A50334605A92846FFF72BFF08B070BD00BFD6
S214026A608D1D040030B587B04FF48035CDE9001295
S214026A70002403958DF81030BDF82850074A8DF88B
S214026A801140034603A9BDF82C00ADF81250ADF82C
S214026A901440FFF70DFF07B030BD00BF991D04007C
S214026AA02DE9F043B1F1006F8BB014461D4628BFA6
S214026AB039224FF0000336BF38224FF001099946BB
S214026AC0ADF81E20FF2C4FF480020646ADF81C30AF
S214026AD00892ADF824304FEA11471FFA81F80FD119
S214026AE00DF0FCFAB9F1000F19D1154ACDE90205ED
S214026AF0CDE90074434607A93046FFF7D9FE1AE0EF
S214026B00FE2C0AD10DF0EAFA0130C0B20DF000FBFD
S214026B10B9F1000F12D00B4A02E0E8B2F8E70A4ACF
S214026B20CDF80080CDE90305CDE90174012307A95C
S214026B303046FFF7BDFE0BB0BDE8F083034AD5E74B
S214026B40911D0400971D0400901D0400981D04006A
S214026B5010B54FF4981286B04FF08063CDE9032348
S214026B600023ADF814300CF037FF0446F6F72AFF80
S214026B70054B01900093054A234603A94FF6FD7084
S214026B80FFF796FE06B010BD575000209D1D04006C
S214026B9030B587B0CDE9001200248DF81030094ACE
S214026BA08DF8114003464FF4806503A94FF6FD7039
S214026BB00394ADF81250ADF81440FFF779FE07B013
S214026BC030BD00BFA11D04002DE9F04F9BB00E465C
S214026BD005460EA91046CDE90A329DF890700EF0D1
S214026BE08BF9BDF838A080465046F4F7B5F8B6F9EA
S214026BF00230B6F80690B6F802B0002B044604DA65
S214026C00AB4B00221A7000204BE05046F4F7A4F873
S214026C104045F5D3A4EB0804E3B2002F18BF4FF4A7
S214026C20A079152B099328BF15230024013308F1F8
S214026C30FF32DBB2D2B25146009414A80CF073FDB8
S214026C409C499DF8502008684968ADF848406FEAAC
S214026C504B436FEA5343ADF846300FAB03C3ADF870
S214026C604440ADF84A90ADF84C20BBF1000F26D157
S214026C70914908220DF151000FF075F8044698B9B3
S214026C800CF0AAFE06460DF1590A0DF151030A9AB6
S214026C909AF80080012A2DD157B384F0010404F03B
S214026CA001001BB0BDE8F08F0DF1510001F07AFB38
S214026CB04FF6FF74011B4C4206464C41E3E7BBF11C
S214026CC0010F40F09480BDF851600CF085FE8642BC
S214026CD00AD00FA930460EF0F6F980F00104E4B2AD
S214026CE00DF1530A0FABD2E7734B0DF1530ACEE701
S214026CF00A9CD4E797B3002C75D1B8F1010F72D86D
S214026D0037D10CF069FE0CF067FE9AF801706A4BF8
S214026D10064622460021CDE9006102976749012016
S214026D200CF08FFDADF83A0000285CD0002C53D151
S214026D30B8F1010F50D1DFF89CA126469AF8003030
S214026D405FFA84F8434538D9404601F00DFCC20785
S214026D5002D5BFB1013FFFB20134EFE7B8F1010F30
S214026D6005D1002CCDD09AF801708122D2E7002CF2
S214026D70F9D1B8F1010F94BF002201229AF80170EE
S214026D80D201C7E7404601F0DDFA0123ADF8340030
S214026D9002220DA90DF13A00F4F70EF918BBBDF860
S214026DA03A00F3F7D9FF804648460DF00BFF08F18C
S214026DB0010801368045F6B2CEDBB6B1BDF83A0020
S214026DC032460C21F4F7B0F9BDF83A30002211A988
S214026DD02846FFF76DFD06E00C210DF13A000CF097
S214026DE089FC0028F0D001205BE70D21F5E70A9B1D
S214026DF0002B7FF408AF7388342B6DD1099B092BC7
S214026E007FF401AF002F7FF4FEAE9DF959603A463B
S214026E10B41008210DF1510004F020040CF08AFD94
S214026E2030B9254908220DF151000EF09CFF70BBC7
S214026E30234B1B78012B3FF4E6AE022B13D1214BDA
S214026E401B6813F0807F11D11E4B1B685B0201D5B5
S214026E50002E2BDA00231C4A11A92846FFF728FD2C
S214026E601A4B1C70CFE6033B012B06D9C823164AE1
S214026E7011A92846FFF71CFDC5E6154BB3F8683086
S214026E80AB42E1D00F4B1B6813F0805FDBE70DF1DE
S214026E90510001F087FA4FF6FF739842E6D021467A
S214026EA0F8F7FCFE03460028E0D1E0E78D23DEE794
S214026EB09550002088DE030057500020A51D0400D0
S214026EC0E24F0020503700209EF20300D615002025
S214026ED0183B0020A3150020099B04930DF15103D3
S214026EE0CDE90592CDE90283CDE9007A0B9B11AA82
S214026EF03146284600F022F885E600BF024B187895
S214026F0040F08000704700BFA250002038B50A4B00
S214026F101C78054624B10CF05FFDB0FA80F46409D3
S214026F20F8F770FF08B144F04004E9F701FA44EAC2
S214026F304020284038BD00BFDD4F00202DE9F04F2D
S214026F40B7B08346439C0D93BDF804310E93BDF84B
S214026F5014310F9320469DF81831B1F802909DF82F
S214026F6000519DF808611093884692460CF00DF980
S214026F70B9F1110F074600F289800CF02DFDB842D8
S214026F8000F08E80B9F1060F19D14FF6FD739F42BD
S214026F903ED0DDB9BC4B1B78033B012B36D93846B5
S214026FA001F052FAFF2814BF892381230022CDE97B
S214026FB000725146B54A5846FFF77AFC06E02DB9EC
S214026FC0B9F1030F08D8B9F1010F0AD8B04B002265
S214026FD01A7037B0BDE8F08FA9F10403022BF5D87A
S214026FE0D8E7A94B1B78033B012B0DD9384601F095
S214026FF02BFAFF2814BF89238123A64A00975146FD
S2140270005846FFF755FCE1E78023F6E78023CDE7F5
S214027010A14B1B7859074BD40CF0DEFC0027034625
S2140270209A4900973A4601200CF00BFC2379ADF8FA
S2140270306C000F930028CCD006EB43090E98F3F7AA
S2140270408BFE5FFA89F909F105085FFA88F8804530
S214027050BFD241460E98F4F753F8109008EB40085A
S2140270600E98F3F779FE8045B3DADDE90F32134363
S214027070DBB2002B40F03182002DAAD1A846424650
S214027080BDF86C000421F4F74FF878E1824BB9F1B1
S2140270903A0F1B7813D948F23B03994508D016E0FD
S2140270A07D4B1B785A070DD5A9F10403022B09D88C
S2140270B0B8F8063043F48043A8F8063089E7B9F1F9
S2140270C01B0F1ED8A9F102039AB2132A5ED9109B8F
S2140270D002930F9B0D99CDE9005332465B46484614
S2140270E00AF0C8FB0F287FF474AF694B01221A70AE
S2140270F0694B1B789B0740F1D682002D7FF469AF5F
S214027100D6E7A9F11C021E2AE1D801A151F822F005
S21402711031790200CF700200CF7002005175020072
S214027120CF7002002F7602002F760200CF70020088
S214027130CF700200CF700200CF700200CF70020044
S214027140CF700200CF700200CF700200CF70020034
S214027150CF700200CF700200CF700200CF70020024
S214027160CF7002005F7602005F760200CD780200E2
S214027170CF700200CF700200E7780200CF700200E4
S214027180857902009B790200A9790200132B9ED80A
S21402719001A252F823F000BFE9710200B1720200A8
S2140271A0CF720200AD73020019700200CF700200A7
S2140271B0CF700200CF700200CF700200CF700200C4
S2140271C0CF700200CF700200CF700200CF700200B4
S2140271D0CF700200CF700200CF700200E974020086
S2140271E0CF700200617902001BAB0D980093002459
S2140271F01DAB5A4631461D948DF86C400AF02EFBA4
S2140272000CF0EAFB204B1B78012B054603D0022B21
S21402721014BF02240124E9F78BF8162894BF002035
S214027220012044EA4014F6F7CDFB1C4B0646B3F8A1
S2140272300080FBF7C9FA1A4B07464FF6FF70B3F801
S2140272400090FFF763FE174B9DF86C201988124BCF
S2140272501B7813F002031CBF134B1B780B921D9A6C
S2140272600095CDE909324023CDE90701CDE9014376
S214027270CDE90579CDE903680C4A00235146584604
S214027280FFF716FBA5E600BFE24F0020891D0400AB
S21402729095500020941D0400984F0020541500209D
S2140272A0501500204E150020A3500020AB1D0400F0
S2140272B00CF092FBA24BA34A1B88CDE940030023A5
S2140272C05146584637B0BDE8F04FFFF7F1BAA478FA
S2140272D0631EDBB2EF2B1DA9204610D9F22C0ED06E
S2140272E008F0C1FE82240CF077FB0023CDE90003F0
S2140272F0954A234651465846FFF7DAFA69E608F0F9
S214027300B2FE002850D00CF067FB9DF8782004925D
S214027310BDF876200392BDF874209DF87A10CDE968
S21402732001429DF879205200D2B24900C9B2083211
S2140273300A44034600928549002201200CF081FA95
S2140273409DF87930ADF86C008DF8673000283FF470
S21402735040AE002601231A460DF167011BA8F3F77B
S2140273602BFE054600287FF434AE9DF86730EAB25D
S214027370934209D89DF87A308DF8673016B1BDF879
S2140273806C3033E00126E5E73146204608F06DFE14
S2140273900123ADF8680002221AA91BA8F3F70CFE17
S2140273A001350028E1D014E683249CE70CF014FB98
S2140273B0044608F07DFE6449009023460022012020
S2140273C00CF03FFA00283FF404AE0025ADF8740036
S2140273D02C4608F06DFEEEB2B0420DD8BDF8740031
S2140273E022460421F3F7A0FEBDF87430002251466F
S2140273F05846FFF75DFAECE5304608F032FEFF2805
S2140274008DF86C000AD0012301341A461BA91DA868
S214027410E4B2F3F7D1FD00287FF4DBAD0135D8E7FF
S2140274201846B4F8029008F01CFEFF288DF8680093
S21402743000F0D1821DA908F016FEBDF874304B4547
S21402744007D04FF6FF72914540F0C5821B0400F14B
S214027450C2829DF879301293731DDBB213930F9B91
S2140274601493002311934FF00009CDF834900EE0E8
S214027470139B0E9803EB4101C9B20CF0A1F900234D
S21402748015901299DAB28A4218D309F10109149BAF
S2140274905FFA89F19942EBD39DF87A301293169BE4
S2140274A013930D9B002B40F08982119B002B40F01A
S2140274B0928201231193109B1493D4E711999DF89D
S2140274C06800179308F0D1FD0D9B159A824208BFFB
S2140274D001230D93179B0133D3E709F106095FFADF
S2140274E089F3B846169377E2A61C31463846A57A43
S2140274F009F04CFD012231463846FAF72BFC384695
S2140275000DF035FF304600F04DFF2288824207D04C
S2140275104FF6FF72904203D000F096FF0DF068FE21
S21402752085F00804C4F3C00421463046FEF718FE70
S2140275302146304637B0BDE8F04F0AF0C8B900BF62
S21402754052150020B81D0400891D0400BC1D04004D
S214027550AD4B1B78033B012B7FF63BAD0CF03CFAA0
S21402756058453FF436ADE0F7A3F90B23B0FBF3F230
S21402757002FB13000A3080B24FF47A714143A348EB
S214027580F3F700FEF3F7AAFF00283FF422AD01232B
S2140275909F4994F80090002218460CF052F9ADF874
S2140275A0680000283FF415AD00270136F2B23D46CA
S2140275B03C460DF16C083E46FBB2994514D8002CA9
S2140275C03FF407AD01232A461DA91AA8F3F7F4FCD7
S2140275D000287FF4FEACBDF8680022460221F3F7CD
S2140275E0A3FDBDF8683001E70E99009608234046D1
S2140275F00D920CF098F84146002000F0F5FEFF28A8
S2140276000D9A0FD0834B1B5C0F2B0BD905F1D803B9
S21402761098E803006B44643B83E8030008350134B2
S214027620EDB2E4B202F108030137DAB2C4E7002D84
S2140276307FF4CFAC18073FF53BAD4B46224651468A
S2140276405846FEF79FFD00287FF4C3AC8423724A97
S2140276505146584637B0BDE8F04FFFF729B92378B0
S2140276600F9810930DF0AEFA00210646584603F026
S21402767095FF654B1B78B9F1310F0746A3F103035B
S2140276800BD1012B13D9654B654A1B78127813442C
S214027690DBB20D9316230E930DE0012B03D9614B3B
S2140276A01B780D9353BB002D7FF493ACCEE70123DA
S2140276B01621CDE90D310024109B00935A490194FE
S2140276C02346224601200CF0BCF800283FF481AC89
S2140276D0F61BF3B2554FDFF860811193ADF86C00DC
S2140276E00F9426460D9BE5B2AB4209D83246BDF84A
S2140276F06C000221F3F718FD0F9AC1E40523CAE7CE
S214027700162200211DA80EF058FBB9F1320F3DD10A
S2140277103B7903F00302032A21D18DF87620109BD1
S2140277200136F6B2B34215D2BDF86C00F3F714FB7D
S2140277300E9B1844119B98420CDC0E9A01231DA93D
S2140277401BA8F3F739FC00287FF443AC0F9B0133E8
S214027750DBB20F930134083708F11208C2E7B97991
S2140277600029DCD13249C3F3C2031DA8CB5C398899
S214027770012A08BF43F001038DF876300BF007FDAF
S21402778079880DF177000BF002FDC8E71DA80CF012
S214027790FDFB4FF0FF33CDE91F33204B1B78AB4286
S2140277A062D998F804306F2BD4D81FA92846F5F76B
S2140277B09BF80028CED01F4BB8F80020B3F86830EC
S2140277C092B9003B18BF01235B0143F004038DF816
S2140277D0863002238DF88730B8F802301B0A8DF8FF
S2140277E08930114621A8CEE79B1A18BF01235B01F8
S2140277F043F005038DF8863002238DF887300F2379
S2140278008DF88830E8E700BFE24F00207C36002083
S214027810801D04009C4F00209EF20300DB4F0020D8
S214027820DA4F0020A11500207E1D0400AE42002083
S214027830C81D0400183B0020344100200132D2B299
S214027840551EEDB228461393129200F08DFE10F0EC
S214027850010FDDE91223F1D066490978611A9942CF
S21402786005D00133DBB2E9E701220023E8E7624BE9
S214027870187828441FA9C0B2F5F736F800283FF456
S21402788069AF284600F05EFD1290284600F06CFEB6
S21402789010F0010F129A0FD116238DF88630574B2F
S2140278A01B780133DBB20F2B28BF0F238DF88830ED
S2140278B0534B33F8153091E72846129200F054FEE7
S2140278C010F0020F129AE7D11223E6E71A073FF5E5
S2140278D0EFAB0F9823465A465146FEF7ABFC0028FC
S2140278E07FF477ABDFE695B1464B1B78033B012B63
S2140278F07FF66FAB0CF070F818B9BBF1000F7FF48F
S21402790068AB207837B0BDE8F04FF5F7E1BE0CF073
S21402791063F820B13B4B1B78033B012B01D8802335
S21402792095E6394A2B4651465846FEF7C1FFE8E728
S2140279300CF052F8B8427FF44CAB344D082229467C
S214027940A01C0EF010FA00287FF443AB0CF044F8AB
S21402795004460CF041F82E4ACDE940052346AFE432
S21402796020460BF012FCFFF7D1FA00283FF431ABA9
S214027970284A409000235146584637B0BDE8F04F9B
S214027980FEF796BFCDE940540D9B5246594600205D
S21402799037B0BDE8F04FFEF70FBECDE940540D9B61
S2140279A0524659460120F3E70D9A40942B4651461B
S2140279B0584637B0BDE8F04F09F08CBF01231A468F
S2140279C01AA91BA8F3F7F8FA00287FF402AB08F10D
S2140279D001085FFA88F80137FBB20D9308F068FBDE
S2140279E00D9B98423FF61CADB8F1000F3FF444AB36
S2140279F0FFF745BBDB4F00209C1500208A50002075
S214027A0036430020E24F00209EF20300575000202B
S214027A10C41D0400941D040073B506460C461546A4
S214027A200DF0F5FF0DF10602014630460DF085FE1B
S214027A300C4E034680B9012232702288BDF8061029
S214027A4022B10246072007F093FD28B1BDF80620B2
S214027A502146284607F039FD034A00231360337097
S214027A6002B070BDA5500020103C0020024B1B78CF
S214027A7003700020704700BF86500020024B93F927
S214027A80003003700020704785500020044B1B789E
S214027A9013B1044B188870474FF6FF70704700BF4B
S214027AA0A5500020D443002008B5064B1B783BB1F6
S214027AB0054B196821B108220EF065F9002008BDB1
S214027AC07020FCE7A5500020103C002073B5ADF8EE
S214027AD006000DF106000BF0EBFC014608B102B001
S214027AE070BD0DF106000BF05AFD0446F3F718F9C7
S214027AF0C67A002EEDD120460DF0F6FAFF28E8D021
S214027B0000F01AFD054BD3F88850002DE1D033461D
S214027B10224641213046A847DBE700BF183B00203B
S214027B2073B5002200210C2000F068FD1948194E9A
S214027B3000210BF0C2FC0125044684B120460DF05C
S214027B40D3FAFF2805D1214630460BF00CFD044639
S214027B50F3E700950422002300F024FDF3E7214614
S214027B600D480D4E0BF0A9FC012504460CB902B0D7
S214027B7070BD20460DF0B8FAFF2804D00095082202
S214027B80002300F00FFD214630460BF0ECFC0446C5
S214027B90ECE700BFD8430020DA4300202DE9F84F77
S214027BA010460E46174699460BF046FB254A264BCC
S214027BB0DFF898B0B0F5006F14BF904698460021E3
S214027BC040460BF07AFC4FF0000A04460CB9BDE8BA
S214027BD0F88FBC4228D12046F3F7A2F8857A80F8BF
S214027BE00BA0013DEDB2857216B13F2E00D02DBB23
S214027BF005F0C3FE054620460BF01EFBB0F5006FEF
S214027C004FF00002214615D10F480BF0E7FCFFF7B4
S214027C1087FF284605F0B7FEDBF8885025B14B46AD
S214027C203A4631460020A847214640460BF09BFCC8
S214027C300446CBE703480BF0D1FCEAE7FFF770FFF8
S214027C40F2E700BFDA430020D8430020183B0020AA
S214027C502DE9F34700232A4CDFF8A890ADF806304A
S214027C6006460F464FF6FF7820460BF021FC0546E7
S214027C7048B9294620460BF020FC8246F3F750F816
S214027C800389B34217D94C4501D1FFF749FF0021BA
S214027C9020460BF012FC07F1FF3A05465FFA8AFA15
S214027CA0D5B94C4516D1BDF80600FFF70FFF404682
S214027CB002B0BDE8F0877B1EDBB2FD2BD4D9294685
S214027CC020460BF06CFC2A4651460DF106000BF0DE
S214027CD0FAFBC9E74C46C7E7BAF1FD0F09D92846B1
S214027CE0F3F71EF803899B1B9BB29845038128BFB6
S214027CF09846294620460BF036FC0546D0E700BFDC
S214027D00DA430020D843002008B507F071F90B4A81
S214027D1013881080C31AFF2198B2FFF799FF4FF617
S214027D20FF7301469942064803D1BDE80840F3F7BF
S214027D30C5BABDE80840F3F725BA00BFDC43002009
S214027D4058140020174B2DE9F0410028164D18BF95
S214027D501D460F4628464FF000010CBF4FF008089C
S214027D604FF002080BF0A9FB044610B92046BDE806
S214027D70F0812046F2F7D4FFC37A064623B12146A5
S214027D8028460BF0F0FBEFE720460BF084FA42465B
S214027D90014638460DF0E7FF0028F0D1B378002BF5
S214027DA0EDD1E3E7D8430020DA430020014B186008
S214027DB0704700BF143C002010B504460548F3F790
S214027DC07DFA054A00231380044A1380044B1C8064
S214027DD010BD00BF58140020DA430020D84300200C
S214027DE0D643002008B50448F2F7C0FDBDE80840B7
S214027DF00248F2F7BBBD00BFDA430020D84300209A
S214027E002DE9F3410446884607F0F2F8324B07465E
S214027E1020461E880DF068F9054620460BF00CFA3F
S214027E20B0F5006F32D1FF2D06D001230093042255
S214027E300023284600F0B6FBB8F1000F1DD105F06E
S214027E409CFD0546254821460BF05BFB284605F0BF
S214027E509AFD23480BF028FD224BA8B31988711A05
S214027E6017FA81F086B22046F2F75AFF03230681FC
S214027E708372002002B0BDE8F08105F07EFD054663
S214027E801648002221460BF01EFBDFE716480BF0D1
S214027E9074FB04281ED8FF2D06D001230093082267
S214027EA00023284600F07EFBB8F1000F05D105F04E
S214027EB064FD214605460C48C6E705F05EFD002235
S214027EC0054621460848DEE705481F803146F3F797
S214027ED059F9C8E71C20CDE7D6430020D843002036
S214027EE058140020DC430020DA4300202DE9FF4727
S214027EF008460C460BF085F900F4805820460BF035
S214027F0006FA054620460BF0D9F9B0F5404F1BD1CC
S214027F10B8F1000F14D029460020FFF713FF0546DC
S214027F2070B1F2F7FDFE414A8178009200230446C2
S214027F3001932A461846F2F799F808B90123E37224
S214027F40012004B0BDE8F08728460BF01EF98146F2
S214027F5000F07AFAFF28074637D035490125A0F106
S214027F602006C0F1200325FA03F305FA06F61E439F
S214027F70D1E9002385402A433343C1E9002300F0B8
S214027F809BFA044638B1384600F0EEFA10F00C0FB1
S214027F9014BF01240024B8F1000FD1D04FF0000A1C
S214027FA003A90120ADF80C90FFF7CCFE8146F2F74C
S214027FB0B7FE8046B9F1000F1ED1BAF1000F14D1F8
S214027FC0FF2FBDD0002CBBD128E01A4B1B684BB14B
S214027FD048469847044628B1B8F1000FB0D00025AD
S214027FE02E46DBE7B8F1000F01D10020A9E70025F5
S214027FF001242E46A246D3E774B10C4A8178009239
S214028000002301934A461846F2F730F8002897D123
S214028010012388F80B3093E7FF2F91D0064BD3E964
S214028020001229433243C3E9001289E79D7B02000E
S21402803090190020143C00208819002038B5044608
S2140280400BF0FAF8054620460BF025F9A5F5006375
S2140280500446014658425841FFF774FEB0B9B5F5DA
S214028060006F01D0002038BD20460BF08EF800F0DD
S214028070EBF9FF28F6D0064B00B21B6833F8100067
S21402808000F4E260003818BF0120ECE70120EAE7BE
S214028090183C00202DE9F7434FF000090746ADF8DB
S2140280A0049000F061FA10F00C0F29D0164D4FF034
S2140280B002082B88ADF80630A5F800900DF10600F0
S2140280C00BF0F6F9044630B1B8F1010F14D00F4D9B
S2140280D04FF00108EDE721460DF106000BF05FFABE
S2140280E006460DF001F8B842224631460CBF01A8FA
S2140280F028460BF0E8F9E1E7BDF80400FFF7E6FCD6
S21402810003B0BDE8F08300BFDA430020D843002066
S2140281102DE9F04FDFF82081D8E90032134385B00D
S2140281207CD105B0BDE8F08F02EA040103EA07003D
S214028130014327D022EA040223EA0703C8E9002300
S214028140DAE9002302EA040503EA070C55EA0C05FD
S2140281506FEA04006FEA070124D1304600F004FA01
S214028160C2070FD5304600F0E7F9DBF89C30002B4B
S21402817045D11D46304600F0E5F8DBF884300BB1F9
S2140281802946984724197F4109F10109284B1B7893
S2140281905FFA89F6B342C4D9D8E9002352EA03014A
S2140281A0C2D1BEE702400B403046CAE9002300F0C7
S2140281B0DBF9C307E6D51F4B1B6833F8163003F40A
S2140281C08873102B304610D000F0B6F9DBF89C30DE
S2140281D013BB1D460123009310220023304600F0F5
S2140281E0E1F90020F1F7B4FEC4E700F0A5F9DBF8E8
S2140281F09C300125002BBDD00395012202E000250C
S21402820003952A460392002130469847039A002A8D
S214028210B0D0002DAED1DDE70025EDE74FF0000926
S214028220DFF818A0DFF818B001244F46AEE700BF0B
S214028230D8150020183C002090190020881900202C
S214028240183B0020F8B50346084613B309B3402A84
S2140282501FD811490B601149086011490A700021A4
S2140282600433002600270C464FF0FF358A4205DC11
S214028270520000210DF0A1FD0020F8BDC3E90367FE
S21402828003F8044C23F8024C1D605D60013118337C
S214028290ECE72120F1E700BF1C3C0020183C002040
S2140282A0D8150020F0B5144C2568DDE90567EDB158
S2140282B0F0B91248007888421AD901EB41014FEA18
S2140282C0C10C05EBC10415F8311011B92169C907B3
S2140282D010D4002005F80C0062801A68626046F02E
S2140282E001065A68A260C4E90467F0BD0220FCE7F2
S2140282F02120FAE72E20F8E71C3C0020D8150020A3
S2140283000E4B1A6830B5A2B10D4B1B78834212D9B8
S21402831000EB4000C10002EBC00300240020002551
S214028320C3E9044550544FF0FF3258805A609A60B1
S21402833030BD0220FCE72120FAE700BF1C3C0020EB
S214028340D8150020094B1B6863B1094A127882428D
S21402835008D900EB400003EBC0031A69D20701D527
S214028360588870474FF6FF70704700BF1C3C0020CD
S214028370D8150020094A0346106870B1084A1278D8
S2140283809A4209D903EB430300EBC303186910F0C2
S214028390010002D0181D7047002070471C3C0020C8
S2140283A0D8150020F8B50E4B1C68054634B128B126
S2140283B00C4B1F780026F3B29F4202D84FF6FF708E
S2140283C009E008222946201D0DF0CDFC20B92369BC
S2140283D0DB0701D56088F8BD01361834EBE700BF2D
S2140283E01C3C0020D8150020F8B5154B1D68044625
S2140283F00E46E5B1134B1F78874218D900EB4003AF
S21402840005EBC30526B92B69DA0712D42046F8BD58
S21402841008223146281D0DF0A6FC50B92B69DB0751
S214028420F4D40134E4B2A74205F11805F0D1FF24D2
S214028430ECE70134E4B2A74205F11805E2D1F6E70B
S2140284401C3C0020D81500200A4B1B6830B501469C
S2140284502BB1094A14780022D0B2844201D8FF20F8
S21402846030BD5D888D4202D11D69ED07F8D4013218
S2140284701833F1E71C3C0020D81500200C4B1B6873
S2140284809BB14FF6F77291420DD80A4A1278824291
S21402849009D900EB400003EBC0031A69D20704D5E2
S2140284A0598000207047212070470220704700BF85
S2140284B01C3C0020D81500200F4A03461068D0B195
S2140284C00E4A12789A4215D919B203EB430300EB0F
S2140284D0C300036913F001000DD0094A126832F88E
S2140284E0112002F4E2622AB913F00C0F14BF012025
S2140284F000207047012070471C3C0020D815002041
S214028500183C00200A4A0346106878B1094A1278D5
S2140285109A420AD903EB430300EBC300036913F044
S214028520010003D0C3F3001070470020704700BF5D
S2140285301C3C0020D8150020094B1B686BB1094A69
S2140285401278824209D900EB4000C20003EBC00059
S2140285500169C90701D5985C7047FF20704700BFC4
S2140285601C3C0020D81500200C4A0346106890B127
S2140285700B4A12789A420DD903EB430300EBC30071
S214028580D0E9043213F001004FF0000104D018467F
S2140285901146704700200146704700BF1C3C002071
S2140285A0D815002070B51C46124B9DF8106019684D
S2140285B0D1B1114B1B78834218D900EB4000551EEF
S2140285C001EBC0012543D1E9040301D0C5070FD54D
S2140285D02EB110432343C1E90403002070BD20EAF4
S2140285E0020023EA0403F6E70220F7E72120F5E774
S2140285F02D20F3E71C3C0020D8150020134B1B68E7
S214028600F0B503B3124C277800266FEA000C6FEA27
S214028610010EF4B2A74201D80020F0BDD3E904450A
S21402862014F0010F07D014F0020F04D132B1044344
S2140286300D43C3E9044501361833EAE70CEA04049D
S2140286400EEA0505F5E70220E7E700BF1C3C00201E
S214028650D81500200B4B1B6870B52BB10A4A16784A
S2140286600024E2B2964201D8002070BDD3E9042568
S21402867002400D402A4304F1010403F11803F0D02E
S2140286800120F2E71C3C0020D81500202DE9F04717
S2140286900026174DDFF85C80B246FF2798F80030B8
S2140286A05FFA86F94B4502D83846BDE8F0872B7943
S2140286B02F2B0FD928460BF05EFB2B796C7903F033
S2140286C0070304F0030483422CBFE4182418E4B220
S2140286D0A24506D95446B94612350136A2464F4639
S2140286E0DCE7288801F09EF80028F3D1F4E700BF03
S2140286F034410020DB4F00202DE9F04F89B082463E
S2140287000AF0EFFD029050460DF08AF8411C05462D
S214028710C9B25046F2F7F4FC00F01F00023500EB37
S21402872040000026EAB27F4F50FA85F5EDB2344695
S214028730B346B146B046AA4276D97B4E3378002B72
S2140287406FD0A400B4FBF3F4E4B2042C029808BF82
S2140287500324F3F7FFFD054600283FD1FFF796FFF7
S214028760FF285ED0714B049005B218786D4F0BF05F
S214028770E9FA05EBC50580452CBF04EB0801211874
S214028780B8F1000F14BF0123022307EB450553FA85
S21402879081F3284603930BF0EEFA95F804C06B7942
S2140287A0039A0CF0070103F0030388422CBF1B1840
S2140287B05B18DBB29A4234DA049AB8F1000F04D19D
S2140287C019B13378033B5B452BDC029910460BF05C
S2140287D07AFA05B205EBC50507EB45052B791E09A6
S2140287E0B8F1000F7ED0414628460BF0EEFA032180
S2140287F028460BF0F0FAB9F1000F09D1002E40F02E
S2140288008480DFF755F8C0F30B014948F2F7BAFC4B
S2140288106B7923F003031C446C7150460AF0F6FC95
S214028820A87309B0BDE8F08F4ED0424B03921B8866
S214028830ADF81C304FF000038DF81E300023009375
S2140288405146032307A80AF06EFF9DF81E30BDF8B6
S2140288501C10039A03921B0918BF09F10109CDE9FE
S214028860041318BF5FFA89F90BF0B6F80499039A55
S214028870059B884203D19DF81E8008F00F082E48FB
S21402888090F800C014E017F80E0C10F0070003D0A2
S2140288900BF1010B5FFA8BFBAA4207D037F812ECFA
S2140288A08E4503D113B108B10134E4B20136F6B2F3
S2140288B0AA4207F112070BD1B4450FD917F80E0CCE
S2140288C010F00700E4D1F1E700234FF6FF71D6E778
S2140288D037F8120C884201D8B445D4D80332123F76
S2140288E0D2B228E7022E14D95B0707D041462846A3
S2140288F00BF071FAB9F1000F83D089E703212846FD
S2140289000BF069FAB9F1000F82D1062E3FF679AF65
S2140289107EE7314628460BF05EFA59EA06063FF431
S21402892070AF75E7344100209C1500208650002069
S214028930BC360020D01D0400DB4F00202DE9F0439A
S21402894085B0082300248DF80830CDE90044064699
S214028950022302AA01214FF6FC700CF03DFFADF88F
S2140289600A00E0B1DFF8A080DFF8A090274699F869
S2140289700020E3B29A4225D8BDF80A4020460CF001
S2140289804FFF411C47F06002C9B22046F2F7CCFB0B
S2140289900023BDF80A001A461946F4F771FADEF704
S2140289A087FF184AC0F30B01137801F55A510131BB
S2140289B013B1013B89081370304605B0BDE8F04399
S2140289C0F2F7E0BB18F80E5C6F2D17D840462D0163
S2140289D030F8123DADF80C300BF0CDF905F070050D
S2140289E028448DF80E000123032203A90DF10A0084
S2140289F0F2F7E2FA0028D2D10137FFB2013408F1C9
S214028A001208B4E7D74F002046410020DB4F002073
S214028A1010B5054C2046F2F751FC20460021BDE871
S214028A201040F2F7AFBB00BFBC3600202DE9F04382
S214028A30284D294FDFF8B080DFF8B09087B0F6F700
S214028A4005FC2A7824492548FFF7FCFB2A782448A7
S214028A5009210DF0B2F900262B78F4B2A34202D80F
S214028A6007B0BDE8F0830B232246182103A806F0C0
S214028A70F3FABDF814209DF81630511E89B24FF64F
S214028A80F670814216D8C3F3C003DB184FF000001D
S214028A9040EB0001CDE9003103AB2146FFF702FCB3
S214028AA00028DDD14FF4805327F8143048F824000C
S214028AB029F81400012322461B210DF10A0006F0B4
S214028AC0CBFA074BBDF80A201A55064B80221A55D8
S214028AD00136C1E7A315002044430020F816002003
S214028AE09C4F0020C84F0020E0350020364300206F
S214028AF010B50A4B1C78FFF7A7FCFF280DD0084AD2
S214028B00012C32F8101038BF0124230219B101EBF0
S214028B101313A3EB111322F8103010BD8650002059
S214028B20364300202DE9F0470025DFF84C90DFF8A9
S214028B304C8006460F46AA4699F80030ECB2A3428D
S214028B4002D85046BDE8F0872046FFF70DFDC20763
S214028B500CD52046FFF708FD830707D438F81430F3
S214028B6037B1334328F814304FF0010A0135E3E7F2
S214028B7023EA0603F6E700BFA315002044430020BD
S214028B8010B5094B094A1C780023D9B28C4201D889
S214028B90002010BD32F8021B30EA010103F1010386
S214028BA0F3D10120F5E700BFA315002044430020BF
S214028BB0F0B50C4687B04FF6F7718A429DF83060E2
S214028BC086461D4602D9002007B0F0BD59681868CF
S214028BD00DF10C0CACE803002A49ADF81420097814
S214028BE0A142F0D98DF81660B610002106F00206F2
S214028BF00191009621467046FFF754FB0028E2D109
S214028C00214B224A43F824009DF83830204E1B029E
S214028C1022F814304FF4A04326F8143003AA0B238C
S214028C202146182006F021FA9DF83430194A13F02E
S214028C30040F1BBF01231355174B36F8143007BF1A
S214028C401B78135543F0080326F8143022440123F8
S214028C5021461B2006F009FA104B114A1B782344C2
S214028C60002142F823102846E7F7ACFC0D4B1855B6
S214028C70284608F0AAF90C4A13780133137001202B
S214028C80A2E700BFA3150020E035002036430020EF
S214028C90444300209C4F00208C1500209C15002089
S214028CA00C350020C84F0020DA4F0020054B1B78F9
S214028CB0834206D9044B054A1B780344002142F836
S214028CC023107047A31500209C1500200C350020A9
S214028CD0074B084A18780023D9B2884200D8704752
S214028CE0118821F4805122F8021B0133F4E700BFF9
S214028CF0A31500204443002030B585B004460D4637
S214028D00E7F710FBA04202D8932005B030BD2046FC
S214028D10FFF72AFCC007F7D50B232246182101A825
S214028D2006F09AF901AB03CB9DF80E206960910715
S214028D30286030D412F0080F0CBF042303232B72D2
S214028D402046FFF7FFFA154B68811B5D6B732046C2
S214028D50FFF7F2FB124A2873135D03F00F03AB739F
S214028D60135D13F00F031FBF03F1FF32022393407C
S214028D703C2218BF53430B4A08BF0A2352F824204A
S214028D804FF47A71B2FBF1F29A4234BF9B1A002377
S214028D902B610020B9E70223D1E700BFC84F0020AD
S214028DA09C4F0020E0350020F8B51F4E33788342F2
S214028DB0044637D0FFF7C6FA4FF6FF77B84231D0EF
S214028DC020463470FFF766F92046FFF7BBFA0546E1
S214028DD00AF002FE012301461A4628460CF007FF57
S214028DE02046FFF78DFA0546E0B9104A1378013B94
S214028DF01370F4F7EFFB294620460CF0D9F90C4B1A
S214028E0023F814500B4B80221A550B4B204623F89E
S214028E1014500CF02FFC2A463946112008F069F847
S214028E20FF233370F8BD00BFD9150020DA4F0020AB
S214028E3044430020C84F0020364300202DE9F04F5F
S214028E408BB01F469DF850B09DF85430059382466D
S214028E500E4615464FF000084E4B1B785FFA88F414
S214028E60A34207D84FF6F7739D421AD817F00208A6
S214028E703ED018E02046FFF765FA0B2381462246CD
S214028E80182107A806F0E8F84FF6FF737EB9994551
S214028E9016D19DF826304FF6F772954203F0EF038F
S214028EA011D94FF6FF7528460BB0BDE8F08F9945ED
S214028EB006D0082207A930460CF055FF0028E8D055
S214028EC008F10108C8E79F4207F002092DD0F3F720
S214028ED057FC00285BD1304B304A1B7853FA88F394
S214028EE012F8238020460CF083F9B9F1000FDAD18C
S214028EF0E7F718FA2A4B1B788342D2D0002108469D
S214028F00FFF772FAFF280446CBD0059B0097CDE9FF
S214028F1001B3014633462A465046FFF749FE00286B
S214028F20BFD0F4F757FBC14612E02046FFF70AFA15
S214028F30A842CCD1B9F1000FB5D13046E7F742FBD3
S214028F405FFA88F8174B03F80800304608F03DF839
S214028F50594620460CF005F92046FFF7F3F9054678
S214028F600AF03AFD00230146012228460CF03FFE95
S214028F70F3F706FC28B9084B084A1B78234442F844
S214028F80239020460BB0BDE8F04FFFF7DBB94FF059
S214028F900008A7E7A31500209C1500200C3500202A
S214028FA0DA4F0020C84F0020F8B5114F00263C7853
S214028FB0F5B2AC420FD800250E4B0F481D70640068
S214028FC0224629460CF0F9FE224629460B48BDE801
S214028FD0F8400CF0F2BE2846FFF75CF8002128465F
S214028FE00CF0E6F82846FFF78BF90136DFE700BFFC
S214028FF0A3150020DA4F0020444300203643002009
S214029000024B03481A7880210CF0D7BEA315002025
S214029010C84F002038B5FFF717FAFF28044614D0C9
S2140290200A4D35F810301B070FD5094B094A1B7835
S21402903013540146012302441B2006F016F835F8A5
S214029040143023F0080325F8143038BD44430020BA
S2140290508C1500209C4F00202DE9F04F784B1B7892
S214029060022B8BB005468A46174604D000263046A9
S2140290700BB0BDE8F08F0CF061F806460028F5D17B
S2140290804FF6F9739D4263D04FF6F8739D4277D040
S2140290902B0A0DF11E0128468DF81C308DF81B5048
S2140290A0F2F722FC0028834615BFB0464FF0200890
S2140290B006230E2318BFB3460222294638460393D8
S2140290C000F0ECFC039B04460122002840F0B58029
S2140290D0DFF878918DF8182099F800208DF81A207C
S2140290E0CDE900008DF81D00514606AA4FF6FC7029
S2140290F08DF819800CF070FB82460028B6D00AF074
S2140291006BFCB8420FD050460AF088F93946043054
S2140291100AF03DF804A938460BF0D5FF70B104A951
S21402912050460CF0E8FB474B1B78033B012B2BD831
S2140291304FF6FF7150460BF07FF8064699F800305E
S214029140FF2B1ABF0133DBB2012389F800308EE70A
S2140291504FF008084FF0200B3A4B1B78033B012BCD
S21402916084D90AF039FCB84280D10AF035FCFC23D7
S2140291708DF81B30FF238DF81C30054606239BE72F
S2140291804FF01008C346E7E70CF0FAF880460028CE
S214029190D4D00AF021FCA84202D12B4B1B7843B153
S2140291A008F107025946284600F0A4FC04460028A7
S2140291B0C4D0002350461A460321F3F761FE8246C6
S2140291C020B399F8003088F804300023A8F800701D
S2140291D088F8053088F808300AF0FEFBA84202D16B
S2140291E0194B1B7853B10AF0F7FBB84206D12CB1E3
S2140291F0237923F0030343F00103237100224FF681
S214029200FF710C2007F075FE564697E7002C95D0A6
S214029210237903F00303012B90D10AF0DDFBA84269
S21402922003D1094B1B78002B88D0237943F0030324
S21402923023714FF6FF73238080E7164617E700BFB9
S214029240E14F0020E24F0020DA150020A650002051
S21402925013B50D4B1B78033B012B0C4610D90B4B59
S2140292601B78012B0ED09A1E5342534159010DF121
S214029270070200F03FFC18B1448000210CF067F8AA
S21402928002B010BD1021F2E7E24F00209315002035
S2140292902DE9F0438BB0857AB0F8069004460E4668
S2140292A017460AF099FB814505F04005804642D1F3
S2140292B0608800210AF074FD0246002E45D108237C
S2140292C004A9C14501EB03060CBF244902A908689C
S2140292D0496803C6AAB302218DF81010217A8DF8C8
S2140292E01210A1888DF813108DF81720090A012292
S2140292F000268DF81410E1888DF81510CDE90026A9
S214029300090A45F020058DF8161060888DF8115070
S214029310083304AA31460CF05FFA054688B1618824
S21402932009F0B3FF79003346324601F0FE012846C3
S214029330F3F7A6FD06E0E08802A90BF0C4FE0028BB
S214029340B6D100200BB0BDE8F0833068716806AB7A
S21402935003C345F010051023B2E700BF57500020A4
S2140293602DE9F74388461E46074691460AF056F808
S2140293700021044630460AF013FD08F107010546AF
S214029380C9B23846F1F7AAFE7DB1B9F1000F02D193
S21402939003781D44EDB2057063781A0716D5694640
S2140293A03046F2F7A1FA024618B1002003B0BDE833
S2140293B0F083082168460AF0BDFA0028F5D1204657
S2140293C00CF06DFA082269460CF0DDFC0AF004FB8C
S2140293D00146201D09F0DBFE6378DB0603D50C4947
S2140293E038460CF088FA3146A01C09F0D0FE314609
S2140293F0384609F04AFF074A13780133DBB2137086
S214029400E371A3790BB10120D0E70123A371FAE738
S21402941057500020DF4F00202DE9F04F8FB0FF237A
S214029420814605918DF8223016461AB301230BAAFF
S2140294300BF000FF9DF83650EF06044625D5059B37
S214029440BDF83080002703F10802D2B249460097E1
S214029450082309A8CDE909770AF065F93A4609A969
S2140294604046F8F777FC002840F08C80A90627D5FE
S21402947010210DE013460BAA0BF0DCFE9DF83650C9
S2140294800446A80663D5062102E0AA0618D50821D6
S214029490059ABDF8327000231144CAB2CDE90933E9
S2140294A000934946082309A80AF03DF986F001020E
S2140294B009A93846F8F74EFC002863D1002E46D09C
S2140294C0BDF830700AF088FA874249D038460BF069
S2140294D035FE8046002E45D1BDF82EB000215846F6
S2140294E00AF05EFCBDF82C300390184606930BF08B
S2140294F025FE06460AF070FA069B834242D0B74B18
S2140295001B78033B012B3DD915F04003049339D158
S214029510039B0BB9002E35D09DF83570039B05F0E2
S21402952018051F44FFB2082D8DF835706CD1202324
S2140295300493002C40F044810BF022FF054608B34A
S214029540002E40F0B38033460126B24674E0BDF8E2
S21402955032700AF041FA8742B8D14FF00108BBE7F1
S2140295604FF00108002C43D09D4BE279678803EB4D
S214029570C20633F83220BDF832309A4205D04FF692
S214029580FF7323800FB0BDE8F08FBDF82EA0B8F1B0
S214029590000F08D0002130460BF0D9FEA6F802A034
S2140295A00BF0D0FBEEE7BDF830000BF0D8FE4146DC
S2140295B0054630460BF0CBFEA6F802A0894E2DB12A
S2140295C0414628460BF0C3FE63886B800BF0BAFB5D
S2140295D03378002BD6D005993B4600224846FFF743
S2140295E0BFFE0028CED0394648460AF025FEC9E717
S2140295F00BF0A8FB7B4B1B78002BC3D0B8F1000FF7
S214029600C0D14FF6FF77E6E7102D01D1049590E71B
S214029610B8F1000F8DD1002C3BD0C246BDF8320007
S2140296200DF12202002100F065FA03460028A9D0B7
S214029630002E40F0CD8025460499BDF830000793F1
S2140296400DF1230200F056FA044600289AD0654A25
S214029650079B1278002A7BD0BAF1000F27D1024668
S2140296602C466179B94240F28180A4F802B0677153
S21402967025461446002B00F0A0809DF82230EA7999
S2140296809A4200F09A80002E40F09080EB710025FE
S21402969041E00BF075FE044600283FF473AF4FF02E
S2140296A0010ABBE7002201261346DAE70126B8F1D3
S2140296B0000F20D1DEF7FCF805997E230531B0FBBA
S2140296C0F3F202FB1300C9B23A465FFA80FA484642
S2140296D0F1F72AFD4FF6FF71484609F0D6FD039BC7
S2140296E0032B2DD9AAF17E0A5FFA8AF20023022101
S2140296F04846F3F7C5FB069B2B809DF834302B714A
S2140297000023A5F802B06F712B72002E42D19DF88D
S2140297102230EB710125B8F1000F3FF433AF09A9EF
S21402972048460CF0C9F800283FF42CAF2A4609A98F
S2140297300BA8FFF7ADFD25E7002625463446B9E718
S214029740039B012B94BF0AF1020A0AF1420ACBE7F5
S214029750BAF1000FCFD16979B94209D9A5F802B09A
S2140297606F71002B89D1002E91D024E02546144635
S214029770049A002A3FF406AF8F427FF403AF0393A6
S214029780DEF796F883077FF4FDAE039BA5F802B0DA
S2140297906F716FE7FF23EB71002CBBD00125237995
S2140297A0A4F802B023F003032371B4E7FF23EB719E
S2140297B0002C3FF46CAF0025F1E7002CD3D166E70E
S2140297C0002E7FF46FAFB24625460126534633E796
S2140297D0BAF1000FB0D15646524642E7E24F002099
S2140297E0AE420020A215002070B50C4B02460C4873
S2140297F01C784FF6FF7500239C4201D1002005E03D
S2140298000688964206D1AA4201D10B7070BD8679AF
S214029810002EFAD001330830DBB2EDE7A1150020A6
S214029820AE42002010B50B4B1C780B4B0022D1B277
S2140298308C4201D8002010BD5988814204D1197982
S214029840890701D1997911B108330132EFE7012076
S214029850F1E700BFA1150020AE42002010B5084B6C
S214029860084A1C7801460023D8B2844201D8FF2059
S21402987010BD914203F10103FAD00832F4E700BFAB
S214029880A1150020AE42002038B50446FFF7E6FFD9
S214029890FF28054603D10C483F21DDF7AFFE4FF601
S2140298A0FF732380A371204603210BF050FD074B64
S2140298B007481A780732D21002FB05000021BDE8DD
S2140298C038400CF07ABA00BFD81D0400A315002059
S2140298D0B74F0020F8B5134D134F044600263A78CA
S2140298E0F3B29A4209D8114B1D78114B00224FF65B
S2140298F0FF71D0B285420BD8F8BDFF2C02D0AB79EF
S214029900A34202D12846FFF7BFFF08350136E6E735
S214029910FF2C02D0187AA04201D1198019720A339C
S2140299200132E6E7AE420020A1150020A015002075
S21402993086420020FF28F8B504462CD0164B1B782A
S214029940834203D815488021DDF758FE144A02EBFD
S214029950C40032F8341003794FF6FF75A94203F0BB
S214029960030318D0012B16D10E4B1F780E4B002284
S214029970D6B2B74203D8BDE8F840FFF785BF1E88C7
S214029980AE4205D093F807C0A44504D0B14202D037
S2140299900A330132ECE7F8BDA1150020D81D0400F9
S2140299A0AE420020A0150020864200202DE9F74393
S2140299B005F027FB324B1B78033B012B21D9314B99
S2140299C01D88451BADB2E5B12F4A188013782B448B
S2140299D0C3F3C81403F07F0313702C4B2C4A1E7873
S2140299E000204FF6FF77C3B29E420DD8294CDFF80F
S2140299F0A89000264FF6FF7799F80020F3B29A4215
S214029A0016D803B0BDE8F0831388BB420DD0137995
S214029A1099070AD104EB9311022928BF022189B2C1
S214029A2003F03F0343EA8113137108320130DAE789
S214029A3034F80A8CB84506D014F8043CAB4205D973
S214029A405B1B04F8043C01360A34D5E709F0C4FF70
S214029A50804534F80A3C04F8027C24F80A7C09D0D3
S214029A600DF107011846FFF7BFFE18B19DF8070073
S214029A70FFF760FF14F8030CFFF75CFFE3E700BF95
S214029A80E24F0020DE430020A7500020A115002050
S214029A90AE42002090420020A0150020F0B50346FA
S214029AA01148DFF84CC00678104800244FF6FF77BE
S214029AB0E5B2AE4201D800200FE005889D4210D1E3
S214029AC03AB1012A16BFC57905793CF83550A94244
S214029AD007D1BB4202D114238371F0BD057A002D53
S214029AE0FBD00A300134E3E7A015002086420020AE
S214029AF0AE420020F8B50D46114607461646FFF759
S214029B0073FE002837D1214B214C197802464FF6B6
S214029B10FF7CD3B2994206D81D4C00238B4222D139
S214029B20F8BD0834F5E7B4F800E0E64502F10102B4
S214029B30F7D133700123278023710021A17165B10B
S214029B40144B1A7845F00805D31D2571DA103078C3
S214029B50114B02FB00300CF030F9237903F03F037F
S214029B6023712046DCE722799209022AE1D00133EA
S214029B700834DBB2D2E703799A071EBF23F0030349
S214029B8043F0010303710446D7E700BFA115002086
S214029B90AE420020A3150020B74F002073B50DF18A
S214029BA007010546FFF720FE40B103799A0705D163
S214029BB013F0300404D043F00303037102B070BD07
S214029BC028460BF0D4FB094B9DF80760084A1D781F
S214029BD04FF6FF712346D8B28542EFD9D079B0420C
S214029BE004BF1180117201330A32F4E7A015002077
S214029BF08642002030B50A4B0A4D1B780733CC0844
S214029C00DB1000FB034001F0070101238B402C5CB4
S214029C10DBB212B11C432C5430BD24EA0304FAE72B
S214029C20A3150020B74F002070B50B4B1B7883425C
S214029C30044604D8094840F24B21DDF7DFFC084E03
S214029C4000253378E8B2834200D870BD0022214650
S214029C50FFF7D0FF0135F4E7A3150020D81D040056
S214029C60A1150020FF2810D0FF290ED0084B1B7824
S214029C700733CA08DB1000FB0323064AD05C01F058
S214029C800701C84000F0010070470020704700BF7F
S214029C90A3150020B74F00200148F0F767BE00BFAB
S214029CA0E04300202DE9F0471E464D4B8CB01B6862
S214029CB09DF8509015460746884603F0080A09F0B4
S214029CC08BFEA8423FD1B9F1000F14D06EB9ADF8A1
S214029CD006603D4604242246414628460BF0E3FB36
S214029CE000F001000CB0BDE8F0870023ADF80630A6
S214029CF03D4606243AE03846FEF7A6FBFF28044611
S214029D0005D0F2F73DFD10B12046FEF7CFFF96B123
S214029D100023ADF80630F8F7CFF80028E8D006247E
S214029D200DF1060202A940460AF02BFDD8B94046BC
S214029D30F8F7BAFA17E0ADF80660F8F7BDF80028AB
S214029D40C7D00424ECE73EB3BAF1000F2ED00023AE
S214029D50ADF806300B24B9F1000F0AD1F8F7ACF8CB
S214029D602F460028DCD13D46002EB4D0BAF1000FB3
S214029D70B1D004F0040242F01102414628460BF02C
S214029D8092FB22460646414628460BF08CFB0028EC
S214029D9014BF30460020A3E7BAF1000F14D0ADF886
S214029DA006600124B9F1000F95D1D7E70B2402A96A
S214029DB02846F1F799FD074668B902A807F040FD64
S214029DC020B9ADF80600EDE70124F0E744F00204FE
S214029DD0ADF80670E6E70023ADF80630E2E700BF0E
S214029DE0503700202DE9F0471E46644B8CB01B7896
S214029DF0DDF8508007460D461446BBB309F0ECFD6D
S214029E0030B35F4B1B68980722D44FF6F7739C4219
S214029E102CD843463A4631462046FBF7DBFD09F08E
S214029E20DBFD854200F0A6803046FEF7BBFAA04274
S214029E3003D1FEF709FB0BF0DBF9BA1E534253417E
S214029E402946002220460CB0BDE8F0470BF0CFBEF4
S214029E50A7B1F91ED1F1000949EB01094FF6F773D4
S214029E609C420ED90321204607F089F809F0B4FD7A
S214029E70A8427FD04FF6FF739C42D3E74FF001090A
S214029E80ECE72B463A463146204605F049FB21468A
S214029E90CDE900082B463246384607F0E6FC8046F7
S214029EA00146204607F06BF8B8F1000F51D1B9F120
S214029EB0000F3FD0002F3DD0324B03AA03F1100E05
S214029EC09246186859689446ACE80300083373450E
S214029ED06246F6D107A807F089F83068716803234E
S214029EE08DF81C3008AB03C39DF8293007A843F051
S214029EF002038DF8293007F04FFA88B1306871688E
S214029F0008AB03C3042307A88DF81C3007F044FAF5
S214029F1030B1022307A88DF81C3007F03DFA48B985
S214029F20514607A807F09FFA20B1F4F78FFB0028E6
S214029F303FF475AF88F0010303F001032A46314669
S214029F40CDF800902046FFF7ADFE09F045FDA84289
S214029F5068E7B8F1010FEDD0B8F1020F7FF45FAFFA
S214029F6007A92846F1F7C0FC20B9324607A92846B9
S214029F700BF060FA0CB0BDE8F08700BFDD4F0020A2
S214029F8050370020E81D0400044B1A880AB100224C
S214029F901A8000210846F9F7D7BE00BFE04300202A
S214029FA02DE9F04F00238FB0CDE903334E780446F7
S214029FB00D4609F011FD50B1B34B1B689B0706D442
S214029FC0092103A805F062FC0FB0BDE8F08F03A9D3
S214029FD02046F1F789FC0346002840F05181022E04
S214029FE038D0042EECD1A94A1278002A42D0022A8E
S214029FF040F0218109AF0246394607F08BFB01216A
S21402A00003A89DF8255007F05AFC2840FF2800F0C8
S21402A010338105AD284609F098FC002840F02E81D1
S21402A02095E80F0087E80F003246394603A807F086
S21402A03083FA0246002840F01F81032303A9CDE9D4
S21402A040005320463346FBF799F800280CBF13212D
S21402A0500621B6E78C4B1F6817F00207B0D102350F
S21402A0608B48082229460BF07EFE0028A8D0894B92
S21402A0701B780BB91121A4E7874B884E1B782BBBA4
S21402A080FFF782FF3088002868D10DF10C082946B8
S21402A090404606F0A9FF002800F0CA802846F1F7DD
S21402A0A007FC4FF6FF739842814600F0BD800DF123
S21402A0B0240B584609F049FC002840F0B580002FD2
S21402A0C07AD14246AA4648463B4681E03088002876
S21402A0D044D139463846F0F7E9FE308000283BD0B6
S21402A0E00123082203A93046F0F766FFA0BB01232E
S21402A0F0082229463046F0F75FFF68BB012367480F
S21402A100ADF82440022209A9F0F756FF034630882C
S21402A11023B1002848D04FF0100A21E0F0F71CFEC9
S21402A1205E498046204601F039FA3088F0F714FE80
S21402A1305FFA88F8804509D1FF238DF82430012381
S21402A14056481A4609A9F0F737FF28B90021012018
S21402A150F9F7FAFD0C2134E73088DAE74FF0070A00
S21402A160F0F7DEFD80463088F0F7DAFD348800F13D
S21402A170080911212046F0F7C3FF10218346204626
S21402A180F0F7BEFF0822044603A948460BF0EBFD93
S21402A190002877D10822294640460BF0E4FD002825
S21402A1A070D1BAF1070F01D010210AE704EB0B2495
S21402A1B0A4B24D466BE70127308828B11221F0F78A
S21402A1C09FFFFF28814615D12A46C24620464023D5
S21402A1D043F00303CDE900B351460323FAF7CEFF5B
S21402A1E010B30721504605F051FB002FE3D0FFF7CE
S21402A1F0CBFEE9E600210846F0F758FEADF814005B
S21402A20048B105A9204601F0C9F9BDF81400F0F7D7
S21402A210A3FD0028D8D11423009333884A4641462A
S21402A220204601F083F9CFE7FFF7AEFE0F21C8E61E
S21402A230FFF7AAFE1EE7012A01D00621C1E605ADF8
S21402A24002460090294603A8F9F784FC024608B1A4
S21402A2500A21B6E60C4B1B685B0003F0040343F0CE
S21402A2600303CDE9005303A933462046FAF786FFD7
S21402A2700028E2D11321A4E60521A2E61221A0E6D7
S21402A2800B219EE60E219CE6503700209A4F0020B6
S21402A29057500020994F0020974F0020E04300209F
S21402A2A030B50E4C85B022788DF805200123D518DE
S21402A2B00E228DF806200A68CDF807204A68CDF8E7
S21402A2C00B2001A90B228DF804302570F0F774FEDE
S21402A2D0B0FA80F0400905B030BD00BFDE4F002066
S21402A2E030B519498BB014237F22098805460DEB39
S21402A2F0030004F0B1FEBDF81430DA0721D413F0DF
S21402A300060FC3F3410208BFC3F341220F4B9C5C06
S21402A3100DF11601224668460BF089FC04F128026C
S21402A320BDF826306A44023402F8283C1B0A02F8BA
S21402A330273C69462A46E0B20AF000FA00200BB033
S21402A34030BDB720FBE700BF7AC80300F81D040043
S21402A35010B58AB00446ADF826200022CDE90522C3
S21402A36004920CAA02924FF6FF720192074AAC219F
S21402A37004FB012201206032009203900DF12602B6
S21402A3804CF620010BF0B1F80AB010BD183B0020C5
S21402A39000B58BB00320ADF824309DF83030039022
S21402A3A00B498DF8263009A80023CDE90130CDE906
S21402A3B00533049301F160030093B1F85C30022088
S21402A3C04CF660410BF091F80BB05DF804FB00BF51
S21402A3D0183B002010B5204AB2F86800B2F85E10AA
S21402A3E0B2F85C308AB04FF6FF74A042ADF8260091
S21402A3F0ADF824104FF6FD7018D081424FF00000E1
S21402A400CDE90500CDE90300CDE9010094BF09AA14
S21402A4106032009294BF48F660014CF660010DF17E
S21402A420260204200BF061F80AB010BD814288BFF4
S21402A43060324FF0000098BF09AA0092CDE90500ED
S21402A440CDE90300CDE90100044A8CBF4CF6604119
S21402A45048F66041E5E700BF183B0020823B00203B
S21402A46000B54FF6FF738BB00022CDE90522CDE989
S21402A4700322CDE90132074A00924CF640010DF163
S21402A48026020620ADF826300BF02FF80BB05DF84A
S21402A49004FB00BF783B002000B50E4B8BB00022B9
S21402A4A0B3F85E30ADF82430CDE90522CDE90322BB
S21402A4B0CDE9012209AA4FF6FF7300924FF400611C
S21402A4C00DF126020720ADF826300BF00EF80BB081
S21402A4D05DF804FB183B002030B58BB010498DF8B0
S21402A4E025301B0A8DF82630002391F85840CD6D92
S21402A4F0B1F85C000493CDE905330723039360317A
S21402A50008ABCDE9010300914FF6FF734CF62041EC
S21402A510082008958DF824400AF0E7FF0BB030BDFE
S21402A520183B002070B52A4CB4F85E1094F85C0014
S21402A5301D464FF6FE76B4F85C30B142A2B04FEA42
S21402A540132321D14FF440416034ADF808108DF842
S21402A5500B0003CC8DF80C30CDF80D00CDF81110A1
S21402A5600DF115042270120A62700022A270E270C7
S21402A57011461046ADF8062008F02EFFADF806008C
S21402A58090B9002022B070BD4FF400448DF80D1033
S21402A590090AADF808408DF80B008DF80C308DF8DE
S21402A5A00E100DF10F04DDE7043402A9621A01232E
S21402A5B0D2B20DF10600F0F7FFFC0028E1D1BDF89B
S21402A5C006002A460121F0F749FCBDF80600D9E745
S21402A5D0183B0020034B1A781AB1FF2A04BF002248
S21402A5E01A707047A950002070B5084C084E2378A0
S21402A5F0F55C1DB107483E21DDF700F82378FF22FF
S21402A600F25400232370284670BD00BFA8500020D5
S21402A610A9500020FD1D0400034B044A1B78D05CA1
S21402A620FF3818BF01207047A8500020A95000200C
S21402A63010B50849082204460BF095FBB0FA80F0E4
S21402A640228940094FF6FF7340009A4208BF40F045
S21402A650010010BD121E04002DE9F3410E46002132
S21402A660054608F02AFF134FADF8060000232B809C
S21402A6700DF1060008F01CFF044610B102B0BDE85A
S21402A680F08121460DF1060008F089FF8046F0F7BA
S21402A69047FB438AB34207D99B1B43822246414665
S21402A6A0284608F010FFE3E743895B07E0D53B88BE
S21402A6B0F3E700BF2E15002008B50A48F0F7FEFDA6
S21402A6C009484FF47A71FFF7C7FF074808F0F0FE13
S21402A6D030B9BDE8084003484FF47A71F0F752BD2E
S21402A6E008BD00BF781400205615002030B5044679
S21402A6F085B00D4602B9084A1068516801AB03C31B
S21402A70001AB03CBADF80C501B882060204661607D
S21402A710238105B030BD00BF88DE03001FB50146A9
S21402A720002201A8FFF7E2FF064801A90AF0D1FFBE
S21402A73020B1F0F7F5FA4089C0F3400005B05DF8A5
S21402A74004FB00BF5615002030B585B00D4600222A
S21402A750014601A8FFF7CAFF084801A90AF0B9FF97
S21402A76050B1F0F7DDFA04460146082228460BF0FF
S21402A7700AFB6089C0F3400005B030BD56150020C4
S21402A78010B5044C204608F0F8FE6388181A80B20A
S21402A79010BD00BF56150020F8B50546F8B11048A2
S21402A7A0002108F08AFE0446A8B10D4F2046F0F7B5
S21402A7B0B7FA0646FFF73CFF830705D40822294668
S21402A7C030460BF0D0FA38B12146384608F0CBFEB8
S21402A7D004460028EAD10024201E18BF0120F8BD36
S21402A7E05615002010B50C46014606480AF071FFC1
S21402A7F030B1F0F795FA43891C4214BF01200020BD
S21402A80010BD00BF561500201FB51446024601A80B
S21402A810FFF76CFF074801A90AF05BFF40B134B1AD
S21402A820F0F77EFA1422014620460BF0ACFA01201D
S21402A83004B010BD561500201FB50146002201A81F
S21402A840FFF754FF094801A90AF043FF58B1F0F791
S21402A85067FA4389024613F0020004D0507B80F068
S21402A8600800C0F3C00005B05DF804FB56150020D2
S21402A870014601480AF052BF56150020F8B50446B4
S21402A8800E4614200021F0F711FB0546204608F07C
S21402A89074FE6388834225D925B3314620460AF0E2
S21402A8A03DFF08BB2846F0F73BFA0A220746314628
S21402A8B00BF069FA082206F10A0107F10A000BF00A
S21402A8C062FA0A4B1B887B82238823B908484FF416
S21402A8D07A71F0F757FC20460022294608F0F3FD6D
S21402A8E00020F8BD1C20FCE72E20FAE72E150020DB
S21402A8F07814002010B5044686B0B0B1FFF798FE73
S21402A90010F0020011D1CDF80E006168CDF81200E9
S21402A910ADF816002068228901AB03C304481A80EA
S21402A92001A9FFF7ABFF06B010BD2120FBE700BF71
S21402A93056150020F8B50D4616461F46044648B37F
S21402A940FFF776FE30BB2046FFF792FFE0B12146C6
S21402A95011480AF0BEFEF0F7E3F943890573467321
S21402A960877343F00203218943812046F2F702F8F7
S21402A970FF28044606D0F1F703FF18B1074B002262
S21402A98043F82420002004E02046FFF7B3FF002807
S21402A990DDD0F8BD2120FCE7561500200C3500203E
S21402A9A0F7B59DF8244001949DF8204000940D468A
S21402A9B006461F46FEF742FA4FF6FF7188420446E5
S21402A9C010D0BB0711D42846F1F7DCFD2046FDF770
S21402A9D03BFDFF281FBF084A32F8103023F480439D
S21402A9E022F81030204603B0F0BD02462946304613
S21402A9F00AF09BFEEAE700BF4443002073B50E460A
S21402AA00014614480AF065FE0546D8B1F0F788F903
S21402AA1043893340044612D09B0736B20BD5002E2C
S21402AA2009DAA17B437B0289007B01910121009117
S21402AA302146FFF7B5FF638923EA0603638162892D
S21402AA4012B1012002B070BD2946024808F0C6FDC8
S21402AA50F7E700BF561500200148EFF787BF00BF93
S21402AA60561500201FB50C4A0C46014601A8FFF7F2
S21402AA703DFE01A8FFF7FCFE60B101A907480AF0F7
S21402AA8028FEF0F74DF903682360436863600020F0
S21402AA9004B010BD2D20FBE7121E04005615002040
S21402AAA02DE9F0431E46544B1B788FB0033B012B17
S21402AAB09DF8588007460C46154607D8F4F70EFC54
S21402AAC020B1F0F76FFD08B144F400544B4B1B78ED
S21402AAD013B924F40074A4B2200509D546B904A912
S21402AAE02846F0F701FF002840D024F40064A4B200
S21402AAF0ADF81840ADF81A5008F06EFF404BADF8AE
S21402AB001C00B8F1000F02D01A78424501D293F821
S21402AB1000803C4A8DF81E8013780133E105DBB2D3
S21402AB2013704CBF0DF1210108A922058DF81F30C4
S21402AB3004D533680B6073684B600831E30405D5AF
S21402AB40314A13680B6053684B6008310DF11808E0
S21402AB50A1EB08005FFA80F900214846F0F7A6F953
S21402AB60064628B900200FB0BDE8F08304AEBFE762
S21402AB70F0F7D6F841464A460BF059F83046F0F759
S21402AB80EBF880463046F0F7CBF8002302460093F7
S21402AB905FFA88F104234FF6FF7008F0F2FBADF877
S21402ABA00E000028DED040F201131C421AD14FF6E6
S21402ABB0F7739D4216D8F0F7CFF80DF10E01044652
S21402ABC0284600F0EBFCBDF80E00F0F7C5F8E4B23C
S21402ABD0A04207D9BDF80E0008F020FC437843F0E7
S21402ABE004034370BDF80E003A460121F0F736F929
S21402ABF0BDF80E00B7E700BFE24F0020DD4F002091
S21402AC008E150020DF4F002057500020F0B508298F
S21402AC10D58889B028D00C2926D0AE0424D405F0D5
S21402AC2040030B43424C267816B105F0200423431A
S21402AC302FB2002FB8BF43F08003032920D112237E
S21402AC40AC068DF80430937A10D48DF805300DF1E9
S21402AC50060401A9621A0123D2B2F0F7ADF9B0FADE
S21402AC6080F0400909B0F0BD0B46DBE732228DF8D2
S21402AC7004208DF80530002EE9D00DF11304E8E724
S21402AC800C298DF8043009BF138953798DF80530E5
S21402AC901B0A0BBF8DF806308DF805300DF1070341
S21402ACA00DF1060354881C70240A5C7014889C708C
S21402ACB00239240ADC70012914791C7111D8917AA0
S21402ACC05971002F31DA1289DA710221120A99714A
S21402ACD003F109041A72002EBBD0AB06B9D50534AF
S21402ACE0B7E7A9071AD4002F0CDA117A51B1917A74
S21402ACF059711189127A03F1080492B102229A71EB
S21402AD00D971E8E70B4C2178917201F1010C84F8B5
S21402AD1000C09C1D002F5971DDDAEAE7917A9C1D6E
S21402AD20F8E701229A71090AEAE79C1DD3E700BFF9
S21402AD30DD4F0020DE4F0020014B1870704700BF29
S21402AD40D54F0020074B1A7844F6FF7040F6FF7383
S21402AD50012A18BF1846044B1B780BB140F400407A
S21402AD60704700BFE24F0020D54F0020F7B50D46D2
S21402AD7004460021284616461F46F2F769FE0A4B8D
S21402AD80002183F859402A46009733462046FFF7AB
S21402AD90DFFA014630B102222046F0F72BFEC0B29F
S21402ADA003B0F0BD0120FBE7183B00202DE9F84375
S21402ADB0074604F022F905461B4808F075FD1B4BB2
S21402ADC060B31C683C1B2C44A4B2194BDFF8689095
S21402ADD01B78184D99F8006003EB830305EB4305D7
S21402ADE000225FFA82F846450AD9AB88A34205F1EB
S21402ADF00A0016D9B21A0A235A4329460AF0C3FF92
S21402AE00013689F80060AC80B8F1000F03D106481D
S21402AE103946F0F7B7F92846BDE8F8831D603C4688
S21402AE20D3E701320546DCE798140020203C0020D8
S21402AE30AA50002062400020AB5000201FB5154AE1
S21402AE40154C1378013BDBB213706168206801AAC7
S21402AE5003C221891180114A1278D21805D00A231A
S21402AE605A43E11820460AF08EFF9DF806301B076B
S21402AE700DD0BDF80C00FFF799FF8288ADF80820C8
S21402AE8001AA034603CA1288186059601A8104B0E0
S21402AE9010BD00BFAA50002062400020AB50002028
S21402AEA008B5094B094800211970094B1970094B5E
S21402AEB01A7802EB820252000AF07FFFBDE80840D1
S21402AEC00548F0F7FBB900BFAB50002062400020F7
S21402AED0AA5000209A15002098140020F8B5094DB3
S21402AEE0094F0A4E00243B783178E2B20B449A426C
S21402AEF004F1010400DBF8BD2846EFF737FD0A35FA
S21402AF00F1E700BF62400020AB500020AA500020AC
S21402AF10F8B50D4B16460D4A1B78127813440C4AA8
S21402AF201278934207460D460CD03046FFF73EFF96
S21402AF300135068107808570044604F059F8E080E2
S21402AF400120F8BD0020FCE7AA500020AB500020EC
S21402AF509A15002010B5064C207828B10548F5F75A
S21402AF6047FF10B1034B188810BDFFF767FFF3E7E2
S21402AF70AA5000206240002008B50A4A034610780C
S21402AF8060B1094A1088984209D121B993781033E2
S21402AF9023F00F039370FFF751FF012008BD002036
S21402AFA0FCE700BFAA500020624000202DE9F74FC0
S21402AFB004F023F8DFF8F8803A4CB8F800C0DFF85F
S21402AFC0F490394D99F800701FFA80FEAEEB0C0330
S21402AFD09BB2019323780093002603EB830305EBD1
S21402AFE043033A46B246ACEB0E0CB3465FFA86FE15
S21402AFF0BE4515D3BAF1000F01D0009B2370BA42AA
S21402B0002AD3002F37D02378C8F800000A2202FB82
S21402B01003532648998803B0BDE8F04FF0F7B2B85C
S21402B020B3F804E001998E4512D8009993F802E02D
S21402B030A3F804B001310EF1FF3EC9B2013A83F81B
S21402B04002E00091D2B24FF0010A0A330136CDE790
S21402B050E644A3F804E0F8E789F800204AB123782A
S21402B060C8F800000A2202FB035310489988F0F73A
S21402B07089F8237813B903B0BDE8F08FFFF76AFFAB
S21402B08006460028F5D008F0EAF80146304609F0F0
S21402B090D3F820B100212888FFF76EFFE9E7662182
S21402B0A0F9E700BFAA500020624000209814002052
S21402B0B0203C0020AB50002038B50E4B05460E480B
S21402B0C01C88F0F74BF8012D0CD10C4B1C88FA218A
S21402B0D0614358B1884209D28408012C204638BF01
S21402B0E0012038BD022D08BF0224F0E70248F0F71F
S21402B0F049F8F2E75E4000201C3600205C40002043
S21402B10008B5064B064801221A700021F0F73AF8F5
S21402B110BDE808400020FFF7CFBF00BFAE4F0020BB
S21402B1201C3600201E4B1A8802F108039BB2012B24
S21402B13073B502D81B4B1B7823B902B0BDE870402A
S21402B140F0F7BCB8184B194D00241C70184B1C7035
S21402B1502B787BB1174E4FF6FC730093308823464C
S21402B1602246214609F079FF4FF6FD732C70338094
S21402B17001200FE0104B10461978F5F79DF90028CC
S21402B180F6D10C4B1A884FF6FD739A42F0D0012383
S21402B1902B70022002B0BDE87040FFF78DBF00BFE3
S21402B1A060400020AE4F0020B14F0020AF4F00207D
S21402B1B0B04F00205A400020B24F0020012808B5A8
S21402B1C00AD002280CD020B9084B18700848F0F7AD
S21402B1D075F84FF0FF3008BDBDE80840FFF790BF96
S21402B1E0BDE808400020FFF767BF00BFAE4F002053
S21402B1F01C36002002280CD859B1064A13780133AF
S21402B200DBB21370044A12789A4202D80220FFF781
S21402B210D5BF7047B04F0020B34F002038B500F1BD
S21402B2205703DBB2012B04460D4615D80D4A137898
S21402B2300133DBB213700C4A12789A420CD80B4BCD
S21402B24019884FF6FD72914201BF1D80084B0022FD
S21402B2501A700020FFF730FF29462046BDE8384026
S21402B26004F0B1BAB14F0020B44F00205A4000207B
S21402B270AF4F0020064A00231370064A1370064A90
S21402B2804FF6FD711180054A1370054A1370704718
S21402B290B14F0020B04F00205A400020AF4F002090
S21402B2A0AE4F002030B5094B1B78024633B1084B2F
S21402B2B0084C19780023D8B2884201D3FF2004E054
S21402B2C0013334F823509542F5D130BD991500204C
S21402B2D0B64F00203A400020054B064800221A705E
S21402B2E0054BFF211970054B1A7892000AF065BDCE
S21402B2F0B64F00203E400020B54F00209915002092
S21402B300F7B58DF807100DF10701044604F096F91B
S21402B310234B1D78002D41D02046FFF7C3FF214E58
S21402B320214B3178FF2805D1204A107885422DD945
S21402B330451C1570884219D01C4A1B4D92F800C055
S21402B3400022D7B2BC450CD92F46013297F803E04B
S21402B350864505F10405F4D102B203EB8202D278E7
S21402B360FA7002B203EB8202D170307002B203EBC3
S21402B370820123F82240FF228A709DF80720FF2AC6
S21402B38002D003EB8203987003B0F0BD0A46104663
S21402B39003EB8202D278FF2AF9D1CBE7FF20F3E74C
S21402B3A099150020B54F00203E400020B64F0020E1
S21402B3B02DE9F843FFF776FFFF2804466AD0364F9A
S21402B3C0DFF8E080354E03B24FF6FF7227F82320EF
S21402B3D098F80050A54202D10020BDE8F88320B2BA
S21402B3E03378810007EB8000A34290F803E011D087
S21402B3F0294A00235FFA83F94D45944607D99CF8FB
S21402B4000390A14503F1010302F10402F2D18CF884
S21402B41003E001E086F800E0013DEDB22A1BD2B25D
S21402B4200431920039440AF0AEFC88F800503378B2
S21402B430FF2B04D0A34224BF03F1FF333370164B15
S21402B44000214FF6FF70CAB2AA420CD3144A002358
S21402B4504FF6FF71DCB2AC42BAD2013332F82300A7
S21402B4608842F7D1B4E79A78A2420BD11880DA78EC
S21402B470FF2A04D0A24224BF02F1FF32DA70013161
S21402B4800433E0E7FF2AF2D0A24224BF02F1FF32E1
S21402B4909A70ECE70320A0E73E400020B54F00205C
S21402B4A03A400020B64F0020F8B51C4B1B780546E4
S21402B4B0084673B3FFF7F6FEFF28044629D028464F
S21402B4C0FFF7F0FEFF2806D0154B164E1A7800231B
S21402B4D0D9B2914218D3FF212846FFF711FFFF2861
S21402B4E0014616D0104F054623B207EB830237F803
S21402B4F023009678FFF704FFA84208BFFF25FF2E19
S21402B500214608D12846F8BD013316F82310814299
S21402B510DED1FF25F6E73446E6E700BF99150020A0
S21402B520B64F00203C4000203E4000202DE9FF415F
S21402B5304FF0000C9DF828508DF80FC00DF10F0C3F
S21402B540CDE9005C1F4606468846144604F046F8D7
S21402B5509DF80F3093B941463046E4F747FE0E4B4E
S21402B5601B785BB10B2C09D83046FF21FFF7C8FECB
S21402B57005EB44040646E4B2A54202D104B0BDE897
S21402B580F0812946384608F01BF93146FFF7B8FE27
S21402B59002350646EDB2EFE7991500202DE9F3478E
S21402B5A000230DF107028DF8073004460E4604F01C
S21402B5B030F89DF80730054663B92046FFF772FE5D
S21402B5C004465EB13088EFF7C7FB5FFA80F8FF2CBF
S21402B5D046D10025284602B0BDE8F087B046F6E719
S21402B5E001320C2AF5D02DB207EB8505AD78FF2D7A
S21402B5F0F6D112F0FF0AECD04FEA4A050235EDB258
S21402B600002EE7D008EB0501C9B2304608F072F802
S21402B6100028DED1308852464146EFF785FD0AF112
S21402B620FF3208F1010108F102093088D2B2C9B22C
S21402B6305FFA89F9EFF778FD24B207EB8404A47861
S21402B640FF2CC7D023B2308837F82320494608F0AB
S21402B650C7F80028BDD109F102095FFA89F9EBE7BC
S21402B660014F25460022BEE73E400020FF2810B5C7
S21402B6701FBF064B03EB800433F820300B801DBF40
S21402B680A37813700020032010BD00BF3E400020A8
S21402B69081F0004102E000BF83F0004330B54FEA7C
S21402B6A041044FEA430594EA050F08BF90EA020FE9
S21402B6B01FBF54EA000C55EA020C7FEA645C7FEA7C
S21402B6C0655C00F0E2804FEA5454D4EB5555B8BF9F
S21402B6D06D420CDD2C4480EA020281EA030382EA10
S21402B6E0000083EA010180EA020281EA0303362DA2
S21402B6F088BF30BD11F0004F4FEA01314FF4801C75
S21402B7004CEA113102D0404261EB410113F0004F86
S21402B7104FEA03334CEA133302D0524263EB43033D
S21402B72094EA050F00F0A780A4F10104D5F1200EDB
S21402B7300DDB02FA0EFC22FA05F2801841F1000136
S21402B74003FA0EF2801843FA05F359410EE0A5F10A
S21402B75020050EF1200E012A03FA0EFC28BF4CF03B
S21402B760020C43FA05F3C01851EBE37101F00045F1
S21402B77007D54FF0000EDCF1000C7EEB00006EEBFE
S21402B7800101B1F5801F1BD3B1F5001F0CD3490888
S21402B7905FEA30004FEA3C0C04F101044FEA4452DF
S21402B7A012F5800F80F09A80BCF1004F08BF5FEA66
S21402B7B0500C50F1000041EB045141EA050130BD46
S21402B7C05FEA4C0C404141EB0101013C28BFB1F558
S21402B7D0801FE9D291F0000F04BF01460020B1FAA3
S21402B7E081F308BF2033A3F10B03B3F120020CDA76
S21402B7F00C3208DD02F1140CC2F10C0201FA0CF054
S21402B80021FA02F10CE002F11402D8BFC2F1200CB8
S21402B81001FA02F120FA0CFCDCBF41EA0C0190406E
S21402B820E41AA2BF01EB0451294330BD6FEA0404B7
S21402B8301F3C1CDA0C340EDC04F11404C4F12002A2
S21402B84020FA04F001FA02F340EA030021FA04F3B4
S21402B85045EA030130BDC4F10C04C4F1200220FA0B
S21402B86002F001FA04F340EA0300294630BD21FA49
S21402B87004F0294630BD94F0000F83F4801306BF0F
S21402B88081F480110134013D4EE77FEA645C18BF03
S21402B8907FEA655C29D094EA050F08BF90EA020F9A
S21402B8A005D054EA000C04BF1946104630BD91EA92
S21402B8B0030F1EBF0021002030BD5FEA545C05D195
S21402B8C04000494128BF41F0004130BD14F58004D4
S21402B8D03CBF01F5801130BD01F0004545F0FE4148
S21402B8E041F470014FF0000030BD7FEA645C1ABF7D
S21402B8F0194610467FEA655C1CBF0B46024650EAB4
S21402B900013406BF52EA033591EA030F41F40021DF
S21402B91030BD00BF90F0000F04BF0021704730B565
S21402B9204FF4806404F132044FF000054FF000013A
S21402B93050E700BF90F0000F04BF0021704730B5FB
S21402B9404FF4806404F1320410F0004548BF4042D0
S21402B9504FF000013EE700BF42004FEAE2014FEA25
S21402B96031014FEA02701FBF12F07F4393F07F4F00
S21402B97081F06051704732F07F4208BF704793F003
S21402B9807F4F04BF41F40021704730B54FF4607416
S21402B99001F0004521F000411CE700BF50EA010219
S21402B9A008BF704730B54FF000050AE050EA0102C2
S21402B9B008BF704730B511F0004502D5404261EB32
S21402B9C041014FF4806404F132045FEA915C3FF473
S21402B9D0D8AE4FF003025FEADC0C18BF03325FEA10
S21402B9E0DC0C18BF033202EBDC02C2F1200300FAC1
S21402B9F003FC20FA02F001FA03FE40EA0E0021FAE6
S21402BA0002F11444BDE600BF70B54FF0FF0C4CF4D3
S21402BA10E06C1CEA11541DBF1CEA135594EA0C0F85
S21402BA2095EA0C0F00F0DEF82C4481EA030621EAC0
S21402BA304C5123EA4C5350EA013518BF52EA0335FB
S21402BA4041F4801143F4801338D0A0FB02CE4FF0AD
S21402BA500005E1FB02E506F00042E0FB03E54FF0DD
S21402BA600006E1FB03569CF0000F18BF4EF0010ED5
S21402BA70A4F1FF04B6F5007F64F5407404D25FEAD1
S21402BA804E0E6D4146EB060642EAC62141EA555184
S21402BA904FEAC52040EA5E504FEACE2EB4F1FD0CC6
S21402BAA088BFBCF5E06F1ED8BEF1004F08BF5FEA44
S21402BAB0500E50F1000041EB045170BD06F00046F6
S21402BAC046EA010140EA020081EA0301B4EB5C04A3
S21402BAD0C2BFD4EB0C0541EA045170BD41F480119B
S21402BAE04FF0000E013C00F3AB8014F1360FDEBFC0
S21402BAF0002001F0004170BDC4F10004203C35DA9C
S21402BB000C341BDC04F11404C4F1200500FA05F31E
S21402BB1020FA04F001FA05F240EA020001F00042BF
S21402BB2021F0004110EBD37021FA04F642EB060135
S21402BB305EEA430E08BF20EAD37070BDC4F10C045F
S21402BB40C4F1200500FA04F320FA05F001FA04F223
S21402BB5040EA020001F0004110EBD37041F100010F
S21402BB605EEA430E08BF20EAD37070BDC4F120051A
S21402BB7000FA05F24EEA020E20FA04F301FA05F282
S21402BB8043EA020321FA04F001F0004121FA04F22A
S21402BB9020EA020000EBD3705EEA430E08BF20EAFA
S21402BBA0D37070BD94F0000F0FD101F00046400034
S21402BBB041EB010111F4801F08BF013CF7D041EAB6
S21402BBC0060195F0000F18BF704703F000465200BA
S21402BBD043EB030313F4801F08BF013DF7D043EA8B
S21402BBE00603704794EA0C0F0CEA135518BF95EA41
S21402BBF00C0F0CD050EA410618BF52EA4306D1D1C8
S21402BC0081EA030101F000414FF0000070BD50EAE6
S21402BC10410606BF1046194652EA430619D094EA70
S21402BC200C0F02D150EA013613D195EA0C0F05D15A
S21402BC3052EA03361CBF104619460AD181EA0301AE
S21402BC4001F0004141F0FE4141F470014FF0000066
S21402BC5070BD41F0FE4141F4780170BD70B54FF001
S21402BC60FF0C4CF4E06C1CEA11541DBF1CEA135581
S21402BC7094EA0C0F95EA0C0F00F0A7F8A4EB050463
S21402BC8081EA030E52EA03354FEA013100F088805A
S21402BC904FEA03334FF0805545EA131343EA126323
S21402BCA04FEA022245EA111545EA10654FEA0026D8
S21402BCB00EF000419D4208BF964244F1FD0404F591
S21402BCC0407402D25B084FEA3202B61A65EB0305ED
S21402BCD05B084FEA32024FF480104FF4002CB6EBAA
S21402BCE0020E75EB030E22BFB61A754640EA0C002A
S21402BCF05B084FEA3202B6EB020E75EB030E22BF6A
S21402BD00B61A754640EA5C005B084FEA3202B6EBAA
S21402BD10020E75EB030E22BFB61A754640EA9C0069
S21402BD205B084FEA3202B6EB020E75EB030E22BF39
S21402BD30B61A754640EADC0055EA060E18D04FEAF7
S21402BD40051545EA16754FEA06164FEAC30343EA97
S21402BD5052734FEAC2025FEA1C1CC0D111F4801F64
S21402BD600BD141EA00014FF000004FF0004CB6E75D
S21402BD7011F4801F04BF01430020B4F1FD0C88BFFC
S21402BD80BCF5E06F3FF6AFAEB5EB030C04BFB6EB07
S21402BD90020C5FEA500C50F1000041EB045170BDFA
S21402BDA00EF0004E4EEA113114EB5C04C2BFD4EB27
S21402BDB00C0541EA045170BD41F480114FF0000EAB
S21402BDC0013C90E645EA060E8DE60CEA135594EA27
S21402BDD00C0F08BF95EA0C0F3FF43BAF94EA0C0F2A
S21402BDE00AD150EA01347FF434AF95EA0C0F7FF49F
S21402BDF025AF104619462CE795EA0C0F06D152EAF3
S21402BE0003353FF4FDAE1046194622E750EA4106D6
S21402BE1018BF52EA43067FF4C5AE50EA41047FF4E7
S21402BE200DAF52EA43057FF4EBAE12E74FF0FF3C4C
S21402BE3006E000BF4FF0010C02E000BF4FF0010C1D
S21402BE404DF804CD4FEA410C7FEA6C5C4FEA430C96
S21402BE5018BF7FEA6C5C1BD001B050EA410C0CBFE5
S21402BE6052EA430C91EA030F02BF90EA020F002047
S21402BE70704710F1000F91EA030F58BF994208BFAE
S21402BE8090422CBFD8176FEAE37040F0010070476B
S21402BE904FEA410C7FEA6C5C02D150EA013C07D1C2
S21402BEA04FEA430C7FEA6C5CD6D152EA033CD3D00D
S21402BEB05DF8040B704700BF8446104662468C4607
S21402BEC01946634600E000BF01B5FFF7B7FF00283A
S21402BED048BF10F1000F01BD4DF808EDFFF7F4FF63
S21402BEE00CBF012000205DF808FB00BF4DF808EDEE
S21402BEF0FFF7EAFF34BF012000205DF808FB00BF11
S21402BF004DF808EDFFF7E0FF94BF012000205DF832
S21402BF1008FB00BF4DF808EDFFF7CEFF94BF0120E7
S21402BF2000205DF808FB00BF4DF808EDFFF7C4FFE0
S21402BF3034BF012000205DF808FB00BF4FEA410233
S21402BF4012F5001215D211D56FF47873B3EB625264
S21402BF5012D94FEAC12343F0004343EA505311F08B
S21402BF60004F23FA02F018BF404270474FF000001D
S21402BF70704750EA013005D111F0004008BF6FF05B
S21402BF80004070474FF00000704700BF4A0011D2D1
S21402BF9012F5001211D20DD56FF47873B3EB62521C
S21402BFA00ED44FEAC12343F0004343EA505323FA28
S21402BFB002F070474FF00000704750EA013002D19D
S21402BFC04FF0FF3070474FF00000704753B94AB940
S21402BFD0002908BF00281CBF4FF0FF314FF0FF308A
S21402BFE000F06AB9ADF1080C6DE904CE00F006F86F
S21402BFF0DDF804E0DDE9022304B070472DE9F047DE
S21402C000089D0C46002B4ED194468C458646B2FAC5
S21402C01082F262D94AB1C2F12003914020FA03F3B8
S21402C0200CFA02FC194300FA02FE4FEA1C471FFAFA
S21402C0308CF6B1FBF7F44FEA1E4307FB141143EAF2
S21402C040014304FB06F199420AD91CEB030304F1EF
S21402C050FF3080F01381994240F21081023C634423
S21402C060591A1FFA8EF3B1FBF7F007FB101143EAD9
S21402C070014300FB06F69E420AD91CEB030300F1BD
S21402C080FF3180F0FD809E4240F2FA80634402381F
S21402C0909B1B40EA044000211DB1D3400022C5E9A3
S21402C0A00032BDE8F0878B4205D90DB1C5E9000123
S21402C0B000210846F5E7B3FA83F1002946D1A342E8
S21402C0C002D39042C0F0F180861A64EB030301208B
S21402C0D0002DE6D0C5E90063E3E7002A40F0918030
S21402C0E0A1EB0C044FEA1C481FFA8CF70121B4FBA3
S21402C0F0F8F64FEA1E4308FB164443EA044307FBDE
S21402C10006F0984208D91CEB030306F1FF3402D26C
S21402C110984200F2CE8026461C1A1FFA8EF3B4FB13
S21402C120F8F008FB104443EA044300FB07F79F427B
S21402C13008D91CEB030300F1FF3402D29F4200F23F
S21402C140B1802046DB1B40EA0640A5E7C1F1200687
S21402C1508B4022FA06F71F4320FA06FC04FA01F384
S21402C16043EA0C03F44000FA01F8380C4FEA13498C
S21402C170B4FBF0FE1FFA87FC00FB1E4449EA0444A7
S21402C1800EFB0CF9A14502FA01F20AD93C190EF18E
S21402C190FF3A80F08580A14540F28280AEF1020E21
S21402C1A03C44A4EB09041FFA83F9B4FBF0F300FB4A
S21402C1B0134449EA044403FB0CFCA44507D93C1982
S21402C1C003F1FF3068D2A44566D9023B3C4443EAF9
S21402C1D00E40A0FB0293A4EB0C049C42CE469C4667
S21402C1E052D34FD055B1B8EB0E0364EB0C0404FAED
S21402C1F006F6CB40CC401E43C5E900640021BDE8EC
S21402C200F087C2F1200320FA03F10CFA02FC24FAAA
S21402C21003F394400C434FEA1C4800FA02FE1FFA4E
S21402C2208CF7B3FBF8F008FB1031230C43EA01430A
S21402C23000FB07F1994208D91CEB030300F1FF3615
S21402C2402CD299422AD9023863445B1AA4B2B3FBB1
S21402C250F8F108FB113344EA034401FB07F3A34257
S21402C26008D91CEB040401F1FF3613D2A34211D9FC
S21402C27002396444E41A41EA004138E70446EFE62C
S21402C280084605E7C845ADD2B9EB020E63EB070CCC
S21402C2900138A7E73146EDE7034698E73046D4E78C
S21402C2A0D6467EE7634402384CE7064623460846EF
S21402C2B00EE7023E63442FE7704700BF08B5064B01
S21402C2C0044613B10021AFF30080044B1B6803B190
S21402C2D09847204601F0FDF900000000643D00206A
S21402C2E0242B2DE9F0478646904601D8012B06D12D
S21402C2F000F060FB162303600020BDE8F087364896
S21402C3000D462A4615F8014B065D16F00806F8D1CA
S21402C3102D2C24D12C780126951C2BBB302C30D00A
S21402C3200A2306F1004C0CF1FF3C0022BCFBF3F999
S21402C330104603FB19CAA4F13007092F28D83C4639
S21402C340A34234DD571C07D081452DD301D1A24527
S21402C3502ADB00FB0340012215F8014BEBE72B2CEE
S21402C36004BF2C78951CD8E7102BDAD1302CD8D104
S21402C3702A7802F0DF02582AD3D16C7810230235CD
S21402C380CFE72B7803F0DF03582BF6D00823C8E755
S21402C390A4F14107192F01D8373CD1E7A4F1610770
S21402C3A0192F04D8573CCBE74FF0FF32D4E7531C83
S21402C3B008D12223CEF800306046B8F1000F9CD098
S21402C3C0691E06E006B14042B8F1000F95D0002A79
S21402C3D0F6D1C8F8001090E7591E040013460A4624
S21402C3E0014602480068FFF77BBF00BFB814002072
S21402C3F02DE9F043364E86460D46284615F8014B83
S21402C400375D17F00807F8D12D2C26D12C78012796
S21402C410851C3BBB302C32D00A234FF0FF38002657
S21402C420B8FBF3F803FB08F96FEA09093046A4F1F2
S21402C430300CBCF1090F29D86446A34237DDB6F1A9
S21402C440FF3F07D080452FD301D1A1452CDB00FB4F
S21402C4500340012615F8014BE9E72B2C04BF2C7884
S21402C460851CD6E7102BD8D1302CD6D1287800F0F0
S21402C470DF005828D1D16C7810230235CDE72B780F
S21402C48003F0DF03582BF6D00823C6E7A4F1410CCD
S21402C490BCF1190F01D8373CCFE7A4F1610CBCF10F
S21402C4A0190F04D8573CC8E74FF0FF36D2E7731C83
S21402C4B006D12223CEF80030304632B9BDE8F083EA
S21402C4C007B14042002AF9D006B1691E1160F5E7AD
S21402C4D0591E040013460A46014602480068FFF742
S21402C4E087BF00BFB81400202DE9F04F85B09046F4
S21402C4F0464A029089461E460D462B4615F8014BC3
S21402C500175D17F00807F8D12D2C41D12C7801279A
S21402C5109D1C002E41D1302C4CD00A2607F1004A31
S21402C52007F1FF3B0AF1FF3AF317324658465146E7
S21402C5300393FFF74BFD019200228E468446114676
S21402C5401046A4F13003092B05D9A4F14103192B97
S21402C55037D8A4F137039E423DDD541C15D08445DE
S21402C5607EEB010234D38E4508BF844502D1019A80
S21402C5709A422DDB039A714300FB0211A6FB0002CE
S21402C5800A44181842EBE371012215F8014BD8E76A
S21402C5902B2C04BF2C789D1CBBE7102EBED1302C52
S21402C5A0BCD12B7803F0DF03582BB7D16C7810265A
S21402C5B00235B3E72B7803F0DF03582BF6D00826B4
S21402C5C0ACE7A4F16103192B05D8A4F15703C2E71F
S21402C5D04FF0FF32D9E7531C0AD1029A2223136086
S21402C5E058465146B8F1000F0AD105B0BDE8F08FA3
S21402C5F017B1404261EB4101B8F1000FF5D00AB124
S21402C60005F1FF39C8F80090EFE700BF591E040095
S21402C61013460A46014602480068FFF765BF00BF98
S21402C620B814002070B50D4D0D4C641BA4100026E6
S21402C630A64209D10B4D0C4C09F0E2FD641BA41076
S21402C6400026A64205D170BD55F8043B9847013630
S21402C650EEE755F8043B98470136F2E7F41500205A
S21402C660F4150020F4150020F8150020024B0146B0
S21402C670186800F0A5B900BFB814002070B50F4EB8
S21402C6800C463168054611B900F072F93060214651
S21402C690284600F06DF9431C03D14FF0FF342046C4
S21402C6A070BDC41C24F00304A042F8D0211A284608
S21402C6B000F05EF90130F2D1EFE700BF243C002023
S21402C6C02DE9F041CD1C25F0030508350C2D38BFA9
S21402C6D00C25002D064601DBA94204D90C23336043
S21402C6E00020BDE8F081314F00F036F93B681C4669
S21402C6F044BB29463046FFF7C1FF431C044650D1CF
S21402C7003C682146002941D1002C44D0236830469B
S21402C71004EB030800F02CF980453CD121686D1A21
S21402C72029463046FFF7AAFF013034D023682B444F
S21402C73023603B68002B36D05A68A24229D10022D9
S21402C7405A600EE02268521B1DD40B2A16D96119B4
S21402C750A342256018BF5960636808BF39606251FA
S21402C7604B60304600F0FEF804F10B00231D20F06B
S21402C7700700C21AB5D01B1AA350B2E7A3426268DA
S21402C780DED13A60EDE723466468B1E70C464968B5
S21402C790B8E71346CEE70C233360304600F0E2F8E3
S21402C7A09EE70560DDE75B60FFDE00BF283C0020F9
S21402C7B01FB514461A46094B1B680546D86854B975
S21402C7C0074B1C46CDE9013400912B46054900F083
S21402C7D0B1F809F07DFC044BF4E700BFB814002062
S21402C7E093B60300291E04001C1E0400002310B585
S21402C7F00446C0E90033C0E904338360818143669E
S21402C800C2818361194608225C3009F0D6FA0D4BC4
S21402C81063620D4BA3620D4BE3620D4B23630D4B1C
S21402C82024629C4206D003F16802944202D0D033BE
S21402C8309C4205D104F15800BDE8104009F0C5BA83
S21402C84010BD00BFA55C0300C75C0300FF5C0300CD
S21402C850235D03002C3C0020024A0349034809F0EA
S21402C86064BA00BF0815002081600300BC140020D3
S21402C87041680C4B994210B5044601D009F000FC01
S21402C880A168094B994202D0204609F0F9FBE168FB
S21402C890064B994204D02046BDE8104009F0F0BB92
S21402C8A010BD00BF2C3C0020943C0020FC3C002025
S21402C8B010B50B4B0B4C0C4A1A6020460022042182
S21402C8C0FFF794FF04F1680001220921FFF78EFFAB
S21402C8D004F1D0000222BDE810401221FFF786BF05
S21402C8E0643D00202C3C002059C80200014809F093
S21402C8F06DBA00BFAD500020014809F068BA00BF0B
S21402C900AD50002010B50446FFF7F0FF236A1BB1B6
S21402C910BDE81040FFF7F0BF044B2362044B1B68D0
S21402C920002BF5D1FFF7C4FFF2E700BF71C8020083
S21402C930643D00200EB403B5014603AB054853F828
S21402C940042B0068019300F085F802B05DF804EB52
S21402C95003B07047B8140020014809F037BA00BF88
S21402C960AC500020014809F032BA00BFAC5000209B
S21402C97038B5064D0023044608462B60D6F7F6FA6D
S21402C980431C02D12B6803B1236038BD683D0020EA
S21402C99038B5074D04460846114600222A601A4654
S21402C9A000F0A5FE431C02D12B6803B1236038BDFC
S21402C9B0683D0020014B1868704700BFB81400207D
S21402C9C038B50546002941D051F8043C0C1F002B0F
S21402C9D0B8BFE418FFF7C0FF1D4A136833B9636097
S21402C9E014602846BDE83840FFF7BCBFA34208D90A
S21402C9F0206821188B4201BF19685B6809182160FC
S21402CA00EDE71A465B680BB1A342FAD911685018D3
S21402CA10A0420BD120680144501883421160E0D135
S21402CA2018685B68536008441060DAE702D90C2382
S21402CA302B60D6E7206821188B4204BF19685B6812
S21402CA40636004BF091821605460CAE738BD00BF9E
S21402CA50283C00202DE9F04F0D469DB0144698461E
S21402CA60064618B1036A0BB9FFF74CFF6B6ED9077F
S21402CA7005D4AB899A0502D4A86D09F0A7F9AB894B
S21402CA801B0701D52B699BB92946304600F0FAF8F8
S21402CA9070B16B6EDC0704D54FF0FF301DB0BDE8F9
S21402CAA0F08FAB899805F7D4A86D09F090F9F3E7F3
S21402CAB00023099320238DF82930CDF80C803023EB
S21402CAC0DFF8AC818DF82A304FF0010923469A46EA
S21402CAD013F8012B0AB1252AF9D1BAEB040B0BD0B5
S21402CAE05B4622462946304609F089F9013000F0B5
S21402CAF0A780099A5A4409929AF80030002B00F04F
S21402CB009F8000234FF0FF32CDE905230AF1010A88
S21402CB10049307938DF853301A935446052214F85B
S21402CB20011B5348D3F7FCFA049AD8B9D10644BF7E
S21402CB3020238DF85330130744BF2B238DF8533030
S21402CB409AF800302A2B15D0079A544600204FF048
S21402CB500A0C214611F8013B303B092B4BD9B0B1E8
S21402CB60079214E0A0EB080309FA03F313430493B5
S21402CB70A246D2E7039B191D1B680391002BBBBF7D
S21402CB805B4242F0020207930793B8BF04922378EF
S21402CB902E2B0AD163782A2B32D1039B1A1D1B68CF
S21402CBA0039243EAE37302340593DFF8D4A02178B4
S21402CBB003225046D3F7B4FA38B1049BA0EB0A001E
S21402CBC04022824013430134049314F8011B29487F
S21402CBD08DF828100622D3F7A3FA00283FD0264B5A
S21402CBE01BBB039B073323F0070308330393099BFE
S21402CBF03B4409936AE70CFB02320C460120A8E785
S21402CC0000230134059319464FF00A0C204610F80B
S21402CC10012B303A092A03D9002BC6D00591C4E766
S21402CC200CFB012104460123F0E703AB00932A46DE
S21402CC30124B04A93046AFF300800746781CD6D1C3
S21402CC406B6ED90705D4AB899A0502D4A86D09F094
S21402CC50BEF8AB895B063FF51FAF09981EE703AB2C
S21402CC6000932A46054B04A9304600F061F8E4E733
S21402CC70591F0400631F040000000000FF5D03004C
S21402CC805F1F040038B5294B054618680C4618B1D4
S21402CC90036A0BB9FFF736FEB4F90C30190722D433
S21402CCA0DA0607D409222A6043F04003A3814FF034
S21402CCB0FF3033E0580712D5616B41B104F14403EB
S21402CCC0994202D02846FFF77BFE00236363A389BE
S21402CCD023F02403A3810023636023692360A389CE
S21402CCE043F00803A38123694BB9A38903F4207395
S21402CCF0B3F5007F03D02146284609F016FAB4F9A8
S21402CD000C3013F001020AD00022A260626952427D
S21402CD10A261226942B913F08000C5D138BD9907D5
S21402CD2058BF6269A260F4E70020F7E7B814002053
S21402CD302DE9FF470F7E0C9E782F914680460C46C3
S21402CD409A4601F1430207D8622F0AD8002F00F054
S21402CD50DD80582F00F0C38004F1420684F842704A
S21402CD603AE0A7F16303152BF6D801A151F823F098
S21402CD70C9CD0200DDCD020059CD020059CD020018
S21402CD8059CD020059CD0200DDCD020059CD020078
S21402CD9059CD020059CD020059CD0200F3CE020051
S21402CDA06BCE0200ABCE020059CD020059CD020076
S21402CDB015CF020059CD02006BCE020059CD0200FB
S21402CDC059CD0200B3CE020033681A1D1B683260CA
S21402CDD004F1420684F842300123A8E03168236851
S21402CDE0081D30601E0601D50D6803E05D06FBD502
S21402CDF0B1F900506168002D78DA2D20002984F8F8
S21402CE004300A1602DDA5E486D420A231646B5FB42
S21402CE10F3F103FB1157C75D06F8017D2F46BB42AF
S21402CE200D46F4D9082B0BD12368DF0708D52369F2
S21402CE3061689942DEBF302306F8013C06F1FF36F0
S21402CE40921B2261CDF800A04B4603AA214640461B
S21402CE5009F025F801306FD14FF0FF3004B0BDE87D
S21402CE60F08723F004032360CDE7216833680806C1
S21402CE7053F8045B02D4490648BFADB26F2F404850
S21402CE80336014BF0A230823002184F8431066681F
S21402CE90A660002EBADB216821F004012160002D75
S21402CEA0B4D1002EB2D11646BCE7236843F0200365
S21402CEB023603448782784F84570236831681F0653
S21402CEC051F8045B02D45F0648BFADB23160D907A1
S21402CED044BF43F0200323601DB11023D4E7284843
S21402CEE0E9E7236823F020032360F6E724480A23B1
S21402CEF0CDE7336825686169181D30602E061B6809
S21402CF0001D5196002E06806FBD51980002323616B
S21402CF10164697E733681A1D32601E68626800215B
S21402CF203046D3F7FDF808B1801B60606368236162
S21402CF30002384F8433085E7236932464946404653
S21402CF40D047013088D023689B0714D4E068039B3F
S21402CF509842B8BF184681E7012332464946404602
S21402CF60D04701303FF478AF0135E36803995B1A86
S21402CF70AB42F1DCEAE7002504F11906F5E700BF4B
S21402CF806A1F04007B1F040038B5064D00230446C2
S21402CF9008462B6000F09AFB431C02D12B6803B1B3
S21402CFA0236038BD683D002038B5074D0446084664
S21402CFB0114600222A601A4600F095FB431C02D155
S21402CFC02B6803B1236038BD683D002038B5074D95
S21402CFD004460846114600222A601A4600F085FBDF
S21402CFE0431C02D12B6803B1236038BD683D002084
S21402CFF0024B0146186809F0D4B800BFB8140020E6
S21402D00038B5074D00230446084611462B6000F04B
S21402D01061FB431C02D12B6803B1236038BD00BFFD
S21402D020683D002038B5064D0023044608462B60AE
S21402D03000F054FB431C02D12B6803B1236038BDB9
S21402D040683D002038B5074D0023044608461146C1
S21402D0502B6000F045FB431C02D12B6803B1236012
S21402D06038BD00BF683D0020704701230222082118
S21402D0700320D7F7FBBC0822002311460320D7F76C
S21402D080F5BC18B1102901D9D4F77EBA0020704732
S21402D09070B5064607250020C309C3EBC30203EB9F
S21402D0A0820341FA05F44200DBB2D2B204F0010474
S21402D0B014FB06F453406340013DD8B2ECD270BD77
S21402D0C0012830B5034618D0072290FBF2F2901CD6
S21402D0D000EB400404EBC30401329B0005349500C8
S21402D0E00A3394FBF5F46400002A02DC06230B7074
S21402D0F030BD8B54013A1B1BF6E70020F8E72DE9FA
S21402D100F0470746884691461E460024B4420CDB8A
S21402D110BDE8F0877919089801235246D4F75CFBDC
S21402D12001354D45F6DB0134F0E7002508EB040A2D
S21402D130F7E72DE9F04F870007F1110505FB05F229
S21402D140073285B00C46D2108146013200212046B5
S21402D15008F033FE25702B4601220021062000949B
S21402D160FFF7CDFF2A460123062100200094FFF791
S21402D170C6FF092300211A46084607F1090500944E
S21402D180FFF7BDFF09230822002128460094FFF777
S21402D190B6FF0DF1080A082309222946002000944A
S21402D1A0FFF7ADFF51464846FFF78AFFB0F1000889
S21402D1B02EDCB9F1060F0EDD063706230322002108
S21402D1C038460094FFF79BFF009403230622394655
S21402D1D00020FFF794FF05B0BDE8F08FAB454FF097
S21402D1E000060AD01AF806101AF80500009405235D
S21402D1F01A4602390238FFF782FF0136B04503D0DD
S21402D200002DEFD1B345EDD10135A845E6DCD0E7D8
S21402D21000252E4608F1FF3BEFE738B50B680546BA
S21402D2200C4603B9154418222146201D08F0ABFD12
S21402D230256038BD10B404788C4206D9944204D9CD
S21402D2405DF8044B0023D4F7C7BA5DF8044B704769
S21402D2502DE9F04F8BB006460D461746984608F065
S21402D26019FD9DF958A09DF85CB0814668B9159BDA
S21402D2700093CDE90357CDE901AB149B4246014624
S21402D280D4F786FC0BB0BDE8F08F159B9C001134DA
S21402D29064430734E41030460134D5F7EBF8A8B1FE
S21402D2A049460120D5F71EF9A04232D82A46314611
S21402D2B006A8D5F72FF9159B0093CDE90357CDE9BC
S21402D2C001AB149B4246012106A8D9E73046D5F7A2
S21402D2D0EBF858B149460220D5F704F9A04218D80F
S21402D2E02A46314606A8D5F783F9E4E7A14510D8C1
S21402D2F0335C2B5401308145FAD1042049468DF81F
S21402D3001800D4F797F90990013002D0CDE90795B5
S21402D310D1E700203870B5E7ECF7CCB808B501F0D5
S21402D3204DFFD5F7FDF901F056FFD3F7AFFCDAF75C
S21402D330C9FDF8E700F00DB908B5D5F755FED6F7E2
S21402D3405DF9D5F739FBD5F73DFBBDE80840D5F7C3
S21402D3505BBB08B500F0FBF8DBF7B8F800F0F5FEAB
S21402D360D5F706FBBDE80840D5F7F4B908B5D8F7F7
S21402D370E5F800F0E8FED8F7EDF8DDF729FFDDF76F
S21402D380C5FFBDE80840DDF7FDBF70477047D5F71B
S21402D39007BA08B502F051F8BDE8084002F06EB8C8
S21402D3A07047D5F7F3BA012070470120704738B5A9
S21402D3B0D5F7F0F9044601F02CFE051E18BF2546E7
S21402D3C0DEF77EF8041E18BF2C46FFF7ECFF002897
S21402D3D018BF204638BD38B5DAF77AFE0446D5F7C8
S21402D3E0DBFA04281ED002284FF0000508BF0124ED
S21402D3F001F011FE042817D0022808BF012402F00B
S21402D4005BF8042812D0022808BF0124FFF7CDFFDC
S21402D41004280DD0022808BF0124002D18BF0024BE
S21402D420204638BD0125E3E70125E8E70125EDE7BB
S21402D4300024F5E7FF20704708B5FFF7FBFF002042
S21402D44008BD07B500220346009211460120DDF70B
S21402D45069F803B05DF804FB08B5002002F0D0FCC2
S21402D4600020E2F7BFF80020DEF7C0FB0020DFF75F
S21402D4702DF90020DFF71AFFBDE808400020DFF78D
S21402D480EDBF012002F0FEBA08B50220E0F7B8FCB4
S21402D4900220DFF7EDFF0220E2F78AFB0220DFF729
S21402D4A015F9BDE808400220E0F766BA704702F0B8
S21402D4B04DBD70477047DEF72BBB7047704770470D
S21402D4C07047704710B50446E0F77CF92046DEF751
S21402D4D04FFE2046BDE8104002F00EBB02F03BBBFA
S21402D4E002F045BBDFF7ECBE7047704770477047E7
S21402D4F0704770477047704770477047704770476D
S21402D500DFF762BF7047704770477047704782B058
S21402D5106B4683E8060093E8060002B0DEF7C6B85C
S21402D52070477047704703F02FB903F033B970475E
S21402D5300020704703F030B903F03AB908B5042268
S21402D540012305210020D7F791FA002008BDFFF736
S21402D550F5BF08B50023184604220521D7F786FA38
S21402D560002008BD08B5042201230F210320D7F7A7
S21402D5707DFA002008BD70B5002506462C46052C0F
S21402D58020D8DFE804F003070B0F13175B210820EF
S21402D590D5F790FD0C210820D5F78CFDD121082067
S21402D5A0D5F788FD80210820D5F784FD00210820C4
S21402D5B0D5F780FD294608206C1CD5F77BFDE4B222
S21402D5C025460624A4F10E03012B05D85A2108206D
S21402D5D0D5F770FD0134D2E7102C05D1BDE87040B6
S21402D5E05D210820D5F766BDB31F195DEFE707B5C5
S21402D5F020F07F4040EA8170012301906846009344
S21402D600FFF7B9FF03B05DF804FB70B506680C4679
S21402D6108D18AC4201D1002070BD14F8011B91FA9E
S21402D620A1F13046090E00F06EFBF2E702681369BC
S21402D6309B06FCD5704710B5046823691B0600D408
S21402D64010BD204600F04FFBF7E7FEE74FF4004020
S21402D65070474FF47A707047002303607047036880
S21402D6600B600160704710B538B132B129B10023A2
S21402D6700139D45C14B90023037010BD8B42FAD270
S21402D68000F8014B0133F4E7034638B1002081422B
S21402D69004D01A5C02B970470130F8E770474FF0C1
S21402D6A0FF31FFF7F1BF70B50C461646054660B16E
S21402D6B05AB151B1FFF7F3FF844206D9211A324616
S21402D6C02844BDE87040FFF7CEBF70BD4FF0FF3074
S21402D6D07047FEE700207047012070470120704720
S21402D6E04FF0FF3070470020704700207047002040
S21402D6F07047436803B1184722207047436903B155
S21402D7001847FF20704730221C2302FB003000F12E
S21402D710047000F5204001EBC001890008687047DC
S21402D72038B50D682B78022B0C460CD0697928790F
S21402D730FFF7E9FFB0FA80F0400928702046BDE8FE
S21402D7403840D3F793BA38BD03681878704710B5D7
S21402D75004682378022B15D061792079FFF7D3FF6E
S21402D760A279012A15D10038638818BF012040EA41
S21402D770430363F03F039BB24FF6E0718B4202D144
S21402D7802270638010BD4FF6DF729342F9D10022F9
S21402D790F6E7002AF6D1B0FA80F040092070F1E7E9
S21402D7A003681A78022A03D100225A80D5F7EEBB04
S21402D7B0704713B504682378022B10D0A379022B86
S21402D7C00BD160790021D5F731FF627920790023E9
S21402D7D0CDE900331146D7F705F90223237002B0CC
S21402D7E010BD4FF060420123D2F8001E83400B4367
S21402D7F0C2F8003E002070474FF060410122D1F887
S21402D800003E824023EA0203C1F8003E0020704731
S21402D810D0E900031847836800681847C3680068A1
S21402D8201847036900681847437810B50122047840
S21402D8300C219A40302313FB0413817803F18043B2
S21402D84003F5204319B903F180631A6010BD03F192
S21402D850C063FAE7437810B5012204780C219A4097
S21402D860302313FB0413817803F1804303F520432E
S21402D87019B903F1C0631A6010BD03F18063FAE7B9
S21402D8804178037801228A4030214B4303F18043DA
S21402D89003F520439A617047024600780C21302334
S21402D8A013FB001303F10473517803F5204301EBD5
S21402D8B0C3039B0018689378C0B213B9B0FA80F01D
S21402D8C04009704710B588B004460E9807900D9828
S21402D8D006909DF8300005900B9804909DF828005D
S21402D8E003900020CDE9013000920B46224601212A
S21402D8F0D5F71CFC08B010BD704713B5044601A846
S21402D900D7F70EFB9DF80630238040F201136380A2
S21402D910D7F72CFB6060002002B010BDD7F7B8B96D
S21402D92008B5D7F7A5F9002008BD10B5044644EAA5
S21402D930010313F00303084609D1934201D10020E4
S21402D94010BD54F8231040F823100133F5E7920077
S21402D950214608F06CF9F2E7704708B5D5F7F0FFF4
S21402D960013008BDEFF3108072B6704700B962B698
S21402D9707047602383F311887047EFF311806023AA
S21402D98083F31188704780F31188704784B00B6860
S21402D99000934B6801938B680293CB680393009BBA
S21402D9A00360019B0360029B0360039B03600023EA
S21402D9B0009301930293039304B0704784B0036804
S21402D9C00093036801930368029303680393009B22
S21402D9D00B60019B4B60029B8B60039BCB6000231A
S21402D9E0009301930293039304B0704730B5D1E9D4
S21402D9F00223D1E90054056004600260036030BD72
S21402DA0030B50568046802680368C1E90054C1E9D4
S21402DA10022330BD7FB58A0704460B4610D06D46FA
S21402DA2001F11006186859682A4603C20833B34241
S21402DA301546F7D169462046FFF7D8FF04B070BDF9
S21402DA400091009904B0BDE87040FFF7CFBF30B533
S21402DA508B0785B00C4610D06946FFF7D1FF0D46FE
S21402DA60234604AC2A4603CAA242186059601546E9
S21402DA7003F10803F6D105B030BD0091009905B058
S21402DA80BDE83040FFF7BCBF00F1424303F5801308
S21402DA90102A10B54FEA43130AD101221A6000F584
S21402DAA08870FFF773FF1031BDE81040FFF76EBFB6
S21402DAB000221A602430F7E7F0B50B46990789B0C2
S21402DAC0044615462DD0082A19D16D4603F11006D4
S21402DAD0186859682A4603C20833B3421546F7D176
S21402DAE0082269462046FFF7CFFF03226B46002036
S21402DAF0013A186003F10403FAD209B0F0BD6E468B
S21402DB0003F1200718685968324603C20833BB423D
S21402DB101646F7D12A4669462046FFF7B5FF072282
S21402DB20E4E70093009909B0BDE8F040FFF7ACBF08
S21402DB3010B52030FFF742FF102A04D1BDE810408E
S21402DB401031FFF73BBF10BD30B58B0789B00C46CE
S21402DB50154625D06946FFF7EBFF082D6A4613D116
S21402DB6004AD134603CBAB42206061601A4604F153
S21402DB700804F6D103226B460020013A186003F12E
S21402DB800403FAD209B030BD08AD134603CBAB424C
S21402DB90206061601A4604F10804F6D10722EAE71B
S21402DBA00091009909B0BDE83040FFF7C1BF704749
S21402DBB070477047D6F7A6BBD6F736BB70B5054694
S21402DBC00E461446FFF7CEFE2B685C4034405C409F
S21402DBD02C60BDE87040FFF7C9BED7F7A1B8CB43AB
S21402DBE05B0003F00A03C360C160704738B5D7F71D
S21402DBF00DFA8B7C04460D461BB1036843F0804346
S21402DC000360EB7C1BB12B7D43F08003A3652A8A5D
S21402DC106B7B1343EA89134363602B7BD5E90112BE
S21402DC202046D7F7AFF96B7D1BB1236843F48033E8
S21402DC302360AB7D1BB1236843F400432360EB7D76
S21402DC402A7E1B07120502F4E00203F0E0431343A8
S21402DC502366636F23F030036367626F6B7E134342
S21402DC6063672B78E36038BD38B5D7F7CFF90B8AF0
S21402DC70026843F0010313438A7B43EA822303606C
S21402DC8003680A7D43EA427303608B7C04460D46B2
S21402DC901BB1CB7C43F0800383652B7B43F480531C
S21402DCA06360D5E901122046D7F79EF96B7B0BB16C
S21402DCB01023E3606B7D1BB1236843F4803323603B
S21402DCC0AB7D1BB1236843F400432360EB7D2A7EC1
S21402DCD01B07120503F0E04302F4E0021343236637
S21402DCE02B78E36038BD03691B06FCD5C069C0B259
S21402DCF0704703695A06FCD5416303699B06FCD547
S21402DD00C069C0B2704703695B06FCD541637047C1
S21402DD1030B102680021538812880846D7F7C0B986
S21402DD200520704737B50446A8B14568FFF7F0FFEF
S21402DD30014668B922681389528953430193EBB2AC
S21402DD400093C5F30742C5F30723D7F7C9F901467F
S21402DD50084603B030BD0521FAE7024658B1118ADB
S21402DD60936952698089013301325B1A121A9BB297
S21402DD7092B2D7F795B905207047F0B4C8B1C1B1D1
S21402DD800E688C68A64217DA4D68CA68954213DA9E
S21402DD9056EA050112D401680F88BC420EDA498899
S21402DDA08A420BDAC0E90365C0E90542F0BCFFF718
S21402DDB0D4BF0520F0BC70470420FBE70320F9E738
S21402DDC010B5040C0C70010A1170187010BD73B5F2
S21402DDD00D461646044690B10C3000F02FF880B17E
S21402DDE0A26801230193D3B20093B1B2C2F3072310
S21402DDF0A8B2C2F30742D7F773F902B070BD052086
S21402DE00FBE70120F9E773B50D4616461C4688B1B6
S21402DE100C3000F013F878B101230193E3B20093BB
S21402DE20C4F30742C4F30723B1B2A8B2D7F758F92E
S21402DE3002B070BD0520FBE70120F9E778B1036860
S21402DE408B420BDC83688B4208DB4368934205DC1B
S21402DE50C0689042B4BF002001207047002070477F
S21402DE60036882689342C4BF02608360C2684368E4
S21402DE709342C4BF4260C360704770B504460FC980
S21402DE8088B004AD85E80F002846FFF7E9FFE3688F
S21402DE90049AA0689A42B8BF0493069A63699A42A3
S21402DEA0C8BF0693059A23699A42B8BF0593079A94
S21402DEB0A3699A42C8BF07930DF10E020DF10F0334
S21402DEC00DF10D01FFF77CFF04980599069D079E4C
S21402DED02D1A761A0135013689B2B3B2AAB280B2C9
S21402DEE0D7F7DEF8014680B99DF80F3000937543E8
S21402DEF09DF80E309DF80D200195D7F7F1F80146F2
S21402DF0018B92046FFF729FF0146084608B070BD3B
S21402DF102DE9F04F85B0044602921A469DF8383035
S21402DF200393002800F08180A1F12005EBB25E2B5E
S21402DF307DD890F82830022B1AD13A291AD02029F7
S21402DF401AD030398DB2238CAB4270D9E369019373
S21402DF504FF0000B90465E4694F825101FFA8BF39E
S21402DF6099420BD8B6FA86F0400905B0BDE8F08FA4
S21402DF70ADB2E8E70A25E6E70B25E4E794F8223097
S21402DF80012B05D0022B1ED0019B53F825A002E0E0
S21402DF90019B13F805A04FF0000994F824301FFAED
S21402DFA089F7BB4213D894F8243094F827100B4410
S21402DFB09F422ADB94F823302B449DB20BF1010BCF
S21402DFC008F10108C8E7019B33F815A0E3E71AF049
S21402DFD0010F0FD0029B424603EB09012046FFF7D2
S21402DFE0F6FE0128C1D800B901364FEA5A0A09F1ED
S21402DFF00109D2E7039B002BF7D0029963684246D9
S21402E00049442046FFF7FFFEEBE7039B53B1029914
S21402E0106368424639442046FFF7F5FE0128A4D835
S21402E02000B901360137BFB2BDE705209DE70220E1
S21402E0309BE72DE9F74F0C9F9DF834A00C469846B7
S21402E040054670B369B390F8283063B38E18C3469A
S21402E0504FF00009B44205D1B9FA89F0400903B07D
S21402E060BDE8F08F14F8011B0A2907D195F8253070
S21402E0703B4495F82670C3461F44EBE7CDF800A054
S21402E0803B465A462846FFF743FF0128E7D808B919
S21402E09009F1010995F8243095F8272013449B448A
S21402E0A0D8E70520DBE70220D9E708B520B11C3007
S21402E0B021B9102207F081FE052008BD01F11003E8
S21402E0C051F8042B40F8042B9942F9D10020F4E7CA
S21402E0D02DE9F0470446084691461E460D4607F0CF
S21402E0E0D9FD94F8241094F82530089F9DF82880CE
S21402E0F00246414394F8260003440998012E09FB80
S21402E10003000BD0022E0ED00023CDE908083B44B4
S21402E11029462046BDE8F047FFF78BBF23681B88D9
S21402E1205B1A5B08F1E723681B885B1AEDE70020A1
S21402E130704700207047002070470120704701207A
S21402E14070470F207047E4F741BE704770B504462B
S21402E1500D46FFF707FCA36A102B064604F10501DD
S21402E160284614BF10220822FFF7A6FC05F18400F9
S21402E17004F14C01FFF74EFC3046BDE87040FFF755
S21402E180F5BB2DE9F043074685B016461C460D46FC
S21402E19031B9D7F7F7F9054601463846FFF7D6FFF5
S21402E1A044B3FFF7DFFB97F842308046F3B10E2206
S21402E1B000210DF1020007F000FE0E2CBB8DA146D9
S21402E1C028BF4FF00E095BBA31464A460DF10200EF
S21402E1D0ADF8003007F02BFD69462846D7F7F6F96A
S21402E1E00023A4EB09044E4487F842302CB940467B
S21402E1F0FFF7BCFB05B0BDE8F083102C27464FF0B6
S21402E200100228BF10270021684607F0D6FD3146C7
S21402E2103A46684607F00BFD69462846D7F7D6F910
S21402E220E41B3E44E2E72DE9F04F8BB00546DDF8ED
S21402E2305080169E17469A460C464FF00109002952
S21402E2407BD1D7F79FF9CDF8009004462B6E2F713D
S21402E2504FF000095FFA88F7EB62C5F8449085F83C
S21402E2606C704246514605F15C00019307F0DFFCF4
S21402E270159A019BC7F10F0B023AC7F10E07B3EBD3
S21402E2800903FFB24FEA520247EAC20218BF01234D
S21402E29042EA8313514642460DF109008DF80830D2
S21402E2A007F0C5FC06AA4B465FFA8BFB9146D9B22D
S21402E2B08B4547D8002E59D166602660FFF752FB81
S21402E2C0AB6A0190102B14BF10220822691D20464B
S21402E2D0FFF7F2FBC4F8886002A9C4F888602046FB
S21402E2E0C4F88860C4F88860D7F770F90198FFF719
S21402E2F03DFB424651460DF119008DF8187007F0A5
S21402E30096FC08F101005A463146484407F055FD8E
S21402E31001238DF82730FFF725FB04F18407064614
S21402E32049463846FFF776FB3046FFF71FFB009B51
S21402E3306BB900200BB0BDE8F08F002380F8429046
S21402E340009383E702F8016D0133360AAFE7FFF761
S21402E35009FB05F14C0106463846FFF778FB3046C6
S21402E360FFF704FB2046D7F717F9E2E76FF08600BF
S21402E370E0E701440023884200D1704700F8013BE1
S21402E380F9E72DE9FF47DDF83890DDF848800C46BE
S21402E390064617469A46D7F7F5F80C9BC6F86090DD
S21402E3A0224600930146CDE901870546534630468C
S21402E3B0FFF739FF0446C8B90D9A4B462946304640
S21402E3C0FFF7DFFE3FB1109B00933A460F9B2946AC
S21402E3D03046D7F765F9119A434629463046D7F7AD
S21402E3E003F9044610B92846D7F7D6F8204604B0F3
S21402E3F0BDE8F0872DE9F843154689460746984654
S21402E400D7F7C0F80023436003600446FFF7AAFA72
S21402E410B9F1100F14BF102208223946064604F13D
S21402E42080072046FFF748FB41463846FFF7F2FAD8
S21402E4303046FFF79BFA012D0CBF05230623A36087
S21402E440256915F00205FBD1FFF78CFA08990646F6
S21402E4503846FFF7FCFA3046FFF788FA2046D7F729
S21402E4609BF82846BDE8F8832DE9F04190461E4603
S21402E470054678B38B422DD1D7F784F80023436044
S21402E48003600446FFF76EFA102E074614BF1022EA
S21402E490082229462046FFF70FFB3846FFF766FAA2
S21402E4A00523A360256915F00205FBD1FFF75AFA8A
S21402E4B0102E14BF10220822414607462046FFF7B8
S21402E4C043FB3846FFF752FA2046D7F765F8284648
S21402E4D0BDE8F0816FF08600FAE7704700207047CB
S21402E4E000207047C3681944836853F8210030F847
S21402E4F0023B1360704710B5012380F8883003781A
S21402E500044653B100F064FA21462046D7F756FD7A
S21402E5102046BDE8104000F050BA10BD38B50D4692
S21402E5200446D7F733FD6B68C4F8B032A9682046B4
S21402E53000F098F94FF0FF33C4F8B4322046FFF7E4
S21402E540CDFF38BDD0F8B432013310B5044601D041
S21402E550002010BD00F0BFFAC4F8B4020130F7D1B3
S21402E56094F8B80280F00100F3E708B5D7F748FD43
S21402E57008BD0A782D2A08BF012200F1FF300CBF21
S21402E58089180022D7F786BD07281BD8DFE800F0D7
S21402E590060A0D10131504170120704700220820E2
S21402E5A0D7F778BD00221020FAE700222020F7E7EE
S21402E5B00820FFF7DEBF1020FBE72020F9E7084619
S21402E5C0D7F7CABD002070472DE9F7430728DDE9D3
S21402E5D00A760C4690461D4608D8013806280AD800
S21402E5E0DFE800F01D27303A44574A00212850D071
S21402E5F003B0BDE8F083002211462046FDF76AFF0D
S21402E6003368C0B205EB83013A6845F8230001334C
S21402E61048F8221033603B6801333B60E8E700228B
S21402E62011462046FDF756FF336880B205EB83019C
S21402E630EAE7002211462046FDF74CFF336805EB59
S21402E6408301E1E7002211462046FDF7C7FE336844
S21402E65040B205EB8301D7E7002211462046FDF7BC
S21402E660BDFE336800B205EB8301CDE700221146FA
S21402E6702046FDF7B3FEE1E700238DF80630894613
S21402E6801E461D4619F8013F7D2B06D125702D0A20
S21402E69065703B6848F82340BDE7202BF2D006F0B1
S21402E6A00102013612B98DF80430EBE71022002180
S21402E6B001A88DF80530FDF791FE631901359870B3
S21402E6C0ADB2DFE72DE9F04F9B4685B000238B45C0
S21402E6D0CDE902338146884692466BDC1A461E46D0
S21402E6E019F80340FF2C08D15B4496B1013B434521
S21402E6F016DD2B2005B0BDE8F08F172C04D8102CA1
S21402E70028BF01220133EBE7203C012C98BF0126EB
S21402E710F8E762B1013B4345EBDC3546374602E09B
S21402E72000252F462E46454504DB0020E2E79845A5
S21402E730F3D0DEE75D453BDB19F80730202B18D116
S21402E74009EB07035B78FF2BD3D1CEB95AF8251015
S21402E7502046FFF719FF78B303AB019302AB009391
S21402E7605AF82510DDE90E232046FFF72DFF013566
S21402E770D9E7212B0ED109EB07035B78FF2BB8D123
S21402E780029B0E995AF8252041F823200133029362
S21402E7900126ECE7A3F11004072C02D901371C4628
S21402E7A0D3E709EB07035B78FF2BA2D1E4B2CCE7F1
S21402E7B00624CAE721209DE726209BE72DE9F04F95
S21402E7C085B0DDE90FABDDF8449007460E461546E8
S21402E7D098460446206808B3DAF80020D8F80010F5
S21402E7E08A421BDA0E9B53F82210D4F79DFB48BBD5
S21402E7F0DAF800200132CAF800206268117BFE298E
S21402E8001BD10E9B10680093CDE902B9CDF804A087
S21402E81043462A460121FFF7D1FF04462B7843B927
S21402E82099F800302BB97EB1012389F800303C46B6
S21402E8302B70204605B0BDE8F08F01238BF8003020
S21402E8402B70EBE70C34C5E73446F2E710B5044606
S21402E850236803B910BD237A13B92046D7F7B2FC52
S21402E8600C34F5E710B541B10A7932B901249C306F
S21402E8700C71FEF7F4FE204610BD0020FCE72DE9E1
S21402E880F041BAB005460AAA084603A900F05FF9A5
S21402E8900446B0B90DF10A0301930DF10B038DF88E
S21402E8A00A0000930AAA04AB03A92846D7F750FE2B
S21402E8B09DF80A20B2B19DF80B2048B12AB1D7F7CD
S21402E8C081FC20463AB0BDE8F081FFF7BFFFF8E7CB
S21402E8D0D5F89C50002DF4D0A86808B1FFF7B6FF13
S21402E8E02D68F7E700B3466803991AAB06F10C08E1
S21402E8F02AAF01930097049B0AAA4046FFF7E2FE5E
S21402E90004460028DDD1039B0595CDE90637049B16
S21402E91005A8CDE90838DAF79FFB05A833689847BB
S21402E92005A800F0C7FCCCE72D24CAE710B50446BC
S21402E930AC3007F0AFF904F1AB031A18002093428B
S21402E94000D110BD13F8011F0029FAD00A2908BF0A
S21402E9500130F4E70023F0B50B6013600646D0F8EA
S21402E960AC0278B196F8AC0060B1012406F1AC07AF
S21402E970D6F8AC02844211D306F1AC00B3F5007FA0
S21402E98011D30120F0BD0D6801350D601568013503
S21402E9901560F85C0A2803F1010302D0B3F5007F84
S21402E9A0F1D30134E4E7C15C0A29EAD00029E8D0B1
S21402E9B01168013111600133E0E710B5D0F88C2000
S21402E9C00021044607F0F9F90023C4E9243310BDF8
S21402E9D073B5044600F1AC0580212046FEF754FECE
S21402E9E04FF4007106462846FEF74EFE0136C0F585
S21402E9F00070864220461FD807F04CF90646284685
S21402EA0007F048F90136421C2946A81907F0BBF957
S21402EA10204607F03FF921460246284607F007F946
S21402EA20204607F037F920440A2380F8AC3000234A
S21402EA30C4F8AC3202B070BDFFF778FF01AAC4F882
S21402EA40AC0269462046FFF785FF009B234400225E
S21402EA5083F8AC20C0E773B50D460446FFF766FFA1
S21402EA606B1C1FD1D4F8AC3213B1013BC4F8AC32E4
S21402EA700025204607F00EF9A8421BD82046FFF7CD
S21402EA809CFFD4F8AC325BB101AA69462046FFF778
S21402EA9061FF28B1009D04F1AC06019BAB4214D87D
S21402EAA002B070BD012DFBD1D4F8AC328342F7D24E
S21402EAB00133DBE7082000F01DF8202000F01AF8EA
S21402EAC0082000F017F80135D3E7715D2046D7F726
S21402EAD071FE0135E1E707B500200DF1070100F0F0
S21402EAE0EFF820B99DF8070003B05DF804FB4FF07D
S21402EAF0FF30F9E710B5C1B20446002000F0D0F8A6
S21402EB0000280CBF20464FF0FF3010BD0FB407B5EB
S21402EB1004A951F8040B0191E2F718FA002003B099
S21402EB205DF804EB04B0704710B54C1C0B46011997
S21402EB30045D222C03D07B2C01D05C2C05D1D21A8A
S21402EB40184407F020F9012010BD0020FCE72DE94B
S21402EB50F04705469146884607F09CF82A46064640
S21402EB601346013219782029FAD0C9F800305C1B06
S21402EB700123C8F800306FF0404AA64201D80020B0
S21402EB8015E02F5D7B2F05EB040112D0222F2ED12C
S21402EB90D8F80030621C53442A4449F82320012C3A
S21402EBA009D911F8013C13F0DF0F04D02120BDE88B
S21402EBB0F0877D27F3E701342B5DBB4209D12B1981
S21402EBC05B7813F0DF03F1D1222F00D12B550134ED
S21402EBD0D3E75C2B07D1324621462846FFF7A4FF2F
S21402EBE00028E3D0013E0134A642E5D8DEE75C2FDA
S21402EBF008D1324621462846FFF796FF0028D5D090
S21402EC00013EE4E7202FE2D1631C0022B3420A70E1
S21402EC10DDD2EA18EB5C202BD9D0D8F800300F2BC7
S21402EC2005DC49F823200133C8F80030CFE71E2060
S21402EC30BDE713B502230024684600948DF804400D
S21402EC408DF80530D5F710FC204602B010BD70B521
S21402EC500C46154610B9D7F723FF38B143682BB1D7
S21402EC602A4621460068BDE870401847232070BD3A
S21402EC70F7B50D4616461C4648B103B901AC87687F
S21402EC805FB12346324629460068B84706E0D7F702
S21402EC9007FF04B901AC0028F1D1232003B0F0BD70
S21402ECA007B501228DF807100DF10701FFF7CFFF18
S21402ECB003B05DF804FB0B4601461846FFF7F0BFAB
S21402ECC000230122FFF7D4BF0EB403B503AA52F8FD
S21402ECD0041B0192D7F7F0FE02B05DF804EB03B016
S21402ECE07047034670B190F8382090F83C002AB17D
S21402ECF0022803D1012283F83C20704704284FF0F3
S21402ED000102F8D00120704780F82C10704790F866
S21402ED102C00704790F839007047037A302253432C
S21402ED2003F1804303F56223D3F89410D0E903235A
S21402ED301344994214BF084610467047F8B590F837
S21402ED40393004460D4681B173B990F83A60FEF741
S21402ED5009FE012105463046D9F718F82846FEF77F
S21402ED6005FE012384F83930F8BD002BFCD090F85C
S21402ED703A70FEF7F7FD294606463846D9F706F8F2
S21402ED803046FEF7F3FD84F83950EDE72DE9F843F7
S21402ED900446164690F82C800D46FEF7EEFD94F8D3
S21402EDA0382003469AB1FEF7EEFD94F83B90FEF744
S21402EDB0D9FD012107464846D8F7E8FF3846FEF750
S21402EDC0D5FDFEF7DAFD0022034684F83820184601
S21402EDD0FEF7D9FD2E44B54204D1236A012120460E
S21402EDE098473CE094F82D3023B3FEF7C6FD237E09
S21402EDF00746E3B12046FFF790FFE168D4F830C03B
S21402EE00013888423EBF206900F1FF3040180346B1
S21402EE109C450BD013F80129112A01D0132A21D1BF
S21402EE20A2F111035A425A4184F83420206338462C
S21402EE30FEF7A9FD94F83430002BCCD0B8F1000FC1
S21402EE4006D02B780A2B03D1E3690D21204698477A
S21402EE50E36915F8011B204698470028BBD000201E
S21402EE60BDE8F883994282BF236903F1FF335B183A
S21402EE70CEE7F8B590F83830044603F0FF06A3B99B
S21402EE80036A31469847012384F8383094F83B7079
S21402EE90FEF768FD314605463846D8F777FF28461E
S21402EEA0FEF764FD022384F83C30F8BD026CD36C96
S21402EEB043F00403D3647047026C10B5044613692A
S21402EEC05906FCD500231A4694F8491094F84800CF
S21402EED0D5F7CCFD00231A4694F84B1094F84A0056
S21402EEE0D5F7C4FD94F85030DA0707D5002394F816
S21402EEF04D1094F84C001A46D5F7B8FD94F85030E9
S21402EF009B0707D5002394F84F1094F84E001A4634
S21402EF10D5F7ACFD206CC36C23F00103C364C36C4D
S21402EF2023F00403C3640021FEF759FE606C00213F
S21402EF30D4F7C0FC002010BD08B5006CFEF7E3FE57
S21402EF40002008BD036CDA6C19B142F00102DA64E3
S21402EF50704722F00102DA6401229A64704738B5DB
S21402EF600468206C056C15F0010509D00123836442
S21402EF7003699B060FD52046BDE83840FFF779BFE8
S21402EF80042384F83C30237E33B9C36C23F0040395
S21402EF90C3640123237638BD637E23B394F82D30F1
S21402EFA00BB384F835501321FEF7ADFE236CDA6CF2
S21402EFB042F00402DA64DB69DBB2112B0ED10123C4
S21402EFC084F83430237A3022534303F1804303F526
S21402EFD06223D3F89430013B2363DCE7132BDAD1A8
S21402EFE084F83450EEE7C36C23F00403C364D2E71C
S21402EFF008B5D8F71BF880B208BD08B5D8F716F8DA
S21402F00008BD08B5FFF7F9FFFA23B0FBF3F080B2AC
S21402F01008BD012070470420704740F20160D8F70F
S21402F020CFBA704770477047032000F020B801201F
S21402F03070470020704749BA89B280EA0103C3F3D9
S21402F04003125340180380B258405B0103F4FF5387
S21402F0505840704742DE704710B4044608461146D0
S21402F06022465DF8044BD9F731BED9F771BED9F7FF
S21402F070AFBE10B404460846114622465DF8044B5D
S21402F080D9F7C4BED9F744BF704708B50846E1F7BA
S21402F09035FF002008BD104430B5054602B930BD24
S21402F0A001F00F030A2B34BF302437242344013ADD
S21402F0B005F8013D0909D2B2F0E710B5FEF752FC99
S21402F0C00446D8F7D7FD2046BDE81040FEF74EBCF2
S21402F0D07047FEF76FBD70477047012070474FF4C8
S21402F0E01670D8F7DFBE2DE9FF410D4616461F46BD
S21402F0F00446A8B14FF00008C0F81C80D9F720FAE1
S21402F100BDF82C3002939DF828304246CDE90073B4
S21402F110294633462046D9F779F904B0BDE8F0818E
S21402F1202220FAE7F0B50D4685B016461F4604467D
S21402F13090B10023C361D9F703FABDF82C300293CD
S21402F1409DF828302A46CDE90073294633462046E4
S21402F150D9F75CF905B0F0BD2220FBE7F0B587B021
S21402F1601F4600230D4616468DF817300446A8B1F2
S21402F170C3610DF11701D9F713FA9DF817207AB972
S21402F180BDF8343002939DF830302946CDE900733D
S21402F19020463346D9F73AF907B0F0BD2220FBE7FE
S21402F1A00320F9E738B5FEF7E8FB0546D9F7DCFB9E
S21402F1B004462846FEF7E7FB204638BD08B5D3F7D7
S21402F1C027FBFEF7B9F8FEF7C4F8FEF7CFF8BDE85E
S21402F1D00840FEF7DAB808B5FEF7D8F8FEF7D7F813
S21402F1E0FEF7D7F8BDE80840FEF7DAB8704707B56D
S21402F1F003469B0753BF6FEA01414FF6FF7343EA8C
S21402F20001416FEA11410422019120F003000DEB47
S21402F2100201FEF7E2FC03B05DF804FB41EA0003DC
S21402F22013F001032DE9F04104460E4615463FD180
S21402F230002A3BD04FF6FF7234F81310914205D0E5
S21402F24036F8131011B14B20BDE8F0810133AB4202
S21402F250F2D1D5F70DFD012D01D0A3070ED53188C9
S21402F2602046FFF7C4FF10B1D5F712FDEBE7013DCC
S21402F270012D04F1020406F102060ED925F001085A
S21402F2804FEA48073A4631462046FEF7A6FC0028D3
S21402F290EAD13C443E44A5EB08052DB13188204610
S21402F2A0FFF7A5FF0028DFD1D5F7F2FC0020CBE759
S21402F2B00120C9E701F0C2BADEF7FCBDFFF7ADBE1A
S21402F2C0D0E9023253F8223000211878DEF788BBE4
S21402F2D0704705F0C1BD01F064BAC3688268013B9D
S21402F2E0DBB252F823305B78652B02D10020E0F7C0
S21402F2F0D5BC6E2B01D10120F9E7662B01D1022085
S21402F300F5E7704710B50446C0B2DAF7A5FE200A44
S21402F310BDE81040DAF7A0BED0E9023253F8223038
S21402F3201878DAF7A3BF7047DFF7ECB908B501F033
S21402F33020FBBDE80840E0F7A3BBD0E9023253F851
S21402F3402230186801F013BB0020E0F79BBC0120B6
S21402F350E0F798BC0221DAF71FBF0321DAF71CBFD9
S21402F3600521DAF719BF08B501460C20DAF7F0FED8
S21402F370BDE80840DAF77CBE08B501460020DAF799
S21402F380E7FEBDE80840DAF773BE07B5C2688368D1
S21402F3900432012153F822301B88ADF806300DF1F5
S21402F3A006020023DBF726FC03B05DF804FB2DE91A
S21402F3B0F04F87B00025039089461E46ADF81450DC
S21402F3C0ADF816504FF0180814461AB3DDF840B0E0
S21402F3D00DF1140A04E0DDF844B034460DF1160AC5
S21402F3E000210846EBF762FDAAF8000008B30027E2
S21402F3F03BF81730ADF810300222012304A950461C
S21402F400EBF7DAFD10F0FF0813D10137FAB2A24289
S21402F410EED315B90125002EDDD1BDF84830009394
S21402F420BDF81420BDF816300398494601F0A6FC34
S21402F4308046404607B0BDE8F08F08B5FFF724FEC9
S21402F440BDE80840ECF7F0B910B51446DBF71EFF2E
S21402F4502146BDE81040EBF795BE08B5DBF716FF70
S21402F460BDE808400021EBF78DBE08B5DBF70EFFBE
S21402F470BDE80840EBF722BF7047704708B5FFF7B4
S21402F48003FEFFF7FAFFFEF711F8BDE80840DBF7C8
S21402F49037BF704738B50546FEF764FA01210446C1
S21402F4A02846D8F773FC2046BDE83840FEF75EBA19
S21402F4B0012070470120704708B5DCF701F80028E4
S21402F4C00CBF0420012008BD704770B504460D46E7
S21402F4D0164601F0B1F9324629462046FDF7E7FF07
S21402F4E0324629462046FFF7EFFFBDE8704001F09E
S21402F4F0A5B92DE9F34104469DF820800D4616462F
S21402F5001F4601F099F9CDF800803B46324629465F
S21402F510204600F03FFD02B0BDE8F04101F08EB992
S21402F5202DE9F04104460D4616461F4601F084F9C1
S21402F5303B46324629462046DEF702F83B468046E0
S21402F540324629462046FDF7B5FF01F077F94046D8
S21402F550BDE8F081704708B501F06EF9FDF7ABFF24
S21402F560FFF7F8FFBDE8084001F068B901207047D0
S21402F5702DE9F04104460D4616461F4601F05CF999
S21402F5803B46324629462046FFF7F0FF3B4680467A
S21402F590324629462046FDF790FF01F04FF94046D5
S21402F5A0BDE8F081012070472DE9F04104460D4682
S21402F5B016461F4601F040F93B463246294620468B
S21402F5C0FFF7F0FF3B468046324629462046FDF7C7
S21402F5D075FF01F033F94046BDE8F0812DE9F743A7
S21402F5E0DDF82C909DF8288004460D4616461F46E8
S21402F5F001F022F9CDE900893B46324629462046EB
S21402F600FDF75DFF03B0BDE8F04301F017B9002037
S21402F6107047F8B504460D46164601F00DF9324617
S21402F62029462046FFF7F3FF32460746294620467C
S21402F630FDF746FF01F002F93846F8BD38B5044634
S21402F6400D4601F0F9F829462046FDF73AFFBDE8D7
S21402F650384001F0F3B810B5044601F0EDF8204644
S21402F660FDF730FF2046D3F74BF8BDE8104001F017
S21402F670E5B8704738B504460D4601F0DDF8294670
S21402F6802046FDF72BFF29462046FFF7F2FFBDE88E
S21402F690384001F0D3B8704770B504460D4616469A
S21402F6A001F0CAF8324629462046FDF719FF3246CF
S21402F6B029462046FFF7EFFFBDE8704001F0BEB8CE
S21402F6C0704738B504460D4601F0B6F8294620467E
S21402F6D0FDF708FF29462046FFF7F2FFBDE838404F
S21402F6E001F0ACB8704738B504460D4601F0A4F8F0
S21402F6F029462046FDF7F8FE29462046FFF7F2FF88
S21402F700BDE8384001F09AB8704738B5044601F0B3
S21402F71093F8204600F0ECFB05462046FDF7E5FE92
S21402F72029462046FFF7F0FF01F088F8284638BD44
S21402F730704738B5044601F07FF82046DEF792FBA4
S21402F74005462046FDF7D2FE29462046FFF7F0FF83
S21402F75001F074F8284638BD704710B5044601F02B
S21402F7606BF82046FDF7C3FE2046FFF7F5FFBDE81F
S21402F770104001F063B8704738B504460D4601F0F4
S21402F7805BF829462046FDF7B3FE29462046FFF7DA
S21402F790F2FFBDE8384001F051B8704770B5044634
S21402F7A00D46164601F048F8324629462046FDF731
S21402F7B0A0FE324629462046FFF7EFFFBDE870401E
S21402F7C001F03CB8704738B504460D4601F034F8EF
S21402F7D029462046FDF78EFE29462046FFF7F2FF11
S21402F7E0BDE8384001F02AB8704738B504460D46E1
S21402F7F001F022F829462046FDF77DFE29462046DE
S21402F800FFF7F2FFBDE8384001F018B8704710B5B0
S21402F810044601F011F82046FDF76EFE2046FFF77B
S21402F820F5FFBDE8104001F009B8704710B5044670
S21402F83001F002F82046FDF760FE2046FFF7F5FFCE
S21402F840BDE8104000F0FABF704738B504460D46D2
S21402F85000F0F2FF29462046FDF750FE29462046D4
S21402F860FFF7F2FFBDE8384000F0E8BF704710B57A
S21402F870044600F0E1FF2046FDF741FE2046FFF772
S21402F880F5FFBDE8104000F0D9BF704738B5044612
S21402F8900D4600F0D1FF29462046FDF731FE2946E7
S21402F8A02046FFF7F2FFBDE8384000F0C7BF7047BA
S21402F8B07FB50C46054600F0BFFF21462846FDF7F9
S21402F8C021FE00230DF10F008DF80E308DF80F305B
S21402F8D0F8F7D4F80DF10E00F8F7C8F82046EBF763
S21402F8E03BFA06462046EBF71BFA9DF90F209DF8D9
S21402F8F00E100090F3B22846FFF7D9FF00F09EFFE5
S21402F90004B070BD704770B504460D4600F094FF13
S21402F91029462046FDF7F7FD2046EBF71DFA064678
S21402F9202046EBF7FDF9F1B202462846FFF7EAFF5A
S21402F930BDE8704000F082BF704730B5044685B01F
S21402F94000F07AFF2046FDF7DFFD00230DF10F00E1
S21402F9508DF80E308DF80F30F8F790F80DF10E0096
S21402F960F8F784F86088EBF7F7F905466088EBF756
S21402F970D7F9EDB2019000959DF90F309DF80E2053
S21402F98061782078FFF7D8FF00F058FF05B030BD49
S21402F990B5207047B520704738B5044600F04CFFD6
S21402F9A02046FFF7F7FF05462046FDF7AEFD204648
S21402F9B0FFF7EEFF00F042FF284638BD704710B54D
S21402F9C0044600F039FF2046FDF7A0FD2046FFF76B
S21402F9D0F5FFBDE8104000F031BF82B002AB03E98C
S21402F9E0060002B0704737B505466C4684E8060046
S21402F9F000F022FF94E806002846FDF788FD94E80A
S21402FA0006002846FFF7E9FF03B0BDE8304000F0E5
S21402FA1015BF002070470020704738B5044600F036
S21402FA200BFF2046FFF7F7FF05462046FDF778FD59
S21402FA302046FFF7EEFF00F001FF284638BD70476C
S21402FA4008B5FDF76EFDFFF7FAFF08BD08B500F032
S21402FA50F3FEFDF767FDFDF75FFCBDE8084000F02A
S21402FA60EDBE00207047704708B5DBF79FFDBDE886
S21402FA700840DBF79FBEDBF799BD7047DBF79ABEFF
S21402FA80DBF7A0BE08B5DBF795FEBDE80840DBF75E
S21402FA9099BE0121DBF7DABE0221DBF7D7BE0421CD
S21402FAA0DBF7D4BE0821DBF7D1BE1021DBF7CEBED2
S21402FAB000207047DCF732B80020704730B49DF85B
S21402FAC00C50029C1DB1029430BC00F002B930BC4E
S21402FAD070470246062A084604D81423D2B22021CA
S21402FAE0FFF7BABA704706280A4604D8C1B21423EA
S21402FAF02020FFF7BABA7047902808B505D1DCF780
S21402FB00FBFCBDE80840DCF787BD08BD10B5034620
S21402FB10026808684240FF2A17D858684A68504068
S21402FB2030F07F4011D11C890A8994420CD11C788E
S21402FB300A78A24208D152B1DB68CA68534033F051
S21402FB407F430CBF0120002010BD0020FCE70120EF
S21402FB50FAE70020704713B500230C46CDE90033C0
S21402FB6001461A46E0B2DDF713FB02B010BD13B52C
S21402FB7000231446019000930122E0B2DDF708FB51
S21402FB8002B010BDD0E9023253F822301868DDF711
S21402FB905FBC7047194491420ADC4218002003B940
S21402FBA0704712F8011D013B01EB0020DBB2F6E7BD
S21402FBB00020704710B586B00881089C0494002483
S21402FBC0CDE902440124CDE9003413460A46014633
S21402FBD00320DDF71FFD06B010BD13B50024009408
S21402FBE0FFF7E8FF02B010BD2DE9FF410E461746AB
S21402FBF0054680B379B372B34FF0000869465FFAE0
S21402FC0088F005F01AF9044640B99DF80030032B37
S21402FC1008D008F10108B8F10A0FEFD1204604B067
S21402FC20BDE8F0819DF801202B799A42F1D1BDF80A
S21402FC3002206B889A42ECD19DF80430BDF805008C
S21402FC406B7128813B4632462946FFF7C6FF0028DD
S21402FC50DFD00446E2E70224E0E710B586B0089C4F
S21402FC6004940024CDE902440124CDE9003413466D
S21402FC700A4601460620DDF7CDFC06B010BD13B5D8
S21402FC8000240094FFF7E9FF02B010BDF0B5022889
S21402FC908BB005460E4614461F460AD106A9F0B298
S21402FCA005F0CBF898B99DF8193023719DF81C30F1
S21402FCB06371119B04930023CDE902330193109BD9
S21402FCC0009322463B4631462846DDF7A3FC0BB09E
S21402FCD0F0BD13B500240194049C0094FFF7D6FFF0
S21402FCE002B010BD2DE9F04305468BB00F46904694
S21402FCF09946002606A9F0B205F09FF8044630B9E8
S21402FD009DF81830012B06D001360A2EF2D1204675
S21402FD100BB0BDE8F0839DF819202B799A42F3D1F7
S21402FD20BDF81A206B889A42EED19DF81C306B7192
S21402FD302A46CDE90309CDE90100CDF800803B460D
S21402FD40B1B20220DDF766FC0028DDD00446DEE70D
S21402FD500023FFF7C7BF10B50446DEF79DF8631E03
S21402FD6004F10F02002113F8010FFF2808BF1970D3
S21402FD709342F8D10023237410BD2DE9F04788B0D2
S21402FD8099460C469246BDF84080119F0646F7F704
S21402FD907DFECDE9034705468DF80860ADF8148070
S21402FDA0ADF816008DF818A08DF8199000F025F918
S21402FDB08DF81A0000F023F900238DF81B0002A824
S21402FDC08DF81C3000F0E2FCA8B943463A462146BC
S21402FDD02846DFF7C5FC70B943463A462146284610
S21402FDE0DDF736FE38B9CDE9005043463A4631468D
S21402FDF02046E0F73DF808B0BDE8F08700207047DF
S21402FE007047022070471FB50B466A4601461846E1
S21402FE1004F094FC6A460823002032F8021B013BD9
S21402FE2013F0FF0380EA0100F7D1012838BF012052
S21402FE3080B205B05DF804FB2DE9F74F9846DDE980
S21402FE400C3B07460E461446414600221846BDF8AD
S21402FE5038909DF83CA0019303F018FB0546002855
S21402FE6040D0019B41461846FFF7CDFFABF8000095
S21402FE70062F3BD8DFE807F00404040D162A2100FB
S21402FE802B4622463146384603B0BDE8F04FF2F71D
S21402FE9089BE0C222B461146204603B0BDE8F04F21
S21402FEA0F2F76ABEE27A2B4611462046CDE90C9A54
S21402FEB003B0BDE8F04FF2F73DBE2B460C222146BA
S21402FEC0304603B0BDE8F04F04F070BE0D95E37AFD
S21402FED00C93524623463146484603B0BDE8F04FDF
S21402FEE0F2F712BE182003B0BDE8F08F0220FAE740
S21402FEF07FB5054603F070FD48B16B88B3F5006F19
S21402FF0005D1681D04B0BDE8704000F035BC284637
S21402FF1000F04BFC0446B8B9E6B26946304604F037
S21402FF208CFF9DF800301843C0B248B929463046C7
S21402FF30F5F76CFE10B1752806D08C2004B070BDA3
S21402FF4001340A2CE8D1F8E78D20F7E72DE9F043D3
S21402FF5085B005460DF10E0014460E46F7F786FDEF
S21402FF600DF10F00F7F78AFD20469DF80E809DF9E9
S21402FF700F90EAF7F1FE07462046EAF7D1FE4B4617
S21402FF80CDE90070424631462846FFF7F6FE05B038
S21402FF90BDE8F0832DE9FF47054618461E46904603
S21402FFA00F469DF830A0EAF7BBFE81463046EAF7D8
S21402FFB0D3FE044651462846E4B2FBF71BF9214617
S21402FFC04846FFF720FF5346CDE9019042463946A0
S21402FFD028460094DDF7F8FD334642463946284661
S21402FFE0CDF830A004B0BDE8F047FDF762BA03F0E2
S21402FFF0F3BC03F00EBDEBF7CDBAF2F749BE1FB560
S2140300006846F7F751FDC8B902A9F5F781FF08223C
S21403001069460DEB020005F0A6FE10B9002004B0F9
S21403002010BD02A90120F5F773FF082269460DEB00
S214030030020005F098FE90B90120F0E7F7F726FDD9
S2140300404FF6FF739842044609D00020F5F778FF71
S2140300508442E3D00120F5F773FF8442ECD0FF20FF
S214030060DDE7DDF7ADBEDDF769BEDDF78BBE10B5A8
S21403007004460846EBF7C2FA2046BDE81040EDF703
S21403008029BCEDF727BCEBF72FBA002070470A20F0
S214030090704708B5EAF700FCC0F3471008BD08B57B
S2140300A0EAF738FCC0F3471008BDEDF78FB8704782
S2140300B0DDF74CBF70B506460C46154600F025F82E
S2140300C060B10CB9002070BD002DFBD0204600F0B7
S2140300D09FFB013080B2A842F4D8F4E7304600F024
S2140300E01AF840B1002CEDD0012DEBD9204600F0D4
S2140300F094FB0230EEE73046DDF7E4FEEBE74138EB
S21403010003288CBF002001207047413801288CBF8C
S214030110002001207047433801288CBF00200120AF
S214030120704700207047002070470388B3F57C4F64
S21403013001D3FFF7F8BF0846FFF7F3BF10B54A88A9
S2140301400488A2420DD1037B0C79234009D0B2F573
S2140301507C4F08D3FFF7E7FF0B891B1A5842584119
S21403016010BD0020FCE70120FAE738B50D88D488D7
S214030170A5420AD10388B3F57C4F08D2FFF7D5FF13
S21403018013891B1A5842584138BD0020FCE701204A
S214030190FAE710B586B01C46ADF812200023BDF86A
S2140301A020208DF80C00ADF80E10ADF81420009347
S2140301B01A4602A903A802938DF81040DDF7D6FE6F
S2140301C0029806B010BD2DE9F041077906460025D2
S2140301D04FF01408E8B2874201D800241AE0D6F894
S2140301E000C008FB05F00CEB00043CF8000081425D
S2140301F01AD132B1802A10D194F90CC0BCF1000F89
S21403020012DAB0F57C4F05D32046FFF78CFF834206
S21403021000D04BB92046BDE8F081402A04D194F8BB
S2140302200CC01CF0400FECD10135D3E70121DDF7FC
S2140302305BBE08B513460022DDF7BEFF003818BFC5
S214030240012008BD08B513464022DDF7B5FF003888
S21403025018BF012008BD08B513468022DDF7ACFFA2
S214030260003818BF012008BD0023DDF7A5BF002115
S214030270DEF704B8704700207047F8B516461F46E9
S2140302809DF81820BDF81C300546DDF795FF78B1BC
S2140302900421FFF7F0FF044650B1284600F0DAFACF
S2140302A03A4631462846A047BDE8F84000F0C6BAAD
S2140302B0F8BD2DE9F74FDDF830909DF834B01E46B3
S2140302C00746BDF83830884614462AB3B9F1000FFE
S2140302D022D00EB392F804A099F80020618812F099
S2140302E0080F0CBF802240225046DDF765FF98B109
S2140302F00821FFF7C0FF054670B1504600F0AAFA82
S214030300CDE9009B3346224641463846A84703B00C
S214030310BDE8F04F00F092BA03B0BDE8F08FF8B531
S214030320BDF8187016461A463B460446DDF744FFEA
S214030330E0B177B90221FFF79EFF0546B0B120462C
S21403034000F088FA31462046A847BDE8F84000F09A
S21403035075BA1021FFF78FFF054638B1204600F027
S21403036079FA3A4631462046A847EEE7F8BD73B514
S214030370BDF8184016461A4623460546DDF71CFF09
S214030380B8B1C4B92021FFF776FF044670B12846FA
S21403039000F060FA099B00939DF81C209DF820301E
S2140303A031462846A047044600F048FA204602B0E5
S2140303B070BD8624FAE70024F8E72DE9F041866845
S2140303C00446007800F046FA002514273279EBB28B
S2140303D09A4203D8BDE8F04100F030BA7B43326856
S2140303E02078D15A02EB030800F0A6F90121404613
S2140303F0FFF741FF034608B1207898470135E5E744
S2140304004FF6FF707047012070472DE9F04F89B013
S2140304101C46BDF848809DF84C3001939DF850303B
S214030420029392464346224607460D46DDF7C4FE30
S2140304308DF81470ADF816508DF81840ADF81AA064
S214030440ADF81C80064618B9012009B0BDE8F08F48
S21403045005A9FFF773FE0028F6D000252F46A84609
S2140304602C4634E00C2331881FFA85F903FB09F97F
S2140304707368B1F57C4F33F8092003EB090B1AD3E5
S21403048033F8090050452CD3019BA3422DD900F025
S2140304909BF99BF80200DEF761FB029B43B19BF8D6
S2140304A0043013F0010F0CBF05200720DEF756FBC0
S2140304B00134A4B219E0ADF81A20594605AA30460D
S2140304C00393FFF752FE039B0028D9D101353289E7
S2140304D0ABB29A42C6D804EB0800C31B5842584135
S2140304E0B3E708F101081FFA88F80137BFB2EDE752
S2140304F02DE9F04786B00446DDF83C909DF840A011
S214030500BDF83880CDF80080CDE9019A0D46164631
S2140305101F4600F00BF9A8B1431EDBB2012B0ED821
S21403052000230493831E58425841CDE902A0CDE927
S21403053000893B46324629462046DDF7D3FF06B000
S214030540BDE8F0870120FAE730B587B0002401251F
S214030550CDE903549DF82C5002950A9DCDE900453C
S214030560DDF7C0FF07B030BD30B587B000240125E6
S214030570CDE903549DF828500094CDE90135402376
S214030580DDF7B0FF07B030BD10B586B04FF0010CF5
S2140305900024CDE9034C9DF828400294099C01945D
S2140305A0BDF820400094DDF79DFF06B010BD1FB5D3
S2140305B0089C03949DF81C400294069C0194002416
S2140305C00094DEF773F804B010BD2DE9F84F022946
S2140305D00C9D0746884604D84FF0000A5046BDE8EF
S2140305E0F88F1BBB02700124DFF742FB04F1020AFB
S2140305F0385501349DF828303B554FF000090B9AC7
S2140306005FFA89F3D45C002CE8D0732C18D82E46F6
S2140306104C2C56F804BB45D0532C1DD0622C4DD120
S214030620AC8805F1080600231A461EE00429D3D930
S21403063042F0040243701B0A027083700324D3E75C
S214030640A4F17503032BC7D8763C2E1D022C52D873
S214030650DFE804F0565A58006A6894B2D2B2B2F190
S214030660FF0305F1080618BF01230AEB040119442A
S2140306708845B1DB50461946002947D153441FFA33
S21403068083FA5CB1BBF1000FA6D0224607EB0A0043
S214030690594605F0CCFA54441FFA84FA09F10109C5
S2140306A03546ACE76A684FF6FF7394B205F1080661
S2140306B022469C4214BF02230023D6E76C2C05D1A6
S2140306C0584600F0AAF8841CA4B2ACE7732C04D1F5
S2140306D0584600F09DF8441CF6E7A4F13003DAB25E
S2140306E0092A01D89CB29EE7A4F14103062B3FF6E4
S2140306F073AF373CE8E7012300242A68A346B4E730
S2140307000223F9E70323F7E70423F5E700F1010CD7
S21403071001393A54C9B2120A1FFA8CF0ACE700202A
S214030720DEF7BAB90022DEF7D7B970470120704763
S2140307300120704701207047704700207047002053
S2140307407047002070470020704700207047002045
S21403075070470120704701207047B520704700207E
S214030760704700207047002070470020704770478E
S21403077000207047B5207047842070477047704745
S2140307800020704700207047002070470020704705
S21403079000207047002070470020704700207047F5
S2140307A07047B52070470020704700207047704799
S2140307B00020704770477047B520704770477047F2
S2140307C0002070470020704738B50546C0B2DEF7F4
S2140307D0C5F90446280ADEF7C1F914B1002808BF94
S2140307E00024204638BD10B4CC18944203DC5DF8D0
S2140307F0044BFFF7CFB900205DF8044B7047042382
S214030800FFF7F1BF08B50223FFF7EDFF80B208BD7F
S2140308100078FF2808BF0020704708B50222002191
S214030820FFF7F0FF4FF6FF73984208BF002008BD9E
S214030830002818BF702070470020704700207047BC
S21403084008B5FFF7F3FCFF284FF0FF3018BF002072
S214030850C0B208BD08B5FFF7F3FFFF280CBFA320FF
S214030860002008BDF8B506460C4615461F4600F0A0
S21403087011F810B12544AC4200D1F8BD14F8012B91
S21403088039463046DEF742FAF5E7014600220220F3
S214030890DEF7CCB90120704773B50646DCF798FE41
S2140308A081250446019614B9284602B070BD237804
S2140308B0B3B9336862685B889A4211D1A368F27B46
S2140308C099B292B1328A91420AD1727DB2EB134F3A
S2140308D006D1E36801A90020984710F0FF05E3D08E
S2140308E02046DCF77DFE0446DDE74FF6FF72EAE7B7
S2140308F038B50446436808460D469847B4F90830A9
S214030900002B02DB2B78042B06D1002363602046E2
S214030910BDE83840DEF7B0BD38BDF0B5044685B057
S2140309200D462020002117461E46EAF7BFFAADF80B
S2140309300E00D0B102210DF10E0002F0DBFE3A46A6
S2140309400021BDF80E0002F04BFFBDF80E20002E6E
S2140309504FF48A53009329460ABF13460023002206
S214030960204600F00BFA05B0F0BD1820FBE7FFF7B2
S21403097022BFFFF7F4BE08B5ECF702FC20B9EAF78E
S21403098009FE08B9DCF71EF8FFF70AFFBDE80840C2
S214030990FFF715BF0020DFF7ADB90022DFF704BA73
S2140309A0D28812F0200F10B503460CBF52244924F8
S2140309B00846510544BF083CE4B2110544BF083C51
S2140309C0E4B2120444BF023CE4B2032B11D8DFE8BE
S2140309D003F005020A0EC0B2F5F7B2FAFFF7C8FE37
S2140309E0201AC0B210BDC0B2F5F7C2F8F6E7013C54
S2140309F0E4B24FF6FD70F1E7F8B5064617460D4626
S214030A0081B10C78FF2C0BD00846FFF701FFB842E4
S214030A1028BF3846C4B22246691C701C05F0B3F9D9
S214030A203470F8BD0C46FBE770B5044615460E4613
S214030A3011B94170017070BD0B78FF2B05D14B784F
S214030A40FF2B02D103704370F5E73046FFF7E5FE50
S214030A50A84228BF284685B22A46B11CA01C05F02A
S214030A6092F925702D0A6570E5E7F0B523B9013ACA
S214030A70531C2FD1002020E0042AFBD80023551E48
S214030A801C466E1C1AD1042A10D0D2000121501E17
S214030A9001FA00F020421EBF914049420C4318421F
S214030AA01EBF4FF0FF3101FA02F213439C4216DCDD
S214030AB0B4BF4FF0FF30002040B2F0BD40B1465DFA
S214030AC0EF00BE4034434E5DBE403343013DD8E79E
S214030AD00646F5E78C5C20B1835CA34202D901206D
S214030AE0EBE70346A34202F1FF32C1D24FF0FF30D9
S214030AF0E3E7283807288CBF0020012070471D280D
S214030B0013D004D860B11C2805D08A2070471E383D
S214030B10C0B20128F9D81B2934BF00208A207047A9
S214030B200B390F2988BF8A2070470929F4E700206C
S214030B3000217047F7B59DF820409DF82460082CE7
S214030B4005461946104636D800222C441346AC42B6
S214030B5008D106F0FD04382C0ED10096FFF7E7FF08
S214030B6003B0F0BD14F8017D1B0243EA12631202C0
S214030B70BA1843F10003EAE7392E10D107EE100A3C
S214030B8007EE902AB4EEE77AF1EE10FACCBF77EED2
S214030B90677A77EEC77A002117EE900AE0E782427B
S214030BA073EB010403D2801A61EB0301D8E7101A32
S214030BB063EB0101D4E700200146D1E738B5C368EB
S214030BC019448368144653F821501AB1284605F091
S214030BD061F82070284638BD2DE9F34116460DF11D
S214030BE007021C469DF82050FFF7E8FF9DF80730E4
S214030BF0A34288BF8DF807409DF8077080460DB165
S214030C00E41BE5B22A460021304605F0D6F83A46FC
S214030C104146701905F0B7F8384602B0BDE8F081D2
S214030C202DE9F341164601AA1D469DF82040FDF71F
S214030C3059FC019B9D4238BF0195019F804604B134
S214030C40EC1B22460021304605F0B7F83A464146EB
S214030C50301905F098F8F8B202B0BDE8F08173B524
S214030C601546002401AA1E460194FDF73BFC019B92
S214030C70072B0AD92146CCB216B1C4F10704E4B255
S214030C80425C2A5501310829F5D1D8B202B070BDAD
S214030C901FB5030A8DF80E300323009303AB8DF8BC
S214030CA00D0000F00AF905B05DF804FB1FB5030A52
S214030CB08DF80F1004218DF80E30009103AB8DF8DC
S214030CC00D0000F0FAF805B05DF804FBF0B589B046
S214030CD016689DF83C50CDF809608DF811305668BB
S214030CE0BDF83830109FBDF84440CDF80D60012D97
S214030CF0ADF812308DF8145014D0032D19D13B687B
S214030D00CDF815307B68CDF819309DF848308DF84E
S214030D101D3016230093BDF84C2002AB00F0CDF82F
S214030D2009B0F0BD8DF81540240A8DF816400F2340
S214030D30F0E70120F4E71FB50446084611461A46B5
S214030D4002238DF80D100093214603AB00F0B5F88F
S214030D5004B010BD10B586B014461A460B68CDF81D
S214030D600D304B68CDF811300A230093342103ABC2
S214030D708DF8154000F0A1F806B010BD2DE9F04F30
S214030D8089B00D4601901C4616463AB31046E9F75D
S214030D90E3FFC0F347091CB32046E9F7DDFFC0F3C2
S214030DA04707DFF77BFA019B8DF818008DF819309B
S214030DB08DF81B501B0A2D0A0022062106A88DF863
S214030DC01A308DF81C508DF81D9002F05FFBADF8BD
S214030DD0160038B9182009B0BDE8F08F9146DAE757
S214030DE02746DEE74FEA4901C9B28B1D07315FFA92
S214030DF081F801EB4701DBB2C9B20DF1160002938D
S214030E0002F078FC82460028E4D103460625D9B2D0
S214030E108945BDF816B012D802993A465846EAF7FD
S214030E2083F95FFA8AF5AF42BDF8166025D8BDF898
S214030E304820019833460621DFF73AFACBE7490004
S214030E4001F0FE0130460393EAF75AF929460246B3
S214030E505846EAF769F9691FC9B23046BDF816B0B5
S214030E60EAF74EF9691C0246C9B25846EAF75CF936
S214030E70039B02350133EDB2C9E76D00EDB2294697
S214030E802046EAF73DF9414602463046EAF74CF972
S214030E90691CC9B22046BDF81660EAF731F908F1B5
S214030EA001010246C9B2304608F10208EAF73CF9E6
S214030EB00AF1010A5FFA88F8B3E72DE9F0411C4608
S214030EC09DF818800E4617460546DFF7E7F9002219
S214030ED020704146204602F0D9FA034630B13A461E
S214030EE031462846BDE8F041DFF7E2B91820BDE8F1
S214030EF0F08130B589B00446ADF806108DF81020A1
S214030F00EAF7C2FA05462046EAF7CEFA03469DB14B
S214030F10BDF80600ABB902F055FDFF2808BF002058
S214030F208DF80F000DF10F030593DDE9041220463B
S214030F30FEF759FD09B030BD0028F6D00DF10603C3
S214030F40F2E702F03FFDFF28BDF80630ADF81A3091
S214030F5008BF00208DF80F008DF8180006ABE3E7F6
S214030F60704708B5E8F7FAFA00280CBFA52000205A
S214030F7008BD7047704770477047704770477047A3
S214030F8000207047704770470020704770477047CF
S214030F9010B51C4602F042FA02F0F7F8002323705D
S214030FA0C0F34020400010BD002208B50B46114692
S214030FB0FFF7EEFF023818BF012008BD7047B1FAED
S214030FC081F0400970470120704770477047002042
S214030FD070477047002070477047B5207047012060
S214030FE07047704701207047012070471422002184
S214030FF004F0E3BE704730B54078012887B00C464E
S2140310004FF0110301F1100516D1022201A9EAF7E8
S214031010CFF9234601AC18685968224603C2083341
S214031020AB421446F7D11123022201A90020EAF7A6
S214031030BFF9002007B030BD062201A90120EAF758
S214031040B7F9234601AC18685968224603C2083329
S214031050AB421446F7D111230622E6E730B54078B3
S21403106087B001280C464FF011030BBF022206225D
S21403107001A901A918BF0120EAF79AF905AD01AA4B
S2140310802346144603CCAC4218605960224603F14B
S2140310900803F6D1002007B030BD10B588B00C4663
S2140310A01A23082201A90120EAF782F921460DF145
S2140310B00E0304F1100251F8040B43F8040B91429B
S2140310C0F9D11A23082201A90020EAF771F90020B2
S2140310D008B010BDF0B58BB004460D4602F07CFC9C
S2140310E0B0B101A8F2F708FD90B1667B16F0020FC7
S2140310F004F1040705D0082201A9384604F033FE9C
S214031100D0B901AB03CB46F0020660607960667324
S2140311101A23082203A90120EAF74AF90DF1160358
S21403112029460DF1260253F8040B41F8040B9342AB
S214031130F9D100200BB0F0BD2D20FBE770B50546B6
S2140311408AB00C46252200210DF1030004F035FE7B
S2140311506B68CDF81D30AB68CDF82130234603F11C
S214031160100601AC18685968224603C20833B34216
S2140311701446F7D16A7B012312F0040F8DF8023070
S2140311800CBF4FF480734FF4A073110748BF43F4AA
S2140311908063ADF80030930748BFBDF8003068465B
S2140311A044BF43F00803ADF80030F0F7DDFF003826
S2140311B018BF01200AB070BD30B5427B0D46D1077B
S2140311C08BB0044607D5407801A9F1F735F8D8B1B6
S2140311D02D200BB030BD9307FAD5C2F3800310075A
S2140311E04FEA8313ADF8023044BF43F48063ADF88F
S2140311F00230BDF80220201D0AB10DF1020201A93A
S21403120003F0B9FA0028E3D001AB03CB9DF8143002
S2140312102373BDF81030A160590648BF627B606037
S21403122044BF42F0040262735A0542BF627B42F037
S214031230080262731B0742BF637B43F002036373B8
S2140312402B4606AC0AAD224603CAAA42186059606A
S214031250144603F10803F6D10020BAE7F0B50446B6
S21403126093B00D46252200210DF1230004F0A5FDC1
S2140312706368CDF83D30A368CDF8413004F1040C23
S2140312802B4609AE05F1100718685968324603C2A3
S2140312900833BB421646F7D105238DF82230637B0D
S2140312A05B0103F40073ADF820306378FF2B19D18C
S2140312B000231A4601A9604600F02CFA9DF8053073
S2140312C0FF2B0CD100231A46184601A900F022FA78
S2140312D09DF80530FF2B02D11C2013B0F0BD9DF8FE
S2140312E005306370617808AA002000F0EAFA064623
S2140312F0F0B919231946627801A8FDF7ADFE2B460F
S21403130003AD186859682A4603C20833BB4215461C
S214031310F7D1637B6178DB0642BF9DF81C3063F030
S2140313207F038DF81C30192301AA1846FDF79DFE8E
S214031330301E18BF0120D0E710B504468AB0242219
S214031340002101A804F039FD637B590744BF4022FE
S214031350ADF810201A0742BFBDF8102042F4806291
S214031360ADF81020DB070FD5607801A9F0F764FF0E
S21403137010B12D200AB010BD01AB03CB637B6060B8
S21403138043F00203A160637304A9201D03F0F5F97B
S2140313900028EED00020EDE71FB5694600F08DF873
S2140313A0002818BF2D2005B05DF804FB73B50D4665
S2140313B014460646DFF7EEF86B881A071AD5224658
S2140313C03146102003F0BAF92046DFF7E3F86B88BE
S2140313D0D90717D50023224601210DF107008DF802
S2140313E00730DFF743F96B88002B0CBF2120002062
S2140313F002B070BDDE06EAD522460821281DDFF7B7
S21403140035F9E1E79A0701D50223E4E75B07EAD556
S2140314100323E0E70F20704710B586B0044601A902
S214031420022211230120E9F7C3FF9DF81430E3706D
S21403143001A803F0C7FC80F00100062201A9607032
S21403144011230120E9F7B4FF9DF81430A37001A817
S21403145003F0B8FC80F001002070F0F797FF60609F
S214031460002006B010BD1FB50C46694600F025F8EF
S21403147010222146684604F076FCB0FA80F0400954
S21403148004B010BDB8B1B1B14388A3B90378013B2A
S214031490082B10D8DFE803F00507090B0F0F0F0F13
S2140314A00D00FFF7A8BDFFF7F8BDFFF747BEFFF730
S2140314B0D5BEDFF721BA2120704738B50D4609B3EC
S2140314C000B30378013B082B1AD8DFE803F0050DB9
S2140314D01013191919191600FFF7C0FD04462846FC
S2140314E003F048FB204638BDFFF7F4FDF6E7FFF7A9
S2140314F063FEF3E7DFF76CF8F0E7DFF707FAEDE7ED
S2140315002124ECE72124EDE770B586B0064601A852
S2140315100C461546FFF76AFD04238DF804301CB10C
S2140315202068616802AB03C3294601A88DF80560ED
S214031530FFF7A8FF06B070BD70B5044686B001A8D5
S2140315400D461646FFF752FD206861688DF8116058
S21403155003238DF8043002AB03C3294601A8FFF723
S21403156091FF06B070BD30B585B00D46694604469A
S214031570FFF7A3FF20B92A4621466846FFF716FF62
S21403158005B030BD10B5044686B01123062201A966
S2140315900120E9F70DFFA3789DF814209A4207D09F
S2140315A08DF814300622112301A90020E9F700FF65
S2140315B01123022201A90120E9F7FAFEE3789DF838
S2140315C014209A4207D08DF814300222112301A961
S2140315D00020E9F7EDFE06B010BD30B5437B13F0EF
S2140315E001028BB004460D4607D0407801A9F0F7F8
S2140315F023FE70B12D200BB030BD9B07FAD5ADF896
S214031600022001A90DF10202043003F0B4F8002809
S214031610F0D000210E22A81C04F0CFFBBDF810303A
S2140316202B80039BAB60BDF81230AB819DF8143062
S214031630237301AB03CB6060A1600020DBE770B5CA
S214031640437BDB078AB005460E4602D42D200AB03C
S21403165070BD4078694600F030F904460028F5D19D
S214031660DDF81D306B60DDF82130AB606B7B43F03B
S21403167002036B730E220146B01C04F09EFBBDF8FA
S2140316800030069AB26043F004033380059B736010
S2140316902046DCE70B4610B5044610220021184608
S2140316A004F08BFB2278032A09D0042A0DD0022AE1
S2140316B011D101462046BDE81040DFF731B9014697
S2140316C02046BDE81040FFF788BF01462046BDE828
S2140316D01040FFF7B4BF262010BDF8B50C460746EA
S2140316E0084616461D46FFF781FC04232370637BDA
S2140316F0677043F00103637331462046FFF7DDFE50
S21403170008B12D20F8BD29462046FFF7C3FF002861
S214031710F8D0F6E7F8B50C46054608461F461646C3
S214031720FFF764FC0423237025B108222946E0183A
S21403173004F029FB637B43F0020363734EB932461E
S2140317400121284600F0C4F8FF28607007D12D2039
S214031750F8BD31462046FFF7B0FE0028F7D1637B7D
S21403176043F0010363730DB90020F1E7002FFBD0AC
S21403177039462046FFF78EFFF6E7F8B50C460746D0
S214031780084616461D46FFF731FC2046032300F89D
S214031790043B3946082204F0F6FA637B43F002035F
S2140317A0637331462046FFF788FE08B12D20F8BD47
S2140317B029462046FFF76EFF0028F8D0F6E7F8B56F
S2140317C00C460746084616461D46FFF70FFC03233E
S2140317D02370637B677043F00103637331462046CF
S2140317E0FFF76BFE08B12D20F8BD29462046FFF70C
S2140317F051FF0028F8D0F6E718B18022012100F047
S21403180067B8FF20704730B589B00D46FFF7F4FF81
S214031810FF28044612D019230246194601A8FDF7ED
S2140318201BFC2868696801AB03C31923184601AA81
S2140318302146FDF71AFC002009B030BD2D20FBE73A
S21403184007B5002300931A461946F2F783F9B0FA50
S21403185080F0400903B05DF804FB70477047002032
S214031860704770470F20704770479DF80000704719
S2140318700F2070470F207047002070470F207047D7
S214031880002070470020704784B08DE80F000020CA
S21403189004B07047002070477047704700207047B9
S2140318A0704700207047704700207047012070473C
S2140318B070470020704701207047B5207047FF200F
S2140318C07047B5207047B5207047002070477047B3
S2140318D0FF20704770477047002070477047704777
S2140318E070470020704770470020704700207047FD
S2140318F000207047704770470020704770470020ED
S21403190070470020704770470020704738B505467B
S214031910FCF728F804462846FAF7A8FE2046BDE852
S2140319203840FCF723B810B50446C069FFF7EEFF4E
S21403193020462422BDE81040002104F03EBA9A4215
S21403194038BF8854704770472DE9F84F98460D9B6B
S21403195015469A07DDE90B4906460F4623D02A4665
S2140319600A9B03EB040A1444A24220D10D9B9B0757
S21403197005D5A2EB050AD14505EB0A0420D8204677
S214031980BDE8F88F434639462020B0470AF1010ADE
S214031990CA450AEB0B02F5D3A9EB04024C4588BFF4
S2140319A000222A44DCE7A246A5EB040BF0E702F18B
S2140319B0010B1AF8010D43463946B0475A46D3E79A
S2140319C04346224639462020B0470AF1010AD2E7A9
S2140319D02DE9F0479E46DDE90D3C1CF0020FDDE9DC
S2140319E00874DDE90B659DF828801FD10CF001090A
S2140319F04BB1B9F1000F06D0B8F1000F02D11CF0BD
S214031A000C0F00D0013B4FF0300A02E007F804A0A9
S214031A100134A54201D9202CF8D1B9F1000F05D025
S214031A204FF03009A34201D9202C1BD11CF0100F14
S214031A3015D01CF4806F32D1C4B1AC4201D09C42A5
S214031A402DD1651E12D0102E3FD11CF0200FA4F10D
S214031A50020456D178263E5530267E556C1C202C23
S214031A6029D00DE007F804900134DBE7102E10D1DF
S214031A701CF0200F2FD178243C7030247C70022475
S214031A80B8F1000F31D02D253D55013414E0622402
S214031A90F2E7022EFBD030243C700124F0E7102E30
S214031AA01BD11CF0200F2AD1202C04D0651C7826CD
S214031AB03E55202DD0D12024CDE90A3CCDE908742B
S214031AC07346BDE8F047FFF73FBF022EC4D162243A
S214031AD07C550135EDE75824CEE7022E03D1202CA2
S214031AE0E9D02546F3E72546E3E71CF0040F01D0CB
S214031AF02B25C9E71CF0080FDED02025C4E7202CD1
S214031B00D9D0651C5826D3E72DE9F04391B0189D2C
S214031B101A9F1D9E2DB926F0100416F4806F2646D4
S214031B2022D116F0200F14BF4FF0410E4FF0610E76
S214031B30AC460DF120080025AEF10A0EBCFBF7F902
S214031B4007FB19C95FFA89F4B9F1090F94BF30345A
S214031B507444E4B2BC4508F8014BBCFBF7F405F14A
S214031B60010501D3202D10D11C9C05941B9C0696C1
S214031B70CDE903749DF86440CDE9015408AC0094A4
S214031B80FFF726FF11B0BDE8F083A446D6E72DE99C
S214031B90F04F95B0DDE91E76CDE90A2357EA060332
S214031BA0CDE90801DDE9229B269C05D124F010032C
S214031BB014F4806F1C4637D114F0200F14BF412352
S214031BC061230DF1300A0025A3F10A0831464A467F
S214031BD05B463846FAF7FAF9D2B2092A94BF30328E
S214031BE042444F45D2B276EB0B060AF8012B05F1B9
S214031BF0010501D3202D14D1259B0593249B069420
S214031C00CDE903939DF88030CDE901530CAB0093E7
S214031C10DDE90801DDE90A23FFF7DAFE15B0BDE8C2
S214031C20F08F07460E46D1E70025E5E708B100F03A
S214031C3014B8704710B1D1E900311847704738B56A
S214031C40441E14F8015F25B90A2000F006F828465A
S214031C5038BD284600F001F8F3E701460020FDF7FB
S214031C601FB84369406CDA1C1438B2FBF0F203EB7E
S214031C70C203CA1DB2FBF0F2013201EBC201033309
S214031C80B3FBF0F3023300FB0310704738B5446927
S214031C9005462146FFF7E5FF6A6CE31D143AB3FBDE
S214031CA0F2F3013304EBC304204438BD73B5064690
S214031CB00D460024F36B01225B6901A92819984796
S214031CC0019B013309D1736C043462196A405B4289
S214031CD01A42EFD0204602B070BD0024FAE770B572
S214031CE005460C46D1F74CFDEB6B2046DB68BDE89A
S214031CF07040184770B5002586B004460562E36950
S214031D00AB4202D8206A06B070BD666C2068E36BEF
S214031D1005225B6901A906FB0500984701A800F0A8
S214031D2009FC00F02CFC10B1236A01332362013551
S214031D30E5E738B50446456C006804F1400305FB47
S214031D400101E06B00F028FC05462046FFF7D2FFB2
S214031D50284638BDF0B5054687B00026EC69013C39
S214031D60B44203D80C46204607B0F0BD01B14C1E62
S214031D706F6C2868EB6B05225B6901A907FB0400FF
S214031D80984701A800F0D6FB00F0F9FB0028EAD13B
S214031D9001362146E2E7F0B50446466CE36B00687D
S214031DA05B6987B00D46052201A906FB0500984727
S214031DB001A800F0BFFB00F0E2FB20B101A800F091
S214031DC090FB07B0F0BD29462046FFF7C3FF676CBC
S214031DD0E36B064620685B69052201A907FB06003C
S214031DE0984701A800F07DFB431CEAD0B54238BFF4
S214031DF00130E6E72DE9F043D0F824804FF6FF796B
S214031E0087B004460E46C84514BF4546002500273E
S214031E10E369BB4202D807B0BDE8F083E26B2368F0
S214031E20606CD2F814C001A9052200FB0530E04718
S214031E3001A800F07FFB022806D0C8450CD1721C0F
S214031E4029462046FFF775FFE36901350137B5FBE1
S214031E50F3F203FB1255DBE729462046FFF79BFF09
S214031E60B0F1FF3F14BF024632460132E8E7F0B551
S214031E70036887B006460025CC1A436CB4FBF3F41C
S214031E80F3693768706C5A1E954208D3706C3368D2
S214031E9000FB043007B0BDE8F04000F07BBB013424
S214031EA0B4FBF3F203FB1244F36B05225B6901A94F
S214031EB000FB0470984701A800F03CFB00F05FFBB2
S214031EC00028E3D10135DBE710B423F003042244F2
S214031ED09B070A44436C18BF04325B4282EA010440
S214031EE0234203D05DF8044BFFF7C1BF10465DF8ED
S214031EF0044B70472DE9F041D0E90A369E4286B07E
S214031F00044628D1C3694568142202FB13552846A4
S214031F1006B0BDE8F0812068676CE26B331AD2F82E
S214031F201480B3FBF7F3052201A907FB0300C047A0
S214031F3001A800F0FFFA012804D0636C1D44013B9E
S214031F403340ED1A31462046FFF791FF0646A36A53
S214031F50B342E0D1DBE70025F9E7F0B5002587B00B
S214031F6004462E46E369B34202D8284607B0F0BDBE
S214031F70636C276803FB0677E36B05225B6901A99D
S214031F803846984701A800F0D5FA00F0F8FA58B199
S214031F90384600F0FFFA01462046FFF787FE636CDB
S214031FA0143B834208BF01350136DBE708B508302A
S214031FB01346D1E90012E0F7CBFB012008BD13B5A9
S214031FC00C46002121760093616813462246DEF70D
S214031FD0DBFF18B1E37D03B1A07EA075A07D02B040
S214031FE010BD73B500F1080516460C460DF1070241
S214031FF00968284600F09AF9032E06D163688342DF
S21403200003D12168284600F077F9012002B070BD9D
S214032010D01E009B42424241187E824211D11A686A
S2140320208A420ED85A688A420BD35A6901325A61D9
S214032030D3E9030282423FBF986840F82210013278
S2140320401A610120704710B5032A029C07D1A26AC1
S2140320505340626C5242134201D100F04DF9012005
S21403206010BD08B5C36800209847BDE80840D1F7FF
S2140320708FBB70B5002401281C7014BF04200220F7
S214032080CC7D4243101D02F002024CB91AB1012264
S21403209020F003001A7000F108034868184470BD66
S2140320A01AB1012220F003001A700C7E002301F1FE
S2140320B02005DAB2944201D80020F0E735F8332041
S2140320C0824203F1010606D901EBC30300F10802BD
S2140320D0D8691044E3E7801A3346EAE773B590F805
S2140320E0426005461C4630460DF10303FFF7C1FF69
S2140320F0EB6B012E5B690DD1324601A998479DF81B
S214032100033013B1BDF806300193BDF804302360E5
S21403211002B070BD0122214602B0BDE870401847E8
S214032120F0B5054687B04868EB6B00245B690294FC
S2140321300E46012202A908309847274695F84230F2
S214032140012B40F08480632C02D9029807B0F0BDBF
S214032150612C08D805AB224631462846FFF7BEFF5A
S2140321609DF814301BB305AB2246314628468DF83E
S2140321701070FFF7B3FF95F84230012B059B55D13E
S2140321804FF6FF72934200F09680082205A904A832
S21403219000F057F9059B9DF81010C3F307229142F0
S2140321A040F08980DBB2029A1A44029283E095F8E3
S2140321B04230012B30D103AB224631462846FFF787
S2140321C08DFF04AB621C31462846FFF787FF05AB3D
S2140321D0A21C31462846FFF781FF102208230DEB89
S2140321E002010DF107008DF8073000F02AF91022DE
S2140321F005A90DF1070000F024F9039BDAB2002AC3
S21403220052D19DF80720B2EB132F4DD1DDE90432EE
S21403221003EB0243029347E0302C2BD944E09DF8AE
S2140322200720B2EB134F3FD1049BF3E7013342D0B1
S214032230102205A90DEB020000F003F9059B9DF89B
S2140322401010C3F30742914235D19BB2ABE7312C52
S2140322503FF67BAF87D005AB224631462846FFF7CD
S2140322603DFFBDF81430002B7FF47DAF95F8423068
S214032270012BA0D003AB224631462846FFF72EFF9C
S21403228004AB621C31462846FFF728FF10232022A2
S2140322900DEB03010DF107008DF8073000F0D1F8C0
S2140322A0039B9AB2002ABAD095F84230012B14BF8A
S2140322B0012302231C44013440E713B50024019490
S2140322C0049C0094DFF700FA02B010BD30B54468F2
S2140322D000234FF0FF329C4202D10023037230BD2D
S2140322E0016801EBC30541F833206A600133F2E766
S2140322F0C0E90012FFF7EABFF0B5456800239D4228
S21403230011D0046854F83320B2F1FF3F4FEAC307F5
S21403231004EBC30608D0C2F31302914204D14FF074
S214032320FF33E3517360F0BD0133E8E7F0B545686A
S21403233000239D4202D14FF0FF300FE0046854F8AB
S2140323403340671C4FEAC30609D0C4F31307B942E8
S21403235005D1240D1470036833445868F0BD013367
S214032360E7E713B50446002301461B220DF10700D9
S2140323708DF8073000F065F822689DF80730B3EB58
S214032380D26F0CBF0120002002B010BD13B500238E
S2140323900446014620220DF107008DF8073000F0B1
S2140323A050F80DF107001A22211D00F04AF8626862
S2140323B09DF80730B3EB926F0CBF0120002002B0EC
S2140323C010BD0068431C584258417047006810F01F
S2140323D07E0F0CBFC0F3C160002070470068C0F3D7
S2140323E0D3107047006800F07F0001288CBF0020E0
S2140323F001207047036813F07E0F14BF04200820E3
S2140324007047036813F07E0F03D1406820F07C40CA
S214032410704713F078001CBF03F07F03D81F704784
S214032420006800F07F007047032809D0022803D114
S214032430C1F10201C8B2704700290CBF0720002073
S21403244070471F2A0B689EBF4FF0FF3191408B43A6
S214032450590801F055315B1A03F033319B0803F03A
S21403246033330B44017803EB13130A4403F00F339F
S2140324704FF001314B43A2EB13620270704737B53E
S21403248001F10C0443690546694601222046984734
S214032490BDF8003001930122AB6901A92046984795
S2140324A003B030BD37B501F10C0443690122694618
S2140324B0054620469847009B4FF6FF7299B2914215
S2140324C00DD11B0C1B0443F4254343F0A5030193D2
S2140324D00122AB6901A92046984703B030BD00200E
S2140324E0FBE737B504461B22011D00250DF1070047
S2140324F08DF80750FFF7A5FF60689DF80720B2EB3D
S214032500D06F03D120F0784003B030BD0DF1070043
S2140325101B2204F108018DF80750FFF792FFA0680D
S2140325209DF80730B3EBD06F01D1C043EAE74FF015
S214032530FF30E9E703684BF29A22B2EB134F10B56C
S214032540044613D19BB2012B13D1FFF7CAFF013008
S2140325500CD0E0684FF6FF72B2EB104F4FEA104311
S21403256009D180B2C01A18BF012010BD23680133F9
S21403257003D00420F9E70220F7E70320F5E7012854
S2140325808CBF002001207047033801288CBF002031
S21403259001207047143070472DE9F04105469846F0
S2140325A0036908460E4617469847044638B9434615
S2140325B03A4631462846E0F7A7F9044618B13146AD
S2140325C02846FFF75CFF2046BDE8F081E3F734BEFC
S2140325D038B504460D46E5F733F928B929462046AB
S2140325E0BDE83840E3F7FCBD38BDE4F7C3BD70B5BE
S2140325F016460C46FBF7B6F9314605462046E2F783
S2140326009DF804462846FBF7B1F9204670BD00F056
S214032610E3B938B5044648880D4600F0ADF8D4F85B
S214032620A0302BB929462046BDE83840E3F77CBFE7
S214032630022038BD00F0A1B800F025BA73B50446F1
S21403264000200D4600F098F8D4F8A06069462046AE
S214032650FFF7F2FF5EB99DF800102A462046D2F730
S2140326607DFE0146204600F0DAF902B070BD002375
S2140326701A4629462046B047F7E7E3F753BCE0F788
S2140326807BBF38B505460C46FBF76CF92B6B1C4035
S214032690EB6A2343EB62FBF769F9211E18BF01219E
S2140326A00020490238BD38B504460D46FBF75AF9F3
S2140326B0236B1D40E36A23EA0505E562FBF756F93B
S2140326C0284638BDC06A704710B501210446FFF797
S2140326D0EAFF2046BDE81040E2F724B838B50446C2
S2140326E00D464FF48811FFF7DEFF29462046BDE866
S2140326F03840E0F7BBBB0846E1F754BB00F089B8A7
S214032700E1F7E0B9084708B5E3F78CFC80B208BDEB
S214032710022A01D800F095BA01207047022A01D890
S21403272000F0A0BA01207047022A01D800F0ACBA24
S21403273001207047E4F702BE0846E4F721BE00F026
S214032740E0BA002070470020704738B50D6804468D
S2140327502846E0F77DFBD4F8903043B15B6933B18C
S214032760013504BF6FF001020A600A681A60002090
S21403277038BDE4F7D9BC7047704770477047704759
S21403278038B50D460446E1F72DFCAC4042F2107313
S21403279064095C436423B0FBF3F0B4FBF0F038BD8C
S2140327A0022807D0062807D0003818BF0120404269
S2140327B0C0B27047012070470020704730B51F2312
S2140327C0B0FBF3F35D1CEDB24FF0FF34C3EB4313E2
S2140327D0AC40C01AE4430130E4B2C0B214600860EF
S2140327E030BD70B505460E46C0B201F00F01FFF7C7
S2140327F0C7FFC6F303110446C5F30720FFF7C0FF60
S214032800C6F303210444C5F30740FFF7B9FF20448A
S21403281070BD08B5E1F798F8BDE80840E1F71EB9C2
S21403282010B50446E1F790F8844288BF01F1FF3102
S214032830204601F00301BDE81040E1F70FB938B5B3
S2140328400446FFF7E6FF0546FFF7E3FF431BA342F5
S214032850FAD338BD0020704710B50446E1F746FCAE
S214032860C4F30113022B05D0032B09D0012B00D18F
S214032870400810BDC4F3C4240134B0FBF4F0F8E7F9
S2140328808008F6E700F03003202B10B513D110F4C0
S214032890E02FC0F302440AD010F4C01FC0F3C423D1
S2140328A0B3FBF4F418BF6400052C0ED86408FFF7D6
S2140328B0D3FF604310BDC0F382136FF012041C41B4
S2140328C004F00104C4F10204F1E70424EFE710B5B1
S2140328D0044651B10B6843B15B6833B11A68032AE7
S2140328E003D99C6A640E204610BDFBF73BF80146ED
S2140328F02046E1F73DFE04460846FBF737F8F2E7C5
S214032900E2F7F0BCE2F7EEBCE2F7ECBCE2F7EABCB7
S2140329107047436B03F06003402B0DD0602B03D04E
S214032920203B58425841704749B10B68012B06D9E2
S214032930486940F00100704740F2011070470020DC
S2140329407047034670B10268022A0BD9426A12F432
S2140329507F4FC2F3072006D01B6AD2B25A43B2FB9C
S214032960F0F0704700207047F0B5144687B01E4657
S2140329700F4619B90024204607B0F0BD002AF9D047
S2140329800028F7D001A9E5F7B1F90028F2D0BDF881
S2140329900630BDF80850A2199A42C4BF9B1B9CB2CE
S2140329A0B54212D90399AD1BADB23144A54203918A
S2140329B0ADF808500DD22A46384603F038F9049984
S2140329C0621B781903F033F9D5E70499761B314473
S2140329D0049122463846F5E70846E1F75FBC022035
S2140329E0E0F79CBFD0F894304BB11A68022A06D998
S2140329F093F8250028B11B6AB3FBF0F0704700F08C
S214032A00D1B9704708B50146D0F89400FFF799FF8F
S214032A1020B9BDE80840084600F0C8B908BD10B59F
S214032A2090F8D0300E2B04462BD00175D0F89000CA
S214032A3020B3D4F8A0304BB994F8D9308B420BD3DB
S214032A4020460022BDE81040E3F7C8BDB4F92420B1
S214032A50B0F912309A42F3DD94F8D91000222046DA
S214032A60E3F7BCFD60B9C4F89000204600F0EEF929
S214032A7001462046BDE81040E4F7E2BEFF23637537
S214032A8010BD0220FCE70346D0F8D0000860B3F878
S214032A90D4308B800020704790F8D0300E2B14BFB4
S214032AA0407DFF20704738B505460C46E4F73AFCF0
S214032AB088B10CB1002038BD4FF400612846E3F717
S214032AC059F800224FF480712846E3F73FF80038A0
S214032AD018BF0120EFE74FF400612846E3F74AF8F2
S214032AE040B1002CEDD095F8CA30002BE2D14FF45C
S214032AF08072E7E72202E5E74FF48071E3F73AB81E
S214032B004A024FF40071E3F721B88A024FF480615A
S214032B10E3F71CB84FF40071E3F72CB83F2B0846D5
S214032B2010B5114619D9B3FA83F3C3F11902D2B219
S214032B30062A01D8192B0ED0062A28BF0622931D73
S214032B40DBB201249C40A4B2A14228BF2146E4F78D
S214032B50E5FE204610BD0022F1E70024F9E71388BE
S214032B603F2B10B5084616D9B3FA83F3C3F1190100
S214032B70C9B2062901D8192B0BD0062928BF06216E
S214032B808C1DE4B20123A3401380E4F7E5FE002086
S214032B9010BD0021F4E70120FAE7E3F731B810B5DA
S214032BA0084614460121E1F72BFA20460121BDE829
S214032BB01040E1F725BAF8B504460E461746FAF76D
S214032BC0D1FE3A4605463146204600F02CFA044626
S214032BD02846FAF7CBFE2046F8BD022070470320AE
S214032BE07047E0F793BE10B5E4F700F9044608B95A
S214032BF0E2F79AF9204610BD704770B505460E46B3
S214032C001446FFF7BCFD3146284600F0EAF8FFF706
S214032C10B6FD04F00903082B04D10C2C1CBF24F0CA
S214032C200804A4B221462846E3F702FA00224FF42A
S214032C3000312846E2F78AFF002070BD8021E2F7C4
S214032C4099BF7FB5531C05AAADF814100292022152
S214032C500022CDE90021DBB21146E2F795FF07B06B
S214032C605DF804FB7FB5531C05AAADF81410029259
S214032C7004210222CDE90021DBB200220121E2F782
S214032C8083FF07B05DF804FB1FB5531C02910022B7
S214032C900821CDE900210122DBB21146E2F774FFD9
S214032CA005B05DF804FB07B591F82830009391F85A
S214032CB02B3091F8292091F82A10E4F711FB03B082
S214032CC05DF804FB38B50546E3F7ACF90446284639
S214032CD0E3F786F9072811D1D5F89030DB6924F499
S214032CE07F4121F0080103B15B7841EA032141F0FB
S214032CF020012846BDE83840E3F79AB924F02001BE
S214032D00F7E7081E18BF012070470020704702200F
S214032D10704700207047012070470020704700204E
S214032D2070470120704700207047E4F747BA08460B
S214032D301146E4F733BC70B505460C4611461A46F1
S214032D40E4F74EFB06682B462046B446BDE87040C3
S214032D50604710B5E4F744FBBDE8104083681847A6
S214032D60E1F73ABA4942FFF7FBBF7047431E012B10
S214032D7003D9031F58425841704701207047FFF795
S214032D80FABC4FF4A472002103F017B810B5002163
S214032D900446FFF72AFC2046BDE81040E3F7ECBEE6
S214032DA0E3F726B9E3F746BBFFF71CBEE3F748BBDA
S214032DB0FFF728BED0F88C0070B5C468002324251E
S214032DC09C4201D1012070BD826805FB0322D6898F
S214032DD08E4202D8128A8A4201D20133F0E70020DB
S214032DE0F1E7F8B505460E46E4F79AFBD5F88C30BE
S214032DF07BB15B696BB1E1F7F5F8D5F88C305B69AD
S214032E001B1A584240F26B124FF042015841E4F746
S214032E104FFDF76800224FF6FF734FF0240CD0B235
S214032E20B84208D31C4621462846E4F709FDFFF7B7
S214032E30A5FC2046F8BDB1680CFB0011CC899C426A
S214032E4002D2002CEFD023460132E8E7008B70470E
S214032E500A7838B505461046FFF788FF60B14C7808
S214032E602046FFF783FF38B12243530704D428468E
S214032E70BDE83840E3F7EABA012038BD10B504468A
S214032E800878FFF773FF58B14A781046FFF76EFFCE
S214032E9030B1042A04D02046BDE81040E3F70EBB49
S214032EA0012010BDE3F74AB8E3F7B0BD73B50D785C
S214032EB006460C4635B304238DF8043023798DF883
S214032EC0053001A93046FFF7D9FF0546B8B9227881
S214032ED0A37952BB8DF80430E3798DF8053001A948
S214032EE03046FFF7B5FF054648B923783BB16188FE
S214032EF03046E3F71BFC01213046FFF7D4FD284696
S214032F0002B070BD2946FFF7CEFD29463046FFF7CF
S214032F10F7FD29463046FFF7F8FD2378002BCAD184
S214032F2023798DF804306379C9E702228DF80420EB
S214032F30D3E7FFF7E5BDFFF7EDBDFFF7EFBDFFF7FF
S214032F400EBE08461146E4F7D1BEC0F89C1000201A
S214032F507047E3F729BC70B5144686B005460E469F
S214032F60122200210DF1060002F027FF23680093CA
S214032F7069462846ADF80460E3F710FD009B23601E
S214032F8006B070BD38B50446154609B1FFF705FE11
S214032F9025B12046BDE83840E3F71CBD38BD0846DA
S214032FA011461A46BDF80030FFF7DEBC2DE9F74F91
S214032FB01C469DF830300193036803F0070306337D
S214032FC001259D400646174605F1FF380B46A1B17D
S214032FD0416804EA080BA5EB0B0A41F00059524579
S214032FE009EB0B0114D95246184602F020FE7A1B51
S214032FF05A444946504402F01AFE019B2BB13C4406
S21403300048EA050804EA0804F46003B0BDE8F08F54
S2140330101846F0E737B5002500951446FFF7C6FFB8
S214033020204603B030BDF7B505460F466846114641
S214033030E4F72AFF064698B197B1DDE900311B0A8B
S21403304043EA0163A5FB0343090A05FB0135E0F7E1
S214033050C9FF0023024629462046F8F7B7FF386023
S214033060304603B0F0BD38B14FF47A735843A0F638
S214033070AC50401AE4F7C4BF4CF25030FAE70022D3
S2140330808A4202D14FF0FF30704750F8223093FA4D
S214033090A3F30BB90132F3E7B3FA83F000EB421064
S2140330A0704710B50446E5F76BF921460020E7F7AD
S2140330B023F8BDE81040002000F0C8B9704708B5F3
S2140330C0E7F772FF80F00100C0B208BDFFF716BB3A
S2140330D0704700207047704770B5144681F00105AD
S2140330E019B90D2A07D1FF2018E00D2A03D100785D
S2140330F00538C0B212E0084400F047F8C5F10401F1
S21403310010F440660246C9B209D1042C084605D01D
S214033110052C16D112F0400F18BF084670BDC5F136
S2140331200603042CD8B2F9D0B6F5006F03D1C5F167
S2140331300805E8B2ECE7B6F5406FE9D1C5F10E0530
S214033140F7E712F4404107D1062CE7D0072CE5D069
S214033150082C13D10130CCE755065CBF831CD8B2CC
S214033160062CDBD0B1F5004F02D1831CD8B2EDE7B5
S214033170B1F5404FEAD100F10803F7E7130744BF60
S2140331800530C0B20C2CC9D9ADE700887047017072
S214033190090A4170704710B50024E3B210B9C3F1B1
S2140331A00303DBB20134042CCA544FEA1222F4D1CF
S2140331B010BD10B50B784C788A78C97828B91046B4
S2140331C02246044608461946034642EA012043EAD5
S2140331D0042343EA004010BD10B50C46E7F7A0FDF4
S2140331E0048010BD38B50C461546E7F799FD0388ED
S2140331F01DB11C43A1B2018038BD23EA040189B284
S214033200F9E708B5E7F78CFD008808BD08B5E7F7CA
S21403321087FDC07808BD08B5E7F782FD008800F093
S2140332200C0008BD08B5E7F77BFD008800F00C002E
S214033230031F5842584108BD38B50546E7F770FDE9
S21403324004462846FFF7EEFF30B904F11000FFF7F7
S2140332509CFF00F4406038BD4FF40060FBE738B5D0
S2140332600546E7F75DFD04462846FFF7DBFF014604
S21403327048B9103420460422E6F7ECF92044BDE8AA
S2140332803840FFF782BFA08838BD10B50C46E7F775
S21403329047FD848010BD38B50546E7F741FD044673
S2140332A02846FFF7BFFF014608B1201D38BD10347E
S2140332B004222046E6F7CEF92044F7E738B505465C
S2140332C0E7F72EFD04462846FFF7ACFF30B904F1B6
S2140332D01000FFF75AFF00F4404038BD4FF400607B
S2140332E0FBE738B50546E7F71BFD04462846FFF718
S2140332F099FF014648B9103420460622E6F7AAF994
S2140333002044BDE83840FFF740BFA08838BD38B535
S2140333100546E7F705FD04462846FFF783FF014603
S21403332008B1201D38BD103406222046E6F792F970
S2140333302044F7E708B5E7F7F3FC007A08BD08B5BD
S214033340E7F7EEFC90F9090008BD08B5E7F7E8FCD7
S214033350807A08BD08B5E7F7E3FCC06808BD10B57A
S2140333600C46E7F7DDFC047210BD10B50C46E7F714
S214033370D7FC447210BD10B50C46E7F7D1FCC46009
S21403338010BD2DE9F8430F468046002107F11000D3
S21403339016469946E7F78AFD0446D0B1E7F7C0FC20
S2140333A005462046E7F7D8FC00210246284602F0E9
S2140333B004FD0023AB7049F004012046FFF70CFF21
S2140333C0A5F804802EB13A46314605F1100002F006
S2140333D02EFC2046BDE8F883F8B505460F461020B8
S2140333E00021E7F763FD0446B0B1E7F799FC06460C
S2140333F02046E7F7B1FC00210246304602F0DDFC2A
S2140334000023B37039462046FFF7E6FE25B12A4669
S21403341001212046E7F722FD2046F8BD08B5E7F769
S2140334207FFC103008BD08B5E7F796FC1038C0B22D
S21403343008BD10B50C46098821B90846F7F72CF8DD
S214033440208008B1012010BD0220FCE70020E6F72B
S2140334507FBD08B5E7F704F8002008BD4088C0F331
S2140334600C000330800840000430704708B520B1D4
S214033470E7F76AFA00F0010008BD0120FAE708B58D
S214033480E7F79AF9BDE80840FFF7F0BF70B50E46B8
S214033490054611463046E7F709FD044635B128B11F
S2140334A0E7F73EFC3246294602F06DFC204670BD27
S2140334B00088B0FA80F040097047008810B1C9B29E
S2140334C0E7F7B8BC70472DE9F041B0F80080064630
S2140334D00C46D5B2B8F1000F11D029464046E7F79F
S2140334E0A9FC2246074629464046E7F7B7FC3A4674
S2140334F029462046E7F7B2FC3480BDE8F0810F4644
S214033500F5E738B5058800220446FFF7DCFF05B16A
S214033510258038BDF8B507460D46008800211646B7
S214033520E7F788FCB042044605D129463846BDE88D
S214033530F840FFF7E6BF00212046E7F77BFCB042E2
S21403354005D020460021E7F775FC0446F3E72A4634
S21403355020460021E7F782FC324628460021BDE8D4
S214033560F840E7F77BBC034608461B888B4202D02D
S2140335700021E7F75FBC0020704738B5044638B132
S2140335800021FFF79AFF002301465D1C09B998B294
S21403359038BD2046FFF7E7FF2B460146F5E7F8B5AB
S2140335A0058807467DB1CCB221462846E7F742FC9C
S2140335B08542064609D100233B8000222146304639
S2140335C0E7F74CFC35462846F8BD2146E7F732FCBC
S2140335D0214602462846E7F741FCEEE72DE9F04789
S2140335E007888246884614465FB33846E7F7B4FB37
S2140335F03D460646E4B221462846E7F71BFC40450F
S214033600814616D12146E7F715FC21460246284691
S214033610E7F724FC474504D1454508BF0025AAF82B
S2140336200050002221464046E7F718FC3046BDE826
S214033630F0878742FAD0E7F78FFB304486B24D46D1
S214033640D9E73E46F2E72DE9F04780460F4602F1FA
S214033650FF3906460024BC4202D219F8015F25B999
S214033660A6EB0800C0B2BDE8F0879A46A5F1310282
S214033670012A5AF8041B10D83246322D02F8011BD1
S21403368006D10134E4B2A74232D30912B21C7170D8
S2140336900134E4B253461646DDE7342D0CD1033429
S2140336A0BC42DDDA0B0A317073700B0C090EB37073
S2140336B0321DF170E4B2EBE7A5F13302062A0DD80A
S2140336C0303DEDB22B19BB42CADA2A463046013CDE
S2140336D002F059FB55FA84F47219EBE7A5F141029F
S2140336E0062A01D8373DECE71D7903F1080AE9E716
S2140336F01646B5E770B5054600880C46E7F72CFB7B
S214033700844228880AD9E7F727FB0023221AD2B275
S21403371028461946BDE87040E7F74EBC2146E7F752
S21403372037FB002070BD2DE9F843074608461646CA
S2140337309DF8209088461C46E7F7F2FA8519CCB127
S214033740C5B14046E7F708FB2644864214DC22460A
S214033750B9F1000F06D12946384602F014FB0020C3
S214033760BDE8F883B9F1010F39462846F5D002F0D3
S2140337705EFAF4E72120F3E71D20F1E738B50546A6
S214033780E7F7CEFA04462846E7F7E6FA00220146AC
S2140337902046BDE83840FFF779BEF8B516460C4616
S2140337A01D46BDF81870E7F7BBFA04443046E7F742
S2140337B0B7FA3A4641192046BDE8F84002F0E3BAA4
S2140337C070B50C460131C9B20646E7F799FC2146A7
S2140337D005463046E7F794FC00EB052080B270BD43
S2140337E01FB50123ADF80C2000930A4602230146B9
S2140337F003A8FFF798FF05B05DF804FB73B504460E
S2140338000D46402000211646E7F750FBADF80600AC
S214033810E7F786FABDF8063013B9002002B070BD8C
S214033820402133462A462044FFF70DFF2118C9B22C
S2140338300DF10600FFF75EFF0028EED1BDF8060087
S214033840ECE70EB403B503AA52F8041B0192FFF784
S214033850D5FF02B05DF804EB03B0704700220123E6
S214033860C0E900237047F8B5044601270026FAF797
S21403387084F823683BB9FAF786F863680022012BBD
S2140338800ED16360F8BD1D691F612660FAF77BF8E9
S214033890012DF2D02B462D691E61012DFAD1E6E7E4
S2140338A019691A610B46EAE70069003818BF012058
S2140338B07047036823B94068012803D0E7F74EBC76
S2140338C0002070474FF0FF307047F8B50546FBF70A
S2140338D094FB01230646A8602B730027FAF74DF8DE
S2140338E02B6802467BB11C692169A1420CBF2F607D
S2140338F0196127611046FAF746F8012C08D0636869
S21403390020469847EAE76C68012C04D1FAF73BF89F
S21403391000232B73F8BD6169711AB1F1004FF5D816
S214033920216969602361E5E770207047702070475E
S214033930002070470144884201D10120704710F8E7
S214033940013B9342F7D0002070470821FDF709BBDF
S21403395030B5014693B005460020E5F703FB10F0AB
S214033960FF040BD16A4621462046E6F7E7FA6A4685
S214033970214620468DF80250E6F7C0FD204613B0D8
S21403398030BD00B5002193B06A460846E6F7D6FA7E
S2140339909DF9020013B05DF804FB00B5002193B057
S2140339A06A460846E6F7CAFA9DF8000013B05DF8C3
S2140339B004FB08B5E5F72AFE003818BF012008BD4A
S2140339C00120704700207047704770477047704764
S2140339D0704770477047704700B5002193B06A463A
S2140339E00846E6F7ABFABDF8060013B05DF804FB2D
S2140339F010B5002192B004466A460846E6F79EFADA
S214033A0000216A460846ADF80640E6F777FD12B091
S214033A1010BD00B5002193B06A460846E6F78EFA55
S214033A20BDF8040013B05DF804FB10B5002192B096
S214033A3004466A460846E6F781FA00216A460846BF
S214033A40ADF80440E6F75AFD12B010BD70472DE9F5
S214033A50F04F85B00C4691468046FFF7DCFB671CAB
S214033A6005463846FFF791FB042D40F08B80404611
S214033A70FFF7D4FC037803F00303012B4FF009028E
S214033A804FF00101204614BF4FF0020B4FF0030B1B
S214033A90E5F7E0FD0922002105462046E5F7DAFDB5
S214033AA021788DF80F000139002289B22046FFF7EE
S214033AB0EDFC04EB090A0646D0B12A4601460DF191
S214033AC00F035846FBF770FD0228054626D13046FD
S214033AD0E7F742F9C0B220700023013800930122B1
S214033AE0C3B231463846FFF71EFE237801332370F0
S214033AF04046FFF786FB020424D49AF80130217867
S214033B009B071FD50139A1EB09014246C9B25046AE
S214033B10ECF7F0FC23781844207013E020B92070EB
S214033B20284605B0BDE8F08F032809D15046FFF7B5
S214033B302CFB20F4007189B25046FFF728FBD7E729
S214033B400428D5D10125217800222046FFF79EFCC4
S214033B5006460028E4D00023014601221846FBF758
S214033B6023FD022819D13046E7F7F6F8C0B22070D5
S214033B700023013800930122C3B231463846FFF7CB
S214033B80D2FDCDE780F0800520F0800081B2384674
S214033B90C5F3C015FFF7FBFAD5E70028C0D12070A0
S214033BA0BEE708B50020FFF78AFA80F00100C0B22E
S214033BB008BD0A4608B501460020E7F71BFFB0FA22
S214033BC080F0400908BD0020E6F7CABD002108467C
S214033BD0E6F742BA0020E5F7A3B908B5E7F772FFA0
S214033BE0003818BF012008BD01207047E8F78EB8DB
S214033BF010B50C46098821B90846F6F731FC208033
S214033C0008B1012010BD0220FCE710B50446FDF7FD
S214033C1076FE08B9FDF775FE03050FD40C231B2BA0
S214033C2001D1002009E020FA03F1C90703F10102DC
S214033C3006D5DBB2E31A5842584110BD0B23F9E709
S214033C401346ECE710B50C46098819B90846F6F78B
S214033C5023FC2080012010BD402908B5104604D05F
S214033C6009D811B13F290CD0C9B200F02AFBBDE830
S214033C700840FBF7E5BE412905D04C29F4D18D2138
S214033C80F3E73121F1E74221EFE770B592B004463E
S214033C900D4616466A46E6F751F96A462946204611
S214033CA08DF81F60E6F72AFC12B070BD07B50DF15C
S214033CB00701E8F75BFA20B19DF8070003B05DF84B
S214033CC004FBFF20FAE710B50C46E8F755FB204641
S214033CD0BDE81040E8F766BA0129F8B505460C4674
S214033CE01DD003291ED0052920D0072922D000265F
S214033CF0002400270120E5F709FC304485421DDA3D
S214033D000320E5F703FC2044854219DA0520E5F78E
S214033D10FDFB38448542B4BF07200520F8BD6FF08D
S214033D200406E5E76FF004040526E2E700266FF0D5
S214033D300407DFE7002426460527DBE70120EDE737
S214033D400320EBE738B5054600242046E5F7DEFBFF
S214033D500134A842E4B202D9062CF6D10724204641
S214033D6038BD38B14379490023F00C0301F00C0148
S214033D700B434371704710B5044678B141794088C8
S214033D80490801F006010131000AFFF7A5FF0246C4
S214033D9001462046FFF7E5FF104610BD0722FBE766
S214033DA038B50D46E8F7D6FA044608B9002038BDFC
S214033DB0FFF7E1FF002DFAD1237913F00703F5D0BF
S214033DC0984238BF1846C0B2F1E7037923F00703D9
S214033DD0194301717047037903F00F0343EA011394
S214033DE0037170470022E8F75BBE002108B5012285
S214033DF0E8F756FE401A18BF012008BD38B5154629
S214033E00FFF7F0FF04462846FFF750FF84B1FF286C
S214033E1004D0626822FA00F3DB0701D5012038BD1F
S214033E200123834013436360E3780133E370F5E7CC
S214033E302046F4E7E9F7A2B801461023072201203B
S214033E40E7F7B6BA10B5E6F76BFF00F110042046A5
S214033E50FFF79BF920F4007189B22046BDE81040B5
S214033E60FFF795B92DE9FF418DF80D301B0A15466E
S214033E708DF80E3001919DF82C308DF80C00012141
S214033E808DF80F300091042303AA28469DF8288056
S214033E909DF830709DF8346001F09EFC044670B1C6
S214033EA02946FFF7F2F9B8F1000F02D12046FFF7D3
S214033EB0C9FF2FB146B931462046F3F7A1FF0024C8
S214033EC0204604B0BDE8F08100231A461946204672
S214033ED0E8F7D6FFF3E74FF47A70E9F72BB9F0B5B6
S214033EE0064687B010461C460F461546FFF796FA59
S214033EF09DF8303018444378A4B1617811F0020F6E
S214033F004FF001020CBF032100210020CDE903106E
S214033F10CDE901420095072239463046E9F7A6F96E
S214033F2007B0F0BD22462146EFE708B5E7F7C6F926
S214033F30BDE808400020E9F7CBBB1FB5044668463A
S214033F40FFF77AFF54B100238DF8053010230722BC
S214033F5069460020E7F72CFA04B010BDFFF73CFDD6
S214033F60ADF80600FFF755FDADF80000EEE700B527
S214033F708BB06846FFF760FF009BBDF8060006930C
S214033F8004A9E9F77DF80BB05DF804FB1FB50446FA
S214033F906846FFF751FF02AB03CB2060616004B0B5
S214033FA010BDFF22E9F7AEBC38B5D31E012B04467D
S214033FB00D46104607D8E9F7B9FB29462046BDE863
S214033FC03840FFF7EEBF022038BD1FB50623044670
S214033FD08DF80C30E9F7F6FC0023CDE900338DF8B5
S214033FE00D00022303AA0121204601F0F5FB04B0CD
S214033FF010BD70B50C4605460120EAF7D1FB237BBE
S2140340004BB1FFF7E9FC014623462A460120BDE8EB
S2140340107040E9F765BE4FF6FE71F5E7F8B50E4654
S2140340200746FFF7FBF90546FFF7AFF800F44040F5
S214034030B0F5404F14BF0022062202F10A030B32EA
S214034040EB5C5C0004F00E045B08144403F03803D6
S21403405038461C44FFF7E7F9844208D2001BC2B275
S2140340600F2A28BF0F222919304601F0E0FD20460B
S214034070F8BDD020EBF7BABA13B5F4F763F969467F
S214034080044601F020F858B1FFF7A6FC40B1E7F765
S2140340902BFA28B10023022269462046F1F79AFC40
S2140340A002B010BDFF224FF6FF71EBF7E7BC00200E
S2140340B0FFF7F8BF37B5082305460C4609226946BD
S2140340C00120E7F775F915B19DF806302B700CB192
S2140340D0009B2360BDF8040003B030BD07B5002184
S2140340E00DF10700FFF7E6FF9DF8070003B05DF844
S2140340F004FB07B508238DF80600ADF804100092FC
S214034100694609220020E7F753F903B05DF804FB7C
S21403411013B5044601A90020FFF7CCFF019A014618
S2140341202046FFF7E6FF204602B010BDF0B50F4667
S214034130002187B0044608461646FFF7BBFF012357
S21403414005460DF10A008DF808408DF80930FFF793
S2140341501DFF092C1DD131460DF11200FFF717F88C
S21403416005AB02AA9B1A0021CDE900112846DBB253
S214034170642101F031FB0546E0B1092C15D1EBF7BC
S21403418041FE044688B12846EBF750FE204607B0AA
S214034190F0BD31460DF113008DF812704FF6FF7522
S2140341A0FEF7F5FF0DF11503DBE7284600F02EF8C2
S2140341B00446EBE70446E9E77FB50D461646ADF839
S2140341C00E00E6F7C9FD841BE4B2BDF80E20631BA0
S2140341D09BB21046009329467319FFF7DEFA214671
S2140341E00DF10E00FFF786FA04B070BD38B504462D
S2140341F00D4600F0A3FF40B1AC4206D02046F4F7CC
S21403420023F9BDE8384000F0F3BF38BD10B50446C7
S214034210FFF704F90230FEF7B8FF4FF6F77398423C
S214034220204603D9BDE81040EBF786BFEBF7D0FF77
S214034230B0FA80F0400910BD0022EBF79FBE70B5C0
S2140342400546FFF7EBF80646284601F0E9FA01466D
S2140342502846E6F755FF04462846FFF700F84FF6CC
S214034260F773984208D8337803F00303012B05D17C
S214034270A31E5842584170BD0120FCE70020FAE710
S21403428030B585B041F203330D46ADF80830044629
S214034290FFF7A2FB8DF80A00FFF79EFB0021000A3A
S2140342A08DF80B00CDE90011052302AA20468DF8F0
S2140342B00C5001F091FA10B12146FFF7BDFF05B08F
S2140342C030BD70B504460D4691B131294FF0000656
S2140342D000D135462046FEF79EFF08280AD1012165
S2140342E02046E6F7A7FD2946BDE87040FBF7ADBAC2
S2140342F00126EFE72046FEF78EFF024630B9BDE8FB
S21403430070404FF6FF710120FCF7F3BD2046FEF721
S21403431093FFB0F5006F0ED12046FEF7A0FF4FF6D1
S214034320FF739842014617D0002D0CBF03200520CB
S2140343300022FCF7DEFD29462046E8F75FFE68B953
S21403434029462046EDF7C2FB40B9324629462046A9
S214034350BDE87040ECF700BA0120E9E770BD37B559
S2140343604FF6F675D3F7A4FA431E9BB2AB42044648
S214034370F8D8E7F7EFFF0028F4D169462046E7F7B9
S214034380B3FA0028EED0204601F000F80028E9D161
S2140343902046FFF72AFD0028E4D12046EDF708FC67
S2140343A00028DFD1204600F0C9FE0028DAD12046D7
S2140343B0FCF7EAFD0028D5D1204603B030BD73B51F
S2140343C004460E46EDF7F4FB054688B92046EDF79E
S2140343D049FC214600952B460D224FF6FD7000F052
S2140343E053F83146204602B0BDE87040EDF7FCBBFB
S2140343F002B070BD37B5054614460C2914D8DFE85D
S21403440001F029132913131307131313132424007A
S2140344106946E7F769FA18B901216846F1F7A0FE7D
S21403442042202946F6F7FAFEBCB12046FEF7F6FF11
S2140344300230FEF7AAFE4FF6F77398420DD92046D0
S21403444003B0BDE83040ECF78DB80B2914BFAA20A3
S214034450A920E6E7F5F7A2FBE6E703B030BD1FB5F4
S2140344600346084603218DF80C108DF80D30002105
S2140344700123CDE90031ADF80E20042303AA01F091
S214034480ABF905B05DF804FB2DE9F34106469DF84C
S21403449020800F4614461D46FFF79EFAB04207D10A
S2140344A000222146384602B0BDE8F041FFF7A2BF1E
S2140344B03A4631462046FFF7D2FFADF8060060B114
S2140344C00D2C05D100224FF6FF712820FCF711FDB5
S2140344D035B9BDF80600FFF799FE02B0BDE8F081D6
S2140344E00123424629460DF10600E6F765FDBDF8B1
S2140344F00630002BEDD1F0E7F7B50C460546FEF780
S2140345008DFF611CC9B206462846E6F7F9FDA11CD5
S2140345100746C9B22846FFF753F90146044638460C
S214034520FBF763F90D2F34D12046EDF741FB78B145
S214034530301DFEF72AFE04462846F679FEF7D1FE1E
S21403454031460246204603B0BDE8F040FFF756BCAE
S214034550B01CFEF71AFE4FF6F773984202D92846A8
S214034560ECF700F82046EDF77DFBFFF735FAA0429F
S21403457005D1002003B0BDE8F040EDF7B7BBB06847
S214034580F1686B4603C369462046EDF72DFB03B07F
S214034590F0BD2A463946204603B0BDE8F040FFF793
S2140345A029BF1422002101F008BC2DE9F0470B07B0
S2140345B08EB004460E4615465CD10120DCF780F922
S2140345C009A8FCF713FD092309A88DF82430FCF786
S2140345D011FD09A8DCF746F901A909A8FCF76DFF48
S2140345E026F00F072F4404F1100804F10F09BD420B
S2140345F011D123693344236101A909A8FCF742FFBB
S2140346000020DCF75DF9B6F1005F2CBFB120002077
S2140346100EB0BDE8F08705AA234696461868596883
S2140346209446ACE80300083343456246F6D12B466E
S214034630224605F1100A53F8041B42F8041B53459F
S214034640F9D1714609A8FCF71DFF09A8DCF70AF99A
S214034650224621460120DCF7C5F8013D631E13F808
S214034660012F15F8011F4B4582EA01021A70F6D195
S2140346705546BCE77020CBE7F0B585B01746054630
S2140346800C4610220021684601F097FBBFB3C4B363
S2140346900F2C04F00F0608D924F00F043A462146DF
S2140346A02846FFF782FF40BB274432463946684612
S2140346B001F0BDFA2F6906F1100337446B448022DC
S2140346C0B7F5005F03F8102C2F61C6F110061AD356
S2140346D0062E1FDDFB001A0E8DF80A201A0C5BBA95
S2140346E08DF80B20ADF80C306A4610212846FFF7EC
S2140346F05CFF2B69103B2B61002005B0F0BD3E46E6
S214034700D8E72646D6E7022E04DDFB005BBAADF8F3
S2140347100E30E9E76A4610212846FFF746FF2B6965
S214034720A3F110042C6110220021684601F045FB1A
S214034730B7F5005F4FEAC403CDD2E7E770B586B09E
S2140347400E46054601A81446FFF72BFF32462946B8
S21403475001A8FFF791FF05AE054601AB22461C46AE
S21403476003CCB44210605160234602F10802F6D12E
S214034770284606B070BDEDF75BBB0A460021EDF791
S21403478057BBF0B58BB00C4601A9EDF751FB0546B8
S21403479088B325220021E01C01F00FFBBDF8107042
S2140347A00123A370FA054FF00E03238010D523468A
S2140347B04FF4877223F8042B06AE0DF1280C32460D
S2140347C003CA624518605960164603F10803F6D11A
S2140347D03B0605D5238843F080032380069B63604E
S2140347E001AB03CB039BC4F81D00C4F82110A361DF
S2140347F0EEF774FD606128460BB0F0BD30B5054694
S21403480087B001A80C46FCF7F1FB2868696802AB81
S21403481003C39DF8113043F002028DF8112074B1E2
S2140348202288510644BF43F006038DF81130530522
S21403483042BF9DF8113043F008038DF8113001A8EC
S214034840FCF77AFDB0FA80F0400907B030BD70B5CA
S2140348508AB00D46002201A90446EDF7E9FA88B1AD
S21403486004A92046FFF7CAFF60B1BDF81060FFF742
S214034870B3F838B9720601D5730503D52946204621
S214034880FBF704F80AB070BD2DE9F3410F46054661
S2140348901646E6F761FAC41BE4B24FF00008294651
S2140348A0CDF8008023463A463046FEF73CFF01210A
S2140348B02846E6F7BFFA88B101212846E6F7BAFA92
S2140348C00746E6F749FAC5B22B463019CDF80080FD
S2140348D042463946FEF727FF2544ECB2204602B08F
S2140348E0BDE8F0812DE9F74F0C9E9DF8348089468C
S2140348F0054693461C46E6F72FFA012723464A4603
S2140349002946824600975846FEF70DFF3946284645
S214034910E6F790FA4C4428B339462846E6F78AFA6F
S2140349205FFA8AFA5445814611DAE4B2AAEB040B1D
S2140349305FFA8BFB2246304600975B462946444483
S214034940FEF7F1FEA4EB0A045E4404F0FF0801231D
S2140349500C93002243464946304603B0BDE8F04F69
S214034960FEF7E1BE0C974346E2B22946F4E72DE98B
S214034970F04186B00026074608460C46154698467C
S214034980CDE9026604968DF81460E6F7E5F9411B57
S214034990CBB20D2B28BF0D2300962A46214602A82C
S2140349A0FEF7C1FE424602A93846EDF7ABFC9DF87A
S2140349B00820064629462046E6F7B6FB304606B0EC
S2140349C0BDE8F0812DE9F04F0E46CBB00121054638
S2140349D017461C46E6F72EFA23463A4629468146EC
S2140349E006A8FFF7C4FF0DF1280A00EB070B5FFAD2
S2140349F08BFB524631462846FFF746FFB34503D2A4
S214034A0000204BB0BDE8F08FABEB06085FFA88F8E2
S214034A1008F104039842F3DB331F1844C4B204239B
S214034A200193A31BDBB20093CDF808A0434652467E
S214034A30002106A8DBF75CFEC0B20028E0D1A4EB99
S214034A400B040AEB0803E4B25246284600933146A9
S214034A5043460194FFF746FF39462846E6F750FBE0
S214034A60394600F0F8022846E6F75EFB01212846A1
S214034A70E6F7E0F9002818BF4D462846ADF816506D
S214034A80E6F76AF9011FC9B20DF11600FEF732FE0A
S214034A900120B6E72DE9F041044600F0C1FE411CB3
S214034AA0074689B2204600F08EFE98B397B3394680
S214034AB02046E6F725FB00F00C03042B054629D019
S214034AC000F00308B8F1020F00D11BBB284600F024
S214034AD030FF2B060744BEB216D5711C89B220469A
S214034AE000F071FEB0B1F9B22046E6F709FBB8F163
S214034AF0010F014600F003030CD0032B0AD028460F
S214034B0000F026FF304486B231462046BDE8F04129
S214034B1000F059BE0020BDE8F081F8B5064600F067
S214034B2041FE054604463046FEF778FC43785B07AD
S214034B3018D5AC1CA4B22146304600F044FEB8B1EA
S214034B4029463046E6F7DCFA691C0746C9B2304602
S214034B50E6F7D6FA1FB1874201D8FF2808D104EB3F
S214034B604704A4B221463046BDE8F84000F02BBE09
S214034B700020F8BD13B5044601A8EDF703FEBDF803
S214034B800430DA0710D49B0707D4102200212046EE
S214034B9002B0BDE8104001F010B9224621461020AD
S214034BA0FFF7CCFD0028F0D102B010BD13B50024EA
S214034BB0CDE9003413460A4601460620EDF70EFEFD
S214034BC002B010BD08B50246EDF7FEFD510544BF21
S214034BD00838C0B2130544BF0838C0B208BDF0B5E4
S214034BE0D3078BB005460C4649D5008800F018FE5F
S214034BF000230646029314B9CDE9034403AC00220E
S214034C0008212046FEF796FEA0B12888FEF706FC8C
S214034C100230FEF7BAFA21460746E6F765FE48B1C4
S214034C20002240231146384600F02AFABE252846BD
S214034C300BB0F0BD31462888E6F762FA10F0030F92
S214034C400CBF01260026EDF737F946EA4000C0B24E
S214034C50009002AB05AA00212046EEF77BFF05462F
S214034C60EDF72AF90028E2D0002DE0D0009602AB3B
S214034C7005AA00212046EEF76DFF0546D7E7A625D1
S214034C80D5E701461A2308220120E6F791BB002345
S214034C901A46EEF7BBBE30B58BB005AD04462846C4
S214034CA0FCF7A4F9022301A928468DF81430FCF773
S214034CB004FC01AA2346144603CCAC421860596090
S214034CC0224603F10803F6D10BB030BD08B5002326
S214034CD0024619461846EEF799FE012008BD37B579
S214034CE004466846EEF708FF054648B10822214603
S214034CF0684601F038F8B0FA80F0400903B030BDDA
S214034D00FF2208212046FEF715FE034628B106219A
S214034D102846FFF7BCFF0120F0E722460146EEF7E0
S214034D2075FEF8E707B56846EEF7E6FE10B1684687
S214034D30FCF786FD00F0010003B05DF804FB0120DC
S214034D40EFF72ABC704737B504460846FEF7A3FAC2
S214034D500546FEF741FE00230146009322462B46F6
S214034D600120F5F73FF803B030BD30B589B00546EE
S214034D7003A8FCF73BF9012401A88DF80C40FCF7C7
S214034D804BFB9DF806209DF80730AA4209D0AB429C
S214034D9009D103A88DF80D40DBF764FD012009B0A7
S214034DA030BD0024F5E70020F9E708B500221146D8
S214034DB01046EFF737FFBDE8084000214FF6FF70B7
S214034DC0FFF765BF00221021FEF7B4BD7FB502468C
S214034DD00D460D2317216846FAF73EF902AE6B46D9
S214034DE02A461C4603CCB44210605160234602F1A7
S214034DF00802F6D1206810602379137100236B73C1
S214034E0004B070BDF0B585B06C4606460B4601F19E
S214034E100807224618685968254603C50833BB4267
S214034E202C46F7D1186828601B792B7131460D2361
S214034E301720FAF71AF905B0F0BD38B504460D4643
S214034E40DBF76AFAA04205D920462946FFF7BEFFDC
S214034E50002038BD6920FCE730B585B000248DF806
S214034E600040DBF759FAE5B2A84204D8F0F7DAFFB8
S214034E70002005B030BD69462846FFF7C3FF01345E
S214034E80EFE738B504460020F3F7AEFAFF280546E9
S214034E900FD0F3F769FB10F0010009D02846F3F7AB
S214034EA063FB400840EAC17080F0010000F0010097
S214034EB038BD04F00100FBE7F8B5014606460020BE
S214034EC0F0F7EAFEFF2801D00120F8BDDBF714FA5D
S214034ED000240546871CDBF713FAE3B2984201D891
S214034EE00020F2E735F82430B34203D117F8243014
S214034EF0002BE9D10134EEE738B50D46012104460F
S214034F00E5F798FF30B101212046E5F793FF2880A7
S214034F10012038BD2C80204600F079FD0130C0B258
S214034F20F7E72DE9F04788B00746894610460DF1A6
S214034F300A011D469046FFF7DFFFBDF80A600446E8
S214034F404FF0000A3046CDE905AACDF81BA0E5F7D9
S214034F5003FF031BDBB20B2B28BF0B23CDF800A0EC
S214034F602246314605A8FEF7DEFB48F21F039D42A4
S214034F7043D00BD885F40043012B15D9009723465D
S214034F80424649462846FCF773FC33E048F23A03A8
S214034F909D42F3D1FEF720FDB8422BD02246414670
S214034FA005A8FCF798FC25E09DF8143013BBBDF864
S214034FB01D40DDF81500DDF8191003AB03C303A984
S214034FC02046DBF713F9012203A92046ECF7C2FEBD
S214034FD0A74206460ED0012103A8F1F7C1F848F20E
S214034FE001039D4206D12EB9334632463946204642
S214034FF000F0FDFD08B0BDE8F0879DF81450002DC5
S214035000F8D102349DF81570E4B2A846EBB2BB4261
S214035010F0D2224608233146CDF8008003A8CDE916
S2140350200388FEF780FB03A8F3F7BCF9F3F70CFA43
S214035030083400F0DDF80135E4B2E7E708B5E6F733
S2140350403DF9BDE80840F1F7B7BB10B500248480EE
S21403505041800480C280038110BD13B5BDF81040A3
S214035060CDE900340023F1F7FDFC02B010BD13B503
S214035070BDF8104001900094F1F7F4FC02B010BDA7
S21403508007B500930123FFF7F2FF03B05DF804FBB7
S2140350900123F1F77DBD0121F2F7B2BE08B500F09A
S2140350A00EF8FF2804D0F3F75FFAC0F3C00008BD7C
S2140350B00120FCE701464FF6FF70F2F7C9BD014633
S2140350C00020F3F791B910B50C46F3F7BDF9FF28A6
S2140350D008D0F3F74FF920B1036823604368636091
S2140350E0012010BD0020FCE710B50446FEF7A4F827
S2140350F0B0F5006F204605D1FEF7B1F8BDE81040C5
S214035100F3F7A2B9FEF7C7F8BDE81040FFF7D7BF1D
S21403511008B5F3F799F9FF280CD0F3F725FA10F042
S214035120010309D0400840EAC17080F0010000F096
S214035130010008BD0020FCE71846FAE708B5F3F7B8
S21403514083F9FF3818BF012008BD1FB502460B239D
S21403515001A81821F9F780FF9DF80E0005B05DF849
S21403516004FB30B511F0010587B0044616D001A93B
S214035170F3F7C2FD90B92046F3F7F6F910F00101F4
S21403518009D02046F3F7F0F9430843EAC17383F0E6
S214035190010303F0010101A8F0F7E2FF2046F4F74C
S2140351A043FD2946204607B0BDE83040FAF79BBAD0
S2140351B030B585B00C460546F3F7C4F8A04215D0C3
S2140351C04FF6F7739C4211D80B232A46182101A8E1
S2140351D0F9F742FF294618200B2301AAADF80C4025
S2140351E0F9F743FF21462846F3F748F905B030BDE3
S2140351F010B50446DBF796F8A0420FD92046F3F71E
S214035200A1F84FF6FF73984208D020460021FFF717
S214035210A8FF2046BDE81040F3F7C6BD10BD10B585
S2140352200446FEF7D9FB002102462046BDE810409F
S214035230F3F712BF2DE9F04114460F46054698468C
S214035240FEF7ECF806460430FDF79FFF208028465D
S214035250FEF747F86080B379E372791CC9B2284633
S214035260E5F74EFFB91CA072C9B22846E5F748FF1A
S214035270FE1C2072F6B2B8F1000F18D0314628464D
S214035280FEF79EFA0537FEB2A08031462846FEF7A3
S21403529097FAB11CE080C9B22846E5F731FF607281
S2140352A0217AA0880122BDE8F041F4F7F7BB2088F5
S2140352B0EAE72DE9F04186B090461E4604460D46C1
S2140352C0FEF78AFB4FF6F7739845074632D8A04297
S2140352D04FF005038DF80C304FF0010214BF012385
S2140352E000234FF00001CDE900211ABF8DF80D30E1
S2140352F0ADF80E008DF80D30284614BF04230223A4
S21403530003AA00F069FA0546A0B1A7421AD0FEF731
S21403531085F8074621460430803EFDF738FFFE71C8
S21403532004A92046FFF7CFFE40B904A92046F5F7A7
S2140353300BFA18B9002006B0BDE8F08104A9284688
S21403534000F0D9FA41462846FEF776FFF3E70379DD
S21403535023F00303194301F03F010171704707B5BA
S2140353600DF10701F4F740FA03B05DF804FB08B546
S214035370FFF7F5FF18B1BDE80840F4F785BA08BD96
S214035380002211464FF6FF70F4F788BB10B50446AB
S214035390FFF7E5FF024638B901462046F4F77EFBE1
S2140353A0003818BF012010BD0120FCE7F8B51746EA
S2140353B004460E46FFF7D3FF0546386068B1037907
S2140353C003F00303337023B93A68137903F03F03FA
S2140353D013713B685C882046F8BD01462046FEF7FD
S2140353E0DFFC074628B1E7F7C5F9874201D83570D1
S2140353F0F1E731462046FCF735FA0028EBD00323C5
S21403540033704FF6FF74E6E707B501AA0DF1030103
S214035410FFF7CCFF9DF8033053B9019828B1037901
S21403542013F0300F14BF0120002003B05DF804FB17
S2140354300020FAE72DE9FF41064610468846154642
S214035440F2F7B0FF0746FEF7C7FA044648BB4FF627
S214035450FF739E4225D09F4206D00146384604B0CD
S214035460BDE8F041EAF71ABC07238DF804302B6831
S214035470CDF8053002466B68CDF80930092101A83E
S214035480FEF704F8024618B9182004B0BDE8F08108
S214035490012341463046EFF759FD0028F4D0204655
S2140354A0F3E77020F1E72DE9F04391B0064603AD2C
S2140354B00BA890460F464FF00109FBF797FD2946C8
S2140354C00BA8ADF82C90FBF7F8FF95E80F0007AC98
S2140354D084E80F00CDE900484B46002239463046A3
S2140354E0EFF74CFE11B0BDE8F0832DE9F04F00272F
S2140354F085B081460C467E203946BDF83CB09DF803
S21403550044A0BDF84C5001929846ADF80E70E5F7EE
S214035510CDFC0646002800F0AA80E5F701FC3946D4
S2140355207E2200F04AFC3046E5F7FAFB0090304650
S214035530E5F7F6FBB9F1FF0F14BF44F00307274660
S2140355403B0A14F44062077043705FD1C31C4FF0EC
S214035550080818460199424600F015FC04F4404436
S2140355600346434484B1790606D419464FEA1B2200
S21403557001F802BB5A700B46B4F5004F56D0A4F59B
S214035580404254425441E400224618460E9900F025
S214035590FAFB009A03462044A0EB02085FFA88F859
S2140355A09DB14FF47C521A53841C2846E5F7B8FB8A
S2140355B083462846E5F7D0FBC5B22A465946204619
S2140355C000F035FB60190235EDB2B9F1FF0F2FD0AD
S2140355D0109900F8019B524600F029FB08F10101DF
S2140355E05AFA81F129443046E5F7D2FB0C21FF0035
S2140355F0002207F0800739431046FDF7EDFEADF8AD
S2140356000E00E8B9002005B0BDE8F08FB2F5006FD4
S21403561080F803804FEA182880F8048000F1050319
S21403562014BF4FF008084FF0020892E70224ABE7D6
S21403563008EB0A0129443046E5F7AAFB0821D6E71A
S2140356403046E5F76DFB04463046E5F785FB012358
S214035650C2B221460DF10E00E5F7AEFC0028D1D10B
S214035660BDF84820BDF80E000121E5F7F7FBBDF8AD
S2140356700E00C8E77047F8B506460D46F4F7D8FFA0
S2140356800328044621D02846F4F7D2FF032807460A
S2140356901BD010F0020318D1A0070DD5F90716D4B6
S2140356A001233C43E20704D431892A89914218BF77
S2140356B0002303F00100F8BD08222946304600F017
S2140356C052FBB0FA80F35B09EBE70020F3E71846DA
S2140356D0F1E770B50D4600210646FDF7EEFE0446DB
S2140356E030B1E5F71DFB01462846FFF7C4FF08B1B6
S2140356F0204670BD21463046FDF735FFEFE77FB500
S2140357004FF6FF7101AAF5F77FF820B1BDF80C003C
S21403571007B05DF804FB4FF6FF70F9E708B5FFF72F
S214035720D8FF003818BF012008BD08B51046E6F7B5
S2140357304FFFBDE80840E7F709B82DE9F7430F46E2
S214035740012181461646E5F775FB054658B1FEF777
S21403575015F8308088B92846E5F7FEFA68B11820B0
S21403576003B0BDE8F0834846E5F7F6FAFF2FA0EB53
S2140357700704E4B214D014B934800020F0E72A46B4
S21403578021462846FDF782FE80460028E7D000948F
S2140357903B464A462946FEF700F8A6F80080ECE7A3
S2140357A00120DDE708B5FDF739FE437803F0010075
S2140357B01A074CBF10300830DB0644BF0830C0B2AF
S2140357C01030C0B208BD10B50C46E5F7C5FAA042C6
S2140357D034BF0020012010BD7FB59DF820600091E6
S2140357E0144641F20921024641F60920002E18BF4D
S2140357F001461D460020099BF5F752F9ADF80E0049
S21403580010B9002004B070BD01232A4621460DF1CD
S2140358100E00E5F7D1FB0028F3D1BDF80E00F1E743
S21403582038B50546FFF7BEFF04462846E5F794FA63
S214035830631C9BB283420FD82846FDF7EFFD4378DF
S2140358405B0707D521462846E5F75AFC013004EBEB
S2140358504004E4B2204638BD0024FBE730B585B0EB
S214035860ADF80E00E5F778FA0446BDF80E00FFF72C
S214035870D7FF00F10E03DBB2E5B2BDF80E20ED1A3A
S214035880ADB2014600951046FDF787FFA4F10E0161
S214035890C9B20DF10E00FDF72DFF05B030BD4278FD
S2140358A0034612F0080006D0D20702D403F108001C
S2140358B0704703F10900704737B505460C46FDF7F8
S2140358C0ADFD437813F0100211D094B103F001023A
S2140358D01B074FF00003009354BF183220320823EF
S2140358E029462046FDF71FFF012003B030BD1046B2
S2140358F0FBE72046F9E773B505460C46FDF78EFD34
S214035900437813F0100210D08CB103F00102012685
S2140359101B0754BF18322032009608232946204618
S214035920FDF701FF304602B070BD1046FBE7204688
S214035930F9E700F00303012B08D0C30606D400F0F2
S2140359400C000C2814BF082009207047022070475B
S214035950034611F0030005D003F00303022B14BF24
S2140359600220032070472DE9F0414E1C07460D46E2
S214035970E5F7F2F9864203D900242046BDE8F08114
S21403598029463846E5F7BCFB8046FFF7D2FF18F0FA
S214035990800F0446F1D006443846E5F7DDF9B6B283
S2140359A08642E9D82919C9B23846E5F7A9FB014664
S2140359B04046FFF7CDFF2044C4B2DEE7F8B50646FF
S2140359C00D46FFF7D0FF044610B900242046F8BD65
S2140359D029463046E5F794FB8206F7D53046E5F7C9
S2140359E0BBF96F1C2744BFB28742EED82919C9B248
S2140359F03046E5F785FB00F01803082B14BF053483
S214035A000634E4B2830644BF0834E4B2DEE738B5AE
S214035A100546FFF705FF044608B9002038BD0146D2
S214035A202846FFF7CBFF0028F7D02044C0B2F5E79F
S214035A302DE9F04387B005460C46FDF7EFFC80469C
S214035A40FDF7A3FB07462846FFF7EAFE0646014690
S214035A502846FFF788FF002203460092294632466F
S214035A6002A8FDF760FE9DF8086006F00C030C2BF9
S214035A7006F003090BD0B9F1010F59D0F10657D43C
S214035A809DF809300DF10A056371002007E0FF2336
S214035A9063710DF10900FDF778FB0DF10B0520810D
S214035AA098F80130DA0704D508F10200FDF76DFB1C
S214035AB02081B9F1010F5FFA89F83DD0F3063BD494
S214035AC02846FDF762FB6080A81CFDF75EFB0535E4
S214035AD015F8013C208023712B78A372B00606F0DC
S214035AE0400348BF43F02003390627D543F4007329
S214035AF0F80448BF43F48063390548BF43F40063A2
S214035B003206E38011D56A7812F003020DD0A97825
S214035B106FEA43436FEA5343B8F1020FE3800B4641
S214035B2011D1EB7841EA0321218107B0BDE8F08368
S214035B30FF230DF10905A7E7FF23CCE77A0648BF45
S214035B4043F48073D4E7012A04BF0B029BB223817C
S214035B50EBE770B50646F5F7F5F804463046E8F782
S214035B60E1FE2246034600213046F4F7DBFC0546F9
S214035B70C0B1FDF753FC04462846E5F7D1F8E21D0D
S214035B80121A0023D2B229460820F9F70DFD013870
S214035B90C0B2012806D8294630460122BDE8704027
S214035BA0E5F728BF70BD10B513460A460021044624
S214035BB0F4F792FC014628B102222046E5F71AFFC5
S214035BC0C0B210BD0120FCE707B5009313460A4692
S214035BD00021F4F7DDFB30B10021F2F711F9C0B272
S214035BE003B05DF804FB0120FAE7F5F775BB0BB1CC
S214035BF0F5F7DEBB0AB9F5F757BCFF21F5F780BB0F
S214035C0010F8012B11F8013B012A28BF9A42F7D05E
S214035C10D01A7047C9B20346184613F8012B12B1BF
S214035C208A42F9D17047002918BF002070470A44FA
S214035C30914200F1FF3300D1704710B511F8014BC4
S214035C4003F8014F9142F9D110BD10B56AB101397D
S214035C50841810F8012B11F8013F9A4203D1A04291
S214035C6001D0002AF5D1D01A10BD1046FCE710B5B6
S214035C700139034632B111F8014F03F8014B013ADB
S214035C80002CF7D11A440021934200D110BD03F82B
S214035C90011BF9E7034613F8012B002AFBD1181A58
S214035CA00138704710B50C46B1F90E10F7F78EF9A8
S214035CB00028ABBF636DA3891B1823F48053ACBFC6
S214035CC06365A38110BD2DE9F0411F468B89DB0573
S214035CD005460C46164605D5B1F90E1002230022DA
S214035CE0F7F762F9A389B4F90E1023F48053A3815E
S214035CF032463B462846BDE8F041F6F749BE10B5A6
S214035D000C46B1F90E10F7F74FF9431CA38915BFDC
S214035D10606523F4805343F48053A38118BFA381A3
S214035D2010BDB1F90E10F7F72FB92DE9F843074662
S214035D30884614460026D4E90195B9F1010905D52C
S214035D402468002CF7D13046BDE8F883AB89012BD5
S214035D5007D9B5F90E30013303D029463846C04774
S214035D6006436835E9E710B501390244904201D18C
S214035D70002005E0037811F8014FA34201D0181B59
S214035D8010BD0130F2E7884210B501EB020402D9D8
S214035D908442234607D8431EA14208D011F8012B9C
S214035DA003F8012FF8E7024401468A4200D110BDEA
S214035DB013F8014D02F8014DF7E7024403469342F8
S214035DC000D1704703F8011BF9E770477047704727
S214035DD09368013B002B10B4936008DA9469A342DE
S214035DE001DB0A2903D15DF8044B00F01AB81368E7
S214035DF0581C1060197008465DF8044B7047F8B5D8
S214035E0006460F461446D518AC4201D1002007E0DB
S214035E1014F8011B3A463046FFF7DAFF431CF3D16A
S214035E20F8BDF8B50E461446054618B1036A0BB915
S214035E30F6F768FDA369A360A3891A0701D523694A
S214035E4043B921462846F6F71DFF18B14FF0FF3732
S214035E503846F8BD23682269981A6369F6B2834206
S214035E60374605DC2146284600F00AF90028EDD11E
S214035E70A368013BA36023685A1C22601E706269F4
S214035E80431C9A4204D0A389DB07E1D50A2EDFD14F
S214035E902146284600F0F4F80028D9D0D6E72DE9A5
S214035EA0F047164698468A680B69DDF820909342B9
S214035EB0B8BF1346336091F8432007460C460AB131
S214035EC0013333602368990642BF33680233336075
S214035ED0256815F0060506D104F1190AE368326849
S214035EE09B1AAB4226DC94F843302268003B18BF6B
S214035EF0012392062BD404F1430241463846C84791
S214035F0001301ED02368226903F00603042B02BF68
S214035F10E5683368ED1AA3680CBF25EAE575002526
S214035F209342C4BF9B1AED1800261A34B5421AD101
S214035F30002008E00123524641463846C847013050
S214035F4003D14FF0FF30BDE8F0870135C6E7E1180F
S214035F505A1C302081F84300224494F8451082F8F6
S214035F6043100233C7E70123224641463846C84753
S214035F700130E6D00136D9E7B1F90C202DE9F0411E
S214035F80170705460C4656D44B68002B02DC0B6CF1
S214035F90002B3DDDE66A002E3AD0002312F4805231
S214035FA02F68216A2B6025D0626DA389580705D513
S214035FB06368D21A636B0BB1236CD21A216AE66A42
S214035FC000232846B047411C24D00023636023697E
S214035FD02360A389DA0400D56065616B2F60B9B1CD
S214035FE004F14403994202D02846F6F7E9FC00235D
S214035FF063630DE001232846B047461C0246D4D10E
S2140360002B68002BD1D01D2B01D0162B2BD12F6044
S21403601000202FE02A68B4F90C3042B11D2A01D0C3
S214036020162A22D10023636023692360D5E76260C2
S21403603022692260CEE70F69002FE9D093070E6826
S21403604008BF4B690F6018BF0023A6EB07088B60D9
S214036050B8F1000FDCDD216AA66A43463A462846B5
S214036060B047002808DCB4F90C3043F04003A381A2
S2140360704FF0FF30BDE8F0810744A8EB0008E7E7E0
S21403608038B50B6905460C4613B90025284638BDB6
S21403609018B1036A0BB9F6F735FCB4F90C30002BCC
S2140360A0F3D0626ED00704D4990502D4A06DFFF72F
S2140360B08DFE28462146FFF75FFF636EDA07054627
S2140360C0E4D4A3899B05E1D4A06DFFF780FEDDE74A
S2140360D008B50620F6F78CFF0120F7F7FAFA70B535
S2140360E00C46B1F90E10002996B015461E460DDA79
S2140360F0A38913F0800F4FF0000114BF40234FF421
S2140361008063002031602B6016B070BD6A46F6F7D8
S21403611077FF0028ECDB019901F47041A1F50053E9
S214036120594259414FF48063EBE78B89F7B59D07D6
S21403613006460C4607D504F1470323602361012373
S214036140636103B0F0BD01AB6A46FFF7C8FF009F6B
S214036150054639463046F6F7B3FA48B9B4F90C3073
S2140361609A05EED423F0030343F00203A381E2E788
S214036170A389206043F08003A381019BC4E904073D
S2140361805BB1B4F90E103046F6F74CFF28B1A3897D
S21403619023F0030343F00103A381A3891D43A581D1
S2140361A0CFE71F2938B505460C4604D916230360E6
S2140361B04FF0FF3038BDC26B12B152F821304BB9E5
S2140361C0284600F016F8224601462846BDE8384021
S2140361D0F6F738BF012B0AD0591C03D116230360E8
S2140361E00120E7E7002142F82410204698470020C4
S2140361F0E0E7F7F771BA431C08BF0020DFF7E6BFF6
S214036200F8B500BFF8BC08BC9E467047F8B500BF9B
S214036210F8BC08BC9E4670475FF800F0DD1500200A
S2140362200000000000000000000000000000000066
S2140362300000000000000000000000000000000056
S21403624044455649434520424F4F5400696E69748E
S2140362502E2E2E00444556494345005363616E2057
S214036260746F2070726F766973696F6E0051522077
S214036270454E434F4445204641494C45440044451A
S2140362804D4F205363616E20746F2062696E640005
S2140362904555493A203F3F3F3F002E2E2E252E34AC
S2140362A073005B51525D20656E636F64655F6F6B51
S2140362B03D25642073697A653D2564004E45543A4E
S2140362C0207374656572696E6720737461727420D7
S2140362D073743D307825303258004E45543A20507A
S2140362E04230206C656176652072657175657374DE
S2140362F065642073743D307825303258004E45541B
S2140363003A20504230207374656572696E67207256
S2140363106571756573746564004E45543A206A6FFB
S214036320696E6564004E45543A206C6566742C208D
S2140363307374656572696E6720696E202575206DB6
S21403634073006E6F6E650072656C656173650072CF
S2140363506573705F6C6F7700726573705F686967EB
S21403636068006269745F6C6F77006269745F68695E
S21403637067680000476303004F6303005863030026
S214036380626303006A6303006200444854313120A9
S21403639072656164204F4B3A2074656D703D2564C9
S2140363A02E2564432068756D69646974793D256498
S2140363B02E2564252500454E563A206E6F74206AB6
S2140363C06F696E65642C207265706F727420736BD0
S2140363D0697070656400454E563A20617474722085
S2140363E07772697465206661696C656420743D30F4
S2140363F0782530325820683D307825303258005A98
S2140364006967626565207265706F72742073656E66
S214036410743A2074656D703D25642E2564432068A8
S214036420756D69646974793D25642E256425252078
S214036430287478203078253032582F30782530323B
S214036440582900444854313120636865636B73757B
S2140364506D206572726F720044485431312074693E
S2140364606D656F75742061742073746167653D256F
S21403647073206269743D257500454E563A20726551
S2140364807472792025752F257520696E2025756D04
S2140364907300444854313120696E69743A20736539
S2140364A06C6563746564204750494F203D20504413
S2140364B02564202845585033292C20726561643D95
S2140364C025756D73207265706F72743C3D25756D0E
S2140364D073007B2276657273696F6E223A25642C8D
S2140364E0226575693634223A222573222C22646586
S2140364F0766963655F74797065223A222573222C68
S214036500226D6F64656C223A222573227D00454610
S2140365105233324D4731325F454E565F4B49540036
S214036520656E7669726F6E6D656E740030313233E8
S2140365303435363738394142434445460066616C44
S2140365407365002F686F6D652F7068752F73735FA3
S21403655076352F76355F776F726B73706163652F51
S2140365605A335F44485431315F53656E736F722FED
S2140365706170702F7172636F646567656E2E63005A
S21403658030203C3D206E756D4269747320262620AC
S2140365906E756D42697473203C3D20313620262685
S2140365A02028756E7369676E6564206C6F6E672945
S2140365B076616C203E3E206E756D42697473203D95
S2140365C03D2030007172636F646567656E5F564584
S2140365D05253494F4E5F4D494E203C3D20766572DF
S2140365E020262620766572203C3D207172636F64F8
S2140365F06567656E5F56455253494F4E5F4D41582A
S21403660000323038203C3D20726573756C7420264A
S2140366102620726573756C74203C3D2032393634FF
S21403662038003231203C3D20717273697A6520262A
S2140366302620717273697A65203C3D2031373720F6
S21403664026262030203C3D20782026262078203C15
S21403665020717273697A652026262030203C3D20FF
S214036660792026262079203C20717273697A65008A
S2140366706E203C3D20717273697A65202A203300B0
S21403668030203C3D20652026262065203C20340013
S2140366907172636F646520213D204E554C4C002873
S2140366A07172636F646567656E5F56455253494FF3
S2140366B04E5F4D494E202A2034202B203137292087
S2140366C03C3D20726573756C7420262620726573B4
S2140366D0756C74203C3D20287172636F6465676532
S2140366E06E5F56455253494F4E5F4D4158202A2000
S2140366F034202B203137290030203C3D2028696E7A
S21403670074296D61736B2026262028696E74296DA3
S21403671061736B203C3D20370062697473203E3EF4
S214036720203135203D3D2030007365677320213DC1
S214036730204E554C4C207C7C206C656E203D3D20C5
S21403674030007172636F646567656E5F56455253BA
S214036750494F4E5F4D494E203C3D206D696E566550
S2140367607273696F6E202626206D696E5665727386
S214036770696F6E203C3D206D617856657273696F54
S2140367806E202626206D617856657273696F6E20BB
S2140367903C3D207172636F646567656E5F56455254
S2140367A053494F4E5F4D41580030203C3D202869E9
S2140367B06E742965636C2026262028696E74296505
S2140367C0636C203C3D2033202626202D31203C3D83
S2140367D02028696E74296D61736B2026262028692C
S2140367E06E74296D61736B203C3D20370030203C6E
S2140367F03D206E756D4368617273202626206E7584
S2140368006D4368617273203C3D20494E5431365FB8
S2140368104D41580030203C3D206269744C656E67DC
S2140368207468202626206269744C656E6774682037
S2140368303C3D20494E5431365F4D41580030203C94
S2140368403D2063636269747320262620636362694E
S2140368507473203C3D203136006269744C656E20AB
S2140368603D3D2064617461557365644269747300C9
S2140368706269744C656E203C3D20646174614361BB
S21403688070616369747942697473006269744C65F4
S2140368906E20252038203D3D20300030203C3D2012
S2140368A028696E742965636C2026262028696E7411
S2140368B02965636C203C2034202626207172636F82
S2140368C0646567656E5F56455253494F4E5F4D4943
S2140368D04E203C3D2076657273696F6E2026262017
S2140368E076657273696F6E203C3D207172636F64C8
S2140368F06567656E5F56455253494F4E5F4D415827
S2140369000031203C3D20646567726565202626209D
S214036910646567726565203C3D207172636F6465CC
S21403692067656E5F524545445F534F4C4F4D4F4E20
S2140369305F4445475245455F4D41580069203D3DFC
S21403694020646174614C656E202A20380062697485
S21403695073203E3E203138203D3D20300030203C21
S2140369603D206B202626206B203C3D20390030201E
S2140369703C3D20726573756C742026262072657301
S214036980756C74203C3D20323536383838384C0028
S2140369907465787420213D204E554C4C00303132BE
S2140369A033343536373839414243444546474849F8
S2140369B04A4B4C4D4E4F50515253545556575859B7
S2140369C05A2024252A2B2D2E2F3A0030203C3D20FA
S2140369D074656D702026262074656D70203C3D20FE
S2140369E0494E5431365F4D41580064696769747384
S2140369F020213D204E554C4C006269744C656E2038
S214036A00213D204C454E4754485F4F564552464C11
S214036A104F5700273027203C3D206320262620633F
S214036A20203C3D2027392700726573756C742E62EF
S214036A3069744C656E677468203D3D206269744CCA
S214036A40656E0074656D7020213D204E554C4C00DC
S214036A507172636F646567656E5F6D616B65416CCC
S214036A607068616E756D65726963007172636F64D9
S214036A706567656E5F6D616B654E756D657269639F
S214036A80007172636F646567656E5F63616C635301
S214036A9065676D656E7442756666657253697A6579
S214036AA0007172636F646567656E5F6973416C70CE
S214036AB068616E756D65726963007172636F646594
S214036AC067656E5F69734E756D6572696300717293
S214036AD0636F646567656E5F6765744D6F64756C39
S214036AE065007172636F646567656E5F676574538F
S214036AF0697A650001000000000000000300000042
S214036B000200000064726177466F726D61744269B9
S214036B107473006170706C794D61736B0066696E97
S214036B2064657250656E616C7479436F756E7450EC
S214036B3061747465726E730067657450656E616C1C
S214036B40747953636F726500647261774C69676822
S214036B507446756E6374696F6E4D6F64756C65739A
S214036B60007365744D6F64756C65426F756E64650E
S214036B7064006765744D6F64756C65426F756E640B
S214036B8065640064726177436F6465776F726473DC
S214036B90006765744E756D526177446174614D6F1D
S214036BA064756C65730072656564536F6C6F6D6FA7
S214036BB06E436F6D7075746544697669736F7200A2
S214036BC0616464456363416E64496E7465726C65A3
S214036BD061766500617070656E6442697473546FA4
S214036BE0427566666572006765744E756D446174BA
S214036BF061436F6465776F7264730000080000007A
S214036C000A0000000C00000008000000100000004E
S214036C1010000000090000000B0000000D0000003B
S214036C200A0000000C0000000E0000006E756D43A5
S214036C30686172436F756E74426974730067657436
S214036C40546F74616C42697473007172636F646528
S214036C5067656E5F656E636F64655365676D656EC6
S214036C607473416476616E6365640063616C635339
S214036C7065676D656E744269744C656E677468000B
S214036C80FF010101010102020202040404040406D6
S214036C9006060607080809090A0C0C0C0D0E0F1049
S214036CA0111213131415161819FF01010102020419
S214036CB004040505050809090A0A0B0D0E1011112F
S214036CC012141517191A1C1D1F21232526282B2DD0
S214036CD02F31FF01010202040406060808080A0C05
S214036CE0100C11101215141717191B1D2222232618
S214036CF0282B2D303335383B3E4144FF0101020437
S214036D000404050608080B0B1010121013151919A6
S214036D1019221E202325282A2D303336393C3F429C
S214036D20464A4D51FF070A0F141A1214181E12145E
S214036D30181A1E16181C1E1C1C1C1C1E1E1A1C1E93
S214036D401E1E1E1E1E1E1E1E1E1E1E1E1EFF0A109C
S214036D501A1218101216161A1E161618181C1C1AB3
S214036D601A1A1A1C1C1C1C1C1C1C1C1C1C1C1C1C61
S214036D701C1C1C1C1C1CFF0D16121A1218121614AF
S214036D80181C1A18141E181C1C1A1E1C1E1E1E1E47
S214036D901C1E1E1E1E1E1E1E1E1E1E1E1E1E1EFF2C
S214036DA0111C1610161C1A1A181C181C1618181E56
S214036DB01C1C1A1C1E181E1E1E1E1E1E1E1E1E1EFB
S214036DC01E1E1E1E1E1E1E1E4A6F696E0025732083
S214036DD06E6574776F726B2025733A203078253092
S214036DE0325800454E563A206E6574776F726B20A4
S214036DF075702C2074656D702F68756D6964697481
S214036E0079207265706F7274732077696C6C206278
S214036E10652073656E7420746F20636F6F72646988
S214036E206E61746F7200454E56204B495400696E6E
S214036E30666F006C696273006273656E64007265E8
S214036E40736574007261770073656E645F6D756C4D
S214036E507469636173740073656E642D7573696E0C
S214036E60672D6D756C7469636173742D62696E64E6
S214036E70696E670074696D6573796E630067657420
S214036E802D7074692D726164696F2D636F6E666908
S214036E906700636F6E6669672D6363612D6D6F644C
S214036EA0650076657273696F6E006576656E7473DA
S214036EB0007365637572697479007A6967626565DC
S214036EC05F7072696E7400706C7567696E006E65CC
S214036ED074006B657973006F7074696F6E00706C05
S214036EE07567006368616E67656B657900636861E3
S214036EF06E67656B007A646F007072696E742072D9
S214036F00656C6174656420636F6D6D616E64732E6A
S214036F100061747472005A646F2072656C617465E4
S214036F206420636F6D6D616E64732E00726F75748B
S214036F306500706F776572006D676D742D6C71698F
S214036F40006D676D742D62696E64006C65617665AD
S214036F50006E6F64650073696D706C6500696565C6
S214036F6065006E776B00756E62696E64006E776B94
S214036F702D757064006F75742D636C2D6C69737456
S214036F8000696E2D636C2D6C697374005A646F20F0
S214036F90696E2D636C2D6C6973742072656C6174F5
S214036FA0656420636F6D6D616E64732E0061646447
S214036FB0005A646F206F75742D636C2D6C6973743F
S214036FC02072656C6174656420636F6D6D616E64B9
S214036FD0732E005A646F206E776B2D757064207263
S214036FE0656C6174656420636F6D6D616E64732E8A
S214036FF0007363616E2D6368616E2D6D61736B0044
S2140370007363616E006368616E5067006368616EE8
S214037010005A646F20756E62696E642072656C61D7
S21403702074656420636F6D6D616E64732E006772A2
S2140370306F757000756E6963617374006368616E63
S21403704067656B65792072656C6174656420636F30
S2140370506D6D616E64732E006C696E6B004F707499
S214037060696F6E2072656C6174656420636F6D6D05
S214037070616E64732E00726567697374657200745B
S2140370806172676574006469736300696E73746123
S2140370906C6C2D636F64650062696E64696E672D40
S2140370A07461626C65007072696E742D72782D6DF2
S2140370B0736773006170737265747279004150531D
S2140370C020726574727920666C616720666F7263DE
S2140370D06520636F6D6D616E6473006465666175CC
S2140370E06C7400456E61626C65732F4469736162EC
S2140370F06C6573207072696E74696E67206F6620A4
S2140371005278206D657373616765732E00656E61D3
S214037110626C650064697361626C650042696E64E3
S214037120696E67207461626C652072656C61746554
S2140371306420636F6D6D616E64732E0053656375B3
S21403714072697479206B6579732072656C617465F6
S2140371506420636F6D6D616E64732E0064656C6589
S2140371607465004E6574776F726B2072656C61741C
S214037170656420636F6D6D616E64732E00666F7257
S2140371806D0072656A6F696E2D646966662D646547
S214037190766963652D747970650065787470616EC1
S2140371A069640069736F70656E0062726F61642D47
S2140371B0706A6F696E006368616E67652D636861E8
S2140371C06E6E656C00696E6974006368616E6765F0
S2140371D02D6B6565702D616C6976652D6D6F6465C5
S2140371E00074696D656F75742D6F7074696F6E2D9D
S2140371F06D61736B006D756C74692D7068792D7392
S21403720074617274006D756C74692D7068792D7372
S214037210746F700066696E64006E6574776F726B68
S2140372202066696E6420636F6D6D616E64732E00F5
S2140372306A6F696E61626C6500756E75736564006E
S21403724069646C652D736C65657000636F756E7429
S214037250657273006E6574776F726B2D73746565F4
S21403726072696E67007570646174652D74632D6C46
S214037270696E6B2D6B6579007570646174652D742A
S214037280632D6C696E6B2D6B65792072656C61740A
S214037290656420636F6D6D616E64730074696D65FC
S2140372A072007265706F7274696E672072656C61C6
S2140372B074656420636F6D6D616E64732E00726512
S2140372C06D6F766500636C6561722D6C6173742DEA
S2140372D07265706F72742D74696D6500746573746E
S2140372E02D74696D696E67006E6574776F726B2DAA
S2140372F07374656572696E672072656C6174656424
S21403730020636F6D6D616E64732E007072652D63FE
S2140373106F6E666967757265642D6B65792D736527
S21403732074006D61736B2072656C617465642063B1
S2140373306F6D6D616E642E00737562747261637433
S21403734000656E61626C655F747970650073746165
S214037350636B00617070007A636C006C65676163D1
S214037360795F61665F646562756700636F756E74E7
S2140373706572732072656C6174656420636F6D6DEE
S214037380616E64732E007072696E742D636F756E12
S2140373907465722D747970650073696D706C652DF4
S2140373A07072696E74007072696E742D746872659B
S2140373B073686F6C6473007365742D746872657399
S2140373C0686F6C640072657365742D746872657398
S2140373D0686F6C64730073656E642D726571756592
S2140373E073740073656375726974792072656C6172
S2140373F074656420636F6D6D616E6473007365748A
S2140374002D616C6C6F772D74727573742D63656E56
S2140374107465722D72656A6F696E2D7573696E6712
S2140374202D77656C6C2D6B6E6F776E2D6B657900A3
S2140374307365742D616C6C6F772D74727573742D10
S21403744063656E7465722D72656A6F696E2D7573EA
S214037450696E672D77656C6C2D6B6E6F776E2D6B13
S21403746065792D74696D656F7574007365742D6B1E
S21403747065792D726571756573742D706F6C6963AC
S21403748079006D66672D746F6B656E0061707300AF
S2140374905365637572697479206170732072656CC5
S2140374A06174656420636F6D6D616E64732E00474F
S2140374B065742F736574204D464720746F6B656E35
S2140374C02E00656E64706F696E742072656C6174ED
S2140374D0656420636F6D6D616E64732E00436F6D1C
S2140374E06D616E647320746F20636F6E74726F6C5D
S2140374F02069646C696E672F736C656570696E6767
S214037500206F662074686520646576696365006627
S2140375106F7263652D6177616B65006177616B657B
S2140375202D7768656E2D6E6F742D6A6F696E656450
S214037530005072696E74732074696D652E00507204
S214037540696E7473206174747269627574652E0053
S214037550436C6561727320746865205A444F206CCF
S214037560697374206F6620636C69656E742028697E
S2140375706E2920636C7573746572732E00416464A0
S2140375807320636C75737465727320746F207468EC
S21403759065206B6E6F776E20636C69656E7420284A
S2140375A0696E2920636C757374657273206F6E2021
S2140375B074686973206465766963652E00436C6539
S2140375C061727320746865205A444F206C69737423
S2140375D0206F6620636C69656E7420286F75742946
S2140375E020636C7573746572732E00416464732034
S2140375F0636C75737465727320746F20746865208A
S2140376006B6E6F776E20636C69656E7420286F757A
S214037610742920636C757374657273206F6E20749F
S214037620686973206465766963652E0053656E64C6
S2140376307320616E20757064617465206368616E83
S2140376406E656C20726571756573742E0063686170
S2140376506E6E656C1F0053656E647320616E2075D5
S2140376607064617465206368616E6E656C2070611A
S2140376706765207265712E20546865207374616394
S2140376806B2073656E6473206E776B20656E68611E
S2140376906E6365642075706461746520726571201D
S2140376A0666F72206E6F6E2D7A65726F20706167DB
S2140376B0652E006368616E6E656C1F706167651F7B
S2140376C000506572666F726D7320616E20656E651D
S2140376D0726779207363616E2E00746172676574D6
S2140376E04E6F646549641F7363616E44757261749B
S2140376F0696F6E1F7363616E436F756E741F00420E
S214037700726F61646361737473207468652049449F
S214037710206F6620746865206E6577206E657477C3
S2140377206F726B206D616E6167657220616E642097
S214037730616374697665206368616E6E656C732E2B
S214037740006E776B4D676549641F6368616E6E658F
S2140377506C4D61736B1F00506572666F726D73209C
S214037760616E20656E65726779207363616E206F44
S2140377706E20676976656E206368616E6E656C2041
S2140377806D61736B2E007461726765744E6F64650A
S21403779049641F7363616E4475726174696F6E1F0B
S2140377A07363616E436F756E741F6368616E6E6597
S2140377B06C4D61736B1F0053656E64732061206E9E
S2140377C06574776F726B206164647265737320727D
S2140377D065717565737420666F72207468652067BB
S2140377E06976656E20494545452061646472657314
S2140377F0732E00696565651F005265717565737440
S2140378007320616E20494545452061646472657343
S21403781073206261736564206F6E206120676976EA
S214037820656E206E6F64652049442E006E6F646536
S21403783049641F0053656E647320612073696D701D
S2140378406C652064657363726970746F7220726509
S214037850717565737420666F72207468652073682B
S2140378606F7274206164647265737320616E642042
S214037870656E64706F696E7420737065636966699C
S21403788065642E00646573741F746172676574455E
S2140378906E64706F696E741F0053656E6473206147
S2140378A0206D6174636844657363726970746F7284
S2140378B0735265717565737420746F2074686520E0
S2140378C0676976656E2064657374696E6174696F43
S2140378D06E20776974682074686520676976656EBC
S2140378E02070726F66696C652E006E6F64654964FE
S2140378F01F70726F66696C651F0053656E64732034
S21403790061206E6F64652064657363726970746F5B
S21403791072207265717565737420746F20612067B9
S2140379206976656E2074617267657420646576692E
S21403793063652E007461726765741F0053656E6419
S214037940732061205A444F2042696E6420636F6D32
S2140379506D616E6420746F2061206465766963656B
S2140379602073706563696669656420696E20746850
S2140379706520636F6D6D616E6420617267756D65FA
S2140379806E74732E0044657374696E6174696F6EEA
S2140379901F536F7572636520656E64706F696E74CE
S2140379A01F44657374696E6174696F6E20656E64D7
S2140379B0706F696E741F636C757374657249441FC8
S2140379C072656D6F746545554936341F6465737407
S2140379D045554936341F0053656E647320616E2027
S2140379E061637469766520656E64706F696E742072
S2140379F07265717565737420746F2074686520648E
S214037A00657669636520776974682074686520679E
S214037A106976656E2073686F72742049442E00532E
S214037A20656E647320616E20756E62696E64207283
S214037A3065717565737420666F72206120756E6953
S214037A40636173742062696E64696E6720746F2065
S214037A50746865207461726765742064657669630B
S214037A60652E007461726765741F736F7572636544
S214037A702065756936341F736F7572636520656E8E
S214037A8064706F696E741F636C75737465724944B2
S214037A901F64657374696E6174696F6E4555493604
S214037AA0341F64657374696E6174696F6E20656EE6
S214037AB064706F696E741F0053656E647320616E25
S214037AC020756E62696E64207265717565737420C5
S214037AD0666F722061206D756C74696361737420C0
S214037AE062696E64696E6720746F207468652074BB
S214037AF06172676574206465766963652E007461D8
S214037B00726765741F736F75726365206575693672
S214037B10341F736F7572636520656E64706F696E6C
S214037B20741F636C757374657249441F67726F754F
S214037B3070416464726573731F0053656E647320CB
S214037B4061205A444F204D616E6167656D656E74A2
S214037B50204C6561766520636F6D6D616E6420747D
S214037B606F20746865207461726765742064657637
S214037B706963652E007461726765741F72656D6F45
S214037B8076654368696C6472656E1F72656A6F69B1
S214037B906E1F0053656E64732061205A444F204D58
S214037BA0474D542D42696E64202842696E64696E9F
S214037BB067205461626C652920526571756573741C
S214037BC020746F207468652074617267657420641E
S214037BD065766963652E007461726765741F7374D6
S214037BE0617274496E6465781F0053656E64732012
S214037BF061205A444F204D474D542D4C514920285F
S214037C004C5149205461626C652920526571756533
S214037C10737420746F20746865207461726765746A
S214037C20206465766963652E0053656E6473206110
S214037C30205A444F20506F776572204465736372F1
S214037C406970746F72205265717565737420746FF2
S214037C50207468652074617267657420646576694C
S214037C6063652E0053656E64732061205A444F206B
S214037C70726F757465207265717565737420636FB2
S214037C806D6D616E6420746F207468652074617214
S214037C906765742E007461726765741F696E646528
S214037CA0781F00696E6465781F65756936341F69C9
S214037CB06E7374616C6C436F64651F00696E6465F4
S214037CC0781F65756936341F6B65791F005443202A
S214037CD06C696E6B206B657920726571756573745C
S214037CE020706F6C6963791F417070206C696E6BCE
S214037CF0206B6579207265717565737420706F6C7F
S214037D006963791F00426F6F6C3A20616C6C6F7702
S214037D102074727573742063656E74657220726561
S214037D206A6F696E207573696E672077656C6C2D54
S214037D306B6E6F776E206B65791F0070726F666966
S214037D406C6549641F636C757374657249641F00C0
S214037D5074617267657449641F00456E61626C6581
S214037D6073207072696E74696E67206F662052782E
S214037D70206D657373616765732E00536574732096
S214037D807468652062696E64696E67207461626CEC
S214037D906500696E6465781F636C75737465721F1E
S214037DA06C6F63616C45701F72656D6F74654570AB
S214037DB01F65756936341F00436C656172732074E2
S214037DC068652062696E64696E67207461626C65BB
S214037DD02E005072696E7473207468652062696E33
S214037DE064696E67207461626C6520746F207468C2
S214037DF06520636F6D6D616E64206C696E652E0021
S214037E00436C6561727320616C6C20736563757275
S214037E10697479206B6579732E0044656C657465A7
S214037E202074686520737065636966696564206C91
S214037E30696E6B206B657920696E6465782E0050D9
S214037E4072696E747320616C6C20736563757269F6
S214037E507479206B6579732E005465726D696E6153
S214037E6074657320746865206D756C74692D50484D
S214037E705920696E7465726661636500557365643F
S214037E8020746F207374617274206D756C74692D21
S214037E9050485920696E74657266616365206F7415
S214037EA0686572207468616E206E617469766520F9
S214037EB0616E6420666F726D20746865206E6574EB
S214037EC0776F726B2E2054686520737461636B2022
S214037ED0757365732073616D652050616E49642008
S214037EE06173206E617469766520726164696F20C0
S214037EF06E6574776F726B2E00706167651F6368BB
S214037F00616E6E656C1F706F7765721F6F70746934
S214037F106F6E734D61736B20284269742030203D69
S214037F2020526F757465727320616C6C6F7765642D
S214037F302C204269742031203D2042726F616463B5
S214037F4061737420616C6C6F776564291F004174DC
S214037F5074656D70747320746F206368616E6765F3
S214037F6020746865206368696C642074696D656F46
S214037F707574206F7074696F6E206D61736B2074F7
S214037F806F2066696C746572206F757420756E64F5
S214037F906573697261626C652076616C75657320C2
S214037FA028652E672E206E6F206D6F7265207468AD
S214037FB0616E20332064617973292E0074696D65C0
S214037FC06F7574206F7074696F6E206D61736B1FAD
S214037FD000537769746368657320626574776565B3
S214037FE06E20646966666572656E74206B6565707F
S214037FF020616C697665206D6F6465732073757098
S214038000706F72746564206279206120726F757474
S21403801065722E004B65657020616C697665206D10
S2140380206F64651F005072696E74732074686520F0
S21403803063757272656E74204E6F64652049442CB6
S2140380402045554936342C20616E642050616E20DD
S21403805049442E00496E697469616C697A657320B8
S21403806061206E6574776F726B3B2074686973204A
S21403807069732061207465737420636F6D6D616E20
S21403808064207573656420666F722074632D73773E
S21403809061702D6F75742074657374696E672E0036
S2140380A05365747320746865206E6574776F726B9E
S2140380B020696E6465782075736564206279206133
S2140380C06C6C2066757475726520434C4920636F2B
S2140380D06D6D616E64732E20204265666F72652037
S2140380E0657865637574696E67206120434C492023
S2140380F0636F6D6D616E642C2074686520667261B3
S2140381006D65776F726B2073776974636865732028
S214038110746F2074686973206E6574776F726B2E44
S214038120202041667465722074686520636F6D6DE8
S214038130616E642066696E69736865732065786529
S214038140637574696E672C20746865206672616D4A
S21403815065776F726B2073776974636865732062E3
S21403816061636B20746F207468652070726576692E
S2140381706F7573206E6574776F726B2E202054684C
S2140381806520434C492075736573207468652073B6
S214038190616D65206E6574776F726B20696E6465BA
S2140381A07820756E74696C207468652064657669DA
S2140381B0636520726573657473206F72206974201B
S2140381C06973206368616E676564207468726F758F
S2140381D06768207468697320636F6D6D616E642EC3
S2140381E000417474656D70747320746F20636861E6
S2140381F06E676520646576696365206F76657220B1
S214038200746F206120646966666572656E742063A8
S21403821068616E6E656C20676976656E20696E2090
S214038220746865206368616E6E656C20617267753D
S2140382306D656E742E00546865206368616E6E65A6
S2140382406C20746F206368616E676520746F1F000F
S21403825066696E64556E7573656450616E49640035
S21403826066696E644A6F696E61626C654E657477A3
S2140382706F726B005065726D697473206A6F696EF6
S214038280696E67206F6E20746865206E6574776FFD
S214038290726B20666F72206120676976656E206E4A
S2140382A0756D626572206F66207365636F6E6473A7
S2140382B020414E442062726F61646361737473205D
S2140382C061205A444F204D676D74205065726D6966
S2140382D074204A6F696E696E67207265717565737F
S2140382E07420746F20616C6C20726F757465727382
S2140382F02E00412073696E676C6520627974652071
S214038300696E6469636174696E6720686F77206C51
S2140383106F6E67207468652064657669636520738D
S214038320686F756C642068617665207065726D6928
S21403833074206A6F696E696E67207475726E656401
S214038340206F6E20666F722E20412076616C7565F5
S214038350206F662030786666207475726E73206FA1
S2140383606E207065726D6974206A6F696E20696E1F
S214038370646566696E6974656C792E1F004368656B
S214038380636B73206E6574776F726B20706A6F69A8
S2140383906E207374617475732E00577269746573F7
S2140383A02074686520657874656E64656420706102
S2140383B06E20494420666F72207468652064657673
S2140383C06963652E0065787470616E69641F005278
S2140383D0656A6F696E7320616E2065786973746968
S2140383E06E67206E6574776F726B20696E206120EE
S2140383F0736563757265206F7220696E7365637546
S2140384007265206D616E6E6572207769746820618F
S21403841020646966666572656E7420646576696352
S2140384206520747970652E00426F6F6C65616E20EF
S2140384306E6574776F726B206B6579206176616900
S2140384406C6162696C6974791F4368616E6E656CF2
S214038450206D61736B1F416E20656E756D6572616D
S21403846074696F6E20696E6469636174696E6720F0
S2140384707468652064657669636520747970652021
S214038480746F2072656A6F696E2061732E54686517
S21403849020737461636B206F6E6C79206163636510
S2140384A070747320454D4245525F454E445F4445C4
S2140384B05649434520616E6420454D4245525F53FD
S2140384C04C454550595F454E445F444556494345E0
S2140384D02E1F0052654A6F696E732061206E6574A5
S2140384E0776F726B2E00426F6F6C65616E206E65E0
S2140384F074776F726B206B657920617661696C6146
S21403850062696C6974791F4368616E6E656C206D71
S21403851061736B1F004C65617665732061206E6521
S21403852074776F726B2E005475726E73207065725B
S2140385306D6974206A6F696E696E67206F6E206658
S2140385406F722074686520616D6F756E74206F6638
S2140385502074696D6520696E646963617465642E51
S21403856000412073696E676C6520627974652069C3
S2140385706E6469636174696E6720686F77206C6FD9
S2140385806E67207468652064657669636520736822
S2140385906F756C642068617665207065726D6974AA
S2140385A0206A6F696E696E67207475726E206F6ECF
S2140385B020666F722E20412076616C7565206F668B
S2140385C02030786666207475726E73207065726DDF
S2140385D06974206A6F696E20696E646566696E6980
S2140385E074656C792E1F004A6F696E732061206E66
S2140385F06574776F726B206F6E206120676976658E
S2140386006E206368616E6E656C2C207769746820D3
S2140386106120676976656E20545820506F776572BF
S21403862020616E642050414E2049442E00546865F4
S214038630206368616E6E656C206F6E207768696371
S2140386406820746F206A6F696E20746865206E6593
S21403865074776F726B1F4F6E652D62797465207326
S21403866069676E65642076616C756520696E6469FA
S214038670636174696E672074686520545820506F70
S214038680776572207468617420746865207261640B
S214038690696F2073686F756C6420626520736574F8
S2140386A020746F1F5468652050414E204944206F44
S2140386B06E20776869636820746F206A6F696E201E
S2140386C0746865206E6574776F726B1F00466F72F1
S2140386D06D732061206E6574776F726B206F6E20EA
S2140386E06120676976656E206368616E6E656C2CC3
S2140386F02077697468206120676976656E20545810
S21403870020506F77657220616E642050414E204979
S214038710442E00546865206368616E6E656C206F36
S2140387206E20776869636820746F20666F726D20A9
S214038730746865206E6574776F726B1F4F6E652D58
S21403874062797465207369676E65642076616C75FB
S2140387506520696E6469636174696E672074686511
S21403876020545820506F77657220746861742074A3
S214038770686520726164696F2073686F756C642026
S21403878062652073657420746F1F546865205041BA
S2140387904E204944206F6E20776869636820746FA3
S2140387A020666F726D20746865206E6574776F72CD
S2140387B06B1F00546869732073657473207468654F
S2140387C02074686520616D6F756E74206F66207403
S2140387D0696D65206265747765656E20737562736F
S2140387E0657175656E742074727573742063656E37
S2140387F0746572206C696E6B206B65792075706486
S2140388006174657320696E206D696C6C697365634A
S2140388106F6E64732E0054686520616D6F756E7499
S214038820206F662074696D65206265747765656E72
S2140388302073756273657175656E742074727573D3
S214038840742063656E746572206C696E6B206B654D
S21403885079207570646174657320696E206D696C28
S2140388606C697365636F6E64731F00464F522054C2
S214038870455354494E4720505552504F5345532065
S2140388802D206761746865722074696D696E672050
S2140388906D65747269637320666F72207265706F9C
S2140388A07274696E67207461626C65206F7065729E
S2140388B06174696F6E732E00436C65617273207406
S2140388C06865206C617374207265706F72742074AF
S2140388D0696D65206F66206174747269627574656C
S2140388E0732E00416464732061206E657720656E85
S2140388F074727920746F20746865207265706F7265
S21403890074207461626C652E00546865206C6F6316
S214038910616C20656E64706F696E742066726F6D2D
S2140389202077686963682074686520617474726967
S21403893062757465206973207265706F72746564FE
S2140389401F54686520636C75737465722077686559
S21403895072652074686520617474726962757465E3
S214038960206973206C6F63617465641F54686520A7
S2140389704944206F66207468652061747472696266
S214038980757465206265696E67207265706F7274B0
S21403899065641F3020666F7220636C69656E742D84
S2140389A07369646520617474726962757465732093
S2140389B06F72203120666F72207365727665722D32
S2140389C07369646520617474726962757465731F74
S2140389D0546865206D696E696D756D207265706F7C
S2140389E07274696E6720696E74657276616C2C208A
S2140389F06D6561737572656420696E207365636F58
S214038A006E64732E1F546865206D6178696D756D8D
S214038A10207265706F7274696E6720696E74657212
S214038A2076616C2C206D6561737572656420696E62
S214038A30207365636F6E64732E1F546865206D69BB
S214038A406E696D756D206368616E676520746F204F
S214038A5074686520617474726962757465207468DD
S214038A6061742077696C6C20726573756C74206909
S214038A706E2061207265706F7274206265696E671E
S214038A802073656E742E1F0052656D6F76657320B6
S214038A90616E20656E7472792066726F6D207468DD
S214038AA065207265706F7274207461626C652E0047
S214038AB054686520696E646578206F6620746865FF
S214038AC0207265706F727420746F20626520726501
S214038AD06D6F7665641F00436C6561727320616C0D
S214038AE06C20656E74726965732066726F6D207490
S214038AF06865207265706F7274207461626C652E8F
S214038B00005072696E747320746865207265706FA6
S214038B107274207461626C652E00537562747261A0
S214038B206374732061206368616E6E656C20667281
S214038B306F6D20656974686572207468652070724D
S214038B40696D617279206F72207365636F6E6461FD
S214038B507279206368616E6E656C206D61736B203D
S214038B606F6620746865206E6574776F726B2D73FD
S214038B7074656572696E6720636F6D706F6E656E80
S214038B80742E00546865206368616E6E656C206D94
S214038B9061736B20746F20737562747261637420E3
S214038BA0746865206368616E6E656C2066726F6DAF
S214038BB01F546865206368616E6E656C20746F2051
S214038BC0737562747261637420746865206D617373
S214038BD06B2066726F6D1F004164647320612063AF
S214038BE068616E6E656C20746F2065697468657263
S214038BF020746865207072696D617279206F7220C7
S214038C007365636F6E64617279206368616E6E6507
S214038C106C206D61736B206F6620746865206E65CB
S214038C2074776F726B2D7374656572696E672063F4
S214038C306F6D706F6E656E742E0054686520636882
S214038C40616E6E656C206D61736B20746F2061645A
S214038C50642061206368616E6E656C20746F1F54B8
S214038C606865206368616E6E656C20746F2061644E
S214038C706420746F20746865206D61736B1F0053E6
S214038C8065747320656974686572207468652070FE
S214038C9072696D617279206F72207365636F6E649B
S214038CA0617279206368616E6E656C206D61736BAB
S214038CB02E00546865206368616E6E656C206D6176
S214038CC0736B20746F20737562747261637420749F
S214038CD06865206368616E6E656C2066726F6D1FD3
S214038CE05468652076616C756520746F20736574AF
S214038CF020746865206368616E6E656C206D6173B1
S214038D006B20746F2E1F0053657473207468652080
S214038D107072652D636F6E66696775726564206B26
S214038D20657920736F207468617420746865206A9F
S214038D306F696E696E672064657669636520636133
S214038D406E20656E74657220746865206E65747730
S214038D506F726B2E0053657473207468652070728F
S214038D6065636F6E66696775726564206B65791FE8
S214038D700053746F707320746865206E6574776F24
S214038D80726B207374656572696E672070726F63A9
S214038D906573732E00537461727473207468652050
S214038DA06E6574776F726B207374656572696E6730
S214038DB02070726F636573732E0041206D61736B51
S214038DC0206F66206F7074696F6E7320666F7220F3
S214038DD0696E6469636174696E672073706563693D
S214038DE0666963206265686176696F722077697465
S214038DF068696E20746865206E6574776F726B2D74
S214038E007374656572696E672070726F63657373DA
S214038E102E1F00446973706C617973207468652033
S214038E2063757272656E7420737461747573206FE4
S214038E306620746865206E6574776F726B20737432
S214038E40656572696E672070726F636573732E0053
S214038E50456E61626C652F64697361626C6520643C
S214038E606562756720606C65676163792061707001
S214038E70206672616D65776F726B206465627567D5
S214038E8060207072696E7420747970652E00456E6A
S214038E9061626C652F64697361626C651F00456E61
S214038EA061626C652F64697361626C6520646562D8
S214038EB0756720607A636C60207072696E742074C4
S214038EC07970652E00456E61626C652F6469736107
S214038ED0626C6520646562756720606170706020EF
S214038EE07072696E7420747970652E00456E6162C7
S214038EF06C652F64697361626C652064656275676F
S214038F002060636F726560207072696E7420747976
S214038F1070652E00456E61626C652F6469736162CD
S214038F206C652064656275672060737461636B604B
S214038F30207072696E7420747970652E0053656EA6
S214038F4064732061207265717565737420666F7231
S214038F50204F544120636F756E746572732E0052F2
S214038F60657365747320616C6C20746872657368CE
S214038F706F6C64732076616C75657320746F203034
S214038F8078464646462E00536574732061207468FF
S214038F90726573686F6C642076616C756520666FA6
S214038FA072206120706172746963756C61722074DB
S214038FB0797065206F6620636F756E7465722E0018
S214038FC054797065206F6620636F756E7465721FC3
S214038FD05468726573686F6C642056616C75651FA0
S214038FE0005072696E7473207468652074687265C5
S214038FF073686F6C6473206F6620616C6C20746892
S2140390006520636F756E746572732E00436C6561BD
S214039010727320616C6C20636F756E746572207654
S214039020616C7565732E005072696E747320616C83
S2140390306C20636F756E7465722076616C756573EC
S2140390402E005072696E7473207468652076616CA6
S2140390507565206F66207468697320706172746921
S21403906063756C617220636F756E7465722E00543F
S214039070686520636F756E746572207479706520F9
S214039080746F207072696E741F005072696E747309
S21403909020616C6C20636F756E7465722076616CEC
S2140390A075657320616E6420636C656172732074EA
S2140390B068656D2E00536574204D464720746F6BAC
S2140390C0656E2C2043414E4E4F5420424520554E4C
S2140390D053455420425920434C492E005072696E22
S2140390E074204D464720746F6B656E2E0050726970
S2140390F06E7420616374697665206576656E747335
S2140391002E0044697361626C652074686520656E21
S21403911064706F696E7420666F72205A434C206DBC
S214039120657373616765732E00456E64706F696E51
S2140391307420696E6465781F00456E61626C6573A2
S2140391402074686520656E64706F696E7420666F40
S21403915072205A434C206D657373616765732E00E6
S2140391605072696E7420737461747573206F662011
S214039170656E64706F696E74732E0053686F7773D1
S214039180207468652076657273696F6E206F66203B
S21403919074686520736F6674776172652E00536515
S2140391A0742074686520636F6E666967757265649C
S2140391B0203830322E31352E3420434341206D6F14
S2140391C0646520696E2074686520726164696F2E19
S2140391D02053656520646F63756D656E746174698D
S2140391E06F6E20726567617264696E6720524149CB
S2140391F04C5F494545453830323135345F4363610A
S2140392004D6F64655F742E0041205241494C5F499F
S2140392104545453830323135345F4363614D6F64BD
S214039220655F742076616C75651F00526574757290
S2140392306E732050544920726164696F20636F6EA9
S21403924066696720696E666F726D6174696F6E20FA
S214039250746F2064657465726D696E6520746865E5
S214039260205048592074797065206265696E6720BE
S21403927075736564206279205241494C2E207265CD
S2140392807475726E2076616C756520697320656EE1
S214039290756D205241494C5F49454545383032315A
S2140392A035345F507469526164696F436F6E6669E3
S2140392B0675F7420652E6720205241494C5F4945FD
S2140392C045453830323135345F5054495F52414456
S2140392D0494F5F434F4E4649475F32503447485ADB
S2140392E0203D203078303055205241494C5F494567
S2140392F045453830323135345F5054495F52414426
S214039300494F5F434F4E4649475F32503447485AAA
S2140393105F414E54444956203D2030783031552025
S2140393205241494C5F494545453830323135345F03
S2140393305054495F524144494F5F434F4E46494755
S2140393405F32503447485A5F434F4558203D2030DC
S21403935078303255205241494C5F494545453830AF
S214039360323135345F5054495F524144494F5F436D
S2140393704F4E4649475F32503447485A5F414E5432
S2140393804449565F434F4558203D20307830335587
S2140393900053656E64732061207265616420617496
S2140393A0747220666F72207468652074696D652018
S2140393B06F662074686520646576696365207370DC
S2140393C0656369666965642E2049742073657473E2
S2140393D0206120666C616720736F207768656E2056
S2140393E0697420676574732074686520726573708A
S2140393F06F6E736520697420777269746573207461
S21403940068652074696D6520746F20697473206FB6
S214039410776E2074696D6520617474722E004964DA
S2140394201F737263456E64706F696E741F64657331
S21403943074456E64706F696E741F005768656E209E
S21403944073656E64696E67207573696E6720612045
S21403945062696E64696E672C2073706563696669FA
S214039460657320776865746865722061206D756C16
S2140394707469636173742062696E64696E672073CE
S214039480686F756C6420626520757365642E00755D
S21403949073654D756C74696361737442696E646950
S2140394A06E671F0053656E64732061207072652DAE
S2140394B06275666665726564206D756C7469636152
S2140394C07374206D65737361676520746F20612004
S2140394D0676976656E2067726F75702049442066EB
S2140394E0726F6D206120676976656E20656E6470A5
S2140394F06F696E742E0067726F757049641F73729E
S214039500632D656E64706F696E741F0043726561C8
S2140395107465732061206D65737361676520627976
S2140395202073706563696679696E67207468652061
S2140395307261772062797465732E20557365207483
S21403954068652073656E6420636F6D6D616E64205D
S214039550746F2073656E6420746865206D6573731D
S214039560616765206F6E6365206974206861732088
S2140395706265656E20637265617465642E20457846
S2140395803A2072617720307830303046207B303096
S2140395902030412030302031312032322033332006
S2140395A034342035357D2073656E64732061206DF9
S2140395B065737361676520746F20636C7573746578
S2140395C072203135202830783030304629206F66B7
S2140395D0206C656E67746820382077686963682036
S2140395E0696E636C7564657320746865205A434CB2
S2140395F0206865616465722E00436C7573746572CA
S21403960049641F446174611F005265736574732057
S214039610746865206E6F64652E005772697465738F
S2140396202061206D6573736167652E00456E6470F7
S2140396306F696E741F436C75737465722049441F9B
S2140396404174747269627574652049441F4D617371
S2140396506B1F4461746120747970651F4461746183
S21403966020627974651F0052656164732061206D02
S2140396706573736167652E00456E64706F696E74FB
S2140396801F436C75737465722049441F417474726A
S21403969069627574652049441F31206966207365C5
S2140396A07276657220646972656374696F6E2C20C6
S2140396B03020696620636C69656E74206469726520
S2140396C06374696F6E1F0053656E64732061206D4B
S2140396D06573736167652E0044657374696E6174A0
S2140396E0696F6E1F536F7572636520656E64706F66
S2140396F0696E741F44657374696E6174696F6E2056
S214039700656E64706F696E741F00536F7572636560
S21403971020656E64706F696E741F004C6973747392
S214039720207768696368206F7074696F6E616C2058
S2140397306C6962726172696573206F66207468650E
S21403974020737461636B2061726520696D706C654C
S2140397506D656E746564206F6E207468697320642B
S21403976065766963652E005072696E747320696E40
S214039770666F726D6174696F6E2061626F757420B7
S214039780746865206E6574776F726B20737461748A
S214039790652C20636C7573746572732C20616E641C
S2140397A020656E64706F696E74732E005365742043
S2140397B06F7220636C6561722073746179206177C0
S2140397C0616B65207768656E206E6F74206A6F69BB
S2140397D06E656400536574206F7220636C656172F6
S2140397E020666F726365206177616B6500446973F9
S2140397F0706C61792074686520736C65657020737E
S21403980074617475730000002E6E030044A9030090
S21403981000000000336E030034A9030000000000BC
S214039820386E030024A9030000000000396E03000D
S21403983014A90300000000007EE6030000A903004D
S2140398400000000071E60300ECA80300000000001F
S2140398503E6E0300DCA8030000000000446E030015
S214039860CCA8030000000000486E0300BCA8030059
S21403987000000000576E0300ACA8030000000000C1
S214039880746E03009CA80300000000007D6E0300B6
S2140398908CA8030000000000926E03007CA803005F
S2140398A000000000A26E03006CA803000000000086
S2140398B0AA6E03002CA8030000000000F7F80300BC
S2140398C090A1030000000000B16E0300D0A00300C7
S2140398D000000000BA6E0300D49F030000000000DF
S2140398E0C76E0300589E0300000000006CDD0300F3
S2140398F0309D030000000000CE6E0300309D030081
S21403990001000000D26E0300F09C0300000000007C
S214039910D76E0300B49B03000000000051B603009B
S214039920B49B030001000000C76E0300589E0300AB
S21403993000000000DE6E0300589E030001000000D6
S214039940E36E0300809B030000000000ED6E03003F
S214039950809B030001000000F56E0300B09903002E
S21403996000000000F3CD03007C9903000000000014
S2140399700000000000000000000000008C990300B7
S214039980F96E030093B60300FE000000116F030098
S21403999020A2030000000000D772030010A20300F9
S2140399A000000000000000000000000000000000AF
S2140399B0C0990300166F030093B60300FE00000071
S2140399C02C6F0300A0A3030000000000326F030007
S2140399D090A3030000000000386F030080A3030079
S2140399E000000000416F030070A3030000000000A6
S2140399F04B6F030060A303000000000045C903008B
S214039A0028A30300000000008B62030014A30300D6
S214039A1000000000516F030004A3030000000000D1
S214039A2032CE0300F4A2030000000000566F0300CA
S214039A30E4A20300000000005D6F0300D4A203004D
S214039A4000000000626F0300C4A2030000000000D1
S214039A50666F03004C9B0300000000006D6F03005D
S214039A60F49A030000000000756F0300C09A030019
S214039A7000000000816F03008C9A030000000000C2
S214039A800000000000000000000000009C9A030095
S214039A908C6F030093B60300FE000000AD6F030057
S214039AA040A203000000000086EF030030A203007C
S214039AB0000000000000000000000000000000009E
S214039AC0D09A0300B16F030093B60300FE000000B4
S214039AD0AD6F030060A203000000000086EF0300E2
S214039AE050A2030000000000000000000000000079
S214039AF000000000049B0300D36F030093B603002B
S214039B00FE000000F16F0300B0A203000000000097
S214039B101E730300A0A203000000000000700300F1
S214039B2090A20300000000000570030080A203005B
S214039B30000000000C70030070A203000000000089
S214039B400000000000000000000000005C9B030013
S214039B501170030093B60300FE0000002E7003008E
S214039B604CA30300000000003470030038A3030076
S214039B7000000000000000000000000000000000DD
S214039B80909B03003C70030093B60300FE000000A6
S214039B9058700300E0A30300000000006CDD030020
S214039BA0D0A3030000000000000000000000000037
S214039BB000000000C49B03005D70030093B603001F
S214039BC0FE0000007670030090A40300000000006F
S214039BD07F70030080A4030000000000867003006B
S214039BE070A403000000000058700300C0A3030025
S214039BF0000000008B700300B0A303000000000009
S214039C0098700300B09C030000000000A6700300D9
S214039C107C9C030000000000B47003003C9C03001F
S214039C2000000000B16E0300D0A003000000000097
S214039C300000000000000000000000004C9C030031
S214039C40BD70030093B60300FE00000056AA03008F
S214039C5060A403000000000067AA030050A40300EA
S214039C6000000000DB70030040A4030000000000B7
S214039C700000000000000000000000008C9C0300B1
S214039C80E370030093B60300FE0000000D710300AB
S214039C90B0A403000000000014710300A0A4030096
S214039CA000000000000000000000000000000000AC
S214039CB0C09C03001C71030093B60300FE00000063
S214039CC0F3CD0300E4A403000000000086EF0300C6
S214039CD0D4A40300000000001E730300C0A4030006
S214039CE0000000000000000000000000000000006C
S214039CF0009D03003C71030093B60300FE000000C2
S214039D00F3CD030014A50300000000005C710300FC
S214039D1004A503000000000086EF0300F4A403007C
S214039D20000000000000000000000000000000002B
S214039D30409D03006371030093B60300FE0000001A
S214039D407D71030048A60300000000003EEF0300F9
S214039D5038A6030000000000B071030028A6030025
S214039D60000000004B6F030018A60300000000006D
S214039D7059EF030008A603000000000082710300E9
S214039D80F8A50300000000009A710300E8A503008D
S214039D9000000000A3710300D8A503000000000024
S214039DA0AA710300C8A5030000000000B6710300F3
S214039DB098A50300000000001E73030088A5030097
S214039DC000000000C571030078A503000000000032
S214039DD0A071030068A5030000000000CA71030019
S214039DE058A5030000000000E171030048A5030026
S214039DF000000000F571030034A503000000000016
S214039E000572030024A5030000000000147203007B
S214039E10249E030000000000000000000000000075
S214039E2000000000349E03001972030093B603007B
S214039E30FE00000030720300B8A503000000000017
S214039E4039720300A8A5030000000000000000000C
S214039E500000000000000000689E030093B60300A5
S214039E6093B60300FE00000040720300D0A1030077
S214039E70000000004B72030054A003000000000023
S214039E80547203003C9F030000000000A0E503009B
S214039E90D89E03000000000065720300B09E030016
S214039EA000000000000000000000000000000000AA
S214039EB0C09E03007872030093B60300FE00000002
S214039EC09C72030058A60300000000000000000078
S214039ED00000000000000000E89E0300A2720300DA
S214039EE093B60300FE000000F3CD0300BCA60300F8
S214039EF00000000086EF0300ACA60300000000008D
S214039F00BE7203009CA6030000000000AD6F0300B2
S214039F1088A6030000000000C572030078A60300AD
S214039F2000000000DC72030068A6030000000000C7
S214039F300000000000000000000000004C9F03002B
S214039F40E872030093B60300FE000000BEDD0300C4
S214039F502CA7030000000000FF7103001CA70300EA
S214039F60000000000F7203000CA7030000000000AF
S214039F700B730300FCA6030000000000FB6F030046
S214039F80949F030000000000000000000000000093
S214039F9000000000A49F03002273030093B603008F
S214039FA0FE0000001E730300ECA603000000000082
S214039FB0AD6F0300DCA60300000000003873030047
S214039FC0CCA6030000000000000000000000000014
S214039FD000000000E49F030093B6030093B603005B
S214039FE0FE00000041730300FC9F03000000000016
S214039FF00000000000000000000000000CA00300AA
S21403A00093B6030093B60300FE0000004D730300EF
S21403A0107CA7030000000000B1FB03006CA703004D
S21403A02000000000537303005CA703000000000059
S21403A030577303004CA70300000000005B73030084
S21403A0403CA7030000000000000000000000000022
S21403A0500000000064A003006B73030093B60300C4
S21403A060FE000000F3CD0300FCA703000000000081
S21403A07086730300ECA70300000000009973030037
S21403A080DCA703000000000086EF0300CCA7030054
S21403A09000000000A6730300BCA703000000000036
S21403A0A0B7730300ACA7030000000000C5730300EA
S21403A0B09CA7030000000000D67303008CA70300D0
S21403A0C00000000000000000000000000000000088
S21403A0D0E0A00300E373030093B60300FE00000052
S21403A0E0FD73030010A40300000000003074030097
S21403A0F000A40300000000006B740300F0A3030039
S21403A10000000000827403005CA10300000000004E
S21403A1108C74030028A10300000000000000000068
S21403A120000000000000000038A103009074030044
S21403A13093B60300FE00000056AA030030A40300F3
S21403A1400000000067AA030020A40300000000002C
S21403A1500000000000000000000000006CA10300E7
S21403A160AF74030093B60300FE0000008270030082
S21403A1701CA80300000000001E7303000CA80300C5
S21403A18000000000000000000000000000000000C7
S21403A190A0A10300C274030093B60300FE000000F0
S21403A1A0F3CD03005CA80300000000000D7103005C
S21403A1B04CA8030000000000147103003CA8030031
S21403A1C00000000000000000000000000000000087
S21403A1D0E0A10300DD74030093B60300FE00000055
S21403A1E0BEDD030074A90300000000000F75030022
S21403A1F064A90300000000001B75030054A90300B4
S21403A2000000000000000000000000000000000046
S21403A2102DF302003175030093B60300FF00000020
S21403A22029F302003E75030093B60300FF00000007
S21403A23009AE00005075030093B60300FF0000004C
S21403A240A5AD00007D750300457D030001FF0000FA
S21403A25009AE0000BD75030093B60300FF000000BF
S21403A260A5AD0000EB750300457D030001FF00006C
S21403A2703DAE00002C7603004D76030000FF000081
S21403A2803DAE000056760300B37603000000FF00E1
S21403A290C9AE0000C1760300DA760300010001FFB1
S21403A2A035AF0000FF760300417703000102FF008D
S21403A2B0C9AE00005777030086770300010001024A
S21403A2C0FF00000089AC0000B7770300F3770300B4
S21403A2D007FF0000A9AC0000F97703002C78030001
S21403A2E001FF0000BDAC000034780300847803004F
S21403A2F00100FF00E5B0000099780300EA78030048
S21403A3000101FF00EDAC0000FA7803003479030086
S21403A31001FF000019AD00003C79030085790300B6
S21403A320010000010707FF0065AF0000D7790300AF
S21403A3302C78030001FF00006DB000001F7A0300B5
S21403A340637A0300010700010700FF008BF3020096
S21403A350B87A0300FE7A03000107000101FF00003C
S21403A360EDAF00003A7B0300757B0300010000FF9E
S21403A370BDAF0000937B0300D77B03000100FF0003
S21403A3808DAF0000EA7B0300D77B03000100FF00CC
S21403A3903DB00000297C03003479030001FF000070
S21403A3A0ADB00000647C0300957C03000100FF0051
S21403A3B0819A000093B60300A37C0300000707FFFF
S21403A3C0199A000093B60300BC7C0300000707FF3E
S21403A3D0719F000093B60300C87C030007FF0000CC
S21403A3E0719F000093B60300C87C030007FF0000BC
S21403A3F04D9F000093B60300CD7C03000000FF00D2
S21403A4002D9F000093B6030092E9030001FF0000AE
S21403A410F59E000093B60300057D030000FF0000D1
S21403A420F999000093B6030093B60300FF000000FB
S21403A430F999000093B6030093B60300FF000000EB
S21403A440DBF2020093B6030093B60300FF0000009E
S21403A450DBF2020093B6030093B60300FF0000008E
S21403A460DBF2020093B6030093B60300FF0000007E
S21403A470C999000093B603003B7D03000101FF006A
S21403A480B599000093B60300507D030001FF00005A
S21403A490D7F2020093B6030093B60300FF00000052
S21403A4A07D990000EB70030093B60300FF000000E5
S21403A4B07D9900005A7D030093B60300FF00000059
S21403A4C0119B00007B7D0300927D030000010000CA
S21403A4D007FF0000D3F20200B87D030093B6030023
S21403A4E0FF00000079980000D27D030093B60300B6
S21403A4F0FF00000027F30200007E030093B603006C
S21403A500FF00000019F302001A7E03009C7C030080
S21403A51000FF000049A200003F7E030093B603003D
S21403A520FF0000004D970000597E030093B603001A
S21403A530FF000000E19600007C7E0300F97E030026
S21403A54000000310FF000000BD9700004E7F0300CD
S21403A550BC7F030001FF000091970000D17F03003A
S21403A5601480030000FF0000A5960000258003006A
S21403A57093B60300FF000000D1F2020054800300EC
S21403A58093B60300FF00000081960000A08003003E
S21403A5909C7C030000FF00004D960000E181030051
S21403A5A03682030000FF000031960000508203004D
S21403A5B093B60300FF0000001596000060820300B8
S21403A5C093B60300FF000000C1F20200748203008A
S21403A5D0F282030000FF0000E59500007D83030080
S21403A5E093B60300FF000000A19500009A830300C2
S21403A5F0C583030007FF000065950000CF830300B3
S21403A60028840300000500FF1D950000D384030083
S21403A610E68403000002FF00F9940000158503009A
S21403A62093B60300FF000000C1F202002785030073
S21403A6306185030000FF00008D940000E78503009A
S21403A6402D860300000301FF7D940000CD860300E2
S21403A65013870300000301FF85FB0200B387030093
S21403A6601688030002FF000059C400006B8803002D
S21403A67093B60300FF00000031C40000B88803004F
S21403A68093B60300FF000000BDC30000E388030089
S21403A6900989030000010100010102FF95C30000C0
S21403A6A0888A0300B08A030000FF000075C3000019
S21403A6B0D78A030093B60300FF000000BDC2000064
S21403A6C0018B030093B60300FF00000009B90000E6
S21403A6D01A8B0300838B03000000FF0009B90000F8
S21403A6E0D88B03003A8C03000000FF00A9B90000D2
S21403A6F07F8C0300B28C03000002FF0005BB000042
S21403A700078D0300558D030007FF0000DDBA000028
S21403A710718D030093B60300FF000000F1B800003C
S21403A720958D0300BA8D030000FF0000FDB90000FD
S21403A730138E030093B60300FF000000ABFA02007B
S21403A740508E03008E8E030000FF0000A5FA020061
S21403A7509E8E03008E8E030000FF00009FFA020009
S21403A760C58E03008E8E030000FF000099FA0200D8
S21403A770EC8E03008E8E030000FF000093FA0200A7
S21403A780148F03008E8E030000FF00007BFA020086
S21403A7903D8F030093B60300FF00000081FA02001A
S21403A7A05F8F030093B60300FF00000039B6000076
S21403A7B0878F0300C08F03000001FF0065B600000B
S21403A7C0E18F030093B60300FF0000007DFA02004A
S21403A7D00C90030093B60300FF00000077FA020014
S21403A7E02790030093B60300FF000000F5B50000B2
S21403A7F0429003006F90030000FF000069FA020016
S21403A8008A90030093B60300FF000000C59F000074
S21403A810B590030093B60300FF000000C59F000039
S21403A820DC90030093B60300FF0000006D94000065
S21403A830ED90030093B60300FF0000003994000078
S21403A840029103002991030000FF000039940000E1
S21403A850399103002991030000FF0000D193000003
S21403A8606091030093B60300FF000000B9F20200F4
S21403A8707B91030093B60300FF00000031900000B5
S21403A8809E9103000892030000FF00001190000051
S21403A8902B92030093B60300FF00000095AB000065
S21403A8A0919303001E940300010000FF85AA000095
S21403A8B03B9403008F94030000FF0000B9AA000036
S21403A8C0A4940300F69403000100FF0025AA0000E9
S21403A8D00C950300F99503000107FF00BDF2020083
S21403A8E00996030093B60300FF0000002DA40000A2
S21403A8F01A9603002C960300000101000007FF00D0
S21403A9001DA300006796030078960300000101006C
S21403A910FF000000B9AA0000C7960300D8960300FC
S21403A920010000FF95A20000C79603000A970300E4
S21403A93000FF0000110101001B97030093B60300FC
S21403A940FF000000659000006797030093B60300BE
S21403A950FF00000091B50000AC9703004C7F030096
S21403A96000FF000059B50000D49703004C7F030096
S21403A97000FF000009B50000ED97030093B603003F
S21403A980FF434C4920696E7374616E636520657876
S21403A990616D706C6500000001000000401A002025
S21403A9A0050000000000000000C2010000050000D2
S21403A9B00010000000000000000000001415002036
S21403A9C08D2F00004FD70200A1D70200B3D7020095
S21403A9D049D702005A150020F930000029D8020092
S21403A9E055D8020081D8020099D802005D150020D0
S21403A9F0F930000029D8020055D8020081D8020099
S21403AA0099D802005A434C20636F6D6D616E647370
S21403AA1000626173696300676C6F62616C006D66E8
S21403AA20672D636F6465007573652D6E6578742D89
S21403AA3073657175656E636500782D64656661750B
S21403AA406C742D7265737000746573742D72657300
S21403AA50706F6E73652D6F6E00746573742D7265FB
S21403AA6073706F6E73652D6F6666005A434C206273
S21403AA706173696320636C757374657220636F6DAD
S21403AA806D616E6473007274666400436F6D6D610E
S21403AA906E642074686174207265736574732061D4
S21403AAA06C6C206174747269627574652076616C6F
S21403AAB075657320746F20666163746F72792064A2
S21403AAC0656661756C742E0057730300C41000200E
S21403AAD0000000000000000000000000000000006E
S21403AAE011AA03004CAB03000000000017AA0300E2
S21403AAF00CED0300000000001EAA0300DCEE0300BA
S21403AB0000000000D7720300CCEE03000000000034
S21403AB1027AA0300BCEE03000000000039AA0300C6
S21403AB20ACEE03000000000048AA03009CEE0300FE
S21403AB300000000059AA03008CEE0300000000008A
S21403AB400000000000000000000000005CAB0300F3
S21403AB506BAA030093B60300FE00000086AA030058
S21403AB6074AB0300000000000000000000000000BB
S21403AB700000000043D402008BAA030093B6030030
S21403AB80FF000000050000000000000040420F0028
S21403AB9005010000000000000000000000000000A7
S21403ABA08000800001010000E0C810003C0602009F
S21403ABB000000000050000000000000040420F00F7
S21403ABC00501000000000000000000000000000077
S21403ABD013B779FAC925DDB7ADF3CFE0F1B614B8EC
S21403ABE00102000000000000FFFFFFFF010000005D
S21403ABF0010000000000000000000000000000004C
S21403AC00000000000000000000000000000000003C
S21403AC10000000000000000000000000000000002C
S21403AC200700000321D902001DD90200FBD8020049
S21403AC30F9D802003D3700002BD902000137000087
S21403AC402C00000002000002800008000200200022
S21403AC500001400004000100100008060200040979
S21403AC600703010540787D0100000000005A6202D8
S21403AC7000010000C0CF6A0002000000809FD500DC
S21403AC8002010000002D3101020200000100000055
S21403AC90000000000400000001000000080000009F
S21403ACA00100000010000000010000000001000089
S21403ACB001000000000800001D0000000002000064
S21403ACC01D000000000400001D000000000001003D
S21403ACD01D000000E4AC0300200301640608020024
S21403ACE00100000000040A0A040306060802000026
S21403ACF0000000000E040E1F081F0C1F0E0E00009F
S21403AD001000010E0E0E0F0E071F1F0E110E1C1144
S21403AD100111110E0F0E0F1E1F11111111111F0E0F
S21403AD20000E04000200010010000C0001040801DC
S21403AD300600000000000000020000000000000CF7
S21403AD40040600000000000000040A0A1E1309049B
S21403AD500404040400000000110611080C0102108C
S21403AD601111060608000211101111110901011133
S21403AD7011040809011B11111111110104111111FC
S21403AD801111100200080A00040001001000121E30
S21403AD9001000001040000000000000002000000A3
S21403ADA000000002040802000000000000040A1F5E
S21403ADB00108050202081504000000101904100417
S21403ADC00A0F010811110606041F041010111101C1
S21403ADD011010101110408050115131111111101C7
S21403ADE0041111110A11080201081100080E0D0EB4
S21403ADF0160E02110D060C09040B0D0E0F160D0E82
S21403AE000711111111111F0204081500000000009C
S21403AE100004000A0E04020002080E1F001F0008AA
S21403AE201504080809100F040E1E00000200080887
S21403AE3016110F01110F0F1D1F040803011515111D
S21403AE400F110F0E04111115040A04020208000064
S21403AE500010130119110711130408050415131123
S21403AE6011191301021111110A1108010410080027
S21403AE70000000000000001F100215000208150461
S21403AE8006000004130404101F1011021110060616
S21403AE90041F0404151F11011101011111040805F3
S21403AEA00111191101150510041111150A040202E6
S21403AEB004080000001E1101111F021E11040803DE
S21403AEC0041511110F1E010E02111115041E0402A2
S21403AED004080000000000000000000A0F19090023
S21403AEE004040404040006021104021108111102EA
S21403AEF011080604080002001511111109010111B9
S21403AF0011040909011111110109091004110A1587
S21403AF1011040102080800000011111111010210AA
S21403AF2011040905041111110110011012190A1553
S21403AF300A10020204080000000000000004000AD1
S21403AF400418160008020000020006010E0E1F0E6B
S21403AF50080E0E020E060002100001040E110F0E5C
S21403AF60071F010E110E06111F11110E0116110FE8
S21403AF70040E040A11041F0E100E001F001E0F0EEF
S21403AF801E0E020E110E06090E11110E0110010FF0
S21403AF900C16040A110E1F0C040600000000000025
S21403AFA00000000000000000000000000000000099
S21403AFB00000000000000000000000000000000089
S21403AFC00000000000000000000000000000000079
S21403AFD00000000000000000000000000000000069
S21403AFE00000000000000000000000000000000059
S21403AFF00000000000000000000000000000000049
S21403B0000000000014B003002003016408080200D7
S21403B0100100000000186C6C10CE3808600C0000AD
S21403B020000000007C307C7CC6FE7CFE7C7C00003E
S21403B03070001C7C7C7C7E7C7EFEFE7CC63C78C6D8
S21403B04006C6C67C7E7C7E7C7EC6C6C6C6C6FE7C20
S21403B050007C10000C0006006000380006000006A6
S21403B0600C0000000000000000000000000000309C
S21403B07018188C000000000000186CFEFC6A2C18E0
S21403B08030186C18000000C0C638C6C6C606C6C050
S21403B090C6C61818387C38C6C6C6C6C6C60606C68A
S21403B0A0C618306606EECEC6C6C6C6C618C6C6C61A
S21403B0B0C6C6C00C066038000C00060060000C0014
S21403B0C0061830060C000000000000001800000000
S21403B0D0000000181830D60000000000001848FED4
S21403B0E0162E2C181830381800000060C63060C0C2
S21403B0F0C6060660C6C618181C7C70C6F6C6C60604
S21403B100C6060606C618303606FEDEC6C6C6C6061B
S21403B11018C6C6C66CC6600C0C606C00043C3E3C8D
S21403B1207C3C3C3C3E0000660C6E3E3C3E3C363C63
S21403B130186666C666667E18183062000000000051
S21403B1400018006C7C10DC001830FE7E1C7E00307D
S21403B150C6303070FE7E7E307CFC00000E00E07051
S21403B160F6FE7E06C61E1EF6FE18301E06D6F6C66B
S21403B1707EC67E7C18C6C6D638FC300C1860C60061
S21403B1800060660666660C66661830360CD666661B
S21403B19066666E067C6666C63C66300C006000001B
S21403B1A000000000000000FED0E866001830387E7D
S21403B1B01C7E1C18C63018C0C0C0C618C6C01818D7
S21403B1C01C7C703076C6C606C60606C6C61830365B
S21403B1D006C6E6C606B6C6C018C6C6FE6CC0180CBB
S21403B1E030600000007C6606667E0C7C6618301EA7
S21403B1F00CD666663E56063C186666D6187C181845
S21403B2001830000000000000001800FE7EAC660048
S21403B21030186C1818001C0CC6300CC6C0C6C60CFA
S21403B220C6C61818387C380006C6C6C6C60606C67E
S21403B230C618366606C6C6C60666C6C618C66CEE04
S21403B240C6C00C0C606000FE0066660666060C60F0
S21403B250661836360CC666660626066018663CD63C
S21403B2603C600C1818300000000000000018006C4A
S21403B27010E6DC00600C00180C001C067C78FE7CD4
S21403B280C07C7C067C7C000C70001C307CC67E7CFC
S21403B2907EFE06FCC63C1CC6FEC6C67C06DCC67C1A
S21403B2A0187C38C6C67EFE7CC07C00FE007C3E3C16
S21403B2B07C3C0C3E66701C6638C6663C065C063EE6
S21403B2C0707C18FC663E7E301818000000000000F4
S21403B2D00000000000000000000000000000000066
S21403B2E00000000000000000000000000000000056
S21403B2F00000000000000000000000000000000046
S21403B3000000000000000000000000000000000035
S21403B3100000000000000000000000000000000025
S21403B3200000000000000000000000000000000015
S21403B330000000000003010303030200000800FCF2
S21403B340B0B30300010001075CB30300000800F874
S21403B3506CB30300000000000000000083FFBFFF83
S21403B360E2FFF1FFF9FFFEFF000000009600FCFE7F
S21403B370F8006D23441FEEFFC700F20E8E37FAFF68
S21403B3805C00A40324A7FFFF3200D601AD340000FF
S21403B3901F003001004D00001200C000CA4A000022
S21403B3A00B006E00F73C000005001F002F20000076
S21403B3B08C00FCFEFFFF000000000000FC00D21023
S21403B3C04C06FAFF75009B05F132FFFF3E00620252
S21403B3D00B35000025004B01885F00001700E000D6
S21403B3E05E5D00000E008C006A4F0000070025001B
S21403B3F083280000000800FC68B40300010001076E
S21403B40014B40300000800F824B40300000000008E
S21403B4100000000083FFBFFFE2FFF1FFF9FFFEFF1E
S21403B42000000000C800FCFEF800C50A571EFBFF1C
S21403B4307B0095047C02FFFF4A00B60246DFFFFF4F
S21403B4402D00AD01412F00001C00070185470000B9
S21403B4501200A700974600000B0067001A3C000086
S21403B4600600220068230000C800FCFEFC00D80A81
S21403B470066CFBFF8800370518E2FEFF5300040343
S21403B480F5E3FFFF3200B9019D4300002900570191
S21403B490F85700001600D100585700000E007C0035
S21403B4A0D0490000070028001729000000000F40BD
S21403B4B00000000000040F40010000003E2000557D
S21403B4C06E6B6E6F776E206572726F72004D617869
S21403B4D0696D756D206E756D626572206F6620618D
S21403B4E07267756D656E74732065786365656465EC
S21403B4F0640054686520617267756D656E742069B3
S21403B50073206E6F7420666F726D61747465642049
S21403B510636F72726563746C7900496E636F7272DF
S21403B52065637420617267756D656E7420747970D7
S21403B5306500496E636F7272656374206E756D6223
S21403B5406572206F6620617267756D656E74730031
S21403B5504E6F20636F6D6D616E6420666F756E64EB
S21403B5600000000093B60300BFB40300BFB403009B
S21403B570BFB40300BFB40300BFB40300BFB40300EB
S21403B580BFB40300BFB40300BFB40300BFB40300DB
S21403B590BFB40300BFB40300BFB40300BFB40300CB
S21403B5A0BFB40300BFB40300BFB40300BFB40300BB
S21403B5B0BFB40300BFB40300BFB40300BFB40300AB
S21403B5C0BFB40300BFB40300BFB40300BFB403009B
S21403B5D0BFB40300BFB40300BFB40300CDB403007D
S21403B5E0BFB40300BFB40300F2B40300BFB4030048
S21403B5F0BFB40300BFB40300BFB403001AB503000F
S21403B600BFB40300BFB40300BFB40300BFB403005A
S21403B61032B50300BFB4030050B5030075696E74FA
S21403B62031360075696E743800756E6B6E6F776EA3
S21403B6300077696C6463617264006865786F707420
S21403B64000737472696E676F70740075696E743315
S21403B650326F70740075696E7431366F707400756E
S21403B660696E74386F7074006865780073747269F5
S21403B6706E670075696E743332002A002E2E2E20F4
S21403B6800068656C70000A25730A25732573002508
S21403B69073200800000108070F000A00C8002000F6
S21403B6A0A000010000000000A00068010A200706B1
S21403B6B0020A04070000000207002F686F6D652F5B
S21403B6C07068752F53696D706C6963697479537408
S21403B6D07564696F2F53444B732F6765636B6F5F96
S21403B6E073646B2F706C6174666F726D2F73657203
S21403B6F0766963652F6C65676163795F68616C2F34
S21403B7007372632F626173652D7265706C61636516
S21403B7106D656E742E63002573203D2025346C788A
S21403B7200052657365742063617573653A205761CB
S21403B730746368646F6720657870697265642C202B
S21403B7406E6F2072656C6961626C652065787472D1
S21403B7506120696E666F726D6174696F6E0A00525E
S21403B760657365742063617573653A205761746306
S21403B77068646F67206361756768742077697468A7
S21403B78020656E68616E63656420696E666F0A0085
S21403B790496E737472756374696F6E206164647244
S21403B7A06573733A2025346C780A005265736574A2
S21403B7B02063617573653A2041737365727420253F
S21403B7C0733A256C640A0052657365742063617569
S21403B7D073653A2048617264204661756C740A008A
S21403B7E0484653522E5645435454424C3A206572AB
S21403B7F0726F722072656164696E67207665637422
S21403B8006F72207461626C6520666F7220616E20B1
S21403B810657863657074696F6E0A00484653522EE6
S21403B820464F524345443A20636F6E6669677572A6
S21403B83061626C65206661756C7420636F756C64F9
S21403B840206E6F742061637469766174650A0048BC
S21403B8504653522E44454255474556543A20666150
S21403B860756C742072656C6174656420746F2064F3
S21403B87065627567202D20652E672E2C20657865FA
S21403B880637574656420424B50540A0052657365B1
S21403B890742063617573653A204D656D6F72792008
S21403B8A04D616E6167656D656E74204661756C7477
S21403B8B00A00496C6C6567616C206163636573732A
S21403B8C020616464726573733A2025346C780A00C9
S21403B8D0434653522E25730A0052657365742063DC
S21403B8E0617573653A20427573204661756C740AF8
S21403B8F00041646472657373206973206F66206108
S21403B9006E20696E737472756374696F6E206166F8
S21403B91074657220627573206661756C74206F633C
S21403B9206375727265642C206E6F7420746865206C
S21403B93063617573652E0A00434653522E286E6F55
S21403B9406E6529206C6F6164206F722073746F724A
S21403B9506520617420616E20696C6C6567616C207C
S21403B960616464726573730A005265736574206359
S21403B970617573653A205573616765204661756C1A
S21403B980740A0052657365742063617573653A20A3
S21403B9904465627567204D6F6E69746F72204661E9
S21403B9A0756C740A006D61696E0054687265616433
S21403B9B00048616E646C6572002573206D6F646564
S21403B9C0207573696E6720257320737461636B201B
S21403B9D02825346C7820746F2025346C78292C2025
S21403B9E05350203D2025346C780A00257520627953
S21403B9F074657320757365642028257525252920AD
S21403BA00696E20257320737461636B20286F7574C9
S21403BA10206F6620257520627974657320746F74B1
S21403BA20616C290A005350206973206F757473691B
S21403BA30646520257320737461636B2072616E677F
S21403BA4065210A00496E746572727570747320619D
S21403BA50637469766520286F72207072652D656D34
S21403BA607074656420616E6420737461636B6564CF
S21403BA70293A0A004E6F20696E7465727275707487
S21403BA8073206163746976650A000D0A5B4153533C
S21403BA904552543A25733A25645D0D0A00554E4BBC
S21403BAA000474F200042544C00474F3200474F3365
S21403BAB000474F3400474F3500474F3600474F3750
S21403BAC000474F3800474F3900474F4100474F4222
S21403BAD000474F4300474F4400474F4500474F46F4
S21403BAE0004A4D5000424452005550520042544DB5
S21403BAF0004D534D0046544C00554E4B00474F20C7
S21403BB000042544C004241440046544C00465243C3
S21403BB10004F54410044534C00554E4B0050494E81
S21403BB2000454D3400554E4B0048562000554E4BAD
S21403BB3000455850004C574D00554E4B005242544A
S21403BB400044534C00454D3400554E4B004153546E
S21403BB5000554E4B0056465900494E4800554E4B2D
S21403BB60004C434B0058544C004F424600554E4B36
S21403BB7000485244004D454D004255530055534727
S21403BB800044424700444D410056435400554E4B33
S21403BB900055502000525020004150300041503193
S21403BBA0004150200044502000444543000000005C
S21403BBB09DBA0300A1BA0300F9BA030019BB030038
S21403BBC025BB03002DBB030039BB030049BB0300A1
S21403BBD051BB03005DBB03006DBB03008DBB0300BD
S21403BBE0554E4B004649420042544C0045585400BB
S21403BBF050575200574447002053570043525300B0
S21403BC004653480042414400464C540042524F00BB
S21403BC1001040000050B060B070B000000000000E4
S21403BC2001030109060001050000000000000000F2
S21403BC30030652300052310052320052330052345F
S21403BC40005235005236005237005238005239003F
S21403BC5052313000523131005231320052313328E2
S21403BC604C5229004D535000505350005043007817
S21403BC70505352004D535020757365640050535013
S21403BC8020757365640043535441434B20626F74BD
S21403BC90746F6D004943535200534843535200494F
S21403BCA04E545F4143544956453000494E545F4114
S21403BCB0435449564531004346535200484653526F
S21403BCC00044465352004D4D41522F4246415200C6
S21403BCD04146535200526574300052657431005227
S21403BCE065743200526574330052657434005265CD
S21403BCF07435004461743000446174310000454D6E
S21403BD00555F4952516E004652435F5052495F4950
S21403BD1052516E0057444F47305F4952516E005799
S21403BD20444F47315F4952516E004652435F495272
S21403BD30516E004D4F44454D5F4952516E0052417E
S21403BD40435F5345515F4952516E005241435F5220
S21403BD50534D5F4952516E00425546435F49525117
S21403BD606E004C444D415F4952516E004750494F57
S21403BD705F4556454E5F4952516E005553415254E6
S21403BD80305F52585F4952516E00555341525430FA
S21403BD905F54585F4952516E0041434D50305F49DE
S21403BDA052516E00414443305F4952516E0049443C
S21403BDB04143305F4952516E00493243305F495226
S21403BDC0516E004750494F5F4F44445F4952516E8E
S21403BDD0005553415254315F52585F4952516E00D9
S21403BDE05553415254315F54585F4952516E004C7B
S21403BDF04555415254305F4952516E0050434E549C
S21403BE00305F4952516E00434D555F4952516E00A3
S21403BE104D53435F4952516E0043525950544F306D
S21403BE205F4952516E004C4554494D4552305F4967
S21403BE3052516E004147435F4952516E0050524F74
S21403BE4054494D45525F4952516E00525443435F25
S21403BE504952516E0053594E54485F4952516E0031
S21403BE604352594F54494D45525F4952516E005201
S21403BE704653454E53455F4952516E00465055450D
S21403BE80485F4952516E00534D555F4952516E00FB
S21403BE905754494D4552305F4952516E00575449E5
S21403BEA04D4552315F4952516E0050434E54315FF7
S21403BEB04952516E0050434E54325F4952516E0000
S21403BEC05553415254325F52585F4952516E005592
S21403BED053415254325F54585F4952516E004932AF
S21403BEE043315F4952516E005553415254335F52AA
S21403BEF0585F4952516E005553415254335F54585C
S21403BF005F4952516E0056444143305F4952516E69
S21403BF10004353454E5F4952516E004C4553454EC0
S21403BF2053455F4952516E0043525950544F315F47
S21403BF304952516E0054524E47305F4952516E007B
S21403BF404941434356494F4C3A20617474656D70BA
S21403BF5074656420696E737472756374696F6E209A
S21403BF6066657463682066726F6D2061206E6F2D40
S21403BF7065786563757465206164647265737300C0
S21403BF804441434356494F4C3A20617474656D707F
S21403BF90746564206C6F6164206F722073746F72B3
S21403BFA06520617420616E20696C6C6567616C2026
S21403BFB061646472657373004D554E53544B45521A
S21403BFC0523A20756E737461636B2066726F6D20D0
S21403BFD0657863657074696F6E2072657475726ECA
S21403BFE0206361757365642061636365737320768C
S21403BFF0696F6C6174696F6E004D53544B455252B2
S21403C0003A20737461636B696E672066726F6D2086
S21403C010657863657074696F6E20636175736564B4
S21403C020206163636573732076696F6C6174696FEF
S21403C0306E004D4D415256414C49443A204D4D41B8
S21403C0405220636F6E7461696E732076616C6964E7
S21403C050206661756C74206164647265737300494D
S21403C0604255534552523A20696E7374727563741F
S21403C070696F6E20707265666574636820636175A8
S21403C08073656420627573206661756C7400505224
S21403C090454349534552523A207072656369736546
S21403C0A0206461746120627573206661756C740028
S21403C0B0494D5052454349534552523A20696D7093
S21403C0C072656369736520646174612062757320A9
S21403C0D06661756C7400554E53544B4552523A2064
S21403C0E0756E737461636B696E67206F6E20657817
S21403C0F063657074696F6E2072657475726E206303
S21403C100617573656420646174612062757320666B
S21403C11061756C740053544B4552523A20737461E4
S21403C120636B696E67206F6E2065786365707469EC
S21403C1306F6E20656E747279206361757365642013
S21403C1406461746120627573206661756C74004265
S21403C15046415256414C49443A2042464152206396
S21403C1606F6E7461696E732076616C6964206661B4
S21403C170756C74206164647265737300554E444530
S21403C18046494E5354523A20747269656420746F5C
S21403C190206578656375746520616E20756E6465C9
S21403C1A066696E656420696E737472756374696F0D
S21403C1B06E00494E5653544154453A20696E766193
S21403C1C06C69642045505352202D20652E672E2C13
S21403C1D020747269656420746F207377697463686A
S21403C1E020746F2041524D206D6F646500494E5692
S21403C1F050433A20657863657074696F6E20726584
S21403C2007475726E20696E746567726974792063DB
S21403C2106865636B73206661696C6564004E4F43A3
S21403C220503A20617474656D7074656420746F2071
S21403C23065786563757465206120636F70726F63DC
S21403C2406573736F7220696E737472756374696F46
S21403C2506E00554E414C49474E45443A206174742E
S21403C260656D7074656420616E20756E616C6967B8
S21403C2706E6564206D656D6F7279206163636573A7
S21403C280730044495642595A45524F3A20617474D2
S21403C290656D7074656420746F2065786563757466
S21403C2A0652053444956206F7220554449562077DB
S21403C2B06974682064697669736F72206F662030CC
S21403C2C000000000FEBC030007BD030014BD03000E
S21403C2D01FBD03002ABD030033BD03003EBD03009C
S21403C2E04BBD030058BD030062BD03006CBD0300D5
S21403C2F028BE03007BBD03008ABD030099BD03006F
S21403C300A4BD0300AEBD0300B9BD0300C3BD030057
S21403C3109EBE0300D1BD0300E0BD0300EFBD0300D6
S21403C320FCBD030007BE030010BE030019BE0300D6
S21403C33026BE030034BE03003DBE03004BBE03000F
S21403C34055BE030060BE03006FBE03007CBE030041
S21403C35087BE030090BE03009DBE0300AABE030073
S21403C360B5BE0300C0BE0300CFBE0300DEBE03009F
S21403C370E8BE0300F7BE030006BF030011BF0300B9
S21403C3801BBF030028BF030035BF030040BF0300E5
S21403C39080BF030093B60300B8BF0300F9BF0300D2
S21403C3A093B6030093B6030032C003005FC00300D6
S21403C3B08EC00300B0C00300D6C0030015C103003F
S21403C3C093B6030093B603004FC103007CC103007A
S21403C3D0B2C10300EDC103001DC2030093B6030000
S21403C3E093B6030093B6030093B6030052C203004A
S21403C3F082C20300000008070A00000000CA9A3B36
S21403C40000E1F5058096980040420F00A0860100E3
S21403C41010270000E8030000640000000A00000084
S21403C42001041040010000000500000000020000A7
S21403C430030000009CC6030098C6030084C60300DE
S21403C44080C603007CC6030078C6030066C60300E6
S21403C45056C603003CC6030034C603002AC60300C0
S21403C46028C6030010C603000DC6030005C6030056
S21403C470F4C50300E4C50300D2C50300B8C5030032
S21403C480B0C50300A4C50300A0C503009EC50300F2
S21403C49091C5030086C503006DC5030011C50300DF
S21403C4A010C5030000C50300D8C40300CDC40300B1
S21403C4B0CCC40300B8C40300000000000000000062
S21403C4C00000000000000000000000000F00000055
S21403C4D00000000000000000000000000000000054
S21403C4E00000000000000000000000000000000044
S21403C4F00000000000000000000000000000000034
S21403C5000100000000000000000000000000000022
S21403C5100F00000000000000000000000000000004
S21403C5200000000000000000000000000000000003
S21403C53000000000000000000000000000000000F3
S21403C54000000000000000000000000000000000E3
S21403C55000000000000000000000000000000000D3
S21403C56000000000000000000000000000000000C3
S21403C57000000000000000000000000000000000B3
S21403C58000000000000000000000000000000000A3
S21403C5900000000000000000000000000000000093
S21403C5A000000000FFFFFFFFFFFFFFFFFFFF00008D
S21403C5B00000000000000000000000000000000073
S21403C5C00000000000000000000000000000000063
S21403C5D00000000000000000000000000000000053
S21403C5E00000000000000000000000000000000043
S21403C5F00000000000000000000000000000000033
S21403C6000000000000FFFFFFFFFFFFFFFF9C00008E
S21403C610FF00000000000000000000000000000013
S21403C62000000000800000000000FFFFFFFFFFFF88
S21403C630FFFFFFFF00000000FFFF000000000000F8
S21403C64000000000000000000000000000000000E2
S21403C650000000000000FFFFFF00000000000000D5
S21403C66000000000000000000000000000000000C2
S21403C67000000000000000000000000000000000B2
S21403C68000000000000000000000000000000000A2
S21403C690000000000000000000000000FC03010191
S21403C6A00101010101010101010101010100000075
S21403C6B000000001000A0600000601010000070250
S21403C6C0041104040211101A080A021801081110B2
S21403C6D0111A080A04020D0B195C0110280B011429
S21403C6E00000000000000000000000000000000141
S21403C6F00101010101000101010101010000010125
S21403C700010001000101000000000000000000001D
S21403C7100000000000000100000000000000000010
S21403C7200000000001FF010023E1010075E40100A1
S21403C73063E2010063E5010062E1010079EB0100B9
S21403C74064EE010024E1010025E1010026E1010079
S21403C75027E1010028E1010029E101002AE10100A7
S21403C76000000100800001000001010080010100BB
S21403C770000201008002010020E201000003010024
S21403C7800005010080050100000601008006010087
S21403C7900007010001E5010002E5010000080100B1
S21403C7A080080100004001002F686F6D652F7068D8
S21403C7B0752F53696D706C69636974795374756406
S21403C7C0696F2F53444B732F6765636B6F5F736497
S21403C7D06B2F706C6174666F726D2F7365727669FA
S21403C7E063652F746F6B656E5F6D616E61676572EF
S21403C7F02F7372632F736C5F746F6B656E5F6D61FF
S21403C8006E616765722E63002F686F6D652F7068A3
S21403C810752F53696D706C696369747953747564A5
S21403C820696F2F53444B732F6765636B6F5F736436
S21403C8306B2F706C6174666F726D2F736572766999
S21403C84063652F746F6B656E5F6D616E616765728E
S21403C8502F7372632F736C5F746F6B656E5F6D619E
S21403C8606E75666163747572696E672E6300FFFF8B
S21403C870FFFFFFFFFFFF34B684327032F6101A1044
S21403C88043757272656E7420436F6E6669673A20ED
S21403C8902530780053657420434341206D6F6465EB
S21403C8A020746F2025643A2025307800656E616217
S21403C8B06C65640064697361626C6564006F7574AB
S21403C8C028636C69656E742900696E202873657227
S21403C8D076657229004D464720537472696E673A2F
S21403C8E0202573004170704275696C646572204D33
S21403C8F0464720436F64653A203078253034580025
S21403C9006E6F6465205B004164646974696F6E6171
S21403C9106C20696E746572666163657300202025FA
S21403C920643A200070616765205B25645D20636858
S21403C930616E205B25645D20707772205B25645DE5
S21403C940006E6F7420616374697665006572726F3A
S21403C950722030782532580070616E4944205B306F
S21403C96078253034585D206E6F64654944205B300B
S21403C97078253034585D20007870616E205B3078FF
S21403C98000706172656E744944205B3078253034DC
S21403C990585D20706172656E7452737369205B25EF
S21403C9A0645D006E6F646554797065205B00536543
S21403C9B0637572697479206C6576656C205B25787F
S21403C9C05D006E6574776F726B2073746174652097
S21403C9D05B253032585D200042756666733A202523
S21403C9E064202F20256400457020636E743A20254A
S21403C9F064006570202564205B656E64706F696EE5
S21403CA00742025732C206465766963652025735D21
S21403CA1020006E776B205B25645D2070726F6669FD
S21403CA206C65205B3078253034585D206465764924
S21403CA3064205B3078253034585D20766572205B41
S21403CA40307825785D0020202020257320636C75C0
S21403CA50737465723A2030782530345820004E7748
S21403CA606B20636E743A202564006E776B20256412
S21403CA70205B25735D005072696D617279202870A2
S21403CA80726F290020206E6F646554797065205B91
S21403CA903078253032585D002020736563757269DF
S21403CAA0747950726F66696C65205B307825303216
S21403CAB0585D0045502025643A20257320004572B2
S21403CAC0726F723A2020556E6B6E6F776E20656EAE
S21403CAD064706F696E742E00456E61626C652065C6
S21403CAE076656E7420646562756720696E666F206E
S21403CAF0696E20436F726520434C4920636F6D70E7
S21403CB006F6E656E74006F6E6C7920636F6F726400
S21403CB10696E61746F72732063616E20666F726DE7
S21403CB200A006A6F696E203078253032580A00256D
S21403CB3073203078253032580A0025732030782544
S21403CB403032780072656A6F696E4469666644655A
S21403CB507669636554797065002573203078257887
S21403CB60006578742E2050414E2049443A20004EEA
S21403CB70574B206F70656E3A2025752073656300EA
S21403CB804E574B20636C6F7365640066696E642052
S21403CB906A6F696E61626C653A2030782530325868
S21403CBA00066696E6420756E757365643A20307826
S21403CBB025303258004368616E67696E6720746F6C
S21403CBC0206368616E6E656C2025643A2030782594
S21403CBD030325800696E76616C6964206E657477CE
S21403CBE06F726B20696E6465780053686F72742089
S21403CBF049443A203078253034582C204555493658
S21403CC00343A20002C2050616E2049443A20307874
S21403CC10253034580053746172746564206D756CE6
S21403CC2074692D70687920696E74657266616365D0
S21403CC30004661696C656420746F20257320257334
S21403CC4020307825303258005465726D696E6174F1
S21403CC50656420257320307825303258004B65658F
S21403CC607020616C69766520737570706F727420BE
S21403CC70656E61626C65642E006661696C6564202E
S21403CC80746F20736574206B65657020616C6976BC
S21403CC9065206D6F64652E007375636365737366D5
S21403CCA0756C6C7920736574207468652063686995
S21403CCB06C642074696D656F7574206F7074696F2A
S21403CCC06E206D61736B2E006661696C65642074FB
S21403CCD06F2073657420746865206368696C6420CC
S21403CCE074696D656F7574206F7074696F6E206DEF
S21403CCF061736B2E00646973636F766572004D61B2
S21403CD00746368202570792066726F6D20307825ED
S21403CD103034582C206570202564004E574B204134
S21403CD2064647265737320726573706F6E73653AAD
S21403CD302030782530345800494545452041646401
S21403CD407265737320726573706F6E73653A200035
S21403CD50536572766963652025737920646F6E6503
S21403CD602E00232020747970652020206E776B2098
S21403CD70206C6F6320202072656D202020636C7505
S21403CD80732020206E6F646520202065756900205F
S21403CD902025642020202030782530345820203069
S21403CDA07825303458202030782530345820307891
S21403CDB0253034582000656D626572476574426994
S21403CDC06E64696E67204572726F723A20307825FA
S21403CDD032580A002564206F662025642062696E37
S21403CDE064696E6773207573656400656E61626C53
S21403CDF06564207072696E740064697361626C6541
S21403CE0064207072696E7400616464206C696E6B72
S21403CE10206B6579004552523A2043616C63756C0A
S21403CE20617465642043524320646F6573206E6F9C
S21403CE3074206D61746368004552523A20496E73DC
S21403CE4074616C6C20436F6465206D757374206227
S21403CE506520382C2031302C2031342C206F722062
S21403CE60313820627974657320696E206C656E674D
S21403CE707468004552523A204145532D4D4D4F207C
S21403CE8068617368206661696C65643A203078254A
S21403CE907800536574206A6F696E696E67206C69E3
S21403CEA06E6B206B6579007365742062696E64200F
S21403CEB025643A2030782530327800454D50545951
S21403CEC000554E494341004D324F4E45004D554C9B
S21403CED05449003F2020202000000000BBCE030062
S21403CEE0C1CE0300C7CE0300CDCE0300D3CE0300CE
S21403CEF0496E6465782049454545204164647265FA
S21403CF0073732020202020202020204E574B496E6C
S21403CF106465782020496E20464320202020205434
S21403CF20544C28732920466C6167202020204B65CB
S21403CF307920202020002564202020202000202087
S21403CF40256420202020202020002020253038584B
S21403CF5020200020307825303458202000496E6485
S21403CF60657820494545452041646472657373209E
S21403CF702020202020202020496E204643202020E9
S21403CF8020205479706520204175746820204B65F5
S21403CF9079002D202020202000256320202020201B
S21403CFA02563202020202000696573005741524ED8
S21403CFB0494E473A202052454144494E47204F4662
S21403CFC0204B45592056414C55455320444953411F
S21403CFD0424C4544204259204D464720544F4B452A
S21403CFE04E004E574B204B6579002573206F7574A2
S21403CFF02046433A20253038580025732073657140
S21403D000206E756D3A20307825780025733A200017
S21403D0102573206F75742046433A202530387800F0
S21403D020544320257320002573205461626C6500E9
S21403D03025642F256420656E747269657320757385
S21403D04065642E005472616E7369656E74204B6559
S21403D0507900256420656E7472257320636F6E7382
S21403D060756D696E67202564207061636B65742037
S21403D07062756666657225732E0057494C4C0057D9
S21403D080494C4C204E4F54005472757374204365BC
S21403D0906E74657220257020616C6C6F77207472D5
S21403D0A07573742063656E7465722072656A6F6942
S21403D0B06E73207573696E672077656C6C2D6B6E67
S21403D0C06F776E206B65792E005365742074696DD7
S21403D0D0656F757420666F7220547275737420437F
S21403D0E0656E7465722072656A6F696E73207573F8
S21403D0F0696E672077656C6C2D6B6E6F776E206C30
S21403D100696E6B206B657920746F202564207365C8
S21403D110636F6E64732E004552524F523A200025B9
S21403D12070737461636B206D75737420626520641D
S21403D1306F776E2E004E4F4E450052656164696EE2
S21403D1406720416C6C6F7765640048617368696E2D
S21403D15067206F6E6C7900456D6265724B65795317
S21403D160657474696E67733A2030782530345800D6
S21403D17020205065726D697373696F6E733A20254C
S21403D18073004572726F723A204661696C6564205B
S21403D190746F2067657420636F6E6669672C2073EF
S21403D1A074617475733A20307825303258004661BE
S21403D1B0696C65643A20307825303258004D7367C1
S21403D1C03A20636C7573203078253034582C2063EE
S21403D1D06D64203078253032582C206C656E2025FF
S21403D1E064006275666665723A2000454D42455294
S21403D1F05F00257353454355524954595F4C455672
S21403D200454C3A20253032580025736572617365A4
S21403D210206B65792025643A203078253032580013
S21403D220636D64206E6F74206275696C740073722C
S21403D2306320657020253032782C20636C7573204C
S21403D240253034780073656E64696E6720746F20CA
S21403D2506D756C7469636173742062696E6400250E
S21403D260733A2065703A2025642C20636C3A20308C
S21403D27078253034582C20617474723A203078251F
S21403D280303458002C207376723A202563002573B9
S21403D2903A20726561643A20307825303278002C63
S21403D2A0207376723A2025632C2064747970653A6D
S21403D2B02030782530325800417267756D656E747C
S21403D2C020617420696E6465783A2025642069734A
S21403D2D0206F7574206F662072616E676500436FFA
S21403D2E06D6D616E6420616C726561647920627530
S21403D2F0696C742E202043616E6E6F7420736574A0
S21403D300204D464720737065636966696320636FC3
S21403D310646520666F7220636F6D6D616E642E00A8
S21403D3204D464720436F64652053657420666F72CD
S21403D330206E65787420636F6D6D616E643A20307D
S21403D340782530345800557365204E65787420531D
S21403D350657175656E63652053657420666F72200C
S21403D3606E65787420636F6D6D616E643A203078F5
S21403D370253032580044697361626C6520446566E3
S21403D38061756C7420526573706F6E736520536598
S21403D3907420666F72206E65787420636F6D6D619E
S21403D3A06E643A20307825303258004552523A207F
S21403D3B072656164696E67206174747269627574FC
S21403D3C0652025303278004552523A2061747472D3
S21403D3D069627574652073697A6520256420746FA5
S21403D3E06F206C6172676520666F72206275666671
S21403D3F06572004572726F723A2061747472696264
S21403D4007574652049442030782530345820726579
S21403D410706F727461626C65206368616E67652005
S21403D42069732073697A65202564422C20627574BB
S21403D4302025644220656E74657265640A006E6F0B
S21403D44020636D64004572726F723A20434C492024
S21403D45053656E64206661696C65642C2073746121
S21403D4607475733A20307825303258004572726FDF
S21403D470723A2020455549363420617267756D65CA
S21403D4806E7420697320656D70747920616E6420F4
S21403D4906C6F6F6B7570206279206E6F64652049C0
S21403D4A044206661696C65642E0047726F75700070
S21403D4B0556E696361737400556E62696E642025E8
S21403D4C07020257030782558005265717565737421
S21403D4D03A20005A444F2073696D706C652064656A
S21403D4E07363207265712025303278005A444F20CA
S21403D4F06E6F6465206465736320726571202530E2
S21403D5003278005573696E67206D79206C6F63619E
S21403D5106C20455549363420666F722064657374F3
S21403D52020455549363420696E2062696E64696EFB
S21403D53067005A444F2062696E6420726571202525
S21403D54030327800636C7573746572206C696D692C
S21403D55074207265616368656400696E76616C69E0
S21403D5606420706167653A202564206F72206368C3
S21403D570616E6E656C3A202564004368616E67656C
S21403D580206368616E6E656C207374617475733A9C
S21403D59020307825303278006475726174696F6E56
S21403D5A0206D75737420626520696E2072616E67E4
S21403D5B0652030202D203500636F756E74206D75E1
S21403D5C0737420626520696E2072616E6765203110
S21403D5D0202D2038007363616E2073746174757335
S21403D5E02030782578006E6574776F726B207570BF
S21403D5F06461746520736574207374617475732035
S21403D600307825780041637469766520455020722A
S21403D610657175657374207374617475733A20301D
S21403D620782558004C5149205461626C6520726518
S21403D63071756573743A20307825580042696E64B4
S21403D640696E67205461626C6520726571756573D7
S21403D650743A2030782558004C656176652025702D
S21403D6603078255800506F7765722044657363726F
S21403D6706970746F72202570307825580055736969
S21403D6806E67206D79206C6F63616C204555493653
S21403D6903420666F722064657374204555493634AA
S21403D6A020696E20756E62696E64696E6700526FDC
S21403D6B0757465205461626C652025703078255832
S21403D6C0005A444F206D6174636820646573632059
S21403D6D07265712025780000000000000000002F0E
S21403D6E0686F6D652F7068752F53696D706C69630D
S21403D6F069747953747564696F2F53444B732F673A
S21403D70065636B6F5F73646B2F70726F746F636F99
S21403D7106C2F7A69676265652F6170702F66726118
S21403D7206D65776F726B2F636F6D6D6F6E2F7A6992
S21403D730676265655F6170705F6672616D65776F5E
S21403D740726B5F636F6D6D6F6E2E630045787465E5
S21403D7506E64656420526573657420696E666F3AFD
S21403D7602030782532582028257329002F686F6DBE
S21403D770652F7068752F53696D706C69636974796A
S21403D78053747564696F2F53444B732F6765636BCC
S21403D7906F5F73646B2F70726F746F636F6C2F7A27
S21403D7A069676265652F6170702F6672616D657754
S21403D7B06F726B2F636F6D6D6F6E2F7A696762651D
S21403D7C0655F6170705F6672616D65776F726B5FC0
S21403D7D0736C6565702E6300796573006E6F005316
S21403D7E0746179206177616B65207768656E206E5A
S21403D7F06F74206A6F696E65643A20257300466FFE
S21403D800726365642073746179206177616B653A2E
S21403D81020202020202020202020257300466F7201
S21403D82063696E672064657669636520746F207329
S21403D830746179206177616B6500416C6C6F776901
S21403D8406E672064657669636520746F20676F2052
S21403D850746F20736C656570002575292025703AF2
S21403D8602025750053657474696E67205468726565
S21403D87073686F6C6420636F6D6D616E64004D61D9
S21403D88063205278204263617374004D61632054B1
S21403D89078204263617374004D616320527820558B
S21403D8A063617374004D616320547820556361731C
S21403D8B074004D616320547820556361737420525D
S21403D8C065747279004D61632054782055636173E3
S21403D8D074204661696C004150532052782042639D
S21403D8E0617374004150532054782042636173740B
S21403D8F000415053205278205563617374004150A1
S21403D900532054782055636173742053756363659D
S21403D9107373004150532054782055636173742009
S21403D92052657472790041505320547820556361D0
S21403D9307374204661696C00526F75746520446980
S21403D940736320496E69746961746564004E656922
S21403D9506768626F72204164646564004E65696738
S21403D96068626F722052656D6F766564004E6569F6
S21403D9706768626F72205374616C65004A6F696EE4
S21403D98020496E6469636174696F6E004368696CED
S21403D99064204D6F76656400415348204F76657268
S21403D9A0666C6F7700415348204672616D6520456B
S21403D9B072726F7200415348204F76657272756EAD
S21403D9C0204572726F72004E574B204643204661C5
S21403D9D0696C757265004150532046432046616961
S21403D9E06C7572650041534820584F666600415077
S21403D9F05320556E617574686F72697A6564204B3F
S21403DA006579004E574B20446563727970742046DF
S21403DA1061696C7572657300415053204465637287
S21403DA20797074204661696C757265730050616322
S21403DA306B65742042756666657220416C6C6F6315
S21403DA40617465204661696C757265730052656C16
S21403DA506179656420556361737400506879207436
S21403DA606F204D4143207175657565206C696D693E
S21403DA70742072656163686564005061636B6574E6
S21403DA802056616C69646174652064726F702063EC
S21403DA906F756E74004E574B207265747279206FE3
S21403DAA0766572666C6F7700434341204661696C06
S21403DAB0757265730042726F616463617374207478
S21403DAC061626C652066756C6C00505441204C6F27
S21403DAD020507269205265710050544120486920D5
S21403DAE05072692052657100505441204C6F20508B
S21403DAF072692044656E6965640050544120486924
S21403DB00205072692044656E696564005054412054
S21403DB104C6F205072692054782041627274005012
S21403DB20544120486920507269205478204162721B
S21403DB3074004164647265737320436F6E666C6928
S21403DB4063742053656E74000D0044656275672028
S21403DB507072696E742067726F75702025730A0081
S21403DB6057726F6E6720706172616D657465720AB5
S21403DB70004368616E6E656C206E6F742076616C10
S21403DB8069643A202564005072696D6172790025D4
S21403DB9070206D61736B206E6F7720307825345854
S21403DBA0005365636F6E64617279004D61736B2019
S21403DBB06E6F742076616C69643A20256400707217
S21403DBC0696D617279007365636F6E646172790063
S21403DBD025703A20536574202570206D61736B2081
S21403DBE0746F20307825345800537461747573004D
S21403DBF025703A2025703A004368616E6E656C2086
S21403DC006D61736B3A00202020202831292030785C
S21403DC10253458205B002020202028322920307805
S21403DC20253458205B0053746174653A2030782598
S21403DC305820282573290043757272656E74206315
S21403DC4068616E6E656C3A20256400546F74616C6F
S21403DC5020626561636F6E733A202564004A6F69BC
S21403DC606E20617474656D7074733A202564004E7B
S21403DC706574776F726B2073746174653A203078BD
S21403DC8025580053746F700025733A2025733A2085
S21403DC903078255800556E737570706F72746564AE
S21403DCA02066656174757265207768656E20757386
S21403DCB0696E67206F7074696D697A656420736333
S21403DCC0616E732E20546F20757365206120636F19
S21403DCD06E66696775726564206B6579207768651B
S21403DCE06E206A6F696E696E672C206164642074A7
S21403DCF06865206B657920746F207468652074727C
S21403DD00616E7369656E74206B6579207461626CED
S21403DD1065207573696E67207468652077696C641F
S21403DD2063617264204555492028616C6C20464621
S21403DD3073292E0025702053746F702E2020436C99
S21403DD4065616E696E672075702E004B6579207667
S21403DD506572696669636174696F6E206661696C72
S21403DD6065642E204C656176696E67206E657477F0
S21403DD706F726B0025703A2025700042726F6164E3
S21403DD8063617374696E67207065726D6974206A67
S21403DD906F696E0025703A2025703A203078255832
S21403DDA00054727573742063656E746572206C69B3
S21403DDB06E6B206B6579207570646174652073746F
S21403DDC0617475730025733A205741524E494E4786
S21403DDD03A20656D626572536574496E697469614C
S21403DDE06C536563757269747953746174652066E0
S21403DDF061696C65642E20436F6E74696E75696E17
S21403DE006720776974686F757420696E7374616CC4
S21403DE106C20636F64652E004572726F723A2069D8
S21403DE206E7374616C6C20636F64652073657475C0
S21403DE3070206661696C65642E20497320616E20CC
S21403DE40696E7374616C6C20636F646520666C61C5
S21403DE5073686564206F6E746F20746865206465EC
S21403DE60766963653F00D0D1D2D3D4D5D6D7D8D977
S21403DE70DADBDCDDDEDF005A6967426565416C6C20
S21403DE8069616E6365303900FFFFFFFFFFFFFFFF29
S21403DE900025733A2069737375696E67207363612F
S21403DEA06E206F6E202573206368616E6E656C73DB
S21403DEB020286D61736B203078253458290025732C
S21403DEC020697320616C726561647920696E2070C5
S21403DED0726F67726573730053746172740045786A
S21403DEE0616D696E696E6720626561636F6E206F30
S21403DEF06E206368616E6E656C2025642077697496
S21403DF00682070616E496420307825325800546862
S21403DF10697320626561636F6E206973206E6F7428
S21403DF202070617274206F66207468652063757252
S21403DF3072656E74206368616E6E656C206D6173C6
S21403DF406B20283078253458292E20476574746949
S21403DF506E67206E65787420626561636F6E2077E6
S21403DF60686F7365206368616E6E656C20626974A2
S21403DF706D61736B206973207365742E004572722E
S21403DF806F723A20257020636F756C64206E6F7411
S21403DF9020617474656D7074206A6F696E3A203000
S21403DFA0782558004E6F20626561636F6E73206C30
S21403DFB0656674206F6E2063757272656E74206D6D
S21403DFC061736B2E204D6F76696E6720746F206EBB
S21403DFD0657874207374617465002570206A6F69B0
S21403DFE06E696E67203078253278206F6E206368FE
S21403DFF0616E6E656C202564002570205374617411
S21403E000653A202570004572726F723A202570209B
S21403E010636F756C64206E6F7420736574757020FF
S21403E02073656375726974793A20307825580045AC
S21403E03072726F723A205363616E20636F6D706CF9
S21403E0406574652068616E646C65722072657475AC
S21403E050726E6564203078255800257320736361DB
S21403E0606E20636F6D706C6574652E204265616308
S21403E0706F6E732068656172643A202564002573A9
S21403E08020737461636B20737461747573203078C6
S21403E0902558002570206E6574776F726B206A6F43
S21403E0A0696E65642E00257020747279696E672028
S21403E0B06E657874206E6574776F726B2E005A697E
S21403E0C067426565416C6C69616E636530394E57AE
S21403E0D04B205374656572696E67004E6F6E6500FC
S21403E0E05363616E205072696D6172792043686173
S21403E0F06E6E656C7320616E642075736520496E61
S21403E1007374616C6C20436F6465005363616E20A7
S21403E1105072696D617279204368616E6E656C73C7
S21403E12020616E64205573652043656E7472616C5E
S21403E130697A6564204B6579005363616E2050727B
S21403E140696D617279204368616E6E656C732061D8
S21403E1506E642055736520446973747269627574BE
S21403E1606564204B6579005363616E205365636F66
S21403E1706E64617279204368616E6E656C732061AC
S21403E1806E642075736520496E7374616C6C2043EE
S21403E1906F6465005363616E205365636F6E6461DD
S21403E1A07279204368616E6E656C7320616E6420BD
S21403E1B05573652043656E7472616C697A65642075
S21403E1C04B6579005363616E205365636F6E6461BC
S21403E1D07279204368616E6E656C7320616E64208D
S21403E1E05573652044697374726962757465642037
S21403E1F04B6579005363616E205072696D61727965
S21403E200204368616E6E656C7320616E642055737F
S21403E2106520416C6C204B6579732028696E737496
S21403E220616C6C20636F64652C2063656E74726129
S21403E2306C697A65642C2064697374726962757498
S21403E240656429005363616E205365636F6E646172
S21403E2507279204368616E6E656C7320616E64200C
S21403E26055736520416C6C204B6579732028696E65
S21403E2707374616C6C20636F64652C2063656E74C5
S21403E28072616C697A65642C20646973747269625E
S21403E29075746564290025783A0065702025782012
S21403E2A0636C75732025327820617474722025326E
S21403E2B0782073767220256300206D6667202578A4
S21403E2C000207265706F7274206D696E2025327837
S21403E2D0206D617820253278207270742D6368670C
S21403E2E0202534780020726563656976652066723A
S21403E2F06F6D202532782065702025782074696D2F
S21403E300656F75742025327800257020307825785F
S21403E31000636C656172696E67206C61737420724A
S21403E32065706F72742074696D65206F6620616C0A
S21403E3306C206174747269627574657300746573B6
S21403E34074696E672074696D696E67206F662076E0
S21403E3506172696F7573207265706F7274696E6728
S21403E360206F7065726174696F6E73002D2D2D2D8D
S21403E3702D2D2D2D2D2D2D2D2D2D2D2D2D2D2D2DC5
S21403E3802D2D2D2D2D2D2D2D2D2D2D2D2D2D2D2DB5
S21403E3902D2D2D2D2D2D2D2D2D2D2D002D2D746157
S21403E3A0626C65207265616473202D2066756C6CE3
S21403E3B0207461626C652D2D00726573756C742014
S21403E3C03D202564206D73002D2D696E6974202F02
S21403E3D0207363686564756C65207469636B2D2DA3
S21403E3E02D002D2D6C6F616420636F6E66696775F3
S21403E3F0726174696F6E2064656661756C74732DE3
S21403E4002D00000000010204000040000000000090
S21403E4100100FEFF000000000001050400004000AC
S21403E420000000000100FEFF0000000052454144CA
S21403E4305F5250545F4346470025703A200072658A
S21403E44061645F7265706F7274696E675F636F6E27
S21403E45066696775726174696F6E005265706F7274
S21403E46074696E673A206661696C656420746F2010
S21403E47073656E6420257320726573706F6E7365A3
S21403E4803A2030782578004552523A207265616406
S21403E490696E6720636C75737465722030782532F5
S21403E4A078206174747269627574652030782532D9
S21403E4B0783A2030782578004552523A20726570B3
S21403E4C06F7274696E67206F66204C4F4E472073D9
S21403E4D07472696E672061747472696275746520FC
S21403E4E074797065206E6F7420737570706F7274B4
S21403E4F065643A20636C75737465722030782532D0
S21403E5007820617474726962757465203078253278
S21403E51078005265706F7274696E6720456E747208
S21403E520792046756C6C202D206372656174696E64
S21403E53067206E6577207265706F72740043464776
S21403E5405F52505400202D20646972656374696FAE
S21403E5506E3A25782C20617474723A25327800203E
S21403E5602020747970653A25782C206D696E3A25DB
S21403E57032782C206D61783A25327800202020638B
S21403E58068616E67653A0020202074696D656F7553
S21403E590743A25327800636F6E6669677572655FD5
S21403E5A07265706F7274696E670053746172746912
S21403E5B06E67207570646174652074727573742059
S21403E5C063656E746572206C696E6B206B6579206B
S21403E5D070726F636573730055706461746520545D
S21403E5E043204C696E6B204B657900204E6577207F
S21403E5F06B65792065737461626C69736865643AE8
S21403E60000204572726F723A00506172746E6572C2
S21403E6103A20005A434C20676C6F62616C20636C2F
S21403E620757374657220636F6D6D616E64730064D9
S21403E6306972656374696F6E00646973632D636FD3
S21403E6406D2D67656E00646973632D636F6D2D7240
S21403E6506563006578706563742D7265706F727498
S21403E6602D66726F6D2D6D65007577726974650022
S21403E6706E7772697465007265706F72742D726559
S21403E68061640073656E642D6D652D612D72657012
S21403E6906F72740043726561746573206120676CE2
S21403E6A06F62616C20646973636F76657220636F53
S21403E6B06D6D616E6420666F722074686520617389
S21403E6C0736F6369617465642076616C7565732E18
S21403E6D000636C757374657249641F617474726940
S21403E6E06275746549641F6D61784E756D626572F7
S21403E6F0546F5265706F72741F0043726561746560
S21403E70073206120676C6F62616C2073656E642092
S21403E7106D652061207265706F727420636F6D6D16
S21403E720616E6420666F7220746865206173736F10
S21403E7306369617465642076616C7565732E006326
S21403E7406C757374657249641F617474726962755B
S21403E750746549641F64617461547970651F6D69DB
S21403E7606E5265706F727454696D651F6D61785271
S21403E77065706F727454696D651F7265706F72741D
S21403E78061626C654368616E67651F00437265610D
S21403E790746573206120676C6F62616C20726561BB
S21403E7A064207265706F7274696E6720636F6D6D37
S21403E7B0616E6420666F7220746865206173736F80
S21403E7C063696174656420636C75737465722C2069
S21403E7D061747472696275746520616E6420736512
S21403E7E0727665722F636C69656E742064697265F0
S21403E7F06374696F6E2E00636C7573746572496417
S21403E8001F61747472696275746549641F64697202
S21403E810656374696F6E1F00476C6F62616C20726C
S21403E82065706F7274696E6720636F6D6D616E6479
S21403E83000656E64706F696E741F636C75737465C0
S21403E8407249641F61747472696275746549641FE2
S21403E8506D61736B1F00437265617465732061207D
S21403E860676C6F62616C207265616420636F6D6DA7
S21403E870616E64206D65737361676520746F2072C3
S21403E8806561642066726F6D2074686520636C75BD
S21403E8907374657220616E64206174747269627544
S21403E8A07465207370656369666965642E00636CBE
S21403E8B0757374657249641F6174747269627574E2
S21403E8C06549641F00437265617465732061206740
S21403E8D06C6F62616C20777269746520636F6D6D0F
S21403E8E0616E64206D65737361676520746F20774E
S21403E8F07269746520746F2074686520636C757321
S21403E90074657220616E64206174747269627574D2
S21403E910652073706563696669656400636C757307
S21403E92074657249641F61747472696275746549AB
S21403E930641F747970651F646174611F0043726598
S21403E9406174652061206578706563742D726570E7
S21403E9506F72742D66726F6D2D6D65206D657373A2
S21403E9606167652077697468206173736F63696193
S21403E9707465642076616C7565732E00636C7573BD
S21403E98074657249641F617474726962757465494B
S21403E990641F74696D656F75741F004372656174D7
S21403E9A065206120446973636F76657220436F6DDB
S21403E9B06D616E64732047656E657261746564206D
S21403E9C0636F6D6D616E642077697468206173731D
S21403E9D06F6369617465642076616C7565732E0078
S21403E9E0636C757374657249641F737461727443E0
S21403E9F06F6D6D616E6449641F6D6178436F6D6DF5
S21403EA00616E6449641F00536574732074686520DF
S21403EA10646972656374696F6E20666F7220676CD3
S21403EA206F62616C20636F6D6D616E64732C20651D
S21403EA30697468657220636C69656E7420746F20F0
S21403EA40736572766572206F72207365727665726F
S21403EA5020746F20636C69656E742E00536574733F
S21403EA60206120666C616720736F20746861742070
S21403EA70746865206170706C69636174696F6E2079
S21403EA806672616D65776F726B2057494C4C204EEA
S21403EA904F5420726573706F6E6420746F207468B1
S21403EAA065206E657874205A434C206D65737361D8
S21403EAB06765207468617420636F6D657320696E83
S21403EAC0206F76657220746865206169722E005324
S21403EAD0657473206120666C616720736F207468A9
S21403EAE0617420746865206170706C696361746911
S21403EAF06F6E206672616D65776F726B2057494C37
S21403EB004C20726573706F6E6420746F2074686532
S21403EB10206E657874205A434C206D657373616765
S21403EB2065207468617420636F6D657320696E2059
S21403EB306F76657220746865206169722E0053656E
S21403EB407473207468652044697361626C6520443D
S21403EB50656661756C7420526573706F6E7365209D
S21403EB604672616D6520436F6E74726F6C206269C6
S21403EB707420746F2075736520666F7220746865E1
S21403EB80206E65787420636F6D6D616E64206966B0
S21403EB902074686520636F6D6D616E6420697320F1
S21403EBA06E6F7420616C7265616479206275696C3E
S21403EBB0742E0064697361626C6544656661756C86
S21403EBC074526573706F6E73651F0053657473209C
S21403EBD074686520666C616720746F2075736520A2
S21403EBE074686520696E6372656D656E746564200E
S21403EBF073657175656E6365206E756D62657220EB
S21403EC0066726F6D20746865206672616D65776FD6
S21403EC10726B20666F7220746865206E6578742048
S21403EC2072617720636F6D6D616E642E0075736518
S21403EC304E65787453657175656E63651F00436C26
S21403EC406920636F6D6D616E6420746F2063616C01
S21403EC506C20656D626572416653657454696D65B3
S21403EC602066756E6374696F6E20646F63756D6579
S21403EC706E74656420696E2061662E680075746321
S21403EC8054696D651F00536574732074686520743A
S21403EC90776F2062797465206D616E756661637443
S21403ECA0757265722073706563696669632069644B
S21403ECB0656E74696669657220746F207573652066
S21403ECC0666F7220746865206E65787420636F6D56
S21403ECD06D616E642069662074686520636F6D6D70
S21403ECE0616E64206973206E6F7420616C72656157
S21403ECF06479206275696C742E006D66675370655F
S21403ED00636966696349641F000000001CED030025
S21403ED1013E6030093B60300FE0000002FE603008D
S21403ED207CEE03000000000039E603006CEE0300EF
S21403ED300000000046E603005CEE0300000000004F
S21403ED4053E603004CEE03000000000071E60300E8
S21403ED5038EE03000000000069E6030024EE03001B
S21403ED600000000070E6030010EE03000000000041
S21403ED707EE6030000EE03000000000036E5030015
S21403ED80ECED03000000000077E60300DCED030073
S21403ED900000000083E60300C8ED03000000000047
S21403EDA0F5CC0300B8ED03000000000000000000EF
S21403EDB0000000000000000067F3020094E6030072
S21403EDC0D1E60300010100FF69A90000FAE603008B
S21403EDD03FE70300010100010107FF0025A900002A
S21403EDE08CE70300F7E70300010100FF65A80000B6
S21403EDF018E8030031E8030000010100FF000000EB
S21403EE0079F3020056E80300AEE803000101FF00B1
S21403EE1061F30200C5E803001CE9030001010207D1
S21403EE20FF0000005BF30200C5E803001CE90300D3
S21403EE3001010207FF00000055F30200C5E80300C6
S21403EE401CE9030001010207FF00000019A80000E7
S21403EE503DE903007CE90300010101FFB9A70000B7
S21403EE609BE90300E0E90300010000FF75A700002B
S21403EE709BE90300E0E90300010000FFFDA7000093
S21403EE8007EA03000DE8030000FF00004FF302004B
S21403EE905CEA03004C7F0300FF00000049F3020016
S21403EEA0CFEA03004C7F0300FF00000055A70000D5
S21403EEB03EEB0300B3EB030000FF00002DA70000AA
S21403EEC0CBEB03002DEC030000FF00003BF3020036
S21403EED03EEC03007DEC030002FF0000F5A60000F5
S21403EEE086EC0300FAEC030001FF5472757374207A
S21403EEF043656E746572204A6F696E2048616E645E
S21403EF006C65723A20737461747573203D202570A6
S21403EF102C206465636973696F6E203D202570201D
S21403EF20282578292C2073686F72746964203078DA
S21403EF3025327800554E73656375726564206A6F73
S21403EF40696E00646576696365206C656674005552
S21403EF504E736563757265642072656A6F696E00C9
S21403EF6075736520707265636F6E66696775726523
S21403EF7064206B65790073656E64206B6579206920
S21403EF806E2074686520636C6561720064656E79D3
S21403EF90206A6F696E006E6F20616374696F6E001E
S21403EFA0616C6C6F772072656A6F696E73206F6E23
S21403EFB06C79000051EF030034EF030043EF0300C6
S21403EFC04FEF030060EF030076EF03008CEF0300C0
S21403EFD096EF0300A0EF03006E6F7420004E4554B7
S21403EFE0574F524B5F0025702570555020307825BB
S21403EFF032580054727573742043656E74657220BC
S21403F000455549206861732025736368616E67659B
S21403F010642E0025702570444F574E005F464149C5
S21403F0204C45440025704A4F494E257000454D42D5
S21403F03045525F4E4554574F524B5F4F50454E45D2
S21403F040443A2025642073656300454D4245525F6C
S21403F0504E4554574F524B5F434C4F534544002540
S21403F060703A2025703A20307825780064697374E6
S21403F070726962757465640063656E7472616C6947
S21403F0807A656400466F726D002570696E67206F3F
S21403F0906E2063682025642C2070616E49642030DE
S21403F0A078253258004572726F723A204465766945
S21403F0B0636520646F6573206E6F7420737570705C
S21403F0C06F7274202573206E6574776F726B20667B
S21403F0D06F726D6174696F6E00496E76616C6964F8
S21403F0E02053656375726974792050726F66696C14
S21403F0F0653A203078255800704A6F696E20666F2F
S21403F10072202564207365633A2030782578004C96
S21403F110696D6974696E67206475726174696F6E70
S21403F120206F66207065726D6974206A6F696E2041
S21403F13066726F6D20666F7265766572202832354B
S21403F140352920746F203235340052583A205A44F9
S21403F1504F2C20636F6D6D616E6420307825327896
S21403F1602C207374617475733A20307825580053D5
S21403F170696D706C650052583A202570204465739B
S21403F180632052657370004D61746368002C204DD4
S21403F1906174636865733A20256400446576696321
S21403F1A06520416E6E6F756E63653A203078253242
S21403F1B0780052583A2049454545204164647265B3
S21403F1C0737320526573706F6E73650052583A20DE
S21403F1D041637469766520455020526573706F6E7F
S21403F1E073652C20436F756E743A202564004E6F4A
S21403F1F06465002C204D6174636865733A2030782B
S21403F20025327800737461636B207665722E205BFB
S21403F21025642E25642E25640020257020627569DA
S21403F2206C642025645D005A444F005345004841F2
S21403F23000436C757374657200476C6F62616C0093
S21403F240257074782025782C200050726F66696CC0
S21403F250653A20257020283078253258292C2043FB
S21403F2606C75737465723A2030782532582C2025D5
S21403F270642062797465732C00205A434C202570F1
S21403F28020436D642049443A202564005072652D5E
S21403F29052656C6561736500416C7068612031006E
S21403F2A0416C706861203200416C706861203300E5
S21403F2B04265746120310042657461203200426504
S21403F2C07461203300474100000000008CF2030005
S21403F2D01100000098F2030012000000A0F20300E1
S21403F2E013000000A8F2030021000000B0F20300A0
S21403F2F022000000B7F2030023000000BEF2030062
S21403F300AA000000C5F20300FF0000000000000092
S21403F310000001526573657420696E666F3A20308B
S21403F32078257820282570290064656C6574652027
S21403F33062696E64696E673A20257820257800082E
S21403F3400109020A030B040C050D060E070F08102D
S21403F35001180119021A031B041C051D061E071FAC
S21403F3600820012102220323042405250626072755
S21403F37008280129022A032B042C052D062E072F05
S21403F3800830013102380239043A08E004E104E2A5
S21403F39004E802E902EA04F008F1100000000000A5
S21403F3A000000205ACF30300030010000000000099
S21403F3B0E8F3030003000000400000000000000024
S21403F3C0020400000CF403000400080040000000E0
S21403F3D000000000050400003CF4030004000800DD
S21403F3E04000000000000000000020012000000094
S21403F3F008000000070030012000000000000000A5
S21403F400FDFF210220000000030000000000290287
S21403F4100000000000800000010029020000000038
S21403F420000000000200290200000000881300000C
S21403F430FDFF21020000000003000000000021027F
S21403F44000000000FFFF0000010021020000000092
S21403F450D00700000200210200000000282300005D
S21403F460FDFF21020000000003000000575249542C
S21403F47045204552523A2000257065702025782095
S21403F480636C75732025327820617474722025327C
S21403F49078206E6F7420737570706F727465640075
S21403F4A02570696E76616C6964206461746120748A
S21403F4B079706500257061747472206E6F7420779E
S21403F4C072697461626C650057524954453A206EFE
S21403F4D06F2077726974652C206A757374206120B7
S21403F4E07465737400524541443A206174747269BA
S21403F4F0627574652073697A6520746F6F206C611A
S21403F50072676520666F722063616C6C6572006358
S21403F5106C6E74007372767200525700524F00205E
S21403F5202052414D20200020746F6B656E200065CD
S21403F530787465726E2000454E44504F494E5420F1
S21403F540257800636C7573202F2073696465202FFC
S21403F5502061747472202F206D666720202F7479C3
S21403F5607065286C656E292F207277202F207374A0
S21403F5706F72616765202F20646174612028726151
S21403F580772900253278202F202570202F2025323A
S21403F59078202F2000202F20257820282578292042
S21403F5A02F202570202F202570202F2000556E73C6
S21403F5B07570706F72746564004F544120524541F4
S21403F5C0443A2065703A2578206369643A25327890
S21403F5D02061747469643A253278206D736B3A251A
S21403F5E078206D66636F64653A253278005245412C
S21403F5F0443A20636C7573202532782C206174742A
S21403F6007220253278206661696C6564202578004F
S21403F610524541443A20636C7573202532782C207A
S21403F62061747472202532782C20646174614C6591
S21403F6306E3A2025782C204F4B002578200028256D
S21403F64063292558255825582558255825582558BB
S21403F6502558002570642C2064726F7070696E677D
S21403F660206570203078257820636C757320307899
S21403F67025327820636D6420307825780047656EE0
S21403F68065726174656400526563656976656400D6
S21403F690446973636F76657220436F6D6D616E6444
S21403F6A07320726573706F6E73652028636F6D7059
S21403F6B06C6574653A202563292C202573204944FC
S21403F6C0733A2000307825582000524541445F4164
S21403F6D05454520057524954453A20636C7573206C
S21403F6E025327820617474722025327820004641D2
S21403F6F0494C2025780057524954453A20746F6F79
S21403F7002073686F727400444953435F41545452E4
S21403F71000257025703A20636C75732025327800B7
S21403F7205F4558540053766320446973633A200058
S21403F730257057616974696E672025642073656355
S21403F74020666F7220646973636F766572792074BE
S21403F7506F20636F6D706C657465005374617465B8
S21403F76020636F72726573706F6E64696E67207460
S21403F7706F2074686520746865207265717565739B
S21403F78074206E6F7420666F756E640A002570634E
S21403F7906F6D706C6574652E0A00257053657276FE
S21403F7A069636520446973636F7665727920537461
S21403F7B0617465206C696D69747320726561636832
S21403F7C065640A002570496C6C6567616C2062721B
S21403F7D06F61646361737420616464726573732C10
S21403F7E02072656D617070696E6720746F20766134
S21403F7F06C6964206F6E652E0025704661696C65C2
S21403F8006420746F2073656E64206D617463682072
S21403F810646973636F766572793A20307825780069
S21403F82025705374617274696E6720646973636FBD
S21403F8307665727920666F7220636C757374657271
S21403F8402030782532780025704661696C6564201F
S21403F850746F2073656E6420494545452061646472
S21403F8607265737320726571756573743A203078A8
S21403F87025780025704661696C656420746F207373
S21403F880656E64204E574B20616464726573732003
S21403F890726571756573743A203078257800457201
S21403F8A0726F723A202570206261642073696D70EE
S21403F8B06C652064657363726970746F72206C651F
S21403F8C06E6774682E0025704D65737361676520D7
S21403F8D0746F6F2073686F72740025704D65737351
S21403F8E061676520746F6F2073686F727420666F2C
S21403F8F072206E756D2E20656E64706F696E7473FC
S21403F9000025704D61746368257020666F756E649C
S21403F9102066726F6D2030782532782E004572721D
S21403F9206F723A20257020696E76616C6964206C6C
S21403F930656E6774682028256420213D2025642988
S21403F94020666F722041637469766520456E647025
S21403F9506F696E7420726573706F6E7365002570C1
S21403F960676F7420616374697665204550207265FD
S21403F97073706F6E7365005554432074696D653AF2
S21403F9802025642F25642F25642025643A25643AB0
S21403F9902564202825347829001F1C1F1E1F1E1FC0
S21403F9A01F1E1F1E1F28556E6B6E6F776E20636CAF
S21403F9B075732E205B30782532785D29000D0A5446
S21403F9C02534783A005258206C656E2025642C2026
S21403F9D065702025782C20636C757320307825326B
S21403F9E0782000206D66674964202532780020461B
S21403F9F0432025782073657120257820636D642065
S21403FA002578207061796C6F61645B0007021F01C3
S21403FA102F0037013F005701DF02E700FF02000017
S21403FA2000000000000000000000000000000000CE
S21403FA3000000000000000000000000000000000BE
S21403FA404261736963004F63637570616E63792007
S21403FA5053656E73696E67000000000040FA03008A
S21403FA600604000046FA0300FFFF00000000000043
S21403FA702570525820706B7420746F6F2073686FF4
S21403FA8072743A202564203C202564002570525861
S21403FA9020706B74206D616C666F726D65643A20BE
S21403FAA02564203C202564002020456E61626C6539
S21403FAB06400202044697361626C65640045727259
S21403FAC06F722072657472696576696E6720696EF7
S21403FAD0666F20666F72206C696272617279204964
S21403FAE044202564002573206C696272617279254F
S21403FAF0732070726573656E7400202048617665A6
S21403FB0020526F7574657220537570706F7274002F
S21403FB102020456E6420446576696365204F6E6CCD
S21403FB2079005A69676265652050726F0042696E94
S21403FB3064696E6700536563757269747920436FF1
S21403FB407265005365637572697479204C696E6BD0
S21403FB50204B6579730043424B45203136334B3196
S21403FB600043424B4520445341205369676E00458A
S21403FB7043430043424B4520445341205665726934
S21403FB806679005061636B65742056616C696461C5
S21403FB907465005A4C4C0043424B45203238334B75
S21403FBA03100454343203238334B310043424B4503
S21403FBB020636F7265004E4350004D756C74692068
S21403FBC06E6574776F726B00456E68616E6365640D
S21403FBD020426561636F6E205265710043424B4558
S21403FBE0203238334B3120445341205665726966C0
S21403FBF079004D756C74692D50414E0022FB03004D
S21403FC002DFB030093B6030035FB030043FB030001
S21403FC1093B6030056FB030061FB03006FFB030070
S21403FC2073FB030083FB030087E1030093FB0300DE
S21403FC3097FB0300A2FB0300ACFB0300B6FB030029
S21403FC40BAFB0300C8FB0300DCFB0300F2FB030064
S21403FC506009000000800000000000000000002F84
S21403FC60686F6D652F7068752F53696D706C696367
S21403FC7069747953747564696F2F53444B732F6794
S21403FC8065636B6F5F73646B2F70726F746F636FF4
S21403FC906C2F7A69676265652F737461636B2F7364
S21403FCA0656375726974792F7A69676265652D7302
S21403FCB0656375726974792D6D616E616765722D02
S21403FCC06E6F2D7661756C742E63000000666E6928
S21403FCD02B00666E69006E616E00666E692D00000D
S21403FCE0000000000000F03F000000000000244079
S21403FCF000000000000059400000000000408F4054
S21403FD00000000000088C34000000000006AF840BE
S21403FD100000000080842E4100000000D0126341E2
S21403FD200000000084D797410000000065CDCD4158
S21403FD3002020300000000000000020800000000AA
S21403FD40FFFFFFFFFFFFFFFFFFFFFFFF00000000B7
S21403FD50000000000000000000000000000000009B
S21403FD60000000005241494C00000000A0000000C3
S21403FD70612B010050000000412C0100FA04FA0038
S21403FD800033330A0A0A030404080808080808406C
S21403FD900021000000010000010100010101000034
S21403FDA00000000000000000A806000048704C0D8C
S21403FDB04470D80C307064123C70AE163870340D34
S21403FDC034705A0D30700A0F2C700A0F2870DC102E
S21403FDD02470F41020703E0D1C7080111870F21100
S21403FDE014703A0DB110076001D80A7108B87F780D
S21403FDF0020C7E78641000C6A01F00218CB87078B1
S21403FE0001B007680F305CB30F330111C048069882
S21403FE104A022FB006D80C7109DD087100B853A842
S21403FE2009BB111007680168214807600410011216
S21403FE30FF32215007605148076000880698441334
S21403FE4000C4401F002103DD087214BA281400A062
S21403FE5000BA03DF107109DF0672029860058CB8DA
S21403FE60507800A04413281441158110076002D867
S21403FE701471108806982E1800C00C700840069857
S21403FE807C1A0091069860020060B83020D806718C
S21403FE9090BC637C784D5412F03240DE04724048C6
S21403FEA004DB08720DDD0C72044BEF301448069821
S21403FEB0FC0600C4E01008404412076201322140E9
S21403FEC0084C287C811140D91C72B1123032CF4ABB
S21403FED0013AB1DA107208D8067104D80871B04C2A
S21403FEE0237C4070684C4412FF328722047580B826
S21403FEF0D84C81D8327140D90472237C084B0698BB
S21403FF00FC0604BA88B9767900C1186008403579CA
S21403FF10E049007906B904A901D86E72227CBC4C6C
S21403FF20307C0298320208D83C7100C14C0008406D
S21403FF30141110D93071104C00C11400084014116C
S21403FF401814076100C5206008405415FF35047176
S21403FF5010491814A84C441207620132067102981D
S21403FF601201B84C08D80C7107BA24D8047106BA23
S21403FF70187004D80C7101BA40D80E7102BA0A7010
S21403FF8005BA20D8047203BA227C604C4411404C54
S21403FF901814076118149111383111429111076929
S21403FFA010D90472EF3200C10060084014111031FA
S21403FFB0016911422814A111076118140698621AE0
S21403FFC0181400C10060084014110769FF311814A3
S21403FFD000C13C3008401411181407611814308807
S21403FFE002480698C005009308DB047101F800A0D8
S21403FFF05CB00F3000A01088B111076980D90A7170
S21404000000C1800008400811009100A000C400014F
S2140400100840441000A000C020300E400411041014
S2140400201050F47200A05415504512710698060735
S2140400300698960618B8707800B841780698400373
S21404004090BA5B7A5C7A5D7A00C218500840241233
S21404005000C1501F002128110698381820880088EF
S21404006000C5441F002154155112FF350762FF32A4
S21404007006986A02015951290475115900902129DC
S2140400802075069886040698A2040698FA0200923A
S21404009003D80C728111076102D90472FF0FBA707B
S2140400A018B8727800F804D842710088308800C006
S2140400B0FC1F0021041000C1501F00211412012A45
S2140400C0215A00C3185008403413312A1A7500C048
S2140400D00060084004100730FE200C76381108B87B
S2140400E07F78020C7E780093009000A000C0F41F76
S2140400F00021041000BB1DB400A000C1DC1F0021B9
S21404010014111088FF3100C5FFFF0000311207628A
S2140401100762513A513B0E720698720C115901123D
S21404012001131E703114008831100698720C115990
S214040130415C41280698740C513801130090012B39
S21404014000902088076001140760FF30215D41128B
S21404015007620762312D0876FF34415C4128015D51
S21404016031100698740CFF303088011300C0E01F6D
S21404017000210410512B0C76076801150768FF351B
S2140401806070315BFF32212B0C7507600115076028
S214040190FF354E7000C5E41F00215415076507653A
S2140401A05112FF35FF30012B08752110076032709D
S2140401B021100768FF30012B0A75211007600760BD
S2140401C0207000C2E81F0021241221100760076077
S2140401D0FF30012B08752110076806702110076090
S2140401E0FF300093009200C10060084014142C49AC
S2140401F00734FE242A761415F0BC076C513C0768B5
S21404020003680154107100C4FF0FFFFF513C014402
S2140402104811311200C5E81F00215415FF35076246
S21404022007622143544914122155FF3551522811AF
S21404023000A001D81871008800C00470084004109B
S2140402408020FF30067106984E03009000A002D866
S214040250047200A00088069896061DB428B9112CCE
S214040260408800C3EC1F0021341440445A714413E0
S21404027006982005411500C00060084004100730A9
S214040280FD20447500C20870084024100760FF3043
S21404029080DC34710698AE0C01591C4A24100760A1
S2140402A00260FF300698AE0C0158B22001295413A0
S2140402B031100698AE0C11280A75042554155045BD
S2140402C0EE72069820050094009000A07FB906619F
S2140402D000C01C60084006984A1304155153113B8D
S2140402E03155581002984413EBBD00C0401F00213E
S2140402F00411113D10D91271FF33076B00C19040F1
S2140403000846381118B97479581000A00698600287
S2140403108024E4240D300472044800C11C510840B3
S214040320141100C3DC1E0021911504351A7218132B
S21404033088BB08D804716C7B04D804716A7B8CBBB8
S2140403402F7C5B7B16703C4B181388BB08D8047153
S2140403506F7B04D804716D7B217C0C300160069899
S21404036082060698680B0698320700B8B11107692A
S21404037040D906720298660601BC00C200600840B6
S21404038000DC0A7124150165604A0A701C4A2415AB
S21404039007657C4A043508D920712024512A241282
S2140403A000C180000840320C281107622811076239
S2140403B0281107622811500C00C1381F002114129E
S2140403C000DC1A7120D8067101B80C70F0DA0C72D1
S2140403D00CDB087102B806988A06482404491411EE
S2140403E000C380000840FFB8012011410871014194
S2140403F018130824014200C12000084014110141CA
S214040400036D514191152035016D51411813281380
S214040410481300C37C000840341003D80C7107301E
S21404042005DC0671084B227B8CB8507800B800C1F6
S214040430381F0021141203682150F030015228118D
S21404044000A04024066400C0FFFF0100013C1DB06C
S21404045002200158402806751EAC01EC00A0208836
S21404046000C01850084004121DB421130412305260
S214040470F871066C402400C3741F00213410141154
S2140404800698C00C0669009211592129067600BB0D
S21404049011590698960C80B80158013A0662313B09
S2140404A00472215A412A00A000C200010840317A91
S2140404B000A0308880B9076900C30000C0FF31106F
S2140404C0312800BC002D0C7511541EAC01EC312DE6
S2140404D0F470066C51134155312C009300A000C0F3
S2140404E028400E400413315107610C31076911533B
S2140404F0381000A006984A0800C0F41F0021041112
S21404050006983207217A237A00C300001000069862
S214040510720700C0581F00211DB1181000A000C0AB
S214040520541F00211DB1181000C09C1F0021041088
S214040530002D067500B826A80698060700C09C1F5E
S21404054000210410012C06750698960628B010B9EA
S214040550115911380EB9114028A880B800C144308A
S2140405600840081100C1F01F00211410303B06712A
S2140405700760076000C40830084044111150FF307B
S214040580015118146FB8076826A8217A050C2110A3
S2140405902048267800C063EF0000314026A8050CEA
S2140405A020ECB11140D90872247A20EC217A18483C
S2140405B026A828B00AB901510F31115028A8050CF5
S2140405C0207A20EC0F0C98B84678417806986A0290
S2140405D000C2441F002124100151FF31115008129B
S2140405E000A006984A0800B826A800C05C1F002190
S2140405F01DB1181000A030B840780DB101D9FC72B6
S214040600427800C074300E4004114CBA407A181078
S214040610144804115C7A1810A4BB707B4E7B4F7B85
S21404062000C20430084000A006984A08217A227ABC
S21404063000BB0698720700C0681F00211DB1181081
S214040640A4BB00C040300E40041103310149287297
S214040650B112076207623048041121510F31187233
S2140406606E7B6F7B104804114CBA7C7A18101448C1
S2140406700411607A1810B11002D81071707B30B86B
S214040680627860780DB001D8FC7100C0F86008404C
S214040690041101D90C7100C01800084002B91810E2
S2140406A008B86E780EB84EB110D90C723EA8140C69
S2140406B00FB83EA8107044A8140C01B800C1B0309E
S2140406C00E40081100C077801F003DB201423DAACB
S2140406D000C0FFFFFFFC013A3DAA140C00C077E0FF
S2140406E01F0001423DAAFFB845207D7808B87E78F1
S2140406F000C124600840141107610631087100B96E
S21404070006985A1006984A13B11101D90E71069824
S214040710881A02D906720698AE0B0698441351142A
S21404072006989606F4B845780A0C00C0641F0021A3
S2140407301DB1181002983410FFB845205D7803B830
S214040740076044A83EA800C1B0300E40081110B897
S21404075007683DB101393DA908B86F7800A046A8DE
S21404076000C0FFFF0000013B076356AB94BA437A10
S21404077001D91471013C47B300C0FE20FFFF013BC2
S214040780314447AC637AFFB82120407802D904711B
S214040790607800A0C8BC066C415C512C06750698AF
S2140407A0960606986E0DB110076805D8347140BADF
S2140407B006981A1308B86578911004D8187188B882
S2140407C06E78577800C06400084021780698821036
S2140407D001400A728CB84278069856130298400B69
S2140407E008B86C7820B859785B7800C0F4400840A4
S2140407F07878797800C1C81F0021141040A81849D9
S21404080014130449408814140C4914118112076AFD
S214040810006A01DA187188B8577800C0CC1F002126
S2140408200410016107630763076407640698B20946
S21404083000944EB010D842724DB161B801581138C8
S21404084040B102D90A72604804BB4154087020487B
S21404085002BB02BC4DA8F8B87078190C3EB14141F1
S2140408603EA9F4B973797378717800C4F8400840E7
S21404087000C200410840227000C20000010044AAE1
S214040880230C00C200000B0044AA00C41041084018
S21404089000C21841084004BB587C050C597C0C2443
S2140408A00F0C2FAB050CB11008D81471647A657A56
S2140408B01CB879787B7820B879787B78607CF424C7
S2140408C041130698FC06511440440675069896068D
S2140408D0727BFFB84D20050C687840EC00C0601FA2
S2140408E000211DB11810911004D8147100C0BC1E4C
S2140408F00021041080D806711CB8737800F818B864
S21404090000C1D81E002100C2185008402412281125
S214040910767800F800C0B8600840041107610761E3
S21404092080D9047240EC00C4F84008404EB010D899
S2140409300471182441130C23527C407B11512FA9B7
S214040940050C797C0A0C00C0000001020814787CAF
S214040950050C507C08B86D7800A000C028700840CC
S2140409600411108800C100180040181044480411EF
S214040970108878480411108800884CBA757A1810C4
S2140409803DB11088F4B842784420727828487378C9
S214040990F8B873784FB200C4FFFF8080413A4FAA7C
S2140409A001BC01644113076300C06C70084003B9BE
S2140409B018100110011001B91810011001100110CF
S2140409C0011068480411076101B80160003A047117
S2140409D0044904D9047241520760003A0471084974
S2140409E008D9047231520460003B0E72006300643E
S2140409F0314241424FAAB2704FAAF8B85378182031
S214040A0053782848527800913DA900900091181018
S214040A1000917848181000914448181000A0115905
S214040A2010D906710760076008D90471076004D9F5
S214040A300471036002D90471016001D90471006075
S214040A4000A000BA01D806710148112A00690060A6
S214040A5001D8F6720138F67200A08020FF30FF48F5
S214040A60812000A000C218500840241211592129E0
S214040A70127300210E7100C2305008402412012166
S214040A80212900A006984A0888B8577800C57C1F14
S214040A9000215088044D88BC00C0C81E0021811166
S214040AA001D91E71407C00950115044D50881C4DDB
S214040AB0FFBB076B315B04110698B80C3129F87537
S214040AC00698761954150698881A01D90872069855
S214040AD07C0806700698DE0888BB547B009500F8F0
S214040AE006988C090E700698680B06988C0906986A
S214040AF06011069836089112211900C02460084037
S214040B000A78097800F810B901BA069810130698FE
S214040B10341000C57C1F002100F89112033288B9F6
S214040B2000C3BC1E0021341300C4A81008408CB8AF
S214040B304278707903DE067144786E707179A1107C
S214040B4020D806710298160F80DB507102D84C72BA
S214040B5005B830880763076302DB2A7100C3AC005C
S214040B6008403413066380DB0472804800C31020F8
S214040B7008403413315B047240483128312802603F
S214040B800814076800930814A110103002480814CB
S214040B9000B808149110076008148CB86278A11085
S214040BA000DC0676517900BA80DB587100C000007C
S214040BB00200003B4E7150884110344803DE047135
S214040BC09048041508200411F82058101C20217899
S214040BD00698AE0E00C0A40008400E7810D91C710A
S214040BE051451A7100C53400084407B8081500C5F5
S214040BF03400084604B8081504702E78069874164F
S214040C000095911120310269911004D80E7200C12A
S214040C104C1F0021141101D90A71208806985A1015
S214040C20009200C1180008400533054B1872184C92
S214040C3003DE0471904C441400C3FF1F0000413BC4
S214040C40FF233811B849076A0698A20E04490879A2
S214040C50097914102140081100A000C5540008406A
S214040C60541551455071108800C13400084407B823
S214040C70081101B83088076B40DB247100C0370CBC
S214040C8000000811364800C5D01E0021541102D9B0
S214040C900E72104801D9087100C01104000000C18A
S214040CA034000846081100C13400084014153035D5
S214040CB00093009100A000BD0698440210B903DC1E
S214040CC0047100B901BA0698101302D906710040DF
S214040CD04E7201B107690F3106988210FFD8287248
S214040CE0811008D8187106DD0A710698440203DCE0
S214040CF00C720698C810069856130C7006DD107110
S214040D000698CE10487020B802A806DD1072069821
S214040D108C090698360801F840B802A800F800C006
S214040D20BC1E00210413076301DB2271911001111C
S214040D30076911388CB910D8087144790298160FCF
S214040D4002DBFA72A11328DBF47203BD069828109E
S214040D5006988C098CBA7F7A0698FC0600C5801F14
S214040D6000210698440200BA03DC3272044DA11036
S214040D7002D804710C4D00C0140008400410026828
S214040D8000C3701F002134111128FC233411069867
S214040D90960C00C10C5108400698B2065415212D35
S214040DA000C0F8600840041101D9227100C03C1F3D
S214040DB000210410033001DC147200C01400084043
S214040DC00411FD21087602BA076A212D0698480701
S214040DD00298E8099110015503355150011900A0F5
S214040DE000C1481F0021141001D842710148076051
S214040DF0FE200E75811020D8087100C14C1F0021FA
S214040E00141101D9287100C024600840041221512D
S214040E1007610F3107691152281000C000600840AE
S214040E2004119112215120311152211900A081136D
S214040E3080DB067201B800A000C30C5008403410D2
S214040E40063030727C4B34122C4B3410076007602B
S214040E5040302072811080D8DC713410014A076259
S214040E600360803021508C480A717F235523341048
S214040E70013000A000BD0698281088B84778457849
S214040E80437800B8447800A006988C090698C810E1
S214040E9000C58C1F00215415069848070298E809D7
S214040EA000C374000840027B06984A1350BA06989A
S214040EB01A1306988210FFD84A71911004D8487203
S214040EC0811007601CD8407220D938721112FF3284
S214040ED02151347180218021111400C0E41E0021A8
S214040EE00413FFBA3151113A215111538CB93810F9
S214040EF07B7940440E7200B900C2C41E0021181249
S214040F00067008B860780698441300F800B900C262
S214040F109C1008401812244A0AB9181288BA507A43
S214040F20517A577A8CB942795F7900A006984402C0
S214040F3007DC1072911000200A750698601102985A
S214040F40660D0698360801B9911004D8047100B9E4
S214040F5010BA0698101300BA00402A7100C0BC1ECE
S214040F6000210411076101D9127104D9E2728110BB
S214040F70076001D8DA718CB8647800C11C51084047
S214040F800698B2060698601100C5901F00215415F5
S214040F90212D06987C0800C5941F002100F800BC8B
S214040FA0811108D9167280D9207201B910BA069830
S214040FB0101300400E7101BC10700698C8100698F5
S214040FC0561320B802A800F8069860118111023161
S214040FD0127100B900C20C1008401812244A02B953
S214040FE018120698C81000C5981F002154150698B4
S214040FF0001A0298E80904110121147188BA737A58
S214041000042004122811042004110121F47200A003
S2140410100698FC0601F8911010D83471069840031F
S214041020069886040698A20400C51C51084054116C
S2140410300698B80C00C5D41E002154155129E27533
S21404104018B875788CB8447801B802A800F8B110BE
S214041050076810D82E7100C04810084000C300006E
S21404106008403114884C44113411076101D9FA71CF
S21404107044122810076228100762281007622810F6
S214041080E87000C1BC1E0021141080D82C7100C169
S2140410905400084014111141207100C100000240A0
S2140410A01038167100C03400084407B9181000C080
S2140410B03400084601B9181002987A0206986002AD
S2140410C011380472016A00BB00C1E41E0021141129
S2140410D020390C72911210DA0672417B00A0069831
S2140410E04A1300C2BC1E0021241220DA0472617B5B
S2140410F088BA527A00A088BA727A811204DAFC722C
S21404110000A088B86B78577800C0640008402F7831
S21404111000A006986E100763076390B9637900B958
S21404112002DB36713112076240DA2E7200C25400B6
S214041130084024100140227202EC00C909B801D903
S214041140507200C2AC0008400E7A10D904722E7A8F
S21404115006987416E031076102EC00CD114502ECE6
S21404116000CC01DB087100BB0298CA1703B8411112
S2140411700731FA211C760621911210DA087102DD75
S21404118010721E7020B80698720C3038147208B8A4
S2140411900698820600C0240008402978207800F8C3
S2140411A0046020D8067102982C1502EC00CA05B813
S2140411B023DA187104DBDA7120DAD67110DAD27207
S2140411C090B8617800B801DA067202EC00C8911192
S2140411D010D9267100C1CC1E002114111150FF3005
S2140411E00C720661A110115002300A7180DB0A727B
S2140411F00AB89E708CB97C79076891111140211148
S214041200C0311140011990B8411108D904716678AB
S21404121020D904726578A11002D80672C0DA1E714D
S21404122090B8273123DD087210DB1072607825DD54
S2140412300A7121DD087208DB0471627803B8411173
S21404124007310872A1152035AA7102DD3272A11188
S21404125020D9A07102D92872CCDA9872411140D9EB
S214041260927206B802DB1071046500C110200840B3
S2140412701411112D112D054D5C720298BA1321110B
S2140412804049C0D94E71A0314115403501655141E0
S2140412900361076308DA1E7204DA38721049A1156E
S2140412A00235067110DB0E7201340A7108DB2471F4
S2140412B090B86778CC3211101A300ADC0872CCDE8B
S2140412C00471FD3100C00D0F0C0D0698740C01D886
S2140412D0607207B80298E41300BA411108D90C7179
S2140412E002EC00CA05B830DAEC720734F031026159
S2140412F001DA0471014900C0F300A3E30698740CF4
S21404130001D8D07100C0981440680698740C403018
S214041310014440DA0471204C04320162204A111060
S214041320063000680142183102691142029802141C
S214041330204A00C0051708500698740C1130014264
S2140413402088FFBB0DDA507100C1DE1B250180BC6E
S21404135004DA107208DA0A7200C120841000E0244D
S214041360A02407634143016401DA06711E49024B57
S21404137000C02C1F002107633810BC2002DA12714B
S21404138001B91159A11380DB087100C100FCFF01EB
S21404139018100298561700C4BC1E0021441080D8AA
S2140413A07C710092D0DA06710DDA0C7190BD437D23
S2140413B0EFBD06983E0503620DDA8672A11105D9C3
S2140413C05C7100C23810084024120C24281401D979
S2140413D0067202D9327140D91E7102EC00CA21107D
S2140413E018320471FA2220D804720822FE220875E4
S2140413F002EC00C8F87001D90E7102EC00C802D9DC
S214041400067204DC187200C0BC1E002104100268B8
S21404141001D8067190B8647818B873780298CA1719
S21404142000C50020084000C00417000008D9047254
S2140414300A480815104D00B808D90472FF2008158C
S214041440084D00C00884000008D9087200C0208334
S214041450B8ED0815104D207D00A000B8011A00C094
S21404146074000840027891101030011905BA0698E5
S2140414701A1302D9067101B802A800C0BC1E0021C6
S214041480041380DB0671029866138CBA7C7A01DB3F
S2140414906C7100C2301F002124111114FF3402ECB9
S2140414A000C8FF24FA7607610698820C0361113897
S2140414B00F3003611114011141100698820C01D8F3
S2140414C0087203B80298E413044A02DB2471241059
S2140414D0112811280412023006710762076200C040
S2140414E0FFFF0000213800C218000840FF20081241
S2140414F0411007600698820C01D87C7120BC10331A
S214041500767100BB00C12C1F00211415C021112CBC
S2140415105112076A0F320E71408851140698FA1752
S2140415204143009451120765036A0F320E7141114C
S21404153051140698FA17036C41430765513B00C1E2
S214041540E81E00211411111231100F30127100BA66
S214041550046101D80471114200600FD8F47231108E
S21404156002601E30047201B8003A087204B8029889
S214041570E4130298EA1500C0381F002104110F3145
S21404158003DD1A7200C000600840041007D80E720B
S21404159000C01040084004B9181000F806986E10F1
S2140415A006983C0500F830885088FF34087102EC31
S2140415B0FF24F87002EC00CD141001BB5150FFD884
S2140415C0047131440760006B10DBF2710421FF22C2
S2140415D0E4720F4C0095009300A000C1C01E0021C9
S2140415E0141100A030880698381A8111076102D9B0
S2140415F006720298141988BB557B076120D90671B8
S214041600029804190088A110076806982E18082165
S2140416101415FC2590BB5C7B5D7B00C10060084014
S21404162014110731FE21307608D82A725113FC2390
S214041630341304DB2071076BFF33315B00C1087081
S21404164008401411076180490C71FF313029547524
S21404165090BB7B7B10707B7B7C7B00DD04717D7B89
S21404166001BB3815EC25541300DF5471042505DF3F
S21404167054715415211120880698B80C00925129EB
S2140416803E7500C100600840141102DB0C7107317E
S214041690315B31292A760C7004DF0872006180D928
S2140416A01E7206982E1800C00870084006987C1A09
S2140416B006982E181411FFD9607202985A190090D1
S2140416C0009300A05415A111076910D9A672082525
S2140416D008D8A071082510D89A7120882111069878
S2140416E0B80CFC255412112AF82554110C2520D8C0
S2140416F00871F0255411102520290476215918154F
S21404170000920298C61818B97179811010D80A7117
S21404171088B8447800B8417888B9747908B9677984
S21404172000F88110A0D8087188B9497900A007602C
S21404173002D8FA7106982E18108806984A1307627B
S214041740076210DA087108211415F025541100C236
S2140417500020FEFF202912750698881A01D90A72FD
S21404176006988C090698360800941CBB41100C2079
S21404177006984A1241110821141006984A12312874
S214041780441111120761FF31FF3201221052107208
S2140417900769181404244413042438140C700769C5
S2140417A02141181408240814029844134044147160
S2140417B000C1C41E002114155113036B0FDB0C72F9
S2140417C0066D06980607411500A006983608069882
S2140417D04A1308BB51140698C0194415FC25541521
S2140417E00298480788B900C3BC1E00213413076357
S2140417F008DB1A718113A0DB0671497910706979C8
S214041800076302DB087208B9677900F800A0811143
S214041810076102D9107188B9757906982E181411C3
S214041820FF3100A0FFB900A0041008211411F42110
S214041830081100A081110761076110310E71069826
S2140418402E1808211411F821141100A08163010038
S214041850396301004563010019640100DF290300B0
S2140418600F2D0300132D03001F2D0300172D030057
S2140418701B2D03000000000048010000B8170020DC
S2140418808C18040000000000000000004819040042
S21404189000000000A418040001000000000000007E
S2140418A000000000C81804004063598F404B4C00E9
S2140418B00B000B001A00FF7F4812002000000000F7
S2140418C00000000000000000F81F0101EC1A0400EC
S2140418D0DC1F04010200620609C805780704DC065A
S2140418E078070607F41F010101000000FC1F010130
S2140418F000000000380002000000000000000000A5
S2140419002C6002000050010F40B8004078600100CF
S2140419105063820BE8600100590B0000147001103C
S21404192000F8070014700130F5000000187001007C
S2140419300018000070700300030101000F9C0300F0
S21404194006E04900FFFFFFFFF01F01013F003700DC
S21404195004000200018014007F000000180002004A
S2140419600000000000000000280004000000000042
S214041970000000000000000000000000400001001D
S214041980A007000048000100000000005400020008
S2140419900000000000000000A0000400004000005A
S2140419A0FF4C000000410000FF4D00000020010035
S2140419B004070000102001000000000018200100A9
S2140419C0088400000830010013AC00013030020027
S2140419D0244910000100000040300100000000000F
S2140419E0A04001007A27000FB840010000C0A30001
S2140419F0F44001002010000034410200800800007A
S214041A00E6870000404102006D008800C0E6524DA3
S214041A106041040000000000000000000600000012
S214041A2006000000146006001000000020F91304ED
S214041A300B007200607000000080000000000003CD
S214041A4050600600FC006900410800000100000028
S214041A50B0070700700A0000000000007C600B005E
S214041A609BC34A74F003000003800000BE0A000013
S214041A700101103050707F7F00000000000000005D
S214041A80000000000000000000000000E460010008
S214041A908000D78BEC600500640483078813C83A7B
S214041AA09C20060000612000B756852004610300D0
S214041AB0383E12002030000088BB00002061010080
S214041AC0001E00001C70050060000505030050ABF6
S214041AD08200000000008001D5000000487002006B
S214041AE03C3D0000BC190000FFFFFFFF0D00000096
S214041AF0D754030000000000401B0400381B0400F9
S214041B0000000000001A9A00005A620280841E0038
S214041B100420000024490002000000000000000029
S214041B20000000000000000000000000D1841E0039
S214041B300000000000000000ED1700000000000098
S214041B40193F0106041001000001010600102700D9
S214041B50000900000000000000006C6F7765722D1D
S214041B606D61632D7261696C2D3830322E31352EDD
S214041B70342E63006C69627261696C2E6100000128
S214041B800304756E636C61696D65640062756666F0
S214041B9065722D6D616E6167656D656E742E63008A
S214041BA06C65676163792D7061636B65742D62750E
S214041BB0666665722E63006576656E742D7175654E
S214041BC075652E6300000700100008001A00060062
S214041BD011000200110004000400010004000900C2
S214041BE008000A000A000B000200000000000000C3
S214041BF0E61D04007D1D040000000000E71D04002F
S214041C00CBFC03000000000059FC03005BFC03004F
S214041C10000000005DFC0300551D0400FC1D0400CC
S214041C20CCFC03005AFC0300000000005EFC03002A
S214041C30441C040056FC030058FC03005CFC030030
S214041C4057FC0300000203040508090A0B000102FE
S214041C500304051D2000000007050100AA0000007B
S214041C60E57D02000D9F01004DCE0100DDAE0200B1
S214041C705DD10100CD390300CF390300D339030009
S214041C80D5390300D139030035470200251E02006A
S214041C9095650200C99C010005BE0100C939030010
S214041CA091220200999C0200A5B30100CB390300DF
S214041CB00719030059AA020057F5020000000000A5
S214041CC07A69676265652D75707065722D6D6163DE
S214041CD02E63006E65696768626F722E63006173B7
S214041CE0736F63696174696F6E2E6300001300007E
S214041CF000000000000000000000000001000000DA
S214041D0069260200020000001B4B030003000000CB
S214041D10C125020004000000954A030005000000E7
S214041D206125020000000000000000000023001BE4
S214041D302200FF00000000000C0902020000000060
S214041D401C1A0B0303FF06080402020204020A0B11
S214041D50030302030480FF0204FF010101010800DB
S214041D60000000000000003138323173005A696701
S214041D70426565416C6C69616E63653039803131EA
S214041D8031310031343232310031323100327300B5
S214041D90313232313132003132323131003238317F
S214041DA0003831310031383231310031323131319D
S214041DB03231323232317300313232003132313123
S214041DC03232310032323800000018381030000049
S214041DD0000000008F8E8C80726F7574652D7461A0
S214041DE0626C652E630081815A6967426565416C41
S214041DF06C69616E6365303906080C10806D61632A
S214041E002D6D756C74692D6E6574776F726B2E63A9
S214041E100000FFFFFFFFFFFFFFFFFFFF2C2066759C
S214041E206E6374696F6E3A200061737365727469C9
S214041E306F6E2022257322206661696C65643A20E1
S214041E4066696C6520222573222C206C696E6520D9
S214041E502564257325730A000020202020202020D6
S214041E602020282828282820202020202020202041
S214041E702020202020202020208810101010101051
S214041E80101010101010101010040404040404049D
S214041E900404041010101010101041414141414137
S214041EA00101010101010101010101010101010119
S214041EB00101010110101010101042424242424229
S214041EC002020202020202020202020202020202E9
S214041ED00202020210101010200000000000000091
S214041EE000000000000000000000000000000000E9
S214041EF000000000000000000000000000000000D9
S214041F0000000000000000000000000000000000C8
S214041F1000000000000000000000000000000000B8
S214041F2000000000000000000000000000000000A8
S214041F300000000000000000000000000000000098
S214041F400000000000000000000000000000000088
S214041F50000000000000000000232D302B20006845
S214041F606C4C00656667454647003031323334357D
S214041F7036373839414243444546003031323334EB
S210041F80353637383961626364656600E4
S20C041F8C64ECFB7F0100000079
S210041F94A01F0400981000205901000053
S214041FA0260000000000000000000000089803005F
S214041FB0401A0020501D002002000000592900008D
S214041FC00000000000000000C8AA0300E0AA030006
S214041FD004AA030093B60300FE00000000040140B8
S214041FE0005204000206FFFF02080BFF0B0000006D
S214041FF0C0EA2101C0EA21010080000000F0490285
S214042000B05000200011002000700F000090000067
S21404201030210020C8000000FE0000000000000080
S21404202024AC030000160020C0EA2101F4C3030018
S2140420303300000071B30000966203007ED80300EC
S2140420408BD8030098D80300A5D80300B2D80300A1
S214042050C5D80300D7D80300E4D80300F1D803009A
S214042060FED8030013D9030026D9030038D9030089
S2140420704DD903005CD903006DD903007CD9030055
S2140420808CD9030098D90300A5D90300B5D9030059
S214042090C7D90300D6D90300E5D90300EED9030057
S2140420A003DA030018DA03002DDA03004DDA03001E
S2140420B05BDA03007ADA030095DA0300A8DA030091
S2140420C0B5DA0300CADA0300D9DA0300E8DA030053
S2140420D0FADA03000CDB03001FDB030032DB030029
S2140420E0000000000F0000000030E70400C81803DA
S2140420F0DBE00300E0E003000BE1030039E103004A
S21404210067E1030094E10300C4E10300F4E1030083
S21404211044E20300005C2605472703004327030028
S214042120FFFFFFFF513E0100FFFFFFFFFFFFFFFF22
S214042130FFFFFFFFFFFFFFFFE5520100FFFFFFFF6A
S214042140112903006B2D030074180400FFFFFFFF22
S214042150FFFFFFFF000000006400000020A107004E
S21404216000000000AD87010000000000455000207C
S21404217000000000D83B00202985010051B1010071
S21404218093B60300000000000000000000000000FA
S21404219000000000D83B00208592010000000000EB
S2140421A093B60300000000000000000000000000DA
S2140421B00000000033340300D83B0020319D0100AA
S2140421C051B1010093B603000000000000000000B7
S2140421D00000000000000000D83B002019A6010003
S2140421E051B1010093B60300000000000000000097
S2140421F00000000000000000821B0400D83B002002
S2140422008DC701000000000093B603000000000024
S214042210000000000000000000000000D83B002082
S21404222001CD01000000000093B60300000000008A
S214042230000000000000000000000000D83B002062
S21404224061E101000000000093B6030000000000F6
S214042250000000000000000000000000B80B0000B2
S214042260D83B0020D5E601000000000093B603002A
S2140422700000000000000000000000000000000055
S214042280D83B002075F201000000000093B603005E
S2140422900000000000000000000000000000000035
S2140422A0D83B00202DF401000000000093B6030084
S2140422B00000000000000000000000000000000015
S2140422C0D83B0020734003000000000093B60300D0
S2140422D000000000000000000000000000000000F5
S2140422E0D83B002049FA01000000000093B6030022
S2140422F000000000000000000000000000000000D5
S214042300D83B00206D0002000000000093B60300D6
S21404231000000000000000000000000000000000B4
S214042320D83B00203F4D03000000000093B6030096
S2140423300000000000000000000000000000000094
S214042340D83B0020456502000000000093B6030059
S2140423500000000000000000000000000000000074
S214042360D83B0020097D02000000000093B603005D
S2140423700000000000000000000000000000000054
S214042380D83B0020B9A602000000000093B6030064
S2140423900000000000000000000000000000000034
S2140423A0D83B0020ADAF02000000000093B6030047
S2140423B00000000000000000000000000000000014
S2140423C0BC140020000000002C3C0020943C00209C
S2140423D0FC3C00200000000000000000000000009C
S2140423E000000000000000000000000000000000E4
S2140423F000000000000000000000000000000000D4
S21404240000000000000000000000000000000000C3
S21404241000000000030000002C3C00200000000028
S21404242005060200FFFFFFFFCEFAEFBEFDFF2C01FC
S214042430001E2C0140061027FFFF0E0000000000BF
S21404244004F8FFFFFDFF2C019C000000FFFFFDFFCA
S214042450FFFFFFFF60EA8000800010C1CDAB0000E4
S21404246040000505010504010101FFFFFFFFFFFF12
S214042470FFFFFFFFFFFFFFFFFFFFFFFFFFFFFFFF63
S214042480FFFFFFFFFFFFFFFFFFFF0101FFFF02014A
S214042490FF0F010208031E0605021601010A0C05B9
S2140424A00A07051010010F080410010601010403B1
S2140424B001FF0EFE01FF7F0150403000FFFFFF0BBF
S2140424C003FF64FF01FF050B0101FF03010305027F
S2140424D00201FFFFFFFFFFFFFFFF010102FFFFFFF7
S2140424E040FF010030BF4223013BFDD1024A53683E
S2140424F0DB00FCD4704700BF00300E40CD0B00005C
S208042500A50B00001E
S804002DA925
