S01A00005A335F4F63637570616E63795F53656E736F722E73333770
S21400000000100020B12A0000097500000D750000E0
S214000010B7D202001175000019750000B7D20200B1
S214000020B7D20200B7D20200B7D20200B7D202009F
S2140000301D75000030A80300B7D20200B7D2020038
S214000040B7D2020029570100B7D20200B7D2020089
S214000050694F0100732503006F250300495701000F
S214000060672503005D320000BD330000B7D20200F2
S214000070952600000FD00200B7D20200B7D20200C9
S214000080B7D20200B7D20200D9330000B7D20200BE
S214000090B7D20200B7D20200B7D20200B7D202002F
S2140000A0B7D20200B7D20200B7D20200B7D202001F
S2140000B07D5701006B25030055870000B9570100E6
S2140000C0B7D20200E17A0100B7D20200B7D202002E
S2140000D0B7D20200B7D20200B7D20200B7D20200EF
S2140000E0B7D20200B7D20200B7D20200B7D20200DF
S2140000F0B7D20200B7D20200B7D20200B7D20200CF
S214000100B7D20200B7D20200B7D202000000000049
S214000110013800D0FCE77047000000000000000037
S21400012001F0FF01102A2BDB10F0070F08D010F8A3
S214000130013B013A8B422DD010F0070F42B3F6D1A7
S214000140F0B441EA012141EA014122F007047FF0C0
S21400015000070023F0E80256083C85EA010586EA17
S214000160010685FA47F5A3FA87F586FA47F6A5FA53
S21400017087F68EB9EED1F0BC01F0FF0102F007025F
S21400018032B110F8013B013A83EA010313B1F8D10A
S2140001900020704701387047002D06BF35460338EB
S2140001A0073815F0010F07D1013015F4807F02BF24
S2140001B0013015F4C03F0130F0BC0138704700BF75
S2140001C02DE9F04F8BB01F464FF002090DF11F03CB
S2140001D008AE0393CDF808900196038900938379BF
S2140001E09DF858B004468A469046418882884078F2
S2140001F00EF0B4F8054650B10090A38862884449D2
S21400020000200EF0ABFB28460BB0BDE8F08F9DF843
S2140002101F002FF0B6FD38B12846A38862883D49F6
S2140002200EF09CFB8D25EEE79DF81F004A463146F2
S2140002302FF076FD0346002864D0149A72B3BDF8FA
S214000240542090425ED89DF81F900995A9F141026E
S214000250012AC1B22AD9BBF1000F40D12E4805931E
S214000260182202FB0A049FED287B20460A46083027
S214000270314684ED027B35F00DFB059BB8F1000F8F
S21400028001D088F8009007B13B80149A002ABAD0B3
S21400029014981A4608A935F0FDFAB4E79DF81F90A1
S2140002A00995A9F14102012AC1B215D801391B4AA4
S2140002B05FFA81FEB4460021714506DB09920421EF
S2140002C0BBF1000F0BD109AEC8E71CF8010F504078
S2140002D0134A01314243EFE7BBF1000F07D0CDF8D8
S2140002E000A023464A4630460CF0D8F98BE708298A
S2140002F0B4D9B8F1000F01D088F80090002F82D052
S2140003003B8080E701257EE700000000000000003B
S214000310D3E0030004E1030048160020C59D1C81BD
S21400032093010001000000002DE9F04F93B0CDE9E5
S2140003300A329DED1C7BDDE91E530E9353EC172B02
S214000340CDE90801104619468DED067B209E2BF060
S21400035005FC80B1DDE90601C94B4FF0FF322BF0FA
S21400036025FC40B9DDE906014FF0FF326FF480133B
S2140003702BF0FEFB80B10E9B2096CDE91E539DED23
S214000380067BDDE90A32DDE908018DED1C7B13B042
S214000390BDE8F04F00F08CB9DDE90601002200232D
S2140003A02BF0E6FB002800F03681DDE906A303F11A
S2140003B0004BCBF30A5016F48063A0F2FF3008BF60
S2140003C006250F932BF0F8F89DA3D3E900232BF016
S2140003D05DF99DA3D3E900232AF0A2FFCBF3130413
S2140003E0894644F07F518046A64B0022504641F491
S2140003F040112AF093FF96A3D3E900232BF046F989
S21400040002460B46404649462AF08AFF2BF0D8FBA8
S21400041004462BF0D1F890A3D3E900238046894602
S2140004202BF034F9984B00222AF07AFF2BF0C8FB09
S2140004308BA3D3E900230746494640462BF026F90E
S2140004408046384689462BF0B7F887A3D3E90023C1
S2140004502BF01CF902460B46404649462AF05EFF42
S21400046002460B46CDE90C232BF010F9DDE90C23F0
S21400047080468946104619462AF052FF834BCDE93E
S21400048010010022404649462BF02AFA804B0022F3
S2140004902AF046FF02460B46404649462BF020FA15
S2140004A07C4B00222AF03CFF02460B46404649465B
S2140004B02BF016FADDE90C238046894600204FF023
S2140004C080412AF02BFF02460B46404649462AF05A
S2140004D027FF02460B46DDE910012BF001FA07F272
S2140004E0FF376D4B00222AF01BFF00223B052BF046
S2140004F0CDF852465B46804689462BF057FB0028CF
S21400050040F08C80CDE90C8904F16303C72B34BF1F
S2140005100427052731051ED555A3D3E900235046E9
S21400052059462BF039FB002800F0828052A3D3E90D
S2140005300023504659462BF01BFB002878D0A542D6
S214000540C8BF2C1B4FF00007CCBF04F1FF350025B9
S21400055046F480663C460E9B9F4234BFA3EB0708DA
S2140005604FF0000816F0020903D0002F18BF4FF016
S21400057000083CB150465946DDE90C232BF0B0F993
S21400058082468B46DDE90601002200232BF0F0FAB6
S21400059010B10BF100439B4626F40063CDE90383BC
S2140005A0CDE900ABDDE90A32DDE90801029500F08D
S2140005B07FF802465FB316F0200F00F10105DDE973
S2140005C009130CBF65204520089EB04705230593F8
S2140005D000220A23002CCDE9023207F1FF374FEA4A
S2140005E0D473B8BF644201932A46DDE908010A9B2A
S2140005F00497009431F0BBF80246B9F1000F06D01C
S2140006000B9BC41A0B9B1A190E9BA34246D8104686
S21400061013B0BDE8F08FDDE906ABCAE61C4B00223E
S214000620404649462BF05CF9013CCDE90C016BE7EE
S214000630002D90D00F9B002B8DD0013D8BE700BF87
S214000640FB799F501344D33FB3C8608B288AC63FBC
S21400065061436F63A787D23F71A379094F930A401E
S2140006601655B5BBB16B0240EF39FAFE422EE63F97
S2140006702D431CEBE2361A3F0000000080842E411A
S214000680FFFFEF7F0000F83F0000E03F00002C4037
S21400069000002440000018400000F03FDDE9091388
S2140006A0089D2020A8470134ACE700BF00000000EA
S2140006B02DE9F04F97B0DDE920ABCDE90501CDE996
S2140006C00723504652465B465946DDE92257249E8C
S2140006D02BF044FA70B90323CDE922762193B44B6C
S2140006E02093DDE90501DDE9072317B0BDE8F04FEB
S2140006F030F05DBF4FF0FF326FF48013504659461E
S2140007002BF036FA28B104232193CDE92276A94BA3
S214000710E6E7A94B4FF0FF32504659462BF046FA13
S21400072068B1A64A06F00403002B08BF0322A44BB8
S2140007301CBF13460422CDE922762192D0E798A367
S214000740D3E90023504659462BF030FA38B996A321
S214000750D3E90023504659462BF00AFA68B1DDE982
S2140007600723DDE90501CDE92376CDE920AB229507
S21400077017B0BDE8F04FFFF7D7BD00220023504664
S21400078059462BF0F5F9002800F09A805B46524651
S214000790002000212AF0C2FD012382468B460993E1
S2140007A016F4806400F08E80092D40F28E800EAB29
S2140007B0A5F10902002430210134202C03F8011B86
S2140007C0A5EB040901D09442F6D1594650462BF0C9
S2140007D0F7F97C4B03EBC90393ED007B05468DEDE3
S2140007E00A7B2AF0E9FE02460B46504659462AF096
S2140007F095FDDDE90A232AF049FF02460B46CDE9BE
S2140008000C232BF005FA80462AF0C6FE02460B465D
S214000810DDE90C012AF082FD02460B46CDE90C23E9
S214000820694B00222BF0C2F9002851D008F10108CC
S21400083040462AF0B1FE02460B46DDE90A012BF0DF
S214000840A1F910B101354FF00008B9F1000F50D1F1
S21400085028462AF0B1FE02460B46504659462AF074
S2140008605DFD594B0022804689462BF081F930B158
S214000870554B0022404649462BF098F910B1E80740
S21400088000D501350EAB1A190A21202C0AD095FB8B
S214000890F1F001FB1055303502F8015B01340546D6
S2140008A00028F2D106F00302012A5FD1002F5DD0A6
S2140008B0099A12B916F00C0F00D0013F302244E01E
S2140008C009906DE74FF006097FE7A94600247CE70C
S2140008D0DDE90C013C4B00222BF04AF90028B4D18C
S2140008E0B8F1000F02D018F0010FAED008F10108E1
S2140008F0ABE70EAB23440A21202C0DD0B8FBF1F059
S21400090001FB10823032B8F1090F03F8012B09F110
S214000910FF3904F1010411D8A1440EAA3021202C7D
S214000920B0D0A14504F101030AD11C4609F15803D1
S2140009300DEB03092E2309F8203CA3E78046DBE7EE
S214000940A1541C46EBE71A550134A7420ED9202CB9
S214000950F9D1CDE90034CDE90276DDE90723DDE9FA
S214000960050130F024FE17B0BDE8F08F202CF0D043
S214000970099A3AB104F158026A442D2102F8201C63
S2140009800134E6E7710704D504F158026A442B21C6
S214000990F4E73207DDD504F158026A442021EDE77A
S2140009A00000000065CDCD410000000065CDCDC142
S2140009B0DEF80300E2F80300FFFFEF7FD5F8030040
S2140009C0DAF80300E8F803000000E03F000000004B
S2140009D070B58EB02C22002103A835F021F86423D0
S2140009E04FF00232CDE9052308930B238DF83430FF
S2140009F0514B1B880121D8078DF8101000F1968006
S214000A00084617F07BFA4D4B4D494E484E4C0A228D
S214000A101A704FF42873ADF8123016F02FFB2060D2
S214000A2020B94A4840F25B2106F06CFC206805219C
S214000A3031F0E9FF20B1454840F26B2106F062FC38
S214000A40206801F033FE424B2068196831F014FC30
S214000A5018F036F90C256843099018F031F9684308
S214000A6007900DEB0501206811F056FE20B13748BF
S214000A704FF4207106F046FC36492068002231F01B
S214000A8086FC20B1314840F2822106F03BFC324E13
S214000A90324D96F9000040F203532B807F284FF02A
S214000AA00503AB7001D117F087FB3378EB7018F0B5
S214000AB007F900EB80008000A88018F001F90023F9
S214000AC0C000E880AB604FF0FF3019A3D3E90023E5
S214000AD04FF0FF3117F0CEFB2149206832F068F85E
S214000AE0206802A931F02DFC20B1184840F2BB2145
S214000AF006F008FC042220680DEB020131F0AAFB88
S214000B00042804D0114840F2BE2106F0FBFB01A9E0
S214000B10012032F081F906F03BFD012018F06EFB53
S214000B202DF03DF918F094FB17F06CFA0EB070BD7E
S214000B300A0020FF42030000384300201150002026
S214000B40257F0100581200204C3A0020621704004E
S214000B50201100201F500020AA150020403A002037
S214000B60C58001000348044B834202D0034B03B107
S214000B7018477047F8150020F81500200000000000
S214000B800548064B1B1AD90F01EBA301491002D0EA
S214000B90034B03B118477047F8150020F8150020DE
S214000BA00000000010B5064C237843B9FFF7DAFFC3
S214000BB0044B13B10448AFF300800123237010BD2B
S214000BC0B843002000000000941B040008B5054B45
S214000BD01BB105490548AFF30080BDE80840FFF7A4
S214000BE0CFBF00BF0000000078190020941B04004F
S214000BF0A3F5803A704700BF174B002B08BF134B76
S214000C009D46FFF7F5FF00218B460F461348144A12
S214000C10121A34F005FF0E4B002B00D098470D4BF0
S214000C20002B00D098470020002104000D000D483E
S214000C30002802D00C48AFF300802BF035FB2000D4
S214000C4029002CF0A1F92BF07BF900BF000008006A
S214000C50000000000000000000100020F815002032
S214000C6078500020000000000000000008B5054B8A
S214000C70834205D12CF078FB012804BF024B187084
S214000C8008BD00BF1CA60300B9430020034B1A781A
S214000C901AB100221A7000F097B97047B9430020C5
S214000CA01FB5002401230246CDE901430094024803
S214000CB02DF044F804B010BD901900202DE9F04145
S214000CC0DFF88C8098F80060074696BB2CF080FA18
S214000CD0304604F025F968BB184D284604F088F91C
S214000CE0044638BB6FF07F43C5E9013014492846F7
S214000CF02DF011F828462CF04BFE124B37B1184653
S214000D001722394634F0E6FD0346C4750E4A1978B4
S214000D100C4B002000290CBF11461946FFF7C0FFF8
S214000D200A490220FFF7BCFF04F022F9012388F8E5
S214000D30003001263046BDE8F08100BF9019002043
S214000D4034A9030016460020C05E0300CC5E0300F4
S214000D502E4600202DE9F04F464B1C788DB00546F8
S214000D60002C61D0002800F0828043482CF010FE52
S214000D70424941482CF0CFFF414B424A19780020A7
S214000D8000290CBF11461946FFF78AFF112107A854
S214000D902BF0ADFF68BB3C490120FFF781FF002622
S214000DA04FF0FF33CDE902360823CDE90033374A4A
S214000DB03749334628462CF081F8044608B33348B2
S214000DC0DFF8B48000F03CFC3249034605460122B9
S214000DD030460DF0C3FDB3462C4E14275D4527DC88
S214000DE000F06CFA2C4B2D4900281CBF044619460F
S214000DF00FE00A212A4A0AAB04A80FF0D5FE04A980
S214000E00CAE72449034602460DF0A8FD00F056FA4C
S214000E102449194800220123CDE9012300920F221C
S214000E202CF08CFF04F0A4F820460DB0BDE8F08F3F
S214000E3007F101094FF0000A5A465146304601F0C4
S214000E4081F960B14FEA4A0101F10F031031CDE993
S214000E500919404607A9CDE907372CF044FE0AF1E8
S214000E60010A5545E8D10BF1010B0237B6E70446F7
S214000E70DAE700BF2E4600209019002034A90300B0
S214000E8016460020D45E0300105F0300BA4300201D
S214000E90E8440020225F0300FE5E0300DB5E0300E2
S214000EA01A5F0300ED5E030010B5094B04460122ED
S214000EB008481A702CF0E8FA07482246FF212EF060
S214000EC0F9F8BDE810400548FF212EF0FCB800BF39
S214000ED0304600204CA60300DC190020BC19002078
S214000EE008B5074B1B7853B106482CF0D0FABDE87E
S214000EF0084005484FF4FA72FF212EF0DBB808BD13
S214000F00304600204CA60300BC19002010B52EF079
S214000F10A8FE02280BD10F4B0F480022FF211A70A3
S214000F202EF0D9F8BDE810400C482CF0AABA0AF00A
S214000F3043FE0B4A04460346012104200AF0EAFA5F
S214000F403CB1BDE81040074842F21072FF212EF077
S214000F50B1B810BD30460020BC1900204CA60300D6
S214000F603C5F0300DC19002013B5FF24104A11482B
S214000F7000942346002109F0BDFF0F4A0F48009455
S214000F802346002109F0B6FF2EF06BFE022808D19A
S214000F900B4B0C4800221A7002B0BDE810402CF033
S214000FA070BA40F6B83002B0BDE81040FFF77CBF1C
S214000FB00D0F0000DC190020E10E0000BC19002017
S214000FC0304600204CA6030010B52EF04AFE01382D
S214000FD0C0B201280CD80B4B01241C7032F09AFECC
S214000FE021460346BDE81040074A04200AF092BA9C
S214000FF00420064A01210AF08DFABDE810400020C0
S214001000FFF752BF2F4600205A5F03007D5F0300A4
S214001010902808B512D1154A154800231370154AB2
S214001020FF2113702EF057F813482CF02AFABDE86B
S2140010300840124A012104200AF06CBA912814D103
S2140010400D482CF021FA094B1A7872B100221A705A
S214001050042040F6B8330A4A01210AF05BFABDE8DC
S214001060084040F6B830FFF71FBF08BD2F460020E7
S214001070BC190020304600204CA60300995F0300F0
S214001080A55F03007FB518268DF80B000DF10B0346
S214001090002240F206410546009601202FF09AF8FD
S2140010A09DF80B3000900446134A012104200AF0F4
S2140010B031FAF4B9ADF80C4003AB04240A220093CD
S2140010C040F206410D4B019408208DF80E608DF815
S2140010D00F500DF00FFB012108460DF05BFB2FF0C3
S2140010E054F99DF80F300090054A012120460AF079
S2140010F011FA04B070BD00BFC25F0300F15F0300C9
S214001100F35F0300214B1A7873B52AB90121204AF0
S214001110197004200AF0FEF91E4B1F4AD3F8A045AA
S2140011201E4E631E5D425D41138801339BB21380E1
S2140011301922B3FBF2F102FB11339BB23BB93378B1
S2140011400093174A2346012104200AF0E3F9337876
S214001150AB420ED028463570FFF794FF012C11489D
S2140011600FD12CF08EF9104A2346012104200AF0F4
S214001170D1F90E48C822FF2102B0BDE870402DF01C
S21400118099BF2CF081F90A4A2346EEE73246002042
S2140011903960030000101442483D0020314600200C
S2140011A05C60030034A6030075600300FC19002091
S2140011B09360030037B50023114D02220821032057
S2140011C003F0D8FAFF240020FFF75CFF23462846EA
S2140011D00C4A0094002109F08DFE214628464EF662
S2140011E060222DF067FFC8234EF66022CDE900325C
S2140011F00123054A194604200AF08CF903B030BDD5
S214001200FC19002005110000A760030073B5044612
S21400121068460CF0A1FC0B4902A80023651C10F8D8
S214001220012D160902F00F028E5D8A5C04F8136029
S21400123005F813200133082BF1D100230120237475
S21400124002B070BD8561030070B5194986B01423DD
S214001250098804467F2201A82DF041FDBDF8043020
S21400126013F001030DD0134B03F12C0253F8041BAB
S21400127044F8041B9342F9D11B782370012006B072
S21400128070BD0D490DF10500651C10F8012F1609FB
S21400129002F00F028E5D8A5C04F8136005F81320D6
S2140012A00133122BF1D1002384F82430E6E700BF87
S2140012B0DAC40300EC600300856103007FB50749CC
S2140012C001A8098814237F222DF009FDBDF804002B
S2140012D000F0010007B05DF804FB00BFDAC40300AD
S2140012E0F0B50C469BB0054600B119B94FF0FF307B
S2140012F01BB0F0BD05AE3046FFF788FF0028F5D0DE
S2140013000AAF3846FFF7A0FF0028EFD0084B03933C
S214001310084B094A0096CDE9017321460123284669
S2140013200FF042FC0028E1DBA042E1D3DEE700BF7D
S214001330696103007E61030019610300B1F5004F87
S21400134008B52BD201280CD10A2303FB01F002308A
S2140013500323B0FBF3F0B0F5004FA8BF4FF0FF300B
S21400136008BD0238062812D8DFE800F004110A117A
S21400137011100C000B2303FB01F001304010EAE7CC
S214001380C800E8E70D2303FB01F0E4E749B1064B8C
S214001390064A074840F263312BF04CF84FF0FF3016
S2140013A0DEE71820DCE700BF96610300CB68030089
S2140013B09C61030008B54B1E272B06D9124B134A17
S2140013C040F2F63112482BF035F801380731112378
S2140013D0B1FBF3F107280FD8DFE800F004080E0A87
S2140013E00E0E130C0B4B53F8210008BD0A4BFAE700
S2140013F00A4BF8E70A4BF6E70A4B044A40F2FE317E
S214001400E0E70020F1E700BF196503008C680300E1
S2140014109C6103008068030074680300686803002A
S2140014205C68030096610300102970B502D830FA94
S21400143001F405D00D4B0E4A0E48BD212AF0FAFFE6
S21400144001394C1C00D170BD1D6820FA01F4EE1065
S214001450ED4305F0070504F00104AC40955D2C4310
S21400146094551C68013401391C60EAE7DD6103000D
S214001470346803009C61030008B5431E272B024610
S21400148006D9134B134A40F2571113482AF0D2FFDD
S21400149000F1080343430433012A4FEA03100CD03B
S2140014A00721192392FBF1F102314B430A3B4B43D0
S2140014B0373BC01A062AC8BF2438A0F1D003B3F5BC
S2140014C0E64F04D9054B034A40F25F11DDE708BD3D
S2140014D021620300F16703009C6103005E62030063
S2140014E038B50478A4F115059C2D03D88C4201D993
S2140014F0944206D80C4B0D4A0D4840F20F312AF0A4
S21400150099FF02FB0411CC10013401F007010125FC
S214001510025D05FA01F123B142EA0103DBB203558D
S21400152038BD22EA0103FAE77F620300C1670300C1
S2140015309C610300426801EB4101914210B506DA56
S214001540174B184A18484FF434712AF073FF002AD4
S21400155022DD836893421FD1C16802EB42039942A1
S2140015601AD10369934217D14369934214D1016893
S2140015708069B1EB820F4FEA82040BDB8242CCBF5C
S21400158000230123844208DC9142B4BF00200120DE
S214001590184410BD0023F5E700230020F8E700BF3D
S2140015A0CD6203007D6703009C610300032938B504
S2140015B005460C4606D90C4B0C4A0D484FF4A6714E
S2140015C02AF038FFFFF758FF29225443094A2244DD
S2140015D0031E5057084A2244B8BF0733525710FB21
S2140015E002F0C0EBE30038BDDD620300476803008D
S2140015F09C61030084690300E068030010B503786B
S214001600A3F115049C2C03D88B4201D9934206D82B
S214001610084B094A094840F206312AF00BFF02FB44
S214001620031100EBE10001F007014078084100F0EB
S214001630010010BD7F620300D26703009C610300B7
S21400164008B530B9084B094A40F2F32108482AF099
S214001650F1FE0078A0F115039C2B04D9054B034A34
S21400166040F2F521F2E708BDED6203003F67030094
S2140016709C610300FC6203002DE9F74FD3B2072BF1
S21400168001908846174606D9394B3A4A3A4840F2FE
S21400169063212AF0CFFE0846FFF7D2FFDFF8DCB062
S2140016A081460025013F4D4502DB03B0BDE8F08FC3
S2140016B00026B24601982A465146FFF79FFFF0B92A
S2140016C0062F05D8DFE807F00A222A2F35424A00FF
S2140016D00AEB0504E44304F0010403E005F001040A
S2140016E084F001042A4651464046FFF787FF84EA05
S2140016F00003DBB22A4651464046FFF7F1FE0AF1E8
S214001700010AD1452E44D5D10135CCE70BFB0AF4AE
S214001710B4F1553F8CBF00240124E3E70AEB05042F
S2140017200BFB04F4F4E70324BAFBF4F404EB6504BF
S214001730D0E70323B6FBF3F303EB430306F0010203
S214001740F31ADA420CBF01240024CBE70324B6FBCD
S214001750F4F404EB4404C4EB4604BBE70322B6FBF4
S214001760F2F202EB42020AEB0504B21A1444B1E7A5
S21400177055630300736703009C610300ABAAAAAA23
S214001780CBB2072B2DE9F041154606D93D4B3E4A14
S21400179040F209213D482AF04DFE3D4B53F82030DB
S2140017A041EAC3010C460A2340F237506212424314
S2140017B0013B82EA4404F9D144EA812484F4A84631
S2140017C0E41386F0120604D0324B2F4A4FF404710D
S2140017D0E0E746FA04F3224603F001030821284610
S2140017E00134FFF77DFE062CF3D1C6F380130722E3
S2140017F008212846FFF774FE08221146C6F3C013D8
S2140018002846FFF76DFEC6F3002308220721284668
S214001810FFF766FE092446FA04F3C4F10E0103F04E
S2140018200103082228460134FFF75AFE0F2CF2D196
S2140018302846FFF705FF012704467B1E46FA03F3FA
S214001840E11B03F00103082228460137FFF748FE94
S214001850092FF2D10727C7F10F0346FA03F3E21B5D
S21400186003F0010308212846FFF73AFE013FF2D1B4
S214001870A4F1080228460123BDE8F0410821FFF73D
S2140018802FBE00BF55630300646703009C6103001E
S21400189054670300766303002DE9F04F97B09A462D
S2140018A09DF9843002939DF88830DDF890B001925F
S2140018B00E460593074630B929B1A54BA54AD12156
S2140018C0A5482AF0B7FDBAF1000F04DD209B9A4523
S2140018D001DC282B03DDA14B9E4AD221F0E7019BB9
S2140018E0032B04D8029B0133DBB2082B3ED99C4B5A
S2140018F0984AD321E4E7964B9A4A40F2DF31DFE775
S214001900D8F804300393039AD8F80C30B2F5004F99
S21400191004D3954B934A4FF47971D1E7B3F5004F52
S21400192004D3924B8F4A40F2E531C9E798F800009D
S21400193006935146FFF73EFD1028069B04D98C4BB4
S214001940884A40F2E731BBE7039901228240914280
S2140019501FDA043018440444B4F5004F08F11008A8
S21400196017DA09F101090EE00AF1010A0199504659
S214001970FFF71CFE04900FB9002EBCD14FF00009F3
S2140019803D46B8464C464E45BAD1049BB4EBC30F11
S21400199008DD209B9A45E7D100208BF8000017B0A1
S2140019A0BDE8F08F0127059B5BB15FFA87F84146DB
S2140019B05046FFF7FBFDB4EBC00F019BD8BF434674
S2140019C001930137042FEED14FEA8A0211325243B7
S2140019D00732D210013200215846002734F020F892
S2140019E00D97B74206D10D9BA3422DD0614B594AA5
S2140019F0F52165E70DAB5A4628780421FFF714FD5C
S214001A0028785146FFF7D6FC0DAB01465A46686863
S214001A10FFF70AFD4FF00008EB68434502DC01378C
S214001A201035DEE7AA684FEAE8030121D05C6FEACA
S214001A30080303F0070318415A460DAB0840FFF7AA
S214001A40F3FC08F10108E7E701995046FFF7AEFD01
S214001A50B4EBC00F4FEAC00503DD474B3D4AF92102
S214001A602EE7291B0429A8BF04210DAB5A460020E7
S214001A70FFF7DAFC0D994B4203F0070301F007016C
S214001A8058BF594249420DAB5A4601F007010020A3
S214001A90FFF7CAFC0D9B5A0717D0384B2D4AFF217B
S214001AA00EE720460DAB5A460821FFF7BDFC84F032
S214001AB0FD040D9BAB42F4DB0AF1FF33272B06D95E
S214001AC02F4B304A40F22B11FAE6EC24F1E7019A4C
S214001AD0292353432C4A1A44504612F90A702B4ABB
S214001AE0134413F90A50FFF7C7FC01990446504601
S214001AF0FFF75CFD6B1E1D2B0690039304D9244B49
S214001B00244A4FF4B571DBE62A4600210EA833F0CE
S214001B1087FF039B58336B44012603F8206C4FF075
S214001B2000090DF13808002298F8000004923146AA
S214001B302BF0E4F8049A08F8010B0132954240F3C2
S214001B40D88298F80030584008F8010CECE700BF3F
S214001B5086630300AA6803009C6103009F6303007A
S214001B60066403009D6803004A6403007164030072
S214001B709A640300B6640300CD640300E8640300BF
S214001B80F864030020680300E0680300846903002B
S214001B905E65030006680300DDE907230021B24204
S214001BA0D8BF013320462A46049333F039FF4FF05E
S214001BB00008049B434532DC3246002304999942D0
S214001BC051DC069B04EB050CF218234613F8010BB8
S214001BD02399634588543A44F8D1049B01369944C6
S214001BE0B742D9DC594650462BF0D9F85046FFF795
S214001BF043FC041E5846B8BF0734FFF721FDE41027
S214001C00E3000746451E04930026002D37DCB6EB9E
S214001C10C40F71D0B54BB64A40F2592150E619F8B8
S214001C20082023780A9953402046039A099333F0F4
S214001C30DDFE039B4FF00002E254631E0593002274
S214001C400EAB0999985C0B922BF058F8059A12F88F
S214001C50013F0592584010700B9A01329542EFDC16
S214001C6008F10108A5E708992398994204BF079947
S214001C70521A19F80310815401333A449EE7062D90
S214001C8008BF05254FF0010905EB090303F0020321
S214001C90059309F1FF38474501DC023DB5E7059A93
S214001CA0A7EB0903002A08BF9846CDF80C804FF032
S214001CB00008A5EB0801039A06915846FFF79EFC1C
S214001CC088B9049B0699B3420DDD239AF310584653
S214001CD0D35CF24302F00702134103F00103039AB8
S214001CE0FFF7FEFB0136B8F1000F02D009F101093B
S214001CF0CFE74FF00108DCE75846FFF7A1FC0725C1
S214001D000446C61FB542C0F2AD806FF0030504EB73
S214001D10050985EAE57809EB05030826A8EBE578CA
S214001D200393C6F10403002BB8BF5B424345B8BF1C
S214001D304346142222FA03F3DB0711D5C6F1070740
S214001D40EA1C3946584604922BF0AAF8049AA11BBE
S214001D5058462BF0A5F8039A394658462BF0A0F8BB
S214001D60013EDED20135052DD3D10EA950462AF00C
S214001D70DDFF071E00F3B080BAF1060F28DD5546DA
S214001D800C2341F62571EA124A43013B82EA4505D7
S214001D90F9D145EA0A35AF1440F0A380A4F108084B
S214001DA0A4F10B0605F0010931464B463A46584663
S214001DB0FFF796FB32464B46394658460136FFF744
S214001DC08FFBB0454FEA6505ECD10137062FE7D10A
S214001DD0239950462AF0E3FF029B013340F07D81B1
S214001DE06FF000434FF0000A04934FFA8AF31A4646
S214001DF0239803935946FFF73FFC039901985A46E8
S214001E00FFF7BEFC5846FFF71BFC4FF000080546E0
S214001E104446454576DC4FF00008454500F3BA8059
S214001E20002705F1FF394F45C0F2FC8000273E46EB
S214001E30BD4200F31C816D436FF009036B4314220F
S214001E4002FB0633002BB8BF5B422B44013B93FBDF
S214001E50F5F3013B092B40F21981264B264A40F246
S214001E60C5212DE52A46002306215846FFF738FBF4
S214001E702946002306225846FFF732FB023541E783
S214001E80039BAB424FF000061AD04FF0FF394FF0DD
S214001E90FF3859EA08030EAB58469A5D595D4A4426
S214001EA00CBF01230023414408F10108FFF718FB8B
S214001EB0B8F1020FEDD109F10109B9F1020FE6D12F
S214001EC00136B74204D0002DDFD1039BB342DCD1EC
S214001ED00135AF42D4DC4FE700257B1E2E46039328
S214001EE0EEE7064B064A40F2F511E9E49965030071
S214001EF0E3670300BA65030098670300AA6503005A
S214001F00A86703001C2200210EA833F089FD0026D6
S214001F103746B146424639465846FFF76FFB4845B6
S214001F2021D10136052E1BD103340137BD42F1D134
S214001F30B9F1000F05D030462A460EA92AF0A3FFB5
S214001F4000263A460EA9B8192AF09DFF39460EA873
S214001F50FFF7F0FA282303FB004408F1010858E7CE
S214001F60E3DD0134E1E72A460EA930462AF08BFF6E
S214001F70B9F1000F06D129460EA8FFF7DBFA282391
S214001F8003FB0044424639465846FFF737FB012616
S214001F908146CAE71C2200210EA833F041FD002628
S214001FA03746B1463A4641465846FFF727FB48456E
S214001FB021D10136052E1BD103340137BD42F1D1A4
S214001FC0B9F1000F05D030462A460EA92AF05BFF6D
S214001FD000263A460EA9B8192AF055FF39460EA82B
S214001FE0FFF7A8FA282303FB004408F1010814E7CA
S214001FF0E3DD0134E1E72A460EA930462AF043FF26
S214002000B9F1000F06D129460EA8FFF793FA282348
S21400201003FB00443A4641465846FFF7EFFA0126CE
S2140020208146CAE77B1C0026059331463A46584649
S214002030FFF7E4FA0696013680463A463146584699
S214002040FFF7DCFA80450ED1DDE905215846FFF79B
S214002050D5FA804507D1059A31465846FFF7CEFA9D
S214002060804508BF03344E45DFDB0137DBE64FF023
S21400207000083A4641465846FFF7C0FA00B1013616
S21400208008F101084545F4D10137D1E60A2202FBE2
S2140020900344274B9C4204D9264B274A40F2C721CB
S2140020A00EE4049B039A23989C42BCBF039B0494B3
S2140020B059460AF1010AB8BF0293FFF7DDFABAF1F2
S2140020C0080F7FF492AE9DF80830072B05D91B4BFE
S2140020D01B4A40F21B11FFF7F3BB029A239859469E
S2140020E0FFF7CAFADDE901015A46FFF749FB01206E
S2140020F055E4304602212AF001FE09F101094D455A
S21400210006463FF70EAD002CB8BF0734E41094FB2C
S214002110F7F307FB13445B1B0893069B3A1B0BEB7A
S2140021200304631C07920026D9460A9358E500BFAD
S214002130B8322700CB650300986703005563030099
S214002140AA68030038B530B9094B0A4A0A4840F273
S214002150FD212AF06FF90378994206D2934204D9FA
S214002160FFF74CFA00F0010038BD0020FAE700BF88
S214002170ED6203002B6703009C61030008B528B1DD
S214002180013810F8013F43B9012008BD054B064A47
S214002190064840F22D312AF04DF9303B092BF0D994
S2140021A00020F2E7ED650300176703009C6103005B
S2140021B038B530B1094D441E14F8011F41B901204D
S2140021C00BE0074B074A08484FF44E712AF032F9E5
S2140021D0284633F052FB0028EED138BDFA650300DE
S2140021E0ED650300FE6603009C61030008B5FFF77B
S2140021F0A5F8431C0BD0B0F5004F06D3044B054A98
S214002200054840F246312AF015F90730C00808BDE7
S21400221028660300DE6603009C6103002DE9FF418B
S214002220054616460C4631B92D4B2E4A40F27E31F5
S2140022302D482AF0FFF8084633F05FFB80464146FB
S21400224001208DF80000FFF779F8431C074604D1FB
S214002250264B244A40F28331EAE70028CDF8048072
S21400226005DDC21DD2080021304633F0D9FB00211F
S2140022700391013C08464FF00A0814F8013F7BB969
S21400228031B101EB410103AB32460131FFF7CCF827
S214002290039BBB421AD0164B124A4FF46671C7E72F
S2140022A0303BDAB2092A04D9124B0E4A40F28D317D
S2140022B0BEE70131032908FB0030DED10A2103AB5B
S2140022C03246FFF7B1F800200146D6E7029604AB87
S2140022D013E90F0085E80F00284604B0BDE8F0813A
S2140022E047660300C86603009C6103005666030049
S2140022F085660300706603002DE9FF47064617460D
S2140023000D4631B92F4B304A4FF468712F482AF0EA
S21400231091F8084633F0F1FA0446214602208DF87B
S2140023200000FFF70BF8B0F1FF3F804604D1284BC2
S214002330254A40F2A531E9E70028019405DDC21DD3
S214002340D2080021384633F06BFB0024DFF888A063
S2140023500394013DA14615F8011F71B92CB103ABDA
S2140023603A4606214846FFF75FF8039B43451FD0D1
S214002370184B154A40F2BA31C8E7174833F07DFAD1
S21400238020B9164B104A40F2AF31BFE7A0EB0A0067
S2140023902D2303FB09094CB1484603AB3A460B21F3
S2140023A04FF00009FFF740F84C46D4E70124D2E787
S2140023B0029704AB13E90F0086E80F00304604B01E
S2140023C0BDE8F087ED650300AD6603009C61030081
S2140023D05666030085660300FA650300A0660300E0
S2140023E007B5064B01900093054A064B01210420D1
S2140023F009F090F803B05DF804FB00BF5AF3030041
S2140024002D6A0300286A030010B50446FEF700FE96
S214002410902C06D1BDE81040024A0121042009F0A4
S21400242079B810BD436A030000B5B9B0FEF7C2FE26
S214002430FEF79AFD2AF05AFC0748FEF73FFC40B12B
S214002440E0216846FEF74CFF002802DD6846FEF7EE
S21400245081FC39B05DF804FB856A030030B50A4C90
S2140024600A4B22680A4D1A6085B00A4B2B600A4B4D
S214002470019304F099F92B68029001A92068039350
S2140024802BF082FE05B030BDA410002040280020AE
S2140024903C28002098100020E1A50300014B186896
S2140024A02BF086BEA410002038B5084D04F07CF949
S2140024B02B680446D3F8B00204F06AF928682BF0BB
S2140024C08AFE2046BDE8384004F062B9A410002019
S2140024D038B501F0E9FB0E480E4C012101F06EF80C
S2140024E001221146002001F043FB0225012211467D
S2140024F0C4F88050002001F03BFB0122C4F8845051
S2140025001146002001F034FBC4F88850002038BD86
S21400251030253E0000400E4008B5224B01225A648A
S21400252002F0A0FBA0B9204B4AF6E852C3F890216F
S214002530D3F8982142F00402C3F89821C3F890011A
S214002540194AD2F8643143F40053C2F8643101E00A
S2140025500128F5D0154A136A23F4441343F488136C
S2140025601362A2F58042136843F48073136004F08C
S214002570F1F800F0C7F804F08BF804F0D7F804F090
S2140025809DF8FFF7A5FF2CF08AF900F0ADF800F0F3
S21400259029FB04F0EDFB00F02DFFBDE8084005F038
S2140025A045BA00BF00000E4000300E4000400E400E
S2140025B030B5244D0FCD97B00FAC0FC495E807008B
S2140025C0302384E807008DF855301F4A1F4BCDE9AD
S2140025D003234FF08073059303F1022306934FF015
S2140025E0F0511E23CDE907130E2200210DF12E0017
S2140025F033F016FA164B4FF44020CDE909030C23AE
S2140026008DF82C300D238DF82D30124B0C93202393
S2140026100D9301238DF839300F4B009309A903ABB6
S2140026200FAA0E4804F0D0FA9DF83A30002B044664
S2140026300CBF032100214FF4E1302AF00EFE2046A5
S21400264017B030BD00A603000000014000420400A1
S2140026501C00014033460020D81C00202C1D002002
S214002660012905D8034B1B68186808B1436A184748
S214002670704700BFA810002008B50449044805F0BC
S21400268083FABDE80840FFF793BF00BFAC100020F8
S214002690501D002001482CF098BA00BF2C1D0020C9
S2140026A0014B1A6A186810472C1D002008B510F058
S2140026B061F8024B00221A7008BD00BF5346002086
S2140026C001482AF04CBE00BF1CA6030008B504480B
S2140026D02AF0D4FEBDE8084002482AF0CFBE00BF6C
S2140026E04CA6030034A6030008B50548012100F0F7
S2140026F065FF2AF055FCBDE8084000F04FB900BF62
S21400270000350A000148012100F058BF00350A00D4
S21400271007B508202AF09BFE064B02226846CDE944
S21400272000232AF05EFD082003B05DF804EB2AF0D3
S21400273099BE00BF006A18102DE9F0431F4E0446EC
S214002740894690460FCE89B001AD0FC596E80700C2
S21400275085E8070025681A486E6FAF6F012100F004
S2140027602DFF6068012100F029FF617B207B00239C
S214002770042201F0FFFF617A207A0422002301F090
S214002780F9FF0123284601A98DF81230CDF80C90E8
S214002790ADF814802BF09EF8237CA27B1B0643EA40
S2140027A0022307F01F0706F001063B4346F00A0621
S2140027B00020AB676E6709B0BDE8F083E4A70300AE
S2140027C000350A00024B4FF40052C3F8A8207047A9
S2140027D000A0004013B5044605F0E2FD217B00236F
S2140027E00122CDE900324900034AB0FBF1F103486B
S2140027F02CF0CEFA02B010BDC52700006C1D0020DC
S21400280073B50F4B0F4E4FF48045C3F89C500446EB
S214002810407B06F061FA042302220DF106013046E1
S214002820ADF806302AF027FD30462AF035FDA07BAD
S21400283006F052FA044B0020C3F89C5002B070BD5C
S21400284000A00046D010002000A0004470B5064648
S21400285001211248124C00F0B1FEB1681148002266
S214002860FFF76AFF002304220E21032001F082FFF7
S2140028703546002304220D21032001F07BFF0FCDF7
S2140028800FC42B682360084B012230461A70FFF7EE
S214002890A1FF3046FFF7B4FF002070BD00350A00E8
S2140028A0581D0020D0100020544600202DE9F74F78
S2140028B00688DFF8A890984603795E43264B1446B0
S2140028C04FF48042C3F89C200134A4B20546407BF6
S2140028D00F4606F001FA230243F001031F48ADF845
S2140028E0063002220DF1060101342AF0C4FC24024F
S2140028F0F610A4B24FF0000B08F1FF3AC34511D111
S21400290016482AF0C9FCA87B06F0E6F9144B1348D3
S2140029104FF48042C3F89C202AF0C3FC002003B08A
S214002920BDE8F08F3946324648462AF0A4FCDA4520
S21400293014BF44F0FF034FF6FF7302220DF10601A9
S214002940484604F58074ADF8063037442AF093FC08
S2140029500BF1010BA4B2D1E700A00046D010002076
S21400296000A00044034B04481B78002B08BF00203F
S214002970704700BF54460020581D002030B5064D55
S2140029800FCD87B001AC0FC42B68236001A8FFF7FA
S2140029905DFF07B030BD00BF00A803002DE9F0437F
S2140029A03B4D3C4FDFF80091DFF800810FCD89B03A
S2140029B001AC0FC495E8070084E80700364C37489A
S2140029C0012100F0FBFD3846012100F0F7FD01254E
S2140029D0334B039301A920468DF812502AF07AFF54
S2140029E02B4604220621022001F0C4FE2A460023BC
S2140029F00721022001F0BEFE2B46042208210220F9
S214002A0001F0B8FE042211462B46002001F0B2FE6B
S214002A10244BA3670B23636710264FF4487006F019
S214002A205BF9C9F80C60142006F056F9C8F80C607B
S214002A30232006F051F9C9F80C60B92120462AF087
S214002A408EFF00231A46C8F80C600621022001F00B
S214002A5091FE00231A460721022001F08BFE2B462A
S214002A6000220821022001F085FE002210462B4697
S214002A70042101F07FFE204602F04CF90021A167F8
S214002A803846616700F09AFD09B0BDE8F08300BFE4
S214002A9014A80300005204000004014000350A0098
S214002AA000127A000B0B000B00A0004400A00046AA
S214002AB008B500F083F8124B12498B4212D3124B22
S214002AC0124900208B4218D3FEF796F8186850F883
S214002AD02240586840F82240013298688242F5D376
S214002AE00C33EAE70022F8E71C6844F822000132BB
S214002AF05C68A242F8D30833E4E70022F8E700BF98
S214002B009C1B0400A81B0400A81B0400A81B0400B0
S214002B100048704700F04902104AD2F8943003F09B
S214002B200703023B032B13D8DFE803F00C14020E56
S214002B300B4B1B68D2F80001C0F304200130B3FB36
S214002B40F0F07047074BF4E7074B1B685B08F1E7AC
S214002B50054BEEE74FF40043ECE700BF00400E40A5
S214002B60EC100020F0100020E410002008B5FFF75D
S214002B70D3FF054BD3F80831C3F308230133B0FB6A
S214002B80F3F0024B186008BD00400E40E81000202D
S214002B90014B1868704700BFF0100020054B186006
S214002BA0054BD3F8943003F00703022B01D1FFF74F
S214002BB0DDBF7047F010002000400E40044B054A71
S214002BC09A60D3F8882042F47002C3F888207047D1
S214002BD000ED00E000000000014B1868704700BFE1
S214002BE0EC1000200F4BD3F82838A3F17E62A2F534
S214002BF08432B2F5104F10B511D219680A4A9142C4
S214002C000DD10A4C227812F0FD0F01D0002010BD25
S214002C10DB6998470028FAD101232370F6E74FF4C2
S214002C208170F4E70000E10F07B0CD5E5546002046
S214002C3070B5D0B1C9B10E4E431E013913F8014F1D
S214002C40325D02F00302012A11F8012FB55C05F08F
S214002C500305204608BF04F12000012D08BF2032DE
S214002C60801A01D1002CE9D170BD0120FCE700BF1D
S214002C70611A0400054A06490346106803448B425D
S214002C8094BF13604FF0FF30704700BFF410002071
S214002C900000042037B5046801210546124800F0FC
S214002CA08DFC002361792079012201F063FD6179B2
S214002CB020792AF05EFBB0FA80F35B092370A379D3
S214002CC0022B0ED100F01EFB084960792A4600F060
S214002CD043FB0123617902462079CDE9003301F0F8
S214002CE005FD002003B030BD00350A008DD302007C
S214002CF008B52948012100F061FC012304220221C5
S214002D00052001F037FD002001F0E4FC234B0122F2
S214002D10C3F810281146042000F02AFF204800F0CF
S214002D209FFD204BD3F8F02042F00102C3F8F020BC
S214002D30D3F8FC2042F08072C3F8FC20A3F55D4374
S214002D40194A1A6000F5D520184B00F2FC40B0FB7B
S214002D50F3F0174B013802221861C3F8F0204FF445
S214002D608072C3F804234FF06043124AC3F8B02FB2
S214002D70114AC3F8802ED3F8002E42F48072C3F8AE
S214002D80002EFF2283F82020D3F8002E22F4807233
S214002D90C3F8002E002008BD00350A00008014424B
S214002DA006000E0000ED00E0FF030040F8590D009D
S214002DB0000004E055CEACC5090001004FF06043AA
S214002DC030B5D3F8802ED20715D501240B4D84409C
S214002DD0D5F8FC2042F08072C5F8FC20D3F8002E0F
S214002DE02243C3F8002E53F82020002AF0D003F820
S214002DF02010002030BD1120FCE700BF00ED00E0F1
S214002E0010B501210446094800F0D8FB0848012106
S214002E1000F0D4FBA37820786178B3FA83F35B09DB
S214002E20042201F0A7FC002010BD00BF40410500B1
S214002E3000350A002DE9F04F9A46554B85B01B78B1
S214002E40DDF83C909DF844B0DDF8508006460F460D
S214002E501546002B00F09680072A00F295800E9B00
S214002E60002B00F09180B9F1000F00F08D80129BCE
S214002E70B3F5006F00F38880012803D1109B002B68
S214002E8000F08280434B03EB05131B7B002B7DD0A9
S214002E90414C10220021684632F0C2FD04EB451476
S214002EA010229FBB3946204632F0BAFD43F210038B
S214002EB06380BBF1000F03D1E37843F00303E370B4
S214002EC0354A0E9BCDF800A002EB451CCCE90193D9
S214002ED0129B581E9DF84C30690103F00303C0F3A3
S214002EE00A009B0643EA001E53582C4818404EEA38
S214002EF00003012E535017D0B8F1000F2ED19CF8C6
S214002F00023068F304138CF8023027E000212046D4
S214002F1032F086FD4FF444736380BBF1000FCFD1CF
S214002F20E37843F03003CAE71323CCF80C309CE870
S214002F300F000CF1100E8EE80F00DCF81C20109B22
S214002F40CCF814306FF0030161F39F02012FCCF828
S214002F501C2003D1CCF81890CCF804300D4A290177
S214002F6002EB051342F80180159A5A60002728469E
S214002F70224669469F605E7301F080FC384605B0C5
S214002F80BDE8F08F0648FAE70648F8E70648F6E791
S214002F90564600208C1E00208C1D00200F80FFF35C
S214002FA0028000F0018000F0078000F038B5124B78
S214002FB01B780546DBB1E0B12AF015FB0F4A00236B
S214002FC01146147B54B92B601A0101EB031301253B
S214002FD08C501D732AF00DFB204638BD0133082B9C
S214002FE002F11002EDD12AF004FB0548F5E705488A
S214002FF0F3E70548F1E700BF564600208C1E002088
S214003000048000F0028000F0018000F038B52AF05D
S214003010EAFA0C4A05460023147B6CB90133082BE8
S21400302002F11002F8D101F0DFFB074B28461C70B6
S2140030302AF0DFFA204603E028462AF0DAFA0348A8
S21400304038BD00BF8C1E002056460020058000F0CC
S2140030500D4B1B7810B5044693B1072812D82AF0FA
S214003060C2FA0A4B03EB04131A7B2AB100241C7322
S2140030702AF0BFFA204610BD2AF0BBFA0448FAE749
S2140030800448F8E70448F6E7564600208C1E002061
S214003090068000F0028000F0018000F013B5164BA9
S2140030A01868019000238DF804302AF09CFA134B20
S2140030B01C7824B12AF09DFA114802B010BD0122F6
S2140030C01A702AF096FA0F4B1C731C7783F82C4064
S2140030D083F83C4083F84C4083F85C4083F86C40AF
S2140030E083F87C4004230DEB03008DF8073001F0D5
S2140030F09BFB2046E1E700BF80A803005646002061
S214003100038000F08C1E00200A4A127808B55AB1D7
S21400311007280BD8084A02EB00131B7B43B100219B
S21400312001F078FB002008BD0448FCE70448FAE7F5
S2140031300448F8E7564600208C1E0020028000F067
S214003140018000F0078000F00A4A127808B55AB1EC
S21400315007280BD8084A02EB00131B7B43B101215A
S21400316001F058FB002008BD0448FCE70448FAE7D5
S2140031700448F8E7564600208C1E0020028000F027
S214003180018000F0078000F00A4A127808B552B1B4
S21400319007280AD8084A02EB00131B7B3BB101F054
S2140031A0BDFB002008BD0548FCE70548FAE70548D2
S2140031B0F8E700BF564600208C1E0020028000F074
S2140031C0018000F0078000F00D4B1B7893B10728B4
S2140031D012D889B10B4B03EB00131B7B73B10A4B60
S2140031E01A6E01238340134214BF012300230B7081
S2140031F000207047054870470548704705487047E7
S214003200564600208C1E002000200E40028000F053
S214003210018000F0078000F00B4A127810B50C46CB
S21400322062B107280CD859B1084A02EB00131B7B81
S21400323043B101F089FB2070002010BD0448FCE774
S2140032400448FAE70448F8E7564600208C1E00209B
S214003250028000F0018000F0078000F02DE9F041C8
S214003260DFF86480D8F86070D8F86C301F4000D55E
S214003270FEE7134C01260025374218D02368C8F80D
S2140032806860A3B1A16862680131A16028469847CA
S214003290637B012B0BD150B90A4B03EB45131A7B0A
S2140032A060F341021A731A7F60F341021A77013500
S2140032B0082D4FEA460604F11004DDD1BDE8F08182
S2140032C08C1E00208C1D002000200E4070B50C4E79
S2140032D00446012504B970BD94FAA4F0B0FA80F053
S2140032E006EB001205FA00F324EA03045368002BE9
S2140032F0F0D0117B11B191689847EBE79847E9E762
S2140033000C1F002008B5122000F086FD28B1084BDF
S2140033104FF48022C3F880211A600A2000F07CFD5A
S21400332028B1034B4FF48062C3F880211A6008BDB1
S21400333000E100E038B505460C462AF054F9054B86
S21400334003EB051300225C601A73BDE838402AF0D0
S21400335050B900BF0C1F0020F8B505460E461746AC
S2140033602AF041F9134BD3F8282422FA05F3DB0799
S21400337005F0FC012C4612D500230133DBB2042BEA
S21400338004D1FF242AF035F92046F8BDEC1804F0E5
S21400339003040C4422FA04FC1CF0010FEDD1FF2CB0
S2140033A0F0D0054B03EB04130122C3E901671A733F
S2140033B0E8E700BF00A000400C1F0020054BD3F834
S2140033C02804D3F81C24104000F05530C3F8240419
S2140033D0FFF77CBF00A00040054BD3F82804D3F8C5
S2140033E01C24104000F0AA30C3F82404FFF76EBF78
S2140033F000A00040024B1968024B18680EF028BD6A
S214003400F81000201811002070B5940022460546DA
S2140034100E462AF018FA431C0AD058B922463146FE
S214003420284632F0D3FA0028034808BF002070BDB3
S2140034300248FCE70248FAE710E000F021E000F05E
S21400344024E000F010B5044601F02EFB431C10D01B
S21400345088B901F00FFC20F0030023462044984270
S21400346001D1002010BD53F8042B0132F7D00348D9
S214003470F8E70348F6E70348F4E700BF0EE000F07D
S21400348021E000F024E000F008B52AF0A1F8014B96
S214003490186008BDFC270020014B18682AF09CB86D
S2140034A0FC2700200C4B984205D90C4B984210D8AC
S2140034B00122012301E00022134609490B64094951
S2140034C0D1F8003123F0807343EA0263C1F800317B
S2140034D070470222EDE700BF0048E8010090D003E5
S2140034E00000C84300400E400F4B5B680F4B30B5E2
S2140034F000221C46C9B21D798D4202D11D68854244
S2140035000DD20132052A03F10803F4D10321064A3D
S214003510536823F0407343EA0163536030BD04EB05
S214003520C2046179F3E700BF00000E40C4A80300A0
S21400353038B5074C41F67133256C2364FFF7E8FA7B
S214003540ADB20021FFF7D0FF0DB10023236438BDD4
S21400355000000E40044BDB6B5B0604D4034AD2F833
S214003560C830002BFBD1704700300E400000C64329
S21400357008B5FFF7EFFF024B5868C0F3014008BDDF
S21400358000300E40044BD3F84421D20703D4D3F8BE
S21400359040211042FBD1704700400E4038B5064C23
S2140035A0256C41F671332364ADB2FFF79DFF0DB174
S2140035B00023236438BD00BF00000E4038B5C0F3BA
S2140035C00323013B092B11D8DFE803F00527101071
S2140035D02B221D101511154DC0F3043405F142457C
S2140035E005F5801504EBC5008000016038BD104D60
S2140035F0C0F30434F2E70F4DC0F304344FF48030C8
S214003600FFF7C0FFEAE7C0F304340B4D1020F7E7DE
S214003610C0F30434094D0120F2E7094DC0F3043429
S214003620DCE7084DC0F30434D8E700BF00400E4086
S21400363050410E40F0400E40E8400E40E0400E4044
S214003640C0400E40B0400E40C0F30313013B092BB0
S2140036502AD8DFE803F0050B0F1929291F23374B5B
S214003660274BD3F80001C0F304207047244BD3F84F
S2140036701401F8E7224BD3F80031C3F3006301339B
S21400368001209840013870471D4BD3F80C01C0F359
S214003690082070471A4BD3F80801F8E7194B9842F0
S2140036A004D0194B984207D000207047144BD3F82B
S2140036B0203103F00F03E3E7114BD3F82031C3F3B7
S2140036C00113DDE7114B98420CD003F5B01303F558
S2140036D080539842E8D10A4BD3F82831C3F301232C
S2140036E00433CDE7064BD3F82831E8E7084B984279
S2140036F0DAD1034BD3F8300100F00300704700BF67
S21400370000400E408006160080162E0090171A0005
S214003710A009140000F00F000138072850D8DFE891
S21400372000F00415244F34384F402B4BD3F8943018
S21400373003F00703023B052B06D8DFE803F0492415
S2140037403F0305430B20704705207047224BD3F8F4
S214003750800000F0070002283DD0042836D001285B
S21400376008BF032018BF012070471B4BD3F88430D6
S21400377003F00703013B032B03D8DFE803F0041F25
S21400378025270120704703207047134BD3F8880085
S214003790DFE7114B1B6F13F0010F0CBF072009204A
S2140037A070470D4BD3F85C3103F03003202B0FD05D
S2140037B0302B0FD0102B08BF0720D3E7022070470E
S2140037C0002070470C207047062070470A2070477C
S2140037D0042070470820704700400E4008B5014698
S2140037E0FFF798FF1A4B994211D01A4B994212D004
S2140037F0194B994204D1194BD3F8800000F007000A
S2140038000138032821D8DFE800F00A0E1612134B01
S214003810D3F88400F2E7114BD3F88800EEE7BDE852
S214003820084029F049BDBDE80840FFF7D5B9BDE816
S214003830084029F044BDFFF76FF9084BD3F8003174
S214003840C3F300630133D84008BD0020FCE700BF87
S214003850030020000500240002001E0000400E4069
S21400386000F47813B3F5B01F10B5044674D025D80D
S214003870B3F5402F5ED010D8B3F5802F49D005D8C9
S2140038803BB1B3F5003F4FD0002010BDB3F5202F5D
S214003890FAD1BDE81040FFF73FB9B3F5801F00F03E
S2140038A08480B3F5A01F4DD0B3F5602FECD14A4805
S2140038B0FFF730FF072878D00928E9E7B3F5381F67
S2140038C053D013D8B3F5001F58D00AD8B3F5D01F7D
S2140038D056D0B3F5F01FD7D14048BDE81040FFF7EB
S2140038E07DBFB3F5101FCFD13D48F6E7B3F5481FAF
S2140038F04DD0B3F5781F65D0B3F5401FC4D1394815
S214003900FFF76CFF384BD3F82831C3F30123043399
S21400391020E0FFF701F9344BD3F80C31C3F308234A
S2140039200133B0FBF3F0B0E7FFF7F6F82E4BD3F811
S2140039300831F3E7FFF7F0F82B4BD3F81431C3F355
S2140039400423EDE72648FFF749FF274BD3F830312D
S21400395003F00303D84098E72048FFF73FFF224BC9
S214003960D3F8203103F00F03F4E71C48FFF736FFC7
S2140039701D4BD3F82031C3F30113EBE71948ACE72E
S2140039801848FFF72BFF184BD3F82831F3E71748F2
S214003990FFF7C0FE072808D0082809D004287FF4BF
S2140039A073AFBDE81040FFF7F3B8114B18686CE72B
S2140039B0FFF7B2F80C4BD3F80031C3F3042303FB34
S2140039C0000062E7FFF7A8F80146204629F0FBFD55
S2140039D0B1FBF0F059E700BF06000E0002001E0023
S2140039E0050024000300200000400E40B80032000E
S2140039F01C11002010B5FFF79BFD094B07225A67E4
S214003A00FFF78AF8FFF74EFDFFF7B0F80446FFF71A
S214003A10AFFD01462046BDE81040FFF7BFBD00BF22
S214003A2000400E40014B1880704700BF1A1500205A
S214003A30014B1880704700BF1815002010B50428E9
S214003A4013D8DFE800F047032F132100294AC1F3FB
S214003A500801D2F86838002BFBD1274A136A23F4F2
S214003A60FF7323F001030B43136210BD214A01F0DC
S214003A707F01D2F86038002BFBD11F4A136923F070
S214003A807F030B431361F0E71A4A01F07F01D2F877
S214003A906438002BFBD1184A936923F07F030B434D
S214003AA09361E2E7144AD2F89030536A23F0300369
S214003AB043F010035362146B104BC1F3C310033072
S214003AC00F2803EA040328BF0F200B4343EA0073C2
S214003AD01363CAE74F29074A28BF4F21D2F8743824
S214003AE0002BFBD1044A936B23F07F030B439363B5
S214003AF0BBE700BF0020C84300400E4000F8FF0FA1
S214003B00104A536A13F0300F18D0202913D03029EA
S214003B1014D000290C4B08BF4FF44003D2F8901085
S214003B2033EA0101FAD15B0246BFD2F8A000C0F327
S214003B308020012070474FF40003EFE74FF4400366
S214003B40ECE700BF00400E40FF33E10702280AD131
S214003B5029B1064B4FF48060C3F8A800596612B12D
S214003B600220FFF7CDBF0120704700BF00400E4087
S214003B700428F8B548D8304B13F800C02F4B1D5C0E
S214003B802F4B33F810702F4B33F810402E4B002974
S214003B9040D0022839D15C6A14F0300F35D12B4C56
S214003BA0E46B5C6AE40705D55E6A26F0300646F0EC
S214003BB010065E62264C244B25441F66AD002B681B
S214003BC0002BFCD002B36444A4002368002BFCD076
S214003BD0022819D1C1B11C4D696A11F0010116D035
S214003BE001222021FFF7B2FFD5F89C6001220021B8
S214003BF00220FFF7BDFFC6F30A010220FFF71EFFF3
S214003C002F662368002BFCD0F8BD0021D2E7FFF713
S214003C1077FFE9E701211C66A940D3F89000084227
S214003C20FBD1002AF0D00123074903FA0CF3D1F8A0
S214003C3090201A42FBD1E7E7BFA80300BAA803000A
S214003C40B0A80300A6A8030000400E4000300E40B7
S214003C508004F21010B50246B8B901221146FFF7EB
S214003C6087FFFFF765FC0F4B04225A67FEF754FFE9
S214003C70FFF718FCFEF77AFF0446FFF779FC0146CB
S214003C802046BDE81040FFF789BC012807D1014651
S214003C90FFF76EFFFFF74CFC024B0322E5E7FFF74A
S214003CA047FCE3E700400E4038B5FEF771FF002101
S214003CB0044600F0B7FA1248FFF7F4FB012211465B
S214003CC00220FFF755FFFFF733FC0CB1FFF742FC6D
S214003CD00C4B02225A67FEF71FFFFFF7E3FBFEF7C7
S214003CE045FF0546FFF744FC01462846FFF756FC0D
S214003CF02CB920460121BDE8384000F093BA38BD03
S214003D000148E80100400E40012210B5114603208C
S214003D10FFF72EFFFFF70CFC084B05225A67FEF74D
S214003D20FBFEFFF7BFFBFEF721FF0446FFF720FC74
S214003D3001462046BDE81040FFF730BC00400E406C
S214003D4010B504461120FFF7E5FC002101220220F1
S214003D50FFF70EFF184A217C536A23F0010302295D
S214003D6008BF43F001035362144B2178C3F8A01434
S214003D70637AA18843EAC123D362136BA07A217ABF
S214003D8003F07F630343E08843EAC02343EAC1139A
S214003D9003310F2928BF0F2143EA01731363A37B66
S214003DA0617B1B0143EA0133E17B0B43217B43EA42
S214003DB00143536310BD00BF00400E400000C843DF
S214003DC038B50E4D0E4C01461120FFF7A3FCAA6B2A
S214003DD04B7814400A78144344EAC3248B7844EAA8
S214003DE00364CB7844EA0324AB6BA34205D00021DE
S214003DF001220846FFF7BCFEAC6338BD00400E400B
S214003E0080E4FFF8034B5868C0F30800003818BF7A
S214003E100120704700ED00E04209054B53F82230C0
S214003E2000F01F0023FA00F0C04300F001007047C6
S214003E3000E100E0034BD86B80F04000C0F3801038
S214003E40704700BF00300E4042EA0322B2F5007F02
S214003E5010B5194C29D00AD8B2F5807F22D040F28E
S214003E6001139A4215D062B9D4F81C320BE0B2F5B1
S214003E70407F1DD040F201339A4210D0D4F8283249
S214003E8001E0D4F82432C3F30722DBB203600A60F1
S214003E9010BDD4F824321A0EC3F30743F6E7D4F85D
S214003EA02832F8E7D4F81C32F5E7D4F82032EAE7EF
S214003EB0D4F82032EFE700BF0081E00F08B5FFF727
S214003EC0B9FF20B1024AD2F8C830002BFBD108BD9A
S214003ED00000C64308B5FFF7ADFF80B1FFF7EEFF61
S214003EE0074B19685A68C1F30121C2F30142914297
S214003EF01A688CBF42F0100222F010021A6008BD49
S214003F0000300E40064B1B68DB0608D5054B1B69C8
S214003F10C3F30443082B02BF034B044A1A607047DE
S214003F2000300E4000400E40E4100020C0EA2101A0
S214003F3070B5FFF77FFF38B12D4B1A781023C2F10A
S214003F40020293402B4A13612B492C4DD1F8804135
S214003F5045F60E03C1F880312B6823F0AA03DB0573
S214003F60DB0D0B66FFF7AAFF224B1B68D80604F092
S214003F70010415D5D1F84031DA01FBD4204B1B687B
S214003F800B61204B1B78052B0AD11F4B1E68FFF7D1
S214003F9095FF184B59683046C1F30141FFF7FEFA0A
S214003FA0184B1B78023B0A2B0AD8DFE803F00615ED
S214003FB0170909090909091A1D000020FFF74AFE1A
S214003FC02B68DB075EBF0C4B02221A661CB10A4B3D
S214003FD00022C3F8802170BD0120EFE7FFF764FEE2
S214003FE0EEE7FFF791FEEBE7FFF704FDE8E700BF1B
S214003FF05746002000300E4000400E4004280020A7
S2140040000028002058460020E410002010B50B4C75
S2140040100B4BD4F890201A601120FFF77BFB094B5E
S2140040201870FFF74BFF084B084A5B68C3F3014361
S2140040301370074B22691A6010BD00BF00400E4087
S214004040042800205846002000300E405746002026
S21400405000280020064942780B6823F4407343EAA0
S2140040600223022A0B6004BF024B5B6A704700BF44
S21400407000300E4000400E4010B5044608B1FFF771
S214004080C5FFFFF727FF144A136943F004031361C3
S21400409029F0C3FB29F0C2FB104B114AC3F82424B5
S2140040A003F559231B68DB060ED529F091FA31F08B
S2140040B0F3FE29F091FA29F0B2FB03F031FF2CB1A0
S2140040C0BDE81040FFF734BF30BFF4E7FFF71AFF34
S2140040D0BDE81040FEF74ABD00ED00E000A000403D
S2140040E00000FFFF10B5044608B1FFF78FFFFFF78B
S2140040F0F1FE1A4BD3F8802145F60E01D207C3F81D
S214004100801148BF00224FF42071196648BFC3F8DB
S2140041108021134A136943F004031361114B124ABA
S214004120C3F8242429F079FB104B1B68DB060CD55A
S21400413029F04EFA31F0B0FE29F04EFA03F0F0FE08
S2140041402CB1BDE81040FFF7F3BE30BFF6E7FFF72F
S214004150D9FEBDE81040FEF709BD00BF00400E4086
S21400416000ED00E000A000400000FFFF00300E4021
S2140041700E4A0379916921F03F010B43017843EA27
S2140041808103417843EA4103817843EAC103C17859
S214004190012908BF43F0010393611368417923F4B2
S2140041A0403343EA01431360704700BF00300E40BF
S2140041B02DE9F04104460D46FFF73CFE60B3DFF8FC
S2140041C06080FFF77BFED8F80430C3F301439C42BF
S2140041D022D0124BD3F80031FEF79EFC022C074685
S2140041E04FF0100609D12146FFF7D8F9C8F810603D
S2140041F095B1BDE8F041FFF761BEC4F102039E40F1
S214004200C8F810600DB1FFF759FE2CB921463846A4
S214004210BDE8F041FFF7C2B9BDE8F08100400E40AE
S21400422000300E4038B505460C46FFF703FEB8B121
S21400423045B90C4BD3F80051FEF76EFCC5F30425C8
S21400424005FB0005084B1B7821463BB1074B9D42FA
S21400425004D80220BDE83840FFF7AABF0020F9E7DF
S21400426038BD00BF00400E4059460020002D3101E9
S214004270034B02781A7001210020FFF7D3BF00BF5E
S21400428059460020234B4AF6E85210B5596B5A633C
S2140042909A6FD207FCD41B6C13F0030306D01E4A99
S2140042A001249842C2F8B44A1AD110BDA0B1431EE8
S2140042B0012B17D8174A4FF40023D362936FDB07FE
S2140042C0FCD4136C23F0030343F001031364114A78
S2140042D0536A1C03FCD505E00F4BC3F8B40AE4E7A9
S2140042E0032BE4D00B4B9A6FD207FCD41A6C22F047
S2140042F0030202431A649A6F12F00102FBD10038DF
S214004300054C18BF01200129C4F8B40A08BF5A6337
S214004310CBE700BF00300E400000C6432DE9F04F4B
S21400432000238BB0CDE90433CDE90633CDE908335D
S214004330A0F5E163B3F5966F05460191934603D960
S21400434000200BB0BDE8F08F624BDFF88C81D3F80D
S2140043501842B0F5E16F15BF4FEA146AC4F3072A96
S214004360C4F30744E4B20694CDF824A0D8F84C6011
S214004370C6F301768CBF01220022334607A904A8A3
S21400438015BF4FF4E1674FF496674FF496694FF404
S21400439016790392FFF758FDD8F8EC30039AC3F36A
S2140043A0012308A905A80293FFF74EFDA5EB070C0D
S2140043B0AAEB04020CFB02F2B2FBF9F214445445D9
S2140043C0079F0498089A0599BAD8A2EB010E0CFB31
S2140043D00EFEBEFBF9FE11EB0E012CBF4FF0010ED8
S2140043E04FF0000E8A42ABD3BEF1000FA8D13A1AA6
S2140043F00CFB02F2B2FBF9F280182CBF012200225D
S21400440087429DD3002A9BD1029BBBF1000F0FD0A1
S214004410D8F85C20B5F5E16722F4FE4218BF012704
S21400442022F0020242EA470242EA0422C8F85C206E
S214004430019A0AB9012084E7264A022ED2F83022D1
S2140044403ED0032E3FD0012E14BFD2B2C2F30722B5
S214004450120312F4702F7FF473AF1F4EF46E24F421
S21400446070442243F2661B4A022BD2F830222CD02C
S214004470032B2DD0012B14BFD2B2C2F30722120396
S21400448012F4702F7FF45CAF134CD4F8EC3023F4A6
S21400449070431343C4F8EC30636E884238BF084656
S2140044A023F4FF73E72823F0010328BFE720B5F5C0
S2140044B0E16F18BF43F0010343EA40036366B9E7C0
S2140044C0C2F30742C4E7120EC2E7C2F30742D6E7BA
S2140044D0120ED4E70081E00F00300E402F4B1A6F0B
S2140044E0D96C11F0010F02F0060242D0002A40D02B
S2140044F013284FD9143813288CBF102308232749B4
S214004500013BCA6C180322F47F4240EA032313439C
S214004510CB64234BCA6C1B88C2F3032228330132B8
S21400452002EB820003EB5303B3FBF0F3C86C013BD2
S214004530072B28BF072320F0EE6040EA036343F40E
S2140045408013CB64174BB3F90030002B10DB2833F5
S214004550500800EB420203EB5303B3FBF2F30A6D81
S214004560072B28BF072322F0700242EA03130B65CD
S2140045707047D96C01F00101114304D1092809D90B
S2140045800A380928B8E7DB6C13F00103B7D01AB96C
S2140045902728B1E70423B2E70023B0E700300E4037
S2140045A04E3D00204A3D0020064A074BD3F880398E
S2140045B0136F23F0070303431367044B1888FFF7B2
S2140045C08DBF00BF00300E400000C6434C3D0020AB
S2140045D0394B02222DE9F0419A639B6B03F00F03DF
S2140045E09342044603D000252846BDE8F081C288E1
S2140045F0B0F808808588B0F90C6047784A2A4ED90A
S214004600B2F5FA7F4DD340F6C3139A428CBF4FF0F3
S21400461040524FF000522849CB6C23F0405323F011
S2140046200103002EA8BF43F001031343CB64D1F867
S214004630EC3043F44073C1F8EC30204B1D80CB6E59
S21400464043F08073CB661E4BD3F8800900B104207C
S214004650FFF7AAFF1B4BA3F800801B4B28461E80C3
S214004660FFF73CFFA37BFBB1012B21D00122608822
S2140046701146FFF753FE05460028B4D00E4AD36B0A
S21400468043F48063D3633846FFF7FCFDA37AA3F1B7
S2140046902002534253410A4AC2F89437A4E7002244
S2140046A0B9E74FF08052B6E7034B084A9A65DDE754
S2140046B0014B074AFAE700BF00300E404C3D002091
S2140046C00000C6434E3D00204A3D0020774020575C
S2140046D0372110B7044AD2F8443423F003030343C7
S2140046E0C2F84434704700BF00A00040072AF8B55F
S2140046F001F0030614461F464FF00F011FD8950021
S21400470000FA05F2A940154829F08EF8032114484E
S21400471006FA05F2A94029F087F812499DF81830E4
S214004720114A214489000F60C1F880300123A3405C
S214004730C2F824349DF81C30C1F80033F8BDA2F14D
S2140047400805AD0000FA05F2A940084829F06CF803
S2140047500321074806FA05F2A940DCE700A400405A
S21400476008A400408020851000A0004004A400405B
S2140047700CA4004000EB4000F8B50D461F460401AF
S21400478016463AB1154801238B402044C7B100F1C4
S214004790C0600360072D4FF00F0114D8AB0010481F
S2140047A006FA03F29940204429F03EF83EB90B4A37
S2140047B00123AB40224477B102F1C0621360F8BD1A
S2140047C000F18060E5E7A5F108039B00054806FABE
S2140047D003F29940E7E702F18062EFE70CA00040A1
S2140047E004A0004008A00040084B4FF40072C3F835
S2140047F08020BFF34F8FBFF36F8F054B0021D96624
S2140048004FF4AA401962FEF7D9BE00BF00E100E0EF
S21400481000200E40034B03449B0081F00101196009
S214004820704700BFA001F11010B5044601214FF4F7
S214004830AA40FEF7C3FEB4F8013022785BBA9BB2FA
S21400484043EA02630B4A136000231362D362536386
S2140048504FF00043D3664FF0FF339366064A4FF49B
S2140048600071C2F88011E3785B01DBB282F809338D
S214004870116010BD00200E4000E100E0F8B5254DA7
S2140048808F7AD1F800C0C3B201269E404FF0300E9A
S214004890CB7A0EFB00500C461B05097BAE6643EA3E
S2140048A00743C0F880C094F80DC0C0F888C043EA3B
S2140048B0415322F00302C0F88430C0F8982028F054
S2140048C092FEEB6E3343EB66237A13B16B6B334386
S2140048D06B63637A13B1EB6A3343EB6223792A681E
S2140048E023B1DB431B0263F47F431A4063790BB1A9
S2140048F042EA0322A3790BB122EA0302E3791343C7
S214004900044A1360044B9E62D663BDE8F84028F064
S21400491070BE00BF00200E4000200E4410B5C0B28E
S2140049200124844028F05FFE054AD36E23EA040380
S214004930D366044B1C62BDE8104028F05ABE00BF88
S21400494000200E4000200E4410B5C0B20124844062
S21400495028F049FE074B1A6A224208D19B6A9C43FC
S2140049600CBF0124002428F044FE204610BD00247D
S214004970F9E700BF00200E40054B5A685B68054B00
S21400498041F671321A649A6822F001029A60704702
S21400499000300E4000000E40034B9A6822F00102E1
S2140049A09A6000221A64704700000E40094A0A4BBB
S2140049B0D969C90705D512B96FF002007047013AE8
S2140049C0F6E7002AF8D001221861DA60D86940F3C9
S2140049D0800070478096980000000E4070B509B9B8
S2140049E0002070BD0E4A0023082550F8234094612D
S2140049F00C4CD5600133D669F60705D514B96FF0AF
S214004A000200EEE7013CF6E7002CF8D0D469A407D4
S214004A1002D49942E9D1E3E76FF00100E1E700BF75
S214004A2000000E40809698002DE9F8431C4B0D467A
S214004A3041F671311E6C19641A4980464868496807
S214004A40996841F00101B6B2996097084FF00009E5
S214004A50B94501D3002005E008EB89042046FFF79E
S214004A60A5FF48B10E4B9A6822F001029A600EB17B
S214004A7000221A64BDE8F883C4F30A01C1F5006198
S214004A808908A7EB0903994228BF19462846FFF76D
S214004A90A5FF0028E6D1894405EB8105D8E700BFCD
S214004AA000000E4000300E40234B41F671311A6C68
S214004AB010B5196421494C684968996841F00101AC
S214004AC0996001211861D960D9694C0792B209D55D
S214004AD0996821F0010199600AB100221A644FF02A
S214004AE0FF3010BD0221D9601549D869C00700D52E
S214004AF069B9D86910F002000BD0996821F001015D
S214004B0099600AB100221A646FF00100E9E70139E2
S214004B10EBE741B9986820F00100986002B119648B
S214004B206FF00200DDE7996821F0010199600AB98B
S214004B300020D6E71864FBE700000E4000300E4069
S214004B4080969800014B01229A60704700500E40F4
S214004B50134B1449F0B500225D68134E1046D6F884
S214004B60E8714C680B687F070BD4B3F5006F06D06E
S214004B7012D8B3F5007F02D0B3F5806F01D144F4AC
S214004B8080742B4202D02C4208BF18430132092AF7
S214004B9001F10801E3D1F0BDB3F5803FEEE700BFB9
S214004BA000500E40ECA803000040E00F8B784A78D7
S214004BB09B0143EA82030A781343CA7843EA021346
S214004BC00A7943EAC2234A7943EA02338A790430EF
S214004BD043EA42430001014A135070470020044054
S214004BE0014B1860704700BF00008442437882780B
S214004BF09B0043EA021302781343C27843EA421347
S214004C00027943EA0223427943EA0233827943EA8D
S214004C10C233C27943EA0243027A43EA4243014A74
S214004C2013607047002004400D4AD2F8E430D2F8F2
S214004C30E0109B0003F03C03C1F381110B4383702B
S214004C40D2F8E03003F03F034370D2F8E830D2F8F1
S214004C50EC2003F0F003C2F3031213430370704713
S214004C6000FF0FE0024BD3F8FC00000E704700BFB9
S214004C700081E00F044BD3F8E4301B0E0A3303F038
S214004C801F030120984070470081E00F70B505466D
S214004C9016461C4619B91448FEF7E2FD0146402C9C
S214004CA01BD003D8DCB1202C1BD070BD602CFCD1EF
S214004CB0042303FB06F2530803EB4113B3FBF2F3A2
S214004CC00A4A203B02EAC3032A6822F060022A60EE
S214004CD02A6814432C606B61E7E70623E9E7102394
S214004CE0E7E70823E5E700BF40410500F8FF7F003F
S214004CF038B50546144619B90548FEF7B1FD014614
S214004D0001396400B1FBF4F10902696138BD00BFE6
S214004D104041050040F6AA63C36041F20502002345
S214004D2003604260104A83604361C36482640F4A32
S214004D300366904243678367C3670DD002F58062BF
S214004D4090420BD002F58062904205D002F5806258
S214004D50904203D0836570470365FBE70365836570
S214004D600023C365704700BFF9FF01000000014043
S214004D704111054A00F01F000123834052F821002C
S214004D80034342F82130704708280020044B1B6874
S214004D901BB1044B0360002070470120704700BF22
S214004DA018280020503D002070B50D4C246884B1B2
S214004DB00C4C26888518B5420DDC6688CD18B542A1
S214004DC009DC52B14BB1A080E180228163810020D2
S214004DD070BD0120FCE70420FAE70520F8E700BFD5
S214004DE018280020503D00202DE9F74F9946494BE2
S214004DF01B68002B00F08A80DFF820A10D9EBAF811
S214004E000650BAF80A30B9F100072B4418BF01273C
S214004E109BB27F420D440093FFB2ADB24FF0010B40
S214004E201EB9304603B0BDE8F08F009AABB29A4286
S214004E306ED9BAF80840BAF80430241AB4421844B6
S214004E40354B28BF3446361B80B203EB0512B9F14A
S214004E50000F0AD0072C26D80444A04216D32846B2
S214004E60FFF786FF01350020DAE7072C1BD804443D
S214004E70A042F4D2C10800F0070C535C0BFA0CFCFD
S214004E8023EA0C030130535480B2F1E7C10800F066
S214004E90070312F801C00BFA03F343EA0C030130D0
S214004EA0535480B2D9E74FEAD00C02EBD00810F08A
S214004EB007000BD1E20839464046019230F0B0FDBB
S214004EC014F00704019ACAD0904412E00BFA00F3DB
S214004ED012F80CE0DBB2591E5B420EEA01013B40C1
S214004EE008381943044402F80C10E20808F10108D7
S214004EF0E1D10BFA04F498F80030E4B26242013CC7
S214004F0013403C40234388F80030A8E7012688E792
S214004F10042686E7182800205A460020503D002028
S214004F2037B5114D2B68EBB9FDF728FD044610B1D7
S214004F30012003B030BDFDF715FD28600028F7D02E
S214004F4002884188094B1A801A814A435980598140
S214004F509C80DC802146CDE900422346224620463E
S214004F60FFF742FF0020E4E718280020503D00200D
S214004F702DE9F8431B4FDFF874803C68DFF8689033
S214004F80002301251A46D8F800004188D6188E421C
S214004F9007D3FBB913481022002130F041FD002052
S214004FA012E0E10708D50133D118C9060ABF57F841
S214004FB0254064080135E6E753B109EB0211FDF719
S214004FC075FC034610B10720BDE8F883721CEBE7BA
S214004FD00132E9E7044901EB0211FDF767FC0028FE
S214004FE0D8D0F0E7082800205A46002018280020CD
S214004FF030B5054687B000B300226FF07F43C0E9A6
S214005000012301A8FFF7C2FE044698B9019B2B6056
S2140050101A885B88CDE90200013A013B02A92846BE
S2140050200492059328F0DFFC044618B90449284684
S21400503028F071FE204607B030BD0524FAE700BF11
S21400504064AC030038B504462DF027F90FCC044DA8
S2140050500FC594E80F0085E80F00002038BD00BF9C
S2140050601C28002047F6FF739A42F0B572D0062936
S21400507072D83A4B5B5C022B6ED8394D05EBC304F5
S214005080DF00A17815F83330012938BF0121012B44
S21400509013D1E0780025401AA84202D80844C0B2CE
S2140050A0F0BD431BA0EB5303666836F913609642C7
S2140050B0CCBF03F1FF301D46EEE760680028EFD056
S2140050C0B0F90040944204DBB0F902409442B8BF05
S2140050D014468388FF2B04BFB0F90620B0F908C039
S2140050E03D440FBF01260026C8224FF0280C131B94
S2140050F093FBFCF333446E781BB29E4201DD002B1B
S21400510001DA731E1BB201339BB24FF47A7C071D83
S2140051105D1E2DB24FEAC50E00EBC5059E42EA881D
S214005120AD6814FB025222EAE27202F15C02B2FBA4
S214005130FCF205DD37F83350954203F10103E7D260
S21400514000EB0E039888904228BF1046884238BF6E
S2140051500846A4E7FF20A3E70020A1E794AF0300DA
S2140051601C2800200629F0B561D8324B595C02296C
S2140051705DD8314B13F83100012816D103EBC1037B
S2140051809C78D8785B68012C214638BF0121904274
S21400519094BFC1EB0001C1EB0201CAB2001B824200
S2140051A0C8BF002233F91200F0BD002A3DD003EB41
S2140051B0C103596800293AD09878904202D3B1F9D1
S2140051C00200F1E7DC78B1F900009442ECD95C7893
S2140051D08B88A3F1FF06013C734201F10405E4B29B
S2140051E0734101F10C07DEB2B44216D805EBC303D7
S2140051F04FF47A75B3F902405B686A43D21A04EB3F
S214005200D47302EB630292FBF4F29042CCDBB1F96A
S21400521002009042C8DC10B2C6E737F833C09445A7
S21400522003F10106E2D33346DDE70448BCE7044851
S214005230BAE700BF94AF03001C2800200CFEFFFF57
S2140052400080FFFF08B50448FFF7FCFEBDE80840F5
S21400525001202DF047B800BF9CAF03007FB5094B77
S21400526009490222CDE901234FF08373CDE90313E8
S2140052704FF0FF300D2301A905932DF06FF807B00E
S2140052805DF804FB006A180006010C00024B034898
S2140052900122C3F8002670470010C84300000F40E4
S2140052A0094B98420ED003F58063984209D101223B
S2140052B0064B03EBC2035A68054B13449B000022BF
S2140052C01A6070470022F3E700000F400CB103009D
S2140052D08005F21010B504462369DB07FCD404F100
S2140052E0800028F0CDF9014B236510BD510545011E
S2140052F02DE9F043064689B0174698460C46002925
S2140053004DD1FFF7C3FF01460446304628F054FD52
S2140053104FF0010996F86C5006F15C01C5F10F06D6
S214005320C5F10E03F6B22A460DF1010001358DF8DF
S214005330003030F0AFFA324600210DEB050030F0B9
S2140053406FFBC6F1100001233246002168448DF839
S2140053500F3030F065FB28F03BF904F18006054677
S2140053606946304628F08CF90E4B23652369DB0727
S214005370FCD404A9304628F0A0F9284628F02CF9D9
S214005380424604A9384630F085FAB9F1000F02D03B
S2140053902046FFF785FF002009B0BDE8F0834FF0F8
S2140053A00009B7E7055101002DE9F04F89B0054621
S2140053B0DDF8489016461F460C4639BBFFF766FFD9
S2140053C001460446284628F0F7FC4FF0010B6B6CAC
S2140053D033446B6428F0FCF88246D6B9504628F071
S2140053E0FBF8BBF1000F0ED028F0F2F805F14C01E7
S2140053F0064604F1840028F060F9304628F0ECF800
S2140054002046FFF74DFF09B0BDE8F08F4FF0000BC8
S214005410DDE72B79102EB04628BF4FF01008012B81
S2140054200DD110220021684630F0FAFA394642467D
S214005430684630F02FFA69462046FFF74BFF39469C
S21400544004F18C0028F01CF9124B236501236365D8
S2140054502369DB07FCD404A904F1800028F02DF9A9
S21400546004A94246484630F015FA297961B9102257
S214005470684630F0D5FA49464246684630F00AFAA1
S21400548069462046FFF726FFC1444744A6EB0806B8
S214005490A3E700BF4805590370B5048804F4E04349
S2140054A0B3F5005F05461ED1C4F30223042B1AD1C0
S2140054B081F0AA6383F4807333F47E13204821F4CA
S2140054C07E1618D081F0AA6383F4007333F47E133B
S2140054D011D0864230D1B4F5105F0CBF6FF0860055
S2140054E06FF0850070BDB4F5105F25D1144B21F424
S2140054F07E119942F1E786424FEA1143C1F3054116
S2140055001AD1B4F5105F17D104390C2911D813F04D
S21400551001000ED1073A062A0BD86B88C02B0BD099
S214005520B3F5807FDED0802B0CBF00206FF08600A6
S214005530D8E76FF08600D5E76FF08500D2E700BFAA
S214005540000140052DE9F04FA7B0DDE93475DDF820
S214005550D880DDF8EC90089206461C468A4629B9A3
S2140055606FF08602104627B0BDE8F08F0028F7D00F
S214005570309B002BF4D0329B13B9339B002BEFD11A
S214005580002F7DD1002DEBD1389B002BE8D0B9F150
S214005590000FE5D03A9B002BE2D0399B002BDFD0E2
S2140055A0338803F4E042B2F5005F74D1C3F30222FD
S2140055B0042A70D184F0AA6383F4807333F47E13D4
S2140055C006D084F0AA6383F4007333F47E136BD1A1
S2140055D0C4F30543319AC9F8003021463046099392
S2140055E0FFF75AFF02460028BCD17288089BB3EB2F
S2140055F0D20F4FEAD20BB3D3379B9D425FD83A9A6D
S214005600099B93425BD8474508D27B19984505D23B
S21400561039462A46404630F0E9F9474670220021CE
S2140056200AA830F0FDF95A4651460DF12D00CDF886
S21400563050B030F02FF9234B24F47E149C423BD11B
S2140056403388B3F5105F37D1D9F800300693399B0D
S2140056500397CDE90483339B0293329B0193319BDE
S21400566000932A46309B01210AA828F0C0FC024677
S214005670E0B9389B1D6070210AA828F0B0FC71E7DD
S214005680002D81D0B8F1000F3FF46AAF379B002B96
S2140056907FF47AAF64E742F20402934204D184F0C6
S2140056A0052383F4801390E7002393E738990023BB
S2140056B00B60C9F80030DEE76FF08502DBE76FF0BD
S2140056C089024FE7000140052DE9F04FABB0DDE958
S2140056D038A4DDE93B6589460992984607460028C6
S2140056E000F0A280002900F09F80349B002B00F081
S2140056F09B80369B1BB9379B002B40F09580BAF1F8
S214005700000F02D1002C40F08F801DB93D9B002B6E
S21400571040F08A803E9B002B00F086803A9B002B50
S21400572000F08280359A41463846FFF7B5FE0246BD
S214005730002866D17A88099BB3EBD20F4FEAD20BCA
S21400574072D33D9B9C4272D8AA4509D20AEB04024A
S214005750954205D251462246284630F047F9AA46D9
S214005760702200210EA830F05BF95A4649460DF12A
S2140057703D00CDF860B030F08DF82E4A28F47E1843
S21400578000219045CDE90A11CDE90C1149D13A889E
S214005790B2F5105F45D1379B0293369B01930AAF53
S2140057A0359B00932246CDE90457349B0696CDF8E8
S2140057B00CA00EA828F01BFC0246C8B93A9B384637
S2140057C003EB060C90469C451FD11EB13146384669
S2140057D028F005FCB8F1000F20D03E9A0023136095
S2140057E01CB12146284628F0FAFB6FF0940204E02C
S2140057F01EB13146384628F0F2FB70210EA828F07C
S214005800EEFB10462BB0BDE8F08F10F8011B13F826
S21400581001EB81EA0E0148EA0108D4E73E9B1C60D2
S214005820EBE76FF08502E8E76FF08602E9E76FF0D6
S2140058308902E6E7000140052DE9F04F8FB0984653
S214005840DDF86CA0049093460023B8F1000F16D044
S214005850D8F800401029CDE90633CDE908330CBF4F
S21400586008231023029300255D450AD3B8F1000FE4
S21400587001D0C8F8004000200FB0BDE8F08F4446C5
S214005880E8E75CB1199B1A9A1B5D525D01345340E0
S2140058900AF8053004F00F040135E5E7FFF7F6FCDB
S2140058A04FF4404344600360064627F091FE029A98
S2140058B004990746304627F035FF06F1840318465C
S2140058C01899019327F0DCFE3846ABEB050727F066
S2140058D083FE27F00F0706F1A0032F440593AAF1D5
S2140058E01009BD4234D11A9B3B440AAD03F1100C9B
S2140058F0186859682A4603C2083363451546F7D127
S2140059000F2F0ED90AEB070306AD103B0DF1280C3E
S2140059102A4603CA624518605960154603F1080313
S214005920F6D106F1800357440AEB0B0903934F4563
S21400593036D127F04DFE18990546019827F0BDFE92
S214005940284627F049FE3046FFF7AAFC5D468BE75F
S21400595027F03EFE224B039033653369DA07FCD40A
S2140059601A9B0598591927F08BFE0F2D0ED90DF1AD
S214005970180C09EB05020DF1280E634603CB7345A0
S214005980106051609C4602F10802F6D106A906F1A5
S214005990800027F092FE039827F01EFE1035A0E741
S2140059A074B927F015FE0E4B336505463369DB07E1
S2140059B0FCD40398199927F080FE284627F00CFEA1
S2140059C004F138030DEB0302199B12F8102C1B5D33
S2140059D00134534007F8013B04F00F04A7E700BF6B
S2140059E0480503012DE9F74FDDF848A0DDE90E7400
S2140059F0DDE9106883461D46894621B96FF08600AA
S214005A0003B0BDE8F08F002AF8D00FB9002CF5D10E
S214005A1016B9B8F1000FF1D1BAF1000FEED02E4B47
S214005A209D4215D00BD82D4B25F4807199420FD08E
S214005A3003F580639D420BD06FF08500E0E7284BAE
S214005A409D4205D025F40071A3F580739942F2E7D4
S214005A50BBF80030B3F5105FEED1BBF80230B2EB06
S214005A60D30FE9D3802B02D0B3F5807FE4D124B3E3
S214005A70B7420AD23B199E4207D24445BED83946A1
S214005A80224630462FF0B2FF3746164BBBF802B020
S214005A909D424FEADB0BCFD14445AFD814F00F053B
S214005AA0ACD17319009301227B195946484628F059
S214005AB0D7FA30B91035AC42F3D8CAF80040002007
S214005AC09EE74246002130462FF0AAFF0023CAF880
S214005AD000306FF0920093E70010C00400404004CE
S214005AE00012C004004440042DE9F04F91B0DDE9F7
S214005AF01A4ADDE91C56DDF8789007469B4688462C
S214005B0029B96FF08608404611B0BDE8F08F002A2C
S214005B10F7D014B9BAF1000FF3D10DB9002EF0D1B9
S214005B20B9F1000FEDD0574B9B4515D00BD8564B0F
S214005B302BF4807199420FD003F580639B450BD000
S214005B406FF08508DFE7514B9B4505D02BF40071BD
S214005B50A3F580739942F2E73B88B3F5105FEFD167
S214005B607B88B2EBD30FEBD3802B02D0B3F5807FCC
S214005B70E6D1BAF1000F04D1C9F800A04FF0000832
S214005B80C1E7AC420BD204EB0A039D4207D2B245F2
S214005B90B7D82146524628462FF028FF2C46394BC8
S214005BA07F889B454FEAD70758D003F540739B453F
S214005BB021D0374B9B45C3D1B245A2D81AF00F0B64
S214005BC09FD140463B4608AA394628F083FA8046CD
S214005BD0002898D105EB0B030093002204EB0B037F
S214005BE0394608A828F03CFA804670BB0BF1100B2B
S214005BF0DA45EFD8C0E7AAF10D0AB2453FD801232F
S214005C008DF810300DF11102234604F10C0153F803
S214005C10040B42F8040B8B42F9D11B7813704FF437
S214005C208073ADF81E300D3404ABCDE9003340462A
S214005C30CDE90245002352463946FFF7FDFDC9F877
S214005C4000A0804600283FF45EAF3246002128467A
S214005C502FF0E6FE0023C9F8003054E7AAF1100A38
S214005C60B2453FF64EAF04AA04F1100C20686168F6
S214005C70134603C3083464451A46F7D1D4E76FF0D9
S214005C80890840E70010C004004040040012C00429
S214005C900044400410B54FF42F72044600212FF044
S214005CA0BFFE8023C4F88C30054BC4F88430012333
S214005CB084F8883004F19C00BDE8104027F002BB51
S214005CC01CB1030010B5D0F8A0400A4684B928F0ED
S214005CD00CFC044610B90024204610BD2D2896BFA3
S214005CE0064B074953F82010064828F045FDF3E711
S214005CF0D0F8A4101046A047EDE700BFC4B10300DB
S214005D001FB10300BCD70300F8B590F880600446C6
S214005D1016B100263046F8BD28F018FA0028F8D14B
S214005D20012384F8803094F8883033B1D4F8841096
S214005D30194884F8886028F01FFD4FF0FF37D4F824
S214005D40B402421C1CD0C4F8B47210F0FF0520D078
S214005D50204628F0F8F92946204600F0AFFB002838
S214005D60EDD0204628F0FDF994F888306BB1D4F8D1
S214005D708410094828F000FD002384F8883004E0E9
S214005D8028F0DFFC431CE0D10126002384F8803095
S214005D90C0E70126D3E700BF7AD40300F8B50B7836
S214005DA0302B04460D46164604D14B7803F0DF032D
S214005DB0582B11D0284F6A1E12F8011F002935D122
S214005DC028460A2226F066FA202C03460D4632D1D3
S214005DD0B1FA81F040091BE04A1C1F4912F8013F46
S214005DE093B928462FF089FD1C4B2340032BA0F1C6
S214005DF0020012D10134A41084420AD1A8783728B0
S214005E008CBF0020012003E0CB5C13F04400E5D1FA
S214005E10F8BDCCBF01200020FAE7002CB8BF033441
S214005E20B0EBA40FD4BF01200020F1E77B5C13F099
S214005E300400C1D1ECE726B1084302D0013B61F172
S214005E4000050122A240013A1A40002D08BF9A42DE
S214005E500CBF01200020DBE7611A0400030000806D
S214005E60F0B503787B2B014617D10D4F064602246A
S214005E70002216F8015F7D2D05D10B5D6BB9D2436C
S214005E8002F0010008E07B5D13F0440002D001320E
S214005E900134EEE7202DFBD0F0BD0020FCE700BF6C
S214005EA0611A040070B506460D462FF026FD04461E
S214005EB0304628F061FC044EAC4200D370BD30463C
S214005EC028F05AFC0134F7E7A8CB03002DE9F84F79
S214005ED0044602216048FFF7E5FF1E212068FFF711
S214005EE0E1FF6368586828F047FC5C4828F044FCEB
S214005EF067683B7BFD2B12D8D7F80880DFF85891EF
S214005F00DFF8B4A1DFF870B140462FF0F6FC0C378E
S214005F1006464FF0FF3417F8013BFF2B01D1BDE8D2
S214005F20F88F212B14D8212B14D8DFE803F0178C18
S214005F308884807C78741313131313131313706CF4
S214005F406864605C58541313131313131313504CE4
S214005F50FE2B34D006B10134414D02E006B10134C7
S214005F60404D02214846FFF79DFF1E214846FFF799
S214005F7099FF504628F000FC594628462FF073FC3F
S214005F803949002818BF2946384828F0F5FB3B78E1
S214005F90202B02D12B2028F0E3FB354828F0ECFB21
S214005FA04EB118F804301F2B05D018F804001F282F
S214005FB001D0B4424BDB294828F0DEFBABE706B144
S214005FC001342C4DCDE706B101342B4DC9E7002E28
S214005FD0A1D001349FE706B10134284DC1E706B1D0
S214005FE00134274DBDE706B10134264DB9E706B1A9
S214005FF00134254DB5E706B10134244DB1E706B1AD
S2140060000134234DADE706B10134224DA9E706B1B0
S2140060100134214DA5E706B10134204DA1E706B1B4
S21400602001341F4D9DE706B101341E4D99E706B1B8
S21400603001341D4D95E706B101341C4D91E706B1BC
S21400604001341B4D8DE706B101341A4D89E728F05F
S21400605087FB0134A9E700BFF3B20300FBB60300D9
S21400606089B2030083B20300DAB203007AD40300D5
S21400607035C60300906C030091B203009AB2030089
S214006080A1B20300ACB20300B6B20300C0B2030074
S214006090ABB20300B5B20300BFB20300C8B2030040
S2140060A0CCB20300D4B203007DB2030084B2030076
S2140060B0D3B203007CB2030074D803002DE9F04F7E
S2140060C09BB005468B46009204932FF016FC249F47
S2140060D0049B059000241C600AAA3C6009A9284677
S2140060E028F06BFB064658B90A982FF006FC049B6E
S2140060F01860D5F89C3003933446B146039B1BB911
S21400610020461BB0BDE8F08F039B9B680193002BD5
S21400611069D02E4416F8013B202B12D000260C2303
S214006120019A734302EB030AD3580293002B55D00F
S214006130DDF82480C84551DB9AF808302BB1721C74
S21400614035E03B6801333B60E4E73B68D5F89420D4
S2140061500299D21A049B1A601AAB03EB890353F810
S214006160403C069318462FF0A3FB07900028E6D184
S21400617002982FF0C2FBDAF80410079AD7F800A0AE
S2140061800346087BFE2816D108F1FF38C8452ED0F6
S2140061900B680698029201932FF0AFFB0AF10103F9
S2140061A0029A0344E95C21B13B6009F101091646F5
S2140061B0B5E70133F6E7D5F89420A2EB0A029A4237
S2140061C0BDDC584606932FF098FB069B03447B2BBA
S2140061D01DD91F4A0099584627F09BF8059A2B466A
S2140061E02A449A422AD1039B1B68039386E7D5F874
S2140061F09420A2EB0A029A42E3DDD1F8008058F818
S2140062000C2B82B9059B3B60049B1A60E6E7029A5A
S2140062100099584627F07DF80E4A009958460134F2
S21400622027F077F88BE70099584627F072F8094A66
S2140062300099584627F06DF80134E0E713F8011B83
S2140062400029CED14FF0200103F8011CC9E700BF9A
S214006250DCB20300A8CB03002DE9F04786B0DDE9E9
S2140062600EA800241C60064689468AF8004011687D
S214006270154888F8004017461D468DF81740FCF76D
S214006280D7FC18B92B6801332B600124D6F89C6024
S214006290002036B914B1012388F8003006B0BDE8F6
S2140062A0F087B06868B14B46CDE902A8CDE9007525
S2140062B00DF11702002128F0B7F89DF81730002BD3
S2140062C0E8D13668E5E700BFE1B203002DE9F04308
S2140062D00026ADF5457D04467C22314605A802AF72
S2140062E004962FF09DFB009703AB802204A920465E
S2140062F0FFF7E4FE01283ED104A82FF0FEFA03992A
S2140063003B68A0EB01080B44234428EAE8780546DE
S21400631004A80144424618462FF0BCFA00F808606C
S214006320D4F89060039B3968D4F890201944B142A1
S21400633012DCD4F89410E81A0244C4F89020014401
S21400634004AAC4F89410D41825182B1B002B0DDCB7
S2140063500DF5457DBDE8F083A05C28F001FAD4F881
S21400636090300133C4F890300136DBE714F8010BA7
S21400637028F0F6F9E9E7EBDD24AD80223146284621
S2140063802FF04EFB44AB4FF40072314618462FF008
S21400639047FB0DF1100903464A464FF00108314607
S2140063A012F8016B002E49D104A843F828102FF0EC
S2140063B0A4FA2946334619F8016B0DF5887C5CF87B
S2140063C0042B824243D10133984501F8016BF2DA7F
S2140063D0D4F89060039BB34242DC364A36482346E4
S2140063E004A928F0C9F928462FF087FA039B3F68CE
S2140063F006461F44F61AE0191D4426EAE67204F122
S21400640098031744984204EB07014ED204F1900318
S21400641099424AD96A1E81190B1A002B39DD12F8E7
S214006420013F00F8013BD4F890300133C4F89030B7
S214006430D4F894300133C4F89430EDE7202E01F1FF
S214006440010104BF43F8281008F10108A8E70DF180
S214006450100E7244D25CB242B1D00022EA54B7E7C2
S214006460D4F89030E05C28F07BF9D4F89030013313
S214006470C4F890300136ADE7D4F890200132C4F865
S2140064809020D4F894200132C4F89420013B002BCD
S214006490F2DC0023E3552E44731B002B7FF758AF26
S2140064A015F8010B28F05CF9F6E729462FF0F2F90B
S2140064B03346ECE71CB10300E6B203002DE9F843CF
S2140064C0D0E9245604460F46002294F89830012B53
S2140064D007D10A2F07D1002384F898300020BDE8A2
S2140064E0F88300F29F801B2F01D10223F4E70D2FC3
S2140064F00DD1012384F898300D2028F031F90A20B8
S21400650028F02EF90023C4E924330120E7E74FF0F2
S2140065100008082F84F8988034D1454530DDB54210
S2140065200FD1384628F01CF9013D202028F018F934
S214006530384628F015F904F80580013EC4E92456CB
S214006540CCE7FBDA05F1FF39384628F009F904EB09
S2140065500903A6EB0902611918462FF047FA04F85A
S21400656006800146484828F007F9013E35464D4565
S21400657001DC4D46E2E7082028F0F2F8013DF6E798
S214006580ACD0DBE77F2F1CD1002EA7DDB542A5DA05
S2140065906319691C2144721B18462FF027FA04F869
S2140065A006800146394828F0E7F80820013E28F022
S2140065B0D7F8B542F9D1D4F89430013BC4F89430FA
S2140065C08CE70A2F98D0092F03D12046FFF77EFECE
S2140065D084E7D4F88C30013BB3427FF77FAFB542F7
S2140065E004EB050805F101090CDB88F80070D4F807
S2140065F09430C4F890900133C4F89430384628F0AC
S214006600AFF86BE7721B414604EB09002FF0EEF97A
S214006610404628F0B1F80820013E28F0A1F8B5421F
S214006620F9DDE2E7022B06D15B2F01D1032353E706
S21400663084F8982049E7032B7FF450AF413F84F855
S2140066409820032F3FF64AAFDFE807F002070A1646
S2140066500121204628F035F840E74FF0FF31F8E7F3
S214006660B542BFF63BAF605D28F07AF8D4F89030BC
S2140066700133C4F8903031E7002D7FF72FAF013D8E
S214006680C4F890500820BAE7EFB203001AC7030018
S2140066907FB5094B6A4603F1100615461868596817
S2140066A0144603C40833B3422246F7D12846FDF702
S2140066B08FFF002004B070BDF4B2030070B5184B15
S2140066C086B001AA03F110061546186859681446E4
S2140066D003C40833B3422246F7D11B882380114BEC
S2140066E0D3F8B420120316D5A3F500434FF6FF7275
S2140066F01B88934208BF4FF4A5730B48ADF80A30C9
S214006700FCF74CFA2846FDF71BFB3220FDF790F904
S214006710002006B070BDD3F8B830C3F30803ECE72A
S21400672004B303000081E00F00F0490207B5084BF0
S21400673018680190202301A88DF80430FDF740FB6F
S2140067403220FDF76FF9002003B05DF804FB00BFB0
S21400675016B3030010B50C480C4C6FF00403A021D0
S21400676013F0800F03F1010207D12344332A83F884
S21400677000131346F4D1002010BD03F00F03043BB2
S214006780034419761346EBE700ED00E000E100E075
S21400679010B5044626F01CFF024B1C6026F01CFFBA
S2140067A0002010BD4428002010B526F011FF034B32
S2140067B01C6826F011FF204610BD00BF44280020AC
S2140067C038B50C461546014610B9FFF7EDFF0146F1
S2140067D02B46224603480AF009FA0028D4BF372081
S2140067E0002038BD23E9020030B5144687B00546C0
S2140067F0104628F0C8F8636983423CBFD4E90331E9
S2140068005B181B1A02467BB10F4903910021CDE9A4
S2140068100131012304940093D4E90013284626F09E
S21400682087FE002007B030BD0122627694F82D2046
S214006830002AF6D084F835301321E36920469847BD
S214006840636A20469847ECE7E96700002DE9F047C1
S21400685088B004460F461646984626F0C4FE814683
S214006860002E7BD0237E03F0FF02002B00F0A380D7
S214006870204628F088F86569A84205D1637ED4E9E9
S214006880033213445D1B01E0F9D9451BB54228BF0E
S214006890354626F0A8FE94F82D308246002B6ED1A1
S2140068A061692A4638462EF0F5FF63692B4463611A
S2140068B02E4621E0037803F0FD0111295CD1216BFF
S2140068C0814205D1A3F111014B424B4184F834308B
S2140068D0013E6369216B8B4203F1010308BF23630A
S2140068E06361013295426069E4D1D4E90323216BE8
S2140068F01344994200D12263D4E903236169207AC4
S214006900134499424FF0000508BF62616576FCF7B4
S214006910FBFB204628F037F86369834232D194F8AF
S2140069202D302576E568656103B12563636A2046E8
S2140069309847224B03930023049402932369019300
S2140069400123009363682168207A2A4626F0F0FD2A
S214006950207AFCF7F9FB504626F04BFE4846C8F86E
S214006960006026F046FED8F80030002B0CBF1B2037
S214006970002008B0BDE8F08707F8013BA9E72E46DF
S2140069800022AFE701232376207A0DF11E01FCF7E3
S21400699043FC9DF81E30002BDAD00DF11F01207A43
S2140069A0FCF712FC9DF81F100029D1D1207A224650
S2140069B0FFF71AFFCCE71646D0E700BFE9670000EE
S2140069C0002807DB044A4109012300F01F0083402A
S2140069D042F82130704700BF00E100E0002808DBE5
S2140069E04309044900F01F0001226033824041F849
S2140069F02320704700E100E070B504460568FFF705
S214006A00D3FE844202D10020FFF7C2FE95F936601D
S214006A103046FFF7E3FF002E0CDB7309194906F03A
S214006A201F0620330122B24041F82320BFF34F8FC8
S214006A30BFF36F8F95F937603046FFF7CFFF002E14
S214006A400CDB73090F4906F01F0620330122B24003
S214006A5041F82320BFF34F8FBFF36F8F287AFCF7E0
S214006A6093FB287AFCF7F4FAFCF7D0FA0023C4E983
S214006A700033C4E90433A3602846AB6ABDE870401F
S214006A80184700BF00E100E02DE9F0430C4615462C
S214006A90064687B04022002120461F462EF0C0FF43
S214006AA0002395E803002A692376EB68E360C4E9CF
S214006AB004232A7D84F82C20AA7D2363012384F8EE
S214006AC0343084F835300E9B236284E803000F9B35
S214006AD06362109B84F82D20E761A3622B7A84F80A
S214006AE036306B7A84F837302D4B73602D4BB3609D
S214006AF02D4B33612D4B346073612D4BF360FCF7E7
S214006B00CDFA38B12B4B984204D01024204607B05B
S214006B10BDE8F083002104F10800FCF747FA0746B9
S214006B200028F2D1244B33624FF00108234B84F83F
S214006B303C80B361224BF3619DF8483084F83B30CB
S214006B409DF8443084F83A30697D84F8390084F83A
S214006B503880204627F028FF95F909904846FFF729
S214006B603DFF4846FFF72CFF164B0494CDE9027311
S214006B702369CDE900836368E2682168207A26F0FD
S214006B80D7FC04460028C0D195F908502846FFF7E0
S214006B9025FF2846FFF714FF3046FFF7F9FDB5E757
S214006BA0F9E902004D68000075E902007BE9020081
S214006BB0F9690000038000F04FE90200A9E902002D
S214006BC081E90200E96700002DE9F04186B01C4625
S214006BD0524B0C9D0293524B01930126514B00934E
S214006BE0CDE90366504B90460A462946FFF74CFF10
S214006BF00746002856D123682B6463686B64637A63
S214006C0085F84930237A85F84830E37A85F84B30A2
S214006C10A37A85F84A30637B85F84D30237B85F868
S214006C204C30E37B85F84F30A37B85F84E303F48E9
S214006C303146FCF7C3FC3E483146FCF7BFFC617AA0
S214006C40207A33460422FDF795FD33460222E17A88
S214006C50A07AFDF78FFD60683146FCF7AFFC88F838
S214006C6000704146206826F0F7FD2268536F43F017
S214006C7003035367936F617C23F4F85323F01F03D9
S214006C8043EA0123A17C0B4393670323536785F8EC
S214006C90507098F81920202A28D007D8E2B1102A78
S214006CA038D02327384606B0BDE8F081302AF8D120
S214006CB085F8503002220023617B207BFDF75AFDC9
S214006CC02368E27CDA675A6E42F004025A665A6F0C
S214006CD042F010025A6766B92A6C2068D36C43F0FB
S214006CE00403D364052126F0B0FDDBE7022385F814
S214006CF05030E17BA07B00230422FDF73BFD236898
S214006D00217DDA6F42EA0122DA675A6F42F02002EA
S214006D105A67E1E733463E46CAE700BF25EB020066
S214006D2019EB0200B1EB0200A5EB020040410500A2
S214006D3000350A0007B501F019FB6A4601F07CFB36
S214006D4018B10448522100F0DDFADDE9000103B075
S214006D505DF804FB1AB3030008B501F03BFA18B15E
S214006D6002487A2100F0CEFA002008BD1AB30300CC
S214006D7008B500F025FA0D4A536A43F4E02353623F
S214006D80EFF308830A4A043B4FF0CD31934209D211
S214006D90084B01221A61FFF7DFFFBDE808400648EE
S214006DA0FEF750B943F80419F0E700BF00ED00E025
S214006DB00000002000300E4054B0030007B5042247
S214006DC00DEB020100202BF045FA042804D00548FC
S214006DD040F2671100F096FA019800F0D9FB03B074
S214006DE05DF804FB1AB3030010B50A0A41400748D1
S214006DF0C9B2082301F00104490804B14140013B2F
S214006E0013F0FF03F6D181EA020010BD2083B8ED2F
S214006E102DE9F843134C144EDFF85480134FDFF877
S214006E205490002523780BB9BDE8F88356F8043B48
S214006E3022464146002027F07DFD22782346013475
S214006E40002AFAD15B7853B105F00303032B0CBF7D
S214006E5039464946002027F06DFD0135E2E7394600
S214006E60F8E700BF92B8030000100020FAB603004F
S214006E7077B3030093EE03006B4B1B8840F60522A6
S214006E8093422DE9F0410ED8B3F5206F0DD840F2AD
S214006E900252934218D040F20172934220D040F240
S214006EA0015293420AD0BDE8F081A3F602235F4C5C
S214006EB0032B1ED8DFE803F0376396B25C49002048
S214006EC0BDE8F04127F036BD5A49002027F032FDD4
S214006ED0564B1A6C5849BDE8F041002027F02ABDF1
S214006EE0524A5649BDE8F041D2E92423002027F053
S214006EF021BD5349002027F01DFD94F868309E07F9
S214006F0003D55049002027F015FD94F86B305D0638
S214006F1003D54D49002027F00DFD94F96B30002B6A
S214006F20C1DA4A49CBE74A49002027F003FD94F826
S214006F306430980704D0226C3F49002027F0FAFC02
S214006F4094F96430002B04DA226F4249002027F0BF
S214006F50F1FC414FDFF80C8100250126626E06FA2F
S214006F6005F3134207D057F8252013781BB1414686
S214006F70002027F0DFFC0135082DEFD193E73749D5
S214006F80002027F0D7FC2C49226C002027F0D2FCEA
S214006F9094F86530590703D53149002027F0CAFC1C
S214006FA094F96530002B04DA226F2A49002027F076
S214006FB0C1FC294E2B4F0825636EEB40DA0707D538
S214006FC056F8252013781BB13946002027F0B2FC6E
S214006FD00135102DF0D194F8640000287FF463AFDB
S214006FE021496DE721491C4E1E4F002027F0A2FCC8
S214006FF0226C1149002027F09DFC1025636EEB40A3
S214007000DB0707D556F8252013781BB13946002034
S21400701027F090FC01351A2DF0D144E714490020E2
S21400702027F088FC226C55E75C3D0020001000200D
S21400703081B30300BFB30300F0B303000BB4030037
S21400704027B4030040B403007BB40300AFB40300CE
S214007050ECB4030012B50300ECBF030039B503001F
S21400706051B5030030B5030098B50300C9B5030059
S214007070E3B503002DE9F04F424CD4E90D32D4E9D4
S214007080121B580748BF0026D4F83CA05DBFD4F8B2
S21400709050803D4EDFF81C91DFF81C915ABF8B469E
S2140070A09246B04613F0080F384B394A394918BF94
S2140070B01A46B6EB080718BF7D0885B01BBF6423C9
S2140070C003FB0B553D46B5FBF7F54B4618BFADB277
S2140070D0CDE9016ACDF800800020BFB227F02AFC77
S2140070E0CDE900972C492B461FFA8BF2002027F09B
S2140070F021FCB24501D8C24504D228494A460020A0
S21400710027F018FCD4E91703184338D02449254F34
S214007110DFF8A880002027F00DFC00250126E26D90
S21400712006FA05F3134207D057F8252013781BB14B
S2140071304146002027F0FEFB0135202DEFD11A4FE7
S214007140DFF8788000250126226E06FA05F3134242
S21400715007D057F8252013781BB14146002027F0AA
S214007160E9FB0135122DEFD11049002027F0E2FB94
S2140071700E49002005B0BDE8F04F27F0DBBB0C49F8
S214007180F4E700BF00100020001000200AB603003D
S21400719011B6030019B603004BB6030085B603000C
S2140071A0A4B6030024BF0300A4BF0300FBB603007D
S2140071B0D4B6030005B603001CE2030079D403002E
S2140071C010B5FDF7C5FC0446FDF7BCFCE30721D46B
S2140071D001221046114600FA01F3234002F1010293
S2140071E01AD0214B33F811302049062B19D040F223
S2140071F00722934212D14FF000524FF20F005488EC
S21400720084420BD11088984208D14CF23C3353800C
S214007210088010BD0021E4E7112ADBD1134A138051
S21400722012E04FF000534FF20F025888904218D1E8
S2140072301B88B3F5406F28BF4FF4C0630B804FF038
S21400724000534CF23C325A80084B1A8840F20173C5
S2140072509A4201BF064A074BD2E90001C3E9000182
S214007260D7E74FF4C063E9E770B803005C3D002041
S2140072709010002048280020014B1888704700BF57
S2140072805C3D0020014B1888000A70475C3D0020DA
S214007290044B05481B881A0AB3F5406F38BF00EB4D
S2140072A0820070475C3D002040B80300044B1888FD
S2140072B0044B020AC0B253F8223003EB800070473A
S2140072C05C3D002010B8030010B5044626F087F990
S2140072D04FF000534FF20F021C805A80BFF35F8FAF
S2140072E0BFF34F8F0549064BCA6802F4E0621343AA
S2140072F0CB60BFF34F8F00BFFDE700BF00ED00E09F
S2140073000400FA0538B504460D462BF017FD08496B
S2140073102B462246002027F00DFB27F0EBFC26F03C
S2140073205EF929462046BDE8384027F0C9BC00BFB4
S214007330EAB603006B4A6C4B2DE9F04155685D6573
S214007340516A996569496A4CD1F80002D865D1F846
S21400735004121966916A5966D16A9966116BD966E4
S214007360516B1967D26B586B5A67D3E90E1210F03F
S214007370040F18BF11465F4A1A6500209142D86470
S2140073805DD301F12000A04259D888691864C5F37E
S2140073900805CE695E64062D55D1574DA84252D3D6
S2140073A0564DA8424FD205884DF6426085424AD1D6
S2140073B01868C3F890005868C3F8940040F201704B
S2140073C0A242154605D22E68B6F1CD3F02F1040260
S2140073D0F6D00022C3E91E22C3E92022C3E92222F6
S2140073E0641BDFF814C1424DDFF810E19C648D4247
S2140073F02CD8D3E91EC7D3E92065D3E922414FF044
S214007400000E013AD2B2FF2A3BD1BEF1000F05D0E2
S214007410C3E91EC7C3E92065C3E92241B3F8543067
S214007420C3F30803DA1E0F2A52D8DFE802F03458F6
S214007430414451515151514E5151515151380021F1
S214007440C3E910112B494FF42060B9E755F8044DF5
S2140074506445CCD37445CAD2E607C8D5284F002663
S21400746057F8048FA045C2D00136062EF8D132B1A7
S214007470013AD2B202F11E0643F82640B7E70522CB
S214007480F8E7E0464FF0010EBC4637462E46254646
S2140074900C464146B5E740F60120BDE8F081194BA1
S2140074A0DB6913F0020F40F2025318BF1846F4E7E8
S2140074B040F60320F1E740F2017240F60423B0F5EF
S2140074C0206F14BF10461846E7E740F60520E4E7AD
S2140074D0013B40F60722412B98BF1046DDE740F6F9
S2140074E00220DAE700ED00E00010002000E100E0F6
S2140074F000100020000000200C010000805E030049
S214007500741000200020054000F00CB800F00AB807
S21400751000F008B800F006B800F004B800F002B8B2
S21400752000F000B872B61EF0080F09D01EF0040F67
S2140075300DD0DFF850E0AEE8FF1F6FF002000CE061
S214007540DFF840E0AEE8FF1F6FF00E0005E0DFF862
S21400755034E0AEE8FF1F6FF006006946EFF30982DD
S2140075608EE8070086460848084C854501D3A545A1
S21400757001D384F30888FFF7DDFE84F30888FFF75D
S214007580A3FE000000100020400000200010002095
S21400759083B24BF6EF62002B08BF1346044A000C7A
S2140075A013804FF6CE2308BF1846024B188070474C
S2140075B01E1500201C1500200B4BB3F90020188860
S2140075C0002AB8BF80F0620042001A80074AB2F96B
S2140075D0001013880029BCBF83F4805383F00B038C
S2140075E059001180584070471E1500201C150020B9
S2140075F008B501F00DF960B10A4B0344072B0DD80E
S214007600072B0BD8DFE803F00C060A080A0A0A0460
S214007610C12008BDC320FCE7C420FAE7C520F8E770
S214007620C220F6E7FF1FFF0FF0B551B1002807DABA
S2140076302D23B0F1004F137000D04042012100E02E
S214007640002100250E4F2C4657F8046B002301E05E
S214007650801B6346864203F1010CF9D913F0FF0341
S21400766000D125B14D1C30335354E9B20125013405
S214007670E4B2092CE8D130305054481CC0B2F0BDFA
S2140076805CC003002DE9F04F002495B021468046EB
S214007690164603A8442202949A462EF0C1F9A14643
S2140076A0274602AC2546317859B9641BE4B2224617
S2140076B029460020C047002840F08F803819C0B205
S2140076C08CE0252918D0B9F1000F19D104F8011B58
S2140076D012AB9C42C0F0D380641BE4B2294622461B
S2140076E00020C0470146002877D13C44482228465F
S2140076F0E7B22EF095F9C1E0B9F1000F00D10136DE
S2140077003278622A47D021D8252A3ED004D8002ACB
S214007710CBD04FF00009DBE7392A15D82F2AF8D945
S214007720717801F0DF01582940F0D880322A06F13E
S214007730010940F0C08020463AF8041B042227F0D6
S214007740E0FA04464E46E4E7582A15E0632A6BD072
S214007750A2F1640C5FFA8CFCBCF1140FD9D8614B13
S214007760012101FA0CF010EA030940F08A8010F4B7
S214007770104060D1BCF1140FCBD120461AF8041B80
S214007780022227F0BEFA0446C3E7214601F8022B80
S21400779062700C46BDE7DAF800300193DAF8043080
S2140077A000934FF000090DF1480B009B994502D15C
S2140077B00AF1080AADE7019B204613F809100222D9
S2140077C027F09FFA5845044612D3441BE4B22946D4
S2140077D022460020C047014618B1002015B0BDE87B
S2140077E0F08F482228462EF01BF93C44E7B22C4680
S2140077F0009B5A1E4A4584BF202204F8012B5C4594
S2140078000FD3641BE4B2294622460020C047014637
S2140078100028E2D1482228462EF002F93C44E7B27E
S2140078202C4609F10109C0E7534653F8042B04F827
S214007830012B9A466DE7641BE4B222462946484669
S2140078405AF804BBC0470028C7D13C4448224946E2
S2140078502846E4B22EF0E4F85FFA89F34F461BF8A8
S214007860030009F101090028F6D1FFB23A4659464D
S214007870C0470028B1D13C44E7B281462C460136C9
S21400788011E76C2ADAF800000AF104090FD17378C0
S214007890752B01D0642B04D1B3F1750118BF0121FB
S2140078A001362246FFF7C0FECA46044431E7752A71
S2140078B008BF0021F5E7342A10D15646042256F8B0
S2140078C004AB20464FEA1A4127F01BFA1FFA8AF14A
S2140078D0042227F016FAB246044633E74FF00109B1
S2140078E0F6E600BF0101020008B5054813460A4641
S2140078F00021FFF7C7FEB0FA80F0400908BD00BFC0
S214007900F7EC0200054B1A782AB95B78002B0CBFFF
S2140079100320022070470120704700BF634E0020FE
S2140079200329F8B598BF134B054698BF5C5C0E4616
S21400793088BF0024032805D8DFE800F002080B0EF5
S21400794044F002040C4B1F684FB9F8BD44F008041D
S214007950F8E744F02004F5E744F08004F2E77B689B
S2140079601A68144203D05B683146284698473F6839
S214007970EAE700BF80C003007C28002038B5104D21
S2140079802B78ABB10F4C23781BB127F0DBF9002323
S2140079902370002027F0D7F90B4C50B100F0DEFA28
S2140079A0002320782B700121FFF7BAFF01232370F4
S2140079B038BD064B01221A70054B22781A70F7E77D
S2140079C05F4E00205D4E0020654E0020604E002079
S2140079D0614E002010B525F0FBFD064B1B780446D3
S2140079E01BB1BDE8104025F0F7BDFFF7C7FF2046E6
S2140079F0F7E700BF5C4E0020094A137830B1013328
S214007A001370084B1B78012B03D87047013B13708B
S214007A107047054B1B780BB9FFF7B0BF704700BF28
S214007A20634E0020654E0020604E002070B5144E58
S214007A3025F0CEFD33780546ABB900F0CBFB044607
S214007A4020B1284625F0C8FD204670BDAFF3008063
S214007A500C4825F037FC00F09BFE0B4B1C6000F03A
S214007A609FFC0A4B186000F0EFF927F06EF9084B00
S214007A701860012328463370002425F0ADFDE3E7A7
S214007A80664E00207C280020502800207828002001
S214007A90542800202DE9F843284A0138135C39B1F0
S214007AA0274F397801330129135404D8BDE8F883E9
S214007AB0013B1354FAE7FFF725FF0128044635D8A3
S214007AC0DFF8888025F084FD98F80030054613B36B
S214007AD01C4E33781BB9012232701B4A1370DFF834
S214007AE0709099F8003023B127F02CF9002389F81C
S214007AF00030284625F070FD012027F024F925F0F7
S214007B0067FD337805461BB100F028FA0023337072
S214007B10002388F80030284625F05EFD3878844239
S214007B20C4D02146FFF7FCFE3C70BFE70329F5D121
S214007B300228F3D100F05EFAF0E700BF634E0020A3
S214007B40654E00205C4E0020604E00205F4E0020F8
S214007B505D4E002038B525F03BFD094B1B78012B08
S214007B60054604D825F038FD0024204638BD054BD0
S214007B701C6800F031FA0444284625F02DFDF4E791
S214007B80654E00205028002038B54160044625F098
S214007B901FFD21460546044825F097FB2846BDE80C
S214007BA0384025F019BD00BF7C280020054B1B6817
S214007BB0584300F57420044B00F23F20B0FBF3F06E
S214007BC0704700BF7828002040420F002DE9FF478D
S214007BD0EFF3108772B6AFF3008025F01EFA002888
S214007BE071D0714EDFF8E481337823B10020FFF7BF
S214007BF003FF00233370FFF785FE0446002869D094
S214007C00841EE4B2012C6CD9FFF77CFE0128674C79
S214007C10DFF8BC91054600F28E802078A84205D099
S214007C2099F80030002B00F0B2802570207800F024
S214007C30BDF999F8003013B15D4B1B782370AFF394
S214007C40008007B962B6EFF3108772B6594B1A7800
S214007C5052B100221A70564B20781B78984203D1F6
S214007C6001212170FFF75CFE534800F0EDFA25F085
S214007C70E8F905460028B7D1DFF8588198F80030B3
S214007C80A3B189F80000DFF8409199F800301BB1E5
S214007C9027F058F889F80050002027F054F80028FC
S214007CA079D000F05BF9002388F80030337823B1F0
S214007CB00020FFF7A1FE0023337020780021FFF795
S214007CC02FFE00232370AFF3008007B962B604B01E
S214007CD0BDE8F0873378002B96D0FFF78DFE347022
S214007CE092E703A9002000F0FDFA044600288BD195
S214007CF0D8F80030039A9A4205D80120FFF77CFE98
S214007D000123337080E72D4B1D6800F065F9039B57
S214007D1005449D42F1D200F083F98200039926487B
S214007D2042F0020292B2CDE900422346244A491BA1
S214007D3027F00FF868E7DFF89CA09AF80030CBB978
S214007D4026F0FDFF2078854203D099F80030D3B1A5
S214007D5025709AF80030002B7FF468AF194B1B781B
S214007D6023B926F0EEFF184B01221A7001238AF879
S214007D7000305BE7207885423FF458AF99F8003032
S214007D80002B7FF452AF2946FFF7CAFDE0E72946ED
S214007D90FFF7C6FD49E7012000F008F907B962B60B
S214007DA0EFF3108772B677E75E4E0020654E002030
S214007DB0614E00205A4E00205828002050280020EF
S214007DC0D5790000624E00205D4E00205428002029
S214007DD0604E00205F4E002010B525F0F9FB054BE5
S214007DE000221C781A7025F0F7FB00F0F1FB204308
S214007DF0C0B210BD5B4E002073B5114E337883427F
S214007E0004460ED000230F4DADF8043058B101A83B
S214007E10FCF720F91E20FFF7C9FE2B681B1A2B6003
S214007E20347002B070BD022301A88DF80530FCF74F
S214007E3011F91E20FFF7BAFE2B680344EFE700BFD8
S214007E405C1500208428002073B52D4C002501A861
S214007E50636A636A8DF80450FCF70AFA2846FFF74F
S214007E60CBFFD4F8903003F00403AB42254B14BF8D
S214007E7001222A461A70D4F89030234CC3F30033FC
S214007E80237005D04FF41670FFF790FE1F4B186056
S214007E9023781F4DEBB11120FBF7E2FC1849D1F80F
S214007EA00031C3F3042303FB000292B14C6C194E5D
S214007EB0C4F30B44002301341946501E04EB84041B
S214007EC0E4FB060123F0C4FEFFF770FE2B680344B4
S214007ED02B60114B1B680120C3F303239840C0F1AD
S214007EE0010000EB80006430FFF760FE2B6803445F
S214007EF02B60034BD3F89020084B1A6002B070BD7D
S214007F0000400E40694E0020674E00208C2800205E
S214007F108428002040420F000020044080280020D3
S214007F2008B50B4B1B7893B1022000F003FC70B130
S214007F3000F008FA58B1002201210220FBF718FED3
S214007F4026F066FF034B1860034B01221A7008BD2B
S214007F50694E002088280020684E002038B50E4C58
S214007F600E4D23782BB92B781BB126F051FF0C4B06
S214007F70186025F057FC2B786BB10A4AD2F890307F
S214007F801B07FBD526F044FF054B1B68C01A064BA3
S214007F9018600023237038BD684E0020694E00200C
S214007FA08828002000400E408C28002002280AD096
S214007FB003280BD001280CD1064A136923F00403CA
S214007FC0136130BF70470020FCF756B80020FCF75E
S214007FD089B8704700ED00E0044B1B680BB103EB5B
S214007FE0D303034A10681844704700BF8C2800204B
S214007FF084280020084B45F60E02D3F88011C3F8FB
S2140080008021064A126802F4A0721A66CA0744BFA4
S2140080100022C3F88021704700400E4080280020D0
S214008020014B1878704700BF694E002038B500F045
S2140080301FFB094C094B1A6823680025C31A2AB18E
S21400804023B15169994203D3C91A5161206038BDE2
S21400805055615B1A9268F2E7942800209828002061
S214008060C38870B504460D463BB9FFF773FD8542DD
S214008070064602D226F057FE35460E4965610B6865
S2140080808BB90C60A3600DE0AD1A9A68656118465E
S2140080906AB113465A69AA42F6D930B18460521BB7
S2140080A0A3605A6170BD0020F4E70C60F7E79C609F
S2140080B0A260F7E79828002038B5134D2B685B6957
S2140080C093B1124A146802201C4400F005FB2046B7
S2140080D000F0D4FA0E492A6800230B70D088800777
S2140080E009D501230B7038BD022000F0F5FA0220F6
S2140080F000F018FBEEE79268002AF4D050690344BB
S214008100012BEBD9EFE700BF982800209428002029
S2140081106B4E002070B516469DF814200271049A26
S2140081200260C0E903360022BDF8183082600446BB
S2140081300D46C380EEB900F09BFA2844A0619DB1BD
S2140081402E4625F045FA0546FFF770FF31462046D5
S214008150FFF786FF104B1B68A34201D1FFF7ACFF69
S214008160284625F039FA02E0E36865617BB900200D
S21400817070BD00F07DFA3044A061002DE0D1E368C8
S2140081806561002BDDD0216820469847D9E7216835
S21400819020469847EBE700BF982800200C490B685C
S2140081A000227BB183420AD183687AB193608368E8
S2140081B01BB15A6941690A445A61002070471A4641
S2140081C09B68EEE70028EFD0022070470B60EEE7D2
S2140081D09828002070B5154E25F005FA3478054627
S2140081E0FCB9134B1C60134B1C60134B1C8000F037
S2140081F0FBF9012000F070FA00F0C4FA0F4B0246BB
S214008200186020B9284625F0F4F9232070BD2346CF
S2140082100B4840F2E73123F01BFD0A4B18600123A0
S2140082203370284625F0E5F90020EFE76C4E002075
S21400823098280020942800205E3D00209C280020DE
S21400824018FCFFFF9028002070B5044640B325F0C8
S214008250BFF9144E0546FFF7E9FE3068A04209D084
S2140082602046FFF79BFF0446B0B1284625F0B4F938
S214008270204670BDFFF792FF04460028F5D133680C
S2140082803BB9022000F036FA284625F0A5F900246E
S214008290EEE7FFF711FFF7E73368002BF4D1F0E7BE
S2140082A02224E5E79828002038B50C460546A8B1F4
S2140082B0A1B100230B7025F096F9094B1B6801212C
S2140082C033B925F096F9002038BD9D4204D12170BF
S2140082D02278002AF9D0F4E79B68F1E72220F3E73A
S2140082E098280020F8B506460F4625F07CF9134B73
S2140082F01B680446002523B9204625F07AF91B2082
S21400830011E05A691544DA88B2420DD10C4E00F0DD
S214008310AFF93368C01AA8420AD3002320463B6050
S21400832025F067F90020F8BDFF2EEFD09B68E2E746
S21400833000F09EF933682B441B1AEFE798280020BC
S2140083409428002008B5074B187848B126F060FD41
S214008350054B1B689B69C01A02288CBF00200120B1
S21400836008BD00BF6B4E00209828002070B525F091
S2140083703AF9064600F07CF9084B1D8804460120B1
S214008380ADB200F0D7F918B100F072F90135044625
S214008390304625F02EF92046294670BD5E3D002069
S2140083A0014B1868704700BF9C280020F8B50C4B9E
S2140083B01B68834205460E460FD30A4B00241F68EF
S2140083C040F2E73021464FF47A720023E5FB0701BE
S2140083D023F03EFC30602046F8BD2120FCE700BFBD
S2140083E0902800209C280020014B1868704700BF8A
S2140083F0902800200F4B1A6810B59AB1531E4FF400
S2140084007A711342A0FB01010ED1B2FA82F2C2F1D8
S2140084101F04531CE040D24301FA03F3184321FA29
S21400842002F20243104610BD002323F011FC024660
S214008430F8E700BF9C28002038B5154B8342154B43
S2140084408B41144621D3144B1A68F2B14FF47A7557
S214008450A0FB050305FB0131531E134211D1B2FAEE
S21400846082F2C2F11F05531C01FA03F3D243E8401F
S21400847021FA02F218431043E940C4E90001002043
S21400848038BD002323F0E4FBF7E72120F8E700BF20
S214008490EFA7C64B378941009C280020C2072DE96C
S2140084A0F84304460BD5474A138801339BB2138022
S2140084B0FFF7BCFD444B1B680BB1FFF7FDFDA307A0
S2140084C07DD525F090F80546FFF7B0FD4FF0000883
S2140084D03D4F46463C680CB163698BB13B4B00226E
S2140084E0012E1A7003D118F0020F18BF1E70002C50
S2140084F061D0FFF7E1FD2846BDE8F84325F079B8DE
S21400850023465A693AB91A792179914288BF1C469E
S2140085109B68002BF5D1284625F06BF82569DDB160
S21400852000F0A6F8A269A0EB02084FEAE873A84597
S21400853073F1000311DB23691344A361E368B4F805
S2140085400680013613B121682046984725F04BF87F
S2140085500546FFF76BFDBDE7A84625F044F88146C3
S2140085602046FFF71BFE484625F043F82369002BFC
S214008570E4D0A38BB5EB080533B1E28B13449BB272
S214008580B3F57A7F0FD2E38325F02DF8294680468F
S2140085902046FFF765FDA36922691344A3614046A0
S2140085A025F027F8CAE7A3F57A73E383A369013BAE
S2140085B0013DA361E8E7022000F09CF89BE7BDE8D8
S2140085C0F88300BF5E3D0020982800206A4E0020F9
S2140085D010B525F008F8034B1C7825F00AF820465D
S2140085E010BD00BF6A4E002010B51D4B86B018683F
S2140085F0596803AA03C2197AD3F8090011700190CA
S214008600B3F80D201748DB7BADF8082001218DF864
S2140086100A300024FAF7D2FF03A88DF80C408DF834
S2140086201040FCF7E3FA01A901208DF80440FCF79E
S214008630BDFA0D4A536A23F4FF6323F0070353621F
S21400864040F2FF73136201209460FCF7C9FA074BEF
S2140086504FF08042C3F880211A6006B010BD00BFFC
S21400866084C00300A00914000020044000E100E0DC
S214008670014B9868704700BF0020044010B50446C0
S21400868024F0A6FF124A9368516D9269520704D4EB
S214008690CA1A032A01D899420DD1E21A022A98BFB3
S2140086A0DC1C0B4BB4F1FF3F38BF013C5C655A6ADB
S2140086B042F004025A6224F08FFF064A137833B160
S2140086C003490B6D43F002030B650023137010BDC6
S2140086D0002004405D1500208207054A00F00103D3
S2140086E0516A48BF43F004030B435362704700BF10
S2140086F000200440820700F0010309D5074A012143
S214008700117007490A6D22F0030243F004030A655C
S21400871003494A6A22EA03034B6270475D1500204C
S21400872000200440830742BF014B0422DA617047F1
S21400873000200440064B01289B6904D0022805D17E
S214008740C3F38000704703F00100704700207047B5
S2140087500020044010B524F046FF094A93690446F9
S214008760590703F0010003F0070348BF40F002007A
S2140087701362FFF793FE2046BDE8104024F039BF91
S214008780002004400148FBF76BB800BFA0091400A6
S2140087900A4BD3F8883003F00703013B012B10B5D2
S2140087A00BD824F015FF012104460220FFF772F9CA
S2140087B02046BDE8104024F00FBF10BD00400E401C
S2140087C020282DE9F341054604D82C46204602B061
S2140087D0BDE8F0810B4E0C4FDFF8308000240023FC
S2140087E0CDF8008038681A46194629F099FB84426D
S2140087F0EBD2212CE9D056F8043BAB42E6D001344C
S214008800EDE700BF84C3030018110020FFFF0F0030
S2140088102DE9F04F644E654D3168286889B009F03F
S21400882017FB0446002827D033689A69D3E900016D
S2140088301268904733689B6904A89B68984733681A
S2140088409B690220DB6898470024326805985368C5
S214008850B3FBF0F3E7B2BB42916904F101044DD8D3
S214008860CB680020984733689B695B6898473168F7
S214008870286809F0EDFA0446DFF84C914C4FDFF813
S2140088804C81DFF84CA10026F4B94A4B28689B5D62
S214008890002B00F08380D7F800B002AB03AA59463D
S2140088A009F018FD504507D070B9039B012B0BD07B
S2140088B02868594609F052FDD9F8003028681A6829
S2140088C0594609F037FC04460136212E09F1040901
S2140088D007F1040708F10108D6D1374AB4FA84F341
S2140088E05B0913702B681B7C23B134484FF48B71E3
S2140088F0FEF708FD204609B0BDE8F08F12680B6948
S21400890007FB00209847A0E73B6803AA194402AB80
S214008910019109F0DFFC5045019903462ED02868E6
S2140089202BB30BF1010B009B28685FFA8BF1994281
S214008930EAD3234B9B5D002BC6D0DDF800B0286839
S2140089405FFA8BF37E2BBFD8396802AB594403AA73
S214008950009109F0BFFC5045B6D00099286809F090
S214008960FDFC0BF1010B04460028E8D0ACE7039BA6
S2140089707BB998F80020029B9A42D2D098F8003033
S214008980D9F80020286809F03DFB0028C9D0044625
S214008990CFE7019109F0E2FC0199EFE7094B9B5DF7
S2140089A00093A346BFE700BFF81000201811002070
S2140089B084C3030061C303006D4E002008C4030097
S2140089C040C30300FEC2030094C003001FC303009D
S2140089D00BE000F0F8B50D4616461F46FFF7F0FE12
S2140089E0202804461CD8174B1B780BB3164B186868
S2140089F0164B53F82410164B1B5D3BB1324609F05C
S214008A00E5FB0446A0B126F027FA12E07F2D08BF4A
S214008A1000253B46324651FA85F109F03DFBF0E76A
S214008A20FF2808D981B23B46EAB2304626F057F90D
S214008A3000242046F8BD07484FF4A671FEF762FCF6
S214008A40F6E700BF6D4E00201811002084C3030017
S214008A5061C3030008C40300F8B50D4616461F465A
S214008A60FFF7AEFE202804461CD8164B1B7803B32F
S214008A70154B1868154B53F82410154B1B5D3BB16E
S214008A80326809F057FB044698B126F0E5F911E084
S214008A907F2D08BF00253B46324651FA85F109F086
S214008AA0B1FAF0E7FF2807D93A46314680B226F0F9
S214008AB01FF900242046F8BD06484FF4C371FEF7A0
S214008AC021FCF6E76D4E00201811002084C3030039
S214008AD061C3030008C4030010B5FFF771FE0A4B1C
S214008AE01B7813B90024204610BD084B53F82010FD
S214008AF0074B0022186809F0A7FB04460028F1D0AF
S214008B0026F0AAF9EFE700BF6D4E002084C30300ED
S214008B101811002073B516461D46002B73D04BF275
S214008B203463984210D1082D28BF082537492A46B5
S214008B3030462CF0AFFE36492A4630462CF046FF2B
S214008B4030B3002002B070BDC9B27F2980B208BF22
S214008B500021984218D17F2241F20201684608237C
S214008B6026F0BDF82A49082268462CF02FFF30B9B7
S214008B7008237F2241F2F011684626F0B0F86B46D3
S214008B8003CB30607160DCE741F2F01398421ED1EF
S214008B90204B701ED3F8F010D3F8F4202C1F2B4671
S214008BA0013B9C4200F8011F4FEA11210CD1002C1A
S214008BB0C7D00423D9B20729F2544FEA1222C0D0F4
S214008BC001339D42F6D1BCE7002BE9D1B9E700F4AA
S214008BD07043B3F5805F0AD1C0F30B0404F17E64E2
S214008BE02A4605FB014130462CF054FEA9E700F466
S214008BF06043B3F5005FA4D1C0F30B0404F17E64B8
S214008C0004F58044ECE721209CE700BF0200E00F5B
S214008C10CEC403000081E00F2DE9F8431646C207D4
S214008C2004460F4604D52A4840F2D311FEF76AFBE5
S214008C30F30704D526484FF4EA71FEF763FB04F405
S214008C407043B3F5805F24D1C4F30B04214A04F1CA
S214008C507E64731E2344934215D82546DFF8709031
S214008C6005EB0608A84529D156B1720839462046B4
S214008C7026F00AF920B116484FF40271FEF742FBBF
S214008C800020BDE8F883124840F2D911FEF73AFBFF
S214008C90E3E704F46043B3F5005F06D1C4F30B04C6
S214008CA004F17E6404F58044D7E709484FF4F07178
S214008CB0FEF728FB6FF00F050024CFE715F8013B01
S214008CC0FF2BCFD04FF4F5714846FEF71BFBC9E7E4
S214008CD068C40300FF07E00F10B50446F9F746FF27
S214008CE00B4BA0F57A729A4210D84FF47A735C4315
S214008CF0B0FBF3F0074BB3FBF0F3B4FBF3F0032841
S214008D0004D9BDE810408008F7F702BA10BD00BFCE
S214008D10FFC99A3B40420F0010B512F005FC29F03F
S214008D2025FBBDE810400346024A0121022002F05E
S214008D30F1BB00BFE0C4030013B5D0E9023253F81C
S214008D4022301C7820462AF067FC044A009023460E
S214008D500121022002F0DEFB02B010BDF4C40300C5
S214008D60014B187827F097BB6E4E00202DE9F04F88
S214008D708FB0FF2308A88DF8133026F022FEB34AE2
S214008D8008AB0021022002F0C5FBB14A41F24903BC
S214008D900121022002F0BEFB06A804F0DDFE08A9B1
S214008DA00DF1130026F099FF0220AA4A002102F0D6
S214008DB0B1FB002027F0A1FB10B106A805F05AFD74
S214008DC09DF92A30A44A009301219DF82B300220F9
S214008DD002F0A0FB2AF027FC831EDBB2FC2B054624
S214008DE02DD89E4A9E4E9F4FDFF8E082012102203A
S214008DF002F090FB0124234632460021022002F0B6
S214008E0089FB05A9E0B212F06BFA00F0FD02912A88
S214008E10034600F0A780002840F0AA809DF9143091
S214008E2001939DF8163000938F4A9DF81530012166
S214008E30022002F06FFB0134E3B29D42DBD8BDF89E
S214008E40284026F00AFF894A009023460021022087
S214008E5002F060FB0220864A002102F05BFB002045
S214008E6027F04BFB10B108A805F004FD814A01214C
S214008E70022002F04FFB18F0A9FC044618F0A0FCF4
S214008E8023467D4A00900121022002F043FB04F0B5
S214008E9069FE7A4A0021022002F03CFB9DF813305E
S214008EA0FF2B6BD0764A0021022002F033FB714A7A
S214008EB0DFF81C820121022002F02CFB26F019FFAD
S214008EC0704A03460121022002F024FB12F0A4F9A6
S214008ED06D4A03460021022002F01CFB26F00FFF1D
S214008EE0044626F012FF694A00902346012102201C
S214008EF002F010FB25F0FEFE04F080FE644A0346F6
S214008F000121022002F006FB002504F077FEECB2F9
S214008F10A04239D825F0EEFE012319465D4A5E4C84
S214008F20022002F0F7FA002027F0B5FA5B4B009318
S214008F305B4A00230121022002F0ECFA236863B1A9
S214008F401B78584A0121022002F0E4FA2368564AA8
S214008F505B780121022002F0DDFA27F0A2FA0FB0BA
S214008F60BDE8F08F3A460121022002F0D3FA62E70C
S214008F7042460121022002F0CDFA5CE74B4A00216E
S214008F80022002F0C7FA92E7494B4A4F03EB041659
S214008F902046D6F8089004F07BFF8246204604F070
S214008FA033FE00280CBFC346BB46204604F070FFC5
S214008FB006F034FC002808BF4746CDE900B73E4A15
S214008FC0DFF810B153460021022002F0A3FAB3796D
S214008FD00293B388019373880093337B374A012149
S214008FE0022002F097FA002699F80430F4B2A34261
S214008FF003D825F07FFE013587E7D9F800701423E3
S2140090005C4307EB040A3A5B9AF90C3000922C4A50
S21400901032EA230228BF5A4613460220294A002174
S21400902002F078FA002027F068FA38B150463C5B28
S21400903026F0AFFE0146204606F03CFC224A0121FF
S214009040022002F067FA0136CEE700BF35C50300FE
S21400905044C5030060C503008CC5030067C5030054
S2140090607DC50300A1C5030084C50300B8C5030081
S214009070D8C5030011C70300E1C5030003C60300FB
S2140090802DC803000EC6030022C6030038C6030020
S21400909047C60300BEC60300882A0020D6C60300C3
S2140090A0CAC60300E4C60300F8C6030089B203007C
S2140090B06C2A00200CC5030052C6030072C60300CB
S2140090C029C50300A6C60300F3B20300ACC503001F
S2140090D014C503001DC503002DE9F743134EDFF842
S2140090E05C80002504F08AFDECB2A04202D803B0F2
S2140090F0BDE8F0832701204616F8079004F084FDAB
S2140091000B4A002808BF42464B4600210092022028
S214009110084A02F0FFF9F05D26F0FFFD064A01213D
S214009120022002F0F7F90135DCE700BF6C2A0020C8
S214009130B2F6030013C70300F3B20300BCF6030045
S21400914008B583685A681178C26853F82230A1F1CE
S214009150650251425141187804F084FF30B9BDE8E9
S2140091600840034A0121022002F0D4B908BD00BF1E
S2140091701EC70300024A0021022002F0CBB900BF3E
S21400918038C70300024A0021022002F0C3B900BF1C
S21400919066C7030010B586B004461822002168464C
S2140091A02CF03EFC684627F015F9D4E9022052F868
S2140091B0203002EB80021B788DF80B30516891F955
S2140091C000108DF80A1091680988ADF808106168DB
S2140091D0091A032907DDD268127803F01F0343EA51
S2140091E042138DF80B30684604F0D8F9034A03465C
S2140091F00021022002F08EF906B010BD82C70300DF
S21400920007B52AF087FD054B0090054A002102208D
S21400921002F080F903B05DF804FB00BFAD6B0300FD
S2140092208FC7030007B5D0E9023253F8221003EBCC
S214009230820308785B681968094B002908BF19463D
S214009240003818BF0120A22214F09EF9054B0090AA
S214009250054A0121042002F05DF903B05DF804FB25
S21400926000F8FF07A5EB03009AC7030013B5D0E983
S214009270023203EB820153F82230D1E90114187848
S21400928022780968003818BF01202AF0C0FC044B79
S2140092900090044A0121042002F03CF902B010BDFF
S2140092A0A4C70300B9C7030008B50D4A012300216F
S2140092B027F008FB0A4827F0B0F80020094905F017
S2140092C067FB002027F019F910B1054805F0D2FA1F
S2140092D0BDE80840044A0121042002F01BB900BF83
S2140092E04C4F0020C1C70300F3B2030010B526F0B0
S2140092F012FD034630B1BDE81040064A01210420A5
S21400930002F008B9BDE81040034A0121042002F02B
S21400931001B900BFCFC70300E0C7030010B527F0B0
S2140093207EF8BDE810400346024A0121022002F002
S214009330F1B800BFEBC7030010B527F041F8BDE851
S21400934010400346024A0121022002F0E3B800BFA3
S21400935001C8030037B5D0E9023253F822301D7831
S214009360012404FA05F10023FE224FF6FF701DF0DB
S214009370D9F9044A00902B462146042002F0CAF888
S21400938003B030BD15C80300D0E9023253F82230CE
S2140093901B7823B1034A0121022002F0BBB8024A1F
S2140093A01370704734C803006E4E002007B5684639
S2140093B004F0D2FB26F051FC094A034601210220A4
S2140093C002F0A8F8684605F055FA26F048FC054A6B
S2140093D003460121022002F09DF803B05DF804FB6D
S2140093E04AC8030064C8030037B5D0E902454068A0
S2140093F054F8253004EB8504401B0328197863686D
S214009400C8BFE0681A78A368C8BF007893F9003030
S214009410D8BF0020009001202AF0B9F838B9094AD0
S2140094200121022003B0BDE8304002F073B8064BBD
S21400943001900093054A064B0121022002F06AF8CB
S21400944003B030BD75C803007DC8030091C8030093
S214009450616E030007B501202AF09BF848B900901A
S214009460094B0A4A0121022002F054F803B05DF8C5
S21400947004FB054B01900093054A064B0121022090
S21400948002F048F8F2E700BF7DC80300A8C8030052
S21400949091C80300716E030008B5D0E9023253F894
S2140094A02230187815F04EFD30B9044ABDE8084061
S2140094B00121042002F02EB8014AF7E7BDC80300D8
S2140094C0D9C8030008B5D0E9023253F8223018880C
S2140094D015F032FD30B9044ABDE8084001210420E9
S2140094E002F018B8014AF7E7F8C8030028C90300D5
S2140094F073B5037813F0050F04460ED04588062D85
S21400950017D18368184A5B681B7801938388009399
S2140095100121164B042001F0FDFF2378012B20D0FB
S214009520124B134A0121042002B0BDE8704001F03E
S214009530F1BF35B983880F4A0121042001F0EAFF04
S214009540EBE7012DE9D186680B49002005F020FAEB
S214009550304605F08FF9094A2946042001F0DAFF63
S214009560DBE702B070BD00BF5EC9030055C903004B
S214009570B0C903007BC9030098C90300F3B2030017
S2140095802DE9F04F374DDFF8F8900FCD8FB009ACCE
S2140095900FC42B68344A23600121022001F0BAFF71
S2140095A00026344626F0A9FBF5B2A8420BD826F0D2
S2140095B0A4FB2E4A009023460121022001F0AAFFB8
S2140095C00FB0BDE8F08F05A928462BF069FA0346D0
S2140095D0002841D19DF81430032B39D904238DF887
S2140095E01430234A2B460021022001F093FF9DF8F9
S2140095F014300EAA02EB8303002153F8143C4A46AB
S214009600022001F087FF28469DF821A09DF815B09E
S2140096109DF81870BDF816801CF0ECF8CDE900B780
S214009620CDE90280134A02205346002101F072FF62
S21400963001340020E4B226F060FF18B10DF11900E5
S21400964005F018F90C4A0021022001F063FF01E042
S214009650002BC6D10136A5E7084A0021022001F0FA
S21400966059FFF7E73CCB0300C2C9030034CA030026
S2140096707FC50300EFC90300FBB6030016CA03004C
S2140096807AD40300C3688268013BDBB2022052F83A
S21400969023301B78652B064B0BBF064A00220121A0
S2140096A01A701ABF0121044A197001F033BF00BFB7
S2140096B07F1500204BCA030059CA0300D0E90232C6
S2140096C053F822301A88014B1A8070472015002064
S2140096D007B5D0E9023103EB810253F82130526816
S2140096E019880548054B128800930088012305F069
S2140096F0CFFD03B05DF804FB20150020F1940000B8
S214009700C3688268013BDBB252F823305B78A3F172
S214009710660253425341014A137070478215002077
S21400972030B5D0E9023253F8223089B01D780123D3
S214009730194602AA044627F0C5F801230093102311
S2140097400DEB03022046022127F09DF804AA02A989
S214009750284627F00CFD00284FF0000014BFB32465
S214009760002426F0CAFE18B10548214603F0F8FE8C
S214009770044A0121042001F0CDFE09B030BD00BF2F
S21400978068CA0300F3B2030070B58EB00026122339
S21400979009AA02210096054627F075F805AA014693
S2140097A009A803F0D5FC044698B1BD2805D1154A92
S2140097B00121042001F0AEFE09E0022801D1124A80
S2140097C0F6E70346114A0121042001F0A3FE0EB07D
S2140097D070BD0123194603AA284627F073F82246CF
S2140097E005A903A827F0DBFC0028304618BF18247C
S2140097F026F083FE18B10648214603F0B1FE054A5E
S214009800D6E700BF75CA030098CA0300D3CA030090
S214009810F2CA0300F3B20300D0E90232F0B553F8FF
S214009820221003EB820387B09B680E781F780546EC
S214009830384626F042FE044608BBD5E9022101233D
S21400984019448DF8083052F8210002EB8102008896
S2140098508DF809709268ADF80A0012788DF80C2021
S21400986004210DF10D02284627F02CF802A93046F7
S2140098708DF815401CF00CF8044626F012FE044A3B
S214009880009433460121042001F044FE07B0F0BDE9
S21400989007CB03002DE9F041284A294E294FDFF86F
S2140098A0B4808EB00121022001F034FE05AB01AA7F
S2140098B009A9002027F0B6FD002504461CB128465D
S2140098C00EB0BDE8F08102202B463246214601F05C
S2140098D021FE204626F011FE10B10AA804F0CAFFA9
S2140098E09DF830303A460021022001F013FE079B17
S2140098F042460021022001F00DFEBDF82030124A3B
S2140099000021022001F006FEBDF814300F4A0021A7
S214009910022001F0FFFD013501A826F0E9FDEDB2B9
S2140099200B4A0121022001F0F5FD05AB01AA09A9A9
S214009930284627F077FD0446C0E700BF50CB03005B
S21400994096CB03009ECB03006EC80300B3CB030088
S214009950F3B20300AACB03002DE9F04F064699B0F8
S214009960C0B926F0C8F907460EA827F072F9404A93
S214009970DFF80481DFF80491DFF804A1012102205A
S21400998001F0C8FD00252C46BC4205D3284619B078
S214009990BDE8F08F0127E7E713A827F05AF9002E55
S2140099A04BD04FF0020B06A913A88DF84CB027F049
S2140099B0B7FB0446002859D102A913A827F09DFC3E
S2140099C09DF859302B4A43F00103214658468DF83E
S2140099D0593001F09FFDFE249DF859300AA943F046
S2140099E0010313A88DF8593027F087FC002026F0D5
S2140099F084FD10B114A804F03DFF0C9B42460021E4
S214009A00022001F087FDBDF8282012F4007F14BF65
S214009A1041234C2312F0100F0CBF6E2279220092C5
S214009A2000214A46022001F075FD06A826F060FDDA
S214009A300135EDB20134E4B2A6E70AAB06AA13A9D3
S214009A40204627F07DFC0028F4D102A913A827F0B1
S214009A5054FC9DF8593043F001038DF859305246B6
S214009A6023463146022001F055FDB5E7FE24E1E726
S214009A70BDCB0300F2CB0300AACB0300F9CB030057
S214009A8096CB030030B599B00EA827F0E2F8012473
S214009A9013A88DF8384018F0B7FCC0B9BDF84C10C4
S214009AA011EA040513D1454A2146022001F032FD91
S214009AB0434A2946022001F02DFD404A2146022055
S214009AC001F028FD3D4A2146022001F023FD06A9AB
S214009AD00EA827F025FB20B11022FF2106A82BF0A8
S214009AE09FFF04A827F0CBFA059B364A0093012176
S214009AF0354B022001F00EFD9DF81230334A0093DC
S214009B000121314B022001F005FD2F4B304A002188
S214009B10022001F0FFFC06A826F0EAFC13A827F0B6
S214009B2098F802230AA913A88DF84C3027F0E5FB15
S214009B3000283FD10B9B0093264A274B0121022089
S214009B4001F0E8FC244B254A0121022001F0E2FC4A
S214009B500120FFF701FF204B214A0121022001F0DE
S214009B60D9FC0020FFF7F8FE044626F0C4F823468A
S214009B7000901C4A0121022001F0CCFC1A4B184A26
S214009B800121022001F0C6FCFFF784FE1749184A9F
S214009B9002280346174828BF0A460849009228BFED
S214009BA00146CDE90131144A0121022001F0B2FC40
S214009BB019B030BD4FF0FF33BDE700BFF3B203006E
S214009BC00CCC03004ACC030042CC03005ACC030062
S214009BD06BCC030070CC03002EE2030080CC0300A5
S214009BE087CC030090CC0300A4CC030008CC030071
S214009BF0836A03007BD40300B2CC0300D0E90232B0
S214009C0010B553F822301C78201E18BF012014F01F
S214009C104BFB054A054B0649002C18BF1A46002088
S214009C20BDE8104004F09ABEDFCC0300DACC030097
S214009C30E8CC0300D0E9023253F8223003491A88F0
S214009C40034B00201A8004F089BE00BF29CD030014
S214009C503A150020D0E9023253F822100878044959
S214009C6003EB820308705B681A78024B1A70704721
S214009C70624F0020614F002037B5044611F0CCFA41
S214009C80014638B10D4A0E49002003B0BDE8304009
S214009C9004F064BEE368A2680A48013BDBB252F8EF
S214009CA02330094A1D78012300936C2D08BF024615
S214009CB01023204626F0E7FD03B030BD77CD030025
S214009CC07FCD03006E1500205E15002013B5836857
S214009CD09A681278672A22D101A818F095FB0446E4
S214009CE0A8B9BDF80420174904F038FEBDF80430C2
S214009CF0DA070AD413F0020F134B144A18BF1A4699
S214009D001349002004F02AFE19E0124AF8E702463A
S214009D101149002004F022FE10492246F1E7C268ED
S214009D2053F8220003EB820300685B6801A91B68F6
S214009D30ADF8043018F038FB04460028ECD102B029
S214009D4010BD00BFB7CD0300AACD030095CD03001C
S214009D50D0CD03009ACD0300E2CD03000ECE030063
S214009D60034A04491388C85401331380704700BF60
S214009D706E3D0020744E002073B5164D164E2B789F
S214009D80164A13F0040F4FF001040CBF02230423FD
S214009D90147032880192EB5C0093114B114A5B8879
S214009DA02146022001F0B6FB0F4A0021022001F0F6
S214009DB0B1FB0E4B0093328829462346022001F061
S214009DC0F3FB0B4A2146022002B0BDE8704001F0CA
S214009DD0A1BB00BF744E00206E3D0020734E0020D5
S214009DE0603D00201DCE030042CE030064CE03007B
S214009DF0F3B20300134B70B516464FF48A52DA805E
S214009E005980114B114D1B881A1E18BF012240EABB
S214009E1082000F4A1278003A18BF012240EA021068
S214009E20287063B16B701B0AAB70032405F062FDEB
S214009E30631C2855EE54074B02341C8070BD012469
S214009E40F4E700BF603D00206C3D0020744E00200B
S214009E50724E00206E3D002038B5D1E9023253F82C
S214009E6022300C4619880D4B024605461878FFF737
S214009E70C1FFE368A268013352F82330188825F042
S214009E8077F84DB1E368A268023352F823301878A9
S214009E90BDE83840FFF764BF38BD00BF6F4E0020F6
S214009EA0F0B5054685B0EB68AA68264E264F023305
S214009EB0084652F823301C782946FFF7CDFF204687
S214009EC025F053FF78B3204625F05BFF03AA441C19
S214009ED00321284624F03CF932880399E4B2C2F103
S214009EE052031B1B9BB28B4222443CBFC2F152035F
S214009EF003930123032100933A449DF80C3028462F
S214009F0026F0C1FC039A3388022C08BF0F48FA5487
S214009F1004BF110AC15413441C44348005B0BDE884
S214009F20F040FFF729BF204603F024FE32880123C5
S214009F300093044603463A440321284626F0A3FC31
S214009F403388E9E76E3D0020744E0020754E0020F1
S214009F5007B505230093054A054B0121022001F0B1
S214009F60D9FA03B05DF804EBFFF78CBD52CE0300C0
S214009F704BCE030013B5044627F0D8FA38B1CDE926
S214009F800040044B044A0121022001F0C3FA02B04B
S214009F9010BD00BF77CD030069CE0300194B1B78B8
S214009FA037B53BB9184A0121022003B0BDE830405E
S214009FB001F0B0BAD0E9023253F82230134C1D78C3
S214009FC063880093124A2B460121022001F0A2FA70
S214009FD0104B25711B78104D63B1104A01210220E9
S214009FE001F098FA0E4A2988204603B0BDE83040B2
S214009FF025F030BC0A4A2988204603B0BDE8304028
S21400A00025F0DCBC734E002080CE0300603D0020AF
S21400A0108ECE0300704E00206E3D0020A5CE0300BD
S21400A020744E0020D0E9023253F8221003EB82036C
S21400A030F0B55A680C7816889A68DB6817881D7819
S21400A040344A354B87B0CDE90167009400210220E1
S21400A05001F060FA8DB37923304A0121022001F025
S21400A06059FA40230DF11302029205AD0422019223
S21400A070204600953A46314626F0CFF8044600289A
S21400A0803FD19DF8130025F076FE0646E8B1284637
S21400A09026F0F1F90228224B0093A8BF022023469F
S21400A0A082B20DF11501022001F07EFA1D4A01214F
S21400A0B0022001F02FFA07B0F0BD6E23174A0121E7
S21400A0C0022001F027FA8023CCE79DF8130025F044
S21400A0D058FE60B1284626F0D3F90228104B0093AC
S21400A0E0A8BF0220334682B20DF11601DBE79DF8C9
S21400A0F0130003F03FFD0C4B009302460123294654
S21400A100D1E70090094B0A4A0121022001F002FA29
S21400A110D1E700BFBFCE0300CAE20300E4CE0300CF
S21400A120EBCE0300F3B2030064CE03000FD60300A9
S21400A130EECE0300D0E9023253F8221003EB82037E
S21400A1402DE9F04F5A680F78B2F800809A68B2F896
S21400A1500090DA681B6992F800A01D782F4A304BF1
S21400A16089B00021CDE9018904460097022001F05C
S21400A170D1F9BAF1000F14BF79236E23294A00954E
S21400A1800121022001F0C6F900232846079325F096
S21400A190F2FD0DF11C0B064610B3002300930DF1E3
S21400A1A01D0202230521204626F06DFB8DF81C00BB
S21400A1B0BAF1000F0CBF802340234A464146CDE942
S21400A1C000B5384625F0F6FF0146154803F0C8F9F5
S21400A1D0154A0121022001F09DF909B0BDE8F08F73
S21400A1E0284625F0CEFD60B1009602230DF11E0232
S21400A1F00521204626F047FB8DF81D608DF81C00D3
S21400A200D6E70590284603F0B5FC059A009203466B
S21400A2105A460521204626F036FBC9E7BFCE030086
S21400A220BDE20300FFCE0300F3B203002DE9FF47B3
S21400A2305F681C46DB680025FF1A0395FFF7DAFD0A
S21400A240FFB2A846EBB29F4245D90C9B13F80830E4
S21400A250A3F12102D1B2072925D9A3F13100132891
S21400A2600BD8DFE800F0515A637D383838380A0AD0
S21400A2700A0A0A0A0A0A0A0AAA9008F10108142B0E
S21400A2805FFA88F825D833B3013B132B23D8DFE8D1
S21400A29003F03B444D27222222222222222222227F
S21400A2A022223B444D67232A15D8DFE802F02D36DC
S21400A2B03F191414141414141414141414142D36EE
S21400A2C03F59141414141414141414141414866C0F
S21400A2D0866C2329E7D9FFF74FFD04B0BDE8F08769
S21400A2E0E368A2682B444FF0040952F823301E6836
S21400A2F0F0B209F1FF39FFF733FD19F0FF094FEA15
S21400A3001626F5D101359DE7E368A2682B4452F87E
S21400A31023301878FFF724FDF4E7E368A2682B449F
S21400A32052F82330188824F023FEEBE7E368A2688F
S21400A3302B4452F823301E68B6F1807F09D2F0B263
S21400A340FFF70EFDC6F30720FFF70AFDC6F307402A
S21400A350E0E7274A2B460121082001F0DBF8BAE7A0
S21400A360E368A2682B444FF0040952F823301E68B5
S21400A370F0B209F1FF39FFF7F3FC19F0FF094FEAD5
S21400A3801626F5D1BEE71B4E03AA2946204623F023
S21400A390DFFE3388184ADDF80C90002102EB030C30
S21400A3A0CAB2914501F1010102D84B443380A9E7B6
S21400A3B010F802A00CF802A0F2E70E4EDFF838A064
S21400A3C03288C2F151039BB2FF2B28BFFF23002126
S21400A3D001320091DBB2524469B2204626F02FFAD1
S21400A3E033880AF803000133184430808AE700BF38
S21400A3F018CF03006E3D0020744E0020094B1B78DA
S21400A40023B1094A0121082001F084B8D0E90232BC
S21400A41053F82230054A1B8813800121044A08207D
S21400A42001F078B8734E00203ECF03006C3D00204C
S21400A43080CF0300D0E9023253F82230054A1B7859
S21400A440003B18BF012313700121034A082001F0C6
S21400A45061B800BF714E0020A6CF0300D0E90232DB
S21400A46053F82230034A1B7813700121024A082051
S21400A47001F050B8724E0020D5CF0300D0E902326A
S21400A48010B553F8223019880C4B0446132218785E
S21400A490FFF7B0FCE368A268013352F8233018785F
S21400A4A0FFF75EFCE368A268023352F823301878A0
S21400A4B0FFF756FCBDE81040FFF75EBC6F4E00206D
S21400A4C0D0E9023210B553F8223019880C4B0446F6
S21400A4D011221878FFF78EFCE368A268013352F861
S21400A4E023301878FFF73CFCE368A268023352F882
S21400A4F023301878FFF734FCBDE81040FFF73CBC6B
S21400A5006F4E0020D0E9023253F82230034A1B78FF
S21400A510003B18BF0123DB00137070476F4E00200E
S21400A520D0E9023210B553F8223019880E4B044693
S21400A53006221878FFF75EFC0120FFF711FCE3689F
S21400A540A268034452F82330188824F011FDE3680B
S21400A550A268023352F82330188824F009FDBDE8BB
S21400A5601040FFF709BC00BF6F4E0020D0E9023252
S21400A57001322DE9F04153F8221003EB820386B036
S21400A5805A680D8817889A6853F8043C1478187827
S21400A590002C0DF113034FF0020805AE0293CDF820
S21400A5A004800CBF8023402300963A46294625F0B7
S21400A5B034FE034638B1194A0121082000F0AAFFEC
S21400A5C006B0BDE8F081201E18BF01200A222946E9
S21400A5D0C000FFF70FFC384624F0CAFC9DF81300B5
S21400A5E0FFF7BEFB9DF813004246314625F098FB68
S21400A5F0044628B10A4F3D88C5F15203984202DD51
S21400A600084A2346D8E702460748314628442544E8
S21400A6102BF040F93D80FFF7AFFBD1E70BD00300EE
S21400A6206E3D002027D00300744E0020D0E9023291
S21400A63010B553F8223019880C4B044608221878B7
S21400A640FFF7D8FBE368A268023352F82330187885
S21400A650FFF786FBE368A268013352F823301888B8
S21400A66024F086FCBDE81040FFF786BB6F4E002046
S21400A670D0E90232023273B553F8221003EB82039C
S21400A6800C7853F8042C53F8083C16881988234B8A
S21400A690054606221878FFF7ADFB0020FFF760FBA3
S21400A6A0304624F065FC2046FFF75AFBEB68AA68A4
S21400A6B0033352F82330188824F05AFCEB68AA6853
S21400A6C0043352F82330188824F052FC204605F054
S21400A6D0FBFAE8B9204603F04DFA0521044601903E
S21400A6E001AA284623F034FD019B9C42014606D071
S21400A6F0224631460A4806F043FA02B070BD094DBC
S21400A70009482E882246304434442BF06FF92C80BA
S21400A71002B0BDE87040FFF72FBB00BF6F4E0020B1
S21400A72053D003006E3D0020744E0020D0E9023264
S21400A73073B553F82230114D1A88114B4FF48A51D5
S21400A740D9805A80002300932A465223012126F0FE
S21400A7509AF82B7813F0040F0A4B1B7804460CBFAC
S21400A7600126032613B105F0C5F8A855064B1C8034
S21400A77002B0BDE87040FFF7FFBA00BF744E00207D
S21400A780603D0020714E00206E3D0020D0E9023270
S21400A79053F82230034A1B78003B18BF012313707E
S21400A7A0704700BF704E002010B50C4608B904F084
S21400A7B04DF8024B18715C7110BD00BF603D002063
S21400A7C02DE9F341D0E90253024655F823105268AA
S21400A7D00C882A4E05EB8301D21A013BDBB2022A13
S21400A7E04868C8BF8A6855F8238033780078CCBF9D
S21400A7F01178FF213BB9224A0121022002B0BDE8B0
S21400A800F04100F087BEFFF7CFFF1E4F1E4D25F02C
S21400A81024FA3B88009301462B461C48224625F026
S21400A820E4FDB0B998F804303A885F2B14D1174984
S21400A8302B46204625F007F828B10346144A012186
S21400A840022000F067FE134A00231380124A33707A
S21400A850137002B0BDE8F0814FF6FB739C4205D939
S21400A8600A492B46204625F040F8E5E713460095B2
S21400A870064A214625F063F8DEE700BF734E002047
S21400A8809ED003006E3D0020744E0020603D0020E8
S21400A890A5D003006C3D0020724E002010B50022AB
S21400A8A004460A211046FFF7A5FA002024F060FBB4
S21400A8B0044B01221A70FFF75FFA2046BDE81040ED
S21400A8C0FFF77EBF4A4F002038B51C4615460123C9
S21400A8D0224625F0F7FF28B92146284610F046FE06
S21400A8E0044610B90024204638BD034A012104203E
S21400A8F000F010FEF7E700BFCCD003002DE9F043D0
S21400A90015461F46D0E902230C4652F8231002EBE8
S21400A91083020E88936893F80080D3688BB0B3F8F0
S21400A9200090324606AB0121FFF7CEFFF0B90DF1DD
S21400A930200CF4B12A8801234021CDE90471CDE929
S21400A94002C2CDE9009306AA43462221304625F0EE
S21400A950F0FF0B4B0B4A00930B4B0190002C08BFEB
S21400A96013460121094A042000F0D4FD0BB0BDE8CF
S21400A970F08328686968624603C203232246DBE741
S21400A98029D1030010D103000AD1030018D1030017
S21400A99007B501236A46002125F094FF034968465F
S21400A9A004F0F2FC03B05DF804FB00BFF194000075
S21400A9B0D0E9023253F822300149188804F0B6BCB8
S21400A9C0F1940000D0E9023210B503EB820153F88F
S21400A9D022304968188809784FF48A5225F099FF82
S21400A9E0BDE810400346024A0121042000F092BD53
S21400A9F033D10300D0E9023253F8223010B518885C
S21400AA004FF48A52022125F076FFBDE81040034637
S21400AA10024A0121042000F07DBD00BF4CD1030096
S21400AA20D0E902322DE9F04353F8221003EB8203FB
S21400AA300E885A6817789A68DB6892F80090B3F820
S21400AA4000808BB006AB324604210446FFF73CFF7D
S21400AA5028BB08AD01232A460521204625F032FFF3
S21400AA6038B904200F4A012100F054FD284603F0AF
S21400AA7073F84FF48A53CDE904930023CDE90253CB
S21400AA800323CDE9008306AA3B462121304625F064
S21400AA9050FF054A03460121042000F03BFD0BB0A1
S21400AAA0BDE8F08363D1030092D1030038B5D0E946
S21400AAB0024303F18043023B0F4954F8230002226D
S21400AAC09D002AF083FF60B90C4B0D491A78042AC2
S21400AAD00BD82C44A068008821F8120001321A70A6
S21400AAE038BD084B08491A78F1E7BDE83840074AF0
S21400AAF00121042000F00EBD07B60300C74E00205B
S21400AB007A3D0020C64E0020703D0020A4D10300F0
S21400AB1008B5C3688068084903F18043023B0222F7
S21400AB2050F823002AF052FF10B9044B187008BDE5
S21400AB30034B00221A70FAE707B60300C74E002040
S21400AB40C64E002037B5D0E9023153F821201578DB
S21400AB504268521A012A4FEA810410DD234429462E
S21400AB605B681C78204625F0FDFDD0B1164A00959E
S21400AB7023460121042000F0CDFC03B030BD6C0953
S21400AB8044F0180405F01F052946204625F0EAFD86
S21400AB900028EBD10121A9400023FE2241EAC4612E
S21400ABA005E00121A940002CF4D12346FE224FF6F1
S21400ABB0FF701BF0B7FD054A03460121042003B0D1
S21400ABC0BDE8304000F0A6BCBAD10300DAD10300DD
S21400ABD070B5D0E9021551F8253001EB8501044621
S21400ABE018884B681A788B68052A1B8802D85E1E60
S21400ABF0072E0BD90D4A0121042000F08BFCBDE87E
S21400AC0070400B4A0121042000F084BC6468641B79
S21400AC10032CCABFC968074909681BF083FDBDE855
S21400AC20704002460449002003F0B2BEF8D103008B
S21400AC3018D2030000F8FF0735D2030008B5D0E9A4
S21400AC40023253F8220003EB8203FF22596803887E
S21400AC5009684FF6FF701BF065FDBDE80840024628
S21400AC600149002003F094BE46D2030008B5D0E99F
S21400AC70023253F8223005211888402225F03BFE88
S21400AC80BDE8084002460249002003F081BE00BF2E
S21400AC9065D2030008B5D0E9023203EB82014868AA
S21400ACA053F82210027809884023312025F076FEDA
S21400ACB0BDE8084002460249002003F069BE00BF16
S21400ACC084D2030008B5D0E9023203EB820148685B
S21400ACD053F82210027809884023332025F05EFEC0
S21400ACE0BDE8084002460249002003F051BE00BFFE
S21400ACF09CD203001FB5D0E9023253F8221003EBB2
S21400AD0082030C889B680C491A7808684968003AE0
S21400AD1018BF012202AB03C3D20102A9402320467A
S21400AD2025F04BFE054B0090054A0121042000F05B
S21400AD30F1FB04B010BD00BF37D3030029D10300D8
S21400AD40B8D2030007B5D0E9023253F82230032107
S21400AD501888402225F0CFFD044B0090044A0121BC
S21400AD60042000F0D7FB03B05DF804FB29D10300F4
S21400AD70C5D20300C36837B50533826852F823305E
S21400AD8004211D786A460123044625F09BFD38B948
S21400AD900420074A012100F0BDFB684602F0DCFEF5
S21400ADA02B466A4600212046FFF7A8FD03B030BDBB
S21400ADB0DDD2030007B5D0E9023203EB8201486812
S21400ADC053F82210027809884023322025F0E6FD49
S21400ADD0044B0090044A0121042000F09BFB03B0C2
S21400ADE05DF804FB29D103000ED303001FB5D0E99C
S21400ADF0023203EB820153F822304968188809882A
S21400AE000A4A4FF48A530293094B0193094B009365
S21400AE10094B12781B7824F000F9084A03460121F2
S21400AE20042005B05DF804EB00F074BBC74E0020AC
S21400AE30703D00207A3D0020C64E002021D303003E
S21400AE40836970B513F00106044603F0020509D1C4
S21400AE50EDB9C3695BB310F073F8E3692046BDE84B
S21400AE60704018471DB11B489B21FCF74BFAA069A0
S21400AE70C0F3810025F00FFBE3691BB91548A32139
S21400AE80FCF740FA204610F05BF84DB916E0C3F325
S21400AE90072025F012FBE369B3B1204610F050F806
S21400AEA0E369607E9847BDE8704025F0FABA094825
S21400AEB0A321FCF727FA204610F042F8E369204663
S21400AEC09847002EEFD170BD0248A321FCF71AFA6E
S21400AED0E3E700BF3FD3030008B510F02FFA28B110
S21400AEE0BDE8084002483F21FCF70CBA08BD00BF89
S21400AEF03FD303002DE9F84FFF2B9DF82870DFF8AD
S21400AF0068B0DFF868A00446884691461D464FF0B4
S21400AF10000612D1C0E900BAC0E906620661866082
S21400AF20C160FF2F07D0A36943F0020323F47F43D9
S21400AF3043EA0723A361BDE8F88FFF2F03D0094833
S21400AF40BE21FCF7DFF9AD0045F00105EDB2C4E91E
S21400AF5000BA2661A660C4F81C90C4F80C80A561EF
S21400AF60DFE700BF3FD30300A028002041AE00006B
S21400AF7010B5064C0460064CC2610023C0E90143CC
S21400AF8003610123C160836110BD00BFA0280020BB
S21400AF9041AE0000826938B502F00203D2070446CB
S21400AFA00D4620D553B9FF2921D1A36913F00C0F04
S21400AFB017D01148FC21FCF7A5F912E00E48ED2148
S21400AFC0FCF7A0F9FF2DF0D0284624F065FFFF28F7
S21400AFD0054603D10848F521FCF794F92DB204EB99
S21400AFE04514204638BDFF29FBD0002BECD1024883
S21400AFF0F221FCF787F9E7E73FD30300014828F082
S21400B0008BBA00BFA0280020014828F091BA00BFE4
S21400B010A028002013B5164828F053FA24F062F84A
S21400B02022F050F822F063F822F064F8FCF724F9D6
S21400B0300446FCF73BF90F4A009023460121042002
S21400B04000F068FAFCF71EF90123834040F2A17273
S21400B05013420BD00020FCF70DF80020FBF70CFF86
S21400B060002002B0BDE81040FBF7D2BE02B010BD13
S21400B070A0280020ACD30300022808B503D123F093
S21400B080F2FD014B186008BDD028002008B507F077
S21400B090DFFC074B0120187024F032F8022024F061
S21400B0A02FF8BDE8084003490348FCF76DBD00BF14
S21400B0B0C94E002024110020D4280020014B18700F
S21400B0C0704700BFC84E002038B50E4B1C786CB9D0
S21400B0D0204638BD24F0C5FD04280FD024F0C1FD5D
S21400B0E0054625F0DEF9052D0AD0F1E7002025F00B
S21400B0F0D2F928B924F0B5FD0228EBD125F0D1F914
S21400B1000024E5E77E15002008B5074B1B780BB139
S21400B110002008BDFFF7D8FF0028F9D102F060FC38
S21400B120023818BF0120F4E7C84E002070B510F0B2
S21400B1306DF90446FFF7E8FF14F0070F204D0CD119
S21400B14058B110F063F910BB4FF0FF34FFF756FF0D
S21400B150844228BF0446042C1DD82B7823B901202E
S21400B16023F0CEFF01232B7023F0D8FF044628B32C
S21400B1702B781BB91348F921FCF7C4F810F05EF8D9
S21400B1800446FFF73BFF844228BF044616E010F053
S21400B19055F80446DAE7204623F0C2FF0028DCD044
S21400B1A02B785BB122F014FA002106460120FCF74A
S21400B1B071FC304622F010FA00232B70204670BD3A
S21400B1C0C94E0020CCD303001FB5FFF7AFFF0446DF
S21400B1D0FDF70AF9A04228BF204688B103A9FDF76B
S21400B1E0E5F8034638B9CDE90000064A0399064853
S21400B1F023F0AFFD18B105489221FCF783F8012033
S21400B20004B010BDFFF00200B0280020CCD303002D
S21400B2100D4B0E4A1B7870B50D4D0E4C0121002BC0
S21400B2200CBF2B462346022000F074F90A4B0B4A4B
S21400B2301B780121002B0CBF2B4623460220BDE8BD
S21400B240704000F067B900BF7E1500203FD40300B1
S21400B2503CD4030038D40300C84E00205ED403005C
S21400B26010B5D0E9023253F822301B78002B14BFF9
S21400B270012400244FF0020014BF054A054A0121AC
S21400B28000F048F92046BDE81040FFF717BF00BFA2
S21400B2907DD403009AD40300D0E9023253F822305A
S21400B2A0034A1B78003B18BF01231370704700BF8A
S21400B2B07E1500202DE9F3410C4E0D4DDFF8388049
S21400B2C00C4F002456F8043B0BB9D8F8003035F87C
S21400B2D0022B0092394622460020013403F03EFB42
S21400B2E0292CEFD102B0BDE8F08100BF301100205C
S21400B2F05A3E0020B9D403002C11002007B5D0E92F
S21400B300023253F822301A78282A0DD8084B53F800
S21400B31022300BB9074B1B68074931F81210009111
S21400B3200020064903F01AFB03B05DF804FB00BFDB
S21400B330301100202C1100205A3E0020B9D4030002
S21400B34038B5D0E9023253F8221003EB82030C78AA
S21400B3505B6805491D88002003F000FB294620464F
S21400B360BDE8384000F0BAB8C4D403002DE9F34174
S21400B3700C4E0D4DDFF838800C4F002456F8043B79
S21400B3800BB9D8F8003035F8022B00923946224621
S21400B3900020013403F0E2FA292CEFD102B0BDE818
S21400B3A0F08100BF30110020083E0020B9D4030011
S21400B3B02C1100202DE9F34102AB03E906000446F8
S21400B3C090460FF0A3FE054620460FF0AFFE384F1E
S21400B3D09DF80060374BFDB1202C98F8002033F81C
S21400B3E0141037F8140008D9814253D34FF6FF7271
S21400B3F091421DD102B0BDE8F081012A32D802EB9D
S21400B40042122D4822444FF6FF7530F81210A9421A
S21400B41002D0013120F8121033F8141037F8140057
S21400B420814237D34FF6FF7291424FF0010502D0AA
S21400B430013123F8141004F0FD02092A2CD19A8A4F
S21400B440B98A32448A42B4BF9A82998233F8143059
S21400B4508342CFD3002DCDD1204602B0BDE8F041C7
S21400B46024F037B9022AD7D1134A32F814104FF60F
S21400B470FF70814204F121001CBF013122F8141034
S21400B48032F810104FF6FF75A9421CBF013122F8A2
S21400B4901010C1E70025CBE71D2CD7D15A8F911984
S21400B4A08142BDBF02F1FF32B6185E875887CDE7EE
S21400B4B0083E00205A3E0020843D002002485222CA
S21400B4C000212AF0ADBA00BF5A3E002002485222A0
S21400B4D0FF212AF0A5BA00BF083E0020014B23F842
S21400B4E010107047083E002008280ED84FF48B73C3
S21400B4F0C340DB0709D5064A136819B10343136036
S21400B5000020704723EA0003F9E72120704700BFB8
S21400B510D81100200CB4082813B50C4611D84FF4E7
S21400B5208B73C340DB070CD5084B1B68184208D04A
S21400B53005A90498019105F04BFB14B1044826F0C8
S21400B540B1F902B0BDE8104002B07047D811002033
S21400B550A8D70300034610B5D3E9023253F82230C9
S21400B5601C780846211E18BF0121FFF7BDFF0146C3
S21400B57050B9094A094B0220002C08BF1346BDE803
S21400B5801040074AFFF7C6BFBDE81040054A002135
S21400B5900220FFF7BFBF00BF14C503000CC50300A1
S21400B5A0AAD70300C0D703002DE9F041DFF83080AA
S21400B5B005461F460C468E18B44201D1BDE8F08100
S21400B5C014F8013B069A00212846FFF7A3FF002F38
S21400B5D0F2D0424600212846FFF79CFFECE700BF6A
S21400B5E0A8CB0300034B1B681878012808BF02206D
S21400B5F0704700BF882A0020D0E9023253F8223074
S21400B6001A78024B1A7000F0D7BA00BFCA4E002054
S21400B61070B5D0E902456B1EDBB21D4954F8230015
S21400B62003222AF0D3F954F8253004EB8504197860
S21400B63063681A78A2F10B030F2B05D91549BDE8EC
S21400B6407040002003F08AB901290FD1124C9140B6
S21400B650236840B90B43114A2360BDE87040104987
S21400B660002003F07BB923EA0103F4E702290CD19A
S21400B6700C49012303FA02F20B6818B913430A4A6D
S21400B6800B60EAE723EA0203F9E70A460749D6E72A
S21400B6900F6C0300D1D70300E0110020E7D70300AA
S21400B6A0EFD70300DC11002001D803000BD80300FD
S21400B6B007B5D0E9023103EB810253F821300B497C
S21400B6C01B785268012B0A4B126808BF0B464FF0D6
S21400B6D000001A600092074A074B084918BF134635
S21400B6E0074A03F03BF903B05DF804FBE0110020C5
S21400B6F0DC11002026D803001ED8030030D8030033
S21400B7002EDD030038B5254A254B264C2649274D05
S21400B710002003F023F92649002003F01FF92268D1
S21400B7202449002003F034F92068234C03F0F0F895
S21400B7302146002003F012F92A682049002003F071
S21400B74027F9286803F0E4F82146002003F006F9FC
S21400B7501B4B1C491A781C4B002053F8223003F070
S21400B760FDF800F027F919490246002003F0F6F824
S21400B770174B18491A78002003F0F0F8164B1749B3
S21400B7801A78002003F0EAF824F06BFABDE8384097
S21400B79002461349002003F0E1B800BF2EDD030087
S21400B7A049D80300E011002050D80300DC11002027
S21400B7B058D8030066D8030011C7030076D80300E4
S21400B7C0E64E002086D80300E411002097D8030038
S21400B7D0DC4E0020ABD80300DB4E0020BDD80300B3
S21400B7E0CFD8030007B500F08FF8054B0090054A48
S21400B7F00549002003F0B2F803B05DF804FB00BF73
S21400B800E3D803002EDD0300E8D80300014900203A
S21400B81003F0A4B8F5D8030001480EF0E9BE00BF57
S21400B820AC3E0020F8B50C4F0C4E0D4D0D4A0E499F
S21400B8300446002003F092F83B78297832782046B8
S21400B840F6F7CEFD00233B7033702B70BDE8F84052
S21400B8500648FF2123F03FBCE64E0020DB4E0020CA
S21400B860DC4E00202EDD030094D90300DC280020E7
S21400B87037B51948FF2123F02EFC184B1B7813F020
S21400B880200013D001F0B0FB28F044FA0020144B3F
S21400B890144A154903F062F80120FFF7C3FF4FF47E
S21400B8A0806003B0BDE8304024F0B4BD13F010044F
S21400B8B004D003B0BDE8304001F09EBB0121B420A7
S21400B8C001F00EFF094B00900546064A084920463F
S21400B8D003F044F82846E0E7DC280020E64E002087
S21400B8E0ABD903002EDD0300D4D90300DBD9030057
S21400B8F0F4D90300024A03480021FFF739BB00BF12
S21400B90071B80000DC28002008B5054B1B7823B171
S21400B9109420FFF787FF002008BD7020FCE700BFDB
S21400B920E64E002037B51E4C2378DB0605462FD59D
S21400B93000901C4B1C4A1D49002003F00FF81E2DDA
S21400B94010D0652D0ED0032D24D12378184843F04F
S21400B950200341F28832FF21237003B0BDE8304057
S21400B96023F0A8BB237823F020032370FBF724FEE4
S21400B9704FF4FA63B0FBF3F202FB1300C21892B264
S21400B9800B48FF2123F096FB237823F01003237047
S21400B99003B030BD28F0BEF9AE20FFF743FFF3E753
S21400B9A0E64E002001DA03002EDD0300F4D9030082
S21400B9B0DC280020014B187A704700BFFC280020C6
S21400B9C070B5424E3378DD1F012B8EB0EDB258D0E5
S21400B9D0042B56D0032B41F6041255D0991F4B4228
S21400B9E04B415B0013433A48ADF80C3023F096FE0B
S21400B9F048B9384B364A03F1100153F8040B42F8A5
S21400BA00040B8B42F9D13378032B3FD0062B3DD065
S21400BA10314B0DF10E0203F1100153F8040B42F8FE
S21400BA20040B8B42F9D103A818F0FAFFB728044696
S21400BA3010D1012D36D8294A2949002002F08EFF60
S21400BA40BDF80C3003A823F40053ADF80C3018F002
S21400BA50E7FF04467CBB302018F0BCFE044650BB13
S21400BA6023F0CDFE012D26D81E4A1068516801AB82
S21400BA7003C322461C4901A825F091FBF0B1182407
S21400BA8019E043F60412A9E70223ABE7104A0DF1CA
S21400BA900E0302F1100152F8040B43F8040B8A421D
S21400BAA0F9D1C0E73378012B01D0042B03D10F491D
S21400BAB0002002F053FF20460EB070BD0449224617
S21400BAC001A825F06CFB0028D9D1F4E7E64E00204B
S21400BAD0CB4E0020C6DA0300D7DA03002EDD0300C3
S21400BAE025DA0300E8DA03001EDD030078DA030037
S21400BAF030B5044687B0252012F094FC1C220021A5
S21400BB00144829F08DFF144B1878FFF76BFD0228B8
S21400BB1014BF0123042303208DF8083027F04BFDC3
S21400BB2004238DF8103002A80C4B0593039401F003
S21400BB30EBF90B4B0B4A19680B4B0094A14218BF4C
S21400BB4013460546094A0A49002002F007FF284620
S21400BB5007B030BDFC280020E64E0020F5BD0000F2
S21400BB60E011002026D803001ED803002EDD0300B7
S21400BB70F1DA030008B50E490A78531CDBB2072B2E
S21400BB800B7001D0092B04D19420FFF74BFE9420B4
S21400BB9008BD02F0FB02032A07D1064B18680028EE
S21400BBA0F2D0FFF7A5FF3D20F2E70020F0E700BF48
S21400BBB0E64E0020DC11002073B51C4C1C4E23689A
S21400BBC03268134330D01B4B1B6833B31A4D2B78A7
S21400BBD01BBB24F046F8D8B94FF4806024F0D8FB9D
S21400BBE024688CB101232B7001F0FEF92046FFF784
S21400BBF07FFF0446114B124A12490094002002F0BF
S21400BC00ADFE204602B070BD042334682B70EBE70F
S21400BC100121B42001F064FDEBE7094A0A4900203F
S21400BC2002F09CFE7024E5E77024EAE7E0110020AD
S21400BC30DC110020882A0020E64E002038DB0300B6
S21400BC402EDD0300E8D803001EDB03002DE9F341D8
S21400BC50374C3849227AA388002002F07FFE2268FB
S21400BC60207A22FA00F010F0010002D1324902F0E8
S21400BC7075FE324D287838B131493248082229F00D
S21400BC80A5FE003818BF01202F4E2D4F06F10E08D6
S21400BC9007E008223946404629F098FE003818BFCB
S21400BCA00120227A2368D340DB0700D560B13046F6
S21400BCB012F084FB00282DD12B78002BE9D1227AB4
S21400BCC02368D340DA07F2D5237A0093A3881F4A65
S21400BCD01F49002002F042FE1E4B1878FFF782FC38
S21400BCE001230322184911F08FFD1B4A13780133F4
S21400BCF01370044610B902B0BDE8F081134A174924
S21400BD002346002002F02AFE204602B0BDE8F0419D
S21400BD10FFF788BD1249002002F020FEFFF72AFF39
S21400BD200028E8D102B0BDE8F04100F01BB800BF23
S21400BD30FC2800203EDB03006EDB0300E54E0020FF
S21400BD40DD4E00200E290020002900202EDD0300F5
S21400BD503ADC0300E64E0020DB4E0020DDDB03006D
S21400BD6004DC030070B51B4C1B4B22781B4953F8B0
S21400BD7022301B4A1A4D1B4E002002F0EFFDFFF743
S21400BD801FFE034683B92378032B19D8D3B1164B6D
S21400BD9016481B6840F8043B12F0EEFAA0B1BDE866
S21400BDA070400120FFF73EBD2A463146002002F0D3
S21400BDB0D5FDFFF7DFFE58B9FFF702FE0346E1E7C1
S21400BDC0072BE4D00A4BE3E7BDE87040FFF73EBF21
S21400BDD070BD00BFE64E0020E411002059DC0300D1
S21400BDE02EDD030066DC0300E0110020FC280020A6
S21400BDF0DC11002070B51A4C237883B3838913F4C2
S21400BE00407F2CD0056835B12A461649BDE87040FB
S21400BE10002002F0A3BD12F0FFFA134E134A307052
S21400BE2003461349284602F099FD33781BB1BDE856
S21400BE307040FFF797BF2378062B06D8032B06D94A
S21400BE40BDE87040AB20FFF7EDBC082BF8D004230C
S21400BE502370084BBDE870401868FFF749BE70BDF8
S21400BE60E64E00208FDC0300DC4E00202EDD0300B3
S21400BE70BADC0300DC11002030B5434D434A444988
S21400BE80034687B00446002002F068FD2B782BBBE3
S21400BE9001A824F0DEFE022301A88DF8043025F068
S21400BEA0AEF8B0B93B4901A825F010F988B1902C3E
S21400BEB00FD1FBF781FB47F23153B0FBF3F202FBE5
S21400BEC0130000F51C50103080B201F095F807B052
S21400BED030BD912CFBD101F0C9F8F8E7902C2AD19F
S21400BEE02A4A2D49002002F039FD2B78032B11D069
S21400BEF0062B0FD0294B1B78DA070BD401A818F0B5
S21400BF008BFC18B9BDF804309B0703D42B7843F09C
S21400BF1010032B70FBF750FB4FF4FA63B0FBF3F201
S21400BF2002FB1300C2181E4892B2FF2107B0BDE8FC
S21400BF30304023F0BFB80FF077F904460028C6D18A
S21400BF402B78013B072B19D8104A164902F006FD3C
S21400BF50154812F033FA60B11449204602F0FEFC90
S21400BF60FFF708FE0028B2D107B0BDE83040FFF763
S21400BF70F9BE07B0BDE83040FFF768BEAE2007B098
S21400BF80BDE83040FFF74EBCE64E00202EDD030035
S21400BF90DEDC03001EDD0300F3DC0300CA4E0020D7
S21400BFA0DC28002006DD03000029002004DC030056
S21400BFB0034A03460120C3E9032000221A70704793
S21400BFC00100FEFF2DE9F041264E274FDFF8A8803E
S21400BFD088B0002400F010FAA5B2854202D308B05B
S21400BFE0BDE8F08103A9284623F0A9FBA2B231469A
S21400BFF0002002F0CDFC9DF80D2012B39DF8121023
S21400C000BDF81030402914BF6E217921CDE90031EA
S21400C0100020BDF80E30394602F0BAFCBDF81420F8
S21400C0201AB11249002002F0B3FC9DF80C00BDF8CE
S21400C030182070B9079B00930D49BDF81A3002F01E
S21400C040A7FC0C49002002F089FC013422F052FEC5
S21400C050C0E7BDF81C30009341469DF81A3000201A
S21400C060EDE700BFF6DE0300FADE030019DF03008B
S21400C07021DF0300F3B2030045DF030010B500F034
S21400C080F9FABDE810400346024A0349002002F0D0
S21400C09065BC00BFD2EB030069DF0300D0E90232C3
S21400C0A053F8223010B5188800F0D4FABDE81040D6
S21400C0B00346024A0249002002F050BC206F0300EB
S21400C0C069DF030010B5D0E9023286B000248DF88F
S21400C0D0044053F8221003EB820309788DF805100C
S21400C0E05A681288ADF806209A681288ADF80820BB
S21400C0F0DA681278ADF80C40A24214BF40228022C3
S21400C1008DF80A201A691288ADF810205A699B69C2
S21400C1101288ADF812201B68059301A800F0FAFB00
S21400C120034A04490346204602F018FC06B010BD38
S21400C1300F6C030069DF030038B5074D002422F0BA
S21400C14092FD45F824000634242CF8D1BDE838408A
S21400C1500249002002F002BC4816002071DF0300EE
S21400C16030B5214987B0002002F0F8FB1F490020B7
S21400C17002F0F4FB1E49002002F0F0FB22F073FDF3
S21400C18000240546A0B201A9013423F0D8FA062CF3
S21400C190F8D122F068FD1749421B002002F0DEFBB2
S21400C1A01549002002F0DAFB22F05DFD044601206E
S21400C1B000F0E4F822F057FD0E49021B002002F0C2
S21400C1C0CDFB0E49002002F0C9FB22F04CFD0446D0
S21400C1D000F016F822F047FD0649021B002007B0C3
S21400C1E0BDE8304002F0BABB9DDF0300CCDF0300A1
S21400C1F0FCDF030019E0030028E0030042E0030030
S21400C200F0B5124F87B00025FF2400F0F5F8AEB267
S21400C21086420CD3FE2C08D00C4D0FCD01AC0FC4BB
S21400C2202B68236001A800F0C1F907B0F0BD01A992
S21400C230304623F084FAFE2C06D0394601A823F0B7
S21400C2409BFA002818BFFE240135DEE764E00300F1
S21400C250C8B14278012A14D1418840F20643994277
S21400C2600FD183886BB98379402B0AD1018941B9F4
S21400C270034603F80C1B044903C983E80300104671
S21400C2807047FFF795BE704770E0030010B50C4688
S21400C29003F0C4FA08B9032C12D123F0E2FC0428F8
S21400C2A00ED023F0DEFC05280AD0064802F04CFA31
S21400C2B0B42801D124F069F8BDE8104002F054BA61
S21400C2C010BD00BF29F702002DE9F04FDFF8A8B037
S21400C2D0274C87B000274FF0FF36BBF80030B8B2C7
S21400C2E0834209D8731C3BD022483246FF2107B050
S21400C2F0BDE8F04F22F0DEBE01A923F020FA9DF83B
S21400C300050001F09FFDF8B19DF80480B8F1000F1C
S21400C3101AD1BDF810A0BDF8129022F0A4FC182186
S21400C320BBB24B430246E018E158007CA2EB010C7E
S21400C3304FF47A7350B103FB0AF363450ED30B44F4
S21400C340981A864228BF06460137C6E74D466B4315
S21400C350FAD06345F5D31944881AF2E74046F0E769
S21400C3600448FF2107B0BDE8F04F22F0B4BE00BF7E
S21400C3704816002018290020AE3E00202DE9F04186
S21400C380014688B020B1022809D008B0BDE8F08187
S21400C390FF23154A15480093FEF7ACFDF5E7002489
S21400C3A0134E27464FF00108A5B2284603A98DF87C
S21400C3B00D7023F0C4F99DF80D0068B101F042FD40
S21400C3C020B19DF80C300BB986F810800134062C8D
S21400C3D006F11806E8D12546064B1D8008B0BDE8D4
S21400C3E0F041FFF771BF00BF41C7000018290020C9
S21400C3F048160020AE3E0020014B1888704700BF4C
S21400C400AE3E00202DE9F04F624A077D624989B0B2
S21400C4100446002002F0BCFA002024F06EF820B19A
S21400C4202368218A588803F045FA00205B49DFF824
S21400C430789102F093FA637D002B23685988574B56
S21400C4400093228A4FF009030DBF082000204FF00A
S21400C45080084FF0400802F027F9A289BB1C9342DF
S21400C4600CDB24F0CAF8034620B14D4A4D490020A3
S21400C47002F074FA012009B0BDE8F08FA068791CBC
S21400C48089B2C55D23F0F1FF0337012D0646BFB222
S21400C49013D8236859885879238A0093324643462E
S21400C4A023F0ADFC824600283ED1862002F098F9A3
S21400C4B0284602F095F9304668E08520F6E703A99D
S21400C4C023F03DF99DF80C30AB4223D123689DF84C
S21400C4D00D105A7991421DD1BDF80E105A8891421E
S21400C4E018D1BDF81020B24214D19DF81220424552
S21400C4F010D1BDF81410228A91420BD1002D38D0ED
S21400C500BDF81810E288914204D19DF81A201B79D4
S21400C5109A422ED00BF1010BB9F800305FFA8BF07F
S21400C5208342CCD88B20C1E74FF0000BF4E79AF893
S21400C530020002F055F9BDF8180023F078FFBDF8A8
S21400C5401A0023F074FF9AF8020003F0BDFB0028DF
S21400C55083D19AF8020001F00DFB079E0546002DD8
S21400C5603FF47BAFF0B2013D02F03AF9360AEDB285
S21400C570F5E7002002F034F9284602F031F930469B
S21400C58023F055FF012DD2D1BDF81C0023F04FFF3C
S21400C59063E700BF78E0030085E00300F3B2030022
S21400C5A08AE00300A7E00300AE3E002038B5084D41
S21400C5B02C88052C014607D8204623F0CAF82B887D
S21400C5C001332B80204638BD4FF6FF74FAE700BFD4
S21400C5D0AE3E00202DE9F0431C4F91B069468046E0
S21400C5E023F0ADF8388800238DF80130431E98B24A
S21400C5F08045388009D16946404623F0AAF8684647
S21400C60023F090F811B0BDE8F08305A923F097F861
S21400C6100F4C3E884FF0180909FB06460FCE0AADB0
S21400C6200FC596E803000AAE85E8030005A9404654
S21400C63023F08FF80FCE09FB08440FC495E80300DB
S21400C64084E8030038886946D7E700BFAE3E00207E
S21400C6504816002008B5064B1B88834205D9FFF70D
S21400C660B9FFFFF731FE002008BDB120FCE700BF90
S21400C670AE3E002038B5074D2C882CB90648FF2161
S21400C68022F029FD204638BD601E80B2FFF7A2FFCB
S21400C690F2E700BFAE3E0020182900202DE9F34740
S21400C6A0264F9DF82890CDE900129A46182303FBE2
S21400C6B009731446D3E9022324F06FF80646204691
S21400C6C00D4603F001FB04F0FD03382B80460FD126
S21400C6D00094DAF8100032462B46002123F06FF85B
S21400C6E0B8F1010F1BD135431ED102B0BDE8F0876B
S21400C6F0392CDAF810300BD107EE906A07EE103AB4
S21400C700F4EEC77AF1EE10FAACBF01200020E7E79E
S21400C7109E4275F100032CBF01200020E0E7B8F12F
S21400C720000FE2D10028E0D0182303FB097701238D
S21400C7303B7402B0BDE8F047FFF7C6BD48160020C0
S21400C7402DE9F04F93B00025DFF8C49104952E46EE
S21400C750A8462C466A4B1B88A8B2834209D81CB14F
S21400C76061882079FFF792FDFFF7AEFD13B0BDE8B4
S21400C770F08F0DA922F0E3FFAFB222F074FA18236F
S21400C7807B43834609EB030A9DF8350059F80330CE
S21400C790059301F057FB002800F0AF809DF8342089
S21400C7A0002A40F0AA80059BABEB0300BDF84030A2
S21400C7B04FF47A725343834200F29F809AF8103007
S21400C7C043B9BDF84230002B00F0978053438342B4
S21400C7D000F2938002230022CDE9013208AB0093D9
S21400C7E00DF11F020DF12203E9B20DA8F3F7E8FCE4
S21400C7F0002878D1BDF822B00BF10302D2B21CB3E8
S21400C800404B9DF835101B8813442279914215D170
S21400C810BDF836106288914210D19DF83A20B8EBE8
S21400C820D21F0BD1BDF83C2004998A4206D1B342F0
S21400C8304DDD3549002002F091F801E0B342F8DC06
S21400C84061882079FFF722FD01F09EFF04469DF9DE
S21400C8503A002E4B0093C043C00F0A23BDF83C207D
S21400C860BDF836109DF83A80C00001F01DFF9DF817
S21400C870353023714FF48A53E380BDF83C3004937F
S21400C8804FEAD8184FF0000AFF2609A95FFA8AF087
S21400C89028F006F9B0B99DF825109DF8352091428C
S21400C8A010D1BDF82610BDF8362091420AD19DF869
S21400C8B031109DF82400224623F0A5FEB04228BF82
S21400C8C03046C6B20AF1010ABAF10A0FDDD1BDF848
S21400C8D0380023F0ACFD9DF81F0001F081FF59469B
S21400C8E008A801F091FF18235F4309EB0703002215
S21400C8F01A7422F0B8F949F8070001352AE700BF94
S21400C900AE3E0020B23E00205EE10300F3B203001C
S21400C910481600202DE9F043DFF858810389B8F85F
S21400C92000908BB0044600938379828841884078D3
S21400C93023F065FA002800F09580E78927B1A389DF
S21400C940BB4200F291800027B8F80030BDB2AB427F
S21400C95014D84D460126E2894FF6FF739A4226D137
S21400C96046B9B8F80030AB4202D92846FFF732FE87
S21400C970FFF7AAFC00200BB0BDE8F08305A9284607
S21400C98022F0DDFE9DF814307BB92268059B5340EB
S21400C990FF2B0AD86368069E5E4036F07F4604D1B9
S21400C9A0BDF81C2023899A42D5D00137CCE7E2682F
S21400C9B09A422BD0002E53D1D4E90323CDE9082385
S21400C9C005A822F0AFFE0028D5D1B8F80030AB425B
S21400C9D004BF6B1CA8F8003022F045F91823244A3F
S21400C9E06B43D418D0500023CDE9013300931A4688
S21400C9F0E9B205A8F3F7E4FB18B100220023C4E966
S21400CA00022305A9284622F0A4FEB1E7234605AA7C
S21400CA1004F1100C18685968174603C708336345B5
S21400CA203A46F7D11868386005A8FFF711FC0028C9
S21400CA30C0D0052D1AD800238DF8143063788DF8F1
S21400CA4015306388ADF81630A388ADF81830A37992
S21400CA508DF81A302389ADF81C300028B0D1ABE72A
S21400CA600020E6E7862086E7872084E7892082E79D
S21400CA7048160020AE3E00202DE9F04FA24A057D64
S21400CA80A2498DB00446002001F082FF002023F06A
S21400CA9034FD20B12368218A588802F00BFF00205D
S21400CAA09B49DFF888B201F059FF637D002B14BF65
S21400CAB080234023029323685988954B0093228A4B
S21400CAC04FF007030CBF0820002001F0EDFD4FF0EB
S21400CAD0000AA28905F10308904506DBBAF1000FAB
S21400CAE01FD1504601F07CFE1BE0A068691C89B28D
S21400CAF0475D23F0BAFC8749064603463A460020BF
S21400CB001FFA88F801F02AFFC7B1012F00F0A980AC
S21400CB10852001F065FE384601F062FE304623F0BF
S21400CB2086FC23F06AFD034620B17B4A7B49002041
S21400CB3001F014FF01200DB0BDE8F08FA068A289B7
S21400CB4010F80880291D89B223F08FFCA91DA28940
S21400CB50049089B2A06823F088FC049B059000909E
S21400CB606F493846424601F0F9FE08354046ADB2F8
S21400CB7003F0AAF8002835D1404600F0FBFFA28952
S21400CB80034681462946A06823F060FC6549039069
S21400CB90384601F0FDFEA1684A4629443B46384621
S21400CBA001F05AFE5A49384601F0D8FEA9441FFA49
S21400CBB089F5236859885879238A00933246029B60
S21400CBC023F01DF980B1837843450DD08D2001F008
S21400CBD007FE002001F004FE304623F028FC4FF04C
S21400CBE0010A76E70397E4E7A8F148085FFA88F8B1
S21400CBF0B8F1090F07D840F2113323FA08F3DB0720
S21400CC0001D58C20E3E700238DF81C3023685A7981
S21400CC108DF81D205B88ADF81E30029B8DF8223003
S21400CC20238AADF82430049BADF82830059BADF878
S21400CC302A3007A8039BADF820600B93FFF76AFE27
S21400CC40814600283FF445AF484601F0C9FD384606
S21400CC5001F0C6FD304623F0EAFBB9F1850FBED1E0
S21400CC605FE7A289A068414623F0FFFB2E490246F3
S21400CC708146002001F072FE0535BBF80020ADB2FB
S21400CC800023BBF800101FFA83F8414506D8052A92
S21400CC904ED9892001F0A4FD01209BE707A9404654
S21400CCA0CDE9032322F04BFD9DF81C100129DDE998
S21400CCB0032326D1D4F800E09DF81DC09EF8050099
S21400CCC084451ED1BDF81EC0BEF80200844518D1AA
S21400CCD0BDF82000B04214D19DF822000299884287
S21400CCE00FD1BDF824C0208A84450AD1BDF828C0DB
S21400CCF0E088844505D19DF82A009EF804108842F5
S21400CD002FD00133BDE700BF89E1030085E00300B3
S21400CD10F3B2030091E10300E2E10300A7E00300A1
S21400CD20ABE10300C8E10300D3E10300AE3E002000
S21400CD3001238DF81C30236859798DF81D10598809
S21400CD40ADF81E1002998DF82210218AADF8241035
S21400CD50E188ADF82060ADF828101B798DF82A30F0
S21400CD60904607A8ADF82C9022F0DCFC81460028FF
S21400CD707FF46AAFBBF80030434508BF08F10103F3
S21400CD8007A9404608BFABF8003022F0E2FCA0E658
S21400CD902DE9F04F89B09A46BDF848B09DF84C6032
S21400CDA0149C244B07468846914600251A88A8B24C
S21400CDB0824235D903A922F0C2FC9DF80C201D4BF7
S21400CDC0B2BB9DF80D10B94232D1BDF80E104145E8
S21400CDD02ED1BDF8101049452AD19DF812105145A4
S21400CDE026D1BDF81410594522D13046029200F0E3
S21400CDF0C1FEA6F14103012B01460AD8204623F0C6
S21400CE003AFB0D4B0D4A204484420CD1029302ACEF
S21400CE100421EDB2009503AB32462046FFF73EFCF8
S21400CE2009B0BDE8F08F14F8011F4B405343EBE701
S21400CE300135BBE7AE3E0020C59D1C819301000175
S21400CE401FB50F4C2478C4B142EA03229DF818306F
S21400CE508DF8051042EA43220A4BADF80C201A78EA
S21400CE60094B8DF8061003EB0213079900908DF816
S21400CE700400DB6802916846984704B010BD00BF06
S21400CE80E74E0020E94E00203829002073B51A4DE1
S21400CE901A48FF2122F01FF92B7853B3184C194E6D
S21400CEA02378180106EB0313305C1A7A59680EF0E3
S21400CEB0F1FD4D281DD0E0B1227801230021CDE9F7
S21400CEC000311201C0B2B25CFFF7BAFF23780B48FC
S21400CED001330A22DBB2B3FBF2F102FB11332370FB
S21400CEE02B78FF21013B2B7002B0BDE8704022F08A
S21400CEF0EAB802B070BD00BFE74E0020D829002077
S21400CF00E94E002038290020F8B5104F3E780A2E4A
S21400CF101AD00FC8DFF840C00D4D9CF8004005EB56
S21400CF200415013485E80F00E4B20A230948B4FB6F
S21400CF30F3F2013603FB1244FF218CF800403E70EA
S21400CF4022F0C1F80020F8BD0120FCE7E74E0020E3
S21400CF5038290020D8290020E84E0020024A03483D
S21400CF600021FEF705B800BF8DCE0000D8290020AE
S21400CF7037B5134D00232A78CDE900330C4612014D
S21400CF80104901238A5C01462046FFF759FFA4B9E1
S21400CF900D490A788AB12B7801330A20DBB2013AB0
S21400CFA0B3FBF0F400FB143308480A70FF212B7023
S21400CFB003B0BDE8304022F086B803B030BD00BFF5
S21400CFC0E94E002038290020E74E0020D82900200E
S21400CFD008B5032016F0DCFD10B9024B01221A70CA
S21400CFE008BD00BFEA4E0020024B002218781A70D7
S21400CFF0704700BFEA4E00200246FF21014822F09B
S21400D00059B800BFF8290020114B37B51D78BDB9B7
S21400D010FF21104822F05FF8FFF7DAFF0E4B009072
S21400D02004460E4A0E49284601F098FC44B10D4BC2
S21400D0301B78DB0604D526F06DFE204622F070FB3A
S21400D040094B186803B0BDE83040FFF7D5BF00BFF6
S21400D050EA4E0020F8290020F6E1030024E203004F
S21400D060F4D90300E64E0020081200200148FF21F4
S21400D07022F031B8F829002070B5194E33780546ED
S21400D0800C4663B3174A1849002001F081FC032CB4
S21400D09001D0652C1FD11549002001F079FC2246ED
S21400D0A01349002001F05AFC1249002001F070FCE0
S21400D0B0012329460822002001F0CEFB00200E495D
S21400D0C001F04CFC032C84BF002333702046BDE8DF
S21400D0D07040FEF727BC012CE1D00849DCE770BDA4
S21400D0E0EA4E002024E2030054D8030037E203008F
S21400D0F03EED030055E20300F3B203004DE20300E9
S21400D100014B1860704700BF08120020024A03480F
S21400D1100021FDF72DBF00BF09D00000F829002030
S21400D120F8B5084B084E1D68084F0024E3B29D4230
S21400D13004F1010400D8F8BD56F82300394621F062
S21400D140C7F9F3E7F8A50300FCA50300B410002018
S21400D1502DE9F743254B01930D461646044650B17C
S21400D1604AB101AA042312F8011BA94235D0013B9B
S21400D17013F0FF03F7D1022003B0BDE8F08317F8E1
S21400D180010F90FAA0F0000E21F08BFD014608EB8F
S21400D19007039945F3DCCAB2C1F30F2392FAA2F251
S21400D1A093FAA3F3120E1B0E03EB02236219DB4362
S21400D1B012F8020C99B2DBB298420CD112F8013C7C
S21400D1C0B3EB112F07D132462146284603B0BDE8FF
S21400D1D0F04327F0E6B8BD20CEE7671E4FF6FF7196
S21400D1E0A5F10209C4F10108D1E700BF080A0E1232
S21400D1F02DE9F04186B015460F469846064623F0C0
S21400D2004EF9184B03A81C7817F006FB15F0FD0F17
S21400D21026D0F8B9BDF80C309B071BD5032D08BFE8
S21400D22003242B46424639463046009423F0F9F84C
S21400D2300D4B0E4A53F8243052F825200C49CDE900
S21400D2400046002001F08AFB23F02BF9204606B0AA
S21400D250BDE8F081032DE4D1042C08BF0024E0E7EC
S21400D2600324DEE7EB4E002010EC030000EC030086
S21400D27036EB0300014B1870704700BFEC4E0020E1
S21400D280024B186800B14068704700BF182A00209B
S21400D2900B4B1B6870B5044600257BB11E88002129
S21400D2A007E05A6802EB0110013145B9021B5542EE
S21400D2B055418AB29642F4D89B68EEE7184670BD90
S21400D2C0182A00202DE9F04F93B01E469DF87430C2
S21400D2D00593022E4FF00003DDF87090DDF880A075
S21400D2E0ADF81E3007468846144640F2B48099F8DA
S21400D2F000305A072AD5042E40F2AD8099F804B0C3
S21400D300594B002533F83520002A00F0AA80013555
S21400D3100A2DF7D1BAF1000F40F0A180FF250023B7
S21400D32020798DF81D3008AA0DF11D0123F050F864
S21400D33078B1BDF82C309DF81D00238023F0ABF8A3
S21400D3408DF81C00A0B113B0BDE8F08F99F802B0BC
S21400D350D6E7207922F0A0FD00287ED1207923F0A0
S21400D360ACF88DF81C000028EDD1404B5B8823807C
S21400D37062884FF6FF73002F08BF4346CDE90023AF
S21400D38000212388059A584602F08EFB18B1E388E0
S21400D39043F02003E380059BCDF83C9007A90DA839
S21400D3A0CDE90DA4ADF84080ADF842608DF844702C
S21400D3B08DF8453023F01FF810B19DF81C00C2E729
S21400D3C0484602F0C5FAA01D02F0B0FA22464146D1
S21400D3D0384623F018F9B04208D274238DF81C3072
S21400D3E0BAF1000F32D123F05CF8E6E79DF87C3006
S21400D3F00393BDF8783002930DF11E03CDE9009338
S21400D4002246F3B24146384622F04CFB8DF81C000B
S21400D410BAF1000F0FD070B9BDF81E203AB1092D31
S21400D42005D8134B03EBC50143F835A08A801120BD
S21400D43022F0AEFFD7E7BA2808D1E388DB06D2D5BC
S21400D440002301208DF81C30FFF714FF9DF81C30D8
S21400D450002BC8D1EBE7012075E7A32073E7B420C3
S21400D46071E7EDB25BE700BF202A00206C2A00209F
S21400D4701C2A00209D2837B504462AD8902812D8A2
S21400D48056D122F0EAFB2B4B00902B4A2B4900206A
S21400D49001F064FA902C29D10DF004FE03B0BDE82B
S21400D4A0304022F0B1BF00F16F03DBB201259D4092
S21400D4B015F0A90528D19D2833D09C2838D122F014
S21400D4C02AFC1F490246284603B0BDE8304001F05A
S21400D4D045BABC28D5D007D85534E4B2042C27D892
S21400D4E0184B154A184914E0BF28C9E7174B184AC5
S21400D4F01849BC2C08BF1A46002001F02FFA22F06B
S21400D50082FF22F081FFC9E79128E9D1094B0A4A38
S21400D5101149002001F022FA03B0BDE8304023F0A4
S21400D5205DB80E49284603B0BDE8304001F016BA93
S21400D53003B030BD29EC03004BCE030032EC0300F1
S21400D54079EC030068EC030070EC0300F3B2030010
S21400D55024EC03003FEC03005FEC030096EC0300B2
S21400D56007B5094A0346108831B9084A084903B086
S21400D5705DF804EB01F00CBA0091064A064901F08A
S21400D58007FA03B05DF804FBC23E00206BD503002B
S21400D590D4D903000FD60300ABEC03000D4B1B6879
S21400D5A037B504469BB11D7803890093C37A0A4AAF
S21400D5B00A49012D4FF0000008BF022501F0CEF900
S21400D5C02146284603B0BDE8304026F045BB702013
S21400D5D003B030BD882A0020286A0300D5EC03007B
S21400D5E010B5002022F057FF0D4B1B688BB15A7800
S21400D5F0052A08D88AB9144610460EF025F82046A3
S21400D6000DF0BAFD05E0FF2A07D00649002001F01C
S21400D610A5F9BDE8104022F044BF05240222EBE73E
S21400D620882A002025ED030013B5124C002022F0B6
S21400D63032FF23689BB101A822F059FB78B9236812
S21400D6401A789DF804309A4209D0D91E032906D9C3
S21400D650D11E012903D9012A07D1022B05D10323A4
S21400D66001A8ADF8043010F0DBF902B0BDE81040B8
S21400D67022F017BF882A00200023044A19460133E7
S21400D6800A2B918042F8081BF9D170471C2A00200B
S21400D6907FB50E4605460FF05DFE0F49044603466D
S21400D6A02A46002001F05AF996B10C4B1A889B784E
S21400D6B08DF80E300323ADF80C200093002203AB48
S21400D6C036214FF6FC708DF80D5023F029FA0446EB
S21400D6D0204604B070BD00BF44ED03005CEF0300BD
S21400D6E0FF2810B50C4604D10020044901F036F995
S21400D6F0FE202146BDE81040FFF7CABF5BED0300E1
S21400D700F8B51F460B8806460C461546002B5DD11D
S21400D7104A88B1F902100029B8BF6B782C4900205E
S21400D72001F01CF96288132A1DD002F5FF417F31F3
S21400D73089B205291FD8A2F50042013A052A1AD84F
S21400D740DFE802F0153B19033809224A2249002077
S21400D75001F004F90FE0214A1F49002001F018F9F2
S21400D7602A791F49F3E7B5F801201E49EFE71E495D
S21400D770002001F0F3F83B462A46214630461FF0CB
S21400D7800AFD70B93B462A46214630461FF005FD85
S21400D790628848F221039A4203D16978304622F023
S21400D7A020FE6388B3F5004F02D9082022F032FE2F
S21400D7B00120F8BD2A790D49C9E70D4A064900201F
S21400D7C001F0E6F8B5F801200A49C0E70020F0E7C6
S21400D7D096ED0300BBED0300C2ED0300D3ED03009E
S21400D7E0D9ED0300E7ED0300FEED030018EE03009D
S21400D7F03AEE03003FEE0300F0B585B004AB03E954
S21400D8000300184A9DF80D609DF80E7000231C4614
S21400D810D9B202EBC1004568EDB99DF80C30009313
S21400D8209DF80A209DF80B300F49284601F0B0F805
S21400D83026B10E493246284601F0AAF80C4ABDF831
S21400D84008300C49002C18BF2246002005B0BDE861
S21400D850F04001F083B812F831100133B94208BF26
S21400D8602C46D5E714EF030050EE030061EE0300EC
S21400D870165F030065EE03002DE9F04F85B0804685
S21400D880BDF838700F9DBDF840B0894614461E4658
S21400D890002B2FD0454A4649002001F079F823880E
S21400D8A0002B74D040F20912934272D0414A42498A
S21400D8B0B3F5827F18BF0A46019761880091002061
S21400D8C03E4901F065F8238883B1022F0ED92B78E4
S21400D8D03B493C4A13F0010F08BF0A4659074CBFA4
S21400D8E02B79AB783849002001F052F837490020F0
S21400D8F001F034F83649002331F833205A454AD12E
S21400D900344A52F833A0002331F8330058454FEA22
S21400D910C30246D12F4900200A4441F833009080C4
S21400D92046B9238833B9B4F90230002B02DB08204D
S21400D93022F02EFD012022F06DFD9DB12A78D3073E
S21400D94010D512F0040004D03A460121284622F0F1
S21400D9508CFDCDE9016000953B462246494640468F
S21400D96022F0DDFABAF1000F06D0CDE900563B46AC
S21400D970224649464046D047CDE900563B46224619
S21400D9804946404622F070F805B0BDE8F08F124ACE
S21400D99092E7124A90E701330A2BADD14FF0000A06
S21400D9A0B1E701330A2BAFD1BAE700BF77CD03004A
S21400D9B08CEE03007AEE0300175F030096EE03007A
S21400D9C085EE03007DEE0300C5EE0300F3B2030010
S21400D9D0202A00201C2A002073EE030077EE0300A6
S21400D9E0014B1878704700BFED4E0020F8B506468C
S21400D9F00C4622F0EBFC0546B0B9304622F04CFA55
S21400DA0098B90B4B1F7B87B95A8822809A88628008
S21400DA109B7923710121304600F040FA3946607147
S21400DA20304600F03BFAA07101252846F8BD00BF3D
S21400DA306C2A002070B504460E46154622F02CFAD5
S21400DA4010B14FF6FF7070BD084B1A7B002AF8D154
S21400DA5046B901222946204600F042FA0028F0D0B6
S21400DA600088F0E7012EECD1F4E700BF6C2A002016
S21400DA7013B5FF230DF1070104468DF8073022F099
S21400DA80A3FC18B19DF8070002B010BD074B03EBCE
S21400DA9004131B7B0BB1FF20F6E7204600F0B4F81A
S21400DAA00028F8D0204600F0F3F9EDE76C2A0020B5
S21400DAB010B5F9F7E7FB0446F9F7EAFB22460346FA
S21400DAC01049002000F04AFF00F0B6FEFFF7D4FD34
S21400DAD000F07CF80221084602F0BCF9FFF780FD52
S21400DAE0094B41F249021A80084A52231380084A19
S21400DAF04FF40040138025F01FF9BDE810400020C9
S21400DB0025F08ABD5FEF0300501500204C1500205D
S21400DB104A15002038B5054622F078FC80B928461C
S21400DB2017F08EFE044618B1752814BF88248D247D
S21400DB30044923462A46002000F010FF204638BD40
S21400DB408D24FBE775EF03000249102309887F2226
S21400DB5021F0C5B8DEC403000149082227F046BFFD
S21400DB601F500020024B18685968FFF745BE00BFDB
S21400DB705E180400064A0123D15C814202D1054AA0
S21400DB80D05C704702335D2BF6D10020704700BF93
S21400DB908AEF03008BEF030070B50A4B1D780A4B23
S21400DBA004460022D0B2854201D8FF2070BD1E7800
S21400DBB0A64204D10029F9D05E7BF607F6D40132DE
S21400DBC01033EFE7EE4E00206C2A0020084B0122AF
S21400DBD01A70084B4FF482711A709A71064A59806F
S21400DBE09A6040F207114FF4807299809A817047CC
S21400DBF0EE4E00206C2A0020F0EF0300014B187850
S21400DC00704700BFEE4E0020034B03EB0013587B1B
S21400DC1000F00100704700BF6C2A00202DE9F04F8D
S21400DC208DB0DFF81C8202939DF858300793804B26
S21400DC3006911B7808EB0313054616460A934FF029
S21400DC4000090A9B984501D1862068E02B7803934B
S21400DC50039A98F80030D8F808A0934240F0E08085
S21400DC6098F80D30DC0709D59AF8043009934FF080
S21400DC70000B099A5FFA8BF3934202D308F110085F
S21400DC80DFE7DAF80070142303FB0B7729463846E3
S21400DC9022F08AF8002800F0BE803B890893002313
S21400DCA008999AB2914202D80BF1010BE1E70C22D7
S21400DCB05A430B937B6804929C1821462A463846A2
S21400DCC0059322F088F822790B9B002800F09A80B2
S21400DCD0069B03B11C60900624D4564B09EB030840
S21400DCE00BE01A79910642BFDA7890441FFA88F85A
S21400DCF00C339C42F5D8504B9844079B63B321469F
S21400DD00384622F048F8DDE90413B5F802905B5A6D
S21400DD1002464946039822F040FB38B97E200DB0F3
S21400DD20BDE8F08F454B4FF00008E2E72379DA06AE
S21400DD3039D44346B0461E46029AA378002A43D1F9
S21400DD40E278A3F14101012940D8013AD2B2414616
S21400DD50304622F084FC00E00EB90020DFE72146C2
S21400DD60384622F018F8DDE90413B5F802905B5A3D
S21400DD7002464946039822F00EFB0028CED02379AF
S21400DD80DB06D9D52146384622F005F895F80080FE
S21400DD90E2786D880346CDE9006229462246404671
S21400DDA022F00AFBBBE72146384621F0F4FF95F83F
S21400DDB000806D88169603462246294640460DB0DA
S21400DDC0BDE8F04F22F0FABA029ABAE7433B012BBD
S21400DDD006D8023A92B24146304622F058FCBCE7DA
S21400DDE0079BE2781BB9029B0BB193421ED34146B8
S21400DDF03046B8F1000F02D127F012FEADE727F04B
S21400DE00F5FDAAE712F0300F02BFE2784A441FFA87
S21400DE1082F9013344E77B894B441FFA83F943E7D1
S21400DE20BAF806304B441FFA83F927E7892076E7CD
S21400DE30EE4E0020F34E0020EF4E002020F00300B0
S21400DE406C2A002008B50021FFF7A6FEFF281BBF9E
S21400DE50044B03EB00130846587B18BF00F0010084
S21400DE6008BD00BF6C2A002070B50C4615461E463D
S21400DE7022F012F840B9054833462A462146806803
S21400DE80BDE8704021F0D5BF002070BD6C2A002090
S21400DE90014B0001185C70476C2A002070B50C46D8
S21400DEA021F0FAFFC0B90D4B9A682AB115790346DE
S21400DEB01426D9B2A94200D370BD116806FB03111F
S21400DEC0097B34B911F0800F1CBF0130C0B201339A
S21400DED0EFE711F0400FF7E70020EDE76C2A00208F
S21400DEE0F8B50D46164621F0D7FF034640B90E4A50
S21400DEF09268177904464FF0140CE1B2B94201D388
S21400DF000020F8BD10680CFB0400017B46B911F038
S21400DF10800F03D09D42F4D00133DBB20134ECE72E
S21400DF2011F0400FF5E700BF6C2A00202DE9F04FF6
S21400DF303F4BDFF8008193F800A089B00646002426
S21400DF40544506D2FF2E28D0304621F0A5FF0446C1
S21400DF5040B309B0BDE8F08F1B68142202FB0535FC
S21400DF602B89B3F5967F01D920F0C4FE00274FF029
S21400DF700C0B2A89BBB29A421CD809F10109029BF4
S21400DF8043445FFA89F59B681A79AA42E4D8FF2EC3
S21400DF90DFD10134E4B25445DBD208EB04131B7B1B
S21400DFA0002B41D12301029308EB04134FF0000924
S21400DFB00393E4E7BBB268680BFB03FE00EB0E01BD
S21400DFC00A79D30628D4039B93F800C08DF814C0B2
S21400DFD012F0400FB5F800C030F80E30ADF816C09D
S21400DFE0284614BF4FF0800C4FF0400CADF81A30A6
S21400DFF08DF818C021F0CFFE5207CB78ADF81C0084
S21400E0000CD5022B8A6800D91268012300930023DE
S21400E010194605A8FFF702FE0137AAE7022B8CBFB8
S21400E0208A6801F10802F0E70134E4B288E700BF2D
S21400E030EE4E00206C2A002070B5084D084E0024D5
S21400E0402B78E0B2834200D870BD06EB0010437B0D
S21400E050DB0701D521F0E7FF0134F1E7EE4E0020A3
S21400E0606C2A0020F8B50C4600210546FFF794FD03
S21400E070FF2827D0144A02EB0016737B03F0010139
S21400E0802CB143F00103737331B10120F8BD7473F2
S21400E0900029FAD014270FE000B202EB001021F09E
S21400E0A0C2FFF2E711687B43CA182846127BC95A9A
S21400E0B0D20921F0DCFC0134B2681179E3B299424E
S21400E0C0F0D8E2E70846E1E76C2A00202DE9F04F99
S21400E0D0B1F57C4F85B0CDE9023228BF2B4B0190BD
S21400E0E04FF0000428BFB3F800A000940E4638BFD7
S21400E0F04FF0010AA1464FF6FF78544503D3404639
S21400E10005B0BDE8F08FB6F57C4F0CD3204B029AD5
S21400E110019803EB840331465B88FFF7A5FE0546AE
S21400E120F0B1002718E0029A0198314621F0D2FE9D
S21400E130F5E70C23BCB25C43D5F804B0039B3BF870
S21400E140040098420BEB040105D3009B5BB92846FC
S21400E15021F021FEA0B901372A89BCB2A242E8D834
S21400E1600134A4B2C9E74845F5D8284621F013FE85
S21400E1700028F0D03BF80410494501D38045EAD981
S21400E18001233BF8049000938046E4E7E8EF0300A1
S21400E190EAEF03002DE9F04F8FB098469DF87030F7
S21400E1A005930023BDF860A08DF82C00ADF82E1066
S21400E1B0ADF8322005460E46174600931A4608A9C3
S21400E1C00BA8199C9DF868B09DF86C9008938DF884
S21400E1D03080ADF834A0FFF721FD089850B9CDE99E
S21400E1E00067594A59492B4600F0B8FB86200FB005
S21400E1F0BDE8F08FB9F1000F14D183785B4506D0E7
S21400E2004846514A524900F0A9FB8D20EFE70379B2
S21400E21013F0010306D118464B4A4E4900F09EFB08
S21400E2208820E4E703795B0731D583685A689B68E2
S21400E23009920A93807822F08FFA089A92F803904F
S21400E240B9F1020F034613D807904A46214609A89B
S21400E25022F03EFA079B06904A4621460AA822F07C
S21400E26037FA069B012B01D0013010D18720BEE77C
S21400E27006904A460998214622F02AFA0128F5D047
S21400E280069B0A984A46214622F022FAECE7059BAE
S21400E290002B51D1089B4FF6FF729878214621F04B
S21400E2A03FFD00284DD05FFA80F9CDE90294CDE914
S21400E2B000AB43463A463146284622F094F80028FA
S21400E2C095D1CDE90294CDE900AB43463A463146B6
S21400E2D0284621F082FE002889D101230093059B61
S21400E2E0224619460BA8FFF799FC00287FF47FAF5B
S21400E2F0089B32462946204621F0F2FD43463A4620
S21400E30031462846CDE901B4CDF800A0FEF740FD21
S21400E31043463A4631462846CDE90294CDE900AB5D
S21400E32022F060F8CDF800A043463A46314628462B
S21400E33021F02BFE00205AE70749002000F00EFBD4
S21400E340F8E7012053E700BF74F0030080F00300F5
S21400E350A8F00300BCF00300D0F0030070B586B050
S21400E36000258DF81030BDF828308DF80C00ADF87B
S21400E3700E10ADF81220ADF814300B9ABDF8303000
S21400E380009502A903A80D9E0295FFF747FC0446D8
S21400E39030B916B1029B9B783370204606B070BD2C
S21400E3A08928FAD10249284600F0D8FAF5E700BFD6
S21400E3B0EDF003002DE9F04F4FF0000A89B0FFF7AB
S21400E3C01DFC5FFA8AF6B04202D809B0BDE8F08FAD
S21400E3D05B4B5C49360100209A5D00F0BFFA5A4953
S21400E3E0002000F0BBFA00230593554B9DF814401F
S21400E3F033449B681A79A24202D80AF1010ADEE782
S21400E4001B68142202FB04344FF0000922891FFA0D
S21400E41089F39A4202D8059B0133E5E7D4F804B0A5
S21400E4200C231FFA89F803FB08F80BEB080520F00D
S21400E43061FC2B794549228813F0400F3BF80830E1
S21400E44000934FF00000424B18BF0B46414900F0C6
S21400E4509FFA2946204621F09EFC074600283CD11C
S21400E4603D4900F095FA2979DFF814C13B48AA78AF
S21400E470EB7811F0010F08BF604611F0020F32D1A1
S21400E480DFF800C111F0100F354918BF6146CDE91D
S21400E49000013449002000F07BFA2B793BF8082075
S21400E4A02188274813F0400F4FF0000B4FF002036F
S21400E4B00DF11C08CDE9023BCDE900780CBF4023E6
S21400E4C08023805DFFF74AFF86280ED1264900206C
S21400E4D000F044FA09F1010998E7024623490020B2
S21400E4E000F056FABFE72249D1E7A87821F043FCAE
S21400E4F0D8B1404621F0BFFF421C92B201234146EC
S21400E500002000F0A9F92088394601F0B5F94FF649
S21400E510FF73984207D0174B174903EBC003002040
S21400E5205A6800F01BFA1549D1E7A87821F029FCB3
S21400E53020B1404621F0A4FF821CDEE7EA78DDE742
S21400E5406C2A00203FF103004BF1030017F1030093
S21400E5501CF103008BF10300F7DF030021F1030039
S21400E56027F103009DF10300B5F10300F2F5030067
S21400E5702FF1030060F6030070EF0300F3B2030010
S21400E58024F1030037F103002DE9F04F87B004466D
S21400E590BDF84480BDF840B0B8F1040F0F461546EC
S21400E5A09A4635D9CDE9013B00920B4602463049E2
S21400E5B0002000F0D3F902260DF113030DF1140923
S21400E5C003932046CDE900B9029653462A463946BB
S21400E5D0FFF7C4FE044638BB9DF813A032464946F2
S21400E5E0504621F09DFB064628469EB1A8F1040839
S21400E5F0B0450FD3DFF888B021F019FFBBF8003024
S21400E600B21CC3F152039A4219DB892000F0E8F8E5
S21400E610892405E021F00BFF8924204600F0E0F86D
S21400E620204607B0BDE8F08F009012492B463A46C8
S21400E630002000F093F9284621F0F9FEEDE7204689
S21400E64000F0CEF8504600F0CBF8BBF800800A4841
S21400E650324649464044B04427F01CF9ABF80080E7
S21400E660064900962B463A46204600F077F9D7E74B
S21400E670C1F10300F5F10300F84E002018F2030084
S21400E680B23E002010B5044C2060044801800449C6
S21400E6900A60044A136010BD842A0020B03E0020A1
S21400E6A0802A00207C2A002030B587B00AAC0D46B0
S21400E6B054F8041B0093CDE9011413460949059448
S21400E6C0024609480988006821F0B5FD074B1B681B
S21400E6D01880074B1B684FF48A525D80DA8007B0BB
S21400E6E030BD00BFB03E0020842A0020802A0020D3
S21400E6F07C2A002008B410B587B009AB0C4653F846
S21400E700041B0092CDE9011302460B490B48059302
S21400E71009880068002321F08EFD094B1B681880CD
S21400E720084B1B684FF48A525C80DA8007B0BDE85D
S21400E730104001B0704700BFB03E0020842A002081
S21400E740802A00207C2A0020044A034611680448D8
S21400E750044A09881268006821F0FAB8802A002066
S21400E7607C2A0020842A0020044B054A1B68126875
S21400E7701988044B186821F06DB800BF802A002065
S21400E780842A00207C2A0020014B1868704700BFAE
S21400E7907C2A0020024B1B6818715971704700BF15
S21400E7A07C2A0020094B10B500241C7021F055FA75
S21400E7B0074B522218802146064827F031F9064BAF
S21400E7C01C80064B1C605C609C6010BD544F002093
S21400E7D0B43E0020F84E0020B23E0020B63E002098
S21400E7E007490B88512B9FBF064AD054581C80B24D
S21400E7F09DBF088000F1FF3080180020704700BFE2
S21400E800B23E0020F84E0020F8B5094F3B885C1851
S21400E810512C0D460ADC074E0A46A4B20146F018F3
S21400E82027F0E4F83C80641BA019F8BD0020FCE744
S21400E830B23E0020F84E0020024B034A1A60002029
S21400E840704700BF882A0020EEEF0300014B1878BF
S21400E850704700BF6C2A002030B4044D044C002BD7
S21400E8600CBF2B46234630BC21F02FBEFBF2030024
S21400E87042F2030000B589B0037806934378059307
S21400E88083780493C37803930379029343790193BF
S21400E89083790093C3790448044900883E2200F037
S21400E8A077F809B05DF804FBC23E002046F203008C
S21400E8B02DE9F047DFF84C80DFF84CA0DFF84C90ED
S21400E8C005460E4617460024AC4201D1BDE8F08747
S21400E8D0B8F8000006EBC4015346082221F0F5FD07
S21400E8E00134B8F800003FB9044AA54208BF4A46BA
S21400E8F0034900F04DF8E7E74A46F9E7F3B20300AC
S21400E90062DC0300C23E002042F20300FAB60300B7
S21400E9102DE9F0410E4E0446308821F0EEFDA8B1F8
S21400E9200C4FDFF834800025E3070AD518B9308885
S21400E930414600F02DF830882A46394600F028F87F
S21400E940002001351B2D4FEA5404EDD1BDE8F081BF
S21400E950C23E002044C6030093EE03000EB417B573
S21400E96005AA044652F8041B01920120F8F7BCFFE2
S21400E970054A01210220FCF7CDFD044B1C8003B0A4
S21400E980BDE8104003B07047FAB60300C23E002050
S21400E9900EB417B505AA044652F8041B01920120CE
S21400E9A0F8F7A2FF034B1C8003B0BDE8104003B08D
S21400E9B0704700BFC23E002013B50368044658796E
S21400E9C000F02CFF80B923685A88032A0CD0E17C1B
S21400E9D05B79CDE900211449144AFFF7BFFF0121F6
S21400E9E0204621F00DFE1BE0637D012B0AD0637DDF
S21400E9F033B92368228A5988587921F059FA48B9D8
S21400EA00C321EDE72368228A5988587921F059FAFC
S21400EA100028ECD0204621F072FD01460028DFD108
S21400EA20012002B010BD00BF5BF20300766D03004C
S21400EA30002970B50F49104E1D46104B14460CBFEA
S21400EA406E227922002808BF0B460D490020FFF7EA
S21400EA509FFF2544AC4205D1BDE87040094900201F
S21400EA60FFF77CBF14F8012B31460020FFF790FF1C
S21400EA70F0E700BF8FF20300CCF2030085F203003C
S21400EA8098F2030092D903002DE9F04F427D036807
S21400EA9090F8149090F813B0866885895F88002AED
S21400EAA08BB014BF80224022044658790592C8468F
S21400EAB000F0B4FE98B9BBF1050F05D86FF02D0332
S21400EAC043FA0BF3DB070AD5032F08D0AF49002023
S21400EAD0FFF744FF0121204621F092FD7CE0E37B16
S21400EAE073BB607DAA4AB0FA80F040091380C0006C
S21400EAF0FFF776FEE37B93B3208A21F098FC8246EC
S21400EB00A07CFFF76DFEBBF1160F00F2B281DFE8C6
S21400EB101BF02800B6017D006700EA017D00AA010F
S21400EB20F301B201FC0105020E024D012502B001FF
S21400EB30B001B0013802820238029F024D01250260
S21400EB40238A002B00F09581607D914BB0FA80F00F
S21400EB5040090022C0001A8040F00400C8E79A4628
S21400EB60CEE78C4A8C49DFF828A23B460020FFF708
S21400EB70F5FE0120FFF734FE08F10209A94529D861
S21400EB8041462A46304621F070FC23688046587974
S21400EB90BAF80030C3F152039BB20193238A009364
S21400EBA04246059B39461EF0F9FA10B11FFA89F85D
S21400EBB0E2E723685879BAF80030C3F152039BB2F3
S21400EBC00193238A00934246059B3946FFF7DCFCF7
S21400EBD08928EBD121F011FD01200BB0BDE8F08FA4
S21400EBE00420FFF7FDFDEB1E4FF0000A0893089B7C
S21400EBF0984550D3BAF1000FECD1E37B94F814801B
S21400EC00002B634B0CBF022204221A800420FFF75D
S21400EC10E7FD00230693994608F1030A554540F29E
S21400EC20A1802A464146304621F01FFC06EB080329
S21400EC30EA1E9B780790B244A2EB080292B25146B5
S21400EC401846099321F06CF8089000287BD02268BB
S21400EC50099B5079079ACDE901A3238A0093394688
S21400EC60059B21F07BFA079B4C4982463A460020DA
S21400EC70FFF78EFEBAF1000F55D1069B48490133C7
S21400EC80DBB250460693FFF769FE089B0333434406
S21400EC901FFA83F8C0E72A464146304621F0E5FBD6
S21400ECA006EB080308F1030193F80290089B069010
S21400ECB0A3EB0802314492B24846099121F030F89D
S21400ECC0079068B3236809995879CDF808900191A0
S21400ECD0238A00933946DDE9053221F08BFA814616
S21400ECE0C0B14846FFF77CFD069821F0A0FB069BC6
S21400ECF02A493A460020FFF731FE2A494A460020B4
S21400ED00FFF72CFE0AF1010AB9F1800F5FFA8AFAC2
S21400ED103FF470AF079B033343441FFA83F866E75C
S21400ED204FF08009DDE75046FFF75AFD079821F0BF
S21400ED307EFB09F101091B49524600205FFA89F95A
S21400ED40FFF70CFEA1E78720FFF74AFD079821F0A2
S21400ED506EFB09F101091349089887225FFA89F9C1
S21400ED60FFF7FCFDBBF1050F3FF436AFB9F1000F1E
S21400ED707FF430AF069B2BB90B491846FFF7EEFD24
S21400ED808021A8E64846FFF72BFD23E714C50300BD
S21400ED90B23E0020D2F203001BF30300DCF20300B5
S21400EDA03FF20300F6F20300FEF20300BBF1150F7C
S21400EDB000974CD00020B54BB54AB649FFF7CEFDBC
S21400EDC00D20FFF70DFD2A464946304621F04DFB43
S21400EDD0B144BBF10C0F99F8026005463FD1192EDD
S21400EDE028BF1926E37BBBB1B4F810804FF6FF733B
S21400EDF0984511D12068059B40792A463946FFF789
S21400EE0065F9404508D0BAF1000F05D020828AF88F
S21400EE100000000A8AF801009F4B0020B3F800802B
S21400EE20FFF7DEFC2368ABF1150C5879DCF1000324
S21400EE3043EB0C03CDE90163238A00932A46059B26
S21400EE40394621F018F9954B03F80800C2E6002071
S21400EE50934B8F4A8F49FFF781FD1620B1E7132E9B
S21400EE6028BF1326BEE72046FDF706FE00287FF4DF
S21400EE70B3AE81212FE62046FDF7C4FAF6E70A2F47
S21400EE8006EB0908A5EB090A22D1DFF818B29BF8B1
S21400EE900030EBB1E37BDBB9BAF1080F18D12A4694
S21400EEA04946304621F0E1FA90B998F802307BB92D
S21400EEB098F80320E22A0BD12A4609F104013046CD
S21400EEC0059321F0CFFA21F085FB059B8BF80030E7
S21400EED01FFA8AF2414638461EF062F900287FF48F
S21400EEE07BAE0021F7E5A5EB090292B206EB09011D
S21400EEF0384621F098FAF1E7A5EB090292B206EB44
S21400EF000901384621F04EFAE8E7A5EB090292B26D
S21400EF1006EB0901384621F074FADFE7A5EB090293
S21400EF2092B206EB090138461EF03CF9D6E716F811
S21400EF300950236809F10109587916F80960238AEF
S21400EF400193059B00932A463946334620F0CBFFB3
S21400EF5032462946384621F027FA3DE609F10102F5
S21400EF6016F80910AB1AABF116056842684100396D
S21400EF7000909BB2324418BF0121384621F016FAA1
S21400EF80ACE716F80950B144BBF1110F99F80160CF
S21400EF903BD11220FFF724FC4FF00008E37BB3B10F
S21400EFA0B4F810904FF6FF73994510D12B463A46A9
S21400EFB02146404621F05AF8484508D0BAF1000FDD
S21400EFC005D020828AF80000000A8AF80100DFF8DF
S21400EFD0C890DFF8C8B0B9F800A0CDF80490CAF120
S21400EFE0510292B20AF1010300925B44CDE9025647
S21400EFF03A462146404621F03CF8B9F800300BF876
S21400F0000A000133A9F80030E4E51420FFF7E8FB16
S21400F0104FF00108C2E709F101039D4234D316F808
S21400F02009801E44B8F10008A5EB030318BF4FF093
S21400F03001089DB22B46324641460020FFF7F8FCF9
S21400F0400095218A33464246384621F0B3F945E713
S21400F05009F101039D4217D316F80980ED1AB8F19D
S21400F060000818BF4FF001081E44ADB22B463246CA
S21400F07041460120FFF7DCFC0095218A33464246D4
S21400F080384621F095F929E70020A6E5F3B20300FB
S21400F0900FF3030019F30300B23E0020F84E0020E1
S21400F0A028F303004A4F002038B54FF6FB75044698
S21400F0B0A9429DF81000626098BF43F40043012106
S21400F0C021702381A0720A4A0A4902230020FFF712
S21400F0D045FCE07A084B40F6CA0203EB4010FF21DD
S21400F0E01FF0E8FFBDE83840042021F051B900BF0A
S21400F0F02DF3030038F30300CC2A002030B5054674
S21400F10085B028B91D4905B0BDE83040FFF726BCDC
S21400F1100024007B21F0BFF9194A1A492C702046BA
S21400F120FFF71CFC184BE87AFF2103EB40101FF09A
S21400F130D2FF164B204602019A5C22B90130042801
S21400F140F9D121F067F9696899B1B5F908302A89CB
S21400F1509B1303F002038DF80430C2F30E03ADF8E0
S21400F16006304FF6FF73ADF808300023039301A86E
S21400F170884705B0BDE8304021F093B963F303003B
S21400F1802DF3030095F30300CC2A00208C2A0020E0
S21400F1900948037873B9094A1946D3720133042B18
S21400F1A01173117051601181917202F11002F4D145
S21400F1B001230370704700BF4B4F00208C2A0020AD
S21400F1C008B5FFF7E5FF064900231A0101EB031017
S21400F1D08A5C1AB10133042BF7D1002008BD00BFAA
S21400F1E08C2A002070B506460D46FFF7D1FF0A4868
S21400F1F0002300EB0514A17AB14205D1217819B19C
S21400F2002B4400EB031070BD0133042B04F11004F3
S21400F210F1D10020F7E700BF8C2A002010B5044685
S21400F220FFF7B6FF0E4B9C4212D003F12002944229
S21400F23010D003F1400294420ED060339C420DD1B0
S21400F2400323084800EB0310BDE81040FFF756BF45
S21400F2500023F6E70123F4E70223F2E70020F3E7B2
S21400F260CC2A00208C2A002070B5074D074E0024BB
S21400F2702846324600210134FBF77AFE042C05F1BD
S21400F2802005F5D170BD00BFCC2A00201DF200007D
S21400F2902DE9F34105460C4617469846FFF790FFC2
S21400F2A0064640B91C4A1D49FFF758FB7024204605
S21400F2B002B0BDE8F0814FF6FB739D420AD94FF6C7
S21400F2C0FD739D4204D0144A15490020FFF746FB03
S21400F2D04FF6FD75434621463A46284621F050F93A
S21400F2E0044600F015FE804634B10B4A0D4923460D
S21400F2F00020FFF733FBDAE73B462046064A0A497A
S21400F300FFF72CFB089ACDF80080062329463046E6
S21400F310FFF7CAFECBE700BF2DF30300A2F30300FE
S21400F320CCF3030001F4030028F40300F7B5064607
S21400F3300F46FFF745FF054638B9104A1049FFF754
S21400F3400DFB7024204603B0F0BD0022402311467A
S21400F350304625F0C8FC044617F012FC34B1074AC4
S21400F360084923460020FFF7F9FAEBE7009001234F
S21400F3703A4631462846FFF797FEE3E72DF30300AB
S21400F380A2F303004FF4030073B504460E46FFF7DE
S21400F39017FF054638B9104A1049FFF7DFFA702400
S21400F3A0204602B070BD00222046114625F0A3FC80
S21400F3B0044617F0E5FB34B1074A09492346002006
S21400F3C0FFF7CCFAECE70090234632464FF6FC7186
S21400F3D02846FFF769FEE3E72DF30300A2F30300D8
S21400F3E07BF403002DE9F043884610789FB0002197
S21400F3F014461D46FFF7F6FE0646002800F001817B
S21400F4000778002F7ED0B8F80010002940F0F98069
S21400F4100389B8F8022043F40040824240F0F180AD
S21400F420617800296ED1A2F50042062A00F2E98032
S21400F430DFE812F0A400A400E700E7000700BB0026
S21400F4406C00E388E17AADF824302389ADF82630E5
S21400F45063798DF828308B1D0D3D14F813208DF838
S21400F460141015F001058DF81C2046D10BA8069047
S21400F47004F10C0C80465FFA85FE8E450CF1020CFA
S21400F48009D21CF8019C1CF802EC0EEB092E28F899
S21400F49002EB0135EFE75B00013300EB41000A4465
S21400F4A003F0FF030890D2B28A420FD01EA800EBEA
S21400F4B04105E018013190F801C0E05C023300EB32
S21400F4C00C2025F84C0CC9B2DBB2EDE7B6F90820E3
S21400F4D03389002AB4BF03220122C3F30E038DF83A
S21400F4E00820ADF80A306288ADF80C2005AB04930E
S21400F4F002A9304621F02FF804E0434A4349002091
S21400F500FFF72CFA38461FB0BDE8F083042D02D86A
S21400F5103D4A3F49F3E72379B4F80280053DADB292
S21400F5209D4202D0384A3B49E9E73B4A3B4B3C49BF
S21400F530CDF80080002D18BF13460020324AFFF792
S21400F5400DFA05348DF81450B6F90830069485B1D6
S21400F550002BACBF012303238DF82C303389ADF884
S21400F5603080C3F30E03ADF82E3005AB0D930BA918
S21400F570BFE7002BACBF06230523EDE70B2DC7D94D
S21400F580D4F80200D4F8061005AA03C213F4004FFC
S21400F59014BF032204228DF82C20C3F30E036289C5
S21400F5A0ADF83020ADF82E30DFE7042DB0D96388F3
S21400F5B0ADF8303023790533DBB29D4206D0124ACF
S21400F5C0184900950020FFF7C9F99BE70E4A16492F
S21400F5D00020FFF7C3F93389B6F90820C3F30E03FA
S21400F5E0ADF82E3005AB002A0D9304F10503B4BF29
S21400F5F003220122069323798DF82C208DF81430EF
S21400F600B5E700277EE700BF2DF30300A6F403004E
S21400F610CEF40300E2F40300F3B20300E3CC0300ED
S21400F62009F5030025F5030066F50300334BB0FB30
S21400F630F3F2F0B503FB12004FF46165B0FBF5F38F
S21400F640DCB205FB13033C25B3FBF5F3DBB24B71D1
S21400F650A0EB0410C3EB0313A0EB83004FF4FA6394
S21400F6600B8040F201134B80254E887101230C71EC
S21400F67000201F466425904229D091F802C043B16D
S21400F680BCF1020F05D14FF01D0E06E04FF0010C45
S21400F690002306EB0C0414F801ECCC78744513BF79
S21400F6A001340CF1010C0124E4B208BF81F802C059
S21400F6B0CC708C780D2C00F10100DCD10B888F709B
S21400F6C001339BB29C070B8002D08242DED1F0BD94
S21400F6D0B3FBF5F405FB1434A4B224B18242F6D091
S21400F6E001239C46D5E74FF4C874B3FBF4FC04FB37
S21400F6F01C339BB2B3FA83F35B09BCE7805101006D
S21400F700A1F5030010B588B006A90446FFF78EFFE2
S21400F7109DF81E3003939DF81D3002939DF81C3013
S21400F72001930748BDF81830009304949DF81B30E9
S21400F7309DF81A2003490088FFF710F908B010BD9D
S21400F740C23E00207FF5030008B50268154B1188FD
S21400F75019805188598051791971117959714FF46E
S21400F7608A51D980D28812F0200F0CBF0A464FF477
S21400F7708B52DA8081690C4A137831B90B49C088FC
S21400F780088023F00203137008BD43F002031370D1
S21400F790074B15220131184626F028F9002200F8FA
S21400F7A0012CF1E7B63E0020544F0020B43E002066
S21400F7B0C53E002010B5174C2368587920F06CFB26
S21400F7C000BB154B227F197B91421BD15A882368B8
S21400F7D019888A4205D04FF6FF70814212D1120472
S21400F7E010D42279023A012A06D9A37B63B9BDE870
S21400F7F010400848FFF748B91989587920F015FED7
S21400F8000028F2D1002010BDBDE810400148FFF7E7
S21400F810D3B800BF502B00206C2A002008B520F07B
S21400F8203BFB10B9024B187808BD0020FCE700BF70
S21400F830594F002008B5002020F02DFEFF2020F0B4
S21400F8404CFB20F02EFEFEF7D9F9012102460648B1
S21400F85026F0E6F8054B064A06485221FEF712FF48
S21400F860BDE80840FEF7E8BB594F0020B63E002032
S21400F870B23E0020F84E0020F0B50D4F04460022A0
S21400F8804FF6FF7590B2034637F83060AE4201D1AE
S21400F8902846F0BDA64209D1B4F57C4FF9D307EB54
S21400F8A0C3035B888B42F4D00029F2D00132E9E72B
S21400F8B060F6030010B50446FFF7DEFF094A03466C
S21400F8C010884FF6FF72934217BF074A0749084948
S21400F8D002EBC3030CBF22465A68BDE81040FFF790
S21400F8E057B800BFC23E002060F60300ADF5030027
S21400F8F070EF0300034B18780130C0B2187000F0A8
S21400F9007F00704780150020044A137818B143F032
S21400F91001031370704703F0FE03FAE7544F00200C
S21400F920014B1870704700BF574F002038B1074B87
S21400F9301B78012B04D1038843F0400303807047F3
S21400F940022BFCD1038823F04003F7E7574F002033
S21400F95068B1074A1378012B07D1064B1B78137042
S21400F960037843F01003037001E0022BF8D07047D1
S21400F970564F0020554F002073B5244E3378D907D4
S21400F980024640D42249096881B10868C1888D06BC
S21400F99041BF204CE18841F02001E180C1884C063F
S21400F9A041BF1C48C18841F04001C1801A4D1B4927
S21400F9B02878097840074CBFE9706970184913F039
S21400F9C00204098809D0144A164820F006FD337848
S21400F9D023F00203337002B070BD134B18884FF645
S21400F9E0FB73984208D8CDE900520B46094A0146F7
S21400F9F020461FF081FFEEE70092074B0A460549B6
S21400FA001FF061FFE7E70020E5E700BF544F002046
S21400FA104C2B0020B63E0020F84E0020811500201A
S21400FA20B23E0020C43E0020B43E002070B50379EC
S21400FA30012B04460D46164631D883681B78DB0634
S21400FA4000D561B3A37B13B9E37C0B2B27D0154BF2
S21400FA5000221A80637DB3FA83F35B09D800E37B48
S21400FA60ABB9FEF7BDFEA07CFEF7BAFE0B20FEF794
S21400FA70B7FEE07CFEF7B4FE2846FEF7B1FE204651
S21400FA80FFF762FE3046BDE87040FFF775BF40F0F6
S21400FA900400FEF7A5FE208A20F0C9FCE3E700205C
S21400FAA070BD00BFB23E0020F0B4054618460F4BAE
S21400FAB00F4E1B78012B0C46BDF8101001D037787E
S21400FAC027B1002333700020F0BC70470CB9002A21
S21400FAD0F9D143B14FF65743994204D02B462246FC
S21400FAE0F0BC20F05DBC0120EEE700BF82150020D0
S21400FAF0584F00202DE9F04F664E674C84469646D8
S21400FB0098460F460FCE25460FC596E80F0085B0DF
S21400FB1085E80F00DDF83C90BDF838300093CDE95D
S21400FB200194434672463946604600F0DBF8DFF83B
S21400FB309081064670B90025FEF734FE1622002195
S21400FB40564825F06DFF00232846C8F8003005B05B
S21400FB50BDE8F08F524BA27C1A70524BC8F800409A
S21400FB601B78002B36D020F037FD4F490246002088
S21400FB70FEF70EFF22684D49537952880092002006
S21400FB80A289FEF705FF002020F0B7FC20B123680D
S21400FB90218A5888FFF78EFEE37B23B1228A4449E8
S21400FBA00020FEF7F5FEA36842491A78E37C00932E
S21400FBB0A37C0020FEF7ECFE207DA289A168121A25
S21400FBC001440123002092B2FEF746FE3A49002087
S21400FBD0FEF7C4FE3048FFF7B7FD2F481DF0D9FAF0
S21400FBE0054630BBB9F1000F25D12168E0880B88A7
S21400FBF00190BA1E49880091032A8CBF0022012278
S21400FC00E07C0121FFF750FF38B923685B79FF2BB2
S21400FC103AD0FFF7CFFD05468EE72368DB889A06C5
S21400FC20F3D4264C1C480121217020F0E9FC84F80E
S21400FC300090354680E7B9F814309B07E5D47AE79C
S21400FC405846FEF725F982465846FDF7DDFF88B18F
S21400FC502368228A5988504620F021F950B1384648
S21400FC60FFF772FD236889F804A083F805A0FFF764
S21400FC70A1FD00B9284601360546FDF7BFFF5FFA2D
S21400FC8086FB5845DCD857E7034FDFF83890002648
S21400FC90F3E700BF28F60300502B0020C43E0020E8
S21400FCA0811500207F150020C5F50300CDF5030063
S21400FCB0EBF50300F6F5030011C70300584F0020CC
S21400FCC04C2B0020B63E0020054A0023D15C814222
S21400FCD002D31A44507870470233DBB2F6E700BF0F
S21400FCE014F6030073B51546089C2E7816F0040F1C
S21400FCF00CBF032605269E421A4608D9224A2349E7
S21400FD0000960020FEF72AFE002002B070BDBDF867
S21400FD10183021712060E380A560A2812B7803F063
S21400FD200103A3732B7803F00403002B14BF0121F7
S21400FD300021E1732978C1F3C00161754FF001011C
S21400FD40217518D0284620F090FB237D20820233B0
S21400FD502375227D531CDBB22375A95CA174023285
S21400FD60D2B22275EB5CE374A3899A4205D900925D
S21400FD700749054AC5E72382EBE7079BA3610023F3
S21400FD8023770120C1E700BF77CD030078F6030094
S21400FD9094F603002DE9F341244E254FDFF8B0809A
S21400FDA00024E0B20BF092F9FF2805460ED1214A56
S21400FDB0234601210220FBF7ADFB307801341EF00C
S21400FDC06EFF152CEDD102B0BDE8F081020657F8A3
S21400FDD0243010D5184A00920121184A0220FBF759
S21400FDE099FB84B9EB074CBF154A164A012102203D
S21400FDF0FBF790FBE1E7114ACDF8008001210220D5
S21400FE00FBF788FBD9E7032CECD00A2CD5D10E4B98
S21400FE100E4A15F0010F18BF1A4601210220FBF703
S21400FE2079FB30781EF03BFF0B24BAE783150020E1
S21400FE3004F80300C5F60300F3B20300EDF6030072
S21400FE4002F7030018F70300B0F60300BAF6030043
S21400FE50E3CC0300034B1870034B1970034B0022CE
S21400FE601A7070475B4F00205C4F00205A4F0020EE
S21400FE702DE9F74FDFF89080224F98F800303C7855
S21400FE8005460E46002B3AD04FF6FB73984236D8FE
S21400FE90DFF878A04FF0000B98F800309AF80000D2
S21400FEA05FFA8BF94B450ED948446946C0B215F047
S21400FEB071FE08223146684625F088FD0BF1010BDD
S21400FEC00028E9D14C463B78A34208D198F8002098
S21400FED0631CDBB29A423B7004BF00233B709AF867
S21400FEE000301C44E4B23146204615F047FF30B9D6
S21400FEF02946204603B0BDE8F04F15F037BE03B0E4
S21400FF00BDE8F08F5A4F00205C4F00205B4F00206A
S21400FF10024B187800F07F00704700BF5D4F00204E
S21400FF20034B18780130C0B2187000F07F0070479D
S21400FF305D4F002030B585B00024ADF80A20021DC4
S21400FF4092B2012A1D46ADF80840ADF80610ADF88D
S21400FF50044003D94FF6FF72904207D1064A2B465B
S21400FF60127801A924F055FC05B030BD014601AA5F
S21400FF70204612F059FCF7E7841500200048704729
S21400FF803C420020014B1878704700BF9B150020AC
S21400FF90014B1888704700BF28150020014B1878C1
S21400FFA0704700BF94150020014B1878704700BFBB
S21400FFB08B150020014B1878704700BF8E15002067
S21400FFC008B5084B00221A605A60F7F7F5FA064B98
S21400FFD01870F7F7F1FA054B1870054B1A78054BB1
S21400FFE01A7008BD5E3B0020A74F0020A64F0020D9
S21400FFF08C150020A54F002000B5002193B00846C0
S2140100006A4609F0DDFD0146C8B90E4B0E4A099352
S2140100100E4B0A930D920E4B0E4A0B930E920E4BFD
S2140100200E4A0C93CDE90F230D4B11936A460AF045
S214010030A7F8003818BF012013B05DF804FB0120B3
S214010040FAE700BFB536030041F40100413803006A
S214010050E5F30200A9BD0100BF380300190B020039
S214010060A9EE0100074B1878112803D8064B034167
S214010070DA0704D5A0F143035842584170470120DE
S214010080704700BFA94F0020CBFFFDFF08B5064B08
S2140100901B78013B022B05D80020FFF7E3FF013850
S2140100A0C0B208BDFF20FCE7AA4F00202DE9F74F9C
S2140100B0414B0193414B424A1B78DFF84491DFF8EC
S2140100C04481DFF844E1DFF844C13E4F3E4E3F4DE8
S2140100D03F49404802EB431A019B524503F1200376
S2140100E009F1200908F120080EF1200E0CF1200C70
S2140100F007F1200706F1200605F1200501930FD12F
S214010100354B334D1C78354E354B324F0022114658
S214010110D0B2844203F1200346D803B0BDE8F08F85
S214010120304B314C5360002349E907432F4CDFF82D
S214010130E0B0116048E907432D4C13614EE90743CF
S2140101402C4C49F8201C4CE907432B4C48F8201C42
S21401015047E90743294C4EF8201CC2E9023049E919
S214010160050348E905034EE905034CE9050347E99C
S21401017005034CF8201C47F8201C46F8201C46E9CD
S2140101800743019C45F8201C45E907B3DFF884B016
S21401019044F8201C46E9050345E9050344E907B38D
S2140101A044E90503203297E743E9085643E9061771
S2140101B043F8101C0132ABE7D8350020A11500200A
S2140101C0F83600203836002018360020F835002092
S2140101D0B43B0020F3B2030099150020F93A02005F
S2140101E0783600205DE60100913B030051FA0100DC
S2140101F0C1850200A34C0300FD1C0200F50B0300A1
S214010200D8360020B8360020983600205836002010
S214010210A9AD0200DDE20100044B00F1100250F826
S214010220041B43F8041B9042F9D17047AB4F0020E2
S214010230044B03F1100253F8041B40F8041B9342CD
S214010240F9D17047AB4F0020014B93F95A00704724
S214010250F43A0020F0B5071D0546002293B00C467F
S2140102603846082123F099F96A7B0646D0070BD554
S214010270687808A921F054F9DDF83D306B60DDF8A7
S21401028041307B6080B101E0910702D42D2013B08C
S214010290F0BDD20002F080020121384621F04BF970
S2140102A0FF286870F2D0E6B1192319466A7801A8CA
S2140102B01EF008FD9DF81C305B0604D50B484FF474
S2140102C0C071F7F71FF8234603AD07AC2A4603CAE9
S2140102D0A24218605960154603F10803F6D10020C2
S2140102E0D5E708A921F01CF9CCE700BF67F80300A1
S2140102F02DE9F04307468BB01D4888461646FFF7A2
S21401030097FF0025002D01AB194A0CBF36205C2053
S2140103100024994612F8011B0134E4B24140102C26
S21401032003F8011BF6D105A823F06EFF4A462146C5
S21401033005A823F06DFFBDB941463A4605A823F04E
S214010340CEFF05AC32460DF1240C234603CB6345A4
S214010350106051601C4602F10802F6D115B10BB0CF
S214010360BDE8F0830125CDE732462146E6E700BF2A
S214010370DB4F00202DE9F04F99B0DFF8E880DDF87B
S21401038090909DF88CB09DF8886088F800B017466C
S21401039082460C461D462022304B0F93002110A8A2
S2140103A025F03EFB4F4504D02A463946484625F0FF
S2140103B01DFB4FEA0B4303F47C1343F0A86343F49D
S2140103C080737819711B09EB050C6CB30DAACDE986
S2140103D00AB209EB060209920EAACDE907120D220E
S2140103E0CDE9051CCDE90350CDE900A21C490297D1
S2140103F010220FA8F5F7A6F807460FA821F0C6F8B1
S21401040017F1950F24D02FBB0E9B761BF6B29E429A
S21401041020D10CB398F800000D9B984214BF212000
S214010420002019B0BDE8F08F0EAACDE90912BA195D
S214010430CDE905120D22CDE90350CDE900A2CDE9A3
S21401044007BC0749029710220FA8F5F73DF9D3E735
S2140104502C20E6E72120E4E72046E2E7002480009E
S214010460DB4F0020A2150020F0B51B4B93B00026F1
S21401047007460C461546314620220AA8CDE90863F0
S21401048025F0CEFA08AB1022DFB1CDE90523CDE980
S2140104900325CDE90164114B1149009609A8F5F72A
S2140104A0A1FA044609A821F071F814B9089B102B8B
S2140104B004D00C4840F23E21F6F724FF002013B08A
S2140104C0F0BDCDE90323CDE90125044B0449009491
S2140104D009A8F5F709FBE4E700248000004440047E
S2140104E0DB4F002067F8030030B5054689B0694642
S2140104F020F016FE6B8804ACABB12246294668464E
S21401050020F087FD0E4A08AD234603CBAB421060B0
S21401051051601C4602F10802F6D10948FFF77CFE3D
S214010520002009B030BD064D6B461A4603CAA242EA
S21401053028606960134605F10805F6D1EDE700BFAE
S214010540DB4F002050B10B4B0B4A03F1100153F85F
S214010550040B42F8040B8B42F9D17047064B054A4F
S21401056003F1100153F8040B42F8040B8B42F9D146
S214010570704700BFDB4F0020BB4F002008B510229C
S214010580024825F033FA002008BD00BFCB4F0020FB
S21401059008B508461022024925F028FA002008BDB1
S2140105A0CB4F0020F0B587B0054603A80C4614F0E3
S2140105B033F90146002847D1BDF80C30980643D5DB
S2140105C01022204625F02CFA01A813F0D7F8B8B16E
S2140105D06E7B16F0020F05F1040706D0082201A96A
S2140105E0384625F0F3F900282CD101AB03CB46F0B1
S2140105F00206686079606E73238843F008032380DF
S214010600238843F00203238012F0A4FC606023F0E9
S21401061016F830B10D4B1B68A360238843F0040322
S21401062023800B4B1A68D1035EBF238843F0100367
S2140106302380130242BF238843F4006323800020F3
S21401064007B0F0BD2D20FBE72420F9E7283700206E
S2140106502C3700202DE9F04F91B09B460B1E0A93D4
S214010660AC4B1A9E904614BF8146994600249BF8CF
S214010670000060B944450A992CBF08F1FF322246B2
S21401068043460020C847204611B0BDE8F08F252814
S2140106900BF1010B06D022460A99651C4346C84752
S2140106A02C46E4E700230DE02D2A2AD0302A06D076
S2140106B0303A092A4FF0000711D80A2532E043F0F4
S2140106C001038B46594611F8012B2B2A1CD0EBD877
S2140106D0202A1CD0232A1DD02A2A2BD000279BF89B
S2140106E000202E2A64D19BF80110A1F130000928C0
S2140106F00BF1010243F4806351D800254FF00A0C38
S21401070026E043F00203DCE743F00403D9E743F0B5
S2140107100803D6E743F01003D3E705FB0722A2F14F
S21401072030078B46594611F8012BA2F130000928F3
S214010730F3D9D4E756F8047B002FBCBF43F002037D
S2140107407F428B46CBE70CFB0511A1F13005024633
S214010750104610F8011BA1F1300EBEF1090FF2D9B7
S214010760114611F8010B6C282CD024D8682830D0FB
S2140107706A2837D011468B461BF8010B672875D8B7
S21401078057284BD8452807D085D9462800F031810F
S214010790472880D143F4006343F0200341E12A292E
S2140107A007D156F8045B0BF1020225EAE575D7E797
S2140107B05A460025D4E7742801D07A28DAD143F4C2
S2140107C08073D8E750786C28F9D143F44073911CB4
S2140107D0D1E75078682802D043F08003CBE743F096
S2140107E0C003F4E743F40073C5E70A2A00F0668104
S2140107F0072A7FF450AF43F0210305930823CDE980
S21401080003531023CDE9011356F8043B00930A99CC
S21401081043462246484620F0AAFFFCE0A0F15802D3
S2140108200F2A3FF638AF01A151F822F09D080100CA
S214010830970601009706010097060100970601003A
S214010840970601009706010097060100970601002A
S214010850970601009D080100450A01009D08010058
S2140108601B0A0100F70901001B0A0100A0F1690239
S214010870D2B20F2A3FF60FAF0121914049F2410C47
S21401088011EA0C01B1D0782803F4806122D1002945
S21401089000F0908023F00D02102307E0622803F495
S2140108A0806220D142BB23F00C02022312F40071B5
S2140108B000F08380CDE907720022CDE9043206F10B
S2140108C0070A2AF0070A06950292FAE80223CDE9FA
S2140108D000233DE06F2812D123F00C0209B123F06A
S2140108E00D020823E2E7582816D1002A39D123F051
S2140108F00C0242F02002CFE723F00D02D5E769286B
S21401090023F0100230D023F01C0209B123F01D029F
S2140109100A23CBE7AD15030042BB23F01002930573
S21401092027D5073626F00706B24671685AF8083BFF
S2140109300695CDE907720A26CA0F00270029CDE9D8
S2140109400467029202DA5B4261EB4101CDE90031B4
S2140109500A9943462246484620F04CFF044656462E
S21401096085E623F00D02C4E70029D8D023F0110252
S214010970D5E7D00506F1040A01D5336802E0510631
S21401098013D533780395CDE904720A220292002B1F
S2140109904FEAD3720192B8BF5B4200930A9943466D
S2140109A02246484620F0E3FED8E71306E5D5B6F919
S2140109B00030E7E723F00C026EE7D00506F1040AE3
S2140109C006D5CDE90472CDE9023501913368E4E735
S2140109D0510608D53178CDE902350023CDE90472F8
S2140109E0CDE90013DAE7316812F0800F18BF89B23B
S2140109F0F1E743F02003CDE90373073626F0070637
S214010A000295F6E802230A99CDE9002348464346B3
S214010A102246EFF74DFE044629E6672801D143F446
S214010A200063CDE90373073626F007060295F6E85C
S214010A3002230A99CDE90023484643462246EFF7AA
S214010A4073FCE8E713F0020523D04FF0010A631C9C
S214010A500B930A9916F8040B43462246C8475DB322
S214010A600B9A54461EE00A9943462020C8470AEBD3
S214010A7004020AF1010A5745F5D8002F07F1FF33A2
S214010A8008BF002307F1010A1C4408BF4FF0020A01
S214010A90DDE7AA46EBE7551C0A9943462020C847DE
S214010AA001342A46BC42F6D30B9AA7EB0A035745F4
S214010AB038BF00231A440B920B9CD8E53246002D12
S214010AC052F8046B0B9214BF29464FF0FF313144A4
S214010AD03246107808B18A4211D1A2EB060A13F405
S214010AE080620C9202D0AA4528BFAA4613F00203E0
S214010AF00D931BD1AAEB040322460F9308E00132A3
S214010B00E7E7531C0E930A9943462020C8470E9ADE
S214010B100F9BD3189F42F4D8A7EB0A03574538BF5B
S214010B2000230AF101021C4403EB020AA31B0E93E5
S214010B3004E01D460A9943462246C8470E9BF41810
S214010B4016F8010B28B10C9B002BF3D06B1E002D61
S214010B50EFD10D9B93B12246AAEB040505E0561C86
S214010B600A9943462020C847324653199F42F6D871
S214010B70A7EB0A03574538BF00231C440B9E76E5B6
S214010B800FB41FB506AA02A952F8043B03920092BD
S214010B9004484FF0FF32FFF75DFD05B05DF804EB4A
S214010BA004B07047931803000CB41FB506AC0A4690
S214010BB054F8043B0094014604480394FFF74AFDA9
S214010BC004B0BDE8104002B0704700BFA515030091
S214010BD01FB5034600914FF0FF3203A90248FFF705
S214010BE039FD05B05DF804FB931803001FB5CDE988
S214010BF00201009302A9134603484FF0FF32FFF7A4
S214010C0029FD05B05DF804FB9B1803002DE9F04FA4
S214010C1014469B46C36B87B005465B6960680E4603
S214010C20012202A99847EB6B01225B6903A93046B2
S214010C30984702A821F0F8F9074648B10023A375A2
S214010C4063754FF0FF33A360002007B0BDE8F08F57
S214010C5003A821F0F6F90123A375237E04EBC30351
S214010C60DE611F846368B3420ED1206003A821F0C1
S214010C700AFA4FF0FF332075A360237D043B022B55
S214010C8025D80023A375DFE723681A1A5342534178
S214010C90A37503A821F0F7F9237D834218BFA77532
S214010CA003A821F0D2F9074602A821F0CEF987421F
S214010CB01CBF0023A37503A821F0CFF9074602A89D
S214010CC021F0CBF987421CBF0023A375D5E703A803
S214010CD021F0BBF980B1EB6B02225B6904A93046B7
S214010CE0984704A821F0C0F90346207D032839D887
S214010CF0DFE800F03838040903A8F3E7237E04EBA5
S214010D00C303CC221A8401F037FC109B1870277E8F
S214010D1003A821F08EF904EBC70787F82200237E8B
S214010D2004EBC30303A8B3F8209093F8227021F0D4
S214010D308CF9804603A821F090F98246B8F1000F9D
S214010D4015D0EB6B02225B6904A93046984704A8CC
S214010D5021F04FF96075637D6BB90023A3754FF0E1
S214010D60000838E0227E04EBC2021384CBE703A816
S214010D7021F02AF9EEE794F81680B8F1000FEED0CC
S214010D80B9F1000F09D1DFB10123E375637E002BB2
S214010D904FD1012F42D1677614E06B6C06EB0A0245
S214010DA0594286EA020008421CBF0021A175591E5D
S214010DB00A409B1A9945D0D8A37D002BE3D1CEE7F4
S214010DC0E37D43B94FF000084B465246314628466C
S214010DD020F0ADFEA060A27D12B123694B442361D1
S214010DE01949237E097899422AD901332376BBF122
S214010DF0000F27D032B3E37D23B3B8F1000F21D122
S214010E00032F1FD0A1684B1C1CD0109B00932246B9
S214010E1001232846FFF7FAFEA07513E095F8343053
S214010E2063B9EB6A0133CFD1032FCDD10123A3766A
S214010E30C8E7012FCFD0032FC4D1F7E79846C3E701
S214010E400023A375A07D00E7A4A803002DE9F04FB9
S214010E508BB00E46044698464FF0FF3100231046ED
S214010E6017468DF8133001F071FBB6F5801F3BD3A2
S214010E70B21C53D1E56A6B1C57D1616A204620F03B
S214010E809CFD0546B31C18BF0123DFF8149101939E
S214010E90636A626C0293236802FB053AE36B05A959
S214010EA05B6905225046984705A821F076F921F09E
S214010EB099F9504621F0A1F94FF0000B8246014600
S214010EC04B1C05D0636C81EA0A025B42134232D0A6
S214010ED02946204620F071FD029BAB424DD0BBF166
S214010EE0000F4DD10546D3E7314605AA04F10800A7
S214010EF021F04FF80146481C10D0384601F026FB79
S214010F000DF1130301223946204620F08BFE28B14D
S214010F109DF8133088F80030002003E0237C002B76
S214010F20A8D11D480BB0BDE8F08F2368ED1A636C9D
S214010F30B5FBF3F5A6E7484601F008FB0DF11303F0
S214010F40019A4946204620F06DFE034690B1B21C38
S214010F5003D0D9F80020B2420CD103930F4B9DF871
S214010F60132088F8002049461A68384624F092FC77
S214010F70039B9B46D9F80810A2E7BBF1000FD0D01F
S214010F80B6F5801FC8D298F800307A68314604F169
S214010F90080001F01FFABFE70BE000F0A0A803006D
S214010FA0782700202DE9F3410E461B4D816A044641
S214010FB017469846E36A8B422AD04B1C18E028460F
S214010FC001F0C4FA0DF1070301222946204620F05C
S214010FD029FE30B19DF80720434629462046B847EA
S214010FE0B0B1A9684A1C05D0012E0AD0E36A99421D
S214010FF0E5D10DE06968204620F06CFD012E014622
S214011000D8D16B6881EA0302636C5B421A42D1D085
S21401101002B0BDE8F08100BF4C2700202DE9F04169
S214011020036B07689046826B9A4288BF8363426C63
S214011030436A02FB0377C36B90B05B690E460522D9
S21401104001A904463846984701A821F0A6F80128C8
S2140110500146307057D0656CE26B2368606AD2F83F
S21401106014C005FB0030052206A9E04706A821F0BA
S21401107094F801284FF0000523D0D4E90A32012163
S2140110809342CDE90B458DF834800E958DF83C10D2
S2140110902AD11946204620F01DFD236B626CE062C2
S2140110A014339B1A23630C9B53B99DF83C303BB118
S2140110B0626A616C2368E06B01FB023121F025F85E
S2140110C00C9DE36B05225B6901A93846984701A888
S2140110D021F063F83070236BA26B28469A4288BFD2
S2140110E0A36310B0BDE8F081237C33B91C490BAA79
S2140110F004F1080001F0BEF9D5E71A4A0BAB204609
S214011100FFF750FFCFE7237C23BB1749224604F1A4
S214011110080001F0AFF9616A204620F06FFC616AB1
S214011120421C204620F038FC054620B9236B626C31
S2140111301344143B2363A16A204620F0CBFC2368AA
S214011140A062C01A636CB0FBF3F06062204620F028
S21401115004FDB6E7054A00232046FFF723FFDAE73A
S2140111601D1B0100991A0100AD1C0300491C030058
S21401117073B50D46D11E4A421C461B7E4A419A4211
S21401118026D129682368994222D3636899421FD8D9
S214011190114E0DF107033246FFF758FEC0B97268CB
S2140111A06B689A4214D19DF80730DA1E53425341B8
S2140111B0227E93420CD1636901336361D4E9032330
S2140111C0934205D2A268296842F8231001332361AD
S2140111D0012002B070BD00BFA42700202DE9F04F0A
S2140111E08BB0DFF858B19A469DF850300293DBF881
S2140111F01030534580460D461646C0F09980DBF800
S21401120004300193D146B9F1000F00F08D80D8F873
S2140112103C3001985B69012207A9984707A820F08E
S21401122010FFDBF80030984240F0858007A820F0D8
S21401123014FF0428074614D107A820F015FF019BC8
S214011240029A04463B44002A3FD1864212D9361AF6
S21401125014460199404620F03DFCA9EB0409019093
S214011260D1E7D8F83C3001985B69022208A9984773
S21401127008A8E2E7841B544528BF5446032C03EB19
S2140112800607AAEB040A4FEA94021CD9D8F83C30A8
S21401129029465B693846984724F0030304F00306A1
S2140112A01F441D44002ED4D0D8F83C3001225B697F
S2140112B008A9384698473246284608A9354424F0F6
S2140112C0E9FA0026C5E72646ECE700F0030203929A
S2140112D003442A18074604920593049BDD1B059BCD
S2140112E0D81B039B9F420FD1002FB2D0D8F83C30B9
S2140112F0012208A95B6998473A4608A9284624F0BE
S21401130065FB78B93D44A4E7D8F83C30012208A92A
S2140113105B699847042208A9284624F057FB08B9B8
S214011320043FDAE7DFF8189048460BB0BDE8F08FC7
S214011330DFF81090F8E7DFF81090F5E7D0270020E7
S21401134012E000F011E000F022E000F02DE9F0419B
S2140113500F4688B016469846044660B390F8345057
S214011360FDB1012120F0EEFA0E9BCDF80480CDE907
S21401137002379DF83C308DF81C30237C0496002102
S214011380CDE905118BB90D4901AA04F1080001F058
S21401139071F8DDE90553E06B002E08BF1D4620F00D
S2140113A093FC284608B0BDE8F081054A01AB20460B
S2140113B0FFF7F8FDEDE70546F3E700BF771C0300EE
S2140113C0711101007FB590F84260019204460DF15B
S2140113D00B030A463046124920F07EFC012EE36BD1
S2140113E0054619D15B69324603A998479DF80B104B
S2140113F0039B019A59B19BB243EA02430393E36B01
S2140114009B69012203A92846984704B070BD1B0CAE
S2140114101B0492B21343F1E79B69012201A9F3E78A
S214011420D02700202DE9F04F99B00F4609920A699E
S214011430416C0E931439D31DB3FBF1F3013302EB68
S214011440C302036B93420446C0F00D820023DFF80B
S21401145020940D93E36A07931946484601F076F8FF
S214011460D7E9033604930E9B022B4ED1CC2E40F0C7
S2140114708A81099B002B42D03946204620F083FC06
S214011480656C079A14906B1E1340ED1AE36B78682F
S2140114905B69012216A9984716A820F0D6FD0028F8
S2140114A00CBF04230823782E06933DD9012300257B
S2140114B005934FF0080A3B6805990E98C9F8003065
S2140114C0C9F8106020F0E3FD4FEA9A031093DDF8A7
S2140114D01CB089F8140000230B930F9308930C9308
S2140114E0616C4A1E0BEA02028B1A002E38D0554454
S2140114F0AB4240D8236B5B1A13442363ABE0049BD7
S2140115001B68149308230693D0E7656C079A6B1E35
S2140115101340782EA5EB030516D8FB7D7BB9099BF6
S214011520002BB3D104230693331DAB4210D9A6B1C9
S214011530082DBBD8042500230593AA46BBE7099BC3
S214011540002BA3D10823EEE7099B002B9ED1D9E7F8
S214011550002505954FF0040AADE704250596F9E741
S2140115605345C7D30BEB0A030393B046089B002BE6
S21401157018BF032313E0A3EB0A039E42B0460BEB0E
S2140115800A0228BF98469E420392EFD9D9F8102046
S2140115900123964289F8173071D1C9F804B008932F
S2140115A099F81730002B6CD099F818200899D31C9D
S2140115B009EBC3030132C3F804B0A3F8088099729B
S2140115C089F81820B8F1000F14D00E9B022B5BD1BE
S2140115D00B9B7BB90F9B4344032B0BD9E36B0398FF
S2140115E09B69012214A998470546002840F03D81D1
S2140115F001230B93089B0193059B009399F81420F4
S2140116003968434616A800F057FFE36B109A9B69AA
S21401161016A958469847051E0D9B18BF5B460D93A5
S214011620524643465946204620F081FA236BC9F8B4
S214011630080008F10302A3EB0A0322F003029B1A37
S2140116402363002D40F011810F9BDDF80CB043445D
S214011650A6EB08060F935946204620F03BFA0025D4
S2140116608346002E7FF43CAF814A39689368E36273
S21401167052680E9B04F1080000F0ACFEDEE0022387
S2140116808DE7C9F804B09DE7099B002B30D1049B78
S214011690B8F1030F43440A9327D9E36BDDE903014D
S2140116A09B694FEA980298470546002865D118F0CD
S2140116B003025FD0049B28F003052B440493039B8D
S2140116C01D444FF0FF330499159315A824F0E2F852
S2140116D0E36B28469B69012215A998470A9B049348
S2140116E00546002D86D0039B99E7039D4246E8E711
S2140116F0039B0A9307F120031193FB7D78689BB146
S2140117003D7E0C9A0023D9B28D4211D9119931F838
S2140117103310914203F1010C26D907EBC303069956
S214011720D8690A44104403E00C9B069A13441844F3
S214011730E36B01225B6915A99847159B13930C9BD4
S2140117400A9804330C93E36B01229B6913A998470B
S214011750039B0A9A43449B1A042B054607D978B97A
S214011760134604330A93C8E7521A6346CBE70A9B2B
S2140117700393B6E70A9B04933CE70A9B0493B2E7FC
S2140117800A9B0393AFE73B4E04F1080303932368D8
S214011790079A606CA2EB030ABAFBF0FA00FB0A3068
S2140117A020F02BFDE16A8046204620F093F9A26ADC
S2140117B082424AD0626CD9F808302568E062511E30
S2140117C00B40216B891A0B4423630D9B5D1BB5FBF4
S2140117D0F2F5AA4536D1079BB3EB080A12D0E36BA4
S2140117E04FEA9A029B6941469847E36A079A53442F
S2140117F0E362236B9B1A434483462363039820F0DA
S21401180098FBDA462368616CE06B01FB053120F03A
S21401181069FC204620F0A1F8204620F09EF92063BE
S214011820BAF1000F11D03A69616CD31D1439B3FBBC
S214011830F1F3013302EBC3029042A8D2304619B04D
S214011840BDE8F08F4FF0000ADCE73A69616CD31D02
S2140118501439B3FBF1F3013302EBC302236B93425A
S214011860BFF4F8ADEAE7044EE8E72E468CE700BF82
S2140118707827002023E000F006E000F02DE9F3478A
S2140118801E4643699DF82890B3420446884617468B
S2140118903DD300258DF80750204620F02AF8D4F8CD
S2140118A030A082450AD2236AB5EB430F06D2002246
S2140118B00DF107012046FFF7B1FB30B39DF8073065
S2140118C0012B05D100220DF107012046FFF7A6FBEB
S2140118D0B9F1030F06D0314620461FF0F5FF256B00
S2140118E0854218D30D4D4FF0FF31284600F02EFEED
S2140118F04B46002229462046C5E90376C5F80080F6
S21401190002B0BDE8F047FFF78DBD0135C4E70448D6
S21401191002B0BDE8F0870348FAE700BFA42700201D
S2140119200FE000F006E000F02DE9F04790F8426085
S21401193086B0012E05460391A1EB020715D1B7F536
S214011940807F28BF03264FF06408DFF848A10024F3
S2140119504FF6FF7995F84230012B14BF32236423EA
S2140119609C420AD35FFA88F415E0B7F5803F34BF8E
S214011970012602264FF03208E7E705AB224651461C
S214011980284620F0DEF995F84230012B059B34D12C
S2140119904B452DD1E4B295F84230012B0CBF6422A1
S2140119A03222121BB24217D3012E39D10022012B4B
S2140119B005978DF8132027D1082205A90DF11300EC
S2140119C020F072FB9DF81330059A42EA0322214665
S2140119D02846FFF7F7FC40B102232E490093096819
S2140119E0CC2303AA2846FFF749FF06B0BDE8F087D7
S2140119F0DBB203B902340134ACE7591CCAD09BB23E
S214011A00002BF8D10134F6E7102205A90DF11300D9
S214011A1020F04AFB9DF81330059A42EA0342D6E7C6
S214011A20039A0592012B23D10823202205A90DF143
S214011A3013008DF8133020F037FB9DF813201202A7
S214011A4021462846FFF7BEFC95F84230611C012B63
S214011A50C9B21AD10028BFD1BDF814202846FFF715
S214011A60B1FC0028B8D10234BDF81620E1B2AFE7C8
S214011A701023202205A90DF113008DF8133020F054
S214011A8013FB9DF813201204DAE70028A4D1059A67
S214011A909EE700BFD0270020032A2DE9F341064622
S214011AA00D4617461C4606D1237A012B23D001206A
S214011AB002B0BDE8F081DFF8608009680DF1070328
S214011AC04246FFF7C3F960600028EDD19DF8072074
S214011AD0237A032AE8D0D8F804106A689142E3D141
S214011AE0012B2969D4F80CC007D172690CEB0103EC
S214011AF0934202D92074207CDAE708316144E16020
S214011B003B46012229463046FFF78CFC60600028E0
S214011B10CAD00020CCE700BFA42700202DE9F3415E
S214011B20089C032A2668174606D1237A012B24D05F
S214011B30012002B0BDE8F081DFF890800DF10703C7
S214011B4042463046FFF782F960600028EDD12568ED
S214011B50D8F80400A96AD5F844C0227A4840CCF1E6
S214011B6000031840E1D1012A09D1E268D8F8103003
S214011B7013447269934202D92074207CD9E72868FD
S214011B80EB6A1B1A081AB3FBFCF3B0FBFCF08342AA
S214011B900BD1706CF36A421E1340326B121A134457
S214011BA0336328461FF096FFE862D8F81020E368F2
S214011BB00649206808321344E36001223B46FFF7DA
S214011BC031FC60600028B0D00020B2E7A4270020D6
S214011BD02DE9F04F4FF0FF334FF6FF72002500F16D
S214011BE00806C0E9092387B00446C3620562056397
S214011BF030460F4620F09DF920461FF0AEFE28BB6A
S214011C00204639461FF029FF20461FF0A6FE28BBB6
S214011C108A4D20461FF0D4FFECE0E26B2368606C2F
S214011C20D2F814C001A9052200FB0530E04701A83F
S214011C3020F0B3FA012828D1294620461FF0DEFEFF
S214011C40421C294620461FF0A7FE0135E3699D4246
S214011C50E3D320461FF081FE0028D1D000254FF6A1
S214011C60FF73C4E908534FF0FF39CA46A846E36933
S214011C70984514D3A5EB0905012D37D8636A4FF6AD
S214011C80FF72934247D16E4DC3E720F0B0FA0028A9
S214011C90DBD0294620461FF0B1FE0246D1E7236875
S214011CA0E26B606C576901A9052200FB0830B84752
S214011CB001A820F072FA834601A820F045FA0746EB
S214011CC0584620F08FFA70B15745236A38BFC4F8DA
S214011CD02480B94503F1010328BFB946BD422362FA
S214011CE038BF3D46BA4608F10108C0E74FF6FF7314
S214011CF063620025E3699D42C0D2676C2068E36B8E
S214011D0005225B6901A907FB0500984701A820F099
S214011D101BFA0135EEE7E26B676C2068556901A98D
S214011D20052207FB0300A84701A820F00DFA626A06
S214011D302368606C434D00FB023020F05EFA4FF0E2
S214011D40FF33A062E3622A460DF103036FF001013F
S214011D502046FFF77BF8002850D1AD68E56229469A
S214011D6020461FF0D6FD206320B9E16A20461FF009
S214011D70B1FEE062294620461FF0ACFE0546A36A86
S214011D809D423DD16569626CE91C143A2046B1FB5F
S214011D90F2F105EBC1050335B5FBF2F51FF010FFB7
S214011DA00235A84280463DD2616A20461FF005FEF4
S214011DB00027064604F1400A474512D3626C2368A1
S214011DC002FB0639E36B05225B6901A94846984781
S214011DD001A820F0B9F9534602464946E06B20F0C7
S214011DE00EFA314620461FF0E8FD0137AF4206469F
S214011DF0E2D3154D284607B0BDE8F08FA56AADE7DA
S214011E00294620461FF085FD236B034429460746D5
S214011E10236320461FF05EFE0546002FAFD1C4E9BE
S214011E200B07ACE7304620F084F80023074A194632
S214011E302046FFF7B7F80025EBE600BF03E000F009
S214011E4016E000F0A427002013E000F0131C0300A6
S214011E50634A00232DE9F041176813600E460446D5
S214011E6018B9604D2846BDE8F08190F834500DB39E
S214011E7009680268914240F0AA80716842689142FE
S214011E8040F0A580B1688268914240F0A080F16878
S214011E90C268914240F09B8031694269914240F0AC
S214011EA09680B169C26B914240F0918072698261FD
S214011EB01D46D7E750222946D0F8388023F0B0FDDA
S214011EC03368236073686360336963617369A36110
S214011ED0D6E9021204F10800C4F8388020F03BF875
S214011EE0B369E36304F140009B68984794F8432084
S214011EF020B1E561002AB4D03B4DB3E7656C002DF7
S214011F00F7D06668B6FBF5F3E361002AA9D0B542BF
S214011F10F2D82268B2FBF5F105FB1122002A58D14E
S214011F2005FB1363002B54D120461FF0E2FCA36986
S214011F30043303449E424ED3636940F63472CC3B6D
S214011F4093424AD8B5F5007FD6D3032120461FF029
S214011F50F9FCE36BD4E900011B689847E36B05467F
S214011F60DB68022098471DB1002384F834301EE058
S214011F7039462046FFF72CFE1C4B9842054604D1F5
S214011F8039462046FFF724FE0546636C143B002DB8
S214011F90EAD1226A204602FB03F61FF0AAFCA369D7
S214011FA0043303449E4206D284F83450104DE06B4D
S214011FB01FF08AFE56E70F4A012384F8343013686F
S214011FC0D4E90001013313601BF0FCFAEFE70A4D78
S214011FD048E70A4D46E7064D44E7094D42E700BF8C
S214011FE05437002009E000F004E000F013E000F0B0
S214011FF002E000F05037002008E000F001E000F0B9
S21401200005E000F02DE9FF410F4690461E460546C5
S21401201098B390F8343093B3B1F5801F31D21A4C8F
S21401202002211FF08FFC22460DF10F033946284688
S214012030FEF70CFF024678B1012300934246334671
S21401204039462846FFF71AFC0446E86B1FF03CFEAB
S214012050204604B0BDE8F0819DF80F30012BEBD18E
S2140120602169B142E8D10093414633462846FFF73D
S214012070B5F804460028DFD1E7E7044CE8E7044C4E
S214012080E6E7044CE4E700BFD027002009E000F0B3
S21401209007E000F00AE000F02DE9FF410C46164685
S2140120A01F46054688B390F8343083B3B1F5801FD8
S2140120B02FD2DFF87C8001211FF044FC21460DF170
S2140120C00F0342462846FEF7C1FE044670B99DF846
S2140120D00F30012B11D1D8F81030BB4213D100902C
S2140120E0024631462846FFF779F80446E86B1FF0AA
S2140120F0EBFD204604B0BDE8F081074C074A022BF1
S21401210008BF1446F2E7064CF0E7064CF1E7064C2A
S214012110EFE7064CEDE700BF0BE000F00CE000F047
S21401212011E000F009E000F007E000F00AE000F03E
S214012130D027002070B586B00E4603920546A0B3A0
S21401214090F834309BB3B1F5801F32D202211FF0D4
S214012150F9FB194A0DF1170331462846FEF776FEBC
S214012160044618B99DF81730032B0ED102230093AD
S21401217003AACC2331462846FFF780FB0446E86BCA
S2140121801FF0A2FD204606B070BD022B0BD10A49F6
S21401219028461FF0F8FD039981420246EFD02846F3
S2140121A0FFF7C2FBEAE7054CE9E7054CEAE7054C11
S2140121B0E8E7054CE6E700BFD02700200DE000F079
S2140121C009E000F007E000F00AE000F073B50C4605
S2140121D01646054630B390F834302BB3B1F5801F60
S2140121E024D201211FF0AEFB2146114A0DF107034F
S2140121F02846FEF72BFE044680B99DF80730032BD0
S2140122000CD0022B0CD10A4928461FF0BCFD3060C9
S214012210E86B1FF059FD204602B070BD054CF7E78C
S214012220054CF5E7054CF6E7054CF4E7054CF2E7F7
S214012230D02700200BE000F00DE000F009E000F0F0
S21401224007E000F00AE000F0F7B50C461646054632
S21401225068B390F8343063B3B1F5801F2BD20221F6
S2140122601FF070FB154A0DF1070321462846FEF7BD
S214012270EDFDC0B99DF80730032B14D0022B14D105
S2140122800E4928461FF07FFD471C02463946284660
S214012290FFF74AFB044606B13760E86B1FF014FDF2
S2140122A0204603B0F0BD064CF7E7064CF5E7064CB2
S2140122B0F6E7064CF4E7064CF2E700BFD02700200D
S2140122C00BE000F00DE000F009E000F007E000F0A0
S2140122D00AE000F02DE9F3411F4600230C4616469E
S2140122E03B60054650B390F834304BB3B1F5801FD0
S2140122F028D2DFF8648001211FF024FB21460DF16E
S214012300070342462846FEF7A1FD0446A0B99DF8FC
S2140123100730032B10D0022B0AD10123336004238C
S2140123203B60E86B1FF0D0FC204602B0BDE8F081B0
S214012330D8F810303060F3E7034CF2E7034CF3E7CC
S214012340034CF1E7034CEFE70BE000F009E000F087
S21401235007E000F00AE000F0D027002030B50C4678
S21401236085B0054628B390F8343023B3B1F5801F05
S21401237023D202211FF0E6FA0DF10F03104A21467F
S2140123802846FEF763FD034688B99DF80F20032A09
S2140123900DD003220092214602462846FFF76EFA28
S2140123A00446E86B1FF090FC204605B030BD054C96
S2140123B0F7E7054CF8E7054CF6E7054CF4E700BFF0
S2140123C0D02700200BE000F009E000F007E000F065
S2140123D00AE000F02DE9F04346688EB3056898469A
S2140123E04FF0000CA946AE4655F83C40C4F313071F
S2140123F001340CF1010C01D0B94218D066450EF13A
S214012400080EF1D12F46002403E0A64207F1080783
S21401241013D055F83430013304F10104F5D1C1F37A
S214012420130141EA0851C7E90012BDE8F08341EA09
S2140124300851CEE90012BDE8F083B8F1030F03D1CD
S21401244001230372BDE8F083002303E09E4209F1F5
S2140124500809F5D055F83340C4F30754032C03F1AB
S2140124600103F3D1C1F3130343EA0853C9E9003268
S214012470BDE8F0832DE9F043476883B0CFB1064647
S214012480884691460024336853F83450C5F3075202
S214012490C5F31301013503EBC403304604F101040F
S2140124A005D05B68CDF80090C04710B17768BC4294
S2140124B0E9D303B0BDE8F08373B5044622489DF81E
S2140124C01850012A00EAC11123F07C4007D9961E54
S2140124D0012E28D9073303F07F03194308E09DF83E
S2140124E01C30DB060A4303F0C053134343F060413C
S2140124F00023C4E900108DF80730B5B1202221462B
S2140125000DF107001FF0D0FD1A220DF10700211D65
S2140125101FF0CAFD63689DF8072043EA8263636083
S214012520082002B070BD1143E2E71B220DF107003F
S21401253021461FF0B9FD23689DF8072043EAC263D0
S21401254023600420EDE700BF80FFFF0738B5094B85
S21401255004461A680D46002123F062FA00234FF064
S214012560FF322383C4E900252361A260E382A376B8
S21401257038BD00BFA0A803000138C0B205289ABF25
S214012580014B185C0120704738F903002DE9F04132
S2140125900E46596888B007461546490A002401299F
S2140125A022464FEA510104F10104F8D8DC78997803
S2140125B01B882403C90201F4006104F480540C430F
S2140125C0C3F30A035203234492B29C18284B039385
S2140125D04FF0000825F0784302A90DF107001B22F1
S2140125E002938DF807801FF05FFD9DF80720029B80
S2140125F08DF80780ED4343EAC26302A90DF1070097
S21401260025F078451B22049302951FF04DFD9DF899
S2140126100720029B6FEA044443EAC26305936FEA0C
S21401262014444FF0FF3306930794BB6907A90122B0
S21401263006F110009847BB6905A90446012206F178
S21401264008009847BB69404518BF044604A9012203
S214012650301D9847BB69404518BF0446012203A9AF
S21401266030469847404508BF204608B0BDE8F0818F
S21401267001009AB213B5044669461FF010FE2046C3
S21401268020F03DF8FF28024606D09DF800102046AF
S214012690F2F768FD02B010BD0048FBE70080FFFFBF
S2140126A02DE9F0411B4A8AB001AC05460B4602F102
S2140126B0200C274610685168264603C60832624534
S2140126C03446F7D1002B08BF3B4610683060002720
S2140126D003F10C061C46384690B95FFA87F8218844
S2140126E04246284620F0E0F850B9E188424628469E
S2140126F020F0EBF820B942463146284620F0F7F89C
S2140127000137032F06F1080604F10204E4D10AB0EA
S214012710BDE8F08148F90300F0B589B005460E46DC
S21401272020F0F4F8044600BB06F10C070FCF01AC0D
S2140127300FC497E8070084E8070001A9284604F0BB
S21401274081FD311D284620F0E4F9044648B90849C0
S214012750284604F0B1F8044618B9284604F0E8FB08
S214012760044631682846FFF79BFF204609B0F0BDB6
S21401277040F9030001491FF0F8BD00BF216F0100B9
S21401278070B5164E0328337804460D461ED023FA3C
S21401279004F202F00102AA421DD053B10122A24066
S2140127A023EA0203A5402B43DBB233704BB1012071
S2140127B070BD2DB10A4B01201B6898473378EDE7B1
S2140127C03570074B00201B689847F0E79A07DED064
S2140127D003F0FC03E9E7002070BD00BFEB4F0020CB
S2140127E09437002038B504460D4604F06DFC60B100
S2140127F004F00AFB48B9012D07D8012020F02FF874
S2140128000D4B1B6823B15B6898470C4B1C7038BD99
S2140128101CF0FEFA0A4B1A68801A1860F5F7EAFDF2
S214012820084B1B684FF47A7202FB00301FF09BFDC9
S214012830012004F0F1FAE8E704380020A41500208E
S2140128408C37002090370020F8B5124F05460C460D
S2140128501AF0BEFE3B78064633B1012D04D01CB9F2
S2140128600D48F5F7F1FC3C7021462846FFF788FF36
S2140128700A4B1B7804463BB93B782BB91FF0E4FFA3
S21401288010B1074B1B68984730461AF0A5FE204644
S214012890F8BD00BFEC4F002068370020EB4F00204A
S2140128A00C120020054A0B46117831B10021117037
S2140128B0034A18785268012110477047EC4F0020F0
S2140128C00C120020124B0239012910B518701ED8BF
S2140128D004F0FAFBD8B104F097FAC0B104F08AF814
S2140128E0A8B90C4B1C6834B123689847BDE8104062
S2140128F000201FF0B4BF1FF034FD074B18601CF01A
S21401290087FA064B1860204604F086FAEEE710BDFB
S214012910A415002004380020903700208C370020B2
S21401292038B5044680B11AF053FE01210446084624
S214012930F5F7B0F8012108460A4A1CF0FFF92046CF
S214012940BDE838401AF048BE1AF042FE2146054658
S2140129500120F5F79FF80120024A21461CF0EEF906
S2140129602846EDE76CF90300F0B5324D85B01AF054
S2140129702FFE2B78044623B12F48F5F765FC002877
S2140129804AD1F5F70DFD02AA03A91FF047FF03463A
S214012990002832D01FF056FF029B98421ED100201D
S2140129A0264B03991B68264E9942307021D9C91AC5
S2140129B000270123CDE900771F482B70214A3346B3
S2140129C01CF002FA00282FD11F4A1378D90717D412
S2140129D020461AF001FE002005B0F0BD1FF030FFC2
S2140129E0029B98421ED0154B154A1B680393002084
S2140129F010700121FFF7C4FEEAE720462B70E8E7D6
S214012A0031780029E4D103F0FE031370002BDFD1E7
S214012A100E4B1B689847DBE720461AF0DDFD0320C6
S214012A2005B0F0BD0220BBE7032320462F703370AC
S214012A30F3E700BFEC4F00206837002088370020FE
S214012A40A3150020A5280100EB4F00209437002095
S214012A5038B5134D1AF0BCFD2B780446C3B9114A9C
S214012A6011491370114B124A1A601248124A5A60E1
S214012A70F5F78AF811491248F5F786F8114B124A0C
S214012A801A60124B1B68124B02221A6001232B702C
S214012A90AFF3008020461AF09FFD002038BD00BF2E
S214012AA0ED4F0020EC4F002074F903000C120020BB
S214012AB06929010058370020492801007CF90300E4
S214012AC060370020943700202129010000300E4095
S214012AD088370020431C08D0044AD2F83C311B0C2E
S214012AE01B0480B20343C2F83C31704700400840E3
S214012AF030B5074B85B00C46D3F8C0500095002280
S214012B0069461FF055FC0CB100B9256005B030BD13
S214012B100081E00F054BD3F8B400431C14BFC0F38B
S214012B2080700120A622312104F004BD0081E00F4F
S214012B30034B1A689B88026083800020704700BFA1
S214012B402E1500200F4B0628D3F8883104D183F4C4
S214012B500013C3F340507047022805D113F4400F09
S214012B600CBF01200020704750B9074AD2F8D400A4
S214012B7010F0010005D083F48003C3F38050704742
S214012B800020704700400E400081E00F0C4A52883A
S214012B90B2F5E16F94BFC8225A2210B594BF7824CB
S214012BA0502490428CBF172210220A70054A034611
S214012BB0107818B19C422CBF0020012010BD00BF28
S214012BC02E150020A815002013B5234B1B780E2BBD
S214012BD004463ED00DF10701FFF7D8FF1E2C8CBF2F
S214012BE01E4C1F4C9DF807304FF001028CBF01218F
S214012BF00021C4F8082170B1194A4DF60174C2F8D3
S214012C0004411B0202F1007243F44043C2F804314E
S214012C10144AA2F8D430134A134C92F8D83023F051
S214012C200103034323F0020343EA4103DBB282F8C4
S214012C30D83024786CB923F0040343EA800323F0E8
S214012C400803B2F8D440A2F8D64043EAC10382F89A
S214012C50D83002B010BD00BF2E1500200040084637
S214012C6000400844001F0021F04F0020084B094A8D
S214012C70D3F88831DB4303F4FE1343F40053B3FA6D
S214012C8083F30E33A3EB4313013B1370704700BF6E
S214012C9000400E40A715002002280CD0062802D0BE
S214012CA020B100207047054B18787047034B187801
S214012CB00430C0B270470720704700BFA715002038
S214012CC02DE9F7433A4E3B4F96F8009015463A4A9F
S214012CD0D2F8C820B9F1020F0446884607EA02076F
S214012CE01AD147EA006788F80000002372882B6033
S214012CF0B2F5E16F94BFC8225A2227F47F57944257
S214012D0027F008079ABF380A00F47F5043F6C870C8
S214012D10384303B0BDE8F083284A1278904228BFB2
S214012D20144604EB83030B70F4B1013CE4B24FF09C
S214012D3030632B606A4601A920461FF072FBDDE96D
S214012D40002347EA03671E4B98F800101B7847EAF2
S214012D50823747F47F5747F008073BB90029194BDC
S214012D6018BF4FF07F43C1E7164BE2E7164B1748F3
S214012D70B9F1060F08BF03462AB90029114B18BF3F
S214012D804FF07F43B2E7B2FA82F2C2F11F02D2B22B
S214012D909B5CDBB239B15A1ED2B2FD2A05D81B069E
S214012DA043F00403A2E7074BA0E74FF07F439DE7FC
S214012DB02E1500203F00C0E0001F0021A7150020AF
S214012DC0F14F00200400000BB883E00FB083E00F42
S214012DD02DE9F3410446C820FFF7F6FE2B4B2C4E97
S214012DE018780E2801D0FF2C05D1FF243470204618
S214012DF002B0BDE8F08102282DD1072C204628BF5D
S214012E00072001284FF0000301AA0DF1030138BF86
S214012E100120FFF755FF05461E4B1F4FDDF80480C6
S214012E20C3F85881C7F8C8509DF80340347020464F
S214012E30FFF7CAFE194A4FEA082303F4E063127843
S214012E4043EA1863A7F8D030002AD0D1C7F8CC508F
S214012E50A7F8D230CBE7A0B9052C32BF002701274F
S214012E600420201A3B4601AA0DF10301C0B2FFF768
S214012E7027FF4FF48003054637B1094AC2F80831E7
S214012E80CAE700273846ECE7064AF7E72E15002082
S214012E90A915002000400840001F0021F04F002027
S214012EA0004008460040084408B501F0B7F9094B50
S214012EB0094A002818BF1A46136823F47F115B08D5
S214012EC003F4FE130B431360044B4FF00072DA61F8
S214012ED008BD00BF004108401841084000400840B6
S214012EE008B501F09BF9064B4FF4001228B1C3F860
S214012EF000214FF000621A6208BDC3F81821F8E7F6
S214012F0000400844014B1868704700BF98370020FE
S214012F10436C012B38BF01232DE9F0479A46464BF7
S214012F20464F9B69464E474D03F4E073A3F5C072C6
S214012F30804645485142514102685245434A0FD1A5
S214012F4014788C420CD198F8D0C03C78A44507D1AF
S214012F5098F815C03478A44502D1A888BDE8F08752
S214012F60B3F5C07FC0F800A011704AD1D8F89440DC
S214012F7024B12368082B58D994F838400F212046ED
S214012F801FF031FABAFA8AF3002852D0B0FA80F26A
S214012F909B1A002BC6BFD840C3F10F094FF00F098B
S214012FA0504501D909F1FF39234B2004C3F8BC0071
S214012FB003F1806340F6FF72C3F8B82003F1007393
S214012FC04FEA0921C3F8B8101FF03EFAA88000F0B6
S214012FD04BFE09F01F094FF4FA7304FA09F45C4337
S214012FE041F66A03B0FBF3F00A23B4FBF0F45C434A
S214012FF0174B1C6098F8D0303B7098F8153033703A
S214013000ABE798F8D030062B06D1124B1B78002B75
S2140130100CBF9624C824B1E7022B08D00D4B1B78B1
S214013020002B0CBFB424F024A8E70024A6E7322422
S214013030A4E74FF00F09B7E700600840A615002087
S214013040A51500202E15002014120020F34F002095
S21401305098370020F14F0020FF290DD00F4B104864
S214013060C3F850010B04090501F0F87103F4E023DD
S2140130700B430C49C1F85031FF2A0DD0074B40F2E3
S214013080F711C3F85011130103F4F87302F00702A5
S2140130901343044AC2F850310020704700400844E8
S2140130A00000F70100400846F8B5134B134E1F68A1
S2140130B0134D384601F09EF83378C4B2A34201D1CD
S2140130C02B78A3B1092C14D80E4B012C195D05D110
S2140130D00D4B1B78022B01D141F0400101F00F028C
S2140130E038460909FFF7B8FF002334702B7000201B
S2140130F0F8BD0024FA21F1E714380020EF4F002034
S214013100EE4F002084F903002E15002038B5044642
S21401311000F052FD142200212E4822F081FC2E4B95
S21401312025781A782D49521B18BF01220A70226889
S2140131301A60C820A2889A80FFF746FD284BD3F86C
S214013140C820284BFF211970274B2849062D03EA72
S2140131500203274A1AD14FF4EE40C2F824014FF475
S2140131608A42C1F82421012243F08043C1F820217C
S2140131701B4AC2F8C8301E4B0322C3F85821FFF77A
S21401318093FF1C4B01221A70002038BD022D4FF010
S21401319007000ED1C2F80C010620C1F80C01164931
S2140131A0C2F808114FF4404143F00303C2F804117A
S2140131B0DEE7C2F80C010520C1F80C01C020C2F8F8
S2140131C0080143F08043812243F00403C1F808213B
S2140131D0CEE700BFC81F00212E150020EE4F0020AD
S2140131E0001F0021A91500202800C0A000400846A5
S2140131F000400844F24F0020C1004000014B187007
S214013200704700BFF14F00202DE9F0472D4C2E4BA3
S214013210236000F029FD4FF4FA7307464FF47A76DF
S214013220B0FBF6F629482A4A7343190E1B021818F2
S21401323041F10001002318F00BFDA0F5807305464F
S214013240A36220B966222B2104F074F901254FF4FC
S2140132507A726A434FF0000A53465008310218F05A
S214013260F7FC1C4B19601C4BB7F57A7F4FEA0568D3
S2140132708946044618604FEA152505D276222B2189
S214013280504604F057F901264FF47A73A8FB030160
S21401329003FB05117308C01841F1000100233246F3
S2140132A018F0D6FC0D4B023419600D4B49F100099C
S2140132B0A408186044EA8974024B013C1C63BDE80B
S2140132C0F08700BF005008400211010020A107004E
S2140132D040420F00A8370020A4370020A037002066
S2140132E09C370020044B4FF00052C3F880211A602F
S2140132F0024B01225A60704700E100E0005008408E
S214013300074B4FF00052C3F88021C3F88020BFF36B
S2140133104F8FBFF36F8F034B04225A60704700BF75
S21401332000E100E00050084010B50446A242A2EBBE
S2140133300000A3EB010104D2034B1B6B01331844BD
S214013340013901F0030110BD0050084038B50201F3
S2140133500A4B01259D500A4A4FF4807383405366F9
S21401336004461AF035F9074A1378A54023EA0503FF
S2140133701370BDE838401AF02FB900BF0051084459
S21401338000500840F44F00202DE9F047154604464A
S21401339088461E461AF01CF9022D00F0B880074632
S2140133A01AF021F96C4B6D4AD3F8189092F815A0D3
S2140133B0DA6D5FFA8AFA520744BFD3F818900AF119
S2140133C0010A1AF016F9664B664A1B6811684FEA3D
S2140133D08A7CA3FB093213F1004301FB09CCD8F820
S2140133E000304CEB020C012D04BF01336344ACEBFF
S2140133F0030C08BFC8F80030BCF1804F0AF0030A7E
S214013400C0F09880584AD2F800C0584AD2F800E076
S214013410514A23F04041106B4FF000480022ECFB6C
S21401342001820EFB012282424FEA937381BF013370
S2140134300130121A03F00303A3EB0A03914588BF78
S2140134404549DFF848C184BF096B03F1FF3303F038
S21401345003030CF80430A2EB0900A3B1F10742BF45
S214013460434B41F61F71D966B30742BF404B4149F2
S214013470D966710742BF384B00211967330742BF2F
S214013480354B00211965344B04F1100103EB041E82
S2140134900901CEF80C2111225A5037499A694FF08A
S2140134A0010EA2EB090A0EFA04F8D3F85C900A782A
S2140134B05FFA88F848EA020282450A7026D34FF47A
S2140134C08072A24019EA020F20D11CF804000028DD
S2140134D03FD10DB3F0071A6608D5254B274941F6AB
S2140134E01F7240F20110DA66C866DA66B10706D5C1
S2140134F01F4B22491F4A2248DA66C866DA667207F7
S21401350042BF204B01229A60330719D438461AF07D
S21401351063F80120BDE8F0871B48240140F804E069
S2140135205A661AF055F814490B7823EA08030B700B
S2140135301AF052F838461AF04FF80020BDE8F08726
S214013540212000F0B9FA044B4FF480325A60384615
S214013550DDE71A663846DAE700500840D037002023
S2140135609C370020A0370020A4370020A837002071
S2140135700050084400001F1FF44F0020005008466A
S214013580000001010040084000510844F54F0020AA
S214013590024B1878003818BF01207047F44F0020FE
S2140135A01030034B0001185800F00100704700BFAF
S2140135B0005008401030044B01F46001000141F056
S2140135C003011950704700BF0050084038B51AF083
S2140135D00AF8084B084A9D69547DDA6D520748BFC0
S2140135E09D69E4B248BF01341AF003F8284604F096
S2140135F0030138BD00500840D037002038B50B4BCA
S21401360003EB001210300001D2F80C411D58FFF7F1
S214013610DDFFAB0706D5844200D90139204601F00B
S214013620030138BD844238BF0131F7E70050084036
S21401363070B5184CE66B26BB202000F03DFA164B01
S21401364010251D6002F080F8144B8022C3F88021FB
S21401365001F046FA38B132460020082102F02CFA71
S2140136600F4B65669D660F4A536803F07063B3F1AE
S214013670807FF9D9074B0C4ADA6641F201421A6794
S21401368070BD01F02DFA0028F4D0054A074B636699
S2140136909366EFE7005008400040084600E100E06E
S2140136A00050084600400840011B011810000002A7
S2140136B008B5212000F000FA024B4FF480325A6020
S2140136C008BD00BF0050084008B5222000F0F4F9FC
S2140136D0024B4FF480225A6008BD00BF00500840DC
S2140136E0064B1B68434303EB8171054B1B68A3FB29
S2140136F0003013F1004341EB00007047A037002073
S2140137009C3700200D4A10B5146820F0404301464E
S2140137104FF000420020E4FB0320094A126802FB36
S2140137200300084B1B6B98424FEA917104D9013391
S2140137300131C01A01F0030110BD00BFA4370020FB
S214013740A837002000500840F8B5064603F05CFB99
S214013750044608B1FFF7D4FD084D094F00232B613D
S21401376030466B61AB617B75FFF7CCFFC9B27975EB
S214013770A8610CB1FFF7B6FD0020F8BD0050084067
S214013780D03700202DE9F041224F0646386820F454
S214013790700040F4A00038609DF81C401D1E9DF886
S2140137A018304FEA042444EA036444EA021408BFCA
S2140137B0002144EA05440C43FC64D7F82C80B8F594
S2140137C0803F40F2B5224FF018012CBF00200120A7
S2140137D003F0B0FEC7F83880CDB10F4BB468D3F80C
S2140137E08030412C38BF41245B0606D500F0F0FA44
S2140137F018B10A4BB3FBF0F31C442046FFF782FFD7
S21401380001308045034B3ABF0022DA63D863BDE836
S214013810F08100BF005008400070084000093D00DC
S214013820F8B5184DAB691B04044626D500F08CFB91
S214013830AB6913F0787FA0FB04464FEA9367C3F3A6
S2140138404450C3F3044505D140F25E422B2103F0F8
S21401385071FE0120AD01B5FBF0F010EB871005D12C
S21401386040F263422B2103F065FE0120024600234D
S2140138702046314618F0ECF9F8BD00F0A9FAA0FB95
S2140138800401F9E70070084030B50C4C02460120EF
S214013890A0F12003C0F1200524FA05F504FA03F38C
S2140138A02B4304FA00F595428B4100D330BD0F2817
S2140138B001D00130ECE7FF20F8E700BF40420F00DF
S2140138C010B50C46FFF7ACFFC30943EA4163C01AC3
S2140138D061EBD111FFF7D8FFFF2814D00C4B0F2254
S2140138E0C3F8802003F1007340F01000C3F8800095
S2140138F003F17A439B69DBB2802B06D02046BDE8F4
S214013900104000F00DBB012010BD0220FCE700BFF7
S214013910007008443B4B082270B501210546C3F8E8
S214013920C8203948394CEFF749FE394B1D702378CA
S214013930013B012B0CD8237CE07B01229A400C2111
S214013940302313FB001303F1884303F520431A6069
S214013950304B00225A677DB92F4A4FF6FF71D16767
S21401396002F10072F821D1675D672C4B4FF080425F
S214013970C3F89420002070BD636853B300F074F957
S214013980626800EB5203B3FBF2F3013B1B0243F008
S214013990F80326782049224A022E1CD0032E1D4801
S2140139A04FF6FF7521D0012E27D143F00203CD67D4
S2140139B0D36707234367237CE07B01229A400C21CF
S2140139C0302313FB001303F18C4303F520431A60E5
S2140139D011E0F823DDE743F001034FF6FF70C867F7
S2140139E0D3670C4B05225A67E5E743F00503CD671D
S2140139F0D367012343670B4BB8E7CD67D367002333
S214013A00F8E700BF00400E4600350A00AC3700203C
S214013A10FA4F002000000840000008440040084417
S214013A200000084600400846F8B5064604460FCE94
S214013A301C4F3D460FC533682B601B4B1B480822A5
S214013A40C3F8C8200121EFF7B9FD194A00235367CF
S214013A50A37BE17A1B0443EA0123217A0B43936794
S214013A603B78032B1BD8DFE803F01402080E617BBA
S214013A70207B00230422F0F77DFE217CE07B0023DF
S214013A800422F0F777FEA17A607A01230422F0F788
S214013A9071FE084B1878BDE8F840FFF73BBF0120E0
S214013AA0F8BD00BFAC37002000400E4600350A00C6
S214013AB000000840FA4F0020044BD3F89430002B46
S214013AC0BCBF034BC3F88000704700BF00400840EE
S214013AD00000084008B5064B06491A684FF0045026
S214013AE0920021F0D7FEBDE8084000F001BD00BFFE
S214013AF0B0F90300B4F9030007B501A8F1F794F88B
S214013B00134B144AC3F8442148F2E672C3F838212D
S214013B104FF40862C3F834210F4AC3F8A0200F4AB5
S214013B204AF63F41916002F580424FF0C0719162C2
S214013B300022C3F8FC200A4AC3F89C20094B7F22C6
S214013B405A6203F1007323225A6203B05DF804FB44
S214013B5000400840C0E653517A27000F0030084065
S214013B60806D6303003008440F4B002210B5C3F884
S214013B708820C3F88C20C3F890200C4A0121D1601C
S214013B805A6812F0706FFBD14FF00452DA670124C5
S214013B9002F5FD52C3F880401A66054B1B6898472C
S214013BA0044BDC6010BD00BF0040084000400846E2
S214013BB01812002000400844034BFD22C3F8C82019
S214013BC00122C3F8CC20704700400E4638B5FFF7F7
S214013BD0F3FF1B4B1B481C4C1C490222C3F8C82090
S214013BE01B4B1A6842B102EA0005A54204BF5D6894
S214013BF0156008338B42F4D1164B0222C3F8C82055
S214013C00154B164AD3F83C111160154AC3F8942097
S214013C1000F0A2FBFFF770FF124B0322C3F8D82077
S214013C20A3F500530122C3F894204FF46072DA60C2
S214013C304FF04072C3F8F820C3F8102138BD00BF1A
S214013C4000400E460000FFFF00000840B081E00F74
S214013C500080E00F00400E44004008401C12002087
S214013C600048F0000060084608B5EEF755FF044B23
S214013C70D3F81031C3F308230133B0FBF3F008BDCA
S214013C8000400E4070B5044618B1284D2268531CFA
S214013C9000D170BDC2F30063110C35F8130011F0AA
S214013CA0FE0F93B243EA0043606818D00434CAB2E8
S214013CB0022A216808D9D4E90160033AC3E900164B
S214013CC098600C340C33F3E704D16268C3E9001240
S214013CD00834DBE7012AD9D104341960D6E7120F7C
S214013CE0072AF5D8DFE802F00704090D1013181D9E
S214013CF0C04303F180631860EAE71A6842401A601D
S214013D00E6E703F1C063F6E71EF0CCFBE0E701222D
S214013D10824003F1C063F2E70122824003F180632F
S214013D20EDE71A6830EA0202FBD1D1E796F9030003
S214013D30024B0122C3F89420704700BF004008469A
S214013D40024B0122C3F89420704700BF004008448C
S214013D50024B4022C3F89420704700BF004008443D
S214013D60024B4022C3F89420704700BF004008462B
S214013D7008B50C4B1B68D3F8943023B11A68022A95
S214013D8001D9186A08BDFFF76FFF074B1B6D024686
S214013D9098B20028F6D0C3F30743D2085343B3FBC7
S214013DA0F0F0EFE71438002000600840064B5B682F
S214013DB0C3F30363984206D1044A936B23F0F003DE
S214013DC043EA01119163704700400840001F00213B
S214013DD01F4B1B68D3F8943070B52BB11A680A2AAA
S214013DE002D91C6C204670BD1A4DAA6D6B6DC2F3CC
S214013DF04544C2F3CD010134C3F3441601FB044428
S214013E00C3F3822103F01F0306FB01335C4302F078
S214013E100702114B9B5C5C43640004D0FFF724FF50
S214013E207043B0FBF4F4D5F8E430190505D513F06A
S214013E30FF021CBFE401B4FBF2F41A01D2D5C3F3AE
S214013E400A43002BCED0A402B4FBF3F4CAE700BFAA
S214013E5014380020006008408EF903002DE9F04771
S214013E600E461EF009FBDFF8B090DFF8B0A08046E2
S214013E70002519F0ADFBD9F80430C3F30363012B19
S214013E8007460BD1711C1AD01EF0F6FAA0EB0805F6
S214013E90384619F0A1FBAE42EBD80DE0052BF1D068
S214013EA00B2BEFD0023B012B0CD9013602D01EF0B2
S214013EB0E3FA384619F090FB1648BDE8F08719F08A
S214013EC08BFBD6E7DAF808301A04C3F389140FD44B
S214013ED0013602D01EF0D0FA384619F07DFB24B226
S214013EE0A4F1C8006FF4FF739842B8BF1846E4E720
S214013EF0731C03D01EF0C0FAA0EB08056FEA8454C9
S214013F006FEA9454384619F067FB14F5007FC2D067
S214013F10E6E700BF00FEFFFF0040084000700840D3
S214013F2010F1800F04D04D28DABF323040B27F2026
S214013F30044BFF229A6103F10073C0B2986100201E
S214013F40704700BF007008440B4B0C499A6D70B562
S214013F5002F007029E6D8C5C9D6DFFF785FEC6F331
S214013F60CD0606FB0444C5F3454505FB0444800124
S214013F70B0FBF4F070BD00BF006008408EF903008E
S214013F80084910B5D1F8703140B11C464A68D1F8DD
S214013F9070319C42F9D1C2F30362027003F00F0044
S214013FA010BD00BF00400840094BD3F8883001F02F
S214013FB0800103F480030B4309D1064B4FF4001232
S214013FC09A61837F1BB1044B0122C3F8F820704726
S214013FD00040084000600844006008462DE9F041B2
S214013FE01F4CDFF89080069F0646A2FB03502C1953
S214013FF060F1000E9C46A0454FF0000373EB0E0ED9
S21401400007D24FF4B4720E21184603F093FA022039
S2140140101BE00029FBD0C6F3130601EB5C04B4FBDE
S214014020FCF4A4FB0646E40C44EA46340D4E346028
S2140140300D4C22600D4A914209D10D4AA5FB02534F
S21401404002FB00339B093B600020BDE8F081C404FD
S2140140500A46E80444EA553117F0FAFD3860F3E7FA
S21401406000C9E876C0370020C437002000F04902B6
S2140140700A3BB2DF0046C32338B5164D2B780C46F3
S21401408023B9154B1B6D03F03F032B70134BD3F86D
S21401409094305B051CD5124BB0FBF3F040F24D5348
S2140140A04343A3F546430C3B584300F5C91000F5BE
S2140140B0556028B940F21B322B2103F03BFA012050
S2140140C02B78084A5343B3FBF0F30020236038BD36
S2140140D00220FCE7FE4F0020003008400040084068
S2140140E000366E018096980070B5374C374B256BBD
S2140140F0374C1B682468ED024CBF1B191B1BB3F120
S214014100804F04D8002B3AD1324E1C460AE0B3FA4F
S21401411083F4314EC4F10204E340304DAB4201D981
S21401412001345B0803EB5605B5FBF6F52C4EB3429E
S21401413034BF002601262403013D44EA86242C438D
S2140141400C60D8B1B3FBF0F1642400FB1133634378
S214014150984288BF01F1FF31480801380139072824
S214014160204D214C4FEA510311D900212970062117
S214014170C4F894101B0243EA0013136070BDB3FA2F
S21401418083F4D4F10204134EC6D50024C5E71029E2
S214014190EBD068B1012129700621C4F894101349A7
S2140141A009780029E6D012490224C1F89440E1E7D3
S2140141B0012914BF0121002129704FF00601C4F81E
S2140141C09410ECD1D6E700BF00300840C437002079
S2140141D0C0370020E0673500C0CF6A003FBE4025EB
S2140141E0401B5F13FB4F002000400844FC4F00209B
S2140141F000400846084B5B6B03F00700C3F3C2029E
S21401420013F0380F18BF5043C3F3821213F4E07F44
S21401421018BF5043704700BF00300840034BD3F827
S214014220380180F01000C0F30010704700400840CD
S214014230174B4FF4002210B5C3F89420154C164BBB
S214014240B0F1804F88BF1C46144BDA6CD2071DD5DF
S2140142501B6F134A04F5F42404F59074B4FBF2F4CE
S214014260033CE4B203F00703A34202D02046F0F772
S2140142709BF90C4B1B784BB10B4B4FF47022C3F8D8
S214014280942003F100732404C3F8944010BD00BFCA
S21401429000400846E0673500C0CF6A0000300E4097
S2140142A040420F00FD4F0020004008447FB5044601
S2140142B0EEF76EFC1C4B06462C3358680093A37928
S2140142C022683146FFF78AFE054648BBA379012BD3
S2140142D014BF164916491022C1F83821206815491D
S2140142E05843FFF7C9FE03AA02A93046FFF7FCFEB2
S2140142F00F4A43F6FF53C2F8A4300C4B0299C3F899
S214014300A4104FF4EE611163039A1A632068FFF755
S2140143108FFF094BA2881A6203F5405300229A6365
S214014320284604B070BD00BF003008400040084673
S21401433000400844503008400000084008B5044BCF
S21401434001221A70034B1868FFF772FF002008BDA0
S214014350FD4F0020C4370020024B4FF48062C3F8A3
S21401436094207047004008460D4BD3F80421D3F83B
S214014370B030D2B2FF2A03D043F30743591C01D110
S21401438090221923074903EBD37302EB630202233E
S21401439081F84630232381F8472081F8453070475D
S2140143A00081E00F001F0021044A5368C3F3036332
S2140143B0022B04BF80239360002070470040084012
S2140143C02DE9F04F384C0A4685B00D46002181464E
S2140143D021F026FBD4F8C83043F06C029A4204D090
S2140143E00025284605B0BDE8F08F304BDB68D907BD
S2140143F0F6D402F00FFF0028F2D0D4F81061C6F30D
S2140144000826002EECD12A4C2A4BD3F81880D4F873
S21401441084300193284B4FF060529A6103F1007388
S2140144204FF000629A612423C4F88430234B04229F
S2140144301A604FF4804A4FF48053C4F868A0B3461C
S2140144406362AB4512D31E4B04221A60184A019BC5
S214014450C2F88430184B4FF06051996108EA0103A5
S21401446018498B614FF480439366BAE7226E520473
S214014470FCD52268D305F9D5C4F868A00136D4F86E
S21401448088200392012EDCD9A5EB0B07042FA8BFC9
S21401449004273A4609EB0B0003A95F4421F0FAF919
S2140144A01FFA87FBCDE700BF00400E4000400840E2
S2140144B000000840006008400060084400400846CC
S2140144C00040084400600846074BD3F8D8304FF642
S2140144D004014FF605029BB28B4208BF1346034AFE
S2140144E001209365704700BF0081E00F005008402F
S2140144F070B5194C0FCC86B001AD0FC5C822236824
S21401450016482B60002121F08BFA7C2200211448EA
S21401451021F086FA134B144AC3F8F020FFF724FF64
S214014520124B1B782BB101AD0FCD0B4E0FC62B686E
S21401453023600F4B0F4AC3F8DC2F0F4AC3F8E02F56
S2140145400E4AC3F8E42F02F1957202F27112C3F813
S214014550E82F06B070BD00BFC81F0021381F00211C
S214014560BC1E0021001F00213F003700F24F002033
S214014570001000210200620209C805780708DC065F
S2140145800A4B197801F0FF0229B100211970084978
S2140145909202C1F8A020597801F0FF0229B100214A
S2140145A059709302024AC2F8A4307047FF4F0020A8
S2140145B000000846074BD3F8E40E074BD3F88C30BF
S2140145C01A0103D4054B1B6E1B0401D500F5807040
S2140145D0704700BF0010002100400840000008405E
S2140145E008B518F0F5FF0F4B1A78B2B90E4A1268E3
S2140145F012F4843F11D10D4A1021C2F894101B7891
S2140146006BB9094B1B68DB0509D4084B2022C3F89C
S2140146109420BDE8084018F0DFBF054AECE7044BDC
S214014620F4E700BF03500020801700200040084434
S2140146300040084610B518F0CBFF0E2104460320B3
S214014640FFF7B4FB044B40F2012220465A62BDE854
S214014650104018F0C1BF00BF00000840044B002204
S2140146601A70044B197811B11A70FFF7B9BF704769
S214014670025000200350002008B518F0A9FF244B73
S2140146804FF08052C3F88020BFF34F8FBFF36F8F78
S2140146904FF48072C3F88020BFF34F8FBFF36F8F44
S2140146A00222C3F88020BFF34F8FBFF36F8F102213
S2140146B0C3F88020BFF34F8FBFF36F8F2022C3F85C
S2140146C08020BFF34F8FBFF36F8F4FF00052C3F8B8
S2140146D08020BFF34F8FBFF36F8F8022C3F88020F7
S2140146E0BFF34F8FBFF36F8F4022C3F88020BFF315
S2140146F04F8FBFF36F8F4FF00042C3F88020BFF398
S2140147004F8FBFF36F8FBDE8084018F065BF00BF3D
S21401471000E100E008B518F05BFF0D4B4FF080524A
S2140147201A604FF480721A6002221A60002283F81F
S214014730012310221A6020221A604FF000521A60DC
S21401474080221A6040221A60BDE8084018F044BF73
S21401475000E100E070B5084C01232370074B1E688A
S214014760074BD3E9005332401940284001F0A4F921
S2140147700023237070BD00BF01500020CC370020FD
S214014780801700202DE9F047DDF820A003EA010894
S214014790099B06460D4602EA000703EA0A09BAF132
S2140147A0000F40F04981031F0B4300F00F810528DD
S2140147B071F1000380F0E38050EA010300F05C81B0
S2140147C0431E0B4300F01D81FFF756FFAB4AD2E9AB
S2140147D0004323EA050324EA06043C4343EA0807A8
S2140147E0A74BA84D1E68DFF8EC8226EA0A0646EAC1
S2140147F009061E60C2E90047FFF7F2FE14F02A4FD1
S21401480014BF48F202034FF40043B0079E48C26E3D
S21401481048BF43F4005383EA020122EA0302EA6630
S2140148209A4A81660B40D366C4F380421203210381
S21401483048BF42F48072E30648BF42F40052A50620
S21401484048BF42F4007260069148924DD0F80C328F
S21401485048BF42F48062210648BF42F4006282EA01
S214014860030123EA0203C5F80C328B4BC0F8081289
S2140148700A40C7F34025AD04C3F80C22E20448BF42
S21401488045F48035A30348BF45F48015A00748BF0B
S21401489045F4001514F4001F06D0D8F800001EF0E9
S2140148A067F808B945F40025E1027C497C4848BF11
S2140148B045F40035FA0648BF45F480050A6A7307D1
S2140148C048BF45F0040585EA020323F001031A40B8
S2140148D002621D40CB61734B73481D62734B744A71
S2140148E016F0010F18BF1A46836E7D0748BF42F4C3
S2140148F00012704D82EA030123EA0203AB666E4B97
S21401490041660A4000F500509A66C16B04F0010347
S21401491005F5005581EA030221EA0301E963826392
S2140149201A40664BDA63D8F80020200248BF644B71
S21401493092F8E92058BF634B610748BF43F4806390
S21401494022B114F4C06F18BF43F480735E485F4C05
S214014950D0F8EC10320748BF43F0004383EA010267
S21401496022F4A0221140C4F8EC101340C0F8E8204D
S214014970574ABDE8F047C2F8EC30FFF7CBBEA0F5CA
S21401498080630B4306D020F48063A3F500730B43CA
S2140149907FF41AAF18F01CFE3849D1E9003223EA39
S2140149A0060322EA050242EA08023B43C1E9003255
S2140149B0484A126892F8E9200AB313F4C06F1ED071
S2140149C0434B4FF48072C3F8EC2014E018F000FE5D
S2140149D02A4AD2E9003123F004033B4341EA0801A5
S2140149E057EA0807C2E9003114BF394A374A4FF47B
S2140149F08063C2F8EC30BDE8F04718F0EDBD334BEC
S214014A00DFE718F0E5FD1D4AD2E9003123F0010386
S214014A103B4341EA0801C2E900312F4A57EA080739
S214014A204FF0010315BF93632C4902F1C062CB63BB
S214014A3014BFD3639363DEE750EA01037FF4C4AE89
S214014A40BAF1010F7FF4C0AE18F0C2FD0C4A13682C
S214014A5023F0010343EA09031360134A4FF480630A
S214014A60B9F1000F04D0536602F1C0629366C2E743
S214014A7010498B665366BEE7BDE8F08780170020B5
S214014A80CC3700200000084400000840000008461B
S214014A900060084000600844006008460040084086
S214014AA0004008440040084600500840041C5000DE
S214014AB0041850000050084400500846007008468C
S214014AC00D0A0A09090A0A090010084000100844DC
S214014AD00010084614380020007008400070084492
S214014AE0024B5868C0F3C000704700BF8017002013
S214014AF0024B186800F00100704700BF80170020C5
S214014B00024B5868C0F3C030704700BF80170020C2
S214014B1010B50446FFF75AF8FFF7AEFD04F14C0056
S214014B2002F02EFEFFF720F8FEF76EFBFEF7DAFB2B
S214014B3003F0BCF81049114AD1F8F810072304F124
S214014B40A40003F0EFF84FF440010020FEF732FD19
S214014B504FF400110120FEF72DFDFFF7B5FC20B93B
S214014B6040F2E722142102F0E5FCFFF7E7FBBDE87F
S214014B7010400120FEF7CEBE001F00216C1F002151
S214014B80084B8022C3F8882003F17E430822C3F82D
S214014B908820054AD2F8BC3E23F02003C2F8BC3E6A
S214014BA0704700BF004008460010002108B518F005
S214014BB00FFDFFF7E5FF034B01229A60BDE80840B1
S214014BC018F00ABD00400840F8B5194C0546207893
S214014BD0B0FA80F040F206423E21400902F0AAFCFB
S214014BE055B96078B0FA80F0BDE8F84040F2064268
S214014BF03E21400902F09EBC0E4F0F4DD7F8A03063
S214014C004FF44066C3F381232370C5F8A060607833
S214014C10B0FA80F040F206423E21400902F08AFCDA
S214014C20D7F8A430C3F381236370C5F8A460F8BD38
S214014C30FF4F00200000084000000844F8B50B4C68
S214014C400B4DD4F888300B4F0423C5F88830D4F8C0
S214014C5088305B0300D4F8BD0426C7F888600220BC
S214014C601DF020FCC5F88860F1E700BF0040084051
S214014C7000400846004008441C4B70B5D3F88860D5
S214014C801B4D03F18063A822C3F8882010221A6006
S214014C90184A194B93666B66FFF772FC174B1B7825
S214014CA013B90320FEF752FB00242C67FFF7C6FF5B
S214014CB0134A144BD2F8E41E0B40C2F8E43E124BE2
S214014CC00422C3F88820114BB206C3F8C44008D5A5
S214014CD003F580739B6CB3F5817F22BF034B802263
S214014CE09A60BDE8704001F0A3BE00BF00400840D6
S214014CF000500840005008441000000206500020F2
S214014D0000100021DF0000FF00400844001E0021C3
S214014D1010B549B918B3144A53681B0E13F00E0F99
S214014D201DD113689A061AD4FFF784FC0E4C002096
S214014D30FFF726F9032801D0092806D1D4F88C30CC
S214014D40DB03F4D4636F0C2BF1D9FFF777FF074B26
S214014D500122DA6003F17E430422C3F88820044B63
S214014D604FF4C0625A6210BD004008400040084639
S214014D700060084408B503210920FFF717F8024B25
S214014D8020229A6008BD00BF0040084038B505469D
S214014D9018F01EFC044602F0AFFC35B1FFF75EFCCE
S214014DA02046BDE8384018F017BC084B1B78002B8E
S214014DB0F6D0074B1D78002DF2D1FFF74FFC2A469F
S214014DC04FF480400021FFF7C5FCE9E702500020C0
S214014DD0015000202DE9F84F564B0646D3F888308F
S214014DE00D461446002A40F0A28013F0A00F14BF0F
S214014DF04FF001094FF00009DFF854814E4F01F0E2
S214014E0017FEA023C8F888300320FEF79FFA042077
S214014E10FEF79CFA4FF0000AFFF720FC474BFB66B3
S214014E20C7F870A0FFF70AFF454BD3F8BC2E42F037
S214014E302002C3F8BC2EFF22C8F800203D4A4FF4DA
S214014E4080719160D3F8E42E3E494FF0040B114077
S214014E50C3F8E41EC8F888B0C3F8C4AEFB6813F004
S214014E60060F04D0FEF730FC5846FEF76FFAB9F18C
S214014E70000F08D0344B4FF40062C3F88820334B40
S214014E804FF400425A6666B1304B5B6C180701D48A
S214014E90FFF7D0FBFFF76EFF0420FEF757FAFFF788
S214014EA06FFB244BDA68D1073FD55A6812F0706F52
S214014EB0FBD1274B274AC3F88820274A936B23F058
S214014EC0F003936315B12046FFF760FF234BD3F839
S214014ED0B4305A1C01D05B0002D51D4B0122DA60AA
S214014EE01CB31A4BDA6E9A66124A136A23F0010350
S214014EF0D3611B4BD3F80C22C3F80822A3F5405309
S214014F00DA6F9A67A3F50053D3F8EC20C3F8E820CC
S214014F1003F5C043DA6B9A63A3F50053114A5A6648
S214014F200B4B4FF60842C3F88820BDE8F88F4FF0C8
S214014F30000961E7004008400050084000000101F8
S214014F4000100021DF0000FF004008460000084076
S214014F500040084410003000001F00210081E00FCF
S214014F60006008405000F0029A4B196EDA6E2DE987
S214014F70F04F01EA0209C3F8689003F5805385B043
S214014F80D3F8E060D3F8EC201640C3F8E86003F5E8
S214014F90A043D3F80012D3F80C2201EA020AC3F8A0
S214014FA008A2A3F5005359691A6A01EA02088A4A57
S214014FB008EA0202DA61894BD3F80022910006D48E
S214014FC0D3F800319A00C3F3407740F1E18018F03E
S214014FD0FFFA834BDA68DF6D12F0060F9A6E07EA66
S214014FE0020727F4800222F4006214BF4FF0010B7F
S214014FF04FF0000B5A667B0704D57A4A537D01337E
S214015000DBB2537518F0E8FAB9F1000F00F0DF8053
S21401501019F4004427D018F0DBFA0146FFF7CAFA64
S2140150206F4D0446AA69AB699A42FCD0AA699342BD
S214015030FCD0FFF7BFFAA04240F0AC80084618F05B
S214015040CBFA694B1C60694BD3F8885015F4E052D3
S21401505040F0A28024F07F4424F0DF040CB9FFF76F
S2140150600BFE4FF0807419F0020F4FF0000516D0BA
S2140150705E4B5F49D3F8883003F46042C1F888205C
S214015080002A00F09E801D0400F19E8013F4005F4C
S2140150900CBF4FF000534FF000631C430025C9F3CB
S2140150A040394FEA4909534B3340002B4AD016F496
S2140150B0206F0AD040F60F020621002002F03AFACD
S2140150C00020FFF763FE26F48026F00506D5484B40
S2140150D0FF221A6044F4C064FFF7ACFA16F0090F19
S2140150E00AD040F624020821002002F023FAFFF736
S2140150F041FE414B01229A6216F0106F0CD040F629
S2140151002D020921002002F015FAFFF733FE0022D6
S2140151101146104602F0C8FA16F4202F0AD040F6BF
S21401512035020721002002F005FA0020FFF72EFEC7
S21401513026F48026F10301D502F006FC002EB8BF46
S21401514049F0080972070DD52B4B5B6A13F4005F13
S21401515014BF2A4A2A4A4FF400531ABF536244F432
S21401516000045362730548BF44F0040416F4802615
S21401517000F0AA8002F0B2FB0138062842D8DFE828
S21401518010F021012401210127012A012D012D0101
S214015190BB4639E7044645E70192FFF76DFD144B20
S2140151A0019AC3F8882015F4805307D115F4806F4F
S2140151B00CBF4FF080544FF0806454E74FF08044AA
S2140151C051E74FF0007368E74FF0004365E74C4640
S2140151D04D4668E7000008400000F7FF00E100E0E8
S2140151E000500840D0370020C83700200040084053
S2140151F000400844090B0B890010084000100844C1
S2140152000010084640F666020321002002F092F9DB
S2140152107C4A136ED2F8800003F00703063301219F
S21401522001FA03F3C0F30C001B1A9BB2072B13D928
S214015230754BD3F8883058020ED47448136B126D30
S214015240C06C58B103F0070306339940C2F30C0350
S214015250C91A89B2072901D844F400746C4B1B782B
S214015260002B31D0674BD3F8E03013F4A02F2BD1AD
S214015270684B694A1B7893B9FB0410D4137873B151
S214015280E308664943EA457383F00103D1F8E41E57
S21401529003F001035B0021FA03F3980714D10420FD
S2140152A0FEF754F85E4B5F49D966FFF7D7F95A4ABD
S2140152B013782BB95C4B5D4A1B682340134201D11E
S2140152C044F4804427F48057BAF1000F1DD01AF435
S2140152D0805F18BF44F480241AF4807F18BF44F41A
S2140152E000241AF4005F18BF44F010041AF4007F7B
S2140152F018BF44F020041AF4806F18BF44F040042D
S2140153001AF4006F18BF44F08004B8F1000F3BD0C8
S21401531018F4802F18BF45F4007518F4803F18BFA5
S21401532044F4805418F4801F18BF44F4003418F471
S214015330001F18BF44F0020418F4003F18BF44F4DD
S214015340801418F4800F18BF45F0100518F4002FCC
S2140153501AD0324BD3F8BC3E13F0C00F14D02A4BF0
S2140153605A68C2F30362032A01D0072A07D1D3F889
S2140153708C20D10603D4D3F89020120731D54FF4F0
S2140153800022DA6128F40028002F00F00D8138058C
S21401539040F18180264ADFF888A0D378002B4DD0D3
S2140153A0013B4FF40061DBB2CAF86410D37033B925
S2140153B0204B1B78C3B1204B40F60142DA6600232E
S2140153C0002266E044F4803422E744F400641FE7D8
S2140153D044F480641CE744F4807419E744F008043C
S2140153E016E744F40014CFE7DAF8703013F4A05F40
S2140153F015BF4FF4807340F60143CAF85030CAF81F
S2140154007030DCE70010084000400840000008400B
S21401541003500020025000200450002000100021FC
S214015420005008400000010180170020088D01008F
S214015430F54F002006500020005008460320FDF7D7
S21401544085FFDAF80C30A848A84913F0060F02BF0A
S214015450A74B41F61F72DA664FF40063CAF8643050
S214015460DAF80C3013F0060308BFCAF87030C38AA6
S21401547013F4006260D023F40063C3820B7803F058
S214015480FF0A002B5CD1FEF71FF9FFF7F5FB534629
S21401549020221C431543B9010BD52E20FEF70CFB29
S2140154A0934A4FF00073936602F17C4245F008057B
S2140154B05366FA0608D52B20FEF7FEFA8C4A10230F
S2140154C0936602F17C42536617F4E00F05D1FB04A4
S2140154D05ED5BBF1000F00F0AC80B80210D52920D4
S2140154E0FEF7EAFAFFF7FCFA40B18249824A834B9B
S2140154F053668B6682494968490424D445F00405FD
S21401550017F4800BDFF8F0A129D00420FDF71EFF69
S2140155102720FEF7D1FAFFF7AFFB4FF48003CAF856
S2140155206430784BD3F8E42E50067CD4764B0222B6
S2140155301A6045F0020528E00B784FF40053A8E7FF
S2140155404FF400433CE76A4920208B665366FEF71A
S214015550B3FA2D2045F00C05FEF7AEFAD0E7FA02B5
S2140155604CD50420FDF7F2FE2820FEF7A5FADAF85E
S2140155707030002B3FD1FFF77FFB5D4A5F4B936690
S21401558002F17C4245F0010553665B4B00221A6529
S2140155907B0509D55D4A9378002B00F09880013B86
S2140155A09370002349EA03094A4620462946FFF735
S2140155B0D1F80EB102F0BAF918F4002F00F08C8081
S2140155C04F4B4FF40022DA6118F0206F00F088800C
S2140155D018F0007F01D0FDF767FC18F0006F01D0CE
S2140155E0FDF77EFC002200204FF4006105B0BDE807
S2140155F0F04FFFF7AFB8CAF870B0BEE7FB04C4D5EA
S2140156000420FDF7A3FE424BCAF86C30FEF75CF8A7
S214015610DAF85C3013F4A00FB7D12A20FEF74CFA63
S214015620FFF72AFB7DE7D3F8BC3E990681D4394BB8
S2140156307DE7364A13794BB1013BDBB2137113B9DF
S2140156402C4B354ADA6600231C43A1E70420FDF7FC
S2140156507DFE0320FDF77AFE274B2D4ADA6617F00A
S214015660B7FF82460DF10F00FEF78AFC2B4B1B7825
S21401567083460BB1FEF7DEFFBBF1030F0ED1DFF859
S21401568080B00020FEF77CFC032807D1DBF88C30C5
S214015690DA03F6D4DBF874300C2BF2D99DF80F3010
S2140156A0032B06D11E4B012250461A7017F094FFA9
S2140156B0C9E71C4BD3F8E03013F4A02FF2D1FEF764
S2140156C0CDFF504617F088FF4FF48043BCE7022019
S2140156D0FDF73CFE012365E7B8F1000F7FF474AFD8
S2140156E005B0BDE8F08F00BFD0370020065000207F
S2140156F000500844005008460050084010000002C0
S214015700004008400010002100400844F54F0020EA
S21401571000000101004008460000010D0550002070
S2140157200250002000100840014B1B68184700BFBC
S2140157302C120020034A0123136202F17C42D3613A
S214015740704700BF004008440B4B10B55C691A6AED
S2140157501440A2B2DA61E20704D55868C0F30360C8
S214015760FFF7E8FF630706D5BDE8104004220020D6
S2140157700021FEF7EFBF10BD004008400C4A08B5F7
S214015780136BD16B0B409363DB070FD5094B18786E
S21401579040F6AC22122100F0010001F0CBFEBDE87C
S2140157A00840002201200021FEF7D4BF08BD00BF3B
S2140157B00070084080170020044BDA6FD207FCD433
S2140157C01A6FD96F0A409A67704700BF00300840C9
S2140157D070B50D46144617F0FBFE064BD3F8BC6EAB
S2140157E074402C407440C3F8BC4E17F0F5FE05EA31
S2140157F0060070BD00100021034BD3F8BC3E994350
S2140158000CBF012000207047001000212DE9F04157
S21401581017460A43012A9DF818409DF81C60DDF8DA
S21401582020801D4629D8B44227D2082E25D8032B1E
S21401583023D8B8F1000F20D00A46002101F060F805
S214015840EB00FF219940DFF838C0C94308F1FF3863
S214015850FF00E2B2964202D80020BDE8F0813D1971
S2140158600CEB850518F8010FD5F8EC2098400A4096
S2140158701043C5F8EC000134EBE70120EDE700BF6B
S214015880001E002109490A4AD1F8EC0010B504238C
S2140158900124C2F8EC308C624FF40051516241078A
S2140158A044BF02F10072C2F8EC3010BD001008408F
S2140158B0001008442DE9F7438E780F2E80460C46DB
S2140158C003D9012003B0BDE8F08326B901232E4A8F
S2140158D000201370F6E70D7891F80190002D3BD16A
S2140158E0B9F1000FEDD194F90310E088FDF7E8FF58
S2140158F00128E6D055EA0903A088244F32D1FDF7E6
S21401590001FF23498A6D4FF6040583B292B24FF622
S2140159100500AA4208BF02463A80082580220127D0
S2140159208F658A672A461A4903B1013B013ECB625D
S214015930F6B20023019300960123294608F1A4003C
S214015940FDF720FF1FB1134B4FF48012DA64124BA0
S214015950A2681A600223BAE7082DB2D8B9F1080F77
S214015960AFD8C0E7FDF7CEFE3A884FF604039A4259
S2140159701EBF07498A653B80A9454A4683B238BFA0
S2140159802A460027CFE700BF075000203415002025
S2140159900050084000500846EC3700200C4BD0F869
S2140159A0C42010B5C3F8C020027C0446120202F4DB
S2140159B000624FF40061FFF70BFF237C13F0080F22
S2140159C014BF044A044A4FF40073C2F8883010BD6D
S2140159D0001E0021004008460040084437B5204D0F
S2140159E00C4641B90A460721FFF7F2FE1D4B2C6310
S2140159F05C6003B030BD07221146FFF7E9FE1A4B83
S214015A0007225A60237985F83030637901930121A2
S214015A1001A81DF067F9019BC2B2D34000F00F0048
S214015A2040EA031085F83100A27985F83220E27940
S214015A3085F833202068686383B1028801218B4290
S214015A4005D82379013B1344084A9361D1E730F81E
S214015A501150AA4228BF2A460131F0E71A46F0E75C
S214015A60001F0021301F00210000084400000840EC
S214015A70431C07D0044B6FF0FF029A6103F10073D9
S214015A8010409861704700BF0070084400F018038A
S214015A90182B0AD003070AD410F0100040F20113A5
S214015AA018BF1846034BD86470470020FAE7012058
S214015AB0F8E700BF001F0021344B2DE9F7431E68AD
S214015AC001F4007900F00103174653EA090205467E
S214015AD00C462ED04FF0000803B30023002201200D
S214015AE00021CDE90088FEF74DFE41463046FEF71F
S214015AF0B5F941467083012001F092FB716B06F106
S214015B00A400FEF751FA22490868FFF7B1FF4FF0EB
S214015B10FF330B60337C43F004033374B9F1000F99
S214015B2007D0012130461CF0DFFB24F40074054346
S214015B300C43D6E93E232A40234052EA030103D010
S214015B401449304609688847FB070FD51249134A9E
S214015B500868136800211160114A0121117003B110
S214015B609847104B00215B680220984717F00E0FEC
S214015B7008D040F2F3123B21002003B0BDE8F04309
S214015B8001F0D8BC03B0BDE8F08300BF1438002094
S214015B903012002034120020FC370020003800208C
S214015BA00A5000200C120020044B1868830654BFCC
S214015BB0C0F30F204FF6FF70704700BFC8370020B4
S214015BC0F7B50446D4E93EC71046DDE908268CEA57
S214015BD0020587EA06010540194085EA0C05794069
S214015BE0C4E93E5123F4004106EA010320F0010016
S214015BF0002543F40073024043F00203CDE900554B
S214015C00FEF7C0FD237C9A0717D5D4F8FC309B0518
S214015C1013D54FF4881120461CF066FB237C65F3F0
S214015C2041032374D4E93E2302400B4052EA0301A8
S214015C3003D00349204609688847002003B0F0BD19
S214015C403412002038B10368044A002B08BF1346FB
S214015C50034A13607047014BFAE700BF772503003C
S214015C6034120020024B986B00F00F00704700BF03
S214015C70001F00210F2938B505460C460ED801F045
S214015C80DFF801280CD1074A936B23F00F03234357
S214015C90936328461CF049FE002038BD0120FCE72E
S214015CA00220FAE7001F0021014BD86B704700BFA6
S214015CB0001F0021014B0020D9637047001F0021FF
S214015CC003282DE9F7434CD8274B13F80080274BC0
S214015CD01E5C274B13F8009017F07AFC0746FEF778
S214015CE007FF054640B10023CDE90033002200231B
S214015CF001200021FEF746FDFEF702FF48B1002312
S214015D00CDE900330022002300204FF40041FEF7C6
S214015D1039FD26B3174B5C6C04F00804164B31466C
S214015D205C644046FEF7F4FF4A4631464046FFF7BC
S214015D3051F8124B5C6465B1114B1868416BA43085
S214015D40FEF732F90F490868FFF792FE4FF0FF336E
S214015D500B60384603B0BDE8F04317F03DBC34464F
S214015D60DCE703B0BDE8F083A2F903009EF9030067
S214015D709AF90300000008400000084400000846A5
S214015D801438002030120020104AD2F8883013F060
S214015D90A00F16D1D2F88C0010F0040013D10C4BD2
S214015DA0D3F8E43E23F07F4323F0FF035BB153684F
S214015DB0C3F30362092A07D0B2F10C0018BF012011
S214015DC07047002070470120704700BF0040084020
S214015DD00010002170B50D46064620B9194B1B6808
S214015DE0A3B1032011E001F02BF8012828D1164BAE
S214015DF093F90040C4F11C04641BC4F11C03002B7E
S214015E00B8BF5B42232B0CDD012070BD81EAE17334
S214015E10A3EBE173DBB2232BF6D80B4B19700020F2
S214015E20F3E7B57417F0D4FB084A5369E40223F488
S214015E30FF2304F4FF241C43546117F0CDFBEEE767
S214015E400220E2E7143800200850002000700840C5
S214015E5018B9034B93F90000704790F91200704788
S214015E600850002008B5FFF799FD17F0B1FB074A67
S214015E70D2F8BC3E23F02003C2F8BC3E17F0ACFBC0
S214015E80034B02221A60002008BD00BF001000214B
S214015E900040084690F8C23053B9074BDA699202BF
S214015EA008D49B6F13F4706F14BF01200020704755
S214015EB0002070470120704700600840F8B5436B2A
S214015EC002EA010523EA01032B434363344A01F046
S214015ED00B030C4623EA0501516402F100722B40C4
S214015EE061070646536411D50121FFF7D3FF68B158
S214015EF0FEF7A4FE15F0040F14BF2A4A2A4A4FF4EF
S214015F000073D361294B0422C3F88820E20606D524
S214015F1015F0100F264B14BF00221B22DA6423064D
S214015F201DD52F0616D51F4B4FF400129A6103F1AB
S214015F307E430122C3F8F82017F04AFB0E210746DC
S214015F400320FDF733FF1A4B40F201225A6238460E
S214015F5017F042FB294606F1A400FEF725F8E005F6
S214015F6003D5E90516D5FDF7EBFEA20503D5AB056E
S214015F7013D5FDF7F5FE14F0600F09D0D6F894108E
S214015F8030461CF0F9FA0B4B98640B4B80229A6052
S214015F900020F8BDFDF7CCFEE7E7FDF7D9FEEAE7FE
S214015FA000000844006008460060084400400844B9
S214015FB000000840001F002100400840014B1868FF
S214015FC0704700BFF837002037B5012300240022B0
S214015FD0CDE90034002310461946FEF7D3FB022014
S214015FE0FDF7B4F9054D064B21461C6002206B688F
S214015FF098472B6803B0BDE8304018470C120020C4
S214016000003800202DE9FF41022903900C46154671
S214016010984605D1FFF7D8FF002004B0BDE8F0810F
S214016020194E17F0D5FA336807463BB1AB4205D097
S21401603017F0D2FA002333600120EEE7134B3560E8
S214016040C3F8008001230022CDE900330023104667
S2140160501946FEF797FB0E4B002502201D70FDF733
S21401606075F922462B4603A90220FDF78DF9094B47
S214016070039A1A60084B1B6804469847384617F07F
S214016080ABFA002CC8D1D5E700380020FC37002039
S2140160900A500020F83700200C120020044BDB6D5C
S2140160A05B055ABF034B1878012000F001007047CA
S2140160B0005008400A500020014B98691CF0FFB9B7
S2140160C000600840014B98691CF00FBA0060084058
S2140160D070B50E4617F07CFA054600F0D5FE04466C
S2140160E020B1284617F078FA204670BDFEF7A6FDC7
S2140160F0114B3278D3F8E43E022A23F0F00316D08F
S214016100101F42424241520043EA02137278022AA9
S2140161100FD0111F4A424A41520043EA8213064AEF
S214016120C2F8E43E054B0422C3F88820D9E70122D1
S214016130EAE70122F1E700BF001000210040084411
S21401614070B50E4617F044FA054600F0B5FE044653
S21401615020B1284617F040FA204670BDFEF76EFDC6
S214016160104B3278D3F8E43E022A23F00F0315D001
S214016170101F42424241520013437278022A0FD046
S214016180111F4A424A41520043EA8203054AC2F8B5
S214016190E43E054B0422C3F88820DAE70122EBE748
S2140161A00122F1E70010002100400844F8B50E78FE
S2140161B090F8D070044630460D46FCF7C3FC002824
S2140161C044D094F8D030B34208D1AA88636C9A427E
S2140161D004D16A88B4F8D2309A4235D084F8D060B7
S2140161E0AB88A4F8D4306B88A4F8D230AB8863644B
S2140161F0FF23637530461CF006F904F1D0052075BF
S2140162002846FCF783FF10BB2846FCF791FCF0B943
S214016210D4F8903053B194F8D010B94206D0B3F9FF
S21401622012202046EEF71EFF84F8D9002046FCF720
S2140162306FFE0949A4F8D400084AD1F8F8100123E2
S21401624004F1A40001F06EFD0020F8BD01200E232C
S21401625084F8D030F9E700BF001F00216C1F002131
S21401626070B5054690F8D0000E280C461DD0FF29C3
S2140162701DD01AB10F4B4FF0FF321A601CF0C3F855
S214016280064695F8D000FCF707FD844228BF044671
S214016290E4B2B44238BF3446E0B26875FCF798FD04
S2140162A0A0F1FF035842584170BD0220FCE70120CF
S2140162B0FAE700BF14120020C36B012B01D10020A6
S2140162C0704770B5364BD0F89060D3F8F830C0F808
S2140162D0943086B03146058B04461CF02BF9B38901
S2140162E08DF80600D6E90121EB1A9BB201FB0322C9
S2140162F068460021ADF804300092FDF7D7FF38B9A3
S214016300284B228BDA63FCF7CFFE20B106B070BDB6
S214016310022006B070BD227C60F3410222741CF09C
S214016320CCF8D4F890305969431EDBB20968029163
S214016330FD2B02460BD9CD1C09D91B4B01311B681D
S2140163400CD0D81C07D802A92046029301E002A966
S21401635020461CF02DF8002006B070BDD91C04D8CC
S21401636002A9204602931CF023F8D4F8FC309B05C2
S21401637004D4237C43F002032374ECE74FF480310A
S21401638020461BF0B1FFD4E93E2302400B4052EAFF
S2140163900301E0D00549204609688847DBE700BFCE
S2140163A0001F0021003008401C120020341200207B
S2140163B038B505460C4641B11CF073FA28B14FF4C6
S2140163C000312846FFF718FA04342046FDF79AF9FB
S2140163D0024B4042C3F8D40E002038BD0010002105
S2140163E070B54C30814214BF0C460024164617F097
S2140163F0EFF80D494A684FF49C53C2F30362D34049
S214016400DA07054603D5D1F888309B030AD420461F
S2140164100122314601F048F90446284617F0DCF817
S214016420204670BD0324F8E7004008402DE9F74FE9
S21401643006461546084619B9012003B0BDE8F08F97
S214016440002AF9D0032904D8002101F091FA002886
S214016450F2D082780488037990F805B0C788B0F93D
S2140164600000002802F00701C0F2D180A1F1070C5C
S214016470DCF1000040EB0C00052928738CBFC2F349
S21401648000100020C2F3801C6873900985F810C0C4
S21401649000F00200C2F3C00C40EA0C00C2F3401246
S2140164A06874AA74AF820BB996F8CA30013BDBB2A6
S2140164B0EB74736BD80600F196800639012900F259
S2140164C09280544BDB6C544B5A6B1B6B03F00703E7
S2140164D006334FF0010909FA03F909F1FF39083CBF
S2140164E042F0005804EA0904002318F804A0AB603F
S2140164F0013404EA0904631D03EA09035A1C02EA8B
S214016500090218F8037018F80220BAF1800F47EA5A
S2140165100227727C18BFAAF1320A3BB214BF4FFAA7
S2140165208AFA6FF07F0AC7F30B079AB30020D6F8F2
S2140165309C300BB151469847631C03EA0903E87384
S21401654085F80EA018F80310013303EA090318F8BA
S2140165500320013303EA090341EA022118F8032064
S214016560013303EA090341EA024118F803006A7C91
S214016570002341EA0061304601F0A2FC2860737CEA
S214016580042B03D1022FDCBF013028600423AB713A
S214016590002052E7D90422D5D6F894209AB1136880
S2140165A0022B10D992F82400FB0008B1B3FBF0F3DC
S2140165B09B45BBD8002BB9D0CBEB0B20B0FBF3F03F
S2140165C0C043C0B2B3E730461CF04FF801903046E6
S2140165D01CF03BF8019BB3FBF0F0C0B2E4E718F8FF
S2140165E004004000EDE70023EB730C4BDA68C2F3BE
S2140165F00723120448BF63F0FF035AB212F1800F5B
S2140166001CBF323B5AB20023AA732B60BFE702209D
S21401661013E700BF00000840001008400070084063
S21401662038B58D880C461CF020F8EB0080B1B3F528
S214016630803F0DD8074A430902FB0533226800094B
S214016640B3FBF0F31A4407232260A371002038BD80
S2140166500220FCE720A1070070B50A4B0A4DD3F8CB
S214016660EC604FF48064C5F8EC400020FEF78EFB2A
S2140166704FF400536B65730544BF044BC3F8EC40FD
S21401668070BD00BF00100840001008440010084606
S21401669011F5004F1FBF01F30E01044BC1F30E01AC
S2140166A0002014BF19640120704700BF0030084065
S2140166B0F8B504460E4641B9037C5A0641BF4FF66B
S2140166C0FF7261F38613828303743C4BD4F8947093
S2140166D01B680BB120469847394BA18BD3F8842011
S2140166E012F4E05F04BF2022C3F810224FF6FF73B6
S2140166F0994204D0334B1B680BB120469847324D64
S214016700D4F894102A68914207D020461BF034FF33
S2140167102E4B98642E4B80209860974245D02D4B87
S2140167201B684BB11FB13A68002A40D0BF68394692
S21401673020469847D4F8941008461BF035FF30B32E
S214016740254901F06DFA07272046FCF7E1FB16B351
S214016750224B94F9122093F900302149D4F8940081
S214016760C3F11C039B1A4A69DB0222F4FF2203F4DD
S214016770FF2313431B4A4B611B4B286006211167FD
S214016780204601221A701CF0D0F80020F8BD2046E1
S2140167901CF03FF9D4E70D4B0F4AD3F8F81004F17B
S2140167A0A4003B4601F0BEFAD2E70127CCE7174624
S2140167B0394620469847D4F89410BDE7083800209B
S2140167C000600840F4370020E8370020001F002151
S2140167D000400840F03700206C1F002108500020C0
S2140167E00070084000000844095000200248482272
S2140167F000211FF015B900BFE81E0021002373B564
S21401680083746423C0E92C33C0E92E334FF0FF357F
S214016810C0F8AC30A0F8C0300E264FF6FF73C0E9C2
S214016820075580F8D060456485828375044611203B
S214016830ECF770FF042834D11B4B5B6813F4403F20
S2140168402FD12046FEF764F92046FFF7CFFF94F9D3
S21401685012102046FFF7BEFA144A6023536402F56D
S214016860805240F6FF7151625165114A5364114BD3
S2140168704022C3F88820626B29462046FFF71EFB9C
S214016880002240F2022310461946CDE90066FDF7C4
S21401689079FFFCF7EBF9204602B0BDE8704000F046
S2140168A02FBE022002B070BD00300E40000008402E
S2140168B0000008460040084410B50C46FFF796FF56
S2140168C0BCB1A378082B16D8E278082A13D843EA75
S2140168D0021313F0FF03094A14BF61681946C2F890
S2140168E0E810217882F82C11617882F82D1182F84F
S2140168F02F31002010BD0120FCE700BF001E002143
S214016900012A10B512D8032B10D803EB8202084CCB
S2140169100123934094F82E01DBB221B1034384F89E
S2140169202E31002010BD20EA0303F8E70120F9E725
S214016930001E002170B50C68B0F8D4208D6803469F
S214016940013404BFD3F8AC400C604C68013404BF7A
S214016950D3F8B8404C606E1C00F1A40038D1D3F8CF
S214016960B440CE688C60751C38D1D3F8B0500E692F
S214016970CD60013604BFD3F8A4600E614E690136BE
S21401698004BFD3F8A8604E618E69013604BFD3F800
S214016990BC608E618E693EB34132B24238BF324628
S2140169A00E688A61C3F8B4404C68C3E92E420A698E
S2140169B0C3F8A4204A690D49C3F8A820C3E92B658A
S2140169C00B4AD1F8F810072301F0ACF9002070BD8E
S2140169D002F14104AC4238BF2C46C2E702F164051D
S2140169E0B54238BF3546C2E76422D9E7001F002109
S2140169F06C1F002170B516F0EBFD0C4E054600F03D
S214016A001FFA012804D0284616F0E6FD022070BDC4
S214016A10736813F0706FC3F30364F0D1F36BDB0696
S214016A20EDD5284616F0D8FD2046F0E70040084090
S214016A3038B516F0CDFD0B4A13884FF6FF718B4221
S214016A4003D116F0C9FD032038BD074C074DE56597
S214016A5004F100741B04E365118016F0BDFD0020EF
S214016A60F2E700BF36150020006008440000FFFF73
S214016A702DE9F34105460F461446FFF785F980B127
S214016A80DFF81882D8F80C30DE0740F1EA8016F0FD
S214016A909FFD06460320FCF783FD38B1304616F00D
S214016AA09BFD0226304602B0BDE8F081D8F80C30D6
S214016AB013F0060FF2D1304616F08EFD6A4B4FF4F6
S214016AC000612846D3F8E48ED3F8C46EFEF794FE30
S214016AD040B1664B4FF400720121C3F88820084686
S214016AE000F09EFB3946284600F0ECFC5E4BC3F8EE
S214016AF0C46EC3F8E48E06460028D3D12B7CD80694
S214016B0001D4002C66D0C4F34000FEF75DF814F4FF
S214016B10807F14BF564A554A4FF002031BBFC2F886
S214016B208830544AC2F8883000211CBFD160936275
S214016B304D4BD3F8BC7EFEF781F84F4A14F0040F94
S214016B4007EA02034FF480616BD04C489342C1615F
S214016B5006D14B4A92F8D03043F0020382F8D03087
S214016B60424B042214F0400FC3F8882014BF454A54
S214016B70454A40232046C2F88030FEF787FF284664
S214016B801BF0EDFD40B114F0010F14BF384A374A2F
S214016B904FF48073C2F88830A1064CD56B8C4FF643
S214016BA0FF7293420FD0394A3949D26D100CC2F3A5
S214016BB00112088001323749B3FBF2F32F4A3648F7
S214016BC0C8651B04D3652B7C003C18BF012464F305
S214016BD004132B7428461BF064FEF0B128461BF004
S214016BE0BEFDD0B14FF400312846FEF705FE431C2A
S214016BF09BB203221F4801A91CF03FF89DF8042010
S214016C0002F00703052B9DF805301DD1120715D498
S214016C1043F480731A4AC2F8CC3000201BF0DFFB25
S214016C2040E71C489342C1619AD1154A92F8D03088
S214016C3023F0020392E7FFF7FBFEC4E713F0040F0D
S214016C4009D19DF80630E3E703F03002202A05D18A
S214016C5013F0010FF4E74FF48073DBE79DF806307D
S214016C60D8E703261EE700BF0010002100400844B5
S214016C7000400846001008408000004000600846BA
S214016C80001E00210070084600700844006008409D
S214016C9036150020006008440000FFFF0050084041
S214016CA02DE9F3410646884615461F4616F090FC28
S214016CB004460320FCF774FC38B1204616F08CFC21
S214016CC00324204602B0BDE8F0810420FCF768FCEE
S214016CD00028F2D1204616F07FFC2A46414630466F
S214016CE0FFF7C6FE04460028EBD1DFF8BC80002F74
S214016CF038D088F8000039463046FEF7DBFD00281C
S214016D0045D198F80030012B29D0224B2022C3F818
S214016D108820214B9B6CB3F5817F2BD201201BF081
S214016D20C1FB16F055FC1D4B1B68019306464BB183
S214016D300420FCF70BFB0023012201A90420FCF729
S214016D4023FB00B3FCF774FC2B0617D5144B00226B
S214016D501A67FCF7ADFC304616F03EFCB1E7FDF7CE
S214016D6025FFAEE798F80030012BF8D0002BCCD1E8
S214016D700124A6E70B4B80229A60CFE7FCF798FC2C
S214016D80FDF7FEFEE7E7FDF777FF0124E3E704469C
S214016D9097E700BF00400846001F0021EC3700209F
S214016DA000500840004008400750002008B5094B35
S214016DB0D3F8B4305A1C0BD05B0009D40320FEF77D
S214016DC07FFF054B4FF08062C3F894200122DA6002
S214016DD008BD00BF0081E00F00400846054BD3F810
S214016DE0880003F180634FF40022C3F88820C0F3C3
S214016DF0C040704700400840014B024A1A60704785
S214016E00F0370020DD590100024BD86800F0010080
S214016E10704700BF00500840084BDA68D10707D515
S214016E2008B9FCF76DBADB68DA0706D4FCF75ABA7C
S214016E30DB68DB0701D40028F8D170470050084012
S214016E400F4B5B68C3F30363013B0B2B0FD8DFE8E3
S214016E5003F006060C06060606080A0808080220BD
S214016E607047042070470520704703207047054B84
S214016E70DB6813F0060F0CBF01200420704700BF2B
S214016E8000400840005008400A4A5368C3F30363B1
S214016E900B2B08D06FF49050184100F0010080F0E1
S214016EA0010040007047D2F8880010F48030ECD121
S214016EB0704700BF004008400C4A5368C3F30363A1
S214016EC0062B07D8042BD8B20CD8C31E58425841FB
S214016ED040007047072B07D1D2F8440110F000504C
S214016EE0EBD17047022070470020704700400840F1
S214016EF00A4A5368C3F30363032B01D0072B0AD155
S214016F00D2F88C30DB0606D4D2F8900080F0080068
S214016F10C0F3C00070470020704700BF0040084023
S214016F20024B002219681BF09BBC00BF88140400AA
S214016F3010B5FF224FF6FF7104461BF0B5FC68B989
S214016F40FF224FF6FF7120461BF0BFFC30B92046EA
S214016F500349BDE81040FF221BF0C9BC10BD00BFAD
S214016F60A6F9030010B55B0743EA02439DF8082023
S214016F70520543EAC16302F0BC621A43084942F46F
S214016F80C8720446FEF724FC064B1B680BB120466C
S214016F909847002211462046FFF722FA002010BD2E
S214016FA09007E12D0C38002008B51BF07AFC20B1C3
S214016FB0024B586D003818BF012008BD000008407C
S214016FC008B5FFF795FFA8B10B4B5A69110311D508
S214016FD0D3F8882092030DD4D3F8903013F0100F15
S214016FE04FF0100304D1054AC2F89030002008BDC6
S214016FF0034AF9E70220FAE7004008400040084645
S2140170000040084438B5044608B3134A53691B03C5
S2140170101FD5D2F88C50114BC5F38115032DB3F84B
S214017020C8300ED1083B9BB208220D4821461BF002
S21401703024FE094B2572D3F890301B0A6372002098
S21401704038BD022D05D1023B9BB22A46EDE7012051
S214017050F6E70220F4E700BF00400840001E0021CA
S21401706030100840034B1868034B002808BF184629
S214017070704700BF1038002054140400F8B50D46C0
S21401708010B900242046F8BD0E4F3E68002EF8D1F8
S21401709000F062F804460028F3D0386000F0A8F843
S2140170A020461BF0A6FC38B130463E6000F0A0F842
S2140170B020461BF099FCE4E7002DE3D02046A847C4
S2140170C0E0E700BF14380020024B1868003818BFEC
S2140170D00120704714380020024B00215B680846E7
S2140170E0184700BF0C12002010B51BF0AFFB04467A
S2140170F018B9034B01215B689847204610BD00BFB5
S2140171000C12002010B5FFF7CBFD044618B9034B4F
S21401711001215B689847204610BD00BF0C12002075
S21401712010B51BF088F8044620B9034B01215B68B3
S21401713008469847204610BD0C120020431E033314
S21401714006D8044B984228BF1846642838BF6420E6
S214017150704700BF40420F00F8B5054616F038FAF2
S2140171600F4B1E68074626B9384616F035FA3446E0
S21401717011E0B4688CB194F810C01CF0010F0CD16A
S21401718095E80F004CF0010C84E80F0084F810C05D
S214017190384616F021FA2046F8BD3668E3E700BF08
S2140171A03C12002038B505460C4641B10B6833B198
S2140171B01B68013303D0CB680BB18B684BB91BF04E
S2140171C00BF9BDE838404FF492724121002000F0DF
S2140171D0B1B90846FBF79EFC0023044A85F8DC306B
S2140171E0C5E92343C2E9003338BD00BF8817002034
S2140171F010B5044618B9054B054A136010BDFEF7D5
S21401720021FDD4F89830002BF6D1F4E7D1290300FC
S21401721038120020014B1868704700BF88170020FD
S21401722010B50C46FEF74CFD054B00215B680320AC
S21401723098471CB1FFF704FE0128FBD110BD00BF23
S2140172400C12002008B502460868FFF777FF0860B1
S2140172504868FFF773FF48608868FFF76FFF88602C
S214017260C868FFF76BFF0B69C860581C03D00B4852
S214017270834228BF03460B614B69581C03D007485D
S214017280834228BF034688694B61FFF757FFBDE875
S214017290084088611046FFF74DBB00BF40420F0013
S2140172A02DE9F84FD0F8903006460F4613B1038B00
S2140172B08B4244D0D6F88CB0BBF1000F42D0DBF83D
S2140172C00830002B3ED0DBF80C1000293AD0D6F857
S2140172D0A0A0BAF1000F38D04FF000094D46C846BD
S2140172E001E0DBF8083005EBC50203EB820401354B
S2140172F0E389BB4214D8238ABB42304610D3B4F983
S2140173001220B6F924309342A04653DD96F8D010E9
S214017310EDF7A8FE337D834281464BD9DBF80C108E
S2140173208D42DED3B8F1000F3ED000234246194607
S2140173303046D0473783C6F8908086F8D99000202B
S214017340BDE8F88F0320BDE8F88FD1465446524673
S21401735047F6FF7504EBC40803EB8808B8F80E304F
S214017360BB421BD8B8F81030BB4217D3B8F912206D
S214017370AA4207D14FF0FF093783C6F8908086F8F6
S214017380D990DCE796F8D0103046EDF76BFE337DEA
S214017390834281464246EFD9DBF80C100134A14204
S2140173A004D9DBF80830D5E70120C9E7002AFBD06D
S2140173B09046E1E7A046B8E72DE9F04782B00446DB
S2140173C089461646FFF70AFD3B4D08B100236B6060
S2140173D02B68D4F88CA0D4F890700BB153454BD0E1
S2140173E04FF00008C5F80890FFF72AFD012836D1AE
S2140173F02B68DAF800103A6813B11868884246D04C
S21401740020461BF0FFF9C5E900A7D4F8A0508DF877
S2140174100760002D42D000220DF1070311462046D9
S214017420A8472046FEF748FF0546B8F1000F00D0F2
S2140174308EB1B5FA85F040F2DE324009332100F014
S21401744079F831462046FFF733F91C4B05461B6891
S214017450394620469847284602B0BDE8F087012005
S214017460FEF72EFC164B00215B6803209847FFF7BA
S214017470E7FC0128FBD1BBE76B68002BB0D0BB4211
S214017480AED1AB68994514D04FF00108AAE76968F8
S21401749011B109689142B6D05968B1E7217D94F8D7
S2140174A0D930994228BF194632462046FEF7D8FE03
S2140174B0B7E70025CFE700BF881700203812002065
S2140174C00C120020F8B505460E4616F081F8314636
S2140174D007462846FFF7E4FE044620B1384616F074
S2140174E07BF82046F8BDFFF761FC22463146284668
S2140174F0FFF762FF0446384616F06EF82046F8BDE0
S21401750007B54FF400730A49ADF806300DF10602CF
S2140175101BF048FBBDF80630B3F5007F05D1022805
S21401752008BF002003B05DF804FB0120FAE700BFA6
S2140175301838002008B550B90548064B01601A6096
S214017540054B1A68054B1A60186801F01BFE08BD4A
S214017550401200201C3A002014380020183A00205F
S2140175600D4BD3F8E020D20314D50C494FF48032EA
S214017570C3F8E820C1F8EC209A6BD1B2C2F3072217
S21401758099679A6704229A6700229A679A679A67A8
S2140175909A679A67704700BF0010084000100846B7
S2140175A0F8B50C4C0D461746064616F011F80123A1
S2140175B0A362042327606660A560C4F8E830064B22
S2140175C04FF48072C3F8802116F006F80DB102233D
S2140175D0A362F8BD0010084000E100E0054B18600A
S2140175E0054B01229A6540F6FF72196358635A6586
S2140175F0704700BF243A0020001008402DE9F04FE4
S214017600042A83B0054639D90B7883614B788361A8
S2140176108B788361CB7883610068D5F808B06E6893
S21401762000F007000123063003FA00F808F1FF39DD
S21401763009EA0B07A2F1040AA8EB0702924501F139
S214017640040446F000560DD8F019214652461EF0A5
S21401765021F90AEB0B0248EA09031A40AA6003B0B3
S214017660BDE8F08F2146F01901921EF013F9019A38
S214017670A118AAEB080230463A44E8E7013A032A81
S214017680EDD8DFE802F00B08050211F8013B836133
S21401769011F8013BAB6111F8013BAB610B78AB61B3
S2140176A003B0BDE8F08F00BF38B50C46104B154649
S2140176B0014668B10122C3F8B8200E482246FFF7FA
S2140176C09DFF1DB10A4B0422C3F8B820002038BD27
S2140176D064B1D3F89C20A24284BF0122C3F8B8202B
S2140176E0C3F898400222C3F8B820EAE70122FAE775
S2140176F0001008409010084010B515F069FF184BAF
S214017700184901229A65C3F888201A66164A5A66ED
S2140177100722C3F884200A80144900220A804FF405
S214017720A021C3F8E81003F1C0630446C3F8EC10C7
S2140177300F4B1A600F4BD3F888305B020AD50E4BFD
S21401774018680E4B4FF48002C3F88820416BA430B2
S214017750FCF72AFC2046BDE8104015F03DBF00BFEF
S2140177600010084034430020E01800203243002077
S214017770203A002000400840143800200040084409
S2140177800D4B07221A800D4B00221A800C4B01214B
S214017790C3F8B810C3F890204FF40052C3F8940011
S2140177A0C3F8B420074BF0221A6403F10073A02239
S2140177B01A64FFF7A1BF00BF344300203243002004
S2140177C000100840000008442DE9F041044688B145
S2140177D0394E3A4F15F0FCFE3388394A03F07801EA
S2140177E0032C054603F07F0C114453D13C6824B9A1
S2140177F015F0F2FE0320BDE8F08124F0010438689C
S21401780020F00100A0424AD100223A6022886FEAA5
S21401781042426FEA52428C42228036D1294CDFF82E
S214017820B8C02788ACF180083A46083A92B201F10E
S2140178300800604528BF4046082A04D9B0F900E090
S214017840BEF1000F36DB22803B440C8888781E4947
S2140178509B1ADBB2C4F30C04CC6300F00700338040
S214017860CB66C1F88420FFF77BFE04280DD1174BA9
S214017870D3F88830164B1868164B4FF48002C3F8BD
S2140178808820416BA430FCF78FFB284615F0A4FE38
S2140178900020B0E7601E012898BF0C46AFE70948F4
S2140178A062440088A21A48BF803208389042ADDC94
S2140178B028469DE70146B8E732430020203A0020DB
S2140178C0E018002034430020001008400040084023
S2140178D01438002000400844601900200E490F4B60
S2140178E00A881B880E481344073B03F078030344B9
S2140178F00832987892B20A8000F0070009490428F5
S214017900C1F8842004D101F540514A681203FCD421
S214017910054A1360704700BF3443002032430020FD
S214017920E018002000100840203A002010B5054C51
S214017930206828B1C30701D4FFF746FF0023236060
S21401794010BD00BF203A0020084B4FF48032C3F828
S214017950EC2003F17C43C3F8E420D3F88030C3F372
S2140179600C03782B01D8FFF7FBBD704700100844C5
S2140179702DE9F84304460E4615F02AFE504B514DAC
S2140179801A882D888146504802F07801032C02F0AF
S2140179907F03014417D14D4C24688CB92A44073A19
S2140179A002F0780284180344E31A48BF8033AB42DE
S2140179B010DB484615F010FE00242046BDE8F8838B
S2140179C024F00104EFE7012C02D0022CEBD1083D94
S2140179D00C46E8E7002E41D08C423D4942D1D1F811
S2140179E03C800A6B02F00702063201279740D1F865
S2140179F08020C2F30C029A4247DDB4F90030258894
S214017A00002BD6DBA378C5F30C0503F007037A1E1B
S214017A10A5EB08053A43052B337005EA02052CD879
S214017A202DB2E84340F236420421C00FFFF782FD33
S214017A307580E378274A337412687B1E03EA0803CD
S214017A40D118B160A9B213FA85F5BD4289BFFF1AF4
S214017A500023B780F2609CBFB180F360484615F002
S214017A60BBFDAAE7A4F10802824238BF04F17802FE
S214017A70B2F80080C8F30C08B3E7174BDB6C003B89
S214017A8018BF0123A5EBC305CAE78B6B7A1EA3EBD0
S214017A9008033A431A40114B15B25B686AB9C3F33F
S214017AA00363D91E4B424B41DB0033700B4B728094
S214017AB0D3F89030C3F30723BCE70823F5E700BFEC
S214017AC03243002034430020E0180020203A0020F2
S214017AD000100840243A00200000084000400840FA
S214017AE010B515F075FD084B1B6804463BB1984769
S214017AF028B1002200204FF48061FCF72BFE2046BF
S214017B00BDE8104015F068BD283A00202DE9F74F72
S214017B10DFF8ECB08146DBF800A00F46FBF756FD18
S214017B204FF0FF35CDE9000100202C46064606F150
S214017B3010031B015BF8033003F00308B8F1010FD3
S214017B4015D13046FBF75AFD02460B46DDE900012A
S214017B50FBF7EAFBDBF85C3006F10802D340DB07F3
S214017B6037D5002F3ED000253E602C4640460136D4
S214017B70052EDCD150B3224F396B0131A4FB0141F4
S214017B8064190AF4403341F10001B3F5003F4FF0A8
S214017B9000022FD1FB6A0AF4405A013342F1000673
S214017BA0BAF5805F21D1BD6A15F5807542F10002F4
S214017BB06E4303FB0266A5FB03323244594304FBC2
S214017BC00212A3FB04341444C9E9003403B0BDE82F
S214017BD0F08FA84271EB0403C8D207B13E60054698
S214017BE00C46C3E73D463C46C0E7320242EA136212
S214017BF01B02E3E7BB6A13F5807342F10002DDE77F
S214017C000050084040B10368012B05D90069034BB9
S214017C10002808BF18467047004870478C140400B7
S214017C2038B5054614480C46FBF76CFD2DB1C3016B
S214017C3003EB5503B3FBF5F32360104A5368D802F0
S214017C4017D40F4B1B68D2F8A810C3F3810311F4A5
S214017C50806203F10103C9B218BFDA00FF2906D01A
S214017C600649D1F8AC10490501D502EBC3026260A2
S214017C7038BD0022FBE700BF40420F00000008406D
S214017C8000200840084B1A68C117A2FB000310F138
S214017C90807002FB013343F10003400E40EAC3103B
S214017CA0803820EAE0707047303A0020174B0722F0
S214017CB070B5C3F88420FBF7D7FF154B154A164E4F
S214017CC0C408010B0546E005C01841F10001002378
S214017CD013F0BEFF114B18604EF66020FFF7D2FF7F
S214017CE04042C6F89C000E48FBF70CFD024658B110
S214017CF0E301500818184FEA15714FF0000341F1DF
S214017D00000113F0A5FF706770BD00BF004008407A
S214017D10B2E60E0065CD1D00001F0021303A00209E
S214017D2040420F002DE9F843054608469846FFF7FE
S214017D3069FF16460746002D00F0A98018F0050FCA
S214017D405DD02C69002C00F0A480FBF7DBF84FF423
S214017D507A735C43201A7B68A0F6AC50C01AFFF712
S214017D6091FFAC8B3062002C00F09680FBF7CAF8CE
S214017D704FF47A735C43201A7B68A0F6AC50C01AA5
S214017D80FFF780FF70614A4BEC68D3F80090002C37
S214017D9000F08580FBF7B6F84FF47A735C43241A3B
S214017DA07B68A4F6AC54E41A3B68E41A414B1A68A3
S214017DB0E117A2FB044314F1807402FB013343F183
S214017DC00003640E44EAC314803C3B4BB4613B4C55
S214017DD0D3F88430F36123684BB148461AF061FD4D
S214017DE028B12368D9F84800324639469847AC6925
S214017DF0FBF788F8014620461AF068FFF06218F093
S214017E00020F29D06B684FF47A7058435BB13B6818
S214017E1003F51C5310331844AB7F002B46F2A8130E
S214017E2008BF00231844FFF72DFF6B69B062002BD3
S214017E3038D078684FF47A7202FB0300AB7FA0F566
S214017E400350002BA0F1100046F2A81308BF002330
S214017E50C01AFFF717FF706218F0040F17D0A86852
S214017E6018B34FF47A735843A0F503501038FFF750
S214017E7009FFF0602B684FF47A70584323B13B68D2
S214017E8003F51C5310331844FFF7FCFE3061BDE8C0
S214017E90F8834CF2503062E74CF2503070E74CF207
S214017EA0503483E747F23050D3E747F23050DEE7ED
S214017EB014380020303A0020001F00212C3A002000
S214017EC010B508461C461AF0DEFA094B0246D3F8EE
S214017ED0F800FFF797FE0368A018002B054AA8BF15
S214017EE04FF4FA721A44044B92FBF3F2104410BD9D
S214017EF0001F00210CFEFFFF18FCFFFF38B50446EB
S214017F000D4615F070FB064A13889BB22DB123432C
S214017F101380BDE8384015F06CBB23EA0403F7E78D
S214017F2038430020034B002201214FF480701A7061
S214017F30FFF7E4BF1150002008B5054B18681AF08A
S214017F4027FD00F00300C31E5842584108BD00BF7C
S214017F504C3A0020F0B585B00023CDE901330393F8
S214017F60124B134D134E1B788DF8043015F03BFB66
S214017F702A783378104F9A4204460CD03178386804
S214017F80297001AAFFF7CCF850B10C4840F6F3115E
S214017F90EFF7B8F904E038681AF0FAFC0128EDD0DA
S214017FA0204615F026FB05B0F0BD00BFB515002034
S214017FB0B2150020B31500204C3A002062170400C9
S214017FC038B5044615F06EF80C4B054619789878C6
S214017FD081420FD0631E082B0CD8DFE803F0050D95
S214017FE00B0D0B0D0D0D0D0000220146044B1868FC
S214017FF01AF0CCFC284638BD0022F7E7B51500205C
S2140180004C3A0020F8B52B4B1B7823B12A4840F692
S214018010E531EFF777F915F0E6FA284B1C8814F0EE
S2140180200604064609D001214FF48070FFF766FF6B
S2140180303046BDE8F84015F0DCBA21464FF48070B2
S214018040FFF75CFF204602F033F802280AD18022AF
S2140180501B4B802118681AF0ECF816F018FEFFF793
S21401806079FFE5E7204602F023F8054638B10128F6
S21401807007D0114840F62741EFF744F9D8E7024602
S214018080E6E70F4F3868FFF727F838681AF080FCE4
S21401809001280CD038682A4629461AF07BFC21466E
S2140180A02C20FFF78DFF21460A20FFF789FF16F0E7
S2140180B0EFFDBDE711500020621704003843002091
S2140180C04C3A002038B54FF0FF300C461DF0C6FE86
S2140180D00A4B054618681DF0C1FE641B241A20B21F
S2140180E010F1630F06DB10F1240F05DA643080000F
S2140180F0C0B238BD0020FCE7FF20FAE74C3A00206A
S21401810010B50E4C236823B90D4840F69641EFF79B
S214018110F9F8206801301AF06BFE00F0070003281A
S2140181200AD1246809220121204601F0D5F8205CF5
S214018130031F5842584110BD0020FCE73C3A00207E
S2140181406217040008B5134B1B78062B04D012489F
S21401815040F62701EFF7D6F8104B1B881B0704D40F
S2140181600D4840F62801EFF7CDF80D4B2A20197877
S214018170FFF726FF00210820FFF7C0FE094B022269
S2140181801A70094B1868FEF7A7FFBDE8084017F0FC
S2140181908DBA00BF1150002062170400384300203A
S2140181A00E500020B01500204C3A00200148002156
S2140181B002F02ABE881200207F2837B5044612D165
S2140181C019494FF6FF730246ADF8063009880223B7
S2140181D00DF1060016F083FDBDF80640E20554BF1A
S2140181E064B26FF04A0415F0FEF9104B1C70104B88
S2140181F01B88DB07054610D50E4B1B78002B0E4B54
S2140182000CBF21466FF07F0118681AF033F820B1D1
S2140182100A4840F67F61EFF775F8284603B0BDE8D7
S214018220304015F0E6B900BFDCC40300AA150020F3
S21401823038430020125000204C3A002062170400F8
S21401824008B50A4B1B88DB0604D4094840F64A01E8
S214018250EFF758F800211020FFF750FE002001F03C
S21401826089FEBDE8084017F021BA00BF3843002058
S21401827062170400F7B5124CD4E9006586EA020CD1
S21401828085EA03070CEA000C0F405CEA070E15D0DE
S21401829086EA0C067D40C4E90065CDE900230B465D
S2140182A00849024608681AF030FC38B106484FF40F
S2140182B0FD7103B0BDE8F040EFF724B803B0F0BDA0
S2140182C0601900204C3A00206217040010B515F022
S2140182D066FD60B115F065FD0B4A80B141F20D03F4
S2140182E0BDE81040084841F20D01FFF7C3BF074B38
S2140182F01A789B789A4204D100220023F0E70D23D6
S214018300EEE7034AF9E700BF400D0300B51500206C
S214018310488D010038B5294B1B889B07044647D575
S214018320274B0022186801211AF05FFC012C254B0F
S2140183302DD1197859B30139C9B2197011B9202054
S214018340FFF7DCFD00210220FFF7D8FD1E4B1F487A
S214018350042200211A7002F057FD1D4C20680130DE
S2140183601AF046FD00F44060B0F5006F23D1246892
S21401837001210422204600F0AFFF20441AF038FD08
S2140183800146BDE838400022202018F0E5BB114D1B
S214018390002102201970FFF7B1FD2B78FF2B04D0C6
S2140183A00D484FF4D361EEF7ADFF2C7017F07EF950
S2140183B0012CD2D038BD4FF6FF71E2E738430020DA
S2140183C04C3A002010500020115000206812002066
S2140183D03C3A0020B11500206217040038B5124C53
S2140183E023880546580709D5FFF7A6FD014607204D
S2140183F0FFF7E6FD00210420FFF780FD238899079B
S2140184000AD50A4B19788A1F514251412846FFF76F
S214018410D7FD0120FFF77EFF23881B0703D5BDE8A4
S2140184203840FFF78FBE38BD38430020115000207A
S2140184302DE9F04F570691B0804614461D4605D5E6
S214018440FFF77AFD01460120FFF7BAFDEE0403D5DA
S21401845000212D20FFF7B4FDA00223D540461AF0D7
S2140184609DFB0146F0B94020FFF748FD0AA94046AA
S21401847019F095FFB0B99DF83030022B6DD1BDF8DB
S21401848028000FF023FEFF2808D1404619F085FF8B
S21401849040B901214020FFF731FD03E00FF04EFE09
S2140184A00028F2D1A10305D5FFF746FD01460320BA
S2140184B0FFF786FDE20104F0807354D5AD4B1B88AF
S2140184C09F072FD5AC4E306819F00AFF50BBAB4B57
S2140184D0AB4F18703B78FF2B04D0AA4840F23E61A0
S2140184E0EEF710FF002102204FF00009FFF706FD0E
S2140184F087F80090A44F3B78062B07D1012108206E
S214018500FFF7FCFC49462820FFF75AFD3B78052B70
S21401851006D100212B20FFF753FD3068FEF7DCFD66
S21401852017F0C4F8260740F1C180934F05AA3868B2
S21401853003211AF039FB064620B992484FF4D96157
S214018540EEF7E0FE9DF81430072B49D0FFF7F4FC58
S21401855001460420FFF734FDA8E0032BA2D10AA8A8
S2140185601CF0CFFB9CE705F0020213430BD0864BB1
S21401857019788E1F714271412620FFF721FD0120D7
S214018580FFF7C8FECEE704F080531A4309D07E4BAE
S2140185901978881F414241412620FFF711FD02202C
S2140185A0EEE704F088410B4306D0774B19788A1F13
S2140185B0514251412720F0E705F008030B4302D052
S2140185C02320FFF7FDFC6B0703D500212420FFF7CE
S2140185D0F7FCEF07A6D500212520FFF7F1FCA1E760
S2140185E038680AAA31461AF0E7FA20B1654840F21F
S2140185F0CF61EEF787FEBDF81610386802310AAA79
S21401860089B21AF0DBFA20B15E4840F2DE61EEF77D
S21401861079FE002300933868042304AA31461AF031
S214018620F1FA042804D0574840F2E461EEF76AFEF6
S214018630DFF8609199F80030002B40F0AD800DF125
S21401864011001AF0D5FB00F00700022840F0A480C4
S214018650FFF772FC01460920FFF7B2FC4A4B1B7874
S214018660062B23D1494B9DF813201B789A421DD126
S2140186709DF8353023B9434840F2FA61EEF742FEE1
S2140186800DF111001AF0B4FBC0F300163146292093
S214018690FFF796FC00210820FFF730FC3C4B1E70CC
S2140186A0FFF72EFD10B93868FEF716FDE20505D571
S2140186B0FFF742FC01460420FFF782FC14F4863FD4
S2140186C005D0FFF739FC01460220FFF779FCA3012C
S2140186D011D5FFF731FC01460820FFF771FC002198
S2140186E00420FFF70BFC284B1B78012B03D1224BF0
S2140186F01868FEF7F1FC14F0084F09D0FFF71CFCD0
S21401870001460720FFF75CFC00210420FFF7F6FB7B
S214018710A70009D5FFF710FC01460620FFF750FC1D
S21401872000210420FFF7EAFBA60705D5114B1B889D
S2140187301C0701D5FFF706FD680603D500210A20B0
S214018740FFF73EFC290602D501201AF0EAFAEA05EF
S21401875040F1C18040461AF017F9052800F2B180B1
S2140187600138042800F2B780DFE800F0B2C2B2B2E6
S214018770B20000BF384300204C3A002010500020C1
S214018780B115002062170400115000200C50002083
S214018790B015002014500020BDF816000830012145
S2140187A080B202F0C5F9039000283FF4CFAE02F084
S2140187B0F9F80799BDF8182006461DF06BF80899D8
S2140187C041B1BDF81800BDF81620121A92B2304415
S2140187D01DF060F899F800A0BAF1000F20D106F15B
S2140187E0010B58461AF004FB800659D538681AF072
S2140187F0D5F90746FFF7A0FB05370146F8B2FFF7A4
S214018800DFFB58461AF0F4FA00F0070003283E4F43
S2140188102DD001210420FFF771FB19F0A2FD38606D
S21401882000223A49BDF816300978F154F7189DF838
S2140188303630BB709DF83730FB700A9BFB71190E02
S2140188403971190C7971190A99F80030B97123B97F
S21401885073789AB343F020037370002001F0B8FDDB
S2140188607870039802F0C0F916F020FF1EE7012188
S2140188700922304600F030FD305C04284FF001013B
S214018880C8D1FFF73BFB19F06CFD214B38601B8804
S2140188905906C5D551464020FFF730FB0122C0E7F7
S2140188A0FFF74AFB01460920FFF78AFB194B1B78A5
S2140188B0012BB5D13868FEF70FFCB1E723F0200392
S2140188C0CAE7342804D00FD8142801D0242811D19F
S2140188D02620FFF783FDAB0512D50121802011B0BC
S2140188E0BDE8F04FFFF70ABB00F0EF004428EEE7C3
S2140188F02720EEE7084840F6E601EEF703FDEAE733
S21401890011B0BDE8F08F00BF383A0020B215002044
S214018910384300201150002062170400F8B5164EA7
S21401892033780D4602F0010423B1144840F2B63103
S214018930EEF7E8FC124B134F1D60134DA4B1134B19
S214018940997801B101212020FFF7D8FA2B783B70E6
S2140189500F4B1C780F4B10481C7004233370BDE876
S214018960F840002102F050BA21462020FFF7C6FA4F
S2140189702B783B70EEE700BF115000206217040011
S2140189803C3A00200E500020B4150020403A00204A
S2140189900F50002010500020881200202DE9F843C7
S2140189A0DFF8A481634C14F01EFEB8F8003013F40F
S2140189B0807F054603D0237873BBFFF723FB002196
S2140189C00846FFF7FDFA5C4B1A78FF2A13D01A788F
S2140189D002F0FF0632BBFF221A702378052B0AD15C
S2140189E000232846237014F004FE30461AF08CF952
S2140189F014F0F9FD05462378504E062B09D133783D
S214018A00FF2B06D03378022B15D14D48002102F0FA
S214018A10FBF9FF2333702BE000214FF48070FFF742
S214018A206DFACCE71A78012A4FF0FF021A7014BFCC
S214018A3033264C26D4E7337813B13378012B22D171
S214018A40FFF75EFB96F8009007463D4802F078FA7D
S214018A50FF235FFA89F9337077B1B9F1010F44D179
S214018A60374884F80090642102F0CEF9FFF772FAD5
S214018A70284614F0BEFD06E02846277014F0B9FD1E
S214018A8038461AF041F9B8F800301B0605D5002122
S214018A908020FFF733FA16F00FFE02F0B7F8294EE2
S214018AA0308000B32778012F42D101F07BFF0546C5
S214018AB010B301301AF09CF900F44060B0F5006F75
S214018AC01AD104223946284600F006FC28441AF03A
S214018AD08FF94FF6FF7398420ED13188002001F0CE
S214018AE09BF900233380BDE8F883002328462370D2
S214018AF014F07FFD3F20C4E7114802F021FA00215F
S214018B000846217001F03AF9012523780BB9FFF7E1
S214018B1079FA3188002001F07FF900233380002D97
S214018B20E1D020780028DED1BDE8F8431AF0C1BABA
S214018B300025EAE711500020B1150020B0150020ED
S214018B4088120020364300203843002008B513461B
S214018B500A461946064B186819F013FC30B1BDE8F1
S214018B60084004484FF49C61EEF7CCBB08BD00BF3B
S214018B704C3A00206217040008B513460A46194607
S214018B80064B186819F0F7FB30B1BDE808400448F9
S214018B9040F2E741EEF7B6BB08BD00BF4C3A0020F5
S214018BA062170400024B1878B0FA80F0400970474B
S214018BB011500020024B1878431E58425841704706
S214018BC01150002008B5064B1B7823B105484FF419
S214018BD0A261EEF797FBFFF715FA002008BD00BF6C
S214018BE0115000206217040008B5064B01EB810105
S214018BF01868490019F055FB002814BF21200020F1
S214018C0008BD00BF4C3A002008B5044B1868F9F7B8
S214018C1031FD0A2390FBF3F040B208BD4C3A002028
S214018C20014B1878704700BFB315002008B5044BF8
S214018C30186819F0F2FEB0FA80F0400908BD00BFCE
S214018C404C3A002038B5124D2B78012B0C4604D92E
S214018C50104840F23151EEF755FB21460020FFF750
S214018C60E5FF90B10C4B1C702B785BB9FFF7CAF986
S214018C700A4B93F900100A4BC901186819F047FF0F
S214018C80002038BDFFF766F9F2E72120F9E700BFBB
S214018C901150002062170400B31500201350002065
S214018CA04C3A002008B5054B0121186819F08DFED5
S214018CB00028B8BF033040F3870008BD4C3A0020B7
S214018CC008B5074B186819F0A2FE30B1054BB3FB87
S214018CD0F0F083B20BB1184608BD0120FCE700BFD7
S214018CE04C3A002040420F0008B5074B186819F0AF
S214018CF092FE30B1054BB3FBF0F083B20BB11846D0
S214018D0008BD0120FCE700BF4C3A002040420F009E
S214018D102DE9F347534F012015F0BBFF3B88990718
S214018D2004D4514840F63541EEF7ECFADFF85C81A1
S214018D3098F80030053B012B04D94B4840F63741E3
S214018D40EEF7E0FA494E336823B9474840F63A4110
S214018D50EEF7D8FA3C8814F020045CD001212220DA
S214018D60FFF72EF94FF47A74FFF7BEFF33681B78CE
S214018D700933434304EBC30498F80030062BA5B22D
S214018D800BD1FFF79DFF0446FFF7AEFF6023584364
S214018D900C2303FB0400284485B2D6F80090344B1C
S214018DA099F800801C78334E08F1FF381FFA88F8CE
S214018DB0002C3FD13B885A0532D57378DFF8C8A01E
S214018DC026468AF80030CAF8085014F0EEFF30B193
S214018DD014F0E9FF012814BF102308231E43264D73
S214018DE0802349462868424619F0DAFE234B197853
S214018DF0234B19703B889B061FD5CDF800A0214B4D
S214018E0028683246FEF77EF910BB002002B0BDE8A6
S214018E10F04715F03EBF21462220FFF7D1F8A3E721
S214018E2009F1010019F0E4FF10F020047378C5D0B1
S214018E300124C3E773780024C0E7134B2868324641
S214018E40FEF752F9014618B92520FFF7B9F8DCE715
S214018E5021462620FFF7B4F8034840F6DD31EEF749
S214018E6051FAD2E738430020621704003C3A00204A
S214018E7014500020B51500204C3A0020B3150020F0
S214018E80B2150020403A00204C120020115000205C
S214018E9008B5174B1B889B0704D4164840F6AD61EE
S214018EA0EEF730FA144B1B78053B012B04D9114819
S214018EB040F6AE61EEF726FA104B1B6823B90D4853
S214018EC04FF46B61EEF71EFA0D4B0E49002221207E
S214018ED01A70FFF775F818B9BDE80840FFF718BF14
S214018EE0022803D1BDE80840FFF714BA08BD00BF49
S214018EF03843002062170400115000203C3A00203D
S214018F000B500020A1900100F8B5594C23889A0710
S214018F1004D5584840F2DF21EEF7F4F9564802F03E
S214018F200FF814F060FB23885B0705460BD519F094
S214018F3018FA524B1B68C01AB0F5717F03D900218D
S214018F400420FEF7DBFF28464D4D14F052FB2B782C
S214018F50042B32D114F047FB23885F07064608D559
S214018F604548002101F050FF3046BDE8F84014F0B6
S214018F7040BB14F03EFB14F036FB424B424F1B78CD
S214018F80064613B9238859050FD50523012102206A
S214018F902B70FEF7B3FFFFF77BFF304614F029FB7B
S214018FA03B68DA78394B1A70F8BD3868013019F029
S214018FB01FFF8206E9D50623E8E7062B4DD1344B81
S214018FC01B78FF2BF0D1334E14F0F1FE3378002BD3
S214018FD03DD014F008FB23885B07054605D52648D7
S214018FE0002101F011FF2846BFE714F002FB337899
S214018FF0013B337014F0F7FA012104460220FEF714
S2140190007DFFFFF745FF20461F4C14F0F2FA20685B
S214019010013019F0EDFE00F44060B0F5006F13D199
S214019020246801210422204600F056F9204419F054
S214019030DFFE0146184B1A783378D21AD2B2BDE851
S214019040F840042017F088BD4FF6FF71F2E72B7049
S2140190504020BDE8F84019F057BE012BA4D10023EB
S2140190602B700E4B1868FEF737F83F20F1E700BF6C
S214019070384300206217040088120020383A002086
S21401908011500020145000203C3A00200C500020C3
S214019090B01500200E500020B41500204C3A0020D8
S2140190A008B50A4B1A7882B9012210281A7004D022
S2140190B0074840F6A461EEF725F900212020FEF7C7
S2140190C01DFFBDE80840FFF723BE08BD0B5000207A
S2140190D06217040038B510200C460121FEF70EFF7A
S2140190E0064B1D68FFF7ECFD054B00FB04F1012262
S2140190F0284619F053FC002038BD00BF4C3A00202A
S2140191004182010008B5094B1B88DB0604D40848D8
S21401911040F2A751EEF7F6F810200021FEF7EEFE1A
S214019120044B1868BDE8084019F046BC38430020D7
S214019130621704004C3A002010B5064C206819F05E
S214019140F4F8C30704D52068BDE8104019F0EFB85D
S21401915010BD00BF4C3A002008B5094B0122186823
S214019160114619F017FC00212C20FEF729FF0021DB
S2140191700A20FEF725FFBDE8084015F089BD00BFAF
S2140191804C3A00200148EEF7BDB800BF7C1704003A
S214019190014B4008185C7047AC15002008B5134613
S2140191A00A461946064B186819F0F1F830B1BDE8C1
S2140191B00840044840F6DB41EEF7A4B808BD00BFFE
S2140191C04C3A00206217040008B5044B186819F0E1
S2140191D0DFFB013818BF012008BD00BF4C3A002054
S2140191E0054B10B54C0022460146186819F032F8B6
S2140191F0031B5842584110BD4C3A002070B5054635
S21401920014F0F1F90E4B0F4E1B883570DA07044641
S21401921008D50D4B0D4D1B78012B08D90121286867
S21401922019F0BAFC2046BDE8704014F0E2B91BB153
S21401923014F0B3FDC305F1D4317881F00101EEE7F6
S21401924038430020AB150020125000204C3A002075
S2140192500C4B1B88DB0710B5044611D5FFF736F813
S214019260094B84F001021868D200082118F0E1FFCA
S21401927030B1BDE81040054840F63C71EEF742B803
S21401928010BD00BF384300204C3A0020621704008E
S21401929008B5044B0146186819F084F8003818BF61
S2140192A0012008BD4C3A002010B50A4C23787BB14A
S2140192B0FFF752FF00210420FEF720FE00210220C6
S2140192C0FEF71CFE00232370BDE81040FEF79ABE91
S2140192D010BD00BF11500020032A134601D919F012
S2140192E02EBD014AD05C70478617040018B1034BA7
S2140192F0196000207047024BFAE700BF503A002081
S214019300543A00202DE9F8431046DFF82481174629
S21401931019F06EFDD8F8003005462BB9424B1B6894
S21401932013B90020BDE8F88315F4406905F040063E
S2140193300FD136BBB5F5804F52D24FF48074D8F8B2
S2140193400030002B56D1384B1B68002BE9D0002289
S21401935062E0F81C19F04CFD4FF6FF73984214BFFB
S2140193600124022486B1052605F44043B3F5004FD7
S21401937044F0080424D0B5F5804F23D244F4807419
S21401938020E04C460326EFE7B5F5804F4FF0050683
S214019390F4D3B9F5406F14BF022008203044384496
S2140193A019F026FD214BB3F85C3005F440458342A5
S2140193B00CBF44F0080444F00404B5F5004F01D195
S2140193C044F08004B9F5006F0ED1B81919F010FDFC
S2140193D0164BB3F85E308342B1D144F01004AEE7C9
S2140193E04C4603260220D9E7B9F5406F08BF44F082
S2140193F02004A4E70022D1B233F8110033F911108A
S2140194000029A0DBA04202F10102F4D1012089E784
S214019410A04202F10102F9D0D1B233F8110033F9BA
S21401942011100029F4DA7CE7503A0020F43A0020C3
S214019430543A00202DE9F04F104685B0164698465E
S21401944019F0D6FC5D4F00F00803B7F85C100293E4
S214019450044600F00709F01C0391B7F85EB019F056
S214019460C7FC06F1050A0546504619F0C1FC03463D
S2140194704FF6FF70854218D00399A1EB050CDCF17D
S214019480000545EB0C056D004FF6FF718B420ED1C2
S21401949045F0040500F0ECF9029B6BB1B9F1000F41
S2140194A011D0422005B0BDE8F08F0125ECE79B45C1
S2140194B008BF45F00805EDE7B9F1030FF1D8DFE87D
S2140194C009F0021B795D00F0D3F908B9A807E8D5C1
S2140194D024F00804A4B2B4F5004F05D0B4F5624FE9
S2140194E002D0B4F5404FDCD1002597F8A8202946D4
S2140194F0002019F0A4FD3CE0D7F88030E3B9002144
S21401950032460846FFF7FEFED8B924F038039BB270
S21401951048F641029342C4D10A2D49D0062DC0D146
S21401952097F87730023B012BBBD8FFF743FB0028A7
S214019530B7D140F6040505E0414630469847002875
S214019540DDD00825E20648BF45F08005A30648BFE2
S21401955045F4805505F00C03042BC6D1F01D19F017
S21401956047FC97F8A830009332462B46414619F03F
S2140195703BFD08B30E9B1880002093E7A90705D191
S214019580B7F85C204FF6FF739A428AD104F4406321
S214019590B3F5006F0AD0B3F5406F82D108490822AF
S2140195A050461CF013FA00287FF47BAF0C25C9E760
S2140195B00425C7E7432075E7192073E7F43A00202E
S2140195C0543B0020074A084900231360074A1360EA
S2140195D0074A1360074A1160074A01211170074ABA
S2140195E013607047643A002099300300603A002007
S2140195F05C3A0020A8120020B81500206C3A002022
S2140196000E2A70B50C4606461546194603D9FFF7CD
S214019610D9FF502070BD012807D10020FFF7E4FADA
S214019620F8B1FFF7CFFF2120F4E7284B4FF4FE42B5
S2140196301A80274B7F221A70264B80221A70264BDF
S21401964000211980254B1960254B1B684BB134202E
S21401965001F06EFA234B188018B9FFF7B3FF01200B
S214019660D8E724F0FF6323F4FF231BB1FFF7AAFF1B
S2140196704F20CFE77CB92046FFF7D2FA10F0800FD3
S21401968043B24FF001041BBF00F01F039C409C40F7
S21401969044F078440325144B14491E70144B1D7076
S2140196A0144B24F078441C60134B00201870134BA5
S2140196B01A6800F0E3FA18B1FFF784FF0420A9E75F
S2140196C00F4B9DF810201A70A4E700BF3C43002002
S2140196D016500020155000203A430020683A00201A
S2140196E05C3A00203E4300201B500020ED9A01000A
S2140196F0195000206C3A00201A500020643A0020CD
S214019700175000207FB5244B24481A782449007846
S214019710012303FA02F21A4400250A60ADF80E503E
S21401972020B3984236D11F4C1F4B20781B681F4E22
S2140197300DF10E019847BDF80E20307092B11C4B0A
S2140197400093019502232946284600F0D1FA327883
S214019750237822B1012A06BF0133DBB21B23237013
S21401976004B070BD013818BF0120F0E778235A43D2
S214019770013A0A600F49082200F086FC0B49094AA3
S2140197800978137821B1012906BF0133DBB21B2307
S2140197901370E5E71846E3E7195000201B50002038
S2140197A0703A00201A500020A8120020B815002098
S2140197B0299B0100B997010010B5244B244C187859
S2140197C0002834D1FFF76EFA224A1368013313607A
S2140197D0214A92F900108142B8BF10701F4A92F9CF
S2140197E000108142C8BF1070012B1D490DD1000227
S2140197F0088023680BBB1B4819F089FE014620BB75
S214019800BDE81040174801F0FFBAB1F90020A2EBFD
S214019810221303EB00131BB20B801349A0EB232387
S214019820A0EB22200A8813FB00230B80E1E72368C4
S214019830002BE0D04FF4707200E008220B490020A4
S21401984000F022FC2368013B236010BD1B50002062
S214019850703A0020683A002015500020165000206B
S2140198603C430020AC1200203A430020B997010087
S214019870054B1B682BB9054B1868003818BF01202B
S21401988070470120704700BF603A00205C3A002014
S21401989037B505461C46FFF7EBFF68B974B1084BB0
S2140198A01A60084B1C60012300930A4603232946CD
S2140198B0FFF7A6FE03B030BD4D20FBE72520F9E7F4
S2140198C0583A0020603A002013B50446FFF7D0FF4F
S2140198D058B962B1074B1A60012300930A46032365
S2140198E02146FFF78DFE02B010BD4D20FBE7252077
S2140198F0F9E700BF5C3A00202DE9F0410446DDE9B6
S21401990006869DF820701D46FFF7B2FF88B99EB106
S214019910A2B10B4B1A600B4BC3F800800A4B0A46E8
S2140199201E60214606972B460120BDE8F041FFF751
S21401993067BE4D20BDE8F0812520FBE72120F9E731
S214019940A8120020643A0020603A0020014800F086
S2140199504FBE00BF3E4300202DE9F0410020FFF737
S214019960A3FC0F4B0F4C1E680F4B20881D680F4B36
S2140199700F4FD3F8008010B1397801F04BF8002072
S2140199803870FFF71FFE00F033FC0EB14046B047BB
S2140199901DB12088A84700232380BDE8F08100BFC1
S2140199A0603A00203E4300205C3A00206C3A0020DA
S2140199B01C5000202DE9F0473D4801F0C1FA3D4B0F
S2140199C01C78002C42D13C4F2046FFF729F93B6812
S2140199D00546002B3AD0394EDFF804A1DFF80481A2
S2140199E0DFF80491012B1EBF348803F1FF33B4FB6B
S2140199F0F3F4334B34801C6834B19AF9013098F98A
S214019A00002099F90010A0472E4B1B688BB12E4CF5
S214019A102378312B0DD82D4B188800F0C3FF2378FF
S214019A205A1C227098F80020C25423785A1C2270BF
S214019A30C5544FF4FE43AAF800307F2389F800305E
S214019A40802388F80030002333803B60204C237845
S214019A501A2B23D81F4A1278012A09D11E4A1568E3
S214019A60002125FA03F0C007DAB20FD501B1227042
S214019A700020FFF7D5F82178884213D1174B002232
S214019A801A70FFF73FFE48B9BDE8F0870133D8B238
S214019A901A284FF00101E4D90A442270BDE8F047C4
S214019AA0FFF75ABF0020FFF7CDF80028E6D0F5E70C
S214019AB0AC1200201B500020683A00203A430020D8
S214019AC0583A00205C3A00201C5000203E430020FB
S214019AD01A500020B81500206C3A002018500020BB
S214019AE03C430020155000201650002008B50B4BB3
S214019AF0187880B90221FFF765F8094B1B782BB15E
S214019B0000214FF6FF720846FFF736F8BDE8084019
S214019B100448FFF74FBF00210846ECE71B50002022
S214019B2017500020AC12002038B5144B1D78012DBB
S214019B300C4621D181B90846FFF772F8104A11493F
S214019B40136805FA00F023EA0003136020462A464C
S214019B50BDE8384000F098BA0B4A13780133DBB2FF
S214019B60022B137004D9BDE838400848FFF722BF1E
S214019B70FFF7C8FD0028F6D138BD00BF1B500020F6
S214019B806C3A0020B997010018500020AC12002052
S214019B9038B50948094D00F02BFD002495F84430EE
S214019BA0E0B2834200D838BD05EBC000043000F0B7
S214019BB01FFD0134F2E700BF943B0020F43A002079
S214019BC008B50349104648221BF064FE002008BD74
S214019BD04C3B002008B5054819F099FC014620B910
S214019BE0BDE80840014801F00FB908BDCC120020BD
S214019BF038B51C4B00221A701C4615460132082A3D
S214019C005D609D8043F8085FF8D148220021164820
S214019C101BF006FF4FF6FE73A4F868307F226FF440
S214019C20803300211148E3651BF0FAFE104B84F8DF
S214019C304450C4E92835C4E9125584F85050656586
S214019C4084F8A850EDF7B8FC0A4B18700A4BFF22AF
S214019C50012100201A70E6F7BBFE0020FFF7BAFFCD
S214019C60002038BDF43A00204C3B0020743A002016
S214019C700000FFFF1D50002071500020094B10B559
S214019C80AC2404FB0030836C53B990F850403CB9C7
S214019C9031B1C0E912122046FFF79CFF204610BDE5
S214019CA02120FCE7F43A002070B5AC230A4E03FBF2
S214019CB000F5731993F850405CB9204610F0CCFAC1
S214019CC0735D204643F002037355FFF783FF20467A
S214019CD070BD0120FCE700BFF43A0020AC23034A24
S214019CE05843135C23F0030313547047F43A0020DF
S214019CF070B516461F4A12780446C2BB1E4DAC21EB
S214019D0001FB00518A6C92BB91F850203AB1022BAC
S214019D102DD191F84410072907D91C2026E091F887
S214019D2044100729F9D8012B08D0AC2000FB0450B9
S214019D30CA00011D0C301BF059FE0021AC2303FBA9
S214019D4004F000EBC10129449DF81430CB71049B4B
S214019D508B602B18002493F844208E800132204615
S214019D608C7183F84420FFF735FF204670BD012033
S214019D70FCE700BF14500020F43A0020F8B5234B4E
S214019D801B7804460F46002B3ED1214DAC2303FB26
S214019D900053B3F8A03023B91E4840F23631EDF730
S214019DA0B1FAAC2202FB0452D2F8A46036B192F8A2
S214019DB0A330B2F8A02039460020B047AC23634355
S214019DC0EA180021A2F8A010C2F8A41092F8A82060
S214019DD0482101FB02322A44D2F89820964213D039
S214019DE0EB5C9B070CD5AC2262432046AB5C23F0B0
S214019DF0020343F00103AB54BDE8F840FFF7EABEA7
S214019E0010F04CFA0028EED1F8BD00BF1450002027
S214019E10F43A0020CF1804002DE9F04F8BB00D4620
S214019E200790084600F0BEFD044618B921200BB085
S214019E30BDE8F08F284600F0D1FDC0B208382218E0
S214019E40215C92F802B092F803A0526806920022B2
S214019E502678B4F80130ADF82620434A059192F8E9
S214019E600090B9F1000F09D0404B1B6823B14FFA9F
S214019E708BF25146204698470020D8E703F00703A7
S214019E80022B6ED00134092249462046FFF724FAF8
S214019E90023EF6B2331ADAB21B0607460392C5D45F
S214019EA0DFF8CC80D8F890302BBB00210DF12609C5
S214019EB0039BCDF8009022460846FFF7BBFAC3B2D3
S214019EC00546002B48D1BDF8260018F0DEFFC8B9BC
S214019ED0BDF8260019F0D5F80490BDF8260018F054
S214019EE0D4FFD8B9012332462146484600F0A6FEE3
S214019EF0C8B119209BE74A46012128469847002801
S214019F00D3D193E7D8F89430BDF82600002BDFD0E4
S214019F10E11998470028DBD1022088E7039A0498C4
S214019F20E1191BF0B7FCBDF8260000F03BFD059BD0
S214019F308372069B079A80F808A01BBAC360AC23FD
S214019F4003FB028380F809B093F85020BDF8260081
S214019F5022B1DB6C03B19847E8B268E7D8F87830ED
S214019F60F8E7012063E700BF14500020343A0020D0
S214019F70F43A002070B50A4CAC2303FB00430546B7
S214019F805E6D26B9074840F2F731EDF7BBF9AC2311
S214019F9003FB0544002363653346BDE8704018475C
S214019FA0F43A0020CF1804002DE9F84308460F467E
S214019FB0164602F1010919F069F88046384618F08C
S214019FC05DFF042856D1384618F07CFF2C4C4FF61E
S214019FD0FF7248F6410348F66105904208BF1D46E8
S214019FE0B4F85C10301D18F005FF384618F06AFF0B
S214019FF00146B01D18F0FEFEB4F85E1006F108002A
S21401A00018F0F8FE06F10A0438460DF059FE10B1B4
S21401A01045F01005ADB22946484618F0EBFE384625
S21401A02019F02FF84246014620461BF033FC38460D
S21401A030012100F041FD4444074660B100F0CEFC2A
S21401A0400546384600F0AEFCEDB201462A462046EB
S21401A0501BF020FC2C440B4A1378F370A41B591CEC
S21401A06001341170347030460922BDE8F8430121ED
S21401A070FFF732B9484618F0BBFE4C460546C3E723
S21401A080F43A00201D500020084B10B40C4611462F
S21401A090AC2202FB0033586D20B95C655DF8044BB9
S21401A0A0FFF718B802205DF8044B7047F43A002019
S21401A0B010B50B4BAC2250431A18482492F8A8103E
S21401A0C004FB0100034493F87700022806D092F8B7
S21401A0D050301BB9032818BF012010BD0020FCE733
S21401A0E0F43A002070B508B1012070BD234C94F8F5
S21401A0F0A850002DF8D1B4F85C202946FEF73CFDA7
S21401A100B4F85E2029462846FEF720FD04F16002D9
S21401A11029462846FFF742F894F87730002BE3D01B
S21401A120284694F85860FEF77BFD864215D100203C
S21401A13094F95A50FEF768FD854216D10020FFF7C4
S21401A140B7FF04460020FEF72DFD0028CDD021469E
S21401A1500020BDE87040FEF735BD94F8581028463B
S21401A160FEF770FD0028E2D0BFE794F95A100020F0
S21401A170FEF73AFD0028E1D0B7E700BFF43A002029
S21401A18010B51446174A0346AC2000FB032292F88A
S21401A190770002280CD1E07F022809D141B112498B
S21401A1A00978012913D992F85810227891420ED1D4
S21401A1B021781846FEF73AFD90B10C484822214610
S21401A1C01BF068FB0020FEF7EDFC08B9002010BD6F
S21401A1D0044B93F8A8000028F8D1FFF783FFF5E7B2
S21401A1E02120F4E7F43A0020861500204C3B00209D
S21401A1F008B5094BAC2202FB003300205A6DD86427
S21401A20083F8500012B15865FEF77CFF0020FFF777
S21401A21069FF002008BD00BFF43A00207FB51C4C42
S21401A22094F8A83023B1002084F8A800FFF75AFF5D
S21401A230B4F8A05094F85A308DF80F3025B9154867
S21401A24040F2ED21EDF75EF8134A29460020FFF7AC
S21401A250ABFEE66F104C02469EB10DF10F03019363
S21401A2600023009321462846B0470246247854B975
S21401A27020462146FFF782FD2046FFF7ABFC04B0DF
S21401A28070BD0122F2E704490020FEF747FBF6E71E
S21401A290F43A0020CF180400743A002038B5494B30
S21401A2A01C78002C58D1484800F04AFE2046FEF79C
S21401A2B079FC002850D0454C2378D90733D594F83B
S21401A2C050201AB123F00303237045E023F0010365
S21401A2D023700FF0CBFF23789A07054601D50FF0C0
S21401A2E0BBFF294600200FF0B7FE40B9237843F0A4
S21401A2F0010323702846BDE838400FF0ADBF0023A8
S21401A30084F8A33094F8A83084F8A250482202FBBF
S21401A3100343A4F8A000D3F89830C4F8A430BDE8ED
S21401A3203840FFF77BBF94F84400B0B1251D95E88F
S21401A330030004F1A00383E80300FFF76FFF94F81E
S21401A340442004F10C01D20028461BF04FFB94F880
S21401A3504430013B84F8443038BDA26C62B99B0797
S21401A36011D5237823F0020343F001032370BDE8DF
S21401A37038400020FFF72EBC012384F85030A0643B
S21401A380904723789EE70FF089FF0028E9D194F8DB
S21401A390A83073B1F5F77AFE94F85030002BDBD174
S21401A3A0FF2818BF84F8A800BDE838400020FFF752
S21401A3B099BED4F88C30002BECD098470028CBD12E
S21401A3C0E8E700BF14500020CC120020F43A002029
S21401A3D0034BAC2202FB003393F8A800704700BF82
S21401A3E0F43A002070B504460020FEF7DBFB0C4E65
S21401A3F0AC235C43351995F850300BB1002070BD85
S21401A4000028FBD0074819F082F80028F6D1335D02
S21401A410002BF3D195F84400B0FA80F04009EEE73E
S21401A420F43A0020CC12002028B1034B1B68C01A56
S21401A4304010013080B27047B03B002030B1044B71
S21401A44000F100401B68013803EB4000704700BF75
S21401A450B03B002010B5034618F033FE074A03EB65
S21401A460400314684FF6FF729C42184604D90188CF
S21401A470914203F10203F7D010BD00BFA83B0020B4
S21401A4802DE9F047204F3B880546A3B3B0F90230CB
S21401A490002B30DBDFF87C801C49D8F800001BF06D
S21401A4A0E2F920B91A4840F2CD11ECF72BFFDFF89C
S21401A4B060A0DFF8649000263A88B3B29A4204D8C6
S21401A4C040F2CF115046ECF71DFFD9F80030D8F80E
S21401A4D00010B2B203EBC20453F8320068B943F875
S21401A4E03210A3880133A380284618F0EAFDE388DA
S21401A4F003EB4003E380BDE8F0871BF0B4F90136B7
S21401A5000028D9D1EDE700BF404300208A17040098
S21401A51094170400EC120020A43B002038B5094C27
S21401A520094D22682B689A4204D908484FF4837172
S21401A530ECF7E8FE28682368C01A20F0010080B214
S21401A54038BD00BFA83B0020AC3B00209417040098
S21401A55008B50B4B0B4A1A600B4B0C491B6823F0D2
S21401A560010313440B600A4B1A60FFF7D7FF6428F8
S21401A57005D8BDE808400748F021ECF7C3BE08BD82
S21401A580B03B0020702B002058F80300AC3B0020A5
S21401A590A83B00209417040038B5094C094D2268E1
S21401A5A02B689A4204D308484FF48671ECF7AAFE4A
S21401A5B028682368C01A20F0010080B238BD00BFA9
S21401A5C0B03B0020AC3B002094170400064B1B68F0
S21401A5D0834206D8054B1B68834294BF00200120A6
S21401A5E070470020704700BFB03B0020A83B00200A
S21401A5F02DE9F0411D4B1B78012B044624D1008820
S21401A600FFF71CFF0546D8B1DFF8648004262C4608
S21401A61012F0E9FF07462046FFF732FF638843EA58
S21401A62008036380A05BFFF709FF0446384612F073
S21401A630E0FF1CB1B4F90230002BE9DA062E01D195
S21401A640BDE8F0810626E2E7022BF9D112F0CBFF36
S21401A65002462088FFF7F2FE18B10388C3F30E0303
S21401A6602380BDE8F041104612F0C3BF1E50002003
S21401A6700080FFFF2DE9F04FBA4BDFF8FC82BA4F9E
S21401A68097B0002406461C8012F0ADFF01233B70F4
S21401A690B8F80030ADF81630B44BA8F800401B6887
S21401A6A0019312F0A6FFB24B1A88B24BD20018687B
S21401A6B021461BF0B5F90DF11600FFF799FF002EA4
S21401A6C03CD1DFF8B892D9F800404FF0000B0125D5
S21401A6D0019B9C4239D3BBF1000F39D1002DF2D03A
S21401A6E0D9F80040DFF898A225462246019B9A42F7
S21401A6F073D302230DF116003B70FFF779FF002E8E
S21401A70040F08F80D9F800603246AA4280F0A280DD
S21401A7109088FFF793FE18B10388C3F30E03938066
S21401A720D088FFF78BFE18B10388C3F30E03D380DE
S21401A7301046FFF78FFE0246E7E79847E3B201347B
S21401A74056F82330002BF8D1BBE7BBF1000F3ED003
S21401A7500BF1FF335FFA83FB16AB03EB8B0252F868
S21401A760402CB2F9020051880028B1DA4B04AFD46C
S21401A770924641F48040931D2AF8020F02933AF85C
S21401A780020FFFF75BFEF0B1B0F902E0B0F802C0CD
S21401A790BEF1000F17DB6FEA4C4C6FEA5C4CA0F879
S21401A7A002C00390FFF76CFEBBF10F0F9FBF16AB05
S21401A7B003EB8B00039A40F8402C9ABF0BF1010380
S21401A7C05FFA83FB0025029B9A45D8D180E7204695
S21401A7D0FFF740FE22460446C3E7104618F071FC18
S21401A7E08346B2F90200118800280AEA010108DA54
S21401A7F02046FFF719FE084381B204EB4B0402EB37
S21401A8004B0511801046FFF725FE02466EE7984776
S21401A8105FFA8AF30AF1010A56F82330002BF6D1C3
S21401A82070E74FF0000AF3E73046FFF713FE824663
S21401A8307EB1B6F902307188002B0ADA3088C0F38F
S21401A8400E00FFF7FBFD864203462DD1C1F30D0135
S21401A85071805646AE42E7D3DFF81CA112F0C3FE64
S21401A86000210646504618F0CDFCFFF7E7FD0546E9
S21401A870002800F08780304612F0BBFE284618F00C
S21401A88020FC06462046FFF7CFFD7600814632467D
S21401A890294620461BF0AAF8002249460DF116006B
S21401A8A018F044FC3444D9E71BD9304618F009FCAB
S21401A8B0C1F30D014200718092B2314618461BF079
S21401A8C095F8C6E75046FFF7C5FDD146854203D940
S21401A8D0B0F90230002B01DA824603E0FFF7BAFD39
S21401A8E0F4E7B146554507D9BAF80000C0F30E00A3
S21401A8F0FFF7A4FD8245E5D3B9F1000F30D0B9F8D2
S21401A9000000C0F30E00FFF799FD034638B9334641
S21401A910CB46994513D8B1459BD0D946ECE7484676
S21401A92018F0CFFBB9F80220C2F30D02A9F80220F5
S21401A930420092B2494618461BF058F8E7E7184617
S21401A9400193FFF787FD019B9B46854203D9B0F92A
S21401A9500230002B01DA0346DBE7FFF77BFDF4E765
S21401A960CB46DAE7424300201E500020A83B0020D9
S21401A97040430020A43B002044430020B03B00207D
S21401A9800080FFFFBDF81630A8F80030044B387081
S21401A99030461C6012F02DFE17B0BDE8F08F00BFE8
S21401A9A0A83B002010B5044608B9002010BD18F0D9
S21401A9B099FB20B9084840F2C441ECF7A3FC2046B5
S21401A9C0FFF73CFD0028F0D00388DB0B14BFD0F85E
S21401A9D00A000830EAE700BF9417040010B508B96A
S21401A9E0002010BDFFF72AFD044618F072FB20B9BF
S21401A9F0074840F2DE41ECF785FC002CF0D02388B6
S21401AA00DB0B0ABF60882089C0F30C00E9E700BFB2
S21401AA10941704002DE9F0410546FFF70FFD0F4698
S21401AA200446D8B118F055FB20B9214840F2F1414F
S21401AA30ECF768FC2846FFF7D1FF05462046FFF7EE
S21401AA4009FDBD42064609D004D8194840F2F9412D
S21401AA50ECF758FC2588ED0B02D02781BDE8F08184
S21401AA606780204618F02DFB074604EB400812F0DD
S21401AA70BAFD104B1A68B2420AD1C3F8008012F030
S21401AA80B8FD2A464046FF21BDE8F0411AF0C8BF8E
S21401AA90A6EB0806B5B212F0ACFD072DF1D90023DE
S21401AAA0083D44F81730C8F80430A8F80250D5E736
S21401AAB094170400A83B002038B5FFF7BFFC0D46ED
S21401AAC0044650B118F005FB20B9044840F236514F
S21401AAD0ECF718FC023534F8150038BD941704005D
S21401AAE070B5FFF7ABFC0C4616460546B0B118F03C
S21401AAF0F0FA20B90D4840F24151ECF703FC30461C
S21401AB00FFF79CFC18F0E5FA20B9084840F24251DC
S21401AB10ECF7F8FB023425F8146070BDBDE8704010
S21401AB20024840F24651ECF7EDBB00BF9417040013
S21401AB302DE9F843C41CA408274B64000434B0F57F
S21401AB40005F1E6881460F46A4B204D3234840F234
S21401AB507251ECF7D7FB12F046FD21490B6880468F
S21401AB607BB9204B1D68761BC6F34F06B44223D92A
S21401AB700025404612F03DFD2846BDE8F843FFF7A4
S21401AB8053BC7FB1174A15685A1BC2F34F02944251
S21401AB90EED81448620005EB440404607FB9134400
S21401ABA00B600CE0F61AC6F34F067EB90B4840F26E
S21401ABB08351ECF7A7FBDBE705EB44041C6000239D
S21401ABC0A5F80290AB80EB802B80D2E7B442CFD8B9
S21401ABD0044A1568DDE700BFAC3B0020941704006B
S21401ABE0A03B0020A83B002038B5054612F0FBFC30
S21401ABF0294604460022044818F098FA2046BDE883
S21401AC00384012F0F6BC00BF4443002038B512F0BD
S21401AC10EAFC00210546044818F0F4FA04462846E2
S21401AC2012F0E7FC204638BD44430020024B18884A
S21401AC30B0FA80F040097047444300202DE9F74FF1
S21401AC40044600881F46FFF7F9FB88461546064668
S21401AC5018F03FFA20B9404840F2DA61ECF752FBAF
S21401AC603388DB0B009306D033892B4433810020D5
S21401AC7003B0BDE8F08F2088DFF8E0B0FFF7AEFE46
S21401AC8082463046FFF7E6FB019012F0ACFCDBF89B
S21401AC900020019B9A4281461DD1FFF73FFC854269
S21401ACA004D9484612F0A5FC1A20E1E705EB0A0391
S21401ACB073803FB12088FFF775FE2A46414650440F
S21401ACC01AF0E8FD3046FFF7C5FBCBF80000484612
S21401ACD012F08FFCCBE712F08CFC2088FFF77EFE8B
S21401ACE02844009980B2FFF723FF06460028DBD0F0
S21401ACF0FFF758FE81462088FFF754FE82462088DB
S21401AD00FFF76CFE5146024648461AF0C3FD304630
S21401AD10AFB1FFF747FE07462088FFF75FFE2A46DA
S21401AD20414638441AF0B6FD01212088FFF7C4FEDB
S21401AD30012102463046FFF7D3FE268097E7FFF74C
S21401AD4031FE80462088FFF749FE2A4639464044B0
S21401AD501AF066FEE8E700BF94170400A83B00203F
S21401AD6038B50C460546FFF739FE844203D304483E
S21401AD702D21ECF7C7FA2846FFF714FE204438BD0C
S21401AD80A817040070B506460D46FFF70BFE0446ED
S21401AD9048B13046FFF722FE854203D302483521EB
S21401ADA0ECF7B0FA605D70BDA817040070B50C46EC
S21401ADB006461546FFF712FE844203D304483F2198
S21401ADC0ECF7A0FA3046FFF7EDFD00B1055570BD72
S21401ADD0A817040001483321ECF794BABF17040002
S21401ADE0036910B55BB18268064B9A4201D1002017
S21401ADF010BD446913F037FF201AF9D5F7E74FF075
S21401AE00FF30F5E7D5AD010082684B4B9A422DE93C
S21401AE10F041056804460E4615D121B1474840F277
S21401AE200F11ECF76FFA12F0DEFB23691BB92B68E2
S21401AE302BB924612C60BDE8F04112F0DABB1A6927
S21401AE4022611C61F6E713F00EFF8046E8F7DAFF91
S21401AE5020B13A484FF49371ECF754FA6FF000437F
S21401AE609E4221694BD22B7B08EB0602002B4DD06C
S21401AE70AB6893424AD1531C002949D06169994273
S21401AE8042D01EB9521AB2F1004F3DD9636123690F
S21401AE906E689C4203D129489A21ECF733FA2F4673
S21401AEA00023B4420BD0002B41D172696169891A23
S21401AEB0B1F1004F32D83269944237462CD122691B
S21401AEC0BD420CBF6A603A617BB92669B44203D1C0
S21401AED01A48B521ECF716FA3B46012E05D06269F1
S21401AEE07169521AB2F1004F23D99D420BBF6B68AC
S21401AEF01A69236122610CBF6C601C6104E0434443
S21401AF0031B162699342C1D1BDE8F0811346B3E71E
S21401AF106A6822616C60B9E71646C6E7A8EB0202CA
S21401AF20B2F1004FC7D93B4637463669B9E71F46E7
S21401AF30F9E733463669D0E7D5AD0100BF170400FF
S21401AF4082681C4B9A4270B50568044619D112F006
S21401AF504AFB236923B1A34206D100222A601A6163
S21401AF60BDE8704012F045BB1A4611461269A2426E
S21401AF70FBD12A68A24208BF29600B610023236126
S21401AF80EEE7036993B198426E6803D10A489A21A5
S21401AF90ECF7B8F92B46B44209D122699D4218BF95
S21401AFA01A614FF0000308BF6A60236170BD334623
S21401AFB03669F0E7D5AD0100BF1704002DE9F0436F
S21401AFC0174FDFF860808BB006460025BC7814B9B1
S21401AFD00BB0BDE8F083B7F800908EB90096B8F8CC
S21401AFE0001023462A4603A818F0D0F9234603AAE0
S21401AFF03146484613F06FFE2544EDB20437E5E7C7
S21401B0002346494603A8002213F05CFE0123009361
S21401B010B8F8001023462A4603A818F0B7F9EBE75C
S21401B020CE170400464300200148FFF7E1BA00BFEF
S21401B03046430020F7B51546174A044608461188C8
S21401B04011B1164A1278CAB1D4B10022294603B00A
S21401B050BDE8F04013F036BE3A44D2B20436B778B3
S21401B060002FF1D0B6F800C0AC45F5D184F001044C
S21401B07000943B4618F08AF903B0F0BD084EEEE79F
S21401B08002462146284613F026FE284603B0BDE8B0
S21401B090F04014F001BA00BF46430020B915002065
S21401B0A0CE17040010B5074C238843B10020FFF7E4
S21401B0B085FF054B0020FF2220801A7010BD7020EE
S21401B0C0FCE700BF46430020B9150020142810B540
S21401B0D018D8082805D115F0ADFDC401E4B2204604
S21401B0E010BD0E2802D115F0A8FDF6E7064B53F861
S21401B0F02040002CF3D00A282478F0D107F026F956
S21401B1000443EBE7FF24EAE7F8170400064A08239E
S21401B11012F8011B814205D0013B13F0FF03F7D162
S21401B120184670470120704755180400064A082340
S21401B13012F8011B814205D0013B13F0FF03F7D142
S21401B14018467047012070474D180400014BB3F8AC
S21401B15068007047F43A0020004870475E3B0020C4
S21401B160014B1878704700BFA24F0020014B18789A
S21401B170704700BFA54F0020014B1870704700BFF5
S21401B180A54F00201F4B022810B51F4C187002D087
S21401B1900438012820D82378042B0BD01B48002123
S21401B1A0FFF732FE2378033B012B03D91848002111
S21401B1B0FFF72AFE174B1B689A0020D513F0805F15
S21401B1C00CBFBF24BC24204616F0C3F9C8B92046DC
S21401B1D0BDE8104014F075B80C48FFF7B1FE0C48F6
S21401B1E0FFF7AEFE18F025FB2378033B012B03D8AF
S21401B1F016F0A9F99124E6E70DF044FDFAE790244C
S21401B200E1E710BDA94F0020AA4F0020F012002050
S21401B210983600202C370020024B187800F00F00DB
S21401B220704700BFA94F0020034B187800F00F00AD
S21401B230831E584258417047A94F002008B518F0A0
S21401B240E3FAA8B118F0F9FA90B10A4817F063FFCB
S21401B25070B1094817F05FFF50B115F0F3FC38B133
S21401B26016F079F920B9BDE80840044818F054B939
S21401B270002008BD484300208E430020B43B002038
S21401B28030B5182293B0002104461AF0C9FBFFF727
S21401B290CBFF20B9114B1B78033B022B1CD8002196
S21401B2A06A460846FEF78CFCBDF8043023819DF8FB
S21401B2B00230A3729DF80030E3722046002518F094
S21401B2C098FC257304F1140104F1100018F025FD13
S21401B2D0E081284613B030BD9320FBE7A94F00203C
S21401B2E030B593B005460C46FFF79EFF20B90B4BD1
S21401B2F01B78033B022B0ED86A4600212846FEF730
S21401B3005FFC9DF80230237000209DF800306070CD
S21401B310A37013B030BD9320FBE700BFA94F0020F8
S21401B320054B1878012805D000F0FD00A0F1310387
S21401B33058425841704700BFA94F002010B5FFF78B
S21401B34007F913F0AAFC1020FFF7C0FE04060DD57E
S21401B3500020FFF7BBFE000608D5284BD3F8EC20EB
S21401B36012F0020F12D1B024204610BD1020FFF7B4
S21401B370ADFE01060ED40020FFF7A8FE020609D591
S21401B3801E4BD3F8EC2012F0010FEBE7D3F8E830B0
S21401B3909B07E8D51A4817F025FB012017F0CBFCD0
S21401B3A0ECF726F904460028DED100F053F91548DB
S21401B3B018F087F800F074F9EBF700FD13F06AFC5B
S21401B3C00AF072FB0AF0C4FBF4F770FEF4F7F8FD1E
S21401B3D0F4F712FE04F0A0FC15F02EFC15F02FFC7D
S21401B3E016F0BCF808480CF023FB07F067FD16F0D2
S21401B3F076F80028B8D016F074F8B5E70081E00FAB
S21401B400690345ECB43B0020A1A3020010B518F077
S21401B4100DFA70B301F0DEFB80F00104E4B2002007
S21401B420FDF7D2FE44EA800424B218F0EDF910BB11
S21401B43002200443164818F06AF844EA40141548F6
S21401B44018F065F824B244EA0014134818F05FF8BF
S21401B45024B244EA8014114818F059F824B244EA98
S21401B46040240F4818F053F824B244EAC02080B2B2
S21401B47010BD0124D3E70B4817F04DFE0028D7D0A6
S21401B480094817F048FE80F00100C0B24000D0E73E
S21401B49030130020141400203037002094130020AD
S21401B4A0F4130020484300208E43002008B501F025
S21401B4B069F90EF0BDF8FDF771FA154817F02BFE85
S21401B4C008B906F015F9134817F025FE08B907F074
S21401B4D0DFFC03F051FC0CF05DFC0F4818F028F877
S21401B4E00E4B1B78043B022B09D80D4818F00FF8B9
S21401B4F028B1FFF78BFF102801D109F06FF815F07E
S21401B500A3FB18F09BF8BDE808400648FFF7B2B861
S21401B510484300208E430020B43B0020AA4F002061
S21401B5201414002068180400014B1868704700BF07
S21401B5304C3A002038B50C4B1B78033B012B0446D4
S21401B54004D82046BDE838400AF082BB0CF06CFDFA
S21401B5504FF6FF739842054604D1204600F02AFDB7
S21401B560A842EED038BD00BFAA4F002070B54FF6F6
S21401B570F773984286B004460D465AD818F05FF81D
S21401B580A04207D12C49082228461AF02FFA00209B
S21401B59006B070BD294EB6F86830A3420AD1002223
S21401B5A0082106F16A0017F0F8FF18B9082206F11B
S21401B5B06A01E9E7ACB1224B1B78033B012B1AD891
S21401B5C0002300930122194620460AF0CFF9FF28EE
S21401B5D023D1294620460AF08FFB80F00100C0B235
S21401B5E0D6E7184B1B689B07E5D4284608F0C6F833
S21401B5F00028E0D0CBE7204600F096FFFF2806D1D2
S21401B600294620460FF070F80028D9D1BFE7294611
S21401B61000F0ACFF0028F3D0B9E702A919F040FA10
S21401B6200028D6D1DDF80D302B60DDF811306B60C7
S21401B630ADE70120ACE700BF1F500020F43A002020
S21401B640AA4F00202C370020014B1870704700BF0E
S21401B6508D15002010B50649064C0988204608239A
S21401B6607F2213F03CFB204618F023F810BD00BFE4
S21401B670D6C403001F50002013B513460C461AB15A
S21401B680022A0CBF134601230021044A00920191AD
S21401B6902246FEF72DFB02B010BD00BFBF380300E7
S21401B6A000B5002093B0FEF7A3FA1D4B18880CF0E6
S21401B6B0C5F91C490020FDF719FE34220021684611
S21401B6C01AF0AEF90B238DF800306FF48033019336
S21401B6D04FF6FE73ADF8103003238DF81D30124B74
S21401B6E00893124B0993124B0D93124B124A0E9369
S21401B6F0124B0F93124B106851681093114B119314
S21401B70002AB03C300216A460846FEF739FD6A46C6
S21401B71001210020FEF734FD13B05DF804FB00BFE5
S21401B720241500205CF8030001BC0100B5360300B7
S21401B73041F40100A9BD01001F500020190B0200B1
S21401B740BF380300A9EE010070B5044617F050FBA0
S21401B7500422002106462046FDF7BEFD204417F0D0
S21401B76047FB0322054600212046FDF7B5FD204490
S21401B77017F03EFB0540ADB24FF6FF739D4213D165
S21401B780F30711D5062200212046FDF7A5FD20442A
S21401B79017F02EFB074B1B88834214BF022006209E
S21401B7A0054B1B78184070BD204613F06CFFC00097
S21401B7B0C0B2F5E738150020275000202DE9F84FD4
S21401B7C0DFF83C91804608460F4617F011FBD9F882
S21401B7D00030054643B9484B1B682BB9474B1B68DD
S21401B7E013B9FF20BDE8F88F15F4406A05F040064E
S21401B7F010D13EBBB5F5804F53D24FF48074002371
S21401B800002B58D13C4A12688025002A69D00021B5
S21401B81008465FE0F81C17F0EBFA4FF6FF73984204
S21401B82014BF0124022486B1052605F44043B3F56E
S21401B830004F44F0080424D0B5F5804F23D244F4D9
S21401B840807420E054460326EFE7B5F5804F4FF0AD
S21401B8500506F4D3BAF5406F14BF02200820304421
S21401B860384417F0C5FA834617F006FF05F440453D
S21401B87058450CBF44F0080444F00404B5F5004FE5
S21401B88001D144F08004BAF5006F0ED1B81917F053
S21401B890AFFA054617F0D3FEA842B0D144F0100423
S21401B8A0ADE7544603260220D9E7BAF5406F08BF34
S21401B8B044F02004A3E7012B09BF104AD9F8002061
S21401B8C01268402518BF10259FE7A74201F1010124
S21401B8D00BD0C8B2CEB232F8167032F91660002E0E
S21401B8E0F3DA0133032B8BD17BE7B8F1000F3FF47A
S21401B8F079AF88F8005075E7C43B0020C83B0020AC
S21401B900503A0020034B1A78022A04BF09221A7003
S21401B910704700BF29500020034B0C221A701A21D1
S21401B9200022032002F0FCB82950002070B505461D
S21401B93038B90C4BBDE87040187800221A2102F085
S21401B940EFB8094B074E1C78E1B21A29F1D825FA4F
S21401B95004F3DB0703D53078362202F0E1F8013430
S21401B960F2E700BF29500020BB15002008B5064BA2
S21401B9700C221A70002210461A2102F0D1F8034B4D
S21401B98000221A6008BD00BF29500020D03B0020CD
S21401B99070B50E4B0C221E781A70054630B930462B
S21401B9A00022BDE870401A2102F0BAB8084B1C7894
S21401B9B0E1B21A29F3D825FA04F3DB0703D53622B8
S21401B9C0304602F0ADF80134F2E700BF29500020FE
S21401B9D0BB150020024B0C221A7015F0B5BD00BF36
S21401B9E029500020F0B50C888BB005460E46E4B908
S21401B9F04FF6FF77ADF8247015F0B9FD10B90220A7
S21401BA000BB0F0BDCDE90340CDE90544134A0294DD
S21401BA10B2F85C300193603200923B4609AA4CF6BC
S21401BA200101FF2019F094FB3080284617F020FF13
S21401BA300B4C70B1237863B1013BDBB2284623700F
S21401BA4017F016FF38B12078B0FA80F04009C0B27E
S21401BA50D6E70523F2E70120F9E700BFF43A002014
S21401BA60BA150020034B1B68114603B1184713F0A3
S21401BA7037BC00BFD03B0020024B0C221A700AF0E4
S21401BA809FBC00BF295000200148FEF7B1BD00BF92
S21401BA904A4300207FB506460C461546FDF7E8FEEC
S21401BAA000287CD1062E03D85223F340DB071AD494
S21401BAB0B4F1006F05D3E30E1C3B032B18D94F20BE
S21401BAC02BE0394B00221A60384B1E7017F08CFDA4
S21401BAD003460A2E65D8DFE806F0361B4F5A1B2EA2
S21401BAE0221F47523F0002F029FCB4F1006FE2D258
S21401BAF02D4B00221A602D4B042E1E70E6D12C48C9
S21401BB0001F02AFD022001F053FC17F06DFD0346FB
S21401BB1001220292274A05E0212004B070BD0122CD
S21401BB200292254A0192254A0092254A2946204634
S21401BB30FDF7E2FEF1E7234A2946204604B0BDE8B8
S21401BB407040FDF7C1BE204B204A2946204604B06E
S21401BB50BDE87040FDF79CBE002202921C4A01928D
S21401BB60164A00921B4AE1E7012202921A4A019202
S21401BB70124A0092194AD9E70C4B02221A70002287
S21401BB801749104604B0BDE87040FEF777B80022AA
S21401BB900292144A0192094A0092134AC6E74D20BE
S21401BBA0BBE70120B9E700BFD03B002029500020A9
S21401BBB02850002091B901005338030001BC010050
S21401BBC0AB38030079BA01006DB9010065BA01000E
S21401BBD0D5B90100E5B901002DB9010057380300B8
S21401BBE005B9010019B901004F38030008B5FDF782
S21401BBF0B3FE024B0C221A70002008BD295000200B
S21401BC00F0B585B0ADF8060018B965489021EBF798
S21401BC1079FBBDF8060017F031F90446BDF80600B9
S21401BC2017F02CF9082846D00C2CBDF8060042D196
S21401BC3017F027FA074617F0DBF80DF10F01064655
S21401BC40BDF8060014F0E3FF002879D00922002190
S21401BC503846FDF741FB9DF80F301033C518BDF887
S21401BC600600FEF7BBFEEDB2854269D22946BDF855
S21401BC700600FFF787F806F44C4416F440660546BE
S21401BC8014D0F81C17F0B4F84FF6FF73984208BFAB
S21401BC9044F04004B6F5006F08D1781D17F0A8F8F7
S21401BCA04FF6FF73984208BF44F010049DF80F301A
S21401BCB05BB3072D44D1BDF8060017F0D5F804464E
S21401BCC0BDF8060017F0DAF8082817D0A30615D530
S21401BCD024F0200189B2BDF8060017F0B0F8BDF8CF
S21401BCE0060017F0CEF900210922FDF7F5FA00F15A
S21401BCF01001C9B20DF1060017F02FFBBDF80610B2
S21401BD002848002217F012FA1AE0082D16D8BDB1FD
S21401BD10013D072D14D801A353F825F079BD010084
S21401BD2085BD010041BD010045BD010041BD0100C9
S21401BD3091BD0100B7BC010097BD01007C2D24D048
S21401BD4005B0F0BD24F48844A4B2B4F5084FF7D189
S21401BD50BDF8060017F08DF8BDF806100BF008FFC9
S21401BD600028A8D0BDF8060017F0EEF8002201461C
S21401BD70022014F0F1FEE3E724F48064A4B2B4F5E3
S21401BD80484F97E7B4F54C4F94E7B4F54C4F92D033
S21401BD904CF6500301E04CF640439C428AE700BF54
S21401BDA0C8180400484300202DE9F0410F4690468C
S21401BDB00646FEF7F7FD04463046FEF70FFEC5B20F
S21401BDC0083D2C44084BE1781970084BA2781A708C
S21401BDD0314643463A46002013F000FA003818BFB1
S21401BDE00120BDE8F08100BF4E5000204D500020DC
S21401BDF070B50B4B1C780B4B0022D5B2AC4202D867
S21401BE000C70002009E01E88864202F1010205D36B
S21401BE100D701B881B1A5842584170BD1233ECE74F
S21401BE20A34F00200A4100202DE9F04FDFF84081A2
S21401BE30DFF8409198F8002099F800309A4285B0D2
S21401BE40064604D343484FF48A71EBF75BFA0DF1CB
S21401BE500F013046FFF7CCFF20B13E4840F21711E4
S21401BE60EBF750FA98F800709DF80F403D1B15F05F
S21401BE70FF0530D0384B394A1B78184699F8003000
S21401BE8001214FF0FF3CA1400CFA03FC002301F115
S21401BE90FF3E01934FF6FF79C1F1000A9DF8043089
S21401BEA0984243D812202E4B04FB0000A0F1120149
S21401BEB005EBC5025200194404F10109184419F0B2
S21401BEC095FD4FEA89092748A9F104010144AA0012
S21401BED0484419F08BFD224904EBC40201EB4203EE
S21401BEE021F81260204A1278DA731A745A74120210
S21401BEF05A801E4A12781A7110225A7100229A73B9
S21401BF00C3F80620C3F80A20164B013743F824204D
S21401BF104FF6FF710D2088F8007014F01DFE0EB963
S21401BF2008F014FE204605B0BDE8F08F13884B4597
S21401BF300AD053680AEA030B03EA0E030B4403EB29
S21401BF404B0343EA0C035360019B01330832019310
S21401BF50A4E700BFDB1804009A1500204435002032
S21401BF600A410020E83400204E5000202A500020CC
S21401BF70A34F0020981500202DE9F0410B4B0C4EE5
S21401BF8093F8008007460025ECB2A04503D8FF24AD
S21401BF902046BDE8F0810822B11D384619F016FD8D
S21401BFA001350028F4D01236EEE700BFA34F00207B
S21401BFB00A41002008B5FFF7DFFFFF281DBF00B2CA
S21401BFC0044B00EBC0004FF6FF7018BF33F81000AB
S21401BFD008BD00BF0A41002007B50DF10701FFF7B4
S21401BFE007FF30B19DF80730034803EBC30300EBAE
S21401BFF0430003B05DF804FB0A4100202DE9F84335
S21401C000294E33785D1E2D1A83420446EDB204D8BC
S21401C010264840F23F11EBF775F9254A92F800C021
S21401C020244A01231278A3405F1E4FF0FF30904050
S21401C0303B44214A00214FF6FF7E6FEA0308CBB24C
S21401C0409C4523D8BDB127B204EBC4041B48640049
S21401C05005EBC50204F1120101445200204419F017
S21401C060C5FCBF001648AA00391D014402F0FC02B7
S21401C070384419F0BBFC3378013B3370BDE8F84314
S21401C08000224FF6FF710E2014F066BD138873452B
S21401C09007D0536808EA03093B4003EB59030343FF
S21401C0A0536008320131CAE7A34F0020DB180400B1
S21401C0B09A15002098150020443500200A410020DA
S21401C0C0E834002010B50A4C207858B9094B1B7883
S21401C0D01A2B03D908489421EBF714F9074B0322CE
S21401C0E01A7010BD0138C0B2FFF788FFECE700BF39
S21401C0F0A34F002098150020DB1804009F4F002056
S21401C1002DE9F047054617F004FCFF28044624D124
S21401C110DFF888901F4B99F800201B789A422BD2A3
S21401C1202846BDE8F047FFF77FBE38883B79504583
S21401C13018D86F2B4FEA131214D85B0710D012379A
S21401C14008F1010899F800105FFA88F6B142ECD8B8
S21401C150114A0023DEB28E4214D32046BDE8F08792
S21401C160022AECD90DF0A0F90028E8D1294630467C
S21401C170BDE8F04717F0DABB074F4FF000084FF65F
S21401C180F77ADFE710798F2803F10103EED8123230
S21401C190E0E700BF981500200A410020A34F0020C9
S21401C1A04FF6F773984210B514D8FFF7A9FFFF288A
S21401C1B010D0134C00B200EBC00004EB400413F0A7
S21401C1C086FA104938B962880B7802EB0313A3EBA1
S21401C1D01213638010BD227C637C0978E2739A4255
S21401C1E02374617407D98B4203D213468B4228BF4E
S21401C1F00B461B02EDE78A42F8D31346F9E700BF68
S21401C2000A4100204E5000202DE9F0410F4DDFF885
S21401C210408006460F46002498F80030A34201D815
S21401C220BDE8F08108222946304619F0CFFB40B917
S21401C23035F8063CBB4204D02046FFF7DFFE013C42
S21401C240E4B20134E4B21235E6E700BF1041002043
S21401C250A34F0020F8B5054608460E46FFF78CFEAC
S21401C260FF2830D01D4B294653F820703046FFF783
S21401C270CBFF2846FFF744FFFF28044625D10CF0E4
S21401C28047F8FF280AD1164C207838B1EBF794F915
S21401C2902378B0FBF3F202FB1300C0B2294617F075
S21401C2A045FB044623B20F4D03EBC30305EB4305E1
S21401C2B008223146A81D19F099FB2B7903F00F03CC
S21401C2C02B712046F8BD0027D3E7074B1B78002BC0
S21401C2D0024B18BF002743F82070E3E7E83400203C
S21401C2E0981500200A410020BC15002038B50B4BDC
S21401C2F01B78834204460D4604D8094840F25B2168
S21401C300EBF700F8074804EBC40400EB44002946A9
S21401C3100822BDE83840063019F068BB98150020A1
S21401C320DB1804000A41002070B5044608460E4694
S21401C33017F0EFFAFF28054610D02046FFF71CFE3F
S21401C340FF2807D0084B1B7823B9084B53F8202049
S21401C35043F8252021462846FFF7C8FF31462046E8
S21401C360BDE87040FFF750BFBC150020E834002040
S21401C3702DE9F8430026134DDFF85090804601273B
S21401C380344699F80030A34210D83E430134E4B253
S21401C3901A2C4FEA470705F11205F2D10A4B1B7812
S21401C3A04FF0FF3098403043BDE8F8832B88434573
S21401C3B0EBD0284617F012FB0328E6D82B796F2B13
S21401C3C0E3D8E3E70A41002098150020A34F002098
S21401C3D010B5084C00EBC00004EB400423795B0762
S21401C3E007D1204617F0FAFA237923F007031843FA
S21401C3F0207110BD0A410020014B1878704700BF1C
S21401C400BD150020014B1878704700BFBC150020F1
S21401C41070B51A48FEF794FD194B1B78033B012BA8
S21401C42028D805F033FB03F0F9FABDE8704013484D
S21401C4304FF47A51FEF7E8BC23798F2B4FEA13119C
S21401C44011D80131204617F0F9FA062901D8032937
S21401C45009D1237923F00703237100224FF6FF71D8
S21401C4600F2014F079FB123401353278EBB29A4280
S21401C470E2D8D6E7034C044E0025F6E7F01200207A
S21401C480AA4F00200A410020A34F0020084B18782D
S21401C490084B0022D1B2884203F1120300D870473C
S21401C4A013F80D1C21F0100103F80D1C0132F1E701
S21401C4B0A34F00200A4100202DE9F047DFF86090E5
S21401C4C0DFF8608099F800400226122700250CE06C
S21401C4D007FB05F3002138F803A0504617F093FA3E
S21401C4E010B15CB1013CE4B2013599F80030EAB212
S21401C4F09342EDD8A34204D14FF6FF7A5046BDE8E9
S21401C500F087EBF759F899F800301B1B012E90FBCA
S21401C510F3F202FB1300C4B2EED00126D6E700BF49
S21401C520A34F00200A41002010B5044617F0F1F988
S21401C530FF2808D120460BF0C9FDFF281FBF024B7C
S21401C5401B78C018C0B210BD98150020044B0548D2
S21401C5501A78054B1B781A449200002119F060BA2C
S21401C56098150020E83400209F15002010B5134BC5
S21401C5701B78834286B00C4612D9114900EBC000E5
S21401C58001EB400108220631204619F02FFA00225D
S21401C5900821204617F001F880F00100C0B206E03D
S21401C5A0C01A01A9C0B20CF0E9F910B1002006B01A
S21401C5B010BD01AB03CB20606160E8E79815002051
S21401C5C00A41002008B5074B53F820308B4202463B
S21401C5D006D915204FF6FF7114F0BEFA002008BDEB
S21401C5E00120FCE7E8340020024B013143F820101B
S21401C5F0704700BFE83400202DE9F3472B4EDFF8E3
S21401C600B4A081460C4600279AF80030FDB2AB4232
S21401C61010D86946204618F089FBC0B3082269463F
S21401C620484619F0D3F990B34946204617F0FAFC6C
S21401C630FE2537E006F1060808224146484619F06D
S21401C640C5F990B94FF6FF739C422BD03388A342AD
S21401C65028D020460BF03AFDFF2814D14946204643
S21401C66002B0BDE8F047FFF7F5BD14B91236013741
S21401C670CAE73388A342F9D100220821404616F0C2
S21401C6808CFF0028F2D12846FFF7B8FCCCE74946D4
S21401C69000200BF0EBFCFF28054603D0044B1B786B
S21401C6A00344DDB2284602B0BDE8F0870A41002007
S21401C6B098150020A34F002008B5FFF7E7FE054BAD
S21401C6C01B78013B012B03D8BDE808400CF042B9AA
S21401C6D008BD00BFAA4F00200F4B1B7883420CD821
S21401C6E0C01A0E4AC0B232F81030D90411D443F43D
S21401C6F0805322F8103001207047094B00EBC00030
S21401C70003EB40035A79D10603D442F010025A7162
S21401C710F1E70020704700BF981500201A4300205B
S21401C7200A410020F0B5134B1B780646FBB11248B0
S21401C730DFF84CC090F800E01048077800251F4449
S21401C740E8B2864501D80020F0BD7C1B94FBF3F0CF
S21401C75003FB10440CEBC4003CF83440B44204D153
S21401C760002AF1D184788C42EED00135E8E71846EC
S21401C770EAE700BF9A15002018370020A14F0020D5
S21401C7804435002070B512F072FA104E1049328806
S21401C7900B7830809B1A03449BB21425B3FBF5F447
S21401C7A005FB14330B700B490B78E2B293428ABF38
S21401C7B09B1A0023DBB20B700749032A9DBF0B6847
S21401C7C0D200D34000230B6070BD00BF4C43002055
S21401C7D02D500020A04F002018370020084B186865
S21401C7E0084B1B78C2B29A4208D2074B1B78C0F39B
S21401C7F00720984234BF002001207047012070476F
S21401C800183700209A1500202C500020F8B5054650
S21401C8101746FFF7E3FF064610B9184B1A783AB9E0
S21401C820212001224FF6FF7114F096F90020F8BD81
S21401C8301348DFF854C003780133B3FBF2F402FB6C
S21401C840143303700F48DCF8002020F8335000EB57
S21401C850C30402F10132A1703846CCF80020FFF77C
S21401C86087FDE670606016F0EAFEA84201D101205D
S21401C870DDE7E3780133E370F9E700BF9A1500209E
S21401C880A14F0020443500201837002010B50B4C6E
S21401C8900B4A2378063B137012F0E9F9094B18800E
S21401C8A0094B0A4800221A602278FF21D20019F0AB
S21401C8B0B7F8074B04221A7010BD00BF9A15002066
S21401C8C02C5000204C43002018370020443500200F
S21401C8D0A04F002048B139B1044B1B780B70044BB4
S21401C8E01B78037001207047084670472B500020C4
S21401C8F0BE1500202DE9F843074612F0B4F90546A7
S21401C9001B4816F004FE1B4B60B31C683C1B2C44F2
S21401C910A4B2194BDFF868901B78184D99F800609F
S21401C92003EB830305EB430500225FFA82F84645D5
S21401C9300AD9AB88A34205F10A0016D9B21A0A230E
S21401C9405A43294619F052F8013689F80060AC803E
S21401C950B8F1000F03D106483946FEF755FA2846C6
S21401C960BDE8F8831D603C46D3E701320546DCE7A7
S21401C97010130020D43B00202F5000206A400020D6
S21401C980305000202DE9F74F12F06DF9DFF8BC901A
S21401C9902B4EDFF8BC80317898F800E0294D1FFA5D
S21401C9A080FC0746B9F80000ACEB00039BB20024FC
S21401C9B00093A0EB0C0001EB810305EB43037246E9
S21401C9C0A2460190A3465FFA84FCF4451AD3BAF155
S21401C9D0000F00D03170724504D2002088F8002084
S21401C9E0FDF7F8F898F800303BB333781648C9F8E5
S21401C9F000700A2202FB0355A98803B0BDE8F04F78
S21401CA00FEF702BAB3F804C00098844510D893F82C
S21401CA1002C0A3F804B00CF1FF3C0131013A83F8DF
S21401CA2002C0C9B2D2B24FF0010A0A330134CAE7D2
S21401CA3001988444A3F804C0F7E703B0BDE8F08F7B
S21401CA402F5000206A40002010130020D43B002005
S21401CA50305000201FB51B4A1B4C1378013BDBB23C
S21401CA6013702068616801AA03C221891180174AE0
S21401CA70127813440A225A4304F10A01204618F098
S21401CA80B5FF9DF8063013F00F010BD11B09BDF859
S21401CA90040008BF9DF80C10002204B0BDE8104049
S21401CAA003F09CBCBDF80800FFF724FF8288ADF8B0
S21401CAB0082001AA034603CA1288186059601A8121
S21401CAC004B010BD2F5000206A40002030500020D6
S21401CAD0F8B5094D094F0A4E00243B783178E2B289
S21401CAE00B449A4204F1010400DBF8BD2846FDF729
S21401CAF07FFD0A35F1E700BF6A4000203050002074
S21401CB002F500020F8B51E46114B07460D4610461D
S21401CB1010491A78104B09781B780B44934206DBB0
S21401CB201F204FF6FF7114F017F80020F8BDFFF72D
S21401CB30E1FE013507808570044612F08FF8662302
S21401CB40E080237200206672FDF744F80120EDE7CD
S21401CB5097150020305000202F5000202DE9F04777
S21401CB60DFF86880DFF8689098F8007099F8005050
S21401CB701449844607EB050E00230A22DCB27445ED
S21401CB801DDA02FB04F6013331F806A0E24501EB9B
S21401CB900600F3D1631CAEEB03030A365A43314455
S21401CBA018F024FFA5428BBF05F1FF3507F1FF37CB
S21401CBB089F8005088F800700CB9034B1C70BDE86A
S21401CBC0F08700BF6A4000202E5000203050002021
S21401CBD02F500020044B054A1B781278D3420CBF15
S21401CBE001200020704700BF2F5000203050002049
S21401CBF0024B1878003818BF012070472F500020CC
S21401CC0008B50A4B0A48002119700A4B19700A4BDD
S21401CC1019700A4B1A7802EB8202520018F000FFD4
S21401CC20BDE808400648FEF78BB900BF305000202B
S21401CC306A4000202F5000202E500020971500201B
S21401CC401013002010B50B4C23784BB10A4803F0A3
S21401CC5055FD58B1084B0121188816F0DDFD08B9BD
S21401CC60002010BD054B01221A70FAE7FFF7F2FE0D
S21401CC70EAE700BF2F5000206A4000202E50002017
S21401CC8010B50E4B1B78BBB10D4C238883424FF079
S21401CC90000311D10B4A2172137049B9A3781033DE
S21401CCA0A37017F0FFF818B9A37823F00F03A37049
S21401CCB0FFF7D0FE012010BD1846FCE72F500020DC
S21401CCC06A4000202E50002010B504460146082276
S21401CCD0094818F08BFE237B022B0AD8002B14BFC1
S21401CCE03122012205490B709423CB73044B1A7031
S21401CCF010BD00230122F5E75843002054430020CD
S21401CD00A94F002070B5064692B00D460020C97A9C
S21401CD10FBF78CFF58B395F90A0016F04CFC044655
S21401CD2038BB154BEA7A83F85820AA7A83F85A203A
S21401CD3001466A46FCF744FF4FF6FE739E424FF0EB
S21401CD40000118BF2B89ADF8066008BF4FF6FF73C8
S21401CD506A460846ADF80430FDF712FA28B9074BC3
S21401CD602A895A80204612B070BD0224FAE78A2426
S21401CD70F8E78B24F6E700BFF43A0020544300207E
S21401CD80014BD873704700BF54430020014B1878FD
S21401CD90704700BF5443002010B5054C2378112B73
S21401CDA003D00448DB21EAF7ADFA4123237010BD16
S21401CDB0A94F0020E6180400064B1B78042B0146F9
S21401CDC004D1054A137C0533137470470348FEF7F4
S21401CDD01BB800BFAA4F0020544300203013002088
S21401CDE008B50648FDF704FC0548FDF701FC13F0FD
S21401CDF018FFBDE8084001F0B9BA00BF484300205B
S21401CE008E430020064B1878332806D000F0EF003A
S21401CE10A0F143035842584170470120704700BFB4
S21401CE20A94F002008B5084B00224FF6FE701A7075
S21401CE3016F011FC4FF6FF7016F02AFC034BD87B58
S21401CE40BDE8084012F03DBAA94F00205443002027
S21401CE5008B5064B187838B10548FDF7C1FF4FF401
S21401CE607A73B0FBF3F0C0B208BD00BF9E4F00203E
S21401CE70D83600202DE9F0438BB007469DF8489040
S21401CE80154698460E4649B9104605AC0BF01EF9F4
S21401CE9021460BF073FD932818BF2646B9F1000F03
S21401CEA00AD1124B1B781BB9284617F064FFD0B97C
S21401CEB028460DF003FB02E0284617F05CFF80F0E1
S21401CEC00104E4B29DF8503002939DF84C3003946F
S21401CED0CDE900932A4643463146384616F0F5FD1D
S21401CEE00BB0BDE8F0834C46ECE700BFA54F002031
S21401CEF02DE9F04F99B09A46BDF888B09DF890306C
S21401CF00239D0A930E469DF89430069211A9584621
S21401CF10099318F004FB05B3002800F01C816B7818
S21401CF20C3F34003059311AC8C4B1B781AF0800FAA
S21401CF300CBF4AF080075746022B17D04FF6FF78F2
S21401CF40002D40F07D810225584615F092FF2B46B4
S21401CF504246214618F06BFCB9E0584616F00AF82E
S21401CF600446002800F0F7800595DDE71EB97C4BE6
S21401CF701B78002BE2D02046FEF7DCFA80465846A6
S21401CF8016F00BF8012838BF0120C3B2079395B3FA
S21401CF90281D15F02DFF81460AF00203204608934E
S21401CFA018F0E0F921460B90824600200BF05EF85F
S21401CFB0089A0B9B0ABBFF281FD1F2F7F5FF694AB7
S21401CFC01278824200F029810B9B4FF6FF72934242
S21401CFD013D10DF017FA002800F01F814FF6F773F2
S21401CFE0994522D916F0EEFF13A98246FEF7BEFA3E
S21401CFF00028F7D02DE0C146CEE74FF6F7729145EF
S21401D00020D8934211D899450FD0194622460CA82C
S21401D0100DF0AEF90C980D9915AB03C30221BDF8BE
S21401D02038201A8015A80DF02BFB13A94846FEF7E9
S21401D0309DFA024628B9082113A816F0AEFA002870
S21401D04064D0CA460AF1FF339BB24FF6F67293429A
S21401D050C8D8059B1BB9444B1B78002B5FD158469B
S21401D06015F007FF079B01930123009352463B46A9
S21401D07021460DF0D7FA4FF6FF739842804600F02E
S21401D080CC80014600220CA80DF072F90C980D997F
S21401D09015AB03C30221BDF838201A8015A80DF080
S21401D0A0EFFA002D3FF450AF002E40F0CB804546FE
S21401D0B00123CDE90163C7F3C007059B00934246F0
S21401D0C0069803972B46214616F0FFFCA846059BBB
S21401D0D07BB14FF6FF7398450BD040460AF0F6FF3A
S21401D0E0FF281FBF214A32F8103023F4804322F86C
S21401D0F010300A9B7BB316F0A2FA269B00930146DA
S21401D1002346099842460CF0AFFC24E0082213A9F6
S21401D110204618F05BFC00287FF464AF91E7002DF1
S21401D1205ED0134B1B68980727D5069B0F2B21D083
S21401D130281D15F05DFE02230121CDE90131C7F35B
S21401D140C007002302460093069803974FF6FF7325
S21401D150214616F0BAFC19B0BDE8F08FA94F0020A1
S21401D1609E4F0020A24F0020A54F00201A4300200A
S21401D1702C370020099B012BDAD1281D15F038FE2B
S21401D18081460AF0A3FF0B90484616F0C2FB4FF605
S21401D190FF72904552D0C8450B9B4FD1FF2B46D00E
S21401D1A0184617F005FE784010F0EF0F14BF012364
S21401D1B0002340460B930AF089FF0890404616F07C
S21401D1C0A8FB0B9B56B14FF6FF71884506D0C845A4
S21401D1D004D0089A0240D2B2FF2AA9D1002BA7D1C7
S21401D1E0224651460CA80DF0C3F80C980D9915ABC4
S21401D1F003C35846BDF838201A8015F03AFE079B3F
S21401D20001463A4615A80DF0D7F930B9BDF85C804D
S21401D2104FF6FF7398457FF444AF4FF6FF789DB104
S21401D2200126281D15F0E4FD4546804640E7FF2807
S21401D23004D0089BB3FA83F35B09BAE70023B8E787
S21401D2400226EEE70026ECE701257DE6014B0022EB
S21401D2501A7470475443002008B50B4B1B78022BF9
S21401D26010D10A4B1B78033B012B0BD9084B1878BE
S21401D27000F001000DF0A2FB064B00225A609A60F6
S21401D2805A8008BD0020F3E7A94F0020AA4F0020CE
S21401D2909E4F00205443002038B5174D2B78033B92
S21401D2A0012B1CD8154BB3F868204FF6FF739A4232
S21401D2B015D10320FDF766FF02F0A2FBFFF7CCFFB6
S21401D2C02B78033B012B01D909F080F80020FBF7EE
S21401D2D069FC78B1BDE83840002015F0EDBEFDF7D9
S21401D2E03BFF0446FDF732FF0146204608F00EFAE2
S21401D2F00220DFE738BD00BFAA4F0020F43A002025
S21401D30008B5114A114BD8731378032B1BD0D3B130
S21401D310332B01D0432B10D10D4B1B78033B012B34
S21401D32005D803231370BDE8084011F0CABF11F0F9
S21401D330C8FFBDE80840FFF7AFBF21231370BDE863
S21401D340084002F073B908BDA94F002054430020DD
S21401D350AA4F002038B504461248FDF7F1FD124BDE
S21401D3601B78013B012B1BD8104D54B92B781BB1F0
S21401D3702C709D2011F0A5FF0024FFF76DFF2046BD
S21401D38038BDFF2C05D04FF47A7106486143FDF78E
S21401D3903BFD2B78002BEFD101232B709C20E9E776
S21401D3A07024EAE7D8360020AA4F00209E4F0020BE
S21401D3B038B5114D2B78834218BF2870044614F0F7
S21401D3C0CEF880B124B9204614F0CBF802220DE045
S21401D3D0012014F0C6F82B781A1F012A05D9062B4E
S21401D3E0F4D1032202E0002CF5D101220021BDE890
S21401D3F03840084616F07CBAAA4F002030B585B0F2
S21401D400044668460D4616F04AFB94B100212846AC
S21401D410144A16F0A1FC144B20681B788DF80430D2
S21401D420124B61681B788DF8053002AB03C306F01A
S21401D4307BF90F4B93F8582093F85A308DF8032058
S21401D4408DF8023016F018F9ADF8000016F0F7F86E
S21401D4501023ADF80600072269460020FDF7EAFD15
S21401D46005B030BD00F8FF078D150020AA4F00203B
S21401D470F43A002010B5134B1A78134B04460020DB
S21401D48083F85820FBF78EFB10B1002015F014FE30
S21401D49000210846FFF7B2FF0C4B1B78033B012B1C
S21401D4A00DD814F050F82046FCF7A2FE9B2011F090
S21401D4B008FF074A00231380064A138010BD0BF0AD
S21401D4C0E1FBF0E731500020F43A0020AA4F00209B
S21401D4D0304300202E43002010B5014604460020AC
S21401D4E0FBF7A4FB90B10C4B1B78023B032B0FD828
S21401D4F00A4B1C70FCF7BCF960B9094A0949FCF7EC
S21401D500BDFB002814BFA120002010BD8A20FCE727
S21401D5107020FAE73D20F8E7A94F0020315000209F
S21401D520C10B020075D40100F8B50646FCF7A0F958
S21401D530044668B9FBF736FB50B1064D204695F810
S21401D540587085F8586015F0B7FD10B185F8587019
S21401D5503D20F8BDF43A00201FB50446684616F093
S21401D5609EFA9DF805305A1E052A09D8054A9DF8E7
S21401D57004101278914203D12370002004B010BD2C
S21401D5809320FBE78D1500202DE9F041294B1B78F0
S21401D590012B80460E46174649D0274B1D78022D93
S21401D5A006D0032D43D118B9244B1B689B073ED4E4
S21401D5B03320FDF7E7FD01F0DDFCB6F1006F36BF65
S21401D5C01F4B05221A7831460620FEF763FA10F043
S21401D5D0FF0425D11B4D01202C7300F023FF16F00C
S21401D5E04BF868802846B8F1000F0DD0022300F8EA
S21401D5F0043B16F0FEFA6C73AF733946304613F0EF
S21401D600ECFA2046BDE8F081012300F8043B16F051
S21401D610F0FA6C73AF733946304613F0DDFAF0E773
S21401D6202846FDF7AFFDB8F1000FF4D0E5E770240A
S21401D630E7E700BFAA4F0020A94F00202C370020A3
S21401D640BF15002054430020034B187818B9034B2C
S21401D650034A1B78D05C7047A84F0020AA4F0020D1
S21401D660DB19040038B5174B1B78033B012B044626
S21401D67006D8437BDB0703D590F9090013F062FF58
S21401D680114B002583F859502079FFF74DFFFFF71E
S21401D690DBFF618824880346224628460DF0A8F958
S21401D6A0044620B19420FFF72BFE204638BD074DD7
S21401D6B007489423C821EB73FDF7A6FB03232B74BD
S21401D6C0F3E700BFAA4F0020F43A0020544300209D
S21401D6D030130020F0B5184D93B00646A5F8680043
S21401D6E00C4605F16A0709BBC5F86A107960002186
S21401D6F06A460846FCF764FAD5F86A30CDF8123067
S21401D70000217B68CDF816306A460846ADF81060F1
S21401D710FCF736FDB5F868004FF6FF73984203D064
S21401D72014B1064913F05CFA13B0F0BD082238466E
S21401D73018F05CF9DBE700BFF43A00205E3B0020FE
S21401D7402DE9F041DFF8BC801F4698F80030054609
S21401D7500C4616461BB170252846BDE8F081531EBF
S21401D760052BF8D8FCF784F80028F4D13B7B032B73
S21401D77014D14FF6FE739C4212D1012E09D0022E0F
S21401D780E9D115F05CFF4FF6FB73984203D815F00C
S21401D79056FF044604E016F015FCFAE7012EDAD02F
S21401D7A0EDB939462046FFF7ADFA05460028D3D134
S21401D7B098F80030332B03D0532B1CBF0F4B9873B4
S21401D7C03046FFF7F5FD00214FF6FF70FFF782FFA9
S21401D7D00B4B1B78002BBFD00BF028FABCE7397B2C
S21401D7E0CB1E594206F1FF3259415042504107F0D3
S21401D7F035F805460028D4D0AEE700BF54430020D4
S21401D800C0150020A94F0020F0B51E46184B07464C
S21401D81087B00C4601F1140051F8045B43F8045B31
S21401D8208142F9D109881980D4F80E00D4F8121073
S21401D83023886D4603C5ADF8083023798DF80B3083
S21401D84000238DF80A208DF80C303A466B464FF6C9
S21401D850FE710120FFF774FF40B96846FFF734FAFE
S21401D8602046FFF7FFFE08B9024B1E7007B0F0BD59
S21401D870664300203B5000201FB5144B1B88DB0776
S21401D880044607D44FF6FF700021FFF723FF002060
S21401D89004B010BD0A231A4601A90120FDF7CAFBF0
S21401D8A0BDF80C204FF6FF739A42EBD00822FF21F9
S21401D8B001A815F072FE0028E4D10CB90120E7E7B3
S21401D8C0BDF80C0001A9FFF705FFF7E7804300202C
S21401D8D038B50C46154615F0BEFE03F07DFF294609
S21401D8E02046FFF7F7FE00F097FD48B1074BDB79BE
S21401D8F00E2B28BF0E230133DBB2054A137038BD49
S21401D900044B1B78013B18BF0123F6E76643002052
S21401D91052500020AA4F002038B5002208210446A4
S21401D92015F03BFE0546C8B915F089FE2A464FF6A6
S21401D930FF71FFF7CDFF217C2046FFF75FFD62698F
S21401D940E189207C16F008FA054B1B78012B01D1E2
S21401D95007F0ECF8FFF7A0FC002038BD0120FCE73B
S21401D960AA4F002038B51D46FFF7EAFE0446D0B997
S21401D9702B7B032B284603D1BDE83840FFF7CCBFED
S21401D980FFF7A2F9094B9C8115F03AFE084B0121DD
S21401D9901A7881400620FEF77DF8254610F0FF0430
S21401D9A01CBF044B1D70204638BD00BF54430020E9
S21401D9B0BF150020A94F002030B5012087B0FFF722
S21401D9C05BFF154A0446516810686B4603C384B969
S21401D9D005F0B8FE02A816F062F8BDF80E004FF684
S21401D9E0FF7522462946FFF773FF13F0FFF807B0CD
S21401D9F030BD0A4AD2F86A00D2F86E10B2F8685002
S21401DA006B4603C305F09EFE02A816F048F8BDF863
S21401DA100E006A46E6E700BFE8DA0300F43A0020A3
S21401DA2073B53A4B1B7804461BB17024204602B0EE
S21401DA3070BDFBF71DFF0028F7D100F0FDFC14B107
S21401DA40334B22881A800DF10700FFF785FD002869
S21401DA5058D116F0BFF804460028E7D12D4D9DF8A1
S21401DA600700FFF7A5FC2B785A1E012A1FD8FFF7DF
S21401DA70A3FF2B78033B012B01D801F029FAFFF70E
S21401DA800BFC012015F087FD00283DD12B78033BC8
S21401DA90012BCBD81E4B188810F0020524D01E4946
S21401DAA00522012002B0BDE87040FFF76DBD033BC3
S21401DAB0012B04D82046FFF7DFFE0028D7D12B78AC
S21401DAC0053B012BB2D8FFF777FFFFF7E5FB2B7875
S21401DAD0052B0CBF04200520FDF754FB012002B0E6
S21401DAE0BDE8704015F057BD0C4E02230B2231469F
S21401DAF00120FDF79FFA33885B0797D5284601F08A
S21401DB00FBF993E7932491E704468FE7A94F00209A
S21401DB1080430020AA4F002000F8FF072C43002076
S21401DB202DE9F3476D4D6E4E012307466C486B7326
S21401DB308846144600F020FC13F006FD38B9012F84
S21401DB4001D9042F10D12146404611F0F0FB1020D8
S21401DB5000210AF0C1FB002800F0B780002002B0C7
S21401DB60BDE8F047FCF736B8002CF0D15D4B1B78CA
S21401DB70212B03D0062B01D0532B02D101F056FDE9
S21401DB80E5E7FDF7CDFB0028E1D000F045FC38B90C
S21401DB902B7B002B0CBFAB209420FFF7B1FBD6E705
S21401DBA0514B0193304600F0E7FB20B14F4840F659
S21401DBB06901E9F7A7FB4949307B01AA13F0A0FCEC
S21401DBC095F80090B9F1000F03D14548FFF74AFDDB
S21401DBD0BDE7DFF83881DDF804A015F030FD98F8D0
S21401DBE00030033B012B044606D8737BDB0703D5C5
S21401DBF096F9090013F0A6FC15F021FD3C4B3D4FAC
S21401DC00188015F039FD3C4B1880FDF79FFA3B4B09
S21401DC101880FDF7A1FA08220146394817F0E6FEFA
S21401DC2015F0EEFC374B18703079FFF77DFC7088E5
S21401DC300021FFF74FFDFDF773FB60B1631E9BB23A
S21401DC404FF6F672934206D916F0BCF9B7F868306B
S21401DC5083420446F8D0204615F0FDFC308815F0C6
S21401DC6017FDB7F868004946D047044608B918209A
S21401DC7093E7B7F8681015F03BF9002387F8593099
S21401DC802B7803F0FB03022B02D0204615F00DFF84
S21401DC9000231A4619462046FEF734FF98B194230E
S21401DCA0EB7398F80030042B06D11748C821FDF70E
S21401DCB0ABF803232B744AE713484FF41671FDF7AC
S21401DCC0A3F80023F6E7942067E7FEF791FF002804
S21401DCD07FF444AF02B0BDE8F08700BF5443002094
S21401DCE066430020A94F0020313C0300E6180400DB
S21401DCF052430020F43A0020504300204E430020B7
S21401DD00325000203A50002030130020AA4F002045
S21401DD107FB5194E194D00243278E3B29A4201D8E4
S21401DD2004B070BDB5F868204FF6FF739A421AD05A
S21401DD30134B1B88DB0714D5124AB5F868301068F8
S21401DD405168ADF80C3001AB03C30A231A4601A98A
S21401DD500020FDF76FF90C4902230B220020FDF786
S21401DD6069F90134D8E707480022082115F015FCA7
S21401DD700028F6D1DCE700BF99150020F43A002010
S21401DD80804300205E3B00202C43002010B501F0AC
S21401DD90F1F802F003F8D8B10E480F4CFDF7D0F8B1
S21401DDA00E48017A0E30FFF729FB23781BB100F0ED
S21401DDB0C5FA002323700A4B00221A73FFF76CFA88
S21401DDC008F008FD01F060F9BDE81040FFF7A0BFBC
S21401DDD010BD00BF301300203B50002066430020DA
S21401DDE05443002010B52548FDF7AAF801F0D6FFE8
S21401DDF030B1234B1B781BB9BDE81040FFF7C6BFF7
S21401DE0001F0CCFF78B11F4C237C83B11B48C8219D
S21401DE10FCF7FAFF237C013B23740021BDE8104088
S21401DE200846FBF741BFFDF77BFA0028EBD1FDF76B
S21401DE3077FA154B1B7858B9112B03D003F0FD0365
S21401DE40412B19D10F4BBDE81040D87BFFF758BACC
S21401DE50332BF7D10D4B188815F0FDFB0C4B1888AA
S21401DE6015F016FC0B4B0C491888FFF733FC0B4BCF
S21401DE701878FFF759FBE5E710BD00BF3013002007
S21401DE80A54F002054430020A94F002052430020F4
S21401DE90504300204E430020325000203A500020CC
S21401DEA02DE9F04F85B00F4602AD044629463846A7
S21401DEB0914617F034FB4FF0000B82463846CDF8FA
S21401DEC004B015F0DEF84678022C804606F002060D
S21401DED009D85CB1FDF724FA044600283CD1734BFF
S21401DEE001241B7859E0043C022C2ED9FDF718FAC0
S21401DEF0384615F03FF80024DFF8B4A10546A046E1
S21401DF00384615F0BEF850F8093001930DF10500BA
S21401DF1014F06EFF9DF807B00746B8F1000F09D060
S21401DF20BAF1000F06D062490822504617F04EFD9E
S21401DF30002851D1BBF1000F34D14FF6F7739F4241
S21401DF4030D99420FFF7DCF946E015F0F7FDFDF730
S21401DF50E7F90446F8B15C464EB1564B1B78012BE7
S21401DF6002D0043B012B0BD805B0BDE8F08F4F4B18
S21401DF701B782BB14F4B1B7803F0FB03022BF3D01E
S21401DF80BAF1000F404608BF002517F0BBFA4FF064
S21401DF9001088246B4E7454B1B78002BF0D0002ED3
S21401DFA0EED1E1E7DFF8049199F8003003B11EB332
S21401DFB014B3414B1B78022B1ED1BBF1000F14D1B9
S21401DFC0384615F048FB58465946FFF717FA08F049
S21401DFD001FC992011F075F90020FAF7E3FD0028FD
S21401DFE0C2D0002015F068F8BEE7FDF799F948B1F0
S21401DFF03248FCF7A5FFA4E7FDF792F910B1BBF193
S21401E000000FF5D1FDF78CF90028E5D02846FDF77D
S21401E010B3FFFF28DFF8A0A0294C03D09AF8003000
S21401E020012B04D1B4F868002946FEF713F9FEF770
S21401E030CFF92A46B4F868103846FFF749FC214B59
S21401E040214A93F906301B0213809AF80030012BFF
S21401E05018D0312B14BF432311238AF800301B4BF1
S21401E06016481968134CFCF7CFFE00F031FF99F8FB
S21401E07000100023237439B91048FCF7C5FEAD2300
S21401E080E373A9E71123E8E7B8F1000F03D016B14F
S21401E090FFF77CFEF3E70E4B1B78042BEFD1074806
S21401E0A00521FCF7B1FE09232374E8E7A54F0020FC
S21401E0B01F50002054430020A94F00203013002099
S21401E0C0F43A0020664300207E43002050130020CF
S21401E0D0AA4F00202DE9F04308468FB00D4614F0F4
S21401E0E0D0FF092200218046FBF7F6F804462846B1
S21401E0F014F040FF0DF10D030746052206A9284638
S21401E10012F079FD022881461CD09DF80D301C4482
S21401E110E4B204F110020023D2B22946012018F815
S21401E120046011F05BF868B1072E09D856B1013EBC
S21401E130062E07D8DFE806F00918067B06254100FB
S21401E1407C2E45D00FB0BDE8F083534B1B78013BC6
S21401E150012BF7D8284614F08CFE002300942A469B
S21401E160194615F0EFFCEDE74C4B1B78012BE9D176
S21401E1704B4B18780028E5D122462946FFF790FE3A
S21401E180E0E7454B1B78013B012BDBD8384609F00D
S21401E1904BFF4FF6FF739842044606D0284614F00C
S21401E1A068FE2246394617F031FB3C4B1B78022BA2
S21401E1B0C8D1384611F039FAC4E7374B1B78013B12
S21401E1C0012BBFD806AA4946284600F047F9B9E709
S21401E1D0314B1B78013B012BB4D8A04498F80120A1
S21401E1E098F80230652AADD16D2BABD12846FCF7E5
S21401E1F0F5FB1334E4B28442A4D20822394604A8BB
S21401E20017F0F4FB0DF10E022146284617F0C8F868
S21401E210002897D1BDF80E10002993D0214C012378
S21401E22004A8237011F07AF9002323708AE71A4BA9
S21401E2301B78013B012B85D8062200214046FBF7BF
S21401E2404BF8404414F0D4FD07460CF0A9F80446F8
S21401E25000287FF477AF284614F006FEC3047FF546
S21401E26071AF46F20403ADF81030CDE90044022345
S21401E27004AA0121384617F0E2F8064600283FF4C2
S21401E28061AF394614F034FE284614F0F2FD2246FA
S21401E2903146FDF7F1F955E7AA4F0020A94F0020B6
S21401E2A0544300206D500020064B187040B1064BB9
S21401E2B01B882BB14FF47A7104485943FCF7A4BD6F
S21401E2C0704700BF9C4F00203A150020D83500202B
S21401E2D0014B1878704700BF9C4F002008B5FCF72B
S21401E2E02FFE024B00221A7008BD00BF9C4F002073
S21401E2F084B010B502AC84E80F000F4CBDF80820BE
S21401E30063889A4204D00020BDE8104004B07047EC
S21401E3100822211D0DF1160017F058FB02460028B1
S21401E320F1D10821201D15F038F90028EBD16088BD
S21401E330003818BF0120E7E754430020034A044889
S21401E34000231380034A1370FCF7FABD82430020B2
S21401E350541300204650002008B50348FCF7F0FD92
S21401E360BDE80840FFF7EABF541300200148FCF758
S21401E3703FB900BF8243002037B5054698B10C4B24
S21401E3801B7893B100210B4814F0CAFE0024014605
S21401E390162300942246284614F0F8FF064B204622
S21401E3A01C7003B030BD0220FBE77020F9E700BF08
S21401E3B046500020824300203C500020F7B5054619
S21401E3C018B3134C13482378124F013300212370DE
S21401E3D014F0A6FE00260146237819B9013B2370E6
S21401E3E001200AE0F2B2934209D1002400941623D8
S21401E3F02246284614F0CAFF204603B0F0BD384630
S21401E40014F0E4FE01360146E6E70220F5E700BF18
S21401E4103C50002082430020014B1878704700BF13
S21401E4204650002025289DBF024B18700020022070
S21401E430704700BFC215002007B5012318460D22FC
S21401E4400DF10701FCF7F6FD9DF80720024B1A7047
S21401E45003B05DF804FB00BF3C150020F8B5074685
S21401E4600E46144614F086FD194B1B78022B054602
S21401E4702CD1184815F04BF840BB284612F0D6FBB5
S21401E48020B322463146384612F0CCFBF0B1E9F70C
S21401E49093F80446384614F0ECFC0F4B1A780F2319
S21401E4A093409BB2B4FBF3F203FB12440134012EFA
S21401E4B0A1B206D1094B0A4A1E702B6813606B681D
S21401E4C05360BDE8F8400348FCF79EBCF8BD00BFAA
S21401E4D0A94F0020F8360020C11500204550002025
S21401E4E03D50002084B010B502AC84E80F002848E7
S21401E4F0089C08220DF1160117F068FA08BB9DF872
S21401E50015309A0705D4234B1B7803F0FD03312BF6
S21401E5101DD121496378097803F00F028A4203D09E
S21401E520012922D1022A12D1227882B91B09022B93
S21401E5300DD11A4BA0781B78022B1AD1C0F380009C
S21401E54006E013480022082115F027F820B900201C
S21401E550BDE8104004B07047114BBDF808205B8839
S21401E5609A42CCD0002BCAD0F1E70229EFD1012A7A
S21401E570D9E7030609D40B4BB3F86820BDF80A3077
S21401E5809A42E4D1FEF73EFCE2E70120E0E700BF55
S21401E59058430020A94F00208D150020AA4F0020C7
S21401E5A054430020F43A0020F0B5284B87B05D882C
S21401E5B000238DF80830264B1B780DF10B0043F035
S21401E5C020038DF8093015F014FB6FF07F43ADF88A
S21401E5D013308DF8153015F0B4FB1E4B8DF8160070
S21401E5E01B78DB00DCB2F1F7DFFC1B4B1B7805F078
S21401E5F00107834205F010062CBF44F0040344F0E3
S21401E60084032FB1A9061ED426B143F0020301E00C
S21401E610AA07F9D4002108468DF80A30FCF788FAD3
S21401E620ADF8060058B101230F2202A90DF106002C
S21401E630FCF704FB18B90DF1060012F05EFFBDF8F9
S21401E640060007B0F0BD43F00103DDE73C150020EE
S21401E6508D15002052500020A24F002010B5FCF767
S21401E6606FFC0A4B1B78022B0CD1094B1B78033B22
S21401E670012B07D9074C207828B1002012F0D9FACF
S21401E6800023237010BD17F097F8F9E7A94F002073
S21401E690AA4F00204550002084B02DE9F04F89B0E4
S21401E6A012AC84E80F00DFF860C1544BBCF80200DE
S21401E6B09DF84DA09DF95220BDF860E09DF865904B
S21401E6C09DF966509DF868709DF96A10BDF848B0CE
S21401E6D09DF94E809DF850601B7810F0010434D0EF
S21401E6E09DF86D00C0F34004C0F38000002B48D0B5
S21401E6F0434B1B78022B09D18A4242DB23D1B81B3C
S21401E700C0B280288CBF0020012015E03D4B1B784D
S21401E710012B00D1BCB178B19CF800301E335BB23E
S21401E7209D42D4BF002501259845D4BF002301236F
S21401E730AB4206D18A42E1DA09B0BDE8F04F04B037
S21401E74070472846F8E70020F6E7840718D5C3B1D6
S21401E750490814BF01200020520814BF01230023DA
S21401E7608342E9D1BB1BDBB2802B0AD9BE42EAD178
S21401E770A84506DBE7D1D14594BF00200120DBE7A1
S21401E7800BB90120D8E7BE4216D018AD0FCD02ACAA
S21401E7900FC495E8030044F8040B2180DDE9160157
S21401E7A012AB0090ADF804100FCB12F0A0FE0028BB
S21401E7B0E7D1BE42A3D1BFE7F34518D00DF1700BE8
S21401E7C09BE8030018AC0090ADF8041094E80F0025
S21401E7D0FFF78EFD0028D4D19BE803000090ADF82A
S21401E7E0041094E80F00FFF783FD0028C9D1A8455F
S21401E7F0C7DBCAD1D145C4D8C7E700BF4650002001
S21401E800AA4F0020A94F00203C15002084B02DE916
S21401E810F04F8FB06A4E18AC08AD84E80F00162290
S21401E8200021284617F0FCF833783BB90024654BE5
S21401E83032781B789A4239D2002726E06248DFF800
S21401E8408891002114F06CFC00270446B846002C81
S21401E85045D13FB15C482246394614F0F2FC337884
S21401E860013B33703378002BE0D05748DFF858B1BE
S21401E870002114F055FC4FF0000980464F46CA4669
S21401E880B8F1000F6CD1002FD1D01621002218A8A4
S21401E89014F02FFC014648B1002F00F08B804A4847
S21401E8A0224614F06AFC337801333370454B3278D4
S21401E8B01B789A4207D944480022018814F0C1FC0B
S21401E8C03378013B33703378012B03D13F494048FD
S21401E8D0FCF79AFA0FB0BDE8F04F04B0704700227B
S21401E8E02146CDF800801623284614F04FFD162247
S21401E8F0294618A817F06AF80028EBD09DF864207E
S21401E9009DF824309A4225D1BDF86020BDF820300C
S21401E9109A421FD108220DF12E010DF16E0017F05B
S21401E92055F8B8B90DF1600CBCE80F0002AF0FC77F
S21401E9309CE8030047F8040B0EAB398013E903008B
S21401E9400090ADF8041095E80F00FFF7A5FE00282B
S21401E950C0D027462146484614F038FC044676E7E0
S21401E960162300224146CDF800A0284614F00EFDDD
S21401E9700DF1600CBCE80F0002AF0FC79CE8030066
S21401E98047F8040B0EAB398013E903000090ADF88D
S21401E990041095E80F00FFF77FFE074620B1B9F196
S21401E9A0000F04BF444681464146584614F00EFC0B
S21401E9B0804665E704483A4614F0B8FB73E700BFA3
S21401E9C046500020C21500208243002020BF0200CE
S21401E9D0541300202DE9F04F9FB010AF00210446DC
S21401E9E0162238460E91CDE90C11CDF83B1017F0E2
S21401E9F017F80DF11F03052216A9204612F0FBF8A1
S21401EA000228804600F00381204614F03AFB0646B1
S21401EA1014F0EEF98146F01C14F0EAF9ADF8400066
S21401EA20701D14F0E5F9B8F1010FADF8420020466B
S21401EA3040F0F08014F025FB05462046FBF7B2FFB8
S21401EA400D352D1AEAB23B462146082010F0C6FBCA
S21401EA50002800F0DC80204614F018FBB8F1010F06
S21401EA609DF84D30834640F0EF8043F001030025CA
S21401EA708DF84D3016AE04953388022B58D1F178B7
S21401EA800231C9B22046FCF77DF91B2850D1F17836
S21401EA900331C9B22046FCF775F9192848D1F17837
S21401EAA00431C9B22046FCF76DF94A2840D14FF02F
S21401EAB0050AF17801315144C9B22046FCF762F9E2
S21401EAC0F17851448046C9B22046FCF75BF900EB69
S21401EAD0082083B200F03F02932B059240F0A280FB
S21401EAE096F80380D0445FFA88F808F10203DBB297
S21401EAF004930023049A009321460F230CA814F0D4
S21401EB0045FC08F11101C9B2204614F08CFC08F14D
S21401EB1013010546C9B2204614F085FCADF8420043
S21401EB20059B023353445FFA83FA33795345C0D8C1
S21401EB3006360DF17603B3429ED19DF84D20C5F3FE
S21401EB40C03363F3410220468DF84D2014F030FAAD
S21401EB508DF84400204614F020FA8DF84500204632
S21401EB6014F020FA9DF832308DF84600C3F3C30244
S21401EB708DF84720DDF83320CDF84E20BBF1190F74
S21401EB80DDF83720CDF852208CBF9DF83E200022BC
S21401EB908DF8482003F003028DF84A206F4A127858
S21401EBA0022A9DF84D200CBFC3F38003DB0963F3F3
S21401EBB082026B4B8DF84D201B78022B59D1BDF884
S21401EBC0406014F059FD864253D108A815F011F89B
S21401EBD0BBF1190F4AD908220DF14E0108A816F00B
S21401EBE0F5FE00283FD1B9F5004F02D0B9F5624FC6
S21401EBF00DD125F4404540F6FF739D4207D1002212
S21401EC0008210DF14E0014F0C8FC002841D01FB0B9
S21401EC10BDE8F08F14F035FA05462046FBF7C2FE34
S21401EC2007350EE7412B7FF47BAFF1780231514473
S21401EC30C9B22046FCF7A6F84A4B1B78C3F1B303CA
S21401EC4018448DF849006BE76FF30003F01D8DF84B
S21401EC504D3014F0CDF80CA90546204615F011F8F4
S21401EC600023049369E700F07FFFBCE700F07CFF18
S21401EC70CDE7B9F5004F02D0B9F5624FC7D125F4FB
S21401EC80404540F6FF739D42C1D1BBF1190FBED975
S21401EC90B5E7BBF11A0F06D004991F313A46C9B23F
S21401ECA0204612F02CFC304C304D637BDBB12B78C8
S21401ECB0012B1DD1012323730CAB029314AC94E8F2
S21401ECC003000090ADF8041097E80F00FFF70AFC68
S21401ECD090B194E803000090ADF8041097E80F0097
S21401ECE0FFF794FD08E0FCF71BFB0028DFD0E1E707
S21401ECF003F0FD03042BDDD02B78012B01D0042B70
S21401ED0085D11B4BDDF84E001B788DF82230BDF8FF
S21401ED104030ADF820309DF84D30DDF85210C3F389
S21401ED2040038DF823309DF8313003F00F038DF842
S21401ED302C309DF848308DF82D3009AB03C30D4BB0
S21401ED401B681BB1394608A8984760E79DF946201D
S21401ED509DF8451008A810F0D5FA58E7AA4F0020EC
S21401ED60A94F00204D500020544300202950002078
S21401ED704C500020CC3B00202DE9F043424B434C45
S21401ED801B78033B012B85B022D80FF06CFF23784C
S21401ED90022B31D13E4A1468A0422DD03D49106065
S21401EDA00A68121B10443C4A0860127872B1013A94
S21401EDB093403C2253434FF47A72534398421BD9F3
S21401EDC0032005B0BDE8F043FCF7DCB90A23F2E7FF
S21401EDD00FF049FF2378022B0ED12D4A1568A84261
S21401EDE00AD0DFF8C0802D4E1060451B002798F82A
S21401EDF00030FCB2A34202D805B0BDE8F08356F855
S21401EE0024302B4446F82430204609F0EFF9C30796
S21401EE104FF0000910D5204609F0B6F970B156F842
S21401EE202430242B08D9CDF8009010220023204648
S21401EE3009F0FAF946F824900137D8E7184B1B5D1C
S21401EE4013F00F031FBF03F1FF32022393403C224E
S21401EE5014BF53430A234FF47A72534356F82420BF
S21401EE609A42E9D9204609F0AFF802A915F05EFFEB
S21401EE7028B1204609F0A8F802A911F0B2FE2046F2
S21401EE8015F0E9FFD8E700BFAA4F0020A94F0020E0
S21401EE90243700202037002088150020BC350020AC
S21401EEA0644F00209F150020064B1B88DB0708D502
S21401EEB0054B002243F82020044A135C63F00F033D
S21401EEC01354704784430020BC350020644F002053
S21401EED008B50FF0C8FE034B1860034B00221A60FA
S21401EEE008BD00BF2437002020370020014B1868DA
S21401EEF0704700BF2037002008B50C48FCF720F803
S21401EF00FCF792F980B10A4B0322B3F8681001208E
S21401EF1012F015FB074B05481B884FF47A715943CD
S21401EF20BDE80840FBF770BF08BD00BF74130020A2
S21401EF30F43A002022150020014B1880002070476B
S21401EF4040150020044A054B1870138823F003036C
S21401EF501843108000207047844300208915002044
S21401EF60034B1888C0F30E00003818BF0120704705
S21401EF702C43002008B5FFF7F3FF30B10449002009
S21401EF8002230B220880FCF755F8002008BD00BFBD
S21401EF902C430020024B1888C0F30E00704700BFB8
S21401EFA02C430020084A094900231370084A1370AD
S21401EFB0084B094A1B7843F00403138001200223FF
S21401EFC00B22FCF737B800BF495000202C43002025
S21401EFD048500020891500208443002013B51446AC
S21401EFE08DF80710CAB9CAB20E2A16D80D4B1B885F
S21401EFF01341DB0711D509F069F8FF2801460ED049
S21401F000094B9DF807201A5401230DF107021B2016
S21401F0100FF061FE204602B010BD0124FAE702247B
S21401F020F8E700BF40150020644F002030B585B0DA
S21401F0300024114D019401210B2300918DF80C3011
S21401F0408DF80D000323B5F868008DF80E4003AA6D
S21401F05016F0F5F968B1B5F8681014F020FF40B164
S21401F060064B074805221A70064B64211C70FBF7F5
S21401F070CBFE05B030BD00BFF43A0020485000205A
S21401F0809413002049500020064B1B78033B012BAC
S21401F09006D8054B1B781BB9044B1878FFF7C6BF7B
S21401F0A0704700BFAA4F0020475000208815002057
S21401F0B008B51548FBF744FF144B1978F9B9144AFB
S21401F0C013787BB1013B1370124B1B78042B02D1D2
S21401F0D00846FAF7E9FDBDE808400B484FF496717B
S21401F0E0FBF792BE0C4B1B8803F00303022B0AD1DD
S21401F0F0BDE80840094903220120FEF745BABDE8EC
S21401F1000840FFF7C1BF08BD9413002049500020F6
S21401F11048500020AA4F00202C43002000F8FF078B
S21401F1201FB50C238DF80C300B4B8DF80D001B888A
S21401F13023F004030C468DF80E3001210023CDE99F
S21401F140001303AA0323204616F079F910B12146CD
S21401F15014F0A5FE04B010BD84430020F8B50646A1
S21401F16013F0F2FE0546304616F08DF9411C0446B2
S21401F170C9B23046FBF706FE02340746E1B2304616
S21401F180FBF700FE394602462846FFF727FF02280E
S21401F19016D02946FFF7C4FF0A4B1B8803F003036A
S21401F1A0022B0DD1284608F091FFFF2808D0064B08
S21401F1B0002243F82020054A135C63F00F03135422
S21401F1C0F8BD00BF84430020BC350020644F0020FA
S21401F1D0084B1A785AB1013A022393404EF6602240
S21401F1E0534303210448B3FBF1F1FBF70DBE42F292
S21401F1F01073F6E7881500209413002070B50546B5
S21401F2001748FBF79DFE174B012228461A7016F089
S21401F2103AF9411C0446C9B22846FBF7B3FDA11CC6
S21401F2200646C9B22846FBF7ADFD0F4C02232080E7
S21401F2300B2221460020FBF7FDFE86B9238803F04A
S21401F2400303022B03D1FFF743FEFFF7C1FF238819
S21401F2505B0704D5BDE870400448FFF74DBE70BD9E
S21401F26094130020495000202C43002074130020E2
S21401F2702DE9F0411A4C238886B005464BB3DFF8DA
S21401F280688000214FF4807009F08EFA98F80030FB
S21401F290DB071CD501212088FBF70EFC07462088DA
S21401F2A013F0EFFE023013F0A3FD03A906462088F3
S21401F2B016F0F1F998F8003013F0020F18BF002588
S21401F2C000953B4603AA314606200FF048FF00236F
S21401F2D02380044806B0BDE8F041FBF731BE00BF0D
S21401F2E08A430020B41300204A5000202DE9F0473D
S21401F2F0384F3E8880460C4615469946002E48D023
S21401F300104613F0CCFDB0F5006F42D1284613F03D
S21401F310D9FD824608F0DAFEFF283AD02CB12E4AF3
S21401F32032F81030334322F81030B6F5007F44D05F
S21401F330B6F5806F41D0B6F5807F2AD1274B1B8862
S21401F340AB422AD14FF6FF718A4522D0284613F0E8
S21401F350CFFD304609F056FA78B9402C1BD008D8B4
S21401F360CCB13F2C08BF312018BFD220FFF780FF59
S21401F37009E04C2C08BF8D20F6E70220002108F09A
S21401F380ABFF0028E9D1164A00231380154A3B80BB
S21401F3901370BDE8F0872046E8E7114C2388AB429E
S21401F3A0F7D14FF6FF718A45F3D025B1284613F001
S21401F3B09FFD002323800023E8E70A4A00231370F9
S21401F3C03B802A464B4621464046BDE8F04714F0AE
S21401F3D076BA00BF864300201A4300208A430020E5
S21401F3E0884300202E50002010B50446CA20FFF79F
S21401F3F03FFF01214FF4807009F0D6F958B1064B52
S21401F40006481C80064B00221A70064BBDE81040C9
S21401F4101988FBF7F9BC10BD8A430020B4130020FD
S21401F4204A50002024150020044A137818B943F0E6
S21401F43001031370704743F00303FAE74A500020B4
S21401F4402DE9F04FDFF84C9199F8006087B0002E57
S21401F45040F08C80DFF840B1DFF840A19BF8003027
S21401F460F4B2A34207D8434B00221A8007B0BDE886
S21401F470F04FFDF7E7BB20463AF8145008F084FE3B
S21401F4808046002860D0204608F09EFD15F40071E5
S21401F490074645D001464FF6FF720E2014F012FEC5
S21401F4A00546002850D0394613F022FD4FF400736C
S21401F4B0304E33803AF81420002722EA03032AF854
S21401F4C01430102200230097204608F0ADFE2A4B88
S21401F4D01B88DB0707D5294B294A43F82470135D9F
S21401F4E063F00F0313551820264B00936043002149
S21401F4F0254C01910123205C2A46FAF7F9FB0028E6
S21401F50014BF0123002389F8003005D13388B3F5F1
S21401F510807F01D11D4B1880404607B0BDE8F08FB3
S21401F520680513D5059114F04DFD05990122034692
S21401F5300092CDE901113A460720FDF79BFC4FF4F6
S21401F54080630546002DB3D1013687E7104B188836
S21401F5500028F9D0EA05F7D5394613F0C9FC0C4B5B
S21401F5601D880A4B1D804FF48073EBE74FF00008AF
S21401F570D2E700BF8643002084430020BC3500202C
S21401F580644F0020EDF20100D816002088430020C9
S21401F5908A4300202E5000209F1500201A43002089
S21401F5A030B501F0400387B0002B4FF0040205464A
S21401F5B014BF012400248DF80C208DF80D1004D002
S21401F5C004A915F0B3FB40B304ABCDE9004303AA8D
S21401F5D002230121284615F032FF0446F8B1114BEB
S21401F5E01B78033B012B04D80F4BB3F8681013F0BC
S21401F5F07FFC4FF6F7739D420AD90023322202217F
S21401F6002046FDF77FFA80F00100C0B207B030BD9A
S21401F6102946204614F043FCF5E70120F6E71820BA
S21401F620F4E700BFAA4F0020F43A002010B5FFF718
S21401F630A1FC04F0E1FE14F030FA002015F06DFB99
S21401F640FAF716F908B1FCF7D1FA1F4C2378532BB9
S21401F65010D1032300210120237014F0D5FA0020D5
S21401F660F9F7A0FA10B1002013F026FDBDE810400E
S21401F67011F069BF062B01D0212BF0D1012014F027
S21401F6808FFA4FF6FE7013F0E6FF4FF6FF7013F099
S21401F690FFFF0020FDF75EFE0020FDF789FEFDF767
S21401F6A0DBFD00F061FB11F051FF2378212B02D125
S21401F6B0FDF7B8FBD3E70020FBF764FD00214FF40C
S21401F6C0004015F017F9CAE7A94F002010B50A4CFB
S21401F6D00A48FBF735FC2378062B02D1012014F0EB
S21401F6E05FFA2378062B01D0532B03D1BDE81040D7
S21401F6F0FFF79CBF10BD00BFA94F0020D413002008
S21401F7002DE9F84FDFF8CC8004460E461746FFF782
S21401F71031FC98F8005015B97020BDE8F88F212DFE
S21401F720FAD0DFF8B49099F80030012B01D1A30686
S21401F730F2D4274813F0EBFE0028EDD114F0200494
S21401F740DFF898B0DFF898A005F00F053946304687
S21401F7501BD011F044FA012D8BF80070AAF8006056
S21401F76033D1212388F80030FFF760FF0020D4E76B
S21401F770212388F80030FFF759FF00214FF6FE706D
S21401F780FDF7A8FFFEF7C4FAF0E711F027FA012DFE
S21401F7908BF80070AAF80060EAD0062321464FF6DF
S21401F7A0FD7088F80030FFF7FBFE99F80030084836
S21401F7B0033B40F6020240F22621012B88BF114688
S21401F7C0FBF722FB002CD1D1D7E75323E6E700BF96
S21401F7D0D4130020A94F0020AA4F00204B50002030
S21401F7E0421500202DE9F3410F46511CC9B20546CA
S21401F7F03846FBF7C7FA0446384613F042FC06467D
S21401F800023013F0F5FA414B1B78022B804604F0C8
S21401F810400202D0043B012B06D83D4B1B68580220
S21401F82005D5A10603D48AB302B0BDE8F0816AB358
S21401F830384A1278D11E01291CD8374BB3F86830E4
S21401F840AB42F1D173781F0719D5304615F05AFE31
S21401F8503249082216F0BAF8B0FA80F040090028BA
S21401F860E2D00122294604F0200002B0BDE8F041B2
S21401F870FFF746BF022AD7D1DB01D5D4E2E713F062
S21401F880DEFEA0EB080670427041E8E7214B1B78CC
S21401F890013B012BC8D87378D906C5D569463846C9
S21401F8A015F03DFE6946002008F0E0FBFF280646FD
S21401F8B00BD0A20601D414F012FA304608F084FBED
S21401F8C004F0BCFD304615F0C6FA284614F021F8BF
S21401F8D0FF280DD0FCF792FB14F0200608D113F098
S21401F8E0AEFE28B1334602226946284605F0B4FE2C
S21401F8F013F0A5FE002897D1A30695D44FF6FF7303
S21401F9000222694628460FF041FC8DE7A94F0020E8
S21401F9102C370020AA4F0020F43A00201F50002068
S21401F92038B504460D4608F0D1FBFF28034615D02E
S21401F9300B4A127842B10B4A32F81020520403D512
S21401F94015F089FA002038BD184614F0C8F945F0BC
S21401F95040012046BDE83840FFF722BE0120F2E70D
S21401F960A54F00201A43002038B5054613F089FB41
S21401F9700446284615F087FD411CC9B22846FBF708
S21401F98001FA42060DD563781B070FD5204615F000
S21401F990B9FD0146002008F069FBBDE8384015F0C6
S21401F9A05ABABDE838400248FFF790BE38BD00BFDE
S21401F9B0D413002038B54FF6FF75A842044617D079
S21401F9C013F05AFEA04213D00A4B19884FF6FD7267
S21401F9D091420DD9084A1288AA4201D0A24207D103
S21401F9E01C800648BDE838404FF47A71FBF70CBA24
S21401F9F038BD00BF2C15002044150020B836002065
S21401FA0008B50448FBF79CFA034B4FF6FF721A80C1
S21401FA1008BD00BFB83600202C150020024A137816
S21401FA200BB1013B13707047984F002008B513F0D7
S21401FA302FFE064B00214FF6FF7208461A80FDF78F
S21401FA40DDFCBDE808409A200FF03BBC2C150020D9
S21401FA5008B5FBF775FA0A4B1B78023B032B08D84F
S21401FA60084A10884FF6FE7398424FF6FF7301D18D
S21401FA70138008BD9842FCD0BDE80840FFF7D6BF0A
S21401FA80A94F00202C15002010B5084B1B78042B1D
S21401FA900AD013F0D4FD00210446084614F03DF9BF
S21401FAA0231A5842584110BD0020FCE7AA4F0020F7
S21401FAB0F0B589B000260546CDE90566ADF81C60AF
S21401FAC015F0E1FC0A23024604460096294605A8DD
S21401FAD013F05CFC9DF815309DF814701F2B27D889
S21401FAE003A814F086F808220DF1160103A815F0F4
S21401FAF06DFF0646E0B9092F1CD1FFF7C5FFB8B167
S21401FB00154B1B78A3B1154B1A884FF6FD739A4215
S21401FB100ED9134C134A23780433DBB223701278C0
S21401FB20013AB3EB820F03DD58B20FF06BFD26707E
S21401FB3009B0F0BD04F10A01C9B22846FBF722F963
S21401FB4014F019F904F10B01C9B2284613F06BFC45
S21401FB50FFF730FFECE700BFA01500202C150020B2
S21401FB60984F00208715002038B5134B1B78033BB0
S21401FB70012B20D9114B1B784FF6FF71ABB1104DFD
S21401FB802B888B4217D113F077FD4EF66021044681
S21401FB900C48FBF739F94FF6FE732B8022460021FD
S21401FBA0BDE83840092014F0F4B8074A13888B42A0
S21401FBB01CBF0133138038BDAA4F0020A0150020BA
S21401FBC02C150020B83600202843002010B5044626
S21401FBD061B1FF2113F0F6F90021204613F0F8F980
S21401FBE013F0A7F80146204613F0F8F9214603481A
S21401FBF0BDE81040002213F099BA00BF8E430020E2
S21401FC002DE9F0410D461746044613F03AFA0678F8
S21401FC1028460AF0C5FB29468046204613F068F9B7
S21401FC2013F00DFDA84206D120460121FFF7CEFFB5
S21401FC300120BDE8F0812846B8F1000F0BD00AF08C
S21401FC403DFC58B915493A4620460978BDE8F041C9
S21401FC500023FCF757BF15F08EF8F2E706F003060F
S21401FC60012E08D013F0EBFC00232246294602F0B1
S21401FC705DFE0028D8D1204613F0F6F8430505D5D9
S21401FC8020460021BDE8F04113F0C6BD204615F020
S21401FC9035F8B0FA80F04009CBE700BF85150020A3
S21401FCA010B586B0044615F0EEFB104B02461868F8
S21401FCB019790290D3F805005B7A8DF81430013279
S21401FCC000238DF80C100490009321460523D2B230
S21401FCD004A813F05BFB052204A902A815F076FE22
S21401FCE0B0FA80F0400906B010BD00BFF418040059
S21401FCF008B50748FBF724F9064B1B78033B012B95
S21401FD0005D80021BDE808400846F9F7CDBF08BD73
S21401FD10F4130020AA4F002008B5114813F0D6FBB3
S21401FD20104B1B78012B06D8FF2009F015FCFCF7B9
S21401FD30ADFD08F0BDFCFCF7C5F902F047F9FFF789
S21401FD4031F915F085FD0BF0D7F8FCF759FF0AF0ED
S21401FD50E9FE10F048FFBDE8084003F0E9B800BF2F
S21401FD60B43B00208615002008B5F0F78FF9FF2870
S21401FD7003D0094B1B78012B06D9002009F0ECFBB8
S21401FD80FCF784FD08F094FCFCF79CF902F01EF9E0
S21401FD90BDE8084003F0CCB886150020064B18785D
S21401FDA0112806D000F0FD00A0F141035842584149
S21401FDB070470120704700BFA94F00202DE9F04190
S21401FDC00446FCF70BFD18B100263046BDE8F0816D
S21401FDD01D4B1B78033B012B09D81C4BB3F868104D
S21401FDE04FF6FF739942EFD0204613F081F8184A78
S21401FDF00123128802212046FCF784FE06460028CD
S21401FE00E2D0204613F03DF990F80780054604300D
S21401FE1012F0EEFF074613F012FC41460246384642
S21401FE20FCF7F4FCA81C12F0E3FF4FF6FF739842B0
S21401FE3002D12046FFF7D8FA2B789B07C5D10121BE
S21401FE402046FFF7C3FEC0E7AA4F0020F43A002081
S21401FE508C4300202DE9F04F85B000250746039519
S21401FE6013F00FF90646043012F0C2FF8046B01CAC
S21401FE7012F0BEFF337800930446404608F026F998
S21401FE80824640460AF08CFA3378BAF1FF0F0CBF6F
S21401FE9083464FF0010B9A070AD113F0D0FB404579
S21401FEA014BFD9464FF00109B3791BB90320B8E056
S21401FEB0A946F9E713F0C3FBA04205D113F0BFFB37
S21401FEC00446994B1B7836E0984B1B78052BF8D0E7
S21401FED0033B012B03D8964BB3F86840F1E7204665
S21401FEE014F05FFF737840B313F00402DFF8388232
S21401FEF00BD198F800301A44D2B221463846FFF7A3
S21401FF007FFE0028D2D000208BE0384615F07DFA1F
S21401FF10014605463846FAF735FF421C520002F004
S21401FF20FE022946384613F07AFF737823F004035D
S21401FF30737098F800300022DDE75B0726D5384657
S21401FF4015F063FA014606463846FAF71BFF06F136
S21401FF5001095FFA89F9824649463846FAF712FFDF
S21401FF60DFF8C481BAF1000F01D0FF2805D10022C5
S21401FF7049463846FAF71AFFDBE7B11C01EB4001A8
S21401FF80C9B2384613F04FFA0446D2E703AA02A9CB
S21401FF90204615F03EF80546B9F1000F49D0009B02
S21401FFA003F0C003802B0ED1FF2320468DF80930C5
S21401FFB00AF0BAFFFF281BD00DF109020DF10A0164
S21401FFC00BF096F914E0402B33D19DF8083083B33B
S21401FFD0FF2320468DF809300AF0A6FFFF2807D038
S21401FFE00DF109020DF10A010BF082F903281BD16C
S21401FFF0337803F03F033370404614F0D2FE10B955
S21402000013F01DFB804642460021204608F066FE9D
S21402001000283FF44BAFC822072138460AF0BAFD43
S214020020012005B0BDE8F08F9DF80930FF2BDFD127
S2140200302546039838B99DF80820002A62D13A4B23
S2140200402C461B7857E709F04BFA039AFF281279D9
S214020050034608D1CDE9002040F2BF113548E7F744
S21402006051F9DDE90023B9F1000FE4D002F03002C5
S214020070102A0AD0202ADED1BBF1000F24D0514626
S214020080184609F031FC0028D5D1DFF8AC9099F873
S2140200900030012B45D0204611F033FA28B9F37907
S2140200A02A462146404614F037FFA54212D1039A4B
S2140200B0137923F00C0313719DF80830ABB91A4B71
S2140200C01B782C46302216E7039B1B7913F00C0F85
S2140200D0DBD1B0E799F80030022BE8D0039A137907
S2140200E023F00C0343F00403E5E70121204613F056
S2140200F08AFC20B920460AF017FFFF280FD00A4BC9
S2140201001B78DFE70121204613F07DFC00287FF4F0
S214020110D8AE20460AF008FFFF287FF4D2AE0220AF
S2140201207FE7A542D9E700BF8C430020AA4F0020F4
S214020130F43A00200F1A04004F50002038B50D4B39
S2140201401B78033B012B04460D460FD900F108032A
S2140201509BB2012B0CD813F072FA294602462046AF
S21402016008F0BCFD80F00100C0B238BD0120FCE7FB
S2140201707020FAE7AA4F00202DE9F0410646104605
S2140201800D4615F080F9A0F11004E7B256FA84F491
S214020190EA1B214604F10E0015F028FC2823F3552D
S2140201A0DFF8408098F80030637301F021FF611C8D
S2140201B00246012012F022FE09490822601D15F0AF
S2140201C015FC98F8000014F003FC05F10E01304609
S2140201D03B460022C9B201F0B7FF1220BDE8F0810B
S2140201E01F500020A44F00202DE9F04F89B004468E
S2140201F012F047FF0546204612F0A6FE0746281DC7
S21402020012F0F6FD8146A81C12F0F2FD8246384630
S21402021095F807B014F0C5FD2B78039099076CD1BA
S2140202202146042002F098F8002866D0204615F0F1
S2140202302AF901462046FAF7A5FD82075DD1204637
S21402024015F021F901462046FAF79CFD10F003034B
S214020250049352D12046FFF723FD00284DD02046B6
S21402026015F008FA00F1010806462046FAF7B6FB32
S2140202705FFA88F808F10A03834280F2A580544A9E
S2140202801068516806AB03C3B11CC9B22046FAF720
S21402029079FD414605902046FAF774FD059B06F166
S2140202A00B0100EB03201FFA80F8C9B22046FAF7CA
S2140202B069FD049B0590F21CD2B22146009306A863
S2140202C0082313F063F8204612F03EFE059A4146D4
S2140202D011F043F9012206A9404601F07DFB0028F1
S2140202E072D102200AF0ACFD02200AF0A9FD01300C
S2140202F003D106A94046EFF7BBFD13F0A0F9484527
S2140203003A46594608D113F0ACFB00285CD109B036
S214020310BDE8F04F01F056BB484613F0A2FB00289A
S21402032052D12C4B1B781BB93946484613F091FD27
S2140203303A4659464846FCF769FA002844D02978D6
S21402034011F0030102D12046FFF740FCAB79002BE7
S2140203503AD0214B1B78033B012B35D96B78DB0750
S2140203600DD550462E7A14F0DAFB10B3F30803F0DC
S2140203701C0326F01F06334343F001032B724FF68D
S214020380FF71204612F0B4FD039BDBB9E7F714F9C0
S21402039000F03F02002302212046FCF7B3FB4FF693
S2140203A0FF739A4510D1204609B0BDE8F04FFFF71B
S2140203B01BB806F01C031C2BE1D0042B04D9043E08
S2140203C02E72DCE70022E5E709B0BDE8F08F00BF39
S2140203D0E8DA0300A04F0020AA4F00202DE9F043E0
S2140203E085B005460C46174612F048FD0C282846EE
S2140203F07CD112F046FE09220021F8F76DFF00F1CB
S21402040010010646C9B22846FAF7BCFC042854D0A6
S21402041006D8012810D002281DD005B0BDE8F0830A
S2140204207C28FAD101212846FAF746FB214605B078
S214020430BDE8F0430FF09DB844B91321284612F0E8
S214020440F2FF05B0BDE8F04313F022B905B0BDE8EF
S214020450F043FCF7FBBEA24B1B78013B012BDCD81A
S21402046006F11301C9B22846FAF78CFC44EA0002E8
S21402047012F0FF0411D106F11101C9B2284612F09A
S214020480D2FF2946064614F091FA2246314610203B
S21402049005B0BDE8F04310F05FBB002408232946F0
S2140204A0009415220DEB030012F070FF02A92046FD
S2140204B007F0DCFD14F0CFFCAFE78A4B1B78022B6B
S2140204C0ABD144B9FEF766FDC2070AD5FEF700FDBA
S2140204D0002F08BF3124204605B0BDE8F0430EF0D9
S2140204E072BFFEF73DFD0028F0D0F1E712F0C9FD1D
S2140204F08046043012F07CFC074608F1020012F037
S21402050077FC4FF6F773984206460CD8764A13885D
S21402051001339BB213800BB9744A13801CB1734A21
S21402052013880133138098F8009009F00309B9F193
S214020530010F40F08580284614F0A5FF01462846A4
S214020540FAF720FC043809283FF667AF01A353F8F0
S21402055020F000BF7D0502001B0402001B040200FF
S214020560A10502001B0402001B0402001B04020079
S214020570890502001B04020089050200284605B010
S214020580BDE8F043FFF7F0B9554B1B78042B7FF418
S21402059044AF0021084605B0BDE8F043F9F784BB36
S2140205A04F4B1B78013B012B3FF637AF404614F00A
S2140205B0A9FF4F4B00275B89ADF808308DF80A700B
S2140205C0014600283FF429AF384607F04FFD06469D
S2140205D0284614F058FF421C03230097D2B229463D
S2140205E002A812F0D3FE3F4B1B78022B9DF80A306E
S2140205F01AD11C43E4B2BCB9FF2EBDF808400AD09B
S2140206003C4A32F8163023F4806322F8163021462C
S214020610304614F000FC204614F0DCFC0022214692
S214020620102010F099FAF8E6022B3FF4F6AE2BB93A
S214020630304B33F816305B053FF5EFAE304639E700
S214020640B9F1000F7FF4E9AE2146284603F0DCFF3D
S214020650002C3FF4E2AE4FF6F7739E423FF6DDAE55
S21402066098F8015015F00405304620D114F0FFFC2E
S214020670044630467CB114F07EFB0346F0B9009087
S2140206800C223146384613F032FD0C22002300932A
S2140206903946304608E014F06EFB0346B8B9164AEF
S2140206A0009012783146384613F021FDB5E614F074
S2140206B062FB034678B900900B22F3E70622009508
S2140206C02B463146384613F012FD0622DEE700942A
S2140206D023460622E6E7CDF800904B46F9E700BF30
S2140206E0AA4F0020A94F0020304300202E430020AE
S2140206F0F41804001A430020C41500202DE9F04F18
S21402070005888BB00446284612F0BBFC0746043028
S21402071012F06EFB0090B81C12F06AFB05A901905D
S214020720284614F0FCFE284614F0ADFE01460646A6
S2140207302846FAF727FB3B78029003F00303012BC7
S2140207400CBF82464FF0FF0A0EF088FA637AB4F8BE
S21402075006B0DB07814647D412F071FF009BC01A31
S214020760D0F1000848EB0008FB790098039301F0EB
S21402077061F800283BD1019801F05CF800284CD1C2
S214020780FCF704FBA9EB0B0B1FFA8BFB8146FAF76F
S214020790C7FD002847D1FFF701FB002843D1A24B33
S2140207A01B78033B012B45D8BAF1060F00F0BE803A
S2140207B0BAF1040F00F0BA80FFF7F0FA20B1029BFC
S2140207C003F00303012B35D0FAF72EFD28B9974B19
S2140207D01B7803F00F03062B71D1954B2846B3F80E
S2140207E0681012F085FB25E04FF00108BCE72846AA
S2140207F012F047FC023012F0FBFA4FF6F7739842FB
S21402080006D9039B23B92846FFF74AFA0028B2D135
S214020810A37823F00F03A37053E0019814F0C1FAF3
S2140208200028ADD1F4E7A9F104095FFA89F9B9F114
S214020830020FB4D8BAF1010F40F09F80284612F09A
S21402084041FB4FF6FF73984268D1002307AA314650
S214020850284614F022FB07460028D9D042799DF894
S2140208602530934209D9711DC9B22846FAF79EFA75
S214020870A37823F00F030233A370E6F79DFE7E23D0
S214020880B0FBF3F202FB130303F58073A3809DF81B
S214020890263013F0180F0AD0A378190707D1B8F13B
S2140208A0000F04D17A79009805A90EF0ADFD9DF8E7
S2140208B02700003818BF01200BB0BDE8F08F2823B0
S2140208C0A3800020F8E7584B1B78033B012B5CD92A
S2140208D040F6B8339B459BD8E6F76EFE00F03F0025
S2140208E0C0F5FA70FF23A0808DF8133007A9002305
S2140208F00DF113008DF81C30FBF7ECFFF979054675
S214020900009813F0A2F8002D82D09DF81C20013A20
S214020910032A7BD8DFE802F0807A697D019A4FF6D7
S214020920F7739A4223D87B78DA0720D4284612F047
S214020930C9FA12F07AFE012808BF3E4BA27801BF20
S2140209401B7803EB830303EB83039B0006BFFA3398
S2140209509BB2FA2312097FF45BAF5B45FFF458AFF4
S214020960E6F72AFE00F01F001030A08054E02E4B5F
S2140209701B78033B012BABD8D8E7019A4FF6F773E7
S2140209809A42A0D87B78DB079DD4BAF1020F55D1E4
S214020990012307AA3146284614F07FFA804612F051
S2140209A04EFEBDF82230984238D1B8F1000F3FF41F
S2140209B02FAFB8F8023001223146284608F012FB63
S2140209C01D4A13780133DBB2FB711370B8F802309C
S2140209D0BDF81E209A421FBFA37823F00F030233EE
S2140209E0A3704FF4C873A38016E0B8F1000F13D1BA
S2140209F000283FF40DAF426801323FF409AFC278D7
S214020A009DF813309A42BFF403AF05E0B8F1000F29
S214020A1002D1A2781209EBD101204DE7184614F054
S214020A20C0F90028C1D181E7AA4F0020A94F0020B3
S214020A30F43A002097150020A74F0020BAF1030FC2
S214020A407FF474AFB8F1000F3FF470AF711CC9B2F7
S214020A502846FAF797F90C287FF468AFFBF72CFDC7
S214020A604FF6FF73984201463FF460AF284612F0F5
S214020A703FFA5BE72DE9F3410446008812F001FBDA
S214020A800546043012F0B4F90646A81C12F0B0F976
S214020A9007460EF0E3F805463046B4F8068000F046
S214020AA0C9FE064648B9384600F0C4FE58B9194A87
S214020AB0A3781278033A012A0BD8A37823F00F03FF
S214020AC0A370002621E0384614F06BF90028EED118
S214020AD0F3E71B09F1D1A5EB0805ADB2B5F5C86F72
S214020AE0EBD80DF1030101AA3846019314F091FAEE
S214020AF09DF80350014645B94FF6FF73984204D05D
S214020B00208812F0F5F90126A580304602B0BDE82D
S214020B10F08100BFAA4F00202DE9F04105460C46A1
S214020B2012F0ACF9082802D10120BDE8F081201DA0
S214020B3012F05EF90646284694F8078012F004FA88
S214020B400746284612F090F9010612D5184B1B7874
S214020B50042B0ED1174B1B78022B0AD1164BB3F877
S214020B6068204FF6FF739A4203D000210846F9F731
S214020B709BF8124B1B78002BD6D1A01C12F038F92A
S214020B804FF6F773984202D86378DA070DD52378C2
S214020B909B070AD13A464146304612F062FF80F081
S214020BA00100C0B200F00100BFE70120FAE700BF73
S214020BB0AA4F0020A94F0020F43A002051500020EE
S214020BC02DE9F04F99B0044612F058F90546204632
S214020BD012F054F908283DD110220021204613F0C5
S214020BE01EF92046F9F7DEFE05462046F9F7F6FE20
S214020BF0C1B22846FAF7A8FDADF852408DF851006A
S214020C0048B92046F9F7CEFE01460DF15100FAF733
S214020C10D5FD8DF85000BDF8502048F201039A42E7
S214020C2002D120460FF0E1FF9DF85130402B05D14E
S214020C3020460FF0DAFF19B0BDE8F08F802B03D004
S214020C4014A80EF0B0FCF6E714A810F080FC0028FA
S214020C50F6D0F0E7204612F064F9B0F5006F40F0E7
S214020C60FC80204612F070F90646042D40F0F8800B
S214020C70204612F0F9F880F40060C0F3C02000228B
S214020C80314640000FF068FF904B1A78022A0DD0CA
S214020C90FFF784F850B902F0FD03312B06D0043A70
S214020CA0012A03D98A4B1B78002BC4D02146022086
S214020CB001F052FB04900028BDD02046ADF83A4021
S214020CC012F0DFF90446BDF83A0012F03DF9054687
S214020CD0201D12F08DF8A31C83461846029312F0CC
S214020CE087F80FA90646BDF83A0014F018FC637898
S214020CF00590BDF83A002778089314F0C4FB637891
S214020D000B938246284609F04BFB07F00307012F98
S214020D100CBF032302230D936E4B0C901D80237889
S214020D2003F03C030CBF4FF00B084FF00A08082BE9
S214020D3081D1BDF83A00F9F751FE50457FF67BAFF8
S214020D40012F03D0237898077FF475AF624BB3F870
S214020D506830AB420DD1614A614BB2F9001093F98B
S214020D600030002900F0A18001EB0313A3EB21134E
S214020D701380AAF11003DBB206938DF83930BDF862
S214020D803A100DF13903102240460EF027FA0028D9
S214020D903FF451AF089B13F00203099300F00D8154
S214020DA0504B1B78002B3FF446AFBDF83A804046C6
S214020DB014F069FB4FF0000907904046CDE91499FC
S214020DC0CDF85890ADF85C9012F0BEF8079B0290F2
S214020DD003F10E0189B2404614F028FB00286ED0BB
S214020DE00E23079ACDF80090414614A812F0CEFAC8
S214020DF00DF15101012012F00FF89DF85D300393BA
S214020E009DF850300A90282B59D1374908220DF107
S214020E10550014F0DBFD002851D0039813F0D8FDDE
S214020E20002867D1314B039A1B78D31A190646D489
S214020E3004F060FC01283AD12D4E0DF014FF346800
S214020E40054624B104F05CFC2C1B844237D30021F7
S214020E50084612F0D9FE356031E04FF6FD7604E71B
S214020E604FF6FF70301A18BF0120002231464000AC
S214020E700FF072FE0C2D0DD12146012001F06CFA06
S214020E8000283FF4D8AE2146002019B0BDE8F04F46
S214020E90FDF720B92DB9204619B0BDE8F04FFDF791
S214020EA099BD042D7FF4C7AEEEE61B0260E704F0A0
S214020EB021FC022803D104F0FFFB0028BCD00299D3
S214020EC0002219200FF048FEB5E600BFA94F002009
S214020ED051500020AA430020F43A00207E4300200E
S214020EE04D500020A54F00201F500020A44F002088
S214020EF0E03B002001230093079A4B461021404610
S214020F0013F093FB0028DAD0BE4B039A1B78934269
S214020F1040F0A78002990DF1550211A809F028FAAF
S214020F20012111A809F0A0FA48F20301814611A88E
S214020F3009F0A6FBB9F1000F03D0082111A810F0A2
S214020F40C3FA404614F0BDFA02990DF15500FBF7BC
S214020F5053FBFE288146B2D0FF280AD1029812F02F
S214020F60D8FCFF28814600F084800DF15501FBF77E
S214020F70BDF9A44B039A1B78934200F0A0800A990D
S214020F804846FBF71FFB00283FF455AE0A99484631
S214020F90FBF72AFB23789A070FD1404614F073FA20
S214020FA001464046F9F7EEFE00F00300012804D1A0
S214020FB002980DF15501EEF75BFFBDF83A0011F00D
S214020FC053FF030440F18280204611F011FF40F4E3
S214020FD0007189B2204611F00DFFBDF83A000022DA
S214020FE04FF4004111F031FFDDF81080BDF83A10E1
S214020FF00D980DF1390310220EF0F0F800283FF498
S2140210001AAE032865D1204611F0F2FE40F40071B4
S21402101089B2204611F0EEFE284613F0C2FE0028E2
S21402102040F0BA80DDF81080012F40F0BB80BDF89A
S2140210303A10032001F090F9002840F0B3805146A0
S214021040BDF83A00F9F79EFE0F2801467FF6F3AD8B
S2140210504FF6F7739E423FF6EEAD284612F043FF78
S214021060E9E50399012003F075FC00287FF452AFEE
S21402107025E7237803F00303012B08D1404614F03A
S21402108002FA01464046F9F77DFE082895D05E4BE7
S2140210901A785E4B1B789A4209D20DF155010298D6
S2140210A0FBF7D8F8029812F034FC814661E7A01CE0
S2140210B011F09EFE4FF6F7739842EED9FFE64846C9
S2140210C0FBF70AFB00283FF45AAF5FE74FF0000831
S2140210D08CE7284613F065FE0028A5D0099B002B56
S2140210E05CD1B8F1000F57D1012FBDF83A009ED05F
S2140210F05146F9F747FE8146DFF8208198F800301E
S214021100002B5AD012F09BFA86427FF494AD012F40
S21402111040F08D80B9F1070F00F28280B9F1050F19
S2140211207FF689AD3A4B1B78022B02D0043B012B8B
S21402113003D898F80030002B46D00B9B980640F157
S214021140C4800C9B002B40F0BC80284606F0BEFFF5
S214021150FF2840F0B6805D457FF46DAD059B002B01
S21402116000F0AD800FAB46F204020126ADF8502027
S21402117001930096022314AA3146284614F05FF91A
S214021180044600283FF457AD294611F0B1FE314619
S214021190204612F041FB4EE5DDF81080284607F0A7
S2140211A07BFD41E7BDF83A005146F9F7EBFD099B96
S2140211B0814613B9B8F1000F9ED0154B1B78022B4F
S2140211C002D0043B012BB8D8284600F033FB8046F9
S2140211D000287FF430AD12F032FA854231D10D4B41
S2140211E01B78033B012B28D80B4BB3F8684012F050
S2140211F026FACDF80080014643460D22204612F01C
S21402120076FF18E5A44F0020A34F00209815002073
S214021210A94F0020AA4F0020F43A0020A54F002034
S214021220A9F10E03DBB2012B7FF67CAF03E509F0D2
S2140212300303012B7FF4FFAC74E7012000F098FB58
S214021240F9E4284613F0ADFD58B912F015FA4FF638
S214021250FF73984205D0F8F70BFB10B92846FAF749
S2140212609FFF284613F09DFD80B112F005FA4FF657
S214021270FF7398420AD0F8F7FBFA38B9012F02D169
S214021280B9F1060F02D0284607F074FA059BA3B9F7
S21402129019460122584600F09FFB804600287FF43C
S2140212A0CAAC204614F02EF942460146304600F0FB
S2140212B093FB00283FF441AFBDE40FA9E9E7059B85
S2140212C051E7637823F0200363704FF6FC739E4267
S2140212D074D1B54B1B78033B012B7FF6ACACA379DC
S2140212E00BB1013BA3716378590727D5002314AAD3
S2140212F011A95846149313F08CFE1498F0B108F016
S214021300EFF88046304606F0E1FE149A137901465D
S21402131003F03000102806D003F00C0008281CBF8B
S21402132023F00C031371137903F03303202B05D13A
S214021330FF2903D00122404608F09EFA284606F00E
S214021340C5FEFF281EBF994B002243F82020089BAB
S21402135003F001084FF6F7739E4200F20181B8F1DE
S214021360000F40F0D7802946584612F072FD12F060
S21402137066F9864200F00181304613F012FD00281D
S21402138048D0012F30D1B9F1010F20D1BDF83A0073
S2140213904246514607F082FE304613F002FD844B69
S2140213A01B78002B6AD1584613F0FBFC002863D149
S2140213B0304613F0F6FC00285ED13CE44FF6FD738F
S2140213C09E428CD1784B1B78042B88D133E430466E
S2140213D013F0E7FC38B3B9F1030F24D1BDF83A0095
S2140213E0514612F0BCFE26E4304613F0DAFC3046D4
S2140213F013F0C1FC00283BD0BDF83A20002331464A
S214021400584601F093FA98B3BDF83A000021FEF769
S214021410DDFB10E4304613F0C4FC10B1012FDAD025
S214021420E5E7012FE3D1624B1B78002BBBD0B9F165
S214021430050F23D112F003F98DF8500012F0FFF8D1
S214021440000A8DF851000123022214A90DF13A0078
S214021450F9F7F4FB00287FF4EEAB0AF10101BDF8C0
S2140214603A00C9B2F9F77CFC03780133037005E051
S2140214704F4B1B78002B96D0012FD8D063785A0793
S2140214800CD5BDF83A40204613F0BFFF411CC9B246
S2140214902046F9F765FC0378013B0370424B1B7844
S2140214A0033B012B2FD8012F06D1B9F1050F1FD10F
S2140214B012F0C5F8834522D1BDF83A00FEF7CAFC01
S2140214C002281CD114AA0021584608F055F930B15A
S2140214D00379458003F03C0343F040030371002385
S2140214E0344A009312783146584612F000FE06E05F
S2140214F0BDF83A00FEF7AEFCB9F1030FE0D10022C8
S21402150031461C20DEE4BDF83A00FEF7A3FC012FAC
S214021510D6D1F1E7012F40F0BF8009F1FF330C2B43
S21402152000F2AE8001A252F823F000BF831502003B
S21402153083150200DD13020099150200B915020098
S214021540E1150200031602002F16020045160200DD
S21402155045160200511602006916020075160200B0
S214021560012F00F0A080B8F1000F40F09580BDF882
S2140215703A00FEF739FEFFF75EBB012F7FF444AF59
S214021580CBE7A9F102035A42BDF83A005A41514646
S21402159007F084FDFFF74FBBBDF83A105246584697
S2140215A0FEF720F9FFF747BBAA4F0020BC35002004
S2140215B09E150020C41500200AF10101BDF83A006C
S2140215C0C9B2F9F7DFFB0AF10203DBB20246009367
S2140215D00FA9BDF83A30584609F0EAFDFFF72BBBD3
S2140215E0424B1B78013B012B3FF625AB069B009333
S2140215F0BDF83A2023460121002012F0A3FAFFF795
S2140216001ABB3A4B1B785A1E012A07D9069ABDF80E
S2140216103A100120FCF744FCFFF70DBB022B7FF4C7
S2140216200AABF9F77DFE0028F0D1FFF704BBBDF840
S2140216303A0006F0A3FEFFF7FEBABDF83A00FEF740
S21402164037FA94E7BDF83A00FEF732FAFFF7F3BA34
S214021650264B1B78013B012B3FF6EDAABDF83A005C
S214021660FDF77CFDFFF7E7BABDF83A00FDF7C6FDC9
S214021670FFF7E1BABDF83A000FF063FFFFF7DBBAF7
S214021680BDF83A105346224648460FF02EFF002871
S2140216907FF4D1AA4946E0E4237A03F00303012B40
S2140216A07FF4C9AA63E709F1FF330C2B3FF6C3AAFE
S2140216B001A252F823F000BF831502008315020030
S2140216C0DD13020099150200B9150200E1150200A9
S2140216D0031602002F1602003B1602003B160200FB
S2140216E0511602006916020075160200AA4F002063
S2140216F010B51248002111F085FD0446E8B111F03C
S2140217004CFC0F4B1870204611F04CFC0D4B187019
S214021710204611F04DFC0C4B1870204611F04DFC83
S2140217200A4B186001200DF0B4FA2046FFF748FA7B
S214021730BDE8104000200DF0ACBA10BD48430020B2
S2140217404E5000204D5000204C500020D83B002028
S21402175070B5164E336804460D46E3B111F08EFBA3
S2140217600C2818D1204611F08CFC092200210446D0
S214021770F7F7B2FD235C042B0DD10D4B1B78033B10
S214021780012B08D80B4C25B10B4B22781B789A42BA
S21402179003D300232370002070BD08483168F9F790
S2140217A033FB2378013323700120F5E7DC3B00206E
S2140217B0AA4F002050500020C3150020F41300202A
S2140217C0014B93F9010070477E430020014BB3F8AA
S2140217D068007047F43A002070B5124D00242C7051
S2140217E0EEF7E2FBE6B2B04212D80F4B1B78013B93
S2140217F0012B04D800214FF6FF70FBF76BFF0B4B53
S21402180000221A700A4B198801B11A80012070BD95
S214021810304606F0EBFCC30742BF2B7801332B7031
S2140218200134DDE7A24F0020AA4F0020994F002086
S2140218302A43002038B50B4B1B78054673B101339B
S2140218405C08094B1888F9F7ADF8002330F8132026
S214021850AA4205D00133DAB2A242F7D3002038BD3D
S2140218600120FCE7994F00202A43002030B50546A8
S21402187085B008460C4613F055FAFF280CD012F035
S214021880A1FB01220021CDE9011203460092214666
S2140218902A460720FBF7EEFA284606F017FCFF2832
S2140218A004460FD006F0A2FCC2070DD5204606F06D
S2140218B09DFC830708D40B4A32F8143043F4806345
S2140218C022F8143005B030BD12F07CFB0122002154
S2140218D0CDE901120346009207202A46FBF7CAFA10
S2140218E0F0E700BF1A430020431E9BB24FF6FA727F
S2140218F0934270B504462AD8FFF79CFF38BB194BB3
S2140219001B78042B23D0204612F003F8FF2801D0C0
S214021910FAF774FB204613F055FB08B107F0F6FD04
S2140219202046114E114D04F05DF920460DF0A5FD3E
S214021930317869B12888F9F735F8054601461E223E
S214021940023014F053F82C8033781E2B07D970BD62
S2140219502020F9F7EDF828800028EBD1F7E70233CC
S2140219603370F4E7AA4F0020994F00202A43002044
S21402197037B5134B1B78022B05461ED111F05FFEBE
S214021980044611F05CFEFFF7AFFF12F01BFB11F0EE
S21402199062FE002012F004F999200DF092FC3DB18F
S2140219A0002300930D2221464FF6FD7012F09FFB96
S2140219B003B0BDE8304004F00DBF03B030BD00BF39
S2140219C0AA4F0020034B1B7813B90120FFF7D0BFA4
S2140219D0704700BFA04F0020F7B504460D461746D5
S2140219E011F02DFE0646002D49D04FF6FB739C42A1
S2140219F045D82046FFF71EFF30B1A64204D1214B40
S214021A001B78033B012B3AD92046FFF713FF10B190
S214021A10012003B0F0BD20460FF0E9F8C0B1A6429F
S214021A20F6D01CB369462046F9F7A0FD0246E8B98F
S214021A300821684611F0B1FDC0B908226946284659
S214021A4013F0C4FF90B12946204612F0EBFADFE706
S214021A50A642E6D10C490822284613F0B7FF28B161
S214021A600120FFF785FF06F015FED1E73FB12146BC
S214021A702846FAF759FC2146284604F0CFF80020FB
S214021A80C7E700BFAA4F00201F500020044A137861
S214021A902BB1013BDBB213700BB9024A13807047BD
S214021AA0994F00202A4300200148F8F7A1BD00BF45
S214021AB02A4300202DE9F04780468CB017460D4693
S214021AC061B903AE1B48DFF86CA0002111F028FBB9
S214021AD04FF0000904461CB920461DE00E46F1E709
S214021AE000222146CDF800902423304611F04EFC09
S214021AF008224146304613F069FFA8B9337C9BB9E9
S214021B006FB945B92A460B48214611F09AFB0A4A94
S214021B101388013B138001200CB0BDE8F0873B8898
S214021B20B28953405B06ECD52146504611F04EFB77
S214021B300446D0E79243002090430020024B1888C8
S214021B40003818BF01207047904300202DE9F0436B
S214021B5097B04023064611A88946ADF80E3004AC6D
S214021B600FF077F802238DF84430214600233046E2
S214021B7004936360F9F7FAFC0546002840F0868075
S214021B8030460FF0BEFC804611F059FD002840F0AA
S214021B90AD8099F80130042B40F0AA80554F3B786F
S214021BA0022B76D13B78022B7FD194E803000323E5
S214021BB08DF8443012AB83E803009DF851300021C3
S214021BC043F0060310220DA88DF8513013F028FFBB
S214021BD00DA911A80FF0A4FABDF8463009A943F0E2
S214021BE0040311A8ADF846300FF0F0FA102209F1FE
S214021BF00A0109A813F0EAFE002870D13B78022BEE
S214021C0006D10DAA2146FF200FF0B1FA00286AD1AC
S214021C104FF034093B78022B08D19DF851301B0750
S214021C2004D40DF10E01204612F01BFC4946204654
S214021C3012F040FC2F464D4610238DF81830042330
S214021C408DF81A30234603CB0022CDF81B00CDF8C0
S214021C501F1006A80B218DF8197011F04AFA0246D9
S214021C6038B1002F14BF012303232146304602F069
S214021C70AFFFB8F1000F09D0342D07D106A82246CF
S214021C80314608F075FB06A80FF021FC17B0BDE838
S214021C90F08300952B4611AA2946204601F09CFDAA
S214021CA000283FF47FAFAD27C6E7012B94D1124B35
S214021CB01B6803F08403842B8ED1022394E803006E
S214021CC08DF844301023ADF8463012AB83E803009B
S214021CD09DF8513043F002038DF851307CE74FF007
S214021CE03309AD2596E74FF0050993E7A327A3E747
S214021CF0AA27A1E7624F00202C3700202DE9F043E7
S214021D003648374D8DB0F9F71BF90CF0ACFF2B684F
S214021D10C41A4FF47A73B4FBF3F4A4B214B10CF001
S214021D20A2FF28602F4FDFF8C0803B88ADF80A304C
S214021D3000233B804FF6FF7600210DF10A0011F0DA
S214021D4061FA054658B9284B1B882BB14FF47A71B5
S214021D5022487143F9F758F80DB0BDE8F0834FF00A
S214021D6000092423CDF800904A46294603A811F01C
S214021D700DFBBDF81A30A34294BFDB1A1B1B9BB2A5
S214021D80ADF81A30CBB911F05AFCBDF8183003F092
S214021D904003184380B218B9322103A80DF0ACFBF9
S214021DA0BDF818301B0602D508980FF066F9B8F889
S214021DB00030013BA8F80030BEE79E4228BF1E4610
S214021DC0012300934A462946242303A811F0DEFA8B
S214021DD04A462946384611F0A9F9ADE738360020BA
S214021DE0E43B00209243002090430020F0B52F4AA7
S214021DF00446516810688DB001AB03C3A378012B6B
S214021E0050D11422002107A813F00AFED4F821109C
S214021E10D4F81D0003AB03C32388190644BF6268C7
S214021E200892DA050BD5221D08AE04F114071068D5
S214021E305168354603C50832BA422E46F7D1ADF888
S214021E40183013F0040318BFA3690593184B1B88B8
S214021E50ADF81A3011F0F3FBE0B906A903A812F0A8
S214021E6000FB0022242103A811F043F90446D8B14E
S214021E700020FFF743FF0F480022214611F056F9D3
S214021E800D4A1388002001331380FFF737FF002026
S214021E900DB0F0BD082201A903A813F097FD002893
S214021EA0DFD0DAE77020F3E71820F1E7E8DA03007C
S214021EB0261500209243002090430020F7B50446E2
S214021EC000200E46FFF71AFF104B1B88A34202D8CB
S214021ED0022003B0F0BD00210D480D4F11F020F98D
S214021EE0002501460029F3D0A54208D1002400941B
S214021EF024232246304611F049FA2046E9E73846BE
S214021F0011F064F901350146ECE700BF904300206A
S214021F10924300200148F8F76BBB00BF92430020B3
S214021F20014B1888704700BF9043002030B5154A11
S214021F308DB051680546106801AB03C307A80EF0C2
S214021F4088FEDDE9010108AC84E8030003238DF86E
S214021F501C309DF8293003A943F0020307A88DF828
S214021F6029300FF0DDF810B103200DB030BD28681F
S214021F706968234603C303A907A80FF0B6F800282A
S214021F80F3D0F1E7E8DA030070B50C4611460E4AC4
S214021F902378127813F0200542EA030206462270DE
S214021FA018BF611D082213F021FDD4F80130B3607A
S214021FB023783373002D0CBF05200D2003F0180381
S214021FC0082B08BF013070BDA54F002007B50423BB
S214021FD01A460DEB03010120F9F72CF8019B034A80
S214021FE01B03136003B05DF804FB00BF1C37002020
S214021FF010B5064C2368C3F30B0313B904200CF088
S2140220006CFE2068431C236010BD00BF1C370020F6
S214022010014B1868704700BF1C37002007B5064BF7
S2140220200020186004231A460DEB03010190F9F70D
S21402203001F803B05DF804FB1C3700207FB51123BE
S214022040062201A90120F8F7F5FF084B9DF8142097
S2140220501A70074B1B780BB1052B05D10EF0B3FD9A
S214022060012007B05DF804FB0020FAE7A44F002029
S214022070A54F00202DE9F04F0646CBB088460088D3
S21402208001211746F8F718FD2E4B3188ADF81600D9
S2140220903A4606A812F09EFA0DF1280BC4195A46C3
S2140220A04146308812F023FAE4B208EB0003A3425A
S2140220B016BFA4EB08040446E4B205464FF0040932
S2140220C02346CDE900095A4601210BEB050ACDF855
S2140220D008B02D1B06A8EEF74DF9EDB20BEB040384
S2140220E00093019523465A463088414612F02DFA4F
S2140220F0348839462046F8F745FE394600F0F8029D
S2140221002046F8F753FE01213088F8F7D5FC012364
S2140221104A46514680B10DF11600F8F78FFDBDF81C
S2140221201620044601213088F8F7DAFCB4FA84F067
S21402213040094BB0BDE8F08F3046F8F77FFD044605
S214022140F4E700BF1F5000202DE9F04FC9B0044647
S21402215088469246C118224A04A81F46FFF714FF73
S214022160C519EDB208AB0293A5EB0A0BA8EB0A035E
S2140221705FFA8BFB4FF00409A8EB0506DBB2F6B25A
S21402218004EB0A020093CDF804905B46012104A8F2
S214022190EEF7F0F806F590730DEB03025A44A2F53B
S2140221A0807208A8136844F80830E35D23F007033A
S2140221B0E3552C443246214613F06CFB08ABCDE9BE
S2140221C0019308AA00230096012104A8EEF7D2F88C
S2140221D0324608A9204613F05DFB49B0BDE8F08FF1
S2140221E01F500020F8B5064613F044FA811C054637
S2140221F089B2304613F01AF9F0B1EDB129463046ED
S214022200F8F7C0FD1228074616D80C4B691C1C5C52
S214022210C9B23046F8F7B6FD2C44052FE4B205D114
S214022220052809D8064B1B5C1C44E4B221463046FE
S214022230BDE8F84013F0FAB80020F8BD3A190400D9
S21402224034190400F8B5054613F01DF9044628466D
S21402225010F017FFA11C074689B2284613F0E6F8CD
S21402226000283ED0002C3CD021462846F8F78AFDAE
S214022270611C0646C9B22846F8F784FD0F2E30D8F0
S214022280194B9B5DE118731E89B2092B0ED8DFE845
S21402229003F009050D0D120D0D181E1EC40644BFCF
S2140222A0083189B2820601D5083189B22846BDE8CE
S2140222B0F84013F0BBB87B78DB0612D501EB400181
S2140222C0F3E700F01F0000EB40000144EDE71F2893
S2140222D005D8092E06BF400080B20220F5E7C828BE
S2140222E0E4D00020F8BD00BF4D190400F8B506463C
S2140222F010F0C7FE092200210546F6F7EDFF00F1B1
S2140223001004284610F074FDE4B207462146304613
S214022310F8F738FD05463046F8F760FBBA05A0EB3D
S2140223200403DBB20AD47C2D0AD0082D0AD8064A4A
S214022330505D98428CBF00200120F8BD1220F8E7BD
S2140223400320F6E7FF20F4E75E190400014B187835
S214022350704700BFC515002038B5114B1B780446E0
S21402236008469BB9012038BDA24205F101050FD1EE
S21402237003EBC1035B6898470028F3D11E20224670
S2140223804FF6FF710EF0E8FB0020ECE7054B002548
S214022390E9B213F83120002AE6D11446EEE700BF70
S2140223A0C51500200419040013B50023ADF8043047
S2140223B0134B984221D10B88DA0702D5B72002B018
S2140223C010BD9B0744BF4FF47F43ADF804300D4B5E
S2140223D01C887F22022321460DF106000CF07FFCAA
S2140223E0BDF806204FF6FF739A42E7D12046022236
S2140223F001A90CF07DFC0020E1E70220DFE700BF28
S2140224001FD1BACAD8C4030013B50F4900230380EC
S2140224107F220223098804460DF106000CF05FFCB9
S2140224209DF80630BDF806201BB1238843F0010351
S2140224302380FF2A88BF23884FF0000084BF43F022
S2140224400203238002B010BDD8C40300034B1B78DE
S214022450002B14BF442056200E307047A54F002094
S2140224602DE9F04F8DB0CDE90423179C0394039C0D
S214022470BDF858A0D58806460F4644B9EC0606D5E0
S214022480CDF858A00DB0BDE8F04F0EF0D9BBC5F39D
S21402249080242B054FEA043448BF44F40064A805A0
S2140224A011D544F080040A2E00F25E81DFE816F0B1
S2140224B088004F003B0059005C015C015900100087
S2140224C0880059003600E90548BF44F04004EAE7B0
S2140224D0BB464FF00109022302934FF00008BAF1FF
S2140224E0000F74D1A24B18884FF6FF73984206D09D
S2140224F0A049F9F73BF810B124F48054A4B2059B26
S21402250000935A46434644F40271504608F00AF9CC
S214022510ADF8200000286BD118204EE0BB464FF0E5
S21402252001090323D8E708A9F8B212F0B9FADDF8D0
S2140225302500DDF8291006AB03C38F4B33F817B01E
S2140225404FF00009CDF808900DF11808C7E706A964
S214022550F8B203F01FFB0C23884A7B4332F803B021
S214022560EEE74FF6F7739F4240F2FE8015F4026FD5
S21402257040F0FA80824B1B78022B03D0043B012BDF
S21402258000F2F480BAF1000F0BD1032E0CBF0C231D
S214022590082324F4C0740293A4B2BB464FF0010988
S2140225A09BE75046F8F71AFA0246FFF74FFF032E4C
S2140225B008BF01388242E8DD74200DB0BDE8F08F16
S2140225C04FF00009BB46CDF80890C84687E7049B43
S2140225D01B8843B91A46514606200CF01BFE0028FB
S2140225E080D11920E9E700231A4651460720F4E76E
S2140225F05F4A11884FF6FF7399421CD010F041FDD6
S2140226005B4A034611880593043010F0F3FB5D49DC
S214022610059B0978D9715749554A14F4805F1FBF44
S214022620086898604868D8604FF6FF7313804FF0CA
S214022630FF330B604B60049A029908A808F028F949
S21402264000283FF469AF504C2378002B3DD1BAF1F5
S214022650000F14D05046F8F7C1F98046BDF82000A6
S214022660F8F7BCF92378002B14BF1222002280440C
S214022670EB1003F0040390444344842B9CDC15F4D3
S21402268000540AD0BDF82080404610F0EDFB40F41E
S214022690806189B2404610F0D2FBA6F10803012BF6
S2140226A005D8BDF820000122102110F0CEFB039BB6
S2140226B0BDF820803BB35946404610F019FC039AF9
S2140226C0BDF820301380002077E7AA06BFD56B013D
S2140226D003F020030A2E14BF43F0010363F07E03C7
S2140226E0DBB2B9F1000F08D000210091424608A8DB
S2140226F000F000FE0028AAD05FE71A46414608A866
S21402270012F0A0F8F6E7404612F0BDFE039B024622
S214022710414604200CF07EFD00283FF462AF0A2EEC
S21402272016D84FF4D963F340DB0711D5072E09D02C
S2140227300A2E07D0BDF8200011F09BFB0028C2D15C
S214022740A1203AE708A80EF0DFFE0028F2D0F7E74D
S21402275014B125F04005ADB2BDF820002B46FAB202
S214022760314601F097FE28E7012026E7912024E76C
S21402277046150020C6150020FE3F00203E3F0020E2
S214022780A94F00205C500020A54F002070B4084ED0
S214022790BDF81040308007481546057000201A46DE
S2140227A09DF80C30CDE9034070BC0620FFF758BEFA
S2140227B0461500205C50002030B402460C48BDF896
S2140227C0085005800B489DF80C4004700A480478AF
S2140227D00020CDE902304FF6FD700B464FF6FF7132
S2140227E0002C08BF014630BC0320FFF739BE00BFED
S2140227F0461500205C5000205E4F002013B50246AE
S214022800084804780020CDE900300B464FF6FD70EC
S2140228104FF6FF71002C08BF01460320FFF720FE8B
S21402282002B010BD5E4F0020F7B51E46234B1B7844
S214022830022B05460C4617460AD1A6B13046F8F7D3
S214022840CDF80246FFF702FE82420CD9742008E059
S214022850043B012BF1D908460EF053FE0028ECD1BA
S214022860912003B0F0BD65B1022D1AD1EDF796FBAB
S214022870A04214D9124B33F814204FF6FD739A4235
S21402288002E04FF6F7739C4209D80023CDE90063B5
S2140228903A46FF2321462846FFF7E2FDE1E70120FC
S2140228A0DFE7012DFBD1074B1B78A342F7D9E0B235
S2140228B003F088F94FF6FD739842E5E7A94F00202A
S2140228C0FE3F00209215002030B5104B87B005461B
S2140228D00C461868596803AA03C2986810609A885A
S2140228E0DB880B49ADF80E5023F04003ADF81230EA
S2140228F00023CDE9004352BAADF810200988FF2321
S21402290003AA0720FFF7ACFD07B030BD9E430020A8
S214022910AA430020034B1B7813B1034B1878704769
S214022920FF2070476D5000206C5000202DE9F04FBC
S214022930074689B0104615461C468A4612F0A3FD85
S21402294001462846F8F71EFA0646284610F099FB76
S214022950043010F04DFA804610F071FE804551D0DA
S214022960B2074FD1DFF8AC8005A92846B8F800B008
S21402297012F091FE9DF81930A8F800700BBBBDF856
S2140229801430F3B9284610F07CFB023010F030FA0F
S2140229904FF6F773984204F1010494BF4FF0000912
S2140229A04FF00109E4B20123CDF800902A4605A9AA
S2140229B03846039303F04AFF039B40B901339C4217
S2140229C01ED20020A8F800B009B0BDE8F08F022C95
S2140229D0F8D1012BF6D10C4A0C4BA3F800A01378C1
S2140229E0591C11700A4A7F3B16F00C01137007D16E
S2140229F0BDF81A305B0603D5BDF81600FFF764FF74
S214022A000223D1E70020DFE7A74F0020461500206B
S214022A105C500020AA4300202DE9F04F8BB0884678
S214022A20ADF81E0010F02DFB00F1020A06465046D5
S214022A3010F0DEF9BDF81E40BD4D0746204612F0E6
S214022A4022FD01462046F8F79DF9814600F0030470
S214022A50301D10F0CDF9288010F0F1FDB8422DD0CF
S214022A604FF6F7739F4229D87378DA0726D438468A
S214022A7012F081F930B1BDF81E20288801233946AC
S214022A80FFF754FF10F0DBFDA94B1B8883420FD1E2
S214022A90BDF81E40204612F0F6FC01462046F8F726
S214022AA071F910F00C0103D1BDF81E0001F0ACFD67
S214022AB0A04B00221A600BB0BDE8F08F9E49BDF80D
S214022AC01E0012F0E8FD9D49BDF81E0012F027FD1B
S214022AD0984A9A4B002808BF0023BDF81E001360D0
S214022AE010F05BFA964B1870BDF81E0010F05AFAFA
S214022AF0944B1870BDF81E0010F05FFA924B1860E7
S214022B0000238DF82230B8F1000F28D08A4BDB88DC
S214022B109B0624D510F093FDF8B18C4B1B689F07DB
S214022B201BD4012C14BF082318230DF12202009295
S214022B30002211460DF11E0000F0DCFB78B1012CDC
S214022B40A0D1834B1B78112B9CD111F01EFF0028BD
S214022B5098D1AF20FAF714F994E70823E5E7504630
S214022B6010F046F94FF6F773984240F2F580012CC2
S214022B7000F0FD80022C00F07981002C82D1DFF873
S214022B80B881BDF81E00B8F806300493ADF82400EC
S214022B9010F077FABDF824600446304612F073FC53
S214022BA001463046F8F7EEF88DF82300A01C66784A
S214022BB010F01EF9074610F042FD4FF6F7739F42DB
S214022BC02D88B8F8024006F00106824600F2FF8021
S214022BD0002E0CBF08200620002229460DF0BCFF5E
S214022BE0BDF82490484612F04EFC002302464946A1
S214022BF004200CF0F3FA4FF6F7739F4281460BD887
S214022C00B8F90620B8F80630002A05DB580603D5C0
S214022C1000212046FFF758FEB9F1000F3FF432AF0D
S214022C20B8F80030002B5BD198F80530002B57D14E
S214022C304FF6F7739F4294BF002301230DF126013E
S214022C40BDF82400039311F08AFFDFF8E4B000F128
S214022C50FF39BBF8003005935FFA89F9B8F80630F9
S214022C60BDF8260006934946F8F78CF80499069BA9
S214022C70019000930598039B2246C1F340110EF083
S214022C804DFC00283FF4FEAE2B4BBDF826104A46FC
S214022C9006200CF0A3FA00283FF4F4AEB8F802209F
S214022CA048F202039A4205D1BDF82410BBF8000090
S214022CB000F0B0FFDFF8808009AA41460DF123003C
S214022CC00EF02AFC034600287FF4DCAE2104BBF893
S214022CD00000BDF824207CD52346414611F054FF5F
S214022CE0DFF8548036B99DF8233003F00C030C2B22
S214022CF040F09380B8F8080011F011FF00283FF466
S214022D00C1AEB8F80810002002F008FE114B187089
S214022D104FF6F773AA4514BF022503259F42BDF856
S214022D20240002D8002E00F09380012394E000BF16
S214022D30AA430020EC3B00209E4300205450002073
S214022D404E5000204D500020D83B00202C3700204B
S214022D50A94F00206C500020022C00F08780474BC1
S214022D60B3F90630002B25DA012C7FF406AF10F0FB
S214022D7066FC2B8883423FF485AEBDF81E10052004
S214022D80FFF7EAFA00283FF47DAE3C4AD3885B069A
S214022D9007D50023CDE900330A202988FF23FFF751
S214022DA05FFB9DF822302988BDF81E00424602F0DD
S214022DB015F967E6BDF81E00F7F710FEA0F1100140
S214022DC0C9B2304600F086F80028CDD05AE6062072
S214022DD002E7DFF8B890022189F800100399009103
S214022DE0414603F033FD132C3FF47AAFB8F80630B1
S214022DF05B043FF575AF224B1B78D80704D599F8CC
S214022E000020022A3FF46CAF99077FF53BAE99F893
S214022E100030012B7FF436AE62E798F8043019488A
S214022E20009398F8053000883246314602F09EFD3F
S214022E30154B18709DF82330BDF8240003F00C03E0
S214022E40082B4FF6F7730CD035469F423FF66DAF10
S214022E50A4F138025342534108492A4604F01EFCA4
S214022E6010E6AA4514BF04250525EEE7BDF81E2088
S214022E700249484601F03AFB04E600BF9E430020A2
S214022E80604F0020AA4300206C5000205D500020B6
S214022E9010B50948002110F0B5F9044650B10146B4
S214022EA00420FFF759FA28B120460121BDE8104058
S214022EB0FFF7B2BD10BD00BF8E430020034B04488F
S214022EC01A78FF21920012F0ABBD00BF93150020C6
S214022ED0D434002070B5451804464FF0FF31AC429A
S214022EE012D1104B10481A7805460023934211DB84
S214022EF00E4C2078431CB3FBF2F602FB163345F861
S214022F002010237000200CE014F8010BE3F76CFF8E
S214022F100146E4E750F8044BA14201D00133E5E74D
S214022F20012070BD93150020D43400205E5000208E
S214022F3007B5042301220DEB03011046F8F77AF8D1
S214022F40019B034A1B03136003B05DF804FB00BF3A
S214022F50E83B0020014B1868704700BFE83B0020A2
S214022F60014B1868704700BFE83B002010B5064CBE
S214022F702368C3F30B0313B901200BF0AEFE2068DF
S214022F80431C236010BD00BFE83B00202DE9F04F34
S214022F9093B0DDE91C79039300230693834699F8E0
S214022FA0003004930DA80E4615460DF052FE99F811
S214022FB0003013F003043ED0039B8DF824300DF14D
S214022FC0250A00220821384610F0E7FA00286FD0BA
S214022FD0288810F056F899F800301C074CBF0430C9
S214022FE002300FF005FF07A9804607F0EFF99DF8BB
S214022FF024300446980633D5288806F10D0112F0CF
S21402300015FAB0B100230093721D29880823D2B2A4
S214023010384610F0BBF999F8003003F01803182B65
S21402302048D1B8F1000F45D0A74BB3F868304345F6
S21402303040D0A62326E02888711D12F0F7F9002852
S214023040F7D0009405232988324609A810F09EF985
S2140230509DF8243003F0180303930DF1240AB0E719
S2140230600CBB39464046F8F781FA0028D3D099F8C7
S21402307000309907DDD0402322462146404611F013
S21402308032FEBE2399F8002012F0030440F0F780C7
S214023090288803930FF058FF224601461A200DF0A7
S2140230A05BFD039BEBE007AB03CB38607960B2E7CE
S2140230B04FF6FF780EF013FA044620B10421384684
S2140230C007F0ACF904461E9B002B5AD009231E9922
S2140230D08DF834300DA80EF008F8209B0BB1209B1B
S2140230E00693039B002B40F08E800DA8EDF7FCF9AB
S2140230F099F800309A0700F09880FFF737FF51469C
S214023100024601200FF07AFE99F800309B0710D590
S2140231105946288812F085FA0BF1090350FA83F310
S2140231205FFA83FB2888594612F050FA00EB0B062A
S214023130F6B299F8003013F0C20F0AF104030DD06C
S2140231409DF82420614942F020028DF824200A6866
S214023150CAF804204A685A600AF10C0309A8012238
S21402316000921B1A29883246DBB210F00FF932465B
S21402317059462846FEF77EFF002800F0A38000236B
S2140231807DE01F9B5BB19E46BEE80F000DF1340C3E
S214023190ACE80F00DEF80030CCF800309DE7049B68
S2140231A0288803F0200359460493F7F7EBFD10F046
S2140231B0030F0CBF012300230593049B059A1F9956
S2140231C0003B18BF012342EA430300930DAA06AB55
S2140231D0384600F001FB049A034682B1002880D0EC
S2140231E0059B00930DAA06AB1F99384600F0F4FA29
S2140231F099F8002022F02002034689F80020002BCE
S2140232003FF46FAF3EE7039B102B06D1BDF8363076
S21402321043F00103ADF8363067E7039B182B4FD116
S214023220BDF8363043F00203F4E70DF12501012024
S2140232300FF0F2FD99F8003013F0040F824628884A
S21402324021D1069B1BB3002C35D00FF07DFE002249
S214023250014616200DF080FC84B17FB14FF6FF7355
S21402326098450BD000231A460DA938460EF085F86D
S2140232709DF83520394640460EF049F90123184696
S21402328013B0BDE8F08F002CDFD1104F01E0002C08
S214023290DBD10023009332463B46594611F0C5F96E
S2140232A000283FF4C6AE002C3FF469AF069A0AF136
S2140232B00103136063E71B685345C6D80124E8E799
S2140232C0A623DCE71823DAE7F43A00201F50002092
S2140232D007B5074A00230193136004230DEB03028C
S2140232E07F2101200BF0F7FC03B05DF804FB00BF62
S2140232F0E83B00202DE9F04FB1B0044600888DF877
S2140233002F3016468A463A9F12F0BDF8014681468D
S214023310208812F05BF900EB0908208812F0AAF95F
S2140233209DF82F500790002315F0010B5FFA88F8DE
S214023330ADF8363008D101460DF13602208812F07B
S2140233402FF808B1ADF836B016B9CDE90E660EAE56
S214023350FEF7F4FB18B145F020058DF82F50002338
S214023360CDE9033302930DF12F03CDE90063224624
S214023370534641464846FFF709FE0546002800F038
S214023380B8809DF82F3013F0010B46D123F02003AE
S2140233908DF82F3010F053F970B1754A10685168E5
S2140233A010AB03C3184600F0E9F95D460890FEF735
S2140233B0B7FDABB2984239D80FB100233B70BDF8C7
S2140233C03630CBB120880121F7F776FB27880546F1
S2140233D0002800F0BC8001213846F7F76DFBBDF8E7
S2140233E0367005463846F7F7F9FA002300903A4653
S2140233F01946284610F004F80023CDE90333029359
S2140234000DF12F03CDE90063224653464146484656
S214023410FFF7BCFD054600286BD010F010F9002817
S21402342040F0AC80284631B0BDE8F08F18AB14AA45
S21402343026A9E8B20DF0F6FF002875D1082210A9D9
S21402344027A812F0C3FA089B8346002B68D09DF883
S214023450A530099313F0020F62D0082212A927A8FA
S21402346012F0B4FA00285BD1099B590758D50FB160
S21402347001233B7014AB0FCB0DF1740C8CE80F00DC
S214023480BDF83630CBB120880121F7F715FBB4F82A
S21402349000B000284DD001215846F7F70DFBBDF8C5
S2140234A03620099283461046F7F798FA0023099ABF
S2140234B00090194658460FF0A3FF2E4B04930023A4
S2140234C003931DAB02930DF12F03CDE90063224651
S2140234D0534641464846FFF759FD28BB089B002B3A
S2140234E033D012AA1DAB4FF482714FF4005000F095
S2140234F0CFF810F0A4F888B11F4B1B689A070DD4BA
S214023500FEF71CFB50B11A4A1068516818AB03C389
S214023510002226A918A810F067FF18BB002581E72D
S21402352027B9BBF1000FA5D0013540E700233B7059
S214023530F7E7BDF836200A9010460992F7F74EFADA
S214023540DDE9092307990090B4E7089ACAE7BDF8AF
S21402355036B05846F7F742FA079900902B465A4675
S214023560384647E726A918A810F07BFFD0E700BF29
S214023570E8DA0300283700202C3700209DF82F3089
S21402358003F01103102B7FF44DAF3E4B1B78432BF9
S2140235907FF448AF3C4B1B685B067FF543AF208841
S2140235A008F1050111F042FF834600283FF43AAFC6
S2140235B041462088F7F7E6FB344B10F0200F08BF91
S2140235C01E4612A800F0DAF80822314612A812F0B7
S2140235D0FDF9002852D0314612A80DF047FF01230C
S2140235E026AE00933246002314A912A800F0F4F87F
S2140235F000287FF417AF12AB0DF12F07CDE9036059
S2140236000290009301975346224641464846FFF7EA
S214023610BDFCA8B3BDF89A3018AA43F0080314A953
S2140236201020ADF89A3010F0BCFE00287FF4FAAEF7
S21402363012ABCDE90360CDE90170009322465346F2
S21402364041464846FFF7A2FC054600287FF4EAAE4C
S21402365018AB4FF49071002012AA00F019F84FF040
S2140236600051002011F046F9BBF1000F3FF456AFAF
S2140236704FF08051002011F03DF94FE78346AEE748
S21402368014ABE6E7A94F00202C3700205E3B002053
S214023690F0B591B00746164609A80D461C4611F02D
S2140236A023F93EB13368CDF826307368CDF82A3058
S2140236B045F040051B4B1A6822EA070242EA05015A
S2140236C019604B040DD5BDF824200B0A03F4E2431F
S2140236D0C9B222F4E3420B4322F07F021343ADF851
S2140236E024301A23082209A90020F7F7A3FCB4B154
S2140236F004A80DF0AEFA02236A468DF8103004F1E3
S21402370010062346154618685968144603C408333B
S214023710B3422246F7D1294604A80DF0E6FC11B0C2
S214023720F0BD00BF2C370020054B196847F2FF108A
S21402373041F48042014041F480411A6011F0DAB847
S2140237402C37002000B589B0FEF778FC01A811F0EE
S214023750CBF80948BDF804200168130221F0FF01E6
S21402376003F4E2030B43D2B2134343F480430360F1
S21402377009B05DF804FB00BF2C37002010B50C4BD7
S21402378004461868830788B006D54FF0FF332360D7
S2140237906360012008B010BD10F04000FAD001A806
S2140237A011F0A2F8DDF806302360DDF80A30EFE704
S2140237B02C37002008B5074B1B6813F0400302465F
S2140237C005D118461946FFF763FF012008BD002001
S2140237D0FCE700BF2C3700202DE9F04F9FB0804653
S2140237E09DF8A0A00C461D469346CAB11646304622
S2140237F00DF02FFA1AF0020714D004B917AC01AB79
S2140238002246314640460DF0EBFD0DB100232B60FB
S214023810002814BFA627002738461FB0BDE8F08F41
S2140238200DAEE4E701AB05AA314640460DF0A5FD14
S2140238307378FF2B0AF0010A24D0002840F0BD80DE
S2140238405CB105AA0DF1240C134603CB6345206038
S21402385061601A4604F10804F6D125B17278584B15
S21402386003EB82032B60BAF1000FD5D0BDF804300B
S214023870D906D1D472784FF6FF7118200DF06CF984
S214023880BB27C9E7DFF8409145B10FF0D8FE18B163
S214023890D9F800309A072DD500232B60D9F80030CE
S2140238A003F03003102B01D0202B25D117A811F0DE
S2140238B01BF808220DF15E01404612F087F828B187
S2140238C0D9F8003003F04403402B15D0BAF1000FAC
S2140238D014D109A811F012F802233370002C51D12A
S2140238E0BBF1000F98D00FF0AAFE70B3301DFFF7A1
S2140238F045FF91E7334BD0E7A6278DE7D9F800308E
S214023900DB03E6D509A810F0F9FF022333709CBB4F
S214023910BBF1000FAED00FF092FE08B3301DFFF7DA
S2140239202DFFA7E7D9F8003003F08403842B30D0AC
S21402393009AB0DF1340C1A4603CA62452060616079
S214023940134604F10804F6D106E0D9F800302546FD
S21402395003F08403842B2AD0301DFFF70FFF28E0E4
S214023960D9F80030012503F08403F3E7D9F80030D4
S214023970012503F08403D9E70FF061FE0028F5D095
S2140239800125D5E70FF05BFE05460028CAD00025C4
S214023990CEE712A80DF05DF9022312A88DF8483082
S2140239A0ECF7A2FD224608214046ECF7A1FC1023C4
S2140239B07380002D3FF430AF5CE703272CE700BF8F
S2140239C0D0340020283700202C37002049B9084B75
S2140239D0197849B14EF66023594328B10548F7F7DE
S2140239E013BA41F28831F8E70248F7F7A9BA00BFDE
S2140239F05F4F00207836002070B586B005460FF07F
S214023A001EFE10B9702006B070BDF7F7AFFB002897
S214023A10F8D001A8FFF7B2FE06460028F2D055B944
S214023A20304B1C6814F0020433D14FF48163ADF8B6
S214023A300C30022125E02C490822284611F0C6FF48
S214023A400028DFD0274B1C6814F0020406D0274B50
S214023A501B78112BD6D1264BB3F86840082229468C
S214023A6001A811F0B3FF0028DFD04FF40273ADF8BF
S214023A700C302B68CDF80E306B68CDF8123000266D
S214023A800A21002203A80FF034FB024648B9182088
S214023A90B9E7164B1B78112BB4D1154BB3F8684017
S214023AA0C3E7104B196801F03003102B17D0202BF8
S214023AB014BF01230323490001F004010B432046EF
S214023AC0002101F085F80028E1D000210120FFF74F
S214023AD07DFF16B1074B01221A70002093E70323DD
S214023AE0E9E700BF2C3700201F500020A94F002016
S214023AF0F43A00205350002030B5002485B0CDE9BA
S214023B000044F7F71DFA0FF09AFD1D4D60B906F056
S214023B107DF80D24002108462970FFF757FF21463D
S214023B2068460BF0E9FC17E02B783BB315491648BC
S214023B300A780078904221D90132012B0A700DD101
S214023B4022464FF4A071204602F0A8FDB0B90F48F5
S214023B5041F28831F7F758F905B030BD022B08D18B
S214023B6002A92046F7F702FD40B902A8FFF744FF74
S214023B70ECE7032B02D101F0DFF9E7E70424C9E7FB
S214023B805F50002060500020CE15002078360020BE
S214023B9070B51B4A1B4D51682E7886B004461068D5
S214023BA001AB03C31EB17024204606B070BDF7F702
S214023BB033FB0228F7D10FF042FD0028F3D003A80A
S214023BC000F02AFE082201A90DF10E0011F0FEFEF9
S214023BD0A0B10D4B32464FF4A07130461C7002F075
S214023BE05DFD04460028DFD1084A0948012341F258
S214023BF088312B701370F7F707F9D5E7B724D3E7A8
S214023C00671904005F500020CE1500206050002087
S214023C1078360020F0B52F4E9BB007460C46492258
S214023C20002107A8069111F0FBFE3378012B37D14D
S214023C30B7BB0DF10E01204610F091FF0546BDF808
S214023C400E00F6F7CBFE441BE4B22A46BDF80E1071
S214023C500097234606A80FF099FB04A93846F7F703
S214023C6085FC0246E4B19DF819301A4312F0FF02B1
S214023C7016D1BDF8233003F47E43B3F5285F1ED376
S214023C80B3F5385F0ED31449BDF80E000B6843F443
S214023C9000030B6029460DF015FC18B1042333709F
S214023CA01BB0F0BD0D4B012204A81A70FFF7A4FE4C
S214023CB00B4841F28831F7F7A7F80223EFE71146DF
S214023CC010463270FFF782FE1E2104A80BF014FC89
S214023CD0E6E700BF5F5000202C370020605000202F
S214023CE078360020014B1870704700BF60500020E5
S214023CF0014B1878704700BF5F500020014B1870C8
S214023D00704700BF5F5000202DE9F0478CB0054693
S214023D10B5294088ADF80A00884600F08C8095F8F0
S214023D200890AE790FF0ADF905A90446BDF80A0071
S214023D30EF7911F0B0FCBDF80A000FF095F84205D5
S214023D4042BFBDF81A3043F40053ADF81A30EB798F
S214023D50DB0642BFBDF81A3043F48053ADF81A3082
S214023D60BDF81A30980613D5022E6AD108A9287A09
S214023D7010F096FEDDF82500DDF8291003AB03C32C
S214023D8003AA0021009104230DF10A00FFF7B2FAFC
S214023D90BDF80A000121F6F78FFE022E82465CD19C
S214023DA0474B33F81940B8F1000F72D0BDF81A200D
S214023DB051066ED54FF6FB739C426AD8414B1B7870
S214023DC0033B012B04D8404BB3F86830A34260D0C3
S214023DD0D30502D5204611F055F8BDF81A30D8049E
S214023DE057D5002E46D1BDF80A000FF03DF8C106A1
S214023DF011D4CDF80080534605AA214630460BF072
S214023E00AEF90B2017F003021CBF02F1FF32D2B24A
S214023E1021460CF0A1FEBDF8162048F234039A4261
S214023E2009D12A4E3078FF2805D003222146FBF717
S214023E3067FCFF23337000232B806B800CB0BDE839
S214023E40F087012E01BF2B7A214A03EB430302EBD4
S214023E5083020CBF0232002293E7012E05D10C2307
S214023E601B4A03FB09F3D45A9DE7A01C0EF0C0FFC1
S214023E70044698E7204601F0B5FEBDF80A000EF0AB
S214023E80F3FFC206C7D4CDF80080534605AA4946BA
S214023E90B4E7BDF80A000EF0E7FFC306BBD4CDF8C0
S214023EA00080534605AA002E14BF494621463046D6
S214023EB00BF055F9B8F1000FA3D10920A2E700BF15
S214023EC0FE3F0020AA4F0020F43A0020D215002020
S214023ED03E3F002070B5114B114D00240A262A7869
S214023EE0A24205D8C2B9BDE870400E48F7F728B816
S214023EF0598869B9013AD2B2A2422A70EFD0121B8F
S214023F0003F10A011846724311F070FD0346E6E714
S214023F1001340A33E4B2E2E770BD00BFDA3E0020A5
S214023F20635000201414002070B51A4B1A4A1D78EC
S214023F300023DCB2A54200D870BD14460133668861
S214023F40864202F10A02F4D1E379A588617203F08F
S214023F5040028DB9CAB123F00403E3710FF091F861
S214023F60037803F07F03037021880029E4D1BDE8BB
S214023F7070400A48F6F748BF00216580A180002AF3
S214023F80E9D1BDE87040FFF7A5BF2046FFF7BCFEAB
S214023F90F7E700BF63500020DA3E0020141400202A
S214023FA02DE9F047044686B040880F4615460FF0C6
S214023FB068F8A3798046082B51D8DFE803F0052E6F
S214023FC0185050505050050002300EF011FF002DD0
S214023FD04DD06946F7F7CAFA38B9684601F0ACFE22
S214023FE000F0010006B0BDE8F0870020F8E702A95D
S214023FF0207A10F055FDDDF80D00DDF81110334A79
S2140240006B4603C3237A32F81390314AD05C6E466D
S21402401075B1314610F068FDE4E7237A2D4903EBCB
S214024020430301EB830231F82390907A961CEFE764
S2140240304FF6FB7AD14514D9304603F0F5FF4FF61A
S214024040FF739842054614D00146304601F0E6FD5D
S214024050554507D9E379DA060DD4CB2363720020DF
S214024060C0E74D46294608F102000EF0C3FE0120C5
S214024070B8E74D46EEE74FF6FC78454511D103F01A
S2140240800C030C2B1BD1D7B130464FF6FD7101F055
S214024090C5FDC82161722046FFF736FEFFF71AFFFC
S2140240A0DDE74FF6FD739D4209D1002319461A46F5
S2140240B0304602F0AFFB4146304601F0AFFDE379F1
S2140240C043F00C03E371CC23C8E700BFFE3F002099
S2140240D06B4F00203E3F002073B5044640880E46D4
S2140240E00EF0CFFF02300EF083FE0DF00AFA18B182
S2140240F0A11C201D0DF00AFAE6B1E5790135EDB2F4
S214024100E57115F0400514D0EBF742FF0122054693
S21402411000212046FFF744FF18B1394B1B882B4479
S2140241209DB2384B1B78042B01BF354B1B885B199D
S2140241309DB22580002231462046FFF731FF20B38C
S21402414060880EF09EFFE2792F4922F00C03E3719D
S2140241500B780133DBB20B70C3712C4B1B78054610
S214024160A61C0BB3E37998061ED52949097871B1C6
S21402417059060CD592070AD500220092042311464E
S2140241803046FFF7B7F810B1607202B070BD002279
S2140241900092012311463046FFF7ACF820B1E379CE
S2140241A043F00303E371EFE730460DF0ADF910B1CB
S2140241B00123E371E9E76088FBF74CFE0328E4D8A5
S2140241C0DFE800F0020D1B18E37943F00403E37105
S2140241D01B06DAD50F4B1A780F4B1A70D5E7CD238C
S2140241E06372E37943F00803E3712B7803F07F03ED
S2140241F02B70CAE7CE236372C7E7CF23FBE700BF65
S21402420024150020AA4F0020A74F0020A54F00200B
S214024210CF150020634F0020625000202DE9F74F93
S21402422006460AF01BFD5D4B5D4AB3F80090188007
S2140242305B4BDFF880B11B78A0EB0904A4B2A34263
S21402424086BF1B1BDBB200231370A9EB00030546D7
S2140242504FF000084FF6FF770093524B19785FFA3B
S21402426088F291420ED80EB1FFF734FE4FF6FF7376
S2140242709F4200F08D804C48394603B0BDE8F04FAF
S214024280F6F7C2BDBBF80220002A3CD0474B9BF88B
S21402429007201878BBF800A0042818D00020BAF12E
S2140242A0000F08BFA2462044504523D2BBF8001098
S2140242B0009B1944ABF80010002E4DD002F04802C5
S2140242C0482A49D100215846FFF706FF44E00192EA
S2140242D0F7F79CF830F01003019ADFD1FAF706FEE2
S2140242E0334B019AB3F800C08445D7D9ACEB000033
S2140242F080B2D4E702F00C00042807D10022ABF803
S21402430000200BF10A0B08F10108A6E7510602F09D
S214024310030C02F008000DD520B3BCF1030F24D124
S214024320D6B19BF80910002908BFC9215846FFF7E5
S214024330EBFC11E040B3BCF1010F25D11206EFD41D
S2140243404FF4C862ABF800209BF8072022F0030265
S21402435042F002028BF80720BBF80020974228BFE3
S2140243601746CEE703208445DAD213060ED50C4B49
S2140243701A780AEB0200844208DA4A44521B0AEB15
S2140243800201ABF80010E7E70120ECE701219AE70B
S214024390054803B0BDE8F04FF6F7D2BD94430020BF
S2140243A0625000206350002014140020AA4F002000
S2140243B024150020DA3E00202DE9F0410B4EDFF8EE
S2140243C0348000250A273378ECB2A34204D8BDE82D
S2140243D0F0410748F6F70CB907FB0484A01CF6F771
S2140243E007F9201DF6F704F90135ECE763500020C3
S2140243F08A430020DA3E002070B50D4D0D4E002493
S2140244002B78A34208D81B1BDBB22B7073B9BDE80E
S21402441070400948F6F794BD04EB8400CA2106EB07
S21402442040000134FFF770FCE4B2E9E770BD00BF5C
S21402443063500020DA3E0020141400202DE9F041DB
S2140244400025124CDFF8488006462F4698F80020D2
S214024450EBB29A4203D8BDE8F041FFF73BBD608855
S2140244600EF00FFE02300EF0C3FCB0420AD1608896
S214024470F8F774FB00236288B521184603F0D0F9DA
S214024480278067800A340135E0E700BFDA3E002065
S21402449063500020F8B5124F124D3E782D78DFF8A3
S2140244A048C006EB8604B5424FEA440E0CEB4404C1
S2140244B014D003F4835343EA13230025E3716623DF
S2140244C06080A171227228462CF80E500136A58013
S2140244D063723E70FFF7A2FE2846F8BD7220FCE724
S2140244E06350002091150020DA3E00202DE9F04F9F
S2140244F0354B1C7885B00E4617465CB9B1F9068076
S214024500DFF8CC90DFF8CCA0DFF8CCB099F800301A
S214024510A34202D805B0BDE8F08F04EB84050AEB8F
S2140245204505A88800B9688801A911F0B4F8B27ADE
S2140245309DF80E309A4244D1B8F1000F0FDA317A64
S2140245409DF80C203389914209D820480078084407
S214024550824236DA521A1B0A1341D90731D5384637
S21402456011F088F8BDF80A309A06044602D5F38898
S2140245709B06CFD5EB7903F00C03042B08D1688891
S214024580F8F7ECFA00236A881946184603F048F949
S21402459000212846FFF7B8FBFFF79CFC3846F6F7E3
S2140245A01DFA844208D22B7A8BF8003001220023AF
S2140245B03146384603F072F8B8F1000FAADA002442
S2140245C0A4E70134E4B2A1E7615000209015002070
S2140245D063500020DA3E00206C50002008B50AF036
S2140245E03DFB074B1B88C01A80B2B0F5807F05D909
S2140245F0BDE8084003480021F6F706BC08BD00BF28
S21402460094430020141400202DE9F04786B0044697
S2140246100D4610F038FF01462046F6F7B3FB10F0C1
S214024620030373D110F00C0F06D12946204606B0BC
S214024630BDE8F047FFF778BC20460EF015FCC10631
S21402464057D4204610F01FFF01462046F6F79AFB85
S214024650074620460EF015FD064602300EF0C8FB51
S21402466003A98046204607F00C0796F8069011F03C
S21402467012F873780C2F0CBF03270627012113F0BC
S214024680010F204618BF0327F6F716FA224B1B78AF
S214024690033B012B82461BD9B9F1010F18D94FF6FD
S2140246A0F773984502D8337A1F2B11D9301D0EF0B6
S2140246B09FFBF17981460FF0C8F906464846F7F7A0
S2140246C057FECEB173685A1C02D0834308BFD12569
S2140246D0124B1B88A34211D1B5FA85F04009FAF7AE
S2140246E0A3FE20460EF0EEFB0022014607200CF049
S2140246F033FA06B0BDE8F087D125E9E700955346C0
S21402470003AA414638460AF02AFDEAE7012BF0D111
S21402471010F00C0FEDD188E7AA4F00208A43002044
S21402472010B50A4B1C780A4B0022D1B28C4201D833
S214024730002010BD197A814202D19979022902D04D
S2140247400A330132F1E70120F3E700BF635000208D
S214024750DA3E002010B5094B1C78094B01460022B0
S214024760D0B2844201D8002010BD187A884202D105
S21402477098790128F8D00A330132F1E76350002015
S214024780DA3E002010B40B4B1C780B4B0022D1B241
S2140247908C4203D85DF8044BFFF79CBB197A814222
S2140247A005D19979012902BF0021198059800A335F
S2140247B00132ECE763500020DA3E0020044B1B680F
S2140247C013F0300F03D02021302010F093B870473A
S2140247D02C3700200949002310B51A46044601EA80
S2140247E000414FF07F60FEF753FFE30703D5002139
S2140247F0302010F07FF8002010BD00BF00007207C6
S214024800044B5B8823F4784323F08D030380002057
S214024810704700BF2C37002008B503460022C3F8B5
S2140248200220C3F806200B4A1268D1B212F0200FFB
S21402483018BF41F010011980930700F1020001D45D
S214024840FEF79CFF044B1B78023B032B8CBF932086
S214024850002008BD2C370020A94F002038B5054699
S2140248600C46FDF7EBFB98B10D4B187878B10D4B63
S2140248701B681A040ED57CB113F0420F00D16DB13D
S21402488003F44073B3F5407F0CBF0020B72038BD59
S2140248909520FCE7A820FAE72046F8E7B720F6E7D7
S2140248A0A54F00202C370020F0B58DB0044607A88F
S2140248B00D4616460CF0CDF91022002103A811F081
S2140248C0AFF85CB1234603F1100703AC18685968C9
S2140248D0224603C20833BB421446F7D1012786EAB2
S2140248E0070303A907A88DF81C708DF81D300CF07D
S2140248F0EDFB80EA070401A8E4B20CF0C0FBB6B1F7
S21402490001A88DF806500CF070FC64B1002303A9D0
S21402491007A88DF81D300CF0E8FB0C4B1B78432BD8
S21402492001D1F7F713FE0A4B1D700DB0F0BD01A8BA
S2140249308DF807500CF059FC002CF6D003A907A8F6
S2140249408DF81D700CF0D1FBEFE700BFA94F0020D9
S214024950A44F0020F0B593B007460DA801250C46DB
S2140249600CF077F905A90DA8ADF834500CF0D8FB79
S21402497001A80CF084FB09A90DA88DF835509DF806
S21402498006600CF0CDFB0DA89DF807500CF037FB27
S21402499070BB731BDBB2802B28D91FB1A64225D071
S2140249A0A54223D105A90DA80CF09FFB03A80CF085
S2140249B066FB03A88DF80F600CF017FC012229464F
S2140249C009A8FFF771FFF7F777FE01214FF4007091
S2140249D003F0EAFEFDF71CFBB0F1004F01D9FDF72C
S2140249E01DFB044B18780AF078FD012013B0F0BDC9
S2140249F00020FBE7A44F002070B50E46144605467D
S214024A000320FFF77BF946F00402294620460CF005
S214024A10C6FB024B00221A6070BD00BF283700207A
S214024A20F0B587B0078805461022002102A810F0CC
S214024A30F7FF3B4B1B78002B6FD1B80557D407F016
S214024A408403842B5CD0374C0FF0E2FF17F4045F2C
S214024A50276005F102061CD0BA040AD5304605F0D6
S214024A6081FA00284AD1236823F4005343F4807362
S214024A70236030460FF0D9FF00283ED10CF0E5F84F
S214024A8018B9236843F480332360236843F0200375
S214024A902360226842F4004112F0400218BF05F17A
S214024AA02302334647F2FF102160FEF7F1FD0DF1B7
S214024AB00600FFF7A5FE236813F4805FBDF80630F4
S214024AC022D043F02003ADF80630BDF80600FFF70B
S214024AD081FE23689B0506D595F82210012205F172
S214024AE01200FFF7E1FE104B0020186006E005F109
S214024AF012000FF09AFF0028A1D0B22007B0F0BD36
S214024B00B907A0D5B720F9E723F02003ADF80630A1
S214024B10FDF784FAFEF7DCFBD7E77020EEE700BF6E
S214024B20A94F00202C3700202837002008B5054B57
S214024B301B7833B1FFF742FEBDE808400248FEF795
S214024B4039BE08BDA54F00201F50002010B5154BDA
S214024B501B78D3B1144B1B78033B012B15D90020CD
S214024B6010F030FA044698B1027912F0300F0CD1E8
S214024B700E4B1B784BB1012B02F0CF0206D0991ECA
S214024B804B424B415B011A43227110BD1023FAE7D8
S214024B90F7F722FA0028F8D021462046BDE8104052
S214024BA004F098B9A54F0020AA4F00208F150020C8
S214024BB008B50EF044FD054B18B91868C0F380001E
S214024BC008BD1868C0F30050FAE700BF2C37002073
S214024BD02DE9F047064688B089461046002115465C
S214024BE09846F6F7CFF8102807460AD8684B0341CE
S214024BF0DB0706D4C8F340049DB9002008B0BDE820
S214024C00F087644B1C78002CF6D0FFF7D1FF002803
S214024C100CBF4FF4F0744FF4D074FC4004F001045F
S214024C20EAE7002318F0010F1A4629464FF005005E
S214024C300CBF4FF0080A4FF4027A0AF0EBFA00288B
S214024C40DBD0C8230093324600235146284605F09F
S214024C5069FDADF80E000028CFD018F0080A4AD138
S214024C60A7F10F024FF6F773D2B29E428CBF09230A
S214024C700123012A01D843F04003474A8DF8103039
S214024C8013788DF81130591C1170002C4FD09DF8F6
S214024C901030052F43F020038DF8103033D03F4BF1
S214024CA01D78002D5AD04FF6F77300259E424FF01E
S214024CB00F0248D9012304A90DF10E00F5F7BEFF35
S214024CC000289AD1002C4DD1BAF10001BDF80E0091
S214024CD0CDF8009033463A4618BF01210CF01BFC73
S214024CE0ADF80E00002888D018F0040F4DD03146DB
S214024CF00FF0D5F882E749460DF10E0005F012F9DD
S214024D000028ADD179E70121BDF80E00F5F7D4FEF3
S214024D100121F6F737F80123834013F0620F1CD106
S214024D201E4B1B78E3B14FF6F7731825BEE71B4BF5
S214024D301B7825460222002BBCD04FF6F7739E4204
S214024D40B8D8052FB6D0BAF1000FB3D19DF81030FF
S214024D5043F040038DF81030ACE710250F22A9E788
S214024D601825FBE7BAF1000F0AD0009002234A4644
S214024D7029460DF10E00FEF7BDFA0028A4D03CE746
S214024D80CDF800A041235246F2E70FF072F835E75D
S214024D909FFEFEFFA54F0020A64F0020974F002043
S214024DA02DE9DF431E46144B0A9C1B689B07804670
S214024DB00F4691461CD4204614B10CF094FBC0B2A8
S214024DC0CDE902400622CDE900890C493B46002087
S214024DD00EF06AFB024658B1002E4FF000010CBFDF
S214024DE001230323084604B0BDE8D043FFF7F0BE14
S214024DF0002004B0BDE8D0832C3700206F190400D1
S214024E002DE9F04F8DB081469DF85C808A461F469C
S214024E1093463AB903A8FEF7B1FCA8BB00200DB032
S214024E20BDE8F08F15460022232110460EF061F9E8
S214024E30ADF80A000028F1D0F5F7B4FD04460523C4
S214024E4018F0100F00F8023B67701FD011220021E5
S214024E5010F0E6FD04F11306032F4FF0080236D1D8
S214024E605946304610F0C2FDC8F3801306F1090514
S214024E7033720CF034FB00283DD000232B706B708D
S214024E800123AB70033536E003ADCCE7169910224A
S214024E90012610F0ABFD06FA07F313F0620F02D1FB
S214024EA004F11206D8E707A80BF0D3FE05A88DF882
S214024EB01C600CF0E4F89DF816209DF8173018F0E8
S214024EC0200F08BF134604F11306A374C4E7514625
S214024ED0304610F08BFD06F108020123121B0093E8
S214024EE02846BDF80A100823D2B20EF04FFA042F55
S214024EF006F11005BDD02D1BE9B20DF10A000EF029
S214024F002CFA00288AD118F0040F0BD0484603F07A
S214024F10DDF8FF281FBF074A32F8103023F480431B
S214024F2022F81030BDF80A20434651464846FFF79D
S214024F304FFE74E71A43002070B590B003268DF832
S214024F4007600EF07CFB10B9702010B070BDF6F74B
S214024F500DF90028F8D002AD2846FEF70FFC00280F
S214024F60F2D01C4B1C6814F00204EDD11A4A40F22F
S214024F700F43ADF824301368CDF8263004A85368E2
S214024F80CDF82A300BF065FE95E8030005AB83E802
S214024F900300062304A88DF81D308DF81060EBF789
S214024FA0A3FA0DF12E0201210DF10700EBF7A0F98D
S214024FB022461A2109A80EF09CF8024608B91820C3
S214024FC0C3E7012329462046FFF702FE0028F6D053
S214024FD02046BAE72C3700201F5000202DE9F04F5C
S214024FE099B006461F220F4610A8002103930F9180
S214024FF010F016FD304610F046FA01463046F5F738
S214025000C1FE8DF81B0030460EF03BF89DF81B30B3
S21402501045788146C5F340059806304648BF45F0B8
S214025020020510F027FB04463046F5F7D7FC001BB6
S2140250305FFA80FA002300935346232B28BF2323CC
S214025040224631460FA80EF0A1F900283ED1AC4BFD
S2140250509DF83C801B789DF83DB0002B39D0FFF7B9
S214025060A7FD00280CBF4FF4F0734FF4D07323FA59
S21402507008F3D9072DD5AA072BD4B8F1080F22D1E9
S214025080BBF1040F22D1FAF789FEF8B90DF11B0322
S2140250902246314605200AF0A1F8B8B1A8F1050863
S2140250A0B8F10D0F12D8DFE818F028009701BE01FC
S2140250B0E401ED011100110011001100F301860256
S2140250C0A102CF02CF02B8F1050F08D019B0BDE891
S2140250D0F08FB8F1100F05D1039B002BF6D0FAF72C
S2140250E05DFED3E7FAF75AFE0028CFD0B8F1050FD7
S2140250F0CCD0B8F1110FC9D0E8E7BBF1050FE5D85F
S21402510030460DF021FF059009F102000DF070FE09
S214025110814608A8FFF774FB9DF83D700123BB404B
S21402512013F06203039305D0BDF820309B0701D528
S214025130AE07CBD50EF083FA0028C7D0FAF72EFEBC
S21402514008B9002DC2D00DF13E0A50460FF06DFC94
S214025150039B049043B3032F9DF84EB02BD10DF161
S2140251604F040EF06CFA814500F0BB800026039BCC
S214025170002B3BD12046F6F7DDF94FF6FF73984237
S214025180054604D1204610F0EDF8A8429ED0049BB6
S214025190002B0CBF04231523CDE900A332463B4661
S2140251A02146FFF72DFE91E7032FDDF80CB079D1EB
S2140251B00DF14E04D5E7534B1B689C0727D5FF22FB
S2140251C008210DF157000EF0E8F98046F8B90346BB
S2140251D001460DF157020220FEF75AFA0EF02FFA98
S2140251E081450DF157060DF14F041FD04FF6F773A8
S2140251F09945BFD90022082120460EF0CEF9002894
S214025200B8D0002259465046FFF74EFB5EE70DF136
S21402521057060DF14F0430460FF094FB002846D097
S2140252200EF00DFA8145A2D14FF000083649082249
S214025230204610F0CBFB002899D1012F6AD0042F0C
S2140252407FF444AF0FF0A1FB10B1032D7FF43EAF05
S214025250049B002B7FF43AAF324602215046FFF7FA
S214025260CBFB2A4B1B7863B1FFF766FEFEF740FDC9
S214025270022806D10120FEF735FD01210846FEF779
S214025280A5FB234B1B78022B20D1032130460AF0C4
S21402529033F9FEF72DFD014600287FF417AFFEF71F
S2140252A095FB13E70DF156060DF14E04B3E7184BC6
S2140252B01B78432B7FF40AAF012F7FF407AF0EF063
S2140252C0BEF981457FF453AFB846AFE7412B7FF472
S2140252D0FDAE0C4B1B6858057FF5F8AEF8F756FD89
S2140252E0F4E6032D7FF4F2AE9DF8561000395246CE
S2140252F018BF01210DF14E000CF01AF9E6E600BFC8
S214025300A54F00202C3700201F50002053500020AD
S214025310A94F0020AE4C2378022B21D02378412BB4
S2140253203FF4D4AE049B33B9FAF738FD5946024629
S2140253305046FFF7B9FAFAF731FD00283FF4C6AE39
S2140253400FF023FBA34F90B13B681A0502D42378D3
S214025350432B0CD1AB070AD4AC20F7F711FDB5E608
S2140253600FF013FB0028D9D0A907D7D4AEE63868C9
S21402537010F0020002D1059903F0ACFD2378112B40
S21402538015D13B685F0512D50020FEF735FB0446B3
S21402539000287FF49BAE0EF0D1FBAE20F7F7F0FCB0
S2140253A021462046FEF712FBF7F7F6FC8EE6AC0720
S2140253B001D5FFF703FAB8F1000F8FD00BF045FCCA
S2140253C018B94FF480310FF095FA834B002230461D
S2140253D01A600FF0AEFA81E70EF031F900287FF47A
S2140253E075AE7E4B1B78002B3FF470AEA80704D434
S2140253F0784B1B6899013FF569AEBAF10C0F0DF1B7
S214025400450094BF002412AC0DF0F2FC02469DF853
S214025410470003283FF65AAE00940DF13D03394685
S21402542004F022FB52E66E4908220DF13D0010F010
S214025430CDFA20B902223946FAF762F946E6694BF6
S2140254401B78013B012B3FF641AE0DF13D0002F009
S214025450EBFD4FF6FF739842044606D10DF13D0070
S2140254600FF080FFA0423FF431AE0021FAF758FA5F
S2140254702CE6EA077FF52AAE2A460FA9384604F03C
S214025480D1FB23E69DF83D100120FFF763FA1DE6E7
S214025490544B1B78013B012B3FF618AEEB077FF50A
S2140254A015AE0DF13D0002F0BFFD4FF6FF739842B8
S2140254B00546804671D10DF13D000FF053FF404581
S2140254C00546074669D10DF13D00F6F773FDB84271
S2140254D005463FF4FBAD3046F5F780FA0934E4B2F0
S2140254E0071B0022FFB2394610460DF002FEADF849
S2140254F01C0000283FF4EAAD4FF00109CDF80090F9
S21402550000232A46082105F00DF9ADF81E000028F2
S2140255103FF4DCAD2146304610F083F84FF0000A27
S21402552080461622514609A8CDF820A010F078FA37
S214025530434622463146CDF800A008A80DF026FFC5
S2140255404B46424608A90DF11E00F5F777FB0028E8
S2140255507FF4BCADA7EB0807FFB2394607A80DF0EB
S214025560FCFE284602F0B2FDFF281FBF1E4A32F894
S214025570103023F4804322F810304444E4B2BDF8DD
S2140255801C0000972346324600210DF039FFBDF875
S2140255901E0029460EF083FC98E5284602F096FD8A
S2140255A0FF28074697D0F6F72DFF002893D03846F7
S2140255B003F0BEF98FE70B4B1B78013B012B3FF63E
S2140255C085AD2A460FA93846FCF7C0FA7EE500BF2D
S2140255D0A94F00202C37002028370020A54F002096
S2140255E01F500020AA4F00201A430020184B1B7899
S2140255F0022B20D1002F7FF469AD08A8FEF7BEF873
S21402560000283FF463AD134B1F709DF83D30002B0E
S21402561014BF64246524FEF76BFB032806D13846C4
S2140256203946FEF7D3F93846FEF768FB214608A846
S21402563009F062FF4AE5043B012BDBD938460BF042
S21402564060FF0028D6D141E530460BF05CFF3DE511
S214025650A94F0020535000202DE9F34105460E467F
S214025660174698460FF091F9044640B1CDF80080EF
S21402567001233A4631462846FFF792FB04460FF0CE
S21402568084F930B1FFF794FA78B10A4B1B689B0194
S2140256900BD4CDF8008000233A4631462846FFF761
S2140256A07FFB002C0CBF0446012404F0010002B06C
S2140256B0BDE8F0812C37002070B58AB005A80BF043
S2140256C0C8FA02238DF81430094B01AA03F110061A
S2140256D0154618685968144603C40833B34222466E
S2140256E0F7D1294605A80BF0F1FC0AB070BD00BF41
S2140256F075190400014B1878704700BFD0150020BA
S214025700014B1888704700BF481500202DE9F0436A
S2140257104FF6FF73994285B080460D4604D11E4966
S214025720082210F053F958B11C4E00274FF6FD79A7
S214025730EAF734FCFCB2A04207D84FF6FF7019E035
S21402574005B0BDE8F0430DF07ABF36F814304B458D
S21402575017D8694620460FF06CF9082241460DF12B
S214025760050010F033F94FF6FF7360B99D4204D17D
S21402577036F8140005B0BDE8F08326F814500FF092
S21402578014F90137D4E79D42FBD036F81430AB4209
S21402579008BF26F81490F4E71F500020FE3F0020B2
S2140257A02DE9FF47DFF84480DFF844A006460F469F
S2140257B000254FF6FD79EAF7F1FBECB2A04202D8DB
S2140257C004B0BDE8F08738F814304B450CD869466B
S2140257D020460FF02EF9082231460DF1050010F092
S2140257E0F5F808B90AF804700135E4E7FE3F002030
S2140257F06B4F0020014B33F810007047FE3F00202D
S214025800F0B50E4F85B006460025EAF7C7FBECB2A8
S214025810A04201D805B0F0BD37F81430B3420BD120
S214025820694620460FF03CF99DF80030022B1CBF5B
S2140258304FF6FD7327F814300135E6E7FE3F0020E9
S21402584030B585B00446EAF7A9FBA04219D920462E
S214025850FEF766FF0546B0B9694620460FF0E9F83E
S2140258609DF800302BB1694620468DF800500FF0A7
S214025870FCF8064B4FF6FF7223F81420002005B002
S21402588030BD6920FBE77520F9E700BFFE3F002028
S2140258902DE9F0410B7805460E461BB9BDE8F041EE
S2140258A0FFF7CEBFEAF77AFBA8422ED92846FEF7C4
S2140258B037FF60BB37464FF6FF7117F8058B384641
S2140258C0FFF724FF0446384600F036FAB8F1000F18
S2140258D015D0B8F1030F15D04FF6FF724FF6FD73D1
S2140258E0944208BF1C460B4B23F815400A4B314620
S2140258F0585528460FF0B9F80020BDE8F0814FF65B
S214025900FF74F0E74FF6FE74EDE76920F5E77520C1
S214025910F3E700BFFE3F00206B4F00202DE9FF415A
S214025920114F0D460E0A04464FF6FE78EAF736FB8E
S214025930A04204D8FF24204604B0BDE8F08137F820
S214025940143043450CD1694620460FF072F89DF894
S2140259500520EBB29A4203D19DF80630B342EAD054
S2140259600134E4B2E2E700BFFE3F00202DE9F04F2B
S21402597087B0DFF86C909DF840A001900C46174661
S214025980984600254FF6FD7BEAF708FBEEB2B042DA
S21402599001D8FF2616E039F816205A451ED802A965
S2140259A030460FF046F83FB99DF80920424515D11A
S2140259B09DF80C20524511D144B939F81620019BA6
S2140259C09A420BD1304607B0BDE8F08F08220DF19F
S2140259D00D0120460FF0FAFF0028F3D00135D3E779
S2140259E0FE3F002010B514460FF023F82046034968
S2140259F0BDE8104008220FF0F9BF00BF1F5000207C
S214025A002DE9FF47074615460846082224491E4642
S214025A100FF0DCFF044600283FD1DFF888904FF6EF
S214025A20FF7AEAF7BBFA5FFA84F840450BD885B3EB
S214025A30384609F0A0FC01250C9B18703570012031
S214025A4004B0BDE8F08739F8183053451FD06946D0
S214025A5040460EF0EEFF7A789DF801309A4216D153
S214025A607A88BDF802309A4211D13A799DF804300C
S214025A709A420CD108220DF10501781D0FF0A6FFFF
S214025A8028B9002DD7D1404609F089FCD3E7013466
S214025A90C7E7FF2009F083FCCEE70020D0E700BF6F
S214025AA01F500020FE3F0020F0B5164E164F85B060
S214025AB00025EAF773FAECB2A04201D805B0F0BDB1
S214025AC0694620460EF0B5FF9DF80030032B06D936
S214025AD00023694620468DF800300EF0C6FF9DF87A
S214025AE0002062B14FF6FD734FF6FE71032A08BF1F
S214025AF00B4626F8143000233B550135D9E74FF6FE
S214025B00FF73F6E7FE3F00206B4F0020F8B50E4B02
S214025B100E4D1B7803EB43030E4605EB8305044646
S214025B204FF6FF77A54202D800242046F8BD238808
S214025B30BB4206D008223146A01C0FF047FF0028C1
S214025B40F3D00C34EEE700BF921500203E3F002053
S214025B50044B05481A7802EB42029200FF210FF02E
S214025B605FBF00BF921500203E3F0020074A127812
S214025B7082420AD900EB4003054A22F823104FF668
S214025B80FF73994201D1FEF7FDBD704792150020C2
S214025B903E3F0020094A127803469A42084608D930
S214025BA00C21022211FB03230549082219440FF097
S214025BB01DBF00230B604B60704700BF921500208C
S214025BC03E3F0020054B1B78834281BF0C2358437F
S214025BD0034B185A98BF4FF6FF7070479215002075
S214025BE03E3F002038B50446FFF70AFE094B1878F8
S214025BF0094B00224FF6FD75D1B2884200D838BD57
S214025C0033F80C1CA14208BF23F80C5C01320C339B
S214025C10F2E700BF921500204A3F002070B5054605
S214025C200E460846FFF7DEFF31462846FFF76EFDB2
S214025C3006482946FFF76AFF00B970BD044624F8F5
S214025C400C6B0EF0B2FE29462046F3E73E3F0020DC
S214025C5010B5244986B0082204460FF0B7FE20B9D4
S214025C6006B0BDE810400DF0EABC1F4908222046E7
S214025C700FF0ACFE20B91D4BB3F8680006B010BD9D
S214025C8000230093012221464FF6FF70FFF76EFEB7
S214025C90FF2806D0164B33F810004FF6FB739842D7
S214025CA0ECD903A8FEF7B8FD58B9BDF80C305B0670
S214025CB007D5082221460DF10E000FF087FE0028B8
S214025CC0DCD00C482146FFF721FF40B100884FF692
S214025CD0FB724FF6FF73904288BF1846CEE74FF628
S214025CE0FF70CBE71F5000205E3B0020F43A0020F6
S214025CF0FE3F00203E3F002070B50D4B1D780D4B39
S214025D000446002208464FF6FB76D1B28D4201D8F1
S214025D10002009E01988B14207D8A14205D108221D
S214025D20991C0FF063FE012070BD0C330132ECE7C4
S214025D30921500203E3F002037B5014605460D4825
S214025D40FFF7E4FE044630B1807A294603B0BDE888
S214025D5030400EF0C9BE03460090012229464FF697
S214025D60FF70FFF703FEFF2816BF034B2046185CA2
S214025D70EBE700BF3E3F00206B4F00202DE9F843C3
S214025D80164B1B78834207460E4623D9FEF7E2FCE3
S214025D90044608BB3046F5F7CDFB4FF00C084FF62D
S214025DA0FF724FF6FD73904218BF03460C4D08FB78
S214025DB007F23046AB5205EB0209FFF7BDFF89F842
S214025DC00A0048460822314602300FF00FFE2046EF
S214025DD0BDE8F8836A20FBE77620F9E792150020F3
S214025DE03E3F002038B504460D46FFF7D9FC05486D
S214025DF02146FFF78BFE00B938BD857221460C306E
S214025E00F7E700BF3E3F00202DE9F04192F80880F8
S214025E101F4608F1FF33DBB2EF2B88B005460E466D
S214025E2014460BD982238DF80E309DF80E30214A87
S214025E303146284600F07EFB012037E00E22002184
S214025E4004A80FF0EDFDB4F80930ADF81230E37A8D
S214025E508DF8118003F07F02032A08D0012B24D18B
S214025E6003238DF81030A389ADF815300EE0032B0E
S214025E7014BF022301238DF81030E368CDF81530E5
S214025E802369CDF81930237D8DF81430A7F121014E
S214025E904A420DF10E034A41009321460DF10F03CB
S214025EA004A8FFF7ADFD0028BFD1002008B0BDE86A
S214025EB0F08100BFEAEE03002DE9F04F95B01D78A1
S214025EC004920024CDE90201CDE90054414923465B
S214025ED0224601200DF0E8FAADF81E00F8B1A346FE
S214025EE0264627460DF120090DF1380AEAF756F83C
S214025EF05FFA84F8404516D8BDF81E003A460221DD
S214025F00F4F754FFBDF81E0032460421F4F74EFFA4
S214025F10DDE90310BDF81E30002200F00BFB012065
S214025F2015B0BDE8F08F4A460AA94046FFF75AFD6B
S214025F309DF8282022B12DB1013DEDB20137FFB206
S214025F400134D3E7BBF1000FF8D199E803009DF8BE
S214025F5029308AE803008DF84030BDF82A308DF8E3
S214025F604130032A4FEA13238DF8423016BF03232B
S214025F7001238DF84330DDF8311018BF9DF82C3020
S214025F80DDF82D0014BF8DF84C308DF8433011AB80
S214025F9003C302980CBF4FF00E084FF015080EF020
S214025FA044FC0590BDF81E00F4F718FD059900EBB9
S214025FB0080399420BDB0123424651460DF11E00AF
S214025FC0F4F73CFE0028AAD10136F6B2B6E74FF047
S214025FD0010BB3E786190400074A00231370074A29
S214025FE01370074A118801B11380064B1A880AB14A
S214025FF000221A80704700BF6550002064500020BF
S2140260009A430020984300202DE9F04F4D4C89B06A
S2140260109B46238805909DF848900F4610465BB92C
S21402602052B10DF0DEF9208047484FF4FA6109B00C
S214026030BDE8F04FF4F7E8BEDFF82081B8F800506C
S214026040002D6BD02846F4F7C9FCDFF81491DFF870
S21402605014A1C0F347042846F4F7A4FC0294B9F846
S21402606000300193BAF800300093384905465B4683
S214026070002201200DF018FAADF81E0018B305EB49
S214026080440B01245D4512D1ECB9BDF81E50D5B1C2
S2140260902F4B1B7833BB05982B460022394600F05F
S2140260A049FA0023AAF80030A9F800300BE00123D1
S2140260B029461A460DF11E00F4F7C0FD10F0FF0443
S2140260C005F10205DED0234A0023A8F80030137833
S2140260D0013BDBB21370002BA6D109B0BDE8F04F2E
S2140260E0FFF77ABF0DF08CFA01462846F4F74AFE0F
S2140260F00A2183462846F4F745FE0646A64202D8FB
S214026100FF2CCED1C7E704F10B01C9B22846F4F73B
S21402611039FE8345BFD80134E4B2EFE70E4C23784C
S21402612023B9F3F7A5FB08B9012323704A4659465B
S2140261300520F5F7AFFC0028CFD1207009B0BDE8E6
S214026140F08F00BF9A430020341400208B190400FD
S21402615066500020655000206450002098430020BE
S2140261602E4300203043002030B5154D2C8887B0D2
S2140261709CB923464FF4A07248F2380103A80EF0E9
S21402618097FD214620460DF0C8FD0E4B0094224690
S21402619003A9FFF739FF07B030BD20460CF071FFA8
S2140261A004300CF025FE03A9044628880FF073FA83
S2140261B0002300932A8803A9204600F047FBEAE75B
S2140261C09A43002000F8FF0737B50F4C0F4D01A980
S2140261D000200DF0A2FD237801467BB10C4B019AFC
S2140261E018780DF0B9FD2078F7F776F900232370BA
S2140261F02B700848F4F7A4FE03B030BD2B78002BB2
S214026200F7D0FFF7B1FFF4E7685000206550002092
S214026210675000203414002008B50548F4F7E8F962
S2140262200448F4F7E5F9BDE808400348F4F7E0B996
S2140262309A43002098430020964300202DE9F04F11
S21402624089B0CDE905239DF84870139E8946044619
S21402625030B316F801ABBAF1000F23D00AF1FF34BF
S214026260A400E4B2314601200CF0D6FDC00E1BD1CC
S214026270DFF844B1314601200CF0CEFD34449BF8E1
S21402628000502279BDB1002F47D1CDE90277CDE982
S2140262900077424A05998023484600F04BF93CE0D5
S2140262A08246DFE75446DDE71B28ECD9314601205B
S2140262B00CF0B2FDE7E7DFF80481FF2A00EA0808DF
S2140262C00BD1E379A179607901EB0321424689B2C9
S2140262D009B0BDE8F04F0DF03FBD314909688B07A4
S2140262E00AD5FE2A3AD101230135EDB2202D4FEA16
S2140262F043030AD1FF250AE02946284607920DF0F5
S2140263000CFD4845BFD1079AEBE79845ECD1254BE3
S2140263101B78FF2B04D0AB4204D009B0BDE8F08F47
S214026320FF2DFAD00020F2F77BFCA842F5D02946D2
S2140263300020F2F77BFC0028EFD09BF8003064794F
S214026340002BEAD1FFF748FE17484FF41051F4F736
S2140263505BFD164B8BF800501C70DEE7052A92D8C0
S214026360BAF1010F8FD8B8F1000F8CD0002FD4D11C
S2140263707379002BD1D00E49098821B90D49082B13
S21402638028BF08230B701292DDE9051243464846E1
S21402639009B0BDE8F04FFFF737BE00BF8B19040007
S2140263A02C370020D115002034140020675000201E
S2140263B09A430020655000206850002000F8FF072E
S2140263C0014B1880FFF7D0BE9843002037B5174B15
S2140263D01B78022B03D09325284603B030BD0DF15F
S2140263E00700F7F7B9F805460028F4D1104B1B78DA
S2140263F0013B012B01D97025EEE7F4F7B1FE002828
S214026400F9D0E1F7D9F80446F4F7AAFE094B18705A
S2140264100B23B4FBF3F203FB12440A34A4B24FF488
S2140264207A7105486143F4F7EFFCD5E7A94F0020DF
S214026430AA4F00209A4F0020583600202DE9F0433C
S214026440384B394F1E783D78A5B04FF4F813002428
S2140264500393ADF81040F7F7F7F8BDF90E30ADF834
S2140264601200A342ADF8144006DB304B1C78013410
S214026470E4B21C7044F080048DF82C408DF82D6038
S214026480A94602244FF00008B14529D3002221462E
S2140264900BA83D708DF82D800CF02BFEE8B1B8F1FC
S2140264A0000F09D00023CDE9000303AAFF234FF60D
S2140264B0FC710620FBF7D4FFB5422FD2E1F77CF839
S2140264C00B23B0FBF3F202FB13000A3080B24FF448
S2140264D07A7141431648F4F797FC25B0BDE8F0837D
S2140264E006A9484602F04AFA98B9512C11D804F186
S2140264F090030DEB030206AB03CB0834013508F11B
S214026500010842F8640C42F8601CE4B2EDB25FFA8D
S21402651088F809F101095FFA89F9B5E70448F4F742
S2140265200FFDDAE79A4F00209B4F00206A500020AA
S214026530583600200CB42DE9FF470CAA0E4652F836
S214026540041B0392074600297ED1BDF83400ADF83D
S2140265500A00002800F0918033794FF6F778002B76
S21402656076D147458CBF4FF009084FF00808454BD7
S2140265701C78FF2C74D1B6F90230002BA9BF424B0F
S214026580347A1C780134A2BFE4B21C7044F0800452
S214026590DFF8009122460021F4F708FC99F8002063
S2140265A0BDF80A30002A5ED00193DFF8ECA0FF2384
S2140265B00093BAF80000334622463946FCF7E6F85E
S2140265C0002389F800304FF6FF730546AAF800301C
S2140265D0742D33D10DF10A033246394640460AF08D
S2140265E098FF00284BD04FF6F7739F4226D8B6F98D
S2140265F002307088002B21DA2449254B48F2040227
S214026600904214BF894699460DF019F84FF00008DB
S21402661003464946CDF800808A2201200CF044FF4A
S214026620814658B122464146F4F7C0FBCDE90098B0
S214026630FF23324639464046FBF712FF284604B08F
S214026640BDE8F04702B0704701200CF00AFF7EE773
S2140266500023337147458CBF4FF00608984686E7FD
S214026660FF221A7094E7CDE900323946FF233246FC
S2140266704046FBF7F5FE0546AAE71825DEE705467F
S214026680DCE700BFD31500206A5000209C190400E6
S21402669091190400695000209C43002070B588B010
S2140266A0002416464FF40033ADF81A100DF10F020F
S2140266B004A905460593ADF81840ADF81C400494AD
S2140266C08DF80F400AF0FCFE9DF80F300193049BF4
S2140266D00093044A334605A92846FFF72BFF08B065
S2140266E070BD00BF9519040030B587B04FF48035F1
S2140266F0CDE90012002403958DF81030BDF828501D
S214026700074A8DF81140034603A9BDF82C00ADF8E0
S2140267101250ADF81440FFF70DFF07B030BD00BFB2
S214026720A11904002DE9F043B1F1006F8BB01446B5
S2140267301D4628BF39224FF0000336BF38224FF0DD
S21402674001099946ADF81E20FF2C4FF4800206463A
S214026750ADF81C300892ADF824304FEA11471FFA04
S21402676081F80FD10DF0EDFAB9F1000F19D1154AE3
S214026770CDE90205CDE90074434607A93046FFF786
S214026780D9FE1AE0FE2C0AD10DF0DBFA0130C0B2B7
S2140267900DF0F1FAB9F1000F12D00B4A02E0E8B29E
S2140267A0F8E70A4ACDF80080CDE90305CDE9017481
S2140267B0012307A93046FFF7BDFE0BB0BDE8F08304
S2140267C0034AD5E7991904009F1904009819040092
S2140267D0A019040010B54FF4981286B04FF08063EB
S2140267E0CDE903230023ADF814300CF028FF04464D
S2140267F0F6F72AFF054B01900093054A234603A9A4
S2140268004FF6FD70FFF796FE06B010BD1F50002033
S214026810A519040030B587B0CDE9001200248DF822
S2140268201030094A8DF8114003464FF4806503A9DB
S2140268304FF6FD700394ADF81250ADF81440FFF712
S21402684079FE07B030BD00BFA91904002DE9F04F4C
S2140268509BB00E4605460EA91046CDE90A329DF8B3
S21402686090700EF07CF9BDF838A080465046F4F7DA
S214026870B5F8B6F90230B6F80690B6F802B0002BB4
S214026880044604DAAB4B00221A7000204BE0504656
S214026890F4F7A4F84045F5D3A4EB0804E3B2002FBE
S2140268A018BF4FF4A079152B099328BF152300248F
S2140268B0013308F1FF32DBB2D2B25146009414A87B
S2140268C00CF064FD9C499DF8502008684968ADF8B4
S2140268D048406FEA4B436FEA5343ADF846300FAB7E
S2140268E003C3ADF84440ADF84A90ADF84C20BBF176
S2140268F0000F26D1914908220DF151000FF066F8DB
S214026900044698B90CF09BFE06460DF1590A0DF1A5
S21402691051030A9A9AF80080012A2DD157B384F0BF
S214026920010404F001001BB0BDE8F08F0DF1510028
S21402693001F07AFB4FF6FF74011B4C4206464C41AF
S214026940E3E7BBF1010F40F09480BDF851600CF014
S21402695076FE86420AD00FA930460EF0E7F980F09E
S2140269600104E4B20DF1530A0FABD2E7734B0DF1FB
S214026970530ACEE70A9CD4E797B3002C75D1B8F138
S214026980010F72D837D10CF05AFE0CF058FE9AF866
S21402699001706A4B064622460021CDE90061029745
S2140269A0674901200CF080FDADF83A0000285CD063
S2140269B0002C53D1B8F1010F50D1DFF89CA1264626
S2140269C09AF800305FFA84F8434538D9404601F019
S2140269D00DFCC20702D5BFB1013FFFB20134EFE79B
S2140269E0B8F1010F05D1002CCDD09AF801708122A2
S2140269F0D2E7002CF9D1B8F1010F94BF0022012290
S214026A009AF80170D201C7E7404601F0DDFA012389
S214026A10ADF8340002220DA90DF13A00F4F70EF992
S214026A2018BBBDF83A00F3F7D9FF804648460DF08A
S214026A30FCFE08F1010801368045F6B2CEDBB6B19F
S214026A40BDF83A0032460C21F4F7B0F9BDF83A30F8
S214026A50002211A92846FFF76DFD06E00C210DF174
S214026A603A000CF07AFC0028F0D001205BE70D21FA
S214026A70F5E70A9B002B7FF408AF7388342B6DD1A1
S214026A80099B092B7FF401AF002F7FF4FEAE9DF920
S214026A9059603A46B41008210DF1510004F0200462
S214026AA00CF07BFD30B9254908220DF151000EF09D
S214026AB08DFF70BB234B1B78012B3FF4E6AE022BF7
S214026AC013D1214B1B6813F0807F11D11E4B1B681C
S214026AD05B0201D5002E2BDA00231C4A11A9284698
S214026AE0FFF728FD1A4B1C70CFE6033B012B06D995
S214026AF0C823164A11A92846FFF71CFDC5E6154B02
S214026B00B3F86830AB42E1D00F4B1B6813F0805FDE
S214026B10DBE70DF1510001F087FA4FF6FF7398425A
S214026B20E6D02146F8F7FCFE03460028E0D1E0E76F
S214026B308D23DEE75D500020E8DA03001F500020B8
S214026B40AD190400AA4F00202C370020EAEE0300FD
S214026B50D2150020F43A00209F150020099B0493CA
S214026B600DF15103CDE90592CDE90283CDE9007A14
S214026B700B9B11AA3146284600F022F885E600BF94
S214026B80024B187840F08000704700BF6A50002021
S214026B9038B50A4B1C78054624B10CF050FDB0FA05
S214026BA080F46409F8F770FF08B144F04004E9F78E
S214026BB001FA44EA4020284038BD00BFA54F002015
S214026BC02DE9F04FB7B08346439C0D93BDF80431D0
S214026BD00E93BDF814310F9320469DF81831B1F884
S214026BE002909DF800519DF80861109388469246DF
S214026BF00CF0FEF8B9F1110F074600F289800CF08E
S214026C001EFDB84200F08E80B9F1060F19D14FF67C
S214026C10FD739F423ED0DDB9BC4B1B78033B012B74
S214026C2036D9384601F052FAFF2814BF8923812349
S214026C300022CDE900725146B54A5846FFF77AFC63
S214026C4006E02DB9B9F1030F08D8B9F1010F0AD839
S214026C50B04B00221A7037B0BDE8F08FA9F10403DA
S214026C60022BF5D8D8E7A94B1B78033B012B0DD98D
S214026C70384601F02BFAFF2814BF89238123A64A3F
S214026C80009751465846FFF755FCE1E78023F6E7A2
S214026C908023CDE7A14B1B7859074BD40CF0CFFCD1
S214026CA0002703469A4900973A4601200CF0FCFB5F
S214026CB02379ADF86C000F930028CCD006EB43097D
S214026CC00E98F3F78BFE5FFA89F909F105085FFA69
S214026CD088F88045BFD241460E98F4F753F81090D4
S214026CE008EB40080E98F3F779FE8045B3DADDE943
S214026CF00F321343DBB2002B40F03182002DAAD1B3
S214026D00A8464246BDF86C000421F4F74FF878E135
S214026D10824BB9F13A0F1B7813D948F23B039945D7
S214026D2008D016E07D4B1B785A070DD5A9F104034F
S214026D30022B09D8B8F8063043F48043A8F8063088
S214026D4089E7B9F11B0F1ED8A9F102039AB2132ADA
S214026D505ED9109B02930F9B0D99CDE900533246E4
S214026D605B4648460AF0B9FB0F287FF474AF694BBE
S214026D7001221A70694B1B789B0740F1D682002DC0
S214026D807FF469AFD6E7A9F11C021E2AE1D801A159
S214026D9051F822F0B5750200536D0200536D0200E1
S214026DA0D5710200536D0200B3720200B372020084
S214026DB0536D0200536D0200536D0200536D0200C4
S214026DC0536D0200536D0200536D0200536D0200B4
S214026DD0536D0200536D0200536D0200536D0200A4
S214026DE0536D0200536D0200E3720200E37202006A
S214026DF051750200536D0200536D02006B7502005E
S214026E00536D0200097602001F7602002D760200FC
S214026E10132B9ED801A252F823F000BF6D6E02001B
S214026E20356F0200536F0200317002009D6C020043
S214026E30536D0200536D0200536D0200536D020043
S214026E40536D0200536D0200536D0200536D020033
S214026E50536D0200536D0200536D0200536D020023
S214026E606D710200536D0200E57502001BAB0D98B2
S214026E70009300241DAB5A4631461D948DF86C4093
S214026E800AF01FFB0CF0DBFB204B1B78012B0546A0
S214026E9003D0022B14BF02240124E9F78BF816282C
S214026EA094BF0020012044EA4014F6F7CDFB1C4BA9
S214026EB00646B3F80080FBF7C9FA1A4B07464FF6A8
S214026EC0FF70B3F80090FFF763FE174B9DF86C2037
S214026ED01988124B1B7813F002031CBF134B1B7846
S214026EE00B921D9A0095CDE909324023CDE90701A0
S214026EF0CDE90143CDE90579CDE903680C4A0023C3
S214026F0051465846FFF716FBA5E600BFAA4F0020DB
S214026F10911904005D5000209C190400604F002067
S214026F20501500204C1500204A1500206B500020FA
S214026F30B31904000CF083FBA24BA34A1B88CDE9CD
S214026F40400300235146584637B0BDE8F04FFFF7DE
S214026F50F1BAA478631EDBB2EF2B1DA9204610D926
S214026F60F22C0ED008F0B5FE82240CF068FB00234B
S214026F70CDE90003954A234651465846FFF7DAFA0A
S214026F8069E608F0A6FE002850D00CF058FB9DF8E3
S214026F9078200492BDF876200392BDF874209DF8FE
S214026FA07A10CDE901429DF879205200D2B249000A
S214026FB0C9B208320A4403460092854900220120DB
S214026FC00CF072FA9DF87930ADF86C008DF86730E7
S214026FD000283FF440AE002601231A460DF1670151
S214026FE01BA8F3F72BFE054600287FF434AE9DF867
S214026FF06730EAB2934209D89DF87A308DF8673046
S21402700016B1BDF86C3033E00126E5E7314620467E
S21402701008F061FE0123ADF8680002221AA91BA837
S214027020F3F70CFE01350028E1D014E683249CE732
S2140270300CF005FB044608F071FE644900902346F6
S214027040002201200CF030FA00283FF404AE00259E
S214027050ADF874002C4608F061FEEEB2B0420DD8D0
S214027060BDF8740022460421F3F7A0FEBDF8743082
S214027070002251465846FFF75DFAECE5304608F026
S21402708026FEFF288DF86C000AD0012301341A462A
S2140270901BA91DA8E4B2F3F7D1FD00287FF4DBADEF
S2140270A00135D8E71846B4F8029008F010FEFF281B
S2140270B08DF8680000F0D1821DA908F00AFEBDF81E
S2140270C074304B4507D04FF6FF72914540F0C582AB
S2140270D01B0400F1C2829DF879301293731DDBB255
S2140270E013930F9B1493002311934FF00009CDF8CE
S2140270F034900EE0139B0E9803EB4101C9B20CF0DC
S21402710092F9002315901299DAB28A4218D309F13D
S2140271100109149B5FFA89F19942EBD39DF87A3004
S2140271201293169B13930D9B002B40F08982119BA2
S214027130002B40F0928201231193109B1493D4E704
S21402714011999DF86800179308F0C5FD0D9B159AD6
S214027150824208BF01230D93179B0133D3E709F13F
S21402716006095FFA89F3B846169377E2A61C3146FB
S2140271703846A57A09F03DFD012231463846FAF72F
S2140271802BFC38460DF026FF304600F04DFF2288D5
S214027190824207D04FF6FF72904203D000F096FF6D
S2140271A00DF059FE85F00804C4F3C00421463046AB
S2140271B0FEF718FE2146304637B0BDE8F04F0AF01B
S2140271C0B9B900BF4E150020C01904009119040079
S2140271D0C4190400AD4B1B78033B012B7FF63BAD75
S2140271E00CF02DFA58453FF436ADE0F7E5F90B23DF
S2140271F0B0FBF3F202FB13000A3080B24FF47A714E
S2140272004143A348F3F700FEF3F7AAFF00283FF432
S21402721022AD01239F4994F80090002218460CF0F4
S21402722043F9ADF8680000283FF415AD0027013693
S214027230F2B23D463C460DF16C083E46FBB299451D
S21402724014D8002C3FF407AD01232A461DA91AA81C
S214027250F3F7F4FC00287FF4FEACBDF86800224683
S2140272600221F3F7A3FDBDF8683001E70E990096F8
S214027270082340460D920CF089F84146002000F0A3
S214027280F5FEFF280D9A0FD0834B1B5C0F2B0BD9F4
S21402729005F1D80398E803006B44643B83E80300D7
S2140272A008350134EDB2E4B202F108030137DAB26E
S2140272B0C4E7002D7FF4CFAC18073FF53BAD4B4635
S2140272C0224651465846FEF79FFD00287FF4C3AC7F
S2140272D08423724A5146584637B0BDE8F04FFFF74E
S2140272E029B923780F9810930DF09FFA00210646CD
S2140272F0584603F095FF654B1B78B9F1310F0746E8
S214027300A3F103030BD1012B13D9654B654A1B78F6
S21402731012781344DBB20D9316230E930DE0012B65
S21402732003D9614B1B780D9353BB002D7FF493ACAE
S214027330CEE701231621CDE90D310024109B0093E0
S2140273405A4901942346224601200CF0ADF8002843
S2140273503FF481ACF61BF3B2554FDFF86081119310
S214027360ADF86C000F9426460D9BE5B2AB4209D8E9
S2140273703246BDF86C000221F3F718FD0F9AC1E4FD
S2140273800523CAE7162200211DA80EF049FBB9F113
S214027390320F3DD13B7903F00302032A21D18DF847
S2140273A07620109B0136F6B2B34215D2BDF86C00B9
S2140273B0F3F714FB0E9B1844119B98420CDC0E9AB2
S2140273C001231DA91BA8F3F739FC00287FF443AC60
S2140273D00F9B0133DBB20F930134083708F1120812
S2140273E0C2E7B9790029DCD13249C3F3C2031DA82A
S2140273F0CB5C3988012A08BF43F001038DF876304A
S2140274000BF0F8FC79880DF177000BF0F3FCC8E777
S2140274101DA80CF0EEFB4FF0FF33CDE91F33204BD7
S2140274201B78AB4262D998F804306F2BD4D81FA9C8
S2140274302846F5F79BF80028CED01F4BB8F8002058
S214027440B3F8683092B9003B18BF01235B0143F0E2
S21402745004038DF8863002238DF88730B8F80230A0
S2140274601B0A8DF88930114621A8CEE79B1A18BF51
S21402747001235B0143F005038DF8863002238DF865
S21402748087300F238DF88830E8E700BFAA4F002028
S2140274905836002088190400644F0020EAEE0300E4
S2140274A0A34F0020A24F00209D150020861904003D
S2140274B084420020D0190400F43A00200A41002039
S2140274C00132D2B2551EEDB228461393129200F044
S2140274D08DFE10F0010FDDE91223F1D0664909781E
S2140274E0611A994205D00133DBB2E9E70122002393
S2140274F0E8E7624B187828441FA9C0B2F5F736F8B9
S21402750000283FF469AF284600F05EFD1290284638
S21402751000F06CFE10F0010F129A0FD116238DF8B0
S2140275208630574B1B780133DBB20F2B28BF0F2355
S2140275308DF88830534B33F8153091E7284612926F
S21402754000F054FE10F0020F129AE7D11223E6E77B
S2140275501A073FF5EFAB0F9823465A465146FEF7F9
S214027560ABFC00287FF477ABDFE695B1464B1B7881
S214027570033B012B7FF66FAB0CF061F818B9BBF139
S214027580000F7FF468AB207837B0BDE8F04FF5F710
S214027590E1BE0CF054F820B13B4B1B78033B012BA9
S2140275A001D8802395E6394A2B4651465846FEF7BF
S2140275B0C1FFE8E70CF043F8B8427FF44CAB344D19
S2140275C008222946A01C0EF001FA00287FF443ABDD
S2140275D00CF035F804460CF032F82E4ACDE9400598
S2140275E02346AFE420460BF003FCFFF7D1FA00284F
S2140275F03FF431AB284A409000235146584637B0F4
S214027600BDE8F04FFEF796BFCDE940540D9B5246BB
S2140276105946002037B0BDE8F04FFEF70FBECDE961
S21402762040540D9B524659460120F3E70D9A40946A
S2140276302B465146584637B0BDE8F04F09F07DBF9D
S21402764001231A461AA91BA8F3F7F8FA00287FF4B2
S21402765002AB08F101085FFA88F80137FBB20D9316
S21402766008F05CFB0D9B98423FF61CADB8F1000F8C
S2140276703FF444ABFFF745BBA34F0020981500200C
S214027680525000200C430020AA4F0020EAEE0300CE
S2140276901F500020CC1904009C19040073B506463E
S2140276A00C4615460DF0E6FF0DF106020146304681
S2140276B00DF076FE0C4E034680B901223270228807
S2140276C0BDF8061022B10246072007F087FD28B152
S2140276D0BDF806202146284607F02DFD034A002362
S2140276E01360337002B070BD6D500020EC3B00207A
S2140276F0024B1B7803700020704700BF4E500020DC
S214027700024B93F900300370002070474D50002062
S214027710044B1B7813B1044B188870474FF6FF7062
S214027720704700BF6D500020AA43002008B5064BE4
S2140277301B783BB1054B196821B108220EF056F9A9
S214027740002008BD7020FCE76D500020EC3B0020B6
S21402775073B5ADF806000DF106000BF0DCFC014631
S21402776008B102B070BD0DF106000BF04BFD0446E9
S214027770F3F718F9C67A002EEDD120460DF0E7FA97
S214027780FF28E8D000F01AFD054BD3F88850002DEC
S214027790E1D03346224641213046A847DBE700BF08
S2140277A0F43A002073B5002200210C2000F068FD98
S2140277B01948194E00210BF0B3FC0125044684B18A
S2140277C020460DF0C4FAFF2805D1214630460BF0BC
S2140277D0FDFC0446F3E700950422002300F024FD96
S2140277E0F3E721460D480D4E0BF09AFC01250446A0
S2140277F00CB902B070BD20460DF0A9FAFF2804D0DD
S21402780000950822002300F00FFD214630460BF0BB
S214027810DDFC0446ECE700BFAE430020B043002088
S2140278202DE9F84F10460E46174699460BF037FBE1
S214027830254A264BDFF898B0B0F5006F14BF904685
S2140278409846002140460BF06BFC4FF0000A0446B7
S2140278500CB9BDE8F88FBC4228D12046F3F7A2F84F
S214027860857A80F80BA0013DEDB2857216B13F2EE7
S21402787000D02DBB05F0B7FE054620460BF00FFBE9
S214027880B0F5006F4FF00002214615D10F480BF0FD
S214027890D8FCFFF787FF284605F0ABFEDBF88850DA
S2140278A025B14B463A4631460020A8472146404677
S2140278B00BF08CFC0446CBE703480BF0C2FCEAE76D
S2140278C0FFF770FFF2E700BFB0430020AE43002090
S2140278D0F43A00202DE9F34700232A4CDFF8A8905B
S2140278E0ADF8063006460F464FF6FF7820460BF0F8
S2140278F012FC054648B9294620460BF011FC824682
S214027900F3F750F80389B34217D94C4501D1FFF774
S21402791049FF002120460BF003FC07F1FF3A05461B
S2140279205FFA8AFAD5B94C4516D1BDF80600FFF7BC
S2140279300FFF404602B0BDE8F0877B1EDBB2FD2B90
S214027940D4D9294620460BF05DFC2A4651460DF155
S21402795006000BF0EBFBC9E74C46C7E7BAF1FD0F92
S21402796009D92846F3F71EF803899B1B9BB2984554
S214027970038128BF9846294620460BF027FC054679
S214027980D0E700BFB0430020AE43002008B507F0A2
S21402799065F90B4A13881080C31AFF2198B2FFF7C5
S2140279A099FF4FF6FF7301469942064803D1BDE898
S2140279B00840F3F7C5BABDE80840F3F725BA00BF9A
S2140279C0B243002054140020174B2DE9F041002842
S2140279D0164D18BF1D460F4628464FF000010CBF35
S2140279E04FF008084FF002080BF09AFB044610B955
S2140279F02046BDE8F0812046F2F7D4FFC37A064659
S214027A0023B1214628460BF0E1FBEFE720460BF0B8
S214027A1075FA4246014638460DF0D8FF0028F0D1E6
S214027A20B378002BEDD1E3E7AE430020B04300204D
S214027A30014B1860704700BFF03B002010B50446AB
S214027A400548F3F77DFA054A00231380044A13809B
S214027A50044B1C8010BD00BF54140020B04300200D
S214027A60AE430020AC43002008B50448F2F7C0FD40
S214027A70BDE808400248F2F7BBBD00BFB043002095
S214027A80AE4300202DE9F3410446884607F0E6F8A7
S214027A90324B074620461E880DF059F90546204609
S214027AA00BF0FDF9B0F5006F32D1FF2D06D00123A1
S214027AB0009304220023284600F0B6FBB8F1000F1C
S214027AC01DD105F090FD0546254821460BF04CFBDE
S214027AD0284605F08EFD23480BF019FD224BA8B36D
S214027AE01988711A17FA81F086B22046F2F75AFF01
S214027AF0032306818372002002B0BDE8F08105F000
S214027B0072FD05461648002221460BF00FFBDFE702
S214027B1016480BF065FB04281ED8FF2D06D001235D
S214027B20009308220023284600F07EFBB8F1000FDF
S214027B3005D105F058FD214605460C48C6E705F076
S214027B4052FD0022054621460848DEE705481F800A
S214027B503146F3F759F9C8E71C20CDE7AC430020BD
S214027B60AE43002054140020B2430020B04300204D
S214027B702DE9FF4708460C460BF076F900F48058CC
S214027B8020460BF0F7F9054620460BF0CAF9B0F589
S214027B90404F1BD1B8F1000F14D029460020FFF742
S214027BA013FF054670B1F2F7FDFE414A8178009256
S214027BB00023044601932A461846F2F799F808B9B4
S214027BC00123E372012004B0BDE8F08728460BF0DB
S214027BD00FF9814600F07AFAFF28074637D0354972
S214027BE00125A0F12006C0F1200325FA03F305FAC9
S214027BF006F61E43D1E9002385402A433343C1E9F2
S214027C00002300F09BFA044638B1384600F0EEFA3C
S214027C1010F00C0F14BF01240024B8F1000FD1D0CD
S214027C204FF0000A03A90120ADF80C90FFF7CCFE36
S214027C308146F2F7B7FE8046B9F1000F1ED1BAF1BF
S214027C40000F14D1FF2FBDD0002CBBD128E01A4B59
S214027C501B684BB148469847044628B1B8F1000F56
S214027C60B0D000252E46DBE7B8F1000F01D1002088
S214027C70A9E7002501242E46A246D3E774B10C4A92
S214027C8081780092002301934A461846F2F730F8AC
S214027C90002897D1012388F80B3093E7FF2F91D065
S214027CA0064BD3E9001229433243C3E9001289E79F
S214027CB02178020070190020F03B0020681900208D
S214027CC038B504460BF0EBF8054620460BF016F9DD
S214027CD0A5F500630446014658425841FFF774FE74
S214027CE0B0B9B5F5006F01D0002038BD20460BF0C4
S214027CF07FF800F0EBF9FF28F6D0064B00B21B68BF
S214027D0033F8100000F4E260003818BF0120ECE7F8
S214027D100120EAE7F43B00202DE9F7434FF0000983
S214027D200746ADF8049000F061FA10F00C0F29D067
S214027D30164D4FF002082B88ADF80630A5F80090D5
S214027D400DF106000BF0E7F9044630B1B8F1010F69
S214027D5014D00F4D4FF00108EDE721460DF1060055
S214027D600BF050FA06460CF0F2FFB84222463146B5
S214027D700CBF01A828460BF0D9F9E1E7BDF80400CC
S214027D80FFF7E6FC03B0BDE8F08300BFB043002077
S214027D90AE4300202DE9F04FDFF82081D8E900320B
S214027DA0134385B07CD105B0BDE8F08F02EA04012A
S214027DB003EA0700014327D022EA040223EA070364
S214027DC0C8E90023DAE9002302EA040503EA070CFD
S214027DD055EA0C056FEA04006FEA070124D1304623
S214027DE000F004FAC2070FD5304600F0E7F9DBF8D8
S214027DF09C30002B45D11D46304600F0E5F8DBF8F6
S214027E0084300BB12946984724197F4109F10109AC
S214027E10284B1B785FFA89F6B342C4D9D8E9002307
S214027E2052EA0301C2D1BEE702400B403046CAE91D
S214027E30002300F0DBF9C307E6D51F4B1B6833F8B7
S214027E40163003F48873102B304610D000F0B6F9C3
S214027E50DBF89C3013BB1D4601230093102200233F
S214027E60304600F0E1F90020F1F7B4FEC4E700F076
S214027E70A5F9DBF89C300125002BBDD00395012225
S214027E8002E0002503952A460392002130469847D1
S214027E90039A002AB0D0002DAED1DDE70025EDE72B
S214027EA04FF00009DFF818A0DFF818B001244F469B
S214027EB0AEE700BFD4150020F43B00207019002066
S214027EC068190020F43A0020F8B50346084613B3B2
S214027ED009B3402A1FD811490B601149086011499D
S214027EE00A7000210433002600270C464FF0FF35A7
S214027EF08A4205DC520000210DF092FD0020F8BDFA
S214027F00C3E9036703F8044C23F8024C1D605D6066
S214027F1001311833ECE72120F1E700BFF83B0020DF
S214027F20F43B0020D4150020F0B5144C2568DDE99A
S214027F300567EDB1F0B91248007888421AD901EB0C
S214027F4041014FEAC10C05EBC10415F8311011B915
S214027F502169C90710D4002005F80C0062801A684F
S214027F60626046F001065A68A260C4E90467F0BD82
S214027F700220FCE72120FAE72E20F8E7F83B002053
S214027F80D41500200E4B1A6830B5A2B10D4B1B78E3
S214027F90834212D900EB4000C10002EBC00300246A
S214027FA000200025C3E9044550544FF0FF325880A4
S214027FB05A609A6030BD0220FCE72120FAE700BF33
S214027FC0F83B0020D4150020094B1B6863B1094A10
S214027FD01278824208D900EB400003EBC0031A690C
S214027FE0D20701D5588870474FF6FF70704700BF1A
S214027FF0F83B0020D4150020094A0346106870B1E9
S214028000084A12789A4209D903EB430300EBC303EA
S214028010186910F0010002D0181D70470020704742
S214028020F83B0020D4150020F8B50E4B1C68054618
S21402803034B128B10C4B1F780026F3B29F4202D807
S2140280404FF6FF7009E008222946201D0DF0BEFCFF
S21402805020B92369DB0701D56088F8BD01361834DC
S214028060EBE700BFF83B0020D4150020F8B5154B0F
S2140280701D6804460E46E5B1134B1F78874218D991
S21402808000EB400305EBC30526B92B69DA0712D4C9
S2140280902046F8BD08223146281D0DF097FC50B93F
S2140280A02B69DB07F4D40134E4B2A74205F11805C4
S2140280B0F0D1FF24ECE70134E4B2A74205F118053B
S2140280C0E2D1F6E7F83B0020D41500200A4B1B68E5
S2140280D030B501462BB1094A14780022D0B2844248
S2140280E001D8FF2030BD5D888D4202D11D69ED07A3
S2140280F0F8D401321833F1E7F83B0020D4150020FB
S2140281000C4B1B689BB14FF6F77291420DD80A4A88
S2140281101278824209D900EB400003EBC0031A69C9
S214028120D20704D5598000207047212070470220CC
S214028130704700BFF83B0020D41500200F4A0346C4
S2140281401068D0B10E4A12789A4215D919B203EBCA
S214028150430300EBC300036913F001000DD0094A84
S214028160126832F8112002F4E2622AB913F00C0FF8
S21402817014BF01200020704701207047F83B002002
S214028180D4150020F43B00200A4A0346106878B152
S214028190094A12789A420AD903EB430300EBC3005A
S2140281A0036913F0010003D0C3F3001070470020E8
S2140281B0704700BFF83B0020D4150020094B1B680F
S2140281C06BB1094A1278824209D900EB4000C2001C
S2140281D003EBC0000169C90701D5985C7047FF2010
S2140281E0704700BFF83B0020D41500200C4A034617
S2140281F0106890B10B4A12789A420DD903EB4303EA
S21402820000EBC300D0E9043213F001004FF0000186
S21402821004D018461146704700200146704700BF3A
S214028220F83B0020D415002070B51C46124B9DF872
S21402823010601968D1B1114B1B78834218D900EB34
S2140282404000551E01EBC0012543D1E9040301D0CD
S214028250C5070FD52EB110432343C1E904030020FE
S21402826070BD20EA020023EA0403F6E70220F7E7DD
S2140282702120F5E72D20F3E7F83B0020D415002057
S214028280134B1B68F0B503B3124C277800266FEA2F
S214028290000C6FEA010EF4B2A74201D80020F0BD2E
S2140282A0D3E9044514F0010F07D014F0020F04D1ED
S2140282B032B104430D43C3E9044501361833EAE7F5
S2140282C00CEA04040EEA0505F5E70220E7E700BF1C
S2140282D0F83B0020D41500200B4B1B6870B52BB161
S2140282E00A4A16780024E2B2964201D8002070BDEF
S2140282F0D3E9042502400D402A4304F1010403F1A8
S2140283001803F0D00120F2E7F83B0020D415002035
S2140283102DE9F0470026174DDFF85C80B246FF27AE
S21402832098F800305FFA86F94B4502D83846BDE821
S214028330F0872B792F2B0FD928460BF04FFB2B7982
S2140283406C7903F0070304F0030483422CBFE4189D
S2140283502418E4B2A24506D95446B9461235013667
S214028360A2464F46DCE7288801F09EF80028F3D1A3
S214028370F4E700BF0A410020A34F00202DE9F04F8A
S21402838089B082460AF0E0FD029050460DF07BF876
S214028390411C0546C9B25046F2F7F4FC00F01F0035
S2140283A0023500EB40000026EAB27F4F50FA85F510
S2140283B0EDB23446B346B146B046AA4276D97B4EB3
S2140283C03378002B6FD0A400B4FBF3F4E4B2042C91
S2140283D0029808BF0324F3F7FFFD054600283FD1A5
S2140283E0FFF796FFFF285ED0714B049005B218780F
S2140283F06D4F0BF0DAFA05EBC50580452CBF04EB92
S21402840008012118B8F1000F14BF0123022307EB5D
S214028410450553FA81F3284603930BF0DFFA95F8E5
S21402842004C06B79039A0CF0070103F00303884239
S2140284302CBF1B185B18DBB29A4234DA049AB8F1E6
S214028440000F04D119B13378033B5B452BDC02994C
S21402845010460BF06BFA05B205EBC50507EB4505B2
S2140284602B791E09B8F1000F7ED0414628460BF044
S214028470DFFA032128460BF0E1FAB9F1000F09D121
S214028480002E40F08480DFF797F8C0F30B014948CE
S214028490F2F7BAFC6B7923F003031C446C71504666
S2140284A00AF0E7FCA87309B0BDE8F08F4ED0424B45
S2140284B003921B88ADF81C304FF000038DF81E3077
S2140284C0002300935146032307A80AF05FFF9DF896
S2140284D01E30BDF81C10039A03921B0918BF09F13F
S2140284E00109CDE9041318BF5FFA89F90BF0A7F862
S2140284F00499039A059B884203D19DF81E8008F0D2
S2140285000F082E4890F800C014E017F80E0C10F072
S214028510070003D00BF1010B5FFA8BFBAA4207D0D0
S21402852037F812EC8E4503D113B108B10134E4B228
S2140285300136F6B2AA4207F112070BD1B4450FD99B
S21402854017F80E0C10F00700E4D1F1E700234FF6FF
S214028550FF71D6E737F8120C884201D8B445D4D852
S2140285600332123FD2B228E7022E14D95B0707D095
S214028570414628460BF062FAB9F1000F83D089E72C
S214028580032128460BF05AFAB9F1000F82D1062EC3
S2140285903FF679AF7EE7314628460BF04FFA59EAA6
S2140285A006063FF470AF75E70A41002098150020D2
S2140285B04E50002098360020D8190400A34F002001
S2140285C02DE9F04385B0082300248DF80830CDE964
S2140285D000440646022302AA01214FF6FC700CF064
S2140285E02EFFADF80A00E0B1DFF8A080DFF8A09019
S2140285F0274699F80020E3B29A4225D8BDF80A40E9
S21402860020460CF040FF411C47F06002C9B22046EB
S214028610F2F7CCFB0023BDF80A001A461946F4F717
S21402862071FADEF7C9FF184AC0F30B01137801F599
S2140286305A51013113B1013B89081370304605B017
S214028640BDE8F043F2F7E0BB18F80E5C6F2D17D8C2
S21402865040462D0130F8123DADF80C300BF0BEF955
S21402866005F0700528448DF80E000123032203A9A5
S2140286700DF10A00F2F7E2FA0028D2D10137FFB272
S214028680013408F11208B4E79F4F00201C41002075
S214028690A34F002010B5054C2046F2F751FC2046A9
S2140286A00021BDE81040F2F7AFBB00BF98360020AD
S2140286B02DE9F043284D294FDFF8B080DFF8B0905F
S2140286C087B0F6F705FC2A7824492548FFF7FCFB15
S2140286D02A78244809210DF0A3F900262B78F4B253
S2140286E0A34202D807B0BDE8F0830B232246182126
S2140286F003A806F0E7FABDF814209DF81630511EBE
S21402870089B24FF6F670814216D8C3F3C003DB185F
S2140287104FF0000040EB0001CDE9003103AB2146EB
S214028720FFF702FC0028DDD14FF4805327F81430FF
S21402873048F8240029F81400012322461B210DF1D3
S2140287400A0006F0BFFA074BBDF80A201A55064B78
S21402875080221A550136C1E79F1500201A430020D1
S214028760D8160020644F0020904F0020BC35002011
S2140287700C43002010B50A4B1C78FFF7A7FCFF2815
S2140287800DD0084A012C32F8101038BF01242302FB
S21402879019B101EB1313A3EB111322F8103010BD1D
S2140287A04E5000200C4300202DE9F0470025DFF84C
S2140287B04C90DFF84C8006460F46AA4699F80030E1
S2140287C0ECB2A34202D85046BDE8F0872046FFF737
S2140287D00DFDC2070CD52046FFF708FD830707D418
S2140287E038F8143037B1334328F814304FF0010A02
S2140287F00135E3E723EA0603F6E700BF9F150020EC
S2140288001A43002010B5094B094A1C780023D9B236
S2140288108C4201D8002010BD32F8021B30EA01015A
S21402882003F10103F3D10120F5E700BF9F150020F5
S2140288301A430020F0B50C4687B04FF6F7718A420D
S2140288409DF8306086461D4602D9002007B0F0BD6E
S214028850596818680DF10C0CACE803002A49ADF80B
S21402886014200978A142F0D98DF81660B6100021BE
S21402887006F002060191009621467046FFF754FB69
S2140288800028E2D1214B224A43F824009DF83830D2
S214028890204E1B0222F814304FF4A04326F8143060
S2140288A003AA0B232146182006F015FA9DF8343049
S2140288B0194A13F0040F1BBF01231355174B36F842
S2140288C0143007BF1B78135543F0080326F81430FC
S2140288D02244012321461B2006F0FDF9104B114AC3
S2140288E01B782344002142F823102846E7F7ACFC05
S2140288F00D4B1855284608F09BF90C4A137801339D
S21402890013700120A2E700BF9F150020BC3500208F
S2140289100C4300201A430020644F002088150020D4
S21402892098150020E8340020904F0020A24F002027
S214028930054B1B78834206D9044B054A1B78034431
S214028940002142F8231070479F150020981500203A
S214028950E8340020074B084A18780023D9B2884228
S21402896000D87047118821F4805122F8021B013387
S214028970F4E700BF9F1500201A43002030B585B0EB
S21402898004460D46E7F710FBA04202D8932005B036
S21402899030BD2046FFF72AFCC007F7D50B23224638
S2140289A0182101A806F08EF901AB03CB9DF80E2024
S2140289B069609107286030D412F0080F0CBF0423B8
S2140289C003232B722046FFF7FFFA154B68811B5DC7
S2140289D06B732046FFF7F2FB124A2873135D03F00F
S2140289E00F03AB73135D13F00F031FBF03F1FF32C8
S2140289F0022393403C2218BF53430B4A08BF0A2364
S214028A0052F824204FF47A71B2FBF1F29A4234BF44
S214028A109B1A00232B610020B9E70223D1E700BF8F
S214028A20904F0020644F0020BC350020F8B51F4E42
S214028A3033788342044637D0FFF7C6FA4FF6FF77FD
S214028A40B84231D020463470FFF766F92046FFF769
S214028A50BBFA05460AF0F3FD012301461A462846EC
S214028A600CF0F8FE2046FFF78DFA0546E0B9104AEC
S214028A701378013B1370F4F7EFFB294620460CF0FF
S214028A80CAF90C4B23F814500B4B80221A550B4B89
S214028A90204623F814500CF020FC2A4639461120B2
S214028AA008F05AF8FF233370F8BD00BFD515002032
S214028AB0A24F00201A430020904F00200C430020B3
S214028AC02DE9F04F8BB01F469DF850B09DF85430FC
S214028AD0059382460E4615464FF000084E4B1B780D
S214028AE05FFA88F4A34207D84FF6F7739D421AD866
S214028AF017F002083ED018E02046FFF765FA0B236F
S214028B0081462246182107A806F0DCF84FF6FF73C6
S214028B107EB9994516D19DF826304FF6F7729542E2
S214028B2003F0EF0311D94FF6FF7528460BB0BDE8E8
S214028B30F08F994506D0082207A930460CF046FF6A
S214028B400028E8D008F10108C8E79F4207F00209AA
S214028B502DD0F3F757FC00285BD1304B304A1B78F8
S214028B6053FA88F312F8238020460CF074F9B9F110
S214028B70000FDAD1E7F718FA2A4B1B788342D2D0D5
S214028B8000210846FFF772FAFF280446CBD0059B61
S214028B900097CDE901B3014633462A465046FFF711
S214028BA049FE0028BFD0F4F757FBC14612E0204624
S214028BB0FFF70AFAA842CCD1B9F1000FB5D1304678
S214028BC0E7F742FB5FFA88F8174B03F808003046CF
S214028BD008F02EF8594620460CF0F6F82046FFF725
S214028BE0F3F905460AF02BFD00230146012228462A
S214028BF00CF030FEF3F706FC28B9084B084A1B783F
S214028C00234442F8239020460BB0BDE8F04FFFF70E
S214028C10DBB94FF00008A7E79F1500209815002043
S214028C20E8340020A24F0020904F0020F8B5114FE4
S214028C3000263C78F5B2AC420FD800250E4B0F4802
S214028C401D706400224629460CF0EAFE224629469A
S214028C500B48BDE8F8400CF0E3BE2846FFF75CF888
S214028C60002128460CF0D7F82846FFF78BF9013684
S214028C70DFE700BF9F150020A24F00201A43002006
S214028C800C430020024B03481A7880210CF0C8BE21
S214028C909F150020904F002038B5FFF717FAFF28DF
S214028CA0044614D00A4D35F810301B070FD5094B71
S214028CB0094A1B7813540146012302441B2006F07E
S214028CC00AF835F8143023F0080325F8143038BDB6
S214028CD01A43002088150020644F00202DE9F04F2B
S214028CE0784B1B78022B8BB005468A46174604D073
S214028CF0002630460BB0BDE8F08F0CF052F8064660
S214028D000028F5D14FF6F9739D4263D04FF6F873FB
S214028D109D4277D02B0A0DF11E0128468DF81C3095
S214028D208DF81B50F2F722FC0028834615BFB0468A
S214028D304FF0200806230E2318BFB3460222294608
S214028D403846039300F0ECFC039B044601220028FD
S214028D5040F0B580DFF878918DF8182099F8002059
S214028D608DF81A20CDE900008DF81D00514606AA9E
S214028D704FF6FC708DF819800CF061FB82460028D5
S214028D80B6D00AF05CFCB8420FD050460AF079F929
S214028D90394604300AF02EF804A938460BF0C6FF0E
S214028DA070B104A950460CF0D9FB474B1B78033B25
S214028DB0012B2BD84FF6FF7150460BF070F8064683
S214028DC099F80030FF2B1ABF0133DBB2012389F872
S214028DD000308EE74FF008084FF0200B3A4B1B7816
S214028DE0033B012B84D90AF02AFCB84280D10AF050
S214028DF026FCFC238DF81B30FF238DF81C3005461D
S214028E0006239BE74FF01008C346E7E70CF0EBF8A3
S214028E1080460028D4D00AF012FCA84202D12B4B7E
S214028E201B7843B108F107025946284600F0A4FC15
S214028E3004460028C4D0002350461A460321F3F7FE
S214028E4061FE824620B399F8003088F80430002389
S214028E50A8F8007088F8053088F808300AF0EFFBAA
S214028E60A84202D1194B1B7853B10AF0E8FBB8426C
S214028E7006D12CB1237923F0030343F001032371B7
S214028E8000224FF6FF710C2007F066FE564697E763
S214028E90002C95D0237903F00303012B90D10AF01E
S214028EA0CEFBA84203D1094B1B78002B88D023792E
S214028EB043F0030323714FF6FF73238080E71646C1
S214028EC017E700BFA94F0020AA4F0020D6150020A2
S214028ED06E50002013B50D4B1B78033B012B0C463E
S214028EE010D90B4B1B78012B0ED09A1E53425341BE
S214028EF059010DF1070200F03FFC18B14480002131
S214028F000CF058F802B010BD1021F2E7AA4F00206C
S214028F108F1500202DE9F0438BB0857AB0F80690C5
S214028F2004460E4617460AF08AFB814505F04005C0
S214028F30804642D1608800210AF065FD0246002E76
S214028F4045D1082304A9C14501EB03060CBF2449F9
S214028F5002A90868496803C6AAB302218DF8101050
S214028F60217A8DF81210A1888DF813108DF817202B
S214028F70090A012200268DF81410E1888DF81510D2
S214028F80CDE90026090A45F020058DF816106088FE
S214028F908DF81150083304AA31460CF050FA0546F3
S214028FA088B1618809F0A4FF79003346324601F0A1
S214028FB0FE012846F3F7A6FD06E0E08802A90BF0BC
S214028FC0B5FE0028B6D100200BB0BDE8F0833068AD
S214028FD0716806AB03C345F010051023B2E700BF65
S214028FE01F5000202DE9F74388461E460746914645
S214028FF00AF047F80021044630460AF004FD08F15C
S21402900007010546C9B23846F1F7AAFE7DB1B9F1A5
S214029010000F02D103781D44EDB2057063781A077B
S21402902016D569463046F2F7A1FA024618B1002074
S21402903003B0BDE8F083082168460AF0AEFA0028BD
S214029040F5D120460CF05EFA082269460CF0CEFCFA
S2140290500AF0F5FA0146201D09F0CCFE6378DB061D
S21402906003D50C4938460CF079FA3146A01C09F0B3
S214029070C1FE3146384609F03BFF074A13780133F2
S214029080DBB21370E371A3790BB10120D0E70123A1
S214029090A371FAE71F500020A74F00202DE9F04FDA
S2140290A08FB0FF23814605918DF8223016461AB3FB
S2140290B001230BAA0BF0F1FE9DF83650EF0604468C
S2140290C025D5059BBDF83080002703F10802D2B2F1
S2140290D049460097082309A8CDE909770AF056F908
S2140290E03A4609A94046F8F777FC002840F08C80FB
S2140290F0A90627D510210DE013460BAA0BF0CDFECC
S2140291009DF836500446A80663D5062102E0AA0654
S21402911018D50821059ABDF8327000231144CAB248
S214029120CDE9093300934946082309A80AF02EF927
S21402913086F0010209A93846F8F74EFC002863D1EA
S214029140002E46D0BDF830700AF079FA874249D030
S21402915038460BF026FE8046002E45D1BDF82EB0CE
S214029160002158460AF04FFCBDF82C3003901846F2
S21402917006930BF016FE06460AF061FA069B834239
S21402918042D0B74B1B78033B012B3DD915F0400369
S214029190049339D1039B0BB9002E35D09DF8357058
S2140291A0039B05F018051F44FFB2082D8DF8357095
S2140291B06CD120230493002C40F044810BF013FF63
S2140291C0054608B3002E40F0B38033460126B24669
S2140291D074E0BDF832700AF032FA8742B8D14FF026
S2140291E00108BBE74FF00108002C43D09D4BE27903
S2140291F0678803EBC20633F83220BDF832309A4253
S21402920005D04FF6FF7323800FB0BDE8F08FBDF890
S2140292102EA0B8F1000F08D0002130460BF0CAFE8F
S214029220A6F802A00BF0C1FBEEE7BDF830000BF08B
S214029230C9FE4146054630460BF0BCFEA6F802A023
S214029240894E2DB1414628460BF0B4FE63886B80EA
S2140292500BF0ABFB3378002BD6D005993B460022A9
S2140292604846FFF7BFFE0028CED0394648460AF0E9
S21402927016FEC9E70BF099FB7B4B1B78002BC3D07D
S214029280B8F1000FC0D14FF6FF77E6E7102D01D1F7
S214029290049590E7B8F1000F8DD1002C3BD0C24662
S2140292A0BDF832000DF12202002100F065FA0346F5
S2140292B00028A9D0002E40F0CD8025460499BDF89E
S2140292C0300007930DF1230200F056FA04460028F8
S2140292D09AD0654A079B1278002A7BD0BAF1000F13
S2140292E027D102462C466179B94240F28180A4F821
S2140292F002B0677125461446002B00F0A0809DF848
S2140293002230EA799A4200F09A80002E40F090804D
S214029310EB71002541E00BF066FE044600283FF4A0
S21402932073AF4FF0010ABBE7002201261346DAE7C5
S2140293300126B8F1000F20D1DEF73EF905997E230B
S2140293400531B0FBF3F202FB1300C9B23A465FFAEC
S21402935080FA4846F1F72AFD4FF6FF71484609F0B3
S214029360C7FD039B032B2DD9AAF17E0A5FFA8AF268
S214029370002302214846F3F7C5FB069B2B809DF887
S21402938034302B710023A5F802B06F712B72002EB9
S21402939042D19DF82230EB710125B8F1000F3FF45F
S2140293A033AF09A948460CF0BAF800283FF42CAFB0
S2140293B02A4609A90BA8FFF7ADFD25E70026254694
S2140293C03446B9E7039B012B94BF0AF1020A0AF15D
S2140293D0420ACBE7BAF1000FCFD16979B94209D96F
S2140293E0A5F802B06F71002B89D1002E91D024E02F
S2140293F025461446049A002A3FF406AF8F427FF4AD
S21402940003AF0393DEF7D8F883077FF4FDAE039B22
S214029410A5F802B06F716FE7FF23EB71002CBBD08B
S21402942001252379A4F802B023F003032371B4E7DD
S214029430FF23EB71002C3FF46CAF0025F1E7002C04
S214029440D3D166E7002E7FF46FAFB24625460126DB
S214029450534633E7BAF1000FB0D15646524642E7BA
S214029460AA4F0020844200209E15002070B50C4BA7
S21402947002460C481C784FF6FF7500239C4201D129
S214029480002005E00688964206D1AA4201D10B705A
S21402949070BD8679002EFAD001330830DBB2EDE7D4
S2140294A09D1500208442002010B50B4B1C780B4BF8
S2140294B00022D1B28C4201D8002010BD59888142C8
S2140294C004D11979890701D1997911B1083301328A
S2140294D0EFE70120F1E700BF9D150020844200203F
S2140294E010B5084B084A1C7801460023D8B28442BD
S2140294F001D8FF2010BD914203F10103FAD00832D1
S214029500F4E700BF9D1500208442002038B50446CB
S214029510FFF7E6FFFF28054603D10C483F21DDF79B
S214029520F1FE4FF6FF732380A371204603210BF052
S21402953041FD074B07481A780732D21002FB050096
S2140295400021BDE838400CF06BBA00BFE0190400F9
S2140295509F1500207F4F0020F8B5134D134F044689
S21402956000263A78F3B29A4209D8114B1D78114B6D
S21402957000224FF6FF71D0B285420BD8F8BDFF2C01
S21402958002D0AB79A34202D12846FFF7BFFF0835C7
S2140295900136E6E7FF2C02D0187AA04201D11980E4
S2140295A019720A330132E6E7844200209D15002034
S2140295B09C1500205C420020FF28F8B504462CD0FB
S2140295C0164B1B78834203D815488021DDF79AFE96
S2140295D0144A02EBC40032F8341003794FF6FF75D2
S2140295E0A94203F0030318D0012B16D10E4B1F78A5
S2140295F00E4B0022D6B2B74203D8BDE8F840FFF7BA
S21402960085BF1E88AE4205D093F807C0A44504D095
S214029610B14202D00A330132ECE7F8BD9D150020B4
S214029620E0190400844200209C1500205C420020C1
S2140296302DE9F74305F01BFB324B1B78033B012B4E
S21402964021D9314B1D88451BADB2E5B12F4A188092
S21402965013782B44C3F3C81403F07F0313702C4B08
S2140296602C4A1E7800204FF6FF77C3B29E420DD8D2
S214029670294CDFF8A89000264FF6FF7799F80020CD
S214029680F3B29A4216D803B0BDE8F0831388BB4201
S2140296900DD0137999070AD104EB9311022928BF3A
S2140296A0022189B203F03F0343EA811313710832A1
S2140296B00130DAE734F80A8CB84506D014F8043CD0
S2140296C0AB4205D95B1B04F8043C01360A34D5E7E5
S2140296D009F0B5FF804534F80A3C04F8027C24F809
S2140296E00A7C09D00DF107011846FFF7BFFE18B134
S2140296F09DF80700FFF760FF14F8030CFFF75CFF06
S214029700E3E700BFAA4F0020B44300206F500020BA
S2140297109D15002084420020664200209C150020F1
S214029720F0B503461148DFF84CC00678104800240E
S2140297304FF6FF77E5B2AE4201D800200FE005886B
S2140297409D4210D13AB1012A16BFC57905793CF877
S2140297503550A94207D1BB4202D114238371F0BD12
S214029760057A002DFBD00A300134E3E79C15002071
S2140297705C42002084420020F8B50D46114607469A
S2140297801646FFF773FE002837D1214B214C197875
S21402979002464FF6FF7CD3B2994206D81D4C0023F0
S2140297A08B4222D1F8BD0834F5E7B4F800E0E6456E
S2140297B002F10102F7D133700123278023710021C1
S2140297C0A17165B1144B1A7845F00805D31D2571B1
S2140297D0DA103078114B02FB00300CF021F92379B5
S2140297E003F03F0323712046DCE722799209022A1E
S2140297F0E1D001330834DBB2D2E703799A071EBF01
S21402980023F0030343F0010303710446D7E700BFC6
S2140298109D150020844200209F1500207F4F0020C7
S21402982073B50DF107010546FFF720FE40B1037937
S2140298309A0705D113F0300404D043F003030371F2
S21402984002B070BD28460BF0C5FB094B9DF80760B9
S214029850084A1D784FF6FF712346D8B28542EFD9E3
S214029860D079B04204BF1180117201330A32F4E794
S2140298709C1500205C42002030B50A4B0A4D1B782E
S2140298800733CC08DB1000FB034001F0070101237D
S2140298908B402C5CDBB212B11C432C5430BD24EA44
S2140298A00304FAE79F1500207F4F002070B50B4B8C
S2140298B01B788342044604D8094840F24B21DDF760
S2140298C021FD084E00253378E8B2834200D870BDE9
S2140298D000222146FFF7D0FF0135F4E79F1500204E
S2140298E0E01904009D150020FF2810D0FF290ED095
S2140298F0084B1B780733CA08DB1000FB0323064A13
S214029900D05C01F00701C84000F00100704700205B
S214029910704700BF9F1500207F4F00200148F0F7D8
S21402992067BE00BFB64300202DE9F0471E464D4BEA
S2140299308CB01B689DF8509015460746884603F083
S214029940080A09F07CFEA8423FD1B9F1000F14D0F4
S2140299506EB9ADF806603D460424224641462846C6
S2140299600BF0D4FB00F001000CB0BDE8F08700233A
S214029970ADF806303D4606243AE03846FEF7A6FB2A
S214029980FF28044605D0F2F73DFD10B12046FEF74B
S214029990CFFF96B10023ADF80630F8F7CFF80028CF
S2140299A0E8D006240DF1060202A940460AF01CFD84
S2140299B0D8B94046F8F7BAFA17E0ADF80660F8F7F5
S2140299C0BDF80028C7D00424ECE73EB3BAF1000F76
S2140299D02ED00023ADF806300B24B9F1000F0AD1C1
S2140299E0F8F7ACF82F460028DCD13D46002EB4D05E
S2140299F0BAF1000FB1D004F0040242F0110241465F
S214029A0028460BF083FB22460646414628460BF0C4
S214029A107DFB002814BF30460020A3E7BAF1000FF2
S214029A2014D0ADF806600124B9F1000F95D1D7E73E
S214029A300B2402A92846F1F799FD074668B902A841
S214029A4007F031FD20B9ADF80600EDE70124F0E796
S214029A5044F00204ADF80670E6E70023ADF80630DF
S214029A60E2E700BF2C3700202DE9F0471E46644B84
S214029A708CB01B78DDF8508007460D461446BBB303
S214029A8009F0DDFD30B35F4B1B68980722D44FF612
S214029A90F7739C422CD843463A4631462046FBF79B
S214029AA0DBFD09F0CCFD854200F0A6803046FEF7CD
S214029AB0BBFAA04203D1FEF709FB0BF0CCF9BA1EA3
S214029AC0534253412946002220460CB0BDE8F047D7
S214029AD00BF0C0BEA7B1F91ED1F1000949EB01098E
S214029AE04FF6F7739C420ED90321204607F07AF808
S214029AF009F0A5FDA8427FD04FF6FF739C42D3E73C
S214029B004FF00109ECE72B463A463146204605F06F
S214029B103DFB2146CDE900082B463246384607F083
S214029B20D7FC80460146204607F05CF8B8F1000FE5
S214029B3051D1B9F1000F3FD0002F3DD0324B03AACE
S214029B4003F1100E9246186859689446ACE8030072
S214029B50083373456246F6D107A807F07AF83068EC
S214029B60716803238DF81C3008AB03C39DF82930B7
S214029B7007A843F002038DF8293007F040FA88B1AF
S214029B803068716808AB03C3042307A88DF81C303D
S214029B9007F035FA30B1022307A88DF81C3007F01B
S214029BA02EFA48B9514607A807F090FA20B1F4F702
S214029BB08FFB00283FF475AF88F0010303F0010322
S214029BC02A463146CDF800902046FFF7ADFE09F052
S214029BD036FDA84268E7B8F1010FEDD0B8F1020FE2
S214029BE07FF45FAF07A92846F1F7C0FC20B93246DA
S214029BF007A928460BF051FA0CB0BDE8F08700BF63
S214029C00A54F00202C370020F0190400044B1A88B8
S214029C100AB100221A8000210846F9F7D7BE00BF13
S214029C20B64300202DE9F04F00238FB0CDE9033371
S214029C304E7804460D4609F002FD50B1B34B1B6840
S214029C409B0706D4092103A805F056FC0FB0BDE811
S214029C50F08F03A92046F1F789FC0346002840F05E
S214029C605181022E38D0042EECD1A94A1278002A4D
S214029C7042D0022A40F0218109AF0246394607F057
S214029C807CFB012103A89DF8255007F04BFC2840D9
S214029C90FF2800F0338105AD284609F089FC00282C
S214029CA040F02E8195E80F0087E80F0032463946CD
S214029CB003A807F074FA0246002840F01F81032327
S214029CC003A9CDE9005320463346FBF799F800284E
S214029CD00CBF13210621B6E78C4B1F6817F002074C
S214029CE0B0D102358B48082229460BF06FFE0028B9
S214029CF0A8D0894B1B780BB91121A4E7874B884E55
S214029D001B782BBBFFF782FF3088002868D10DF145
S214029D100C082946404606F09AFF002800F0CA8042
S214029D202846F1F707FC4FF6FF739842814600F08B
S214029D30BD800DF1240B584609F03AFC002840F08D
S214029D40B580002F7AD14246AA4648463B4681E075
S214029D503088002844D139463846F0F7E9FE30808C
S214029D6000283BD00123082203A93046F0F766FFFD
S214029D70A0BB0123082229463046F0F75FFF68BBE6
S214029D8001236748ADF82440022209A9F0F756FFDE
S214029D900346308823B1002848D04FF0100A21E04D
S214029DA0F0F71CFE5E498046204601F039FA3088FC
S214029DB0F0F714FE5FFA88F8804509D1FF238DF884
S214029DC02430012356481A4609A9F0F737FF28B966
S214029DD000210120F9F7FAFD0C2134E73088DAE792
S214029DE04FF0070AF0F7DEFD80463088F0F7DAFD1E
S214029DF0348800F1080911212046F0F7C3FF10212C
S214029E0083462046F0F7BEFF0822044603A94846CA
S214029E100BF0DCFD002877D10822294640460BF0DD
S214029E20D5FD002870D1BAF1070F01D010210AE73C
S214029E3004EB0B24A4B24D466BE70127308828B109
S214029E401221F0F79FFFFF28814615D12A46C24607
S214029E502046402343F00303CDE900B351460323D3
S214029E60FAF7CEFF10B30721504605F045FB002F48
S214029E70E3D0FFF7CBFEE9E600210846F0F758FEEE
S214029E80ADF8140048B105A9204601F0C9F9BDF89D
S214029E901400F0F7A3FD0028D8D1142300933388CA
S214029EA04A464146204601F083F9CFE7FFF7AEFE69
S214029EB00F21C8E6FFF7AAFE1EE7012A01D00621F7
S214029EC0C1E605AD02460090294603A8F9F784FCD0
S214029ED0024608B10A21B6E60C4B1B685B0003F08B
S214029EE0040343F00303CDE9005303A93346204697
S214029EF0FAF786FF0028E2D11321A4E60521A2E69E
S214029F001221A0E60B219EE60E219CE62C370020AD
S214029F10624F00201F500020614F00205F4F00203C
S214029F20B643002030B50E4C85B022788DF8052059
S214029F300123D5180E228DF806200A68CDF80720D0
S214029F404A68CDF80B2001A90B228DF80430257043
S214029F50F0F774FEB0FA80F0400905B030BD00BFDD
S214029F60A64F002030B519498BB014237F220988EA
S214029F7005460DEB030004F0A5FEBDF81430DA0723
S214029F8021D413F0060FC3F3410208BFC3F34122E4
S214029F900F4B9C5C0DF11601224668460BF07AFCCC
S214029FA004F12802BDF826306A44023402F8283C3E
S214029FB01B0A02F8273C69462A46E0B20AF0F1F983
S214029FC000200BB030BDB720FBE700BFDAC40300A9
S214029FD0001A040010B58AB00446ADF82620002206
S214029FE0CDE9052204920CAA02924FF6FF72019264
S214029FF0074AAC2104FB0122012060320092039042
S21402A0000DF126024CF620010BF0A2F80AB010BDA4
S21402A010F43A002000B58BB00320ADF824309DF84A
S21402A020303003900B498DF8263009A80023CDE97D
S21402A0300130CDE90533049301F160030093B1F8D2
S21402A0405C3002204CF660410BF082F80BB05DF8F3
S21402A05004FB00BFF43A002010B5204AB2F86800AC
S21402A060B2F85E10B2F85C308AB04FF6FF74A042C7
S21402A070ADF82600ADF824104FF6FD7018D08142D8
S21402A0804FF00000CDE90500CDE90300CDE901005F
S21402A09094BF09AA6032009294BF48F660014CF65B
S21402A0A060010DF1260204200BF052F80AB010BD32
S21402A0B0814288BF60324FF0000098BF09AA009222
S21402A0C0CDE90500CDE90300CDE90100044A8CBFC5
S21402A0D04CF6604148F66041E5E700BFF43A0020DE
S21402A0E05E3B002000B54FF6FF738BB00022CDE931
S21402A0F00522CDE90322CDE90132074A00924CF649
S21402A10040010DF126020620ADF826300BF020F8AD
S21402A1100BB05DF804FB00BF543B002000B50E4BAD
S21402A1208BB00022B3F85E30ADF82430CDE90522BC
S21402A130CDE90322CDE9012209AA4FF6FF73009268
S21402A1404FF400610DF126020720ADF826300AF022
S21402A150FFFF0BB05DF804FBF43A002030B58BB07D
S21402A16010498DF825301B0A8DF82630002391F809
S21402A1705840CD6DB1F85C000493CDE90533072352
S21402A1800393603108ABCDE9010300914FF6FF73EC
S21402A1904CF62041082008958DF824400AF0D8FF96
S21402A1A00BB030BDF43A002070B52A4CB4F85E10FD
S21402A1B094F85C001D464FF6FE76B4F85C30B14269
S21402A1C0A2B04FEA132321D14FF440416034ADF8D8
S21402A1D008108DF80B0003CC8DF80C30CDF80D006E
S21402A1E0CDF811100DF115042270120A62700022C9
S21402A1F0A270E27011461046ADF8062008F01FFF66
S21402A200ADF8060090B9002022B070BD4FF40044AD
S21402A2108DF80D10090AADF808408DF80B008DF880
S21402A2200C308DF80E100DF10F04DDE7043402A990
S21402A230621A0123D2B20DF10600F0F7FFFC0028E5
S21402A240E1D1BDF806002A460121F0F749FCBDF827
S21402A2500600D9E7F43A0020034B1A781AB1FF2A0F
S21402A26004BF00221A7070477150002070B5084C67
S21402A270084E2378F55C1DB107483E21DDF742F80B
S21402A2802378FF22F25400232370284670BD00BFB5
S21402A2907050002071500020051A0400034B044A37
S21402A2A01B78D05CFF3818BF012070477050002022
S21402A2B07150002010B50849082204460BF086FBB0
S21402A2C0B0FA80F0228940094FF6FF7340009A42A6
S21402A2D008BF40F0010010BD1A1A04002DE9F34130
S21402A2E00E460021054608F01BFF134FADF8060088
S21402A2F000232B800DF1060008F00DFF044610B176
S21402A30002B0BDE8F08121460DF1060008F07AFFA2
S21402A3108046F0F747FB438AB34207D99B1B43822A
S21402A32022464146284608F001FFE3E743895B07D9
S21402A330E0D53B88F3E700BF2A15002008B50A4897
S21402A340F0F7FEFD09484FF47A71FFF7C7FF07489A
S21402A35008F0E1FE30B9BDE8084003484FF47A71D0
S21402A360F0F752BD08BD00BF74140020521500203D
S21402A37030B5044685B00D4602B9084A10685168E1
S21402A38001AB03C301AB03CBADF80C501B882060B6
S21402A39020466160238105B030BD00BFE8DA0300C5
S21402A3A01FB50146002201A8FFF7E2FF064801A9F1
S21402A3B00AF0C2FF20B1F0F7F5FA4089C0F3400078
S21402A3C005B05DF804FB00BF5215002030B585B01D
S21402A3D00D460022014601A8FFF7CAFF084801A958
S21402A3E00AF0AAFF50B1F0F7DDFA04460146082249
S21402A3F028460BF0FBFA6089C0F3400005B030BD7A
S21402A4005215002010B5044C204608F0E9FE638879
S21402A410181A80B210BD00BF52150020F8B50546C6
S21402A420F8B11048002108F07BFE0446A8B10D4F93
S21402A4302046F0F7B7FA0646FFF73CFF830705D437
S21402A4400822294630460BF0C1FA38B12146384672
S21402A45008F0BCFE04460028EAD10024201E18BFDD
S21402A4600120F8BD5215002010B50C4601460648DC
S21402A4700AF062FF30B1F0F795FA43891C4214BF26
S21402A4800120002010BD00BF521500201FB5144643
S21402A490024601A8FFF76CFF074801A90AF04CFF25
S21402A4A040B134B1F0F77EFA1422014620460BF092
S21402A4B09DFA012004B010BD521500201FB50146BA
S21402A4C0002201A8FFF754FF094801A90AF034FF49
S21402A4D058B1F0F767FA4389024613F0020004D037
S21402A4E0507B80F00800C0F3C00005B05DF804FBA6
S21402A4F052150020014601480AF043BF52150020BB
S21402A500F8B504460E4614200021F0F711FB054666
S21402A510204608F065FE6388834225D925B3314676
S21402A52020460AF02EFF08BB2846F0F73BFA0A221E
S21402A530074631460BF05AFA082206F10A0107F1DD
S21402A5400A000BF053FA0A4B1B887B82238823B936
S21402A55008484FF47A71F0F757FC20460022294645
S21402A56008F0E4FD0020F8BD1C20FCE72E20FAE7E8
S21402A5702A1500207414002010B5044686B0B0B127
S21402A580FFF798FE10F0020011D1CDF80E006168B8
S21402A590CDF81200ADF816002068228901AB03C37D
S21402A5A004481A8001A9FFF7ABFF06B010BD2120B0
S21402A5B0FBE700BF52150020F8B50D4616461F46AB
S21402A5C0044648B3FFF776FE30BB2046FFF792FFFD
S21402A5D0E0B1214611480AF0AFFEF0F7E3F94389ED
S21402A5E005734673877343F002032189438120462D
S21402A5F0F2F702F8FF28044606D0F1F703FF18B177
S21402A600074B002243F82420002004E02046FFF7F0
S21402A610B3FF0028DDD0F8BD2120FCE7521500204C
S21402A620E8340020F7B59DF8244001949DF82040B8
S21402A63000940D4606461F46FEF742FA4FF6FF7195
S21402A6408842044610D0BB0711D42846F1F7DCFD39
S21402A6502046FDF73BFDFF281FBF084A32F81030A0
S21402A66023F4804322F81030204603B0F0BD0246A1
S21402A670294630460AF08CFEEAE700BF1A4300205D
S21402A68073B50E46014614480AF056FE0546D8B182
S21402A690F0F788F943893340044612D09B0736B256
S21402A6A00BD5002E09DAA17B437B0289007B019140
S21402A6B0012100912146FFF7B5FF638923EA0603CD
S21402A6C06381628912B1012002B070BD2946024838
S21402A6D008F0B7FDF7E700BF521500200148EFF774
S21402A6E087BF00BF521500201FB50C4A0C46014614
S21402A6F001A8FFF73DFE01A8FFF7FCFE60B101A925
S21402A70007480AF019FEF0F74DF90368236043681C
S21402A7106360002004B010BD2D20FBE71A1A040067
S21402A720521500202DE9F0431E46544B1B788FB07D
S21402A730033B012B9DF8588007460C46154607D862
S21402A740F4F70EFC20B1F0F76FFD08B144F40054A4
S21402A7504B4B1B7813B924F40074A4B2200509D518
S21402A76046B904A92846F0F701FF002840D024F491
S21402A7700064A4B2ADF81840ADF81A5008F05FFFB6
S21402A780404BADF81C00B8F1000F02D01A784245D3
S21402A79001D293F800803C4A8DF81E80137801336C
S21402A7A0E105DBB213704CBF0DF1210108A92205A9
S21402A7B08DF81F3004D533680B6073684B60083120
S21402A7C0E30405D5314A13680B6053684B600831C1
S21402A7D00DF11808A1EB08005FFA80F9002148463F
S21402A7E0F0F7A6F9064628B900200FB0BDE8F083B8
S21402A7F004AEBFE7F0F7D6F841464A460BF04AF8F1
S21402A8003046F0F7EBF880463046F0F7CBF80023F8
S21402A810024600935FFA88F104234FF6FF7008F0B1
S21402A820E3FBADF80E000028DED040F201131C4216
S21402A8301AD14FF6F7739D4216D8F0F7CFF80DF1FE
S21402A8400E010446284600F0EBFCBDF80E00F0F7B9
S21402A850C5F8E4B2A04207D9BDF80E0008F011FC14
S21402A860437843F004034370BDF80E003A460121D4
S21402A870F0F736F9BDF80E00B7E700BFAA4F002082
S21402A880A54F00208A150020A74F00201F50002049
S21402A890F0B50829D58889B028D00C2926D0AE0470
S21402A8A024D405F040030B43424C267816B105F03B
S21402A8B0200423432FB2002FB8BF43F0800303299E
S21402A8C020D11223AC068DF80430937A10D48DF87A
S21402A8D005300DF1060401A9621A0123D2B2F0F77F
S21402A8E0ADF9B0FA80F0400909B0F0BD0B46DBE7DF
S21402A8F032228DF804208DF80530002EE9D00DF1B5
S21402A9001304E8E70C298DF8043009BF138953793C
S21402A9108DF805301B0A0BBF8DF806308DF8053012
S21402A9200DF107030DF1060354881C70240A5C70AF
S21402A93014889C700239240ADC70012914791C716F
S21402A94011D8917A5971002F31DA1289DA710221FF
S21402A950120A997103F109041A72002EBBD0AB06D3
S21402A960B9D50534B7E7A9071AD4002F0CDA117A3D
S21402A97051B1917A59711189127A03F1080492B190
S21402A98002229A71D971E8E70B4C2178917201F193
S21402A990010C84F800C09C1D002F5971DDDAEAE72D
S21402A9A0917A9C1DF8E701229A71090AEAE79C1D32
S21402A9B0D3E700BFA54F0020A64F0020014B18701A
S21402A9C0704700BF9D4F0020074B1A7844F6FF7071
S21402A9D040F6FF73012A18BF1846044B1B780BB1CA
S21402A9E040F40040704700BFAA4F00209D4F002051
S21402A9F0F7B50D4604460021284616461F46F2F7CE
S21402AA0069FE0A4B002183F859402A4600973346CE
S21402AA102046FFF7DFFA014630B102222046F0F761
S21402AA202BFEC0B203B0F0BD0120FBE7F43A0020D3
S21402AA302DE9F843074604F016F905461B4808F0C8
S21402AA4066FD1B4B60B31C683C1B2C44A4B2194B1E
S21402AA50DFF868901B78184D99F8006003EB8303C3
S21402AA6005EB430500225FFA82F846450AD9AB8811
S21402AA70A34205F10A0016D9B21A0A235A432946F6
S21402AA800AF0B4FF013689F80060AC80B8F1000F16
S21402AA9003D106483946F0F7B7F92846BDE8F883E9
S21402AAA01D603C46D3E701320546DCE794140020DD
S21402AAB0FC3B0020725000203840002073500020DB
S21402AAC01FB5154A154C1378013BDBB2137061684B
S21402AAD0206801AA03C221891180114A1278D2186D
S21402AAE005D00A235A43E11820460AF07FFF9DF854
S21402AAF006301B070DD0BDF80C00FFF799FF8288C1
S21402AB00ADF8082001AA034603CA128818605960E5
S21402AB101A8104B010BD00BF7250002038400020D9
S21402AB207350002008B5094B094800211970094BDB
S21402AB301970094B1A7802EB820252000AF070FF73
S21402AB40BDE808400548F0F7FBB900BF7350002087
S21402AB5038400020725000209615002094140020E1
S21402AB60F8B5094D094F0A4E00243B783178E2B217
S21402AB700B449A4204F1010400DBF8BD2846EFF7C5
S21402AB8037FD0A35F1E700BF384000207350002039
S21402AB9072500020F8B50D4B16460D4A1B781278F7
S21402ABA013440C4A1278934207460D460CD03046A0
S21402ABB0FFF73EFF0135068107808570044604F0E4
S21402ABC04DF8E0800120F8BD0020FCE7725000201E
S21402ABD0735000209615002010B5064C207828B138
S21402ABE00548F5F747FF10B1034B188810BDFFF76D
S21402ABF067FFF3E7725000203840002008B50A4A83
S21402AC000346107860B1094A1088984209D121B9E2
S21402AC109378103323F00F039370FFF751FF012050
S21402AC2008BD0020FCE700BF72500020384000201C
S21402AC302DE9F74F04F017F8DFF8F8803A4CB8F829
S21402AC4000C0DFF8F490394D99F800701FFA80FEC4
S21402AC50AEEB0C039BB2019323780093002603EB22
S21402AC60830305EB43033A46B246ACEB0E0CB346FF
S21402AC705FFA86FEBE4515D3BAF1000F01D0009BDF
S21402AC802370BA422AD3002F37D02378C8F80000A0
S21402AC900A2202FB03532648998803B0BDE8F04F08
S21402ACA0F0F7B2B8B3F804E001998E4512D80099CD
S21402ACB093F802E0A3F804B001310EF1FF3EC9B2E8
S21402ACC0013A83F802E00091D2B24FF0010A0A3349
S21402ACD00136CDE7E644A3F804E0F8E789F8002059
S21402ACE04AB12378C8F800000A2202FB0353104830
S21402ACF09988F0F789F8237813B903B0BDE8F08F86
S21402AD00FFF76AFF06460028F5D008F0DBF8014692
S21402AD10304609F0C4F820B100212888FFF76EFFFC
S21402AD20E9E76621F9E700BF7250002038400020AC
S21402AD3094140020FC3B00207350002038B50E4BC4
S21402AD4005460E481C88F0F74BF8012D0CD10C4B2B
S21402AD501C88FA21614358B1884209D28408012C22
S21402AD60204638BF012038BD022D08BF0224F0E776
S21402AD700248F0F749F8F2E734400020F8350020A0
S21402AD803240002008B5064B064801221A70002100
S21402AD90F0F73AF8BDE808400020FFF7CFBF00BF43
S21402ADA0764F0020F83500201E4B1A8802F1080361
S21402ADB09BB2012B73B502D81B4B1B7823B902B08A
S21402ADC0BDE87040F0F7BCB8184B194D00241C7053
S21402ADD0184B1C702B787BB1174E4FF6FC73009302
S21402ADE0308823462246214609F06AFF4FF6FD7355
S21402ADF02C70338001200FE0104B10461978F5F7BF
S21402AE009DF90028F6D10C4B1A884FF6FD739A422C
S21402AE10F0D001232B70022002B0BDE87040FFF78D
S21402AE208DBF00BF36400020764F0020794F0020AD
S21402AE30774F0020784F0020304000207A4F0020C5
S21402AE40012808B50AD002280CD020B9084B187081
S21402AE500848F0F775F84FF0FF3008BDBDE8084027
S21402AE60FFF790BFBDE808400020FFF767BF00BFAE
S21402AE70764F0020F835002002280CD859B1064A31
S21402AE8013780133DBB21370044A12789A4202D85E
S21402AE900220FFF7D5BF7047784F00207B4F002077
S21402AEA038B500F15703DBB2012B04460D4615D820
S21402AEB00D4A13780133DBB213700C4A12789A42A9
S21402AEC00CD80B4B19884FF6FD72914201BF1D80BC
S21402AED0084B00221A700020FFF730FF2946204652
S21402AEE0BDE8384004F0A5BA794F00207C4F002018
S21402AEF030400020774F0020064A00231370064A8F
S21402AF001370064A4FF6FD711180054A1370054A02
S21402AF1013707047794F0020784F00203040002091
S21402AF20774F0020764F002030B5094B1B7802463B
S21402AF3033B1084B084C19780023D8B2884201D3A3
S21402AF40FF2004E0013334F823509542F5D130BD9A
S21402AF50951500207E4F002010400020054B064825
S21402AF6000221A70054BFF211970054B1A789200C1
S21402AF700AF056BD7E4F0020144000207D4F002070
S21402AF8095150020F7B58DF807100DF10701044658
S21402AF9004F08AF9234B1D78002D41D02046FFF796
S21402AFA0C3FF214E214B3178FF2805D1204A107865
S21402AFB085422DD9451C1570884219D01C4A1B4D56
S21402AFC092F800C00022D7B2BC450CD92F460132F7
S21402AFD097F803E0864505F10405F4D102B203EBC7
S21402AFE08202D278FA7002B203EB8202D17030701B
S21402AFF002B203EB820123F82240FF228A709DF8F8
S21402B0000720FF2A02D003EB8203987003B0F0BD3C
S21402B0100A46104603EB8202D278FF2AF9D1CBE722
S21402B020FF20F3E7951500207D4F002014400020F6
S21402B0307E4F00202DE9F843FFF776FFFF280446EF
S21402B0406AD0364FDFF8E080354E03B24FF6FF7215
S21402B05027F8232098F80050A54202D10020BDE828
S21402B060F88320B23378810007EB8000A34290F881
S21402B07003E011D0294A00235FFA83F94D4594462E
S21402B08007D99CF80390A14503F1010302F10402DB
S21402B090F2D18CF803E001E086F800E0013DEDB263
S21402B0A02A1BD2B20431920039440AF09FFC88F877
S21402B0B000503378FF2B04D0A34224BF03F1FF33A2
S21402B0C03370164B00214FF6FF70CAB2AA420CD359
S21402B0D0144A00234FF6FF71DCB2AC42BAD20133F7
S21402B0E032F823008842F7D1B4E79A78A2420BD10D
S21402B0F01880DA78FF2A04D0A24224BF02F1FF3277
S21402B100DA7001310433E0E7FF2AF2D0A24224BF0C
S21402B11002F1FF329A70ECE70320A0E71440002009
S21402B1207D4F0020104000207E4F0020F8B51C4BBB
S21402B1301B780546084673B3FFF7F6FEFF2804465B
S21402B14029D02846FFF7F0FEFF2806D0154B164EEC
S21402B1501A780023D9B2914218D3FF212846FFF766
S21402B16011FFFF28014616D0104F054623B207EB03
S21402B170830237F823009678FFF704FFA84208BF39
S21402B180FF25FF2E214608D12846F8BD013316F8C2
S21402B19023108142DED1FF25F6E73446E6E700BFFC
S21402B1A0951500207E4F00201240002014400020FB
S21402B1B02DE9FF414FF0000C9DF828508DF80FC086
S21402B1C00DF10F0CCDE9005C1F4606468846144674
S21402B1D004F03AF89DF80F3093B941463046E4F74A
S21402B1E047FE0E4B1B785BB10B2C09D83046FF216D
S21402B1F0FFF7C8FE05EB44040646E4B2A54202D1B8
S21402B20004B0BDE8F0812946384608F00CF931460C
S21402B210FFF7B8FE02350646EDB2EFE795150020B9
S21402B2202DE9F34700230DF107028DF80730044697
S21402B2300E4604F024F89DF80730054663B920460A
S21402B240FFF772FE04465EB13088EFF7C7FB5FFA7F
S21402B25080F8FF2C46D10025284602B0BDE8F087CC
S21402B260B046F6E701320C2AF5D02DB207EB85057B
S21402B270AD78FF2DF6D112F0FF0AECD04FEA4A0560
S21402B2800235EDB2002EE7D008EB0501C9B2304612
S21402B29008F063F80028DED1308852464146EFF7C0
S21402B2A085FD0AF1FF3208F1010108F10209308832
S21402B2B0D2B2C9B25FFA89F9EFF778FD24B207EB8A
S21402B2C08404A478FF2CC7D023B2308837F8232012
S21402B2D0494608F0B8F80028BDD109F102095FFA1C
S21402B2E089F9EBE7014F25460022BEE7144000200D
S21402B2F0FF2810B51FBF064B03EB800433F820303F
S21402B3000B801DBFA37813700020032010BD00BF62
S21402B3101440002081F0004102E000BF83F00043A9
S21402B32030B54FEA41044FEA430594EA050F08BFD9
S21402B33090EA020F1FBF54EA000C55EA020C7FEA9D
S21402B340645C7FEA655C00F0E2804FEA5454D4EB1A
S21402B3505555B8BF6D420CDD2C4480EA020281EAE4
S21402B360030382EA000083EA010180EA020281EA1C
S21402B3700303362D88BF30BD11F0004F4FEA01316E
S21402B3804FF4801C4CEA113102D0404261EB41017D
S21402B39013F0004F4FEA03334CEA133302D0524203
S21402B3A063EB430394EA050F00F0A780A4F10104BF
S21402B3B0D5F1200E0DDB02FA0EFC22FA05F28018F9
S21402B3C041F1000103FA0EF2801843FA05F35941DF
S21402B3D00EE0A5F120050EF1200E012A03FA0EFC5E
S21402B3E028BF4CF0020C43FA05F3C01851EBE37188
S21402B3F001F0004507D54FF0000EDCF1000C7EEBA5
S21402B40000006EEB0101B1F5801F1BD3B1F5001FE2
S21402B4100CD349085FEA30004FEA3C0C04F1010401
S21402B4204FEA445212F5800F80F09A80BCF1004F2A
S21402B43008BF5FEA500C50F1000041EB045141EAAC
S21402B440050130BD5FEA4C0C404141EB0101013C75
S21402B45028BFB1F5801FE9D291F0000F04BF014664
S21402B4600020B1FA81F308BF2033A3F10B03B3F136
S21402B47020020CDA0C3208DD02F1140CC2F10C02C6
S21402B48001FA0CF021FA02F10CE002F11402D8BF24
S21402B490C2F1200C01FA02F120FA0CFCDCBF41EAF0
S21402B4A00C019040E41AA2BF01EB0451294330BDBF
S21402B4B06FEA04041F3C1CDA0C340EDC04F114049C
S21402B4C0C4F1200220FA04F001FA02F340EA030073
S21402B4D021FA04F345EA030130BDC4F10C04C4F1B9
S21402B4E0200220FA02F001FA04F340EA0300294699
S21402B4F030BD21FA04F0294630BD94F0000F83F4E3
S21402B500801306BF81F480110134013D4EE77FEAC5
S21402B510645C18BF7FEA655C29D094EA050F08BF11
S21402B52090EA020F05D054EA000C04BF19461046F2
S21402B53030BD91EA030F1EBF0021002030BD5FEA36
S21402B540545C05D14000494128BF41F0004130BD5E
S21402B55014F580043CBF01F5801130BD01F00045B2
S21402B56045F0FE4141F470014FF0000030BD7FEA25
S21402B570645C1ABF194610467FEA655C1CBF0B4620
S21402B580024650EA013406BF52EA033591EA030F37
S21402B59041F4002130BD00BF90F0000F04BF00212F
S21402B5A0704730B54FF4806404F132044FF0000562
S21402B5B04FF0000150E700BF90F0000F04BF0021DB
S21402B5C0704730B54FF4806404F1320410F0004541
S21402B5D048BF40424FF000013EE700BF42004FEA3C
S21402B5E0E2014FEA31014FEA02701FBF12F07F43B9
S21402B5F093F07F4F81F06051704732F07F4208BF70
S21402B600704793F07F4F04BF41F40021704730B576
S21402B6104FF4607401F0004521F000411CE700BFC2
S21402B62050EA010208BF704730B54FF000050AE045
S21402B63050EA010208BF704730B511F0004502D546
S21402B640404261EB41014FF4806404F132045FEA48
S21402B650915C3FF4D8AE4FF003025FEADC0C18BFF1
S21402B66003325FEADC0C18BF033202EBDC02C2F1E3
S21402B670200300FA03FC20FA02F001FA03FE40EA75
S21402B6800E0021FA02F11444BDE600BF70B54FF079
S21402B690FF0C4CF4E06C1CEA11541DBF1CEA135557
S21402B6A094EA0C0F95EA0C0F00F0DEF82C4481EABF
S21402B6B0030621EA4C5123EA4C5350EA013518BFDF
S21402B6C052EA033541F4801143F4801338D0A0FBCC
S21402B6D002CE4FF00005E1FB02E506F00042E0FB79
S21402B6E003E54FF00006E1FB03569CF0000F18BF7F
S21402B6F04EF0010EA4F1FF04B6F5007F64F5407427
S21402B70004D25FEA4E0E6D4146EB060642EAC621B9
S21402B71041EA55514FEAC52040EA5E504FEACE2E26
S21402B720B4F1FD0C88BFBCF5E06F1ED8BEF1004F29
S21402B73008BF5FEA500E50F1000041EB045170BDA5
S21402B74006F0004646EA010140EA020081EA0301E9
S21402B750B4EB5C04C2BFD4EB0C0541EA045170BDE5
S21402B76041F480114FF0000E013C00F3AB8014F15F
S21402B770360FDEBF002001F0004170BDC4F10004A8
S21402B780203C35DA0C341BDC04F11404C4F1200529
S21402B79000FA05F320FA04F001FA05F240EA020084
S21402B7A001F0004221F0004110EBD37021FA04F6BA
S21402B7B042EB06015EEA430E08BF20EAD37070BD74
S21402B7C0C4F10C04C4F1200500FA04F320FA05F0D3
S21402B7D001FA04F240EA020001F0004110EBD370D5
S21402B7E041F100015EEA430E08BF20EAD37070BD45
S21402B7F0C4F1200500FA05F24EEA020E20FA04F31E
S21402B80001FA05F243EA020321FA04F001F00041CC
S21402B81021FA04F220EA020000EBD3705EEA430E3D
S21402B82008BF20EAD37070BD94F0000F0FD101F06C
S21402B8300046400041EB010111F4801F08BF013CA5
S21402B840F7D041EA060195F0000F18BF704703F0E3
S21402B8500046520043EB030313F4801F08BF013D6A
S21402B860F7D043EA0603704794EA0C0F0CEA135526
S21402B87018BF95EA0C0F0CD050EA410618BF52EAE0
S21402B8804306D1D181EA030101F000414FF00000E6
S21402B89070BD50EA410606BF1046194652EA4306F4
S21402B8A019D094EA0C0F02D150EA013613D195EA68
S21402B8B00C0F05D152EA03361CBF104619460AD1B0
S21402B8C081EA030101F0004141F0FE4141F47001BA
S21402B8D04FF0000070BD41F0FE4141F4780170BDAA
S21402B8E070B54FF0FF0C4CF4E06C1CEA11541DBF0F
S21402B8F01CEA135594EA0C0F95EA0C0F00F0A7F811
S21402B900A4EB050481EA030E52EA03354FEA01313D
S21402B91000F088804FEA03334FF0805545EA131350
S21402B92043EA12634FEA022245EA111545EA106518
S21402B9304FEA00260EF000419D4208BF964244F1AF
S21402B940FD0404F5407402D25B084FEA3202B61ACE
S21402B95065EB03055B084FEA32024FF480104FF4A2
S21402B960002CB6EB020E75EB030E22BFB61A754616
S21402B97040EA0C005B084FEA3202B6EB020E75EBA9
S21402B980030E22BFB61A754640EA5C005B084FEA11
S21402B9903202B6EB020E75EB030E22BFB61A7546DE
S21402B9A040EA9C005B084FEA3202B6EB020E75EBE9
S21402B9B0030E22BFB61A754640EADC0055EA060EAA
S21402B9C018D04FEA051545EA16754FEA06164FEAED
S21402B9D0C30343EA52734FEAC2025FEA1C1CC0D199
S21402B9E011F4801F0BD141EA00014FF000004FF026
S21402B9F0004CB6E711F4801F04BF01430020B4F1E7
S21402BA00FD0C88BFBCF5E06F3FF6AFAEB5EB030C9E
S21402BA1004BFB6EB020C5FEA500C50F1000041EB9B
S21402BA20045170BD0EF0004E4EEA113114EB5C0468
S21402BA30C2BFD4EB0C0541EA045170BD41F480113B
S21402BA404FF0000E013C90E645EA060E8DE60CEA43
S21402BA50135594EA0C0F08BF95EA0C0F3FF43BAF60
S21402BA6094EA0C0F0AD150EA01347FF434AF95EA17
S21402BA700C0F7FF425AF104619462CE795EA0C0FFB
S21402BA8006D152EA03353FF4FDAE1046194622E7C8
S21402BA9050EA410618BF52EA43067FF4C5AE50EAA2
S21402BAA041047FF40DAF52EA43057FF4EBAE12E792
S21402BAB04FF0FF3C06E000BF4FF0010C02E000BF73
S21402BAC04FF0010C4DF804CD4FEA410C7FEA6C5C56
S21402BAD04FEA430C18BF7FEA6C5C1BD001B050EAF9
S21402BAE0410C0CBF52EA430C91EA030F02BF90EAE4
S21402BAF0020F0020704710F1000F91EA030F58BFA3
S21402BB00994208BF90422CBFD8176FEAE37040F004
S21402BB10010070474FEA410C7FEA6C5C02D150EAA2
S21402BB20013C07D14FEA430C7FEA6C5CD6D152EA5D
S21402BB30033CD3D05DF8040B704700BF8446104622
S21402BB4062468C461946634600E000BF01B5FFF721
S21402BB50B7FF002848BF10F1000F01BD4DF808EDF1
S21402BB60FFF7F4FF0CBF012000205DF808FB00BFC2
S21402BB704DF808EDFFF7EAFF34BF012000205DF81C
S21402BB8008FB00BF4DF808EDFFF7E0FF94BF012069
S21402BB9000205DF808FB00BF4DF808EDFFF7CEFF6A
S21402BBA094BF012000205DF808FB00BF4DF808EDA9
S21402BBB0FFF7C4FF34BF012000205DF808FB00BF7A
S21402BBC04FEA410212F5001215D211D56FF47873BE
S21402BBD0B3EB625212D94FEAC12343F0004343EA61
S21402BBE0505311F0004F23FA02F018BF404270473C
S21402BBF04FF00000704750EA013005D111F00040C6
S21402BC0008BF6FF0004070474FF00000704700BF5B
S21402BC104A0011D212F5001211D20DD56FF47873C4
S21402BC20B3EB62520ED44FEAC12343F0004343EA19
S21402BC30505323FA02F070474FF00000704750EA64
S21402BC40013002D14FF0FF3070474FF000007047CE
S21402BC5053B94AB9002908BF00281CBF4FF0FF316C
S21402BC604FF0FF3000F06AB9ADF1080C6DE904CE72
S21402BC7000F006F8DDF804E0DDE9022304B07047C0
S21402BC802DE9F047089D0C46002B4ED194468C4574
S21402BC908646B2FA82F262D94AB1C2F120039140D4
S21402BCA020FA03F30CFA02FC194300FA02FE4FEAEA
S21402BCB01C471FFA8CF6B1FBF7F44FEA1E4307FB4C
S21402BCC0141143EA014304FB06F199420AD91CEB1C
S21402BCD0030304F1FF3080F01381994240F2108191
S21402BCE0023C6344591A1FFA8EF3B1FBF7F007FBC6
S21402BCF0101143EA014300FB06F69E420AD91CEBEA
S21402BD00030300F1FF3180F0FD809E4240F2FA808C
S21402BD10634402389B1B40EA044000211DB1D34015
S21402BD200022C5E90032BDE8F0878B4205D90DB185
S21402BD30C5E9000100210846F5E7B3FA83F10029B8
S21402BD4046D1A34202D39042C0F0F180861A64EB39
S21402BD5003030120002DE6D0C5E90063E3E7002ACD
S21402BD6040F09180A1EB0C044FEA1C481FFA8CF7B6
S21402BD700121B4FBF8F64FEA1E4308FB164443EAD9
S21402BD80044307FB06F0984208D91CEB030306F1AE
S21402BD90FF3402D2984200F2CE8026461C1A1FFAC0
S21402BDA08EF3B4FBF8F008FB104443EA044300FBAE
S21402BDB007F79F4208D91CEB030300F1FF3402D2B7
S21402BDC09F4200F2B1802046DB1B40EA0640A5E710
S21402BDD0C1F120068B4022FA06F71F4320FA06FC22
S21402BDE004FA01F343EA0C03F44000FA01F8380CB3
S21402BDF04FEA1349B4FBF0FE1FFA87FC00FB1E4411
S21402BE0049EA04440EFB0CF9A14502FA01F20AD9EA
S21402BE103C190EF1FF3A80F08580A14540F28280FF
S21402BE20AEF1020E3C44A4EB09041FFA83F9B4FBFC
S21402BE30F0F300FB134449EA044403FB0CFCA4455C
S21402BE4007D93C1903F1FF3068D2A44566D9023BF4
S21402BE503C4443EA0E40A0FB0293A4EB0C049C4233
S21402BE60CE469C4652D34FD055B1B8EB0E0364EB88
S21402BE700C0404FA06F6CB40CC401E43C5E9006427
S21402BE800021BDE8F087C2F1200320FA03F10CFA84
S21402BE9002FC24FA03F394400C434FEA1C4800FACF
S21402BEA002FE1FFA8CF7B3FBF8F008FB1031230CE6
S21402BEB043EA014300FB07F1994208D91CEB03034E
S21402BEC000F1FF362CD299422AD9023863445B1A13
S21402BED0A4B2B3FBF8F108FB113344EA034401FBB6
S21402BEE007F3A34208D91CEB040401F1FF3613D270
S21402BEF0A34211D902396444E41A41EA004138E700
S21402BF000446EFE6084605E7C845ADD2B9EB020E91
S21402BF1063EB070C0138A7E73146EDE7034698E7DF
S21402BF203046D4E7D6467EE7634402384CE70646F8
S21402BF30234608460EE7023E63442FE7704700BFDB
S21402BF4008B5064B044613B10021AFF30080044B3C
S21402BF501B6803B19847204601F0F1F90000000083
S21402BF60403D0020242B2DE9F0478646904601D816
S21402BF70012B06D100F060FB162303600020BDE80B
S21402BF80F08736480D462A4615F8014B065D16F030
S21402BF900806F8D12D2C24D12C780126951C2BBB13
S21402BFA0302C30D00A2306F1004C0CF1FF3C002264
S21402BFB0BCFBF3F9104603FB19CAA4F13007092F9C
S21402BFC028D83C46A34234DD571C07D081452DD3E2
S21402BFD001D1A2452ADB00FB0340012215F8014BE2
S21402BFE0EBE72B2C04BF2C78951CD8E7102BDAD164
S21402BFF0302CD8D12A7802F0DF02582AD3D16C78B6
S21402C00010230235CFE72B7803F0DF03582BF6D048
S21402C0100823C8E7A4F14107192F01D8373CD1E716
S21402C020A4F16107192F04D8573CCBE74FF0FF3233
S21402C030D4E7531C08D12223CEF800306046B8F16C
S21402C040000F9CD0691E06E006B14042B8F1000F10
S21402C05095D0002AF6D1C8F8001090E7611A0400BD
S21402C06013460A46014602480068FFF77BBF00BF38
S21402C070B41400202DE9F043364E86460D46284677
S21402C08015F8014B375D17F00807F8D12D2C26D18D
S21402C0902C780127851C3BBB302C32D00A234FF06C
S21402C0A0FF380026B8FBF3F803FB08F96FEA090924
S21402C0B03046A4F1300CBCF1090F29D86446A342DD
S21402C0C037DDB6F1FF3F07D080452FD301D1A1451A
S21402C0D02CDB00FB0340012615F8014BE9E72B2C6D
S21402C0E004BF2C78851CD6E7102BD8D1302CD6D19D
S21402C0F0287800F0DF005828D1D16C78102302355A
S21402C100CDE72B7803F0DF03582BF6D00823C6E7DB
S21402C110A4F1410CBCF1190F01D8373CCFE7A4F1CA
S21402C120610CBCF1190F04D8573CC8E74FF0FF3634
S21402C130D2E7731C06D12223CEF80030304632B93D
S21402C140BDE8F08307B14042002AF9D006B1691E65
S21402C1501160F5E7611A040013460A4601460248D2
S21402C1600068FFF787BF00BFB41400202DE9F04F28
S21402C17085B09046464A029089461E460D462B4694
S21402C18015F8014B175D17F00807F8D12D2C41D191
S21402C1902C7801279D1C002E41D1302C4CD00A262B
S21402C1A007F1004A07F1FF3B0AF1FF3AF31732465E
S21402C1B0584651460393FFF74BFD019200228E46E6
S21402C1C0844611461046A4F13003092B05D9A4F182
S21402C1D04103192B37D8A4F137039E423DDD541C88
S21402C1E015D084457EEB010234D38E4508BF8445C4
S21402C1F002D1019A9A422DDB039A714300FB021187
S21402C200A6FB00020A44181842EBE371012215F855
S21402C210014BD8E72B2C04BF2C789D1CBBE7102EB5
S21402C220BED1302CBCD12B7803F0DF03582BB7D10C
S21402C2306C7810260235B3E72B7803F0DF03582B11
S21402C240F6D00826ACE7A4F16103192B05D8A4F1B1
S21402C2505703C2E74FF0FF32D9E7531C0AD1029ABE
S21402C2602223136058465146B8F1000F0AD105B092
S21402C270BDE8F08F17B1404261EB4101B8F1000F03
S21402C280F5D00AB105F1FF39C8F80090EFE700BF14
S21402C290611A040013460A46014602480068FFF780
S21402C2A065BF00BFB414002070B50D4D0D4C641B65
S21402C2B0A4100026A64209D10B4D0C4C09F0E0FD55
S21402C2C0641BA4100026A64205D170BD55F8043B97
S21402C2D098470136EEE755F8043B98470136F2E7F1
S21402C2E0F0150020F0150020F0150020F4150020AF
S21402C2F0024B0146186800F0A5B900BFB41400202E
S21402C30070B50F4E0C463168054611B900F072F949
S21402C31030602146284600F06DF9431C03D14FF0E9
S21402C320FF34204670BDC41C24F00304A042F8D09B
S21402C330211A284600F05EF90130F2D1EFE700BF7D
S21402C340003C00202DE9F041CD1C25F00305083500
S21402C3500C2D38BF0C25002D064601DBA94204D958
S21402C3600C2333600020BDE8F081314F00F036F92F
S21402C3703B681C4644BB29463046FFF7C1FF431CB8
S21402C380044650D13C682146002941D1002C44D0B5
S21402C3902368304604EB030800F02CF980453CD1B4
S21402C3A021686D1A29463046FFF7AAFF013034D0BD
S21402C3B023682B4423603B68002B36D05A68A2427F
S21402C3C029D100225A600EE02268521B1DD40B2A85
S21402C3D016D96119A342256018BF5960636808BF61
S21402C3E0396062514B60304600F0FEF804F10B00F3
S21402C3F0231D20F00700C21AB5D01B1AA350B2E7BD
S21402C400A3426268DED13A60EDE723466468B1E78C
S21402C4100C464968B8E71346CEE70C23336030462D
S21402C42000F0E2F89EE70560DDE75B60FFDE00BF36
S21402C430043C00201FB514461A46094B1B680546E5
S21402C440D86854B9074B1C46CDE9013400912B46F7
S21402C450054900F0B1F809F06EFC044BF4E700BFA2
S21402C460B4140020F3B20300311A0400241A0400A4
S21402C470002310B50446C0E90033C0E904338360E4
S21402C48081814366C2818361194608225C3009F0C5
S21402C490C7FA0D4B63620D4BA3620D4BE3620D4B65
S21402C4A023630D4B24629C4206D003F16802944239
S21402C4B002D0D0339C4205D104F15800BDE81040AA
S21402C4C009F0B6BA10BD00BF0B5903002D59030080
S21402C4D06559030089590300083C0020024A0349B3
S21402C4E0034809F055BA00BF04150020E75C0300B4
S21402C4F0B814002041680C4B994210B5044601D08E
S21402C50009F0F1FBA168094B994202D0204609F0D6
S21402C510EAFBE168064B994204D02046BDE810408B
S21402C52009F0E1BB10BD00BF083C0020703C0020B3
S21402C530D83C002010B50B4B0B4C0C4A1A60204618
S21402C54000220421FFF794FF04F16800012209216A
S21402C550FFF78EFF04F1D0000222BDE81040122140
S21402C560FFF786BF403D0020083C0020DDC40200E5
S21402C570014809F05EBA00BF75500020014809F074
S21402C58059BA00BF7550002010B50446FFF7F0FFF9
S21402C590236A1BB1BDE81040FFF7F0BF044B2362CD
S21402C5A0044B1B68002BF5D1FFF7C4FFF2E700BF70
S21402C5B0F5C40200403D00200EB403B5014603ABAD
S21402C5C0054853F8042B0068019300F085F802B082
S21402C5D05DF804EB03B07047B4140020014809F07C
S21402C5E028BA00BF74500020014809F023BA00BFE1
S21402C5F07450002038B5064D0023044608462B60CA
S21402C600D6F738FB431C02D12B6803B1236038BD32
S21402C610443D002038B5074D044608461146002220
S21402C6202A601A4600F099FE431C02D12B6803B119
S21402C630236038BD443D0020014B1868704700BF98
S21402C640B414002038B50546002941D051F8043C00
S21402C6500C1F002BB8BFE418FFF7C0FF1D4A136873
S21402C66033B9636014602846BDE83840FFF7BCBFA4
S21402C670A34208D9206821188B4201BF19685B685B
S21402C68009182160EDE71A465B680BB1A342FAD996
S21402C69011685018A0420BD12068014450188342FA
S21402C6A01160E0D118685B68536008441060DAE7EE
S21402C6B002D90C232B60D6E7206821188B4204BFD0
S21402C6C019685B68636004BF091821605460CAE792
S21402C6D038BD00BF043C00202DE9F04F0D469DB04A
S21402C6E014469846064618B1036A0BB9FFF74CFF84
S21402C6F06B6ED90705D4AB899A0502D4A86D09F0EA
S21402C70098F9AB891B0701D52B699BB92946304698
S21402C71000F0FAF870B16B6EDC0704D54FF0FF300C
S21402C7201DB0BDE8F08FAB899805F7D4A86D09F067
S21402C73081F9F3E70023099320238DF82930CDF8F9
S21402C7400C803023DFF8AC818DF82A304FF00109D7
S21402C75023469A4613F8012B0AB1252AF9D1BAEBD9
S21402C760040B0BD05B4622462946304609F07AF97E
S21402C770013000F0A780099A5A4409929AF80030CC
S21402C780002B00F09F8000234FF0FF32CDE90523F7
S21402C7900AF1010A049307938DF853301A9354460C
S21402C7A0052214F8011B5348D3F7BAFC049AD8B9E9
S21402C7B0D10644BF20238DF85330130744BF2B23E2
S21402C7C08DF853309AF800302A2B15D0079A544623
S21402C7D000204FF00A0C214611F8013B303B092B92
S21402C7E04BD9B0B1079214E0A0EB080309FA03F3A1
S21402C7F013430493A246D2E7039B191D1B680391B9
S21402C800002BBBBF5B4242F0020207930793B8BFFE
S21402C810049223782E2B0AD163782A2B32D1039BDB
S21402C8201A1D1B68039243EAE37302340593DFF88A
S21402C830D4A0217803225046D3F772FC38B1049B69
S21402C840A0EB0A004022824013430134049314F8FA
S21402C850011B29488DF828100622D3F761FC002810
S21402C8603FD0264B1BBB039B073323F0070308333B
S21402C8700393099B3B4409936AE70CFB02320C467E
S21402C8800120A8E700230134059319464FF00A0C4D
S21402C890204610F8012B303A092A03D9002BC6D0BD
S21402C8A00591C4E70CFB012104460123F0E703AB24
S21402C8B000932A46124B04A93046AFF3008007467F
S21402C8C0781CD6D16B6ED90705D4AB899A0502D4EB
S21402C8D0A86D09F0AFF8AB895B063FF51FAF099864
S21402C8E01EE703AB00932A46054B04A9304600F028
S21402C8F061F8E4E7611B04006B1B04000000000003
S21402C900655A0300671B040038B5294B05461868AC
S21402C9100C4618B1036A0BB9FFF736FEB4F90C30B1
S21402C920190722D4DA0607D409222A6043F0400304
S21402C930A3814FF0FF3033E0580712D5616B41B147
S21402C94004F14403994202D02846FFF77BFE0023F7
S21402C9506363A38923F02403A3810023636023690E
S21402C9602360A38943F00803A38123694BB9A389F3
S21402C97003F42073B3F5007F03D02146284609F05E
S21402C98007FAB4F90C3013F001020AD00022A260B2
S21402C99062695242A261226942B913F08000C5D18F
S21402C9A038BD990758BF6269A260F4E70020F7E72E
S21402C9B0B41400202DE9FF470F7E0C9E782F914677
S21402C9C080460C469A4601F1430207D8622F0AD8DF
S21402C9D0002F00F0DD80582F00F0C38004F14206DD
S21402C9E084F842703AE0A7F16303152BF6D801A14A
S21402C9F051F823F04DCA020061CA0200DDC90200E6
S21402CA00DDC90200DDC90200DDC9020061CA0200FA
S21402CA10DDC90200DDC90200DDC90200DDC902006F
S21402CA2077CB0200EFCA02002FCB0200DDC902005C
S21402CA30DDC9020099CB0200DDC90200EFCA02007E
S21402CA40DDC90200DDC9020037CB020033681A1DB9
S21402CA501B68326004F1420684F842300123A8E0E3
S21402CA6031682368081D30601E0601D50D6803E094
S21402CA705D06FBD5B1F900506168002D78DA2D20ED
S21402CA80002984F84300A1602DDA5E486D420A232D
S21402CA901646B5FBF3F103FB1157C75D06F8017D99
S21402CAA02F46BB420D46F4D9082B0BD12368DF076D
S21402CAB008D5236961689942DEBF302306F8013C37
S21402CAC006F1FF36921B2261CDF800A04B4603AA60
S21402CAD02146404609F016F801306FD14FF0FF307C
S21402CAE004B0BDE8F08723F004032360CDE7216895
S21402CAF03368080653F8045B02D4490648BFADB251
S21402CB006F2F4048336014BF0A230823002184F89D
S21402CB1043106668A660002EBADB216821F0040185
S21402CB202160002DB4D1002EB2D11646BCE7236890
S21402CB3043F0200323603448782784F8457023683E
S21402CB4031681F0651F8045B02D45F0648BFADB2D7
S21402CB503160D90744BF43F0200323601DB1102380
S21402CB60D4E72848E9E7236823F020032360F6E7A2
S21402CB7024480A23CDE7336825686169181D3060AA
S21402CB802E061B6801D5196002E06806FBD51980DF
S21402CB9000232361164697E733681A1D32601E6823
S21402CBA0626800213046D3F7BBFA08B1801B60608A
S21402CBB063682361002384F8433085E7236932469D
S21402CBC049464046D047013088D023689B0714D494
S21402CBD0E068039B9842B8BF184681E701233246B5
S21402CBE049464046D04701303FF478AF0135E36806
S21402CBF003995B1AAB42F1DCEAE7002504F1190659
S21402CC00F5E700BF721B0400831B040038B5064D0F
S21402CC100023044608462B6000F08EFB431C02D11C
S21402CC202B6803B1236038BD443D002038B5074D5C
S21402CC3004460846114600222A601A4600F089FB7E
S21402CC40431C02D12B6803B1236038BD443D00204B
S21402CC5038B5074D04460846114600222A601A4691
S21402CC6000F079FB431C02D12B6803B1236038BD68
S21402CC70443D0020024B0146186809F0C5B800BFC3
S21402CC80B414002038B5074D002304460846114662
S21402CC902B6000F055FB431C02D12B6803B12360C6
S21402CCA038BD00BF443D002038B5064D002304467B
S21402CCB008462B6000F048FB431C02D12B6803B1E8
S21402CCC0236038BD443D002038B5074D0023044696
S21402CCD0084611462B6000F039FB431C02D12B6834
S21402CCE003B1236038BD00BF443D0020704718B131
S21402CCF0102901D9D4F78ABA0020704770B50646C3
S21402CD0007250020C309C3EBC30203EB820341FAE3
S21402CD1005F44200DBB2D2B204F0010414FB06F4BE
S21402CD2053406340013DD8B2ECD270BD012830B505
S21402CD30034618D0072290FBF2F2901C00EB400448
S21402CD4004EBC30401329B00053495000A3394FBBE
S21402CD50F5F46400002A02DC06230B7030BD8B5407
S21402CD60013A1B1BF6E70020F8E72DE9F0470746D5
S21402CD70884691461E460024B4420CDBBDE8F08786
S21402CD807919089801235246D4F7AAFB01354D4576
S21402CD90F6DB0134F0E7002508EB040AF7E72DE995
S21402CDA0F04F870007F1110505FB05F2073285B043
S21402CDB00C46D210814601320021204608F030FE91
S21402CDC025702B460122002106200094FFF7CDFF96
S21402CDD02A460123062100200094FFF7C6FF0923F6
S21402CDE000211A46084607F109050094FFF7BDFF21
S21402CDF009230822002128460094FFF7B6FF0DF10A
S21402CE00080A08230922294600200094FFF7ADFFEE
S21402CE1051464846FFF78AFFB0F100082EDCB9F10A
S21402CE20060F0EDD0637062303220021384600943D
S21402CE30FFF79BFF00940323062239460020FFF7E4
S21402CE4094FF05B0BDE8F08FAB454FF000060AD060
S21402CE501AF806101AF80500009405231A46023935
S21402CE600238FFF782FF0136B04503D0002DEFD11E
S21402CE70B345EDD10135A845E6DCD0E700252E46C0
S21402CE8008F1FF3BEFE738B50B6805460C4603B9D9
S21402CE90154418222146201D08F0A8FD256038BD3D
S21402CEA010B404788C4206D9944204D95DF8044B37
S21402CEB00023D4F715BB5DF8044B70472DE9F04FFD
S21402CEC08BB006460D461746984608F016FD9DF9A5
S21402CED058A09DF85CB0814668B9159B0093CDE9D1
S21402CEE00357CDE901AB149B42460146D4F7D4FC66
S21402CEF00BB0BDE8F08F159B9C00113464430734D9
S21402CF00E41030460134D5F739F9A8B14946012074
S21402CF10D5F76CF9A04232D82A46314606A8D5F78C
S21402CF207DF9159B0093CDE90357CDE901AB149B20
S21402CF304246012106A8D9E73046D5F739F958B155
S21402CF4049460220D5F752F9A04218D82A46314659
S21402CF5006A8D5F7D1F9E4E7A14510D8335C2B54DF
S21402CF6001308145FAD1042049468DF81800D4F7DD
S21402CF70E5F90990013002D0CDE90795D1E7002006
S21402CF803870B5E7ECF7D8B808B501F04DFFD5F71D
S21402CF904BFA01F056FFD3F779FEDAF717FEF8E7F9
S21402CFA000F00DB908B5D5F7A3FED6F7ABF9D5F75D
S21402CFB087FBD5F78BFBBDE80840D5F7A9BB08B5BC
S21402CFC000F0FBF8DBF706F900F0F5FED5F754FBA8
S21402CFD0BDE80840D5F742BA08B5D8F733F900F0ED
S21402CFE0E8FED8F73BF9DDF777FFDEF713F8BDE882
S21402CFF00840DEF74BB870477047D5F755BA08B504
S21402D00002F051F8BDE8084002F06EB87047D5F756
S21402D01041BB012070470120704738B5D5F73EFA6C
S21402D020044601F02CFE051E18BF2546DEF7CCF896
S21402D030041E18BF2C46FFF7ECFF002818BF204638
S21402D04038BD38B5DAF7C8FE0446D5F729FB0428FA
S21402D0501ED002284FF0000508BF012401F011FE81
S21402D060042817D0022808BF012402F05BF804281F
S21402D07012D0022808BF0124FFF7CDFF04280DD0E6
S21402D080022808BF0124002D18BF0024204638BD00
S21402D0900125E3E70125E8E70125EDE70024F5E7AA
S21402D0A0FF20704708B5FFF7FBFF002008BD07B555
S21402D0B000220346009211460120DDF7B7F803B0BE
S21402D0C05DF804FB08B5002002F0D0FC0020E2F771
S21402D0D0CBF80020DEF70EFC0020DFF74FF9002029
S21402D0E0DFF73CFFBDE808400020E0F70FB801205C
S21402D0F002F0FEBA08B50220E0F7DAFC0220E0F7FA
S21402D1000FF80220E2F796FB0220DFF737F9BDE8B8
S21402D11008400220E0F788BA704702F04DBD70471B
S21402D1207047DEF779BB70477047704770477047A5
S21402D13010B50446E0F79EF92046DEF79DFE20462F
S21402D140BDE8104002F00EBB02F03BBB02F045BB4E
S21402D150DFF70EBF704770477047704770477047DB
S21402D160704770477047704770477047DFF784BF55
S21402D1707047704770477047704782B06B4683E8C7
S21402D180060093E8060002B0DEF714B9704770474F
S21402D190704703F02CB903F030B97047002070478F
S21402D1A003F02DB903F037B908B50422012305218F
S21402D1B00020D7F7DFFA002008BDFFF7F5BF08B555
S21402D1C00023184604220521D7F7D4FA002008BD0A
S21402D1D008B5042201230F210320D7F7CBFA00203B
S21402D1E008BD70B5002506462C46052C20D8DFE87B
S21402D1F004F003070B0F13175B210820D5F7DEFD9B
S21402D2000C210820D5F7DAFDD1210820D5F7D6FD66
S21402D21080210820D5F7D2FD00210820D5F7CEFDC3
S21402D220294608206C1CD5F7C9FDE4B2254606241B
S21402D230A4F10E03012B05D85A210820D5F7BEFD0E
S21402D2400134D2E7102C05D1BDE870405D210820DC
S21402D250D5F7B4BDB31F195DEFE707B520F07F40E1
S21402D26040EA81700123019068460093FFF7B9FFF8
S21402D27003B05DF804FB70B506680C468D18AC4228
S21402D28001D1002070BD14F8011B91FAA1F13046BD
S21402D290090E00F06EFBF2E7026813699B06FCD5E6
S21402D2A0704710B5046823691B0600D410BD2046DB
S21402D2B000F04FFBF7E7FEE74FF4004070474FF4ED
S21402D2C07A70704700230360704703680B60016042
S21402D2D0704710B538B132B129B100230139D45C98
S21402D2E014B90023037010BD8B42FAD200F8014B2A
S21402D2F00133F4E7034638B10020814204D01A5CB9
S21402D30002B970470130F8E770474FF0FF31FFF778
S21402D310F1BF70B50C461646054660B15AB151B11A
S21402D320FFF7F3FF844206D9211A32462844BDE8A5
S21402D3307040FFF7CEBF70BD4FF0FF307047FEE77C
S21402D3400020704701207047012070474FF0FF30E1
S21402D35070470020704700207047002070474368DF
S21402D36003B1184722207047436903B11847FF20CC
S21402D370704730221C2302FB003000F1047000F5D7
S21402D380204001EBC00189000868704738B50D6877
S21402D3902B78022B0C460CD069792879FFF7E9FF27
S21402D3A0B0FA80F0400928702046BDE83840D3F72E
S21402D3B05DBC38BD03681878704710B504682378DA
S21402D3C0022B15D061792079FFF7D3FFA279012AC3
S21402D3D015D10038638818BF012040EA430363F082
S21402D3E03F039BB24FF6E0718B4202D122706380FC
S21402D3F010BD4FF6DF729342F9D10022F6E7002AFB
S21402D400F6D1B0FA80F040092070F1E703681A7886
S21402D410022A03D100225A80D5F73CBC704713B5C6
S21402D42004682378022B10D0A379022B0BD16079E3
S21402D4300021D5F77FFF627920790023CDE90033FA
S21402D4401146D7F753F90223237002B010BD4FF0EE
S21402D45060420123D2F8001E83400B43C2F8003E0E
S21402D460002070474FF060410122D1F8003E824012
S21402D47023EA0203C1F8003E00207047D0E9000309
S21402D4801847836800681847C36800681847036926
S21402D49000681847437810B5012204780C219A4098
S21402D4A0302313FB0413817803F1804303F52043F2
S21402D4B019B903F180631A6010BD03F1C063FAE77D
S21402D4C0437810B5012204780C219A40302313FBCE
S21402D4D00413817803F1804303F5204319B903F15D
S21402D4E0C0631A6010BD03F18063FAE741780378DF
S21402D4F001228A4030214B4303F1804303F5204347
S21402D5009A617047024600780C21302313FB001301
S21402D51003F10473517803F5204301EBC3039B0028
S21402D52018689378C0B213B9B0FA80F04009704711
S21402D53010B588B004460E9807900D9806909DF890
S21402D540300005900B9804909DF828000390002068
S21402D550CDE9013000920B4622460121D5F76AFC3E
S21402D56008B010BD704713B5044601A8D7F75CFB98
S21402D5709DF80630238040F201136380D7F77AFBCA
S21402D5806060002002B010BDD7F706BA08B5D7F71C
S21402D590F3F9002008BD10B5044644EA010313F06F
S21402D5A00303084609D1934201D1002010BD54F866
S21402D5B0231040F823100133F5E79200214608F0C5
S21402D5C069F9F2E7704708B5D6F73EF8013008BDAC
S21402D5D0EFF3108072B6704700B962B670476023E8
S21402D5E083F311887047EFF31180602383F3118869
S21402D5F0704780F31188704784B00B6800934B68BD
S21402D60001938B680293CB680393009B0360019B94
S21402D6100360029B0360039B036000230093019355
S21402D6200293039304B0704784B0036800930368C0
S21402D63001930368029303680393009B0B60019BAC
S21402D6404B60029B8B60039BCB600023009301938D
S21402D6500293039304B0704730B5D1E90223D1E9AF
S21402D6600054056004600260036030BD30B5056892
S21402D670046802680368C1E90054C1E9022330BDA8
S21402D6807FB58A0704460B4610D06D4601F1100698
S21402D690186859682A4603C20833B3421546F7D1BA
S21402D6A069462046FFF7D8FF04B070BD0091009986
S21402D6B004B0BDE87040FFF7CFBF30B58B0785B02A
S21402D6C00C4610D06946FFF7D1FF0D46234604AC40
S21402D6D02A4603CAA24218605960154603F1080397
S21402D6E0F6D105B030BD0091009905B0BDE83040D6
S21402D6F0FFF7BCBF00F1424303F58013102A10B5B2
S21402D7004FEA43130AD101221A6000F58870FFF728
S21402D71073FF1031BDE81040FFF76EBF00221A609B
S21402D7202430F7E7F0B50B46990789B0044615464C
S21402D7302DD0082A19D16D4603F1100618685968CB
S21402D7402A4603C20833B3421546F7D10822694671
S21402D7502046FFF7CFFF03226B460020013A1860EF
S21402D76003F10403FAD209B0F0BD6E4603F12007B6
S21402D77018685968324603C20833BB421646F7D1C8
S21402D7802A4669462046FFF7B5FF0722E4E70093DC
S21402D790009909B0BDE8F040FFF7ACBF10B52030E5
S21402D7A0FFF742FF102A04D1BDE810401031FFF700
S21402D7B03BBF10BD30B58B0789B00C46154625D049
S21402D7C06946FFF7EBFF082D6A4613D104AD1346F0
S21402D7D003CBAB42206061601A4604F10804F6D11E
S21402D7E003226B460020013A186003F10403FAD2C2
S21402D7F009B030BD08AD134603CBAB422060616072
S21402D8001A4604F10804F6D10722EAE700910099C5
S21402D81009B0BDE83040FFF7C1BF70477047704798
S21402D820D6F7F4BBD6F784BB70B505460E4614464B
S21402D830FFF7CEFE2B685C4034405C402C60BDE8AF
S21402D8407040FFF7C9BED7F7EFB8CB435B0003F0D3
S21402D8500A03C360C160704738B5D7F75BFA8B7CA2
S21402D86004460D461BB1036843F080430360EB7C1D
S21402D8701BB12B7D43F08003A3652A8A6B7B13437F
S21402D880EA89134363602B7BD5E901122046D7F75A
S21402D890FDF96B7D1BB1236843F480332360AB7DB7
S21402D8A01BB1236843F400432360EB7D2A7E1B07EB
S21402D8B0120502F4E00203F0E04313432366636FAB
S21402D8C023F030036367626F6B7E134363672B78C4
S21402D8D0E36038BD38B5D7F71DFA0B8A026843F005
S21402D8E0010313438A7B43EA8223036003680A7DAB
S21402D8F043EA427303608B7C04460D461BB1CB7C25
S21402D90043F0800383652B7B43F480536360D5E941
S21402D91001122046D7F7ECF96B7B0BB11023E360BC
S21402D9206B7D1BB1236843F480332360AB7D1BB150
S21402D930236843F400432360EB7D2A7E1B0712050F
S21402D94003F0E04302F4E002134323662B78E3601D
S21402D95038BD03691B06FCD5C069C0B270470369AF
S21402D9605A06FCD5416303699B06FCD5C069C0B262
S21402D970704703695B06FCD54163704730B10268A5
S21402D9800021538812880846D7F70EBA052070473A
S21402D99037B50446A8B14568FFF7F0FF014668B9F7
S21402D9A022681389528953430193EBB20093C5F35D
S21402D9B00742C5F30723D7F717FA0146084603B00E
S21402D9C030BD0521FAE7024658B1118A93695269B9
S21402D9D08089013301325B1A121A9BB292B2D7F7D0
S21402D9E0E3B905207047F0B4C8B1C1B10E688C68BF
S21402D9F0A64217DA4D68CA68954213DA56EA050156
S21402DA0012D401680F88BC420EDA49888A420BDAC1
S21402DA10C0E90365C0E90542F0BCFFF7D4BF0520A4
S21402DA20F0BC70470420FBE70320F9E710B5040CAE
S21402DA300C70010A1170187010BD73B50D461646AB
S21402DA40044690B10C3000F02FF880B1A268012392
S21402DA500193D3B20093B1B2C2F30723A8B2C2F3C2
S21402DA600742D7F7C1F902B070BD0520FBE70120D7
S21402DA70F9E773B50D4616461C4688B10C3000F021
S21402DA8013F878B101230193E3B20093C4F307427B
S21402DA90C4F30723B1B2A8B2D7F7A6F902B070BD95
S21402DAA00520FBE70120F9E778B103688B420BDC1F
S21402DAB083688B4208DB4368934205DCC068904269
S21402DAC0B4BF0020012070470020704703688268B8
S21402DAD09342C4BF02608360C26843689342C4BF75
S21402DAE04260C360704770B504460FC988B004AD83
S21402DAF085E80F002846FFF7E9FFE368049AA06866
S21402DB009A42B8BF0493069A63699A42C8BF0693BC
S21402DB10059A23699A42B8BF0593079AA3699A425F
S21402DB20C8BF07930DF10E020DF10F030DF10D01A3
S21402DB30FFF77CFF04980599069D079E2D1A761A14
S21402DB400135013689B2B3B2AAB280B2D7F72CF940
S21402DB50014680B99DF80F30009375439DF80E304C
S21402DB609DF80D200195D7F73FF9014618B92046D2
S21402DB70FFF729FF0146084608B070BD2DE9F04FB1
S21402DB8085B0044602921A469DF838300393002860
S21402DB9000F08180A1F12005EBB25E2B7DD890F8D3
S21402DBA02830022B1AD13A291AD020291AD0303915
S21402DBB08DB2238CAB4270D9E36901934FF0000B10
S21402DBC090465E4694F825101FFA8BF399420BD8BE
S21402DBD0B6FA86F0400905B0BDE8F08FADB2E8E7C8
S21402DBE00A25E6E70B25E4E794F82230012B05D058
S21402DBF0022B1ED0019B53F825A002E0019B13F8CE
S21402DC0005A04FF0000994F824301FFA89F7BB42AA
S21402DC1013D894F8243094F827100B449F422ADB3A
S21402DC2094F823302B449DB20BF1010B08F1010846
S21402DC30C8E7019B33F815A0E3E71AF0010F0FD0EF
S21402DC40029B424603EB09012046FFF7F6FE012837
S21402DC50C1D800B901364FEA5A0A09F10109D2E7DA
S21402DC60039B002BF7D0029963684246494420463C
S21402DC70FFF7FFFEEBE7039B53B102996368424648
S21402DC8039442046FFF7F5FE0128A4D800B901362C
S21402DC900137BFB2BDE705209DE702209BE72DE9CD
S21402DCA0F74F0C9F9DF834A00C469846054670B375
S21402DCB069B390F8283063B38E18C3464FF0000954
S21402DCC0B44205D1B9FA89F0400903B0BDE8F08F35
S21402DCD014F8011B0A2907D195F825303B4495F81C
S21402DCE02670C3461F44EBE7CDF800A03B465A46D3
S21402DCF02846FFF743FF0128E7D808B909F10109CA
S21402DD0095F8243095F8272013449B44D8E705203D
S21402DD10DBE70220D9E708B520B11C3021B9102272
S21402DD2007F07EFE052008BD01F1100351F8042B12
S21402DD3040F8042B9942F9D10020F4E72DE9F04788
S21402DD400446084691461E460D4607F0D6FD94F850
S21402DD50241094F82530089F9DF8288002464143F7
S21402DD6094F8260003440998012E09FB03000BD001
S21402DD70022E0ED00023CDE908083B442946204651
S21402DD80BDE8F047FFF78BBF23681B885B1A5B086A
S21402DD90F1E723681B885B1AEDE700207047002036
S21402DDA070470020704701207047012070470F20FF
S21402DDB07047E4F74DBE704770B504460D46FFF750
S21402DDC007FCA36A102B064604F10501284614BF79
S21402DDD010220822FFF7A6FC05F1840004F14C018C
S21402DDE0FFF74EFC3046BDE87040FFF7F5BB2DE965
S21402DDF0F043074685B016461C460D4631B9D7F79E
S21402DE0045FA054601463846FFF7D6FF44B3FFF704
S21402DE10DFFB97F842308046F3B10E2200210DF167
S21402DE20020007F0FDFD0E2CBB8DA14628BF4FF069
S21402DE300E095BBA31464A460DF10200ADF80030D3
S21402DE4007F028FD69462846D7F744FA0023A4EBD4
S21402DE5009044E4487F842302CB94046FFF7BCFB13
S21402DE6005B0BDE8F083102C27464FF0100228BFFD
S21402DE7010270021684607F0D3FD31463A46684629
S21402DE8007F008FD69462846D7F724FAE41B3E4405
S21402DE90E2E72DE9F04F8BB00546DDF85080169E7E
S21402DEA017469A460C464FF0010900297BD1D7F750
S21402DEB0EDF9CDF8009004462B6E2F714FF0000955
S21402DEC05FFA88F7EB62C5F8449085F86C704246B4
S21402DED0514605F15C00019307F0DCFC159A019BA4
S21402DEE0C7F10F0B023AC7F10E07B3EB0903FFB2F5
S21402DEF04FEA520247EAC20218BF012342EA8313DC
S21402DF00514642460DF109008DF8083007F0C2FC72
S21402DF1006AA4B465FFA8BFB9146D9B28B4547D889
S21402DF20002E59D166602660FFF752FBAB6A01905D
S21402DF30102B14BF10220822691D2046FFF7F2FBA1
S21402DF40C4F8886002A9C4F888602046C4F88860CD
S21402DF50C4F88860D7F7BEF90198FFF73DFB424642
S21402DF6051460DF119008DF8187007F093FC08F170
S21402DF7001005A463146484407F052FD01238DF807
S21402DF802730FFF725FB04F1840706464946384644
S21402DF90FFF776FB3046FFF71FFB009B6BB90020AE
S21402DFA00BB0BDE8F08F002380F84290009383E721
S21402DFB002F8016D0133360AAFE7FFF709FB05F1F8
S21402DFC04C0106463846FFF778FB3046FFF704FB5F
S21402DFD02046D7F765F9E2E76FF08600E0E70144EE
S21402DFE00023884200D1704700F8013BF9E72DE98B
S21402DFF0FF47DDF83890DDF848800C46064617469F
S21402E0009A46D7F743F90C9BC6F8609022460093CF
S21402E0100146CDE90187054653463046FFF739FFEC
S21402E0200446C8B90D9A4B4629463046FFF7DFFE2E
S21402E0303FB1109B00933A460F9B29463046D7F7CE
S21402E040B3F9119A434629463046D7F751F90446A2
S21402E05010B92846D7F724F9204604B0BDE8F08761
S21402E0602DE9F8431546894607469846D7F70EF92E
S21402E0700023436003600446FFF7AAFAB9F1100FC3
S21402E08014BF102208223946064604F180072046AD
S21402E090FFF748FB41463846FFF7F2FA3046FFF7ED
S21402E0A09BFA012D0CBF05230623A360256915F0F4
S21402E0B00205FBD1FFF78CFA089906463846FFF7A9
S21402E0C0FCFA3046FFF788FA2046D7F7E9F82846E2
S21402E0D0BDE8F8832DE9F04190461E46054678B322
S21402E0E08B422DD1D7F7D2F8002343600360044653
S21402E0F0FFF76EFA102E074614BF10220822294692
S21402E1002046FFF70FFB3846FFF766FA0523A360A3
S21402E110256915F00205FBD1FFF75AFA102E14BF37
S21402E12010220822414607462046FFF743FB3846A0
S21402E130FFF752FA2046D7F7B3F82846BDE8F08133
S21402E1406FF08600FAE7704700207047002070479D
S21402E150C3681944836853F8210030F8023B136001
S21402E160704710B5012380F888300378044653B10F
S21402E17000F064FA21462046D7F7A4FD2046BDE803
S21402E180104000F050BA10BD38B50D460446D7F719
S21402E19081FD6B68C4F8B032A968204600F098F991
S21402E1A04FF0FF33C4F8B4322046FFF7CDFF38BD38
S21402E1B0D0F8B432013310B5044601D0002010BDA9
S21402E1C000F0BFFAC4F8B4020130F7D194F8B802EE
S21402E1D080F00100F3E708B5D7F796FD08BD0A7888
S21402E1E02D2A08BF012200F1FF300CBF8918002239
S21402E1F0D7F7D4BD07281BD8DFE800F0060A0D10B3
S21402E200131504170120704700220820D7F7C6BD51
S21402E21000221020FAE700222020F7E70820FFF766
S21402E220DEBF1020FBE72020F9E70846D7F718BE26
S21402E230002070472DE9F7430728DDE90A760C46E9
S21402E24090461D4608D8013806280AD8DFE800F0AE
S21402E2501D27303A44574A00212850D003B0BDE863
S21402E260F083002211462046FDF776FF3368C0B2DF
S21402E27005EB83013A6845F82300013348F822107B
S21402E28033603B6801333B60E8E7002211462046D4
S21402E290FDF762FF336880B205EB8301EAE70022EE
S21402E2A011462046FDF758FF336805EB8301E1E788
S21402E2B0002211462046FDF7D3FE336840B205EB36
S21402E2C08301D7E7002211462046FDF7C9FE3368D0
S21402E2D000B205EB8301CDE7002211462046FDF78A
S21402E2E0BFFEE1E700238DF8063089461E461D462E
S21402E2F019F8013F7D2B06D125702D0A65703B6803
S21402E30048F82340BDE7202BF2D006F00102013682
S21402E31012B98DF80430EBE71022002101A88DF81F
S21402E3200530FDF79DFE631901359870ADB2DFE743
S21402E3302DE9F04F9B4685B000238B45CDE902338D
S21402E3408146884692466BDC1A461E4619F80340FA
S21402E350FF2C08D15B4496B1013B434516DD2B20CA
S21402E36005B0BDE8F08F172C04D8102C28BF012268
S21402E3700133EBE7203C012C98BF0126F8E762B197
S21402E380013B4345EBDC3546374602E000252F4687
S21402E3902E46454504DB0020E2E79845F3D0DEE74B
S21402E3A05D453BDB19F80730202B18D109EB070334
S21402E3B05B78FF2BD3D1CEB95AF825102046FFF74B
S21402E3C019FF78B303AB019302AB00935AF82510FA
S21402E3D0DDE90E232046FFF72DFF0135D9E7212B75
S21402E3E00ED109EB07035B78FF2BB8D1029B0E997F
S21402E3F05AF8252041F82320013302930126ECE740
S21402E400A3F11004072C02D901371C46D3E709EB07
S21402E41007035B78FF2BA2D1E4B2CCE70624CAE757
S21402E42021209DE726209BE72DE9F04F85B0DDE908
S21402E4300FABDDF8449007460E461546984604464E
S21402E440206808B3DAF80020D8F800108A421BDAEF
S21402E4500E9B53F82210D4F7EBFB48BBDAF80020E9
S21402E4600132CAF800206268117BFE291BD10E9B7E
S21402E47010680093CDE902B9CDF804A043462A46B7
S21402E4800121FFF7D1FF04462B7843B999F80030F3
S21402E4902BB97EB1012389F800303C462B7020460A
S21402E4A005B0BDE8F08F01238BF800302B70EBE748
S21402E4B00C34C5E73446F2E710B50446236803B9C0
S21402E4C010BD237A13B92046D7F700FD0C34F5E7C2
S21402E4D010B541B10A7932B901249C300C71FEF7AD
S21402E4E0F4FE204610BD0020FCE72DE9F041BAB04C
S21402E4F005460AAA084603A900F05FF90446B0B921
S21402E5000DF10A0301930DF10B038DF80A00009337
S21402E5100AAA04AB03A92846D7F79EFE9DF80A204E
S21402E520B2B19DF80B2048B12AB1D7F7CFFC2046EE
S21402E5303AB0BDE8F081FFF7BFFFF8E7D5F89C5088
S21402E540002DF4D0A86808B1FFF7B6FF2D68F7E7EC
S21402E55000B3466803991AAB06F10C082AAF01937A
S21402E5600097049B0AAA4046FFF7E2FE04460028EC
S21402E570DDD1039B0595CDE90637049B05A8CDE9B9
S21402E5800838DAF7EDFB05A83368984705A800F0C7
S21402E590C7FCCCE72D24CAE710B50446AC3007F01A
S21402E5A0ACF904F1AB031A180020934200D110BD57
S21402E5B013F8011F0029FAD00A2908BF0130F4E730
S21402E5C00023F0B50B6013600646D0F8AC0278B1B3
S21402E5D096F8AC0060B1012406F1AC07D6F8AC029E
S21402E5E0844211D306F1AC00B3F5007F11D30120AB
S21402E5F0F0BD0D6801350D60156801351560F85CD3
S21402E6000A2803F1010302D0B3F5007FF1D30134E7
S21402E610E4E7C15C0A29EAD00029E8D01168013192
S21402E62011600133E0E710B5D0F88C2000210446D3
S21402E63007F0F6F90023C4E9243310BD73B5044687
S21402E64000F1AC0580212046FEF754FE4FF400711F
S21402E65006462846FEF74EFE0136C0F50070864294
S21402E66020461FD807F049F90646284607F045F91E
S21402E6700136421C2946A81907F0B8F9204607F0C9
S21402E6803CF921460246284607F004F9204607F0E0
S21402E69034F920440A2380F8AC300023C4F8AC32A4
S21402E6A002B070BDFFF778FF01AAC4F8AC02694653
S21402E6B02046FFF785FF009B2344002283F8AC2008
S21402E6C0C0E773B50D460446FFF766FF6B1C1FD105
S21402E6D0D4F8AC3213B1013BC4F8AC320025204664
S21402E6E007F00BF9A8421BD82046FFF79CFFD4F888
S21402E6F0AC325BB101AA69462046FFF761FF28B13A
S21402E700009D04F1AC06019BAB4214D802B070BD6A
S21402E710012DFBD1D4F8AC328342F7D20133DBE7CA
S21402E720082000F01DF8202000F01AF8082000F05B
S21402E73017F80135D3E7715D2046D7F7BFFE0135DE
S21402E740E1E707B500200DF1070100F0EFF820B968
S21402E7509DF8070003B05DF804FB4FF0FF30F9E7C1
S21402E76010B5C1B20446002000F0D0F800280CBF55
S21402E77020464FF0FF3010BD0FB407B504A951F87C
S21402E780040B0191E2F724FA002003B05DF804EBD3
S21402E79004B0704710B54C1C0B460119045D222CC0
S21402E7A003D07B2C01D05C2C05D1D21A184407F07A
S21402E7B01DF9012010BD0020FCE72DE9F0470546B3
S21402E7C09146884607F099F82A46064613460132CD
S21402E7D019782029FAD0C9F800305C1B0123C8F842
S21402E7E000306FF0404AA64201D8002015E02F5DA7
S21402E7F07B2F05EB040112D0222F2ED1D8F8003041
S21402E800621C53442A4449F82320012C09D911F8E2
S21402E810013C13F0DF0F04D02120BDE8F0877D27EE
S21402E820F3E701342B5DBB4209D12B195B7813F059
S21402E830DF03F1D1222F00D12B550134D3E75C2B15
S21402E84007D1324621462846FFF7A4FF0028E3D028
S21402E850013E0134A642E5D8DEE75C2F08D13246F7
S21402E86021462846FFF796FF0028D5D0013EE4E76A
S21402E870202FE2D1631C0022B3420A70DDD2EA18CE
S21402E880EB5C202BD9D0D8F800300F2B05DC49F8EA
S21402E89023200133C8F80030CFE71E20BDE713B5AA
S21402E8A002230024684600948DF804408DF8053053
S21402E8B0D5F75EFC204602B010BD70B50C46154674
S21402E8C010B9D7F771FF38B143682BB12A462146F3
S21402E8D00068BDE870401847232070BDF7B50D46A6
S21402E8E016461C4648B103B901AC87685FB1234699
S21402E8F0324629460068B84706E0D7F755FF04B9FE
S21402E90001AC0028F1D1232003B0F0BD07B50122E7
S21402E9108DF807100DF10701FFF7CFFF03B05DF882
S21402E92004FB0B4601461846FFF7F0BF0023012200
S21402E930FFF7D4BF0EB403B503AA52F8041B019224
S21402E940D7F73EFF02B05DF804EB03B0704703460C
S21402E95070B190F8382090F83C002AB1022803D112
S21402E960012283F83C20704704284FF00102F8D0B9
S21402E9700120704780F82C10704790F82C007047E2
S21402E98090F839007047037A3022534303F18043EC
S21402E99003F56223D3F89410D0E903231344994273
S21402E9A014BF084610467047F8B590F8393004464A
S21402E9B00D4681B173B990F83A60FEF709FE01215F
S21402E9C005463046D9F766F82846FEF705FE0123C7
S21402E9D084F83930F8BD002BFCD090F83A70FEF778
S21402E9E0F7FD294606463846D9F754F83046FEF76C
S21402E9F0F3FD84F83950EDE72DE9F8430446164650
S21402EA0090F82C800D46FEF7EEFD94F8382003466B
S21402EA109AB1FEF7EEFD94F83B90FEF7D9FD012180
S21402EA2007464846D9F736F83846FEF7D5FDFEF7CC
S21402EA30DAFD0022034684F838201846FEF7D9FD90
S21402EA402E44B54204D1236A0121204698473CE071
S21402EA5094F82D3023B3FEF7C6FD237E0746E3B1B6
S21402EA602046FFF790FFE168D4F830C001388842AC
S21402EA703EBF206900F1FF30401803469C450BD08C
S21402EA8013F80129112A01D0132A21D1A2F1110368
S21402EA905A425A4184F8342020633846FEF7A9FDCC
S21402EAA094F83430002BCCD0B8F1000F06D02B7877
S21402EAB00A2B03D1E3690D2120469847E36915F82E
S21402EAC0011B204698470028BBD00020BDE8F883EB
S21402EAD0994282BF236903F1FF335B18CEE7F8B58C
S21402EAE090F83830044603F0FF06A3B9036A3146AD
S21402EAF09847012384F8383094F83B70FEF768FD97
S21402EB00314605463846D8F7C5FF2846FEF764FD67
S21402EB10022384F83C30F8BD026CD36C43F0040345
S21402EB20D3647047026C10B5044613695906FCD5C7
S21402EB3000231A4694F8491094F84800D5F71AFEAE
S21402EB4000231A4694F84B1094F84A00D5F712FEA2
S21402EB5094F85030DA0707D5002394F84D1094F84D
S21402EB604C001A46D5F706FE94F850309B0707D598
S21402EB70002394F84F1094F84E001A46D5F7FAFD83
S21402EB80206CC36C23F00103C364C36C23F004033C
S21402EB90C3640021FEF759FE606C0021D4F70EFD17
S21402EBA0002010BD08B5006CFEF7E3FE002008BD8D
S21402EBB0036CDA6C19B142F00102DA64704722F093
S21402EBC00102DA6401229A64704738B50468206C40
S21402EBD0056C15F0010509D00123836403699B06C1
S21402EBE00FD52046BDE83840FFF779BF042384F8E6
S21402EBF03C30237E33B9C36C23F00403C364012381
S21402EC00237638BD637E23B394F82D300BB384F895
S21402EC1035501321FEF7ADFE236CDA6C42F0040287
S21402EC20DA64DB69DBB2112B0ED1012384F83430AF
S21402EC30237A3022534303F1804303F56223D3F849
S21402EC409430013B2363DCE7132BDAD184F834508B
S21402EC50EEE7C36C23F00403C364D2E708B5D8F723
S21402EC6069F880B208BD08B5D8F764F808BD08B5DB
S21402EC70FFF7F9FFFA23B0FBF3F080B208BD0120DC
S21402EC8070470420704740F20160D8F71DBB7047FA
S21402EC9070477047032000F020B80120704700201C
S21402ECA0704749BA89B280EA0103C3F3031253409C
S21402ECB0180380B258405B0103F4FF535840704774
S21402ECC042DE704710B404460846114622465DF8F6
S21402ECD0044BD9F77FBED9F7BFBED9F7FDBE10B435
S21402ECE004460846114622465DF8044BD9F712BF81
S21402ECF0D9F792BF704708B50846E1F741FF0020F2
S21402ED0008BD104430B5054602B930BD01F00F0308
S21402ED100A2B34BF302437242344013A05F8013D38
S21402ED200909D2B2F0E710B5FEF752FC0446D8F74E
S21402ED3025FE2046BDE81040FEF74EBC7047FEF7A3
S21402ED406FBD70477047012070474FF41670D8F7B2
S21402ED502DBF2DE9FF410D4616461F460446A8B1B3
S21402ED604FF00008C0F81C80D9F76EFABDF82C30B8
S21402ED7002939DF828304246CDE900732946334671
S21402ED802046D9F7C7F904B0BDE8F0812220FAE799
S21402ED90F0B50D4685B016461F46044690B10023D0
S21402EDA0C361D9F751FABDF82C3002939DF828308A
S21402EDB02A46CDE90073294633462046D9F7AAF9F2
S21402EDC005B0F0BD2220FBE7F0B587B01F46002352
S21402EDD00D4616468DF817300446A8B1C3610DF1EC
S21402EDE01701D9F761FA9DF817207AB9BDF83430C1
S21402EDF002939DF830302946CDE90073204633460B
S21402EE00D9F788F907B0F0BD2220FBE70320F9E71F
S21402EE1038B5FEF7E8FB0546D9F72AFC044628462D
S21402EE20FEF7E7FB204638BD08B5D3F775FBFEF7BD
S21402EE30B9F8FEF7C4F8FEF7CFF8BDE80840FEF7CB
S21402EE40DAB808B5FEF7D8F8FEF7D7F8FEF7D7F81F
S21402EE50BDE80840FEF7DAB8704707B503469B07D9
S21402EE6053BF6FEA01414FF6FF7343EA01416FEA6F
S21402EE7011410422019120F003000DEB0201FEF77E
S21402EE80E2FC03B05DF804FB41EA000313F0010361
S21402EE902DE9F04104460E4615463FD1002A3BD0E6
S21402EEA04FF6FF7234F81310914205D036F813105D
S21402EEB011B14B20BDE8F0810133AB42F2D1D5F758
S21402EEC05BFD012D01D0A3070ED531882046FFF742
S21402EED0C4FF10B1D5F760FDEBE7013D012D04F14B
S21402EEE0020406F102060ED925F001084FEA480789
S21402EEF03A4631462046FEF7A6FC0028EAD13C44B4
S21402EF003E44A5EB08052DB131882046FFF7A5FF44
S21402EF100028DFD1D5F740FD0020CBE70120C9E766
S21402EF2001F0BFBADEF71EBEFFF7ADBED0E9023271
S21402EF3053F8223000211878DEF7AABB704705F096
S21402EF40BEBD01F061BAC3688268013BDBB252F80B
S21402EF5023305B78652B02D10020E0F7E1BC6E2BF4
S21402EF6001D10120F9E7662B01D10220F5E77047AF
S21402EF7010B50446C0B2DAF7F3FE200ABDE8104028
S21402EF80DAF7EEBED0E9023253F822301878DAF712
S21402EF90F1BF7047DFF70EBA08B501F01DFBBDE8FA
S21402EFA00840E0F7AFBBD0E9023253F822301868C7
S21402EFB001F010BB0020E0F7A7BC0120E0F7A4BCDC
S21402EFC00221DAF76DBF0321DAF76ABF0521DAF705
S21402EFD067BF08B501460C20DAF73EFFBDE80840D9
S21402EFE0DAF7CABE08B501460020DAF735FFBDE8F3
S21402EFF00840DAF7C1BE07B5C26883680432012149
S21402F00053F822301B88ADF806300DF106020023B5
S21402F010DBF774FC03B05DF804FB2DE9F04F87B014
S21402F0200025039089461E46ADF81450ADF81650DA
S21402F0304FF0180814461AB3DDF840B00DF1140A62
S21402F04004E0DDF844B034460DF1160A0021084605
S21402F050EBF76EFDAAF8000008B300273BF817305E
S21402F060ADF810300222012304A95046EBF7E6FD64
S21402F07010F0FF0813D10137FAB2A242EED315B947
S21402F0800125002EDDD1BDF848300093BDF81420CE
S21402F090BDF816300398494601F0A3FC8046404668
S21402F0A007B0BDE8F08F08B5FFF724FEBDE80840BC
S21402F0B0ECF7FCB910B51446DBF76CFF2146BDE849
S21402F0C01040EBF7A1BE08B5DBF764FFBDE80840C9
S21402F0D00021EBF799BE08B5DBF75CFFBDE80840F8
S21402F0E0EBF72EBF7047704708B5FFF703FEFFF732
S21402F0F0FAFFFEF711F8BDE80840DBF785BF704758
S21402F10038B50546FEF764FA012104462846D8F7C4
S21402F110C1FC2046BDE83840FEF75EBA01207047C3
S21402F1200120704708B5DCF74FF800280CBF042012
S21402F130012008BD704770B504460D46164601F01C
S21402F140AEF9324629462046FDF7E7FF3246294603
S21402F1502046FFF7EFFFBDE8704001F0A2B92DE9A7
S21402F160F34104469DF820800D4616461F4601F0E0
S21402F17096F9CDF800803B4632462946204600F0F6
S21402F1803FFD02B0BDE8F04101F08BB92DE9F04138
S21402F19004460D4616461F4601F081F93B463246A6
S21402F1A029462046DEF724F83B4680463246294664
S21402F1B02046FDF7B5FF01F074F94046BDE8F08140
S21402F1C0704708B501F06BF9FDF7ABFFFFF7F8FFE4
S21402F1D0BDE8084001F065B9012070472DE9F0410D
S21402F1E004460D4616461F4601F059F93B4632467E
S21402F1F029462046FFF7F0FF3B4680463246294620
S21402F2002046FDF790FF01F04CF94046BDE8F0813C
S21402F210012070472DE9F04104460D4616461F466A
S21402F22001F03DF93B46324629462046FFF7F0FFFD
S21402F2303B468046324629462046FDF775FF01F0DA
S21402F24030F94046BDE8F0812DE9F743DDF82C9011
S21402F2509DF8288004460D4616461F4601F01FF903
S21402F260CDE900893B46324629462046FDF75DFF3A
S21402F27003B0BDE8F04301F014B900207047F8B5BA
S21402F28004460D46164601F00AF93246294620463D
S21402F290FFF7F3FF3246074629462046FDF746FFAC
S21402F2A001F0FFF83846F8BD38B504460D4601F0C1
S21402F2B0F6F829462046FDF73AFFBDE8384001F049
S21402F2C0F0B810B5044601F0EAF82046FDF730FF24
S21402F2D02046D3F799F8BDE8104001F0E2B870472F
S21402F2E038B504460D4601F0DAF829462046FDF701
S21402F2F02BFF29462046FFF7F2FFBDE8384001F013
S21402F300D0B8704770B504460D46164601F0C7F8E9
S21402F310324629462046FDF719FF32462946204640
S21402F320FFF7EFFFBDE8704001F0BBB8704738B595
S21402F33004460D4601F0B3F829462046FDF708FFBD
S21402F34029462046FFF7F2FFBDE8384001F0A9B88B
S21402F350704738B504460D4601F0A1F82946204606
S21402F360FDF7F8FE29462046FFF7F2FFBDE83840D3
S21402F37001F097B8704738B5044601F090F8204679
S21402F38000F0ECFB05462046FDF7E5FE2946204642
S21402F390FFF7F0FF01F085F8284638BD704738B50C
S21402F3A0044601F07CF82046DEF7B4FB054620460C
S21402F3B0FDF7D2FE29462046FFF7F0FF01F071F86E
S21402F3C0284638BD704710B5044601F068F8204656
S21402F3D0FDF7C3FE2046FFF7F5FFBDE8104001F03B
S21402F3E060B8704738B504460D4601F058F829460D
S21402F3F02046FDF7B3FE29462046FFF7F2FFBDE89A
S21402F400384001F04EB8704770B504460D461646B1
S21402F41001F045F8324629462046FDF7A0FE324660
S21402F42029462046FFF7EFFFBDE8704001F039B8E5
S21402F430704738B504460D4601F031F82946204695
S21402F440FDF78EFE29462046FFF7F2FFBDE838405C
S21402F45001F027B8704738B504460D4601F01FF88C
S21402F46029462046FDF77DFE29462046FFF7F2FF95
S21402F470BDE8384001F015B8704710B5044601F0F3
S21402F4800EF82046FDF76EFE2046FFF7F5FFBDE8B4
S21402F490104001F006B8704710B5044600F0FFFFB2
S21402F4A02046FDF760FE2046FFF7F5FFBDE8104058
S21402F4B000F0F7BF704738B504460D4600F0EFFF80
S21402F4C029462046FDF750FE29462046FFF7F2FF62
S21402F4D0BDE8384000F0E5BF704710B5044600F0BE
S21402F4E0DEFF2046FDF741FE2046FFF7F5FFBDE8AA
S21402F4F0104000F0D6BF704738B504460D4600F0FF
S21402F500CEFF29462046FDF731FE29462046FFF764
S21402F510F2FFBDE8384000F0C4BF70477FB50C4626
S21402F520054600F0BCFF21462846FDF721FE0023D3
S21402F5300DF10F008DF80E308DF80F30F8F7E0F869
S21402F5400DF10E00F8F7D4F82046EBF747FA064618
S21402F5502046EBF727FA9DF90F209DF80E10009033
S21402F560F3B22846FFF7D9FF00F09BFF04B070BD48
S21402F570704770B504460D4600F091FF29462046B6
S21402F580FDF7F7FD2046EBF729FA06462046EBF78D
S21402F59009FAF1B202462846FFF7EAFFBDE87040D4
S21402F5A000F07FBF704730B5044685B000F077FFA5
S21402F5B02046FDF7DFFD00230DF10F008DF80E301B
S21402F5C08DF80F30F8F79CF80DF10E00F8F790F86A
S21402F5D06088EBF703FA05466088EBF7E3F9EDB2CD
S21402F5E0019000959DF90F309DF80E2061782078E5
S21402F5F0FFF7D8FF00F055FF05B030BDB5207047C5
S21402F600B520704738B5044600F049FF2046FFF79C
S21402F610F7FF05462046FDF7AEFD2046FFF7EEFF54
S21402F62000F03FFF284638BD704710B5044600F08C
S21402F63036FF2046FDF7A0FD2046FFF7F5FFBDE8A2
S21402F640104000F02EBF82B002AB03E9060002B003
S21402F650704737B505466C4684E8060000F01FFF83
S21402F66094E806002846FDF788FD94E8060028463A
S21402F670FFF7E9FF03B0BDE8304000F012BF0020FC
S21402F68070470020704738B5044600F008FF204651
S21402F690FFF7F7FF05462046FDF778FD2046FFF701
S21402F6A0EEFF00F0FEFE284638BD704708B5FDF7AF
S21402F6B06EFDFFF7FAFF08BD08B500F0F0FEFDF795
S21402F6C067FDFDF75FFCBDE8084000F0EABE0020DB
S21402F6D07047704708B5DBF7EDFDBDE80840DBF77D
S21402F6E0EDBEDBF7E7BD7047DBF7E8BEDBF7EEBE45
S21402F6F008B5DBF7E3FEBDE80840DBF7E7BE01210D
S21402F700DBF728BF0221DBF725BF0421DBF722BF88
S21402F7100821DBF71FBF1021DBF71CBF0020704754
S21402F720DCF780B80020704730B49DF80C50029C7D
S21402F7301DB1029430BC00F002B930BC70470246DC
S21402F740052A084604D81423D2B22021FFF7BABAF3
S21402F750704705280A4604D8C1B214232020FFF7B2
S21402F760BABA7047902808B505D1DCF749FDBDE85E
S21402F7700840DCF7A9BD08BD10B503460268086854
S21402F7804240FF2A17D858684A68504030F07F40F7
S21402F79011D11C890A8994420CD11C780A78A2429B
S21402F7A008D152B1DB68CA68534033F07F430CBFBE
S21402F7B00120002010BD0020FCE70120FAE700200F
S21402F7C0704713B500230C46CDE9003301461A46AE
S21402F7D0E0B2DDF735FB02B010BD13B500231446C8
S21402F7E0019000930122E0B2DDF72AFB02B010BDC1
S21402F7F0D0E9023253F822301868DDF781BC704730
S21402F800194491420ADC4218002003B9704712F8E4
S21402F810011D013B01EB0020DBB2F6E7002070473A
S21402F82010B586B00881089C04940024CDE90244F1
S21402F8300124CDE9003413460A4601460320DDF7CB
S21402F84041FD06B010BD13B500240094FFF7E8FF93
S21402F85002B010BD2DE9FF410E461746054680B39D
S21402F86079B372B34FF0000869465FFA88F005F084
S21402F87017F9044640B99DF80030032B08D008F16A
S21402F8800108B8F10A0FEFD1204604B0BDE8F081B6
S21402F8909DF801202B799A42F1D1BDF802206B889F
S21402F8A09A42ECD19DF80430BDF805006B712881B0
S21402F8B03B4632462946FFF7C6FF0028DFD00446FD
S21402F8C0E2E70224E0E710B586B0089C0494002420
S21402F8D0CDE902440124CDE9003413460A46014626
S21402F8E00620DDF7EFFC06B010BD13B50024009429
S21402F8F0FFF7E9FF02B010BDF0B502288BB005464F
S21402F9000E4614461F460AD106A9F0B205F0C8F8FC
S21402F91098B99DF8193023719DF81C306371119BBC
S21402F92004930023CDE902330193109B00932246F1
S21402F9303B4631462846DDF7C5FC0BB0F0BD13B595
S21402F94000240194049C0094FFF7D6FF02B010BD79
S21402F9502DE9F04305468BB00F46904699460026A1
S21402F96006A9F0B205F09CF8044630B99DF81830A6
S21402F970012B06D001360A2EF2D120460BB0BDE886
S21402F980F0839DF819202B799A42F3D1BDF81A20FC
S21402F9906B889A42EED19DF81C306B712A46CDE9EF
S21402F9A00309CDE90100CDF800803B46B1B2022042
S21402F9B0DDF788FC0028DDD00446DEE70023FFF7EB
S21402F9C0C7BF10B50446DEF7BFF8631E04F10F0288
S21402F9D0002113F8010FFF2808BF19709342F8D1CF
S21402F9E00023237410BD2DE9F04788B099460C46D3
S21402F9F09246BDF84080119F0646F7F789FECDE98C
S21402FA00034705468DF80860ADF81480ADF8160079
S21402FA108DF818A08DF8199000F025F98DF81A00C7
S21402FA2000F023F900238DF81B0002A88DF81C3085
S21402FA3000F0DFFCA8B943463A4621462846DFF7DF
S21402FA40D1FC70B943463A4621462846DDF758FEB1
S21402FA5038B9CDE9005043463A4631462046E0F7EB
S21402FA6049F808B0BDE8F0870020704770470220CA
S21402FA7070471FB50B466A460146184604F091FCCD
S21402FA806A460823002032F8021B013B13F0FF03EC
S21402FA9080EA0100F7D1012838BF012080B205B004
S21402FAA05DF804FB2DE9F74F9846DDE90C3B074667
S21402FAB00E461446414600221846BDF838909DF878
S21402FAC03CA0019303F015FB0546002840D0019B9D
S21402FAD041461846FFF7CDFFABF80000062F3BD88D
S21402FAE0DFE807F00404040D162A21002B462246FE
S21402FAF03146384603B0BDE8F04FF2F795BE0C2209
S21402FB002B461146204603B0BDE8F04FF2F776BE0C
S21402FB10E27A2B4611462046CDE90C9A03B0BDE8A0
S21402FB20F04FF2F749BE2B460C222146304603B070
S21402FB30BDE8F04F04F06DBE0D95E37A0C93524685
S21402FB4023463146484603B0BDE8F04FF2F71EBEE4
S21402FB50182003B0BDE8F08F0220FAE77FB505460D
S21402FB6003F06DFD48B16B88B3F5006F05D1681DD3
S21402FB7004B0BDE8704000F032BC284600F048FCF5
S21402FB800446B8B9E6B26946304604F089FF9DF8E5
S21402FB9000301843C0B248B929463046F5F778FE19
S21402FBA010B1752806D08C2004B070BD01340A2C22
S21402FBB0E8D1F8E78D20F7E72DE9F04385B0054652
S21402FBC00DF10E0014460E46F7F792FD0DF10F00EA
S21402FBD0F7F796FD20469DF80E809DF90F90EAF7FE
S21402FBE0FDFE07462046EAF7DDFE4B46CDE90070ED
S21402FBF0424631462846FFF7F6FE05B0BDE8F083DA
S21402FC002DE9FF47054618461E4690460F469DF8C4
S21402FC1030A0EAF7C7FE81463046EAF7DFFE044622
S21402FC2051462846E4B2FBF727F921464846FFF735
S21402FC3020FF5346CDE901904246394628460094B5
S21402FC40DDF71AFE3346424639462846CDF830A03E
S21402FC5004B0BDE8F047FDF762BA03F0F0BC03F06B
S21402FC600BBDEBF7D9BAF2F755BE1FB56846F7F7E4
S21402FC705DFDC8B902A9F5F78DFF082269460DEBAE
S21402FC80020005F0A3FE10B9002004B010BD02A9C0
S21402FC900120F5F77FFF082269460DEB020005F00A
S21402FCA095FE90B90120F0E7F7F732FD4FF6FF73A5
S21402FCB09842044609D00020F5F784FF8442E3D038
S21402FCC00120F5F77FFF8442ECD0FF20DDE7DDF769
S21402FCD0CFBEDDF78BBEDDF7ADBE10B504460846D7
S21402FCE0EBF7CEFA2046BDE81040EDF735BCEDF74F
S21402FCF033BCEBF73BBA002070470A20704708B5C2
S21402FD00EAF70CFCC0F3471008BD08B5EAF744FC56
S21402FD10C0F3471008BDEDF79BB87047DDF76EBF1E
S21402FD2070B506460C46154600F025F860B10CB9CB
S21402FD30002070BD002DFBD0204600F09CFB013059
S21402FD4080B2A842F4D8F4E7304600F01AF840B180
S21402FD50002CEDD0012DEBD9204600F091FB0230AD
S21402FD60EEE73046DDF706FFEBE7413803288CBFA7
S21402FD70002001207047413801288CBF0020012056
S21402FD807047433801288CBF0020012070470020AE
S21402FD907047002070470388B3F57C4F01D3FFF706
S21402FDA0F8BF0846FFF7F3BF10B54A880488A24298
S21402FDB00DD1037B0C79234009D0B2F57C4F08D3D2
S21402FDC0FFF7E7FF0B891B1A5842584110BD002067
S21402FDD0FCE70120FAE738B50D88D488A5420AD197
S21402FDE00388B3F57C4F08D2FFF7D5FF13891B1A99
S21402FDF05842584138BD0020FCE70120FAE710B50A
S21402FE0086B01C46ADF812200023BDF820208DF8DF
S21402FE100C00ADF80E10ADF8142000931A4602A995
S21402FE2003A802938DF81040DDF7F8FE029806B09C
S21402FE3010BD2DE9F0410779064600254FF014085B
S21402FE40E8B2874201D800241AE0D6F800C008FBC0
S21402FE5005F00CEB00043CF8000081421AD132B1E6
S21402FE60802A10D194F90CC0BCF1000F12DAB0F55A
S21402FE707C4F05D32046FFF78CFF834200D04BB958
S21402FE802046BDE8F081402A04D194F80CC01CF04C
S21402FE90400FECD10135D3E70121DDF77DBE08B571
S21402FEA013460022DDF7E0FF003818BF012008BD28
S21402FEB008B513464022DDF7D7FF003818BF0120E9
S21402FEC008BD08B513468022DDF7CEFF003818BFFE
S21402FED0012008BD0023DDF7C7BF0021DEF726B8E4
S21402FEE0704700207047F8B516461F469DF8182042
S21402FEF0BDF81C300546DDF7B7FF78B10421FFF7E1
S21402FF00F0FF044650B1284600F0D7FA3A4631468A
S21402FF102846A047BDE8F84000F0C3BAF8BD2DE970
S21402FF20F74FDDF830909DF834B01E460746BDF810
S21402FF303830884614462AB3B9F1000F22D00EB3E1
S21402FF4092F804A099F80020618812F0080F0CBFFE
S21402FF50802240225046DDF787FF98B10821FFF73E
S21402FF60C0FF054670B1504600F0A7FACDE9009BE7
S21402FF703346224641463846A84703B0BDE8F04F0E
S21402FF8000F08FBA03B0BDE8F08FF8B5BDF8187070
S21402FF9016461A463B460446DDF766FFE0B177B9D9
S21402FFA00221FFF79EFF0546B0B1204600F085FA13
S21402FFB031462046A847BDE8F84000F072BA102144
S21402FFC0FFF78FFF054638B1204600F076FA3A462C
S21402FFD031462046A847EEE7F8BD73B5BDF818408F
S21402FFE016461A4623460546DDF73EFFB8B1C4B9A3
S21402FFF02021FFF776FF044670B1284600F05DFA2E
S214030000099B00939DF81C209DF820303146284616
S214030010A047044600F045FA204602B070BD862489
S214030020FAE70024F8E72DE9F041866804460078ED
S21403003000F043FA002514273279EBB29A4203D82C
S214030040BDE8F04100F02DBA7B4332682078D15AE0
S21403005002EB030800F0A3F901214046FFF741FF36
S214030060034608B1207898470135E5E74FF6FF7059
S2140300707047012070472DE9F04F89B01C46BDF844
S21403008048809DF84C3001939DF850300293924679
S2140300904346224607460D46DDF7E6FE8DF8147006
S2140300A0ADF816508DF81840ADF81AA0ADF81C80C0
S2140300B0064618B9012009B0BDE8F08F05A9FFF779
S2140300C073FE0028F6D000252F46A8462C4634E0BB
S2140300D00C2331881FFA85F903FB09F97368B1F518
S2140300E07C4F33F8092003EB090B1AD333F80900C6
S2140300F050452CD3019BA3422DD900F098F99BF8C9
S2140301000200DEF76DFB029B43B19BF8043013F04D
S214030110010F0CBF05200720DEF762FB0134A4B2F3
S21403012019E0ADF81A20594605AA30460393FFF79F
S21403013052FE039B0028D9D101353289ABB29A42CD
S214030140C6D804EB0800C31B58425841B3E708F16E
S21403015001081FFA88F80137BFB2EDE72DE9F0472B
S21403016086B00446DDF83C909DF840A0BDF8388084
S214030170CDF80080CDE9019A0D4616461F4600F0DD
S21403018008F9A8B1431EDBB2012B0ED80023049353
S214030190831E58425841CDE902A0CDE900893B466B
S2140301A0324629462046DDF7F5FF06B0BDE8F08760
S2140301B00120FAE730B587B000240125CDE90354C2
S2140301C09DF82C5002950A9DCDE90045DDF7E2FF28
S2140301D007B030BD30B587B000240125CDE9035400
S2140301E09DF828500094CDE901354023DDF7D2FF72
S2140301F007B030BD10B586B04FF0010C0024CDE932
S214030200034C9DF828400294099C0194BDF82040B5
S2140302100094DDF7BFFF06B010BD1FB5089C03941E
S2140302209DF81C400294069C019400240094DEF77B
S21403023095F804B010BD2DE9F84F02290C9D07462A
S214030240884604D84FF0000A5046BDE8F88F1BBB1B
S21403025002700124DFF74EFB04F1020A385501341D
S2140302609DF828303B554FF000090B9A5FFA89F347
S214030270D45C002CE8D0732C18D82E464C2C56F899
S21403028004BB45D0532C1DD0622C4DD1AC8805F150
S214030290080600231A461EE00429D3D942F00402B6
S2140302A043701B0A027083700324D3E7A4F175031B
S2140302B0032BC7D8763C2E1D022C52D8DFE804F059
S2140302C0565A58006A6894B2D2B2B2F1FF0305F1E7
S2140302D0080618BF01230AEB040119448845B1DB5D
S2140302E050461946002947D153441FFA83FA5CB196
S2140302F0BBF1000FA6D0224607EB0A00594605F0CD
S214030300C9FA54441FFA84FA09F101093546ACE7E1
S2140303106A684FF6FF7394B205F1080622469C42BC
S21403032014BF02230023D6E76C2C05D1584600F0F1
S214030330A7F8841CA4B2ACE7732C04D1584600F08B
S2140303409AF8441CF6E7A4F13003DAB2092A01D876
S2140303509CB29EE7A4F14103062B3FF673AF373CEE
S214030360E8E7012300242A68A346B4E70223F9E753
S2140303700323F7E70423F5E700F1010C01393A54A8
S214030380C9B2120A1FFA8CF0ACE70020DEF7DCB91C
S214030390704701207047012070470120704770475F
S2140303A000207047002070470020704700207047E9
S2140303B000207047002070470120704701207047D7
S2140303C0B520704700207047002070470020704714
S2140303D000207047704700207047B5207047842080
S2140303E07047704770470020704700207047002012
S2140303F07047002070470020704700207047002099
S2140304007047002070477047B5207047002070473C
S2140304100020704770470020704770477047B5202C
S214030420704770477047002070470020704738B504
S2140304300546C0B2DEF7D4F90446280ADEF7D0F93B
S21403044014B1002808BF0024204638BD10B4CC18C9
S214030450944203DC5DF8044BFFF7D2B900205DF845
S214030460044B70470423FFF7F1BF08B50223FFF7D9
S214030470EDFF80B208BD0078FF2808BF0020704754
S21403048008B502220021FFF7F0FF4FF6FF739842EC
S21403049008BF002008BD002818BF70207047002042
S2140304A070470020704708B5FFF7F6FCFF284FF0AB
S2140304B0FF3018BF0020C0B208BD08B5FFF7F3FF32
S2140304C0FF280CBFA320002008BDF8B506460C463F
S2140304D015461F4600F011F810B12544AC4200D172
S2140304E0F8BD14F8012B39463046DEF751FAF5E726
S2140304F0014600220220DEF7DBB90120704773B500
S2140305000646DCF7BDFE81250446019614B9284647
S21403051002B070BD2378B3B9336862685B889A42C9
S21403052011D1A368F27B99B292B1328A91420AD171
S214030530727DB2EB134F06D1E36801A900209847FA
S21403054010F0FF05E3D02046DCF7A2FE0446DDE705
S2140305504FF6FF72EAE738B50446436808460D4689
S2140305609847B4F90830002B02DB2B78042B06D10E
S214030570002363602046BDE83840DEF7BFBD38BDC4
S214030580F0B5044685B00D462020002117461E46CA
S214030590EAF7CEFAADF80E00D0B102210DF10E0047
S2140305A002F0DBFE3A460021BDF80E0002F04BFFD8
S2140305B0BDF80E20002E4FF48A53009329460ABF37
S2140305C0134600230022204600F00BFA05B0F0BDC8
S2140305D01820FBE7FFF722BFFFF7F4BE08B5ECF7DA
S2140305E011FC20B9EAF718FE08B9DCF743F8FFF761
S2140305F00AFFBDE80840FFF715BF0020DFF7BCB9C8
S2140306000022DFF713BAD28812F0200F10B5034684
S2140306100CBF522449240846510544BF083CE4B2A3
S214030620110544BF083CE4B2120444BF023CE4B2E2
S214030630032B11D8DFE803F005020A0EC0B2F5F764
S214030640C1FAFFF7C8FE201AC0B210BDC0B2F5F754
S214030650D1F8F6E7013CE4B24FF6FD70F1E7F8B5E2
S214030660064617460D4681B10C78FF2C0BD008467C
S214030670FFF701FFB84228BF3846C4B22246691CBA
S214030680701C05F0B3F93470F8BD0C46FBE770B583
S214030690044615460E4611B94170017070BD0B78BD
S2140306A0FF2B05D14B78FF2B02D103704370F5E780
S2140306B03046FFF7E5FEA84228BF284685B22A46FD
S2140306C0B11CA01C05F092F925702D0A6570E5E7AC
S2140306D0F0B523B9013A531C2FD1002020E0042A99
S2140306E0FBD80023551E1C466E1C1AD1042A10D0B4
S2140306F0D2000121501E01FA00F020421EBF914095
S21403070049420C4318421EBF4FF0FF3101FA02F272
S21403071013439C4216DCB4BF4FF0FF30002040B2B8
S214030720F0BD40B1465DEF00BE4034434E5DBE4073
S2140307303343013DD8E70646F5E78C5C20B1835C7E
S214030740A34202D90120EBE70346A34202F1FF329C
S214030750C1D24FF0FF30E3E7283807288CBF0020CC
S214030760012070471D2813D004D860B11C2805D07B
S2140307708A2070471E38C0B20128F9D81B2934BF17
S21403078000208A2070470B390F2988BF8A207047BC
S2140307900929F4E7002000217047F7B59DF82040AB
S2140307A09DF82460082C05461946104636D80022C4
S2140307B02C441346AC4208D106F0FD04382C0ED167
S2140307C00096FFF7E7FF03B0F0BD14F8017D1B02A8
S2140307D043EA12631202BA1843F10003EAE7392E1A
S2140307E010D107EE100A07EE902AB4EEE77AF1EE80
S2140307F010FACCBF77EE677A77EEC77A002117EE4A
S214030800900AE0E7824273EB010403D2801A61EB9D
S2140308100301D8E7101A63EB0101D4E70020014671
S214030820D1E738B5C36819448368144653F8215092
S2140308301AB1284605F061F82070284638BD2DE920
S214030840F34116460DF107021C469DF82050FFF7AC
S214030850E8FF9DF80730A34288BF8DF807409DF850
S214030860077080460DB1E41BE5B22A4600213046E8
S21403087005F0D6F83A464146701905F0B7F83846FB
S21403088002B0BDE8F0812DE9F341164601AA1D46E4
S2140308909DF82040FDF75CFC019B9D4238BF019507
S2140308A0019F804604B1EC1B22460021304605F02A
S2140308B0B7F83A464146301905F098F8F8B202B050
S2140308C0BDE8F08173B51546002401AA1E460194BF
S2140308D0FDF73EFC019B072B0AD92146CCB216B185
S2140308E0C4F10704E4B2425C2A5501310829F5D164
S2140308F0D8B202B070BD1FB5030A8DF80E300323BD
S214030900009303AB8DF80D0000F00AF905B05DF80F
S21403091004FB1FB5030A8DF80F1004218DF80E3063
S214030920009103AB8DF80D0000F0FAF805B05DF802
S21403093004FBF0B589B016689DF83C50CDF8096005
S2140309408DF811305668BDF83830109FBDF8444016
S214030950CDF80D60012DADF812308DF8145014D07B
S214030960032D19D13B68CDF815307B68CDF81930C7
S2140309709DF848308DF81D3016230093BDF84C20A3
S21403098002AB00F0CDF809B0F0BD8DF81540240A8F
S2140309908DF816400F23F0E70120F4E71FB5044651
S2140309A0084611461A4602238DF80D100093214679
S2140309B003AB00F0B5F804B010BD10B586B014460E
S2140309C01A460B68CDF80D304B68CDF811300A2364
S2140309D00093342103AB8DF8154000F0A1F806B060
S2140309E010BD2DE9F04F89B00D4601901C46164602
S2140309F03AB31046E9F7F2FFC0F347091CB32046A3
S214030A00E9F7ECFFC0F34707DFF78AFA019B8DF897
S214030A1018008DF819308DF81B501B0A2D0A00227A
S214030A20062106A88DF81A308DF81C508DF81D90F7
S214030A3002F05FFBADF8160038B9182009B0BDE820
S214030A40F08F9146DAE72746DEE74FEA4901C9B257
S214030A508B1D07315FFA81F801EB4701DBB2C9B2A0
S214030A600DF11600029302F078FC82460028E4D1CA
S214030A7003460625D9B28945BDF816B012D80299A1
S214030A803A465846EAF792F95FFA8AF5AF42BDF856
S214030A90166025D8BDF84820019833460621DFF7AF
S214030AA049FACBE7490001F0FE0130460393EAF723
S214030AB069F9294602465846EAF778F9691FC9B222
S214030AC03046BDF816B0EAF75DF9691C0246C9B2AE
S214030AD05846EAF76BF9039B02350133EDB2C9E7D3
S214030AE06D00EDB229462046EAF74CF94146024628
S214030AF03046EAF75BF9691CC9B22046BDF81660B2
S214030B00EAF740F908F101010246C9B2304608F196
S214030B100208EAF74BF90AF1010A5FFA88F8B3E725
S214030B202DE9F0411C469DF818800E4617460546EB
S214030B30DFF7F6F9002220704146204602F0D9FA84
S214030B40034630B13A4631462846BDE8F041DFF762
S214030B50F1B91820BDE8F08130B589B00446ADF888
S214030B6006108DF81020EAF7D1FA05462046EAF774
S214030B70DDFA03469DB1BDF80600ABB902F055FD9C
S214030B80FF2808BF00208DF80F000DF10F03059313
S214030B90DDE904122046FEF75CFD09B030BD0028EF
S214030BA0F6D00DF10603F2E702F03FFDFF28BDF88D
S214030BB00630ADF81A3008BF00208DF80F008DF808
S214030BC0180006ABE3E7704708B5E8F709FB00280B
S214030BD00CBFA520002008BD7047704770477047BC
S214030BE07047704770470020704770477047002073
S214030BF070477047704710B51C4602F042FA02F081
S214030C00F7F800232370C0F34020400010BD0022F5
S214030C1008B50B461146FFF7EEFF023818BF012052
S214030C2008BD7047B1FA81F040097047012070474C
S214030C307047704700207047704700207047704722
S214030C40B520704701207047704701207047012088
S214030C5070471422002104F0E3BE704730B5407895
S214030C60012887B00C464FF0110301F1100516D189
S214030C70022201A9EAF7DEF9234601AC186859688F
S214030C80224603C20833AB421446F7D1112302228D
S214030C9001A90020EAF7CEF9002007B030BD0622EE
S214030CA001A90120EAF7C6F9234601AC186859687A
S214030CB0224603C20833AB421446F7D11123062259
S214030CC0E6E730B5407887B001280C464FF01103AD
S214030CD00BBF0222062201A901A918BF0120EAF7C9
S214030CE0A9F905AD01AA2346144603CCAC42186005
S214030CF05960224603F10803F6D1002007B030BD41
S214030D0010B588B00C461A23082201A90120EAF779
S214030D1091F921460DF10E0304F1100251F8040B6C
S214030D2043F8040B9142F9D11A23082201A90020A3
S214030D30EAF780F9002008B010BDF0B58BB0044682
S214030D400D4602F07CFCB0B101A8F2F717FD90B196
S214030D50667B16F0020F04F1040705D0082201A9EA
S214030D60384604F033FED0B901AB03CB46F0020697
S214030D706060796066731A23082203A90120EAF7E4
S214030D8059F90DF1160329460DF1260253F8040B03
S214030D9041F8040B9342F9D100200BB0F0BD2D208F
S214030DA0FBE770B505468AB00C46252200210DF1F7
S214030DB0030004F035FE6B68CDF81D30AB68CDF844
S214030DC02130234603F1100601AC18685968224601
S214030DD003C20833B3421446F7D16A7B012312F0E9
S214030DE0040F8DF802300CBF4FF480734FF4A073DA
S214030DF0110748BF43F48063ADF80030930748BF3C
S214030E00BDF80030684644BF43F00803ADF8003031
S214030E10F0F7ECFF003818BF01200AB070BD30B5FC
S214030E20427B0D46D1078BB0044607D5407801A90F
S214030E30F1F744F8D8B12D200BB030BD9307FAD59F
S214030E40C2F3800310074FEA8313ADF8023044BFA2
S214030E5043F48063ADF80230BDF80220201D0AB1CA
S214030E600DF1020201A903F0B9FA0028E3D001ABA1
S214030E7003CB9DF814302373BDF81030A1605906D8
S214030E8048BF627B606044BF42F0040262735A0547
S214030E9042BF627B42F0080262731B0742BF637B5A
S214030EA043F0020363732B4606AC0AAD224603CA1D
S214030EB0AA4218605960144603F10803F6D10020CD
S214030EC0BAE7F0B5044693B00D46252200210DF18E
S214030ED0230004F0A5FD6368CDF83D30A368CDF884
S214030EE0413004F1040C2B4609AE05F110071868CF
S214030EF05968324603C20833BB421646F7D1052368
S214030F008DF82230637B5B0103F40073ADF8203069
S214030F106378FF2B19D100231A4601A9604600F017
S214030F202CFA9DF80530FF2B0CD100231A461846E1
S214030F3001A900F022FA9DF80530FF2B02D11C20F0
S214030F4013B0F0BD9DF805306370617808AA0020E1
S214030F5000F0EAFA0646F0B919231946627801A8A2
S214030F60FDF7B0FE2B4603AD186859682A4603C240
S214030F700833BB421546F7D1637B6178DB0642BF75
S214030F809DF81C3063F07F038DF81C30192301AAEB
S214030F901846FDF7A0FE301E18BF0120D0E710B597
S214030FA004468AB02422002101A804F039FD637B9D
S214030FB0590744BF4022ADF810201A0742BFBDF8B8
S214030FC0102042F48062ADF81020DB070FD560785E
S214030FD001A9F0F773FF10B12D200AB010BD01ABC5
S214030FE003CB637B606043F00203A160637304A9D1
S214030FF0201D03F0F5F90028EED00020EDE71FB51D
S214031000694600F08DF8002818BF2D2005B05DF85E
S21403101004FB73B50D4614460646DFF7FDF86B88EA
S2140310201A071AD522463146102003F0BAF920468D
S214031030DFF7F2F86B88D90717D50023224601217C
S2140310400DF107008DF80730DFF752F96B88002B98
S2140310500CBF2120002002B070BDDE06EAD5224672
S2140310600821281DDFF744F9E1E79A0701D5022393
S214031070E4E75B07EAD50323E0E70F20704710B5E4
S21403108086B0044601A9022211230120E9F7D2FF04
S2140310909DF81430E37001A803F0C7FC80F001004C
S2140310A0062201A9607011230120E9F7C3FF9DF80A
S2140310B01430A37001A803F0B8FC80F00100207080
S2140310C0F0F7A6FF6060002006B010BD1FB50C4603
S2140310D0694600F025F810222146684604F076FC9F
S2140310E0B0FA80F0400904B010BDB8B1B1B143887E
S2140310F0A3B90378013B082B10D8DFE803F00507F4
S214031100090B0F0F0F0F0D00FFF7A8BDFFF7F8BD74
S214031110FFF747BEFFF7D5BEDFF730BA212070478B
S21403112038B50D4609B300B30378013B082B1AD82C
S214031130DFE803F0050D1013191919191600FFF748
S214031140C0FD0446284603F048FB204638BDFFF79B
S214031150F4FDF6E7FFF763FEF3E7DFF77BF8F0E768
S214031160DFF716FAEDE72124ECE72124EDE770B567
S21403117086B0064601A80C461546FFF76AFD04230B
S2140311808DF804301CB12068616802AB03C329469E
S21403119001A88DF80560FFF7A8FF06B070BD70B50F
S2140311A0044686B001A80D461646FFF752FD206892
S2140311B061688DF8116003238DF8043002AB03C316
S2140311C0294601A8FFF791FF06B070BD30B585B07C
S2140311D00D4669460446FFF7A3FF20B92A46214673
S2140311E06846FFF716FF05B030BD10B5044686B057
S2140311F01123062201A90120E9F71CFFA3789DF815
S21403120014209A4207D08DF814300622112301A920
S2140312100020E9F70FFF1123022201A90120E9F7B5
S21403122009FFE3789DF814209A4207D08DF814300E
S2140312300222112301A90020E9F7FCFE06B010BD27
S21403124030B5437B13F001028BB004460D4607D03E
S214031250407801A9F0F732FE70B12D200BB030BDF7
S2140312609B07FAD5ADF8022001A90DF1020204305E
S21403127003F0B4F80028F0D000210E22A81C04F0D6
S214031280CFFBBDF810302B80039BAB60BDF812304C
S214031290AB819DF81430237301AB03CB6060A16070
S2140312A00020DBE770B5437BDB078AB005460E46B6
S2140312B002D42D200AB070BD4078694600F030F99C
S2140312C004460028F5D1DDF81D306B60DDF82130CB
S2140312D0AB606B7B43F002036B730E220146B01CBC
S2140312E004F09EFBBDF80030069AB26043F0040398
S2140312F03380059B73602046DCE70B4610B5044637
S21403130010220021184604F08BFB2278032A09D00A
S214031310042A0DD0022A11D101462046BDE810400A
S214031320DFF740B901462046BDE81040FFF788BF07
S21403133001462046BDE81040FFF7B4BF262010BD87
S214031340F8B50C460746084616461D46FFF781FCC9
S21403135004232370637B677043F001036373314692
S2140313602046FFF7DDFE08B12D20F8BD29462046AE
S214031370FFF7C3FF0028F8D0F6E7F8B50C46054696
S21403138008461F461646FFF764FC0423237025B160
S21403139008222946E01804F029FB637B43F0020386
S2140313A063734EB932460121284600F0C4F8FF287D
S2140313B0607007D12D20F8BD31462046FFF7B0FEFA
S2140313C00028F7D1637B43F0010363730DB9002054
S2140313D0F1E7002FFBD039462046FFF78EFFF6E7EE
S2140313E0F8B50C460746084616461D46FFF731FC79
S2140313F02046032300F8043B3946082204F0F6FA95
S214031400637B43F00203637331462046FFF788FE8F
S21403141008B12D20F8BD29462046FFF76EFF0028A9
S214031420F8D0F6E7F8B50C460746084616461D46B6
S214031430FFF70FFC03232370637B677043F00103FE
S214031440637331462046FFF76BFE08B12D20F8BDC7
S21403145029462046FFF751FF0028F8D0F6E718B1D3
S2140314608022012100F067B8FF20704730B589B0AD
S2140314700D46FFF7F4FFFF28044612D01923024651
S214031480194601A8FDF71EFC2868696801AB03C36B
S2140314901923184601AA2146FDF71DFC002009B0B2
S2140314A030BD2D20FBE707B5002300931A461946E7
S2140314B0F2F792F9B0FA80F0400903B05DF804FB46
S2140314C0704770470020704770470F20704770477B
S2140314D09DF8000070470F2070470F2070470020CC
S2140314E070470F207047002070470020704784B075
S2140314F08DE80F00002004B0704700207047704747
S21403150070470020704770470020704770470020E0
S21403151070470120704770470020704701207047CE
S214031520B5207047FF207047B5207047B520704739
S214031530002070477047FF207047704770470020B1
S2140315407047704770477047002070477047002009
S2140315507047002070470020704770477047002090
S2140315607047704700207047002070477047002080
S214031570704738B50546FCF72BF804462846FAF7B5
S214031580B7FE2046BDE83840FCF726B810B504463B
S214031590C069FFF7EEFF20462422BDE81040002175
S2140315A004F03EBA9A4238BF8854704770472DE914
S2140315B0F84F98460D9B15469A07DDE90B490646F4
S2140315C00F4623D02A460A9B03EB040A1444A2427E
S2140315D020D10D9B9B0705D5A2EB050AD14505EB4C
S2140315E00A0420D82046BDE8F88F43463946202013
S2140315F0B0470AF1010ACA450AEB0B02F5D3A9EB79
S21403160004024C4588BF00222A44DCE7A246A5EB29
S214031610040BF0E702F1010B1AF8010D43463946B5
S214031620B0475A46D3E74346224639462020B047BA
S2140316300AF1010AD2E72DE9F0479E46DDE90D3CA3
S2140316401CF0020FDDE90874DDE90B659DF82880C0
S2140316501FD10CF001094BB1B9F1000F06D0B8F158
S214031660000F02D11CF00C0F00D0013B4FF0300AE4
S21403167002E007F804A00134A54201D9202CF8D1D2
S214031680B9F1000F05D04FF03009A34201D9202C41
S2140316901BD11CF0100F15D01CF4806F32D1C4B1CF
S2140316A0AC4201D09C422DD1651E12D0102E3FD1E4
S2140316B01CF0200FA4F1020456D178263E5530269E
S2140316C07E556C1C202C29D00DE007F804900134BD
S2140316D0DBE7102E10D11CF0200F2FD178243C709E
S2140316E030247C700224B8F1000F31D02D253D55EF
S2140316F0013414E06224F2E7022EFBD030243C705F
S2140317000124F0E7102E1BD11CF0200F2AD1202C29
S21403171004D0651C78263E55202DD0D12024CDE953
S2140317200A3CCDE908747346BDE8F047FFF73FBFB0
S214031730022EC4D162247C550135EDE75824CEE74A
S214031740022E03D1202CE9D02546F3E72546E3E70E
S2140317501CF0040F01D02B25C9E71CF0080FDED0C0
S2140317602025C4E7202CD9D0651C5826D3E72DE9BD
S214031770F04391B0189D1A9F1D9E2DB926F01004B4
S21403178016F4806F264622D116F0200F14BF4FF0B2
S214031790410E4FF0610EAC460DF120080025AEF168
S2140317A00A0EBCFBF7F907FB19C95FFA89F4B9F10E
S2140317B0090F94BF30347444E4B2BC4508F8014BB7
S2140317C0BCFBF7F405F1010501D3202D10D11C9CB9
S2140317D005941B9C0696CDE903749DF86440CDE9F9
S2140317E0015408AC0094FFF726FF11B0BDE8F08360
S2140317F0A446D6E72DE9F04F95B0DDE91E76CDE990
S2140318000A2357EA0603CDE90801DDE9229B269C55
S21403181005D124F0100314F4806F1C4637D114F05E
S214031820200F14BF412361230DF1300A0025A3F1D5
S2140318300A0831464A465B463846FAF709FAD2B2F0
S214031840092A94BF303242444F45D2B276EB0B0698
S2140318500AF8012B05F1010501D3202D14D1259B90
S2140318600593249B0694CDE903939DF88030CDE938
S21403187001530CAB0093DDE90801DDE90A23FFF70A
S214031880DAFE15B0BDE8F08F07460E46D1E7002511
S214031890E5E708B100F014B8704710B1D1E900319C
S2140318A01847704738B5441E14F8015F25B90A2057
S2140318B000F006F8284638BD284600F001F8F3E79E
S2140318C001460020FDF722B84369406CDA1C143841
S2140318D0B2FBF0F203EBC203CA1DB2FBF0F2013215
S2140318E001EBC2010333B3FBF0F3023300FB031037
S2140318F0704738B5446905462146FFF7E5FF6A6C2D
S214031900E31D143AB3FBF2F3013304EBC3042044A0
S21403191038BD73B506460D460024F36B01225B699A
S21403192001A928199847019B013309D1736C043424
S21403193062196A405B421A42EFD0204602B070BD7D
S2140319400024FAE770B505460C46D1F79DFDEB6B10
S2140319502046DB68BDE87040184770B5002586B0A2
S21403196004460562E369AB4202D8206A06B070BD3E
S214031970666C2068E36B05225B6901A906FB05001C
S214031980984701A800F009FC00F02CFC10B1236A6C
S214031990013323620135E5E738B50446456C006834
S2140319A004F1400305FB0101E06B00F028FC05464B
S2140319B02046FFF7D2FF284638BDF0B5054687B068
S2140319C00026EC69013CB44203D80C46204607B017
S2140319D0F0BD01B14C1E6F6C2868EB6B05225B698A
S2140319E001A907FB0400984701A800F0D6FB00F006
S2140319F0F9FB0028EAD101362146E2E7F0B50446B2
S214031A00466CE36B00685B6987B00D46052201A947
S214031A1006FB0500984701A800F0BFFB00F0E2FBB9
S214031A2020B101A800F090FB07B0F0BD2946204680
S214031A30FFF7C3FF676CE36B064620685B69052206
S214031A4001A907FB0600984701A800F07DFB431C8D
S214031A50EAD0B54238BF0130E6E72DE9F043D0F8C7
S214031A6024804FF6FF7987B004460E46C84514BF58
S214031A70454600250027E369BB4202D807B0BDE808
S214031A80F083E26B2368606CD2F814C001A90522C8
S214031A9000FB0530E04701A800F07FFB022806D0D4
S214031AA0C8450CD1721C29462046FFF775FFE3692B
S214031AB001350137B5FBF3F203FB1255DBE7294685
S214031AC02046FFF79BFFB0F1FF3F14BF02463246A6
S214031AD00132E8E7F0B5036887B006460025CC1A5E
S214031AE0436CB4FBF3F4F3693768706C5A1E954283
S214031AF008D3706C336800FB043007B0BDE8F040D1
S214031B0000F07BBB0134B4FBF3F203FB1244F36B2C
S214031B1005225B6901A900FB0470984701A800F041
S214031B203CFB00F05FFB0028E3D10135DBE710B494
S214031B3023F0030422449B070A44436C18BF043271
S214031B405B4282EA0104234203D05DF8044BFFF7AD
S214031B50C1BF10465DF8044B70472DE9F041D0E94C
S214031B600A369E4286B0044628D1C36945681422C5
S214031B7002FB1355284606B0BDE8F0812068676C63
S214031B80E26B331AD2F81480B3FBF7F3052201A9EC
S214031B9007FB0300C04701A800F0FFFA012804D0A2
S214031BA0636C1D44013B3340ED1A31462046FFF774
S214031BB091FF0646A36AB342E0D1DBE70025F9E7C7
S214031BC0F0B5002587B004462E46E369B34202D833
S214031BD0284607B0F0BD636C276803FB0677E36B04
S214031BE005225B6901A93846984701A800F0D5FA93
S214031BF000F0F8FA58B1384600F0FFFA01462046DE
S214031C00FFF787FE636C143B834208BF013501363A
S214031C10DBE708B508301346D1E90012E0F7DAFB34
S214031C20012008BD13B50C46002121760093616898
S214031C3013462246DEF7EAFF18B1E37D03B1A07E22
S214031C40A075A07D02B010BD73B500F10805164659
S214031C500C460DF107020968284600F09AF9032E90
S214031C6006D16368834203D12168284600F077F9DA
S214031C70012002B070BDD01E009B42424241187E36
S214031C80824211D11A688A420ED85A688A420BD306
S214031C905A6901325A61D3E9030282423FBF986808
S214031CA040F8221001321A610120704710B5032A4A
S214031CB0029C07D1A26A5340626C5242134201D17E
S214031CC000F04DF9012010BD08B5C3680020984701
S214031CD0BDE80840D1F7E0BB70B5002401281C70AE
S214031CE014BF04200220CC7D4243101D02F00202E2
S214031CF04CB91AB1012220F003001A7000F1080350
S214031D004868184470BD1AB1012220F003001A7007
S214031D100C7E002301F12005DAB2944201D800209C
S214031D20F0E735F83320824203F1010606D901EBCA
S214031D30C30300F10802D8691044E3E7801A334668
S214031D40EAE773B590F8426005461C4630460DF147
S214031D500303FFF7C1FFEB6B012E5B690DD1324620
S214031D6001A998479DF8033013B1BDF806300193D7
S214031D70BDF80430236002B070BD0122214602B0D4
S214031D80BDE870401847F0B5054687B04868EB6B6A
S214031D9000245B6902940E46012202A90830984784
S214031DA0274695F84230012B40F08480632C02D9F5
S214031DB0029807B0F0BD612C08D805AB2246314621
S214031DC02846FFF7BEFF9DF814301BB305AB22462B
S214031DD0314628468DF81070FFF7B3FF95F842306A
S214031DE0012B059B55D14FF6FF72934200F0968068
S214031DF0082205A904A800F057F9059B9DF81010C2
S214031E00C3F30722914240F08980DBB2029A1A4458
S214031E10029283E095F84230012B30D103AB224681
S214031E2031462846FFF78DFF04AB621C3146284631
S214031E30FFF787FF05ABA21C31462846FFF781FF55
S214031E40102208230DEB02010DF107008DF8073071
S214031E5000F02AF9102205A90DF1070000F024F975
S214031E60039BDAB2002A52D19DF80720B2EB132F58
S214031E704DD1DDE9043203EB0243029347E0302CF5
S214031E802BD944E09DF80720B2EB134F3FD1049BB8
S214031E90F3E7013342D0102205A90DEB020000F050
S214031EA003F9059B9DF81010C3F30742914235D101
S214031EB09BB2ABE7312C3FF67BAF87D005AB224610
S214031EC031462846FFF73DFFBDF81430002B7FF45C
S214031ED07DAF95F84230012BA0D003AB22463146A6
S214031EE02846FFF72EFF04AB621C31462846FFF751
S214031EF028FF102320220DEB03010DF107008DF8B8
S214031F00073000F0D1F8039B9AB2002ABAD095F8AE
S214031F104230012B14BF012302231C44013440E743
S214031F2013B500240194049C0094DFF70FFA02B063
S214031F3010BD30B5446800234FF0FF329C4202D1F7
S214031F400023037230BD016801EBC30541F833205B
S214031F506A600133F2E7C0E90012FFF7EABFF0B5A3
S214031F60456800239D4211D0046854F83320B2F12B
S214031F70FF3F4FEAC30704EBC30608D0C2F31302BE
S214031F80914204D14FF0FF33E3517360F0BD013348
S214031F90E8E7F0B5456800239D4202D14FF0FF30D5
S214031FA00FE0046854F83340671C4FEAC30609D0B1
S214031FB0C4F31307B94205D1240D147003683344E0
S214031FC05868F0BD0133E7E713B50446002301461E
S214031FD01B220DF107008DF8073000F065F8226824
S214031FE09DF80730B3EBD26F0CBF0120002002B080
S214031FF010BD13B500230446014620220DF1070049
S2140320008DF8073000F050F80DF107001A22211D55
S21403201000F04AF862689DF80730B3EB926F0CBF86
S2140320200120002002B010BD0068431C58425841EE
S2140320307047006810F07E0F0CBFC0F3C16000202D
S21403204070470068C0F3D3107047006800F07F0045
S21403205001288CBF002001207047036813F07E0F11
S21403206014BF042008207047036813F07E0F03D1C3
S214032070406820F07C40704713F078001CBF03F0E4
S2140320807F03D81F7047006800F07F00704703285F
S21403209009D0022803D1C1F10201C8B27047002952
S2140320A00CBF0720002070471F2A0B689EBF4FF007
S2140320B0FF3191408B43590801F055315B1A03F009
S2140320C033319B0803F033330B44017803EB1313CC
S2140320D00A4403F00F334FF001314B43A2EB136274
S2140320E00270704737B501F10C044369054669462B
S2140320F0012220469847BDF8003001930122AB69C0
S21403210001A92046984703B030BD37B501F10C044A
S214032110436901226946054620469847009B4FF6C9
S214032120FF7299B291420DD11B0C1B0443F4254355
S21403213043F0A50301930122AB6901A92046984702
S21403214003B030BD0020FBE737B504461B22011D54
S21403215000250DF107008DF80750FFF7A5FF60680F
S2140321609DF80720B2EBD06F03D120F0784003B080
S21403217030BD0DF107001B2204F108018DF807504E
S214032180FFF792FFA0689DF80730B3EBD06F01D13D
S214032190C043EAE74FF0FF30E9E703684BF29A22C1
S2140321A0B2EB134F10B5044613D19BB2012B13D1D8
S2140321B0FFF7CAFF01300CD0E0684FF6FF72B2EBB0
S2140321C0104F4FEA104309D180B2C01A18BF01203E
S2140321D010BD2368013303D00420F9E70220F7E794
S2140321E00320F5E701288CBF002001207047033841
S2140321F001288CBF002001207047143070472DE95A
S214032200F04105469846036908460E461746984722
S214032210044638B943463A4631462846E0F7B6F907
S214032220044618B131462846FFF75CFF2046BDE852
S214032230F081E3F743BE38B504460D46E5F742F9A9
S21403224028B929462046BDE83840E3F70BBE38BD1B
S214032250E4F7D2BD70B516460C46FBF7B9F931461E
S21403226005462046E2F7ACF804462846FBF7B4F9E1
S214032270204670BD00F0E3B938B5044648880D46DD
S21403228000F0ADF8D4F8A0302BB929462046BDE8B7
S2140322903840E3F78BBF022038BD00F0A1B800F04A
S2140322A025BA73B5044600200D4600F098F8D4F816
S2140322B0A06069462046FFF7F2FF5EB99DF800105E
S2140322C02A462046D2F7CEFE0146204600F0DAF92B
S2140322D002B070BD00231A4629462046B047F7E7EA
S2140322E0E3F762BCE0F78ABF38B505460C46FBF752
S2140322F06FF92B6B1C40EB6A2343EB62FBF76CF91D
S214032300211E18BF01210020490238BD38B50446F6
S2140323100D46FBF75DF9236B1D40E36A23EA0505CB
S214032320E562FBF759F9284638BDC06A704710B511
S21403233001210446FFF7EAFF2046BDE81040E2F716
S21403234033B838B504460D464FF48811FFF7DEFF61
S21403235029462046BDE83840E0F7CABB0846E1F701
S21403236063BB00F089B8E1F7EFB9084708B5E3F7B0
S2140323709BFC80B208BD022A01D800F095BA012062
S2140323807047022A01D800F0A0BA01207047022A3B
S21403239001D800F0ACBA01207047E4F711BE084636
S2140323A0E4F730BE00F0E0BA002070470020704724
S2140323B038B50D6804462846E0F78CFBD4F8903011
S2140323C043B15B6933B1013504BF6FF001020A60A4
S2140323D00A681A60002038BDE4F7E8BC7047704707
S2140323E070477047704738B50D460446E1F73CFC26
S2140323F0AC4042F2107364095C436423B0FBF3F011
S214032400B4FBF0F038BD022807D0062807D0003802
S21403241018BF01204042C0B2704701207047002019
S214032420704730B51F23B0FBF3F35D1CEDB24FF0DE
S214032430FF34C3EB4313AC40C01AE4430130E4B2A9
S214032440C0B21460086030BD70B505460E46C0B213
S21403245001F00F01FFF7C7FFC6F303110446C5F3E8
S2140324600720FFF7C0FFC6F303210444C5F3074064
S214032470FFF7B9FF204470BD08B5E1F7A7F8BDE83C
S2140324800840E1F72DB910B50446E1F79FF88442FA
S21403249088BF01F1FF31204601F00301BDE810407B
S2140324A0E1F71EB938B50446FFF7E6FF0546FFF722
S2140324B0E3FF431BA342FAD338BD0020704710B591
S2140324C00446E1F755FCC4F30113022B05D0032B96
S2140324D009D0012B00D1400810BDC4F3C424013435
S2140324E0B0FBF4F0F8E78008F6E700F03003202BA3
S2140324F010B513D110F4E02FC0F302440AD010F441
S214032500C01FC0F3C423B3FBF4F418BF6400052C48
S2140325100ED86408FFF7D3FF604310BDC0F38213E1
S2140325206FF012041C4104F00104C4F10204F1E745
S2140325300424EFE710B5044651B10B6843B15B685A
S21403254033B11A68032A03D99C6A640E204610BD69
S214032550FBF73EF801462046E1F74CFE04460846E4
S214032560FBF73AF8F2E7E2F7FFBCE2F7FDBCE2F767
S214032570FBBCE2F7F9BC7047436B03F06003402BE8
S2140325800DD0602B03D0203B58425841704749B1C9
S2140325900B68012B06D9486940F00100704740F2EA
S2140325A00110704700207047034670B10268022A84
S2140325B00BD9426A12F47F4FC2F3072006D01B6A78
S2140325C0D2B25A43B2FBF0F0704700207047F0B522
S2140325D0144687B01E460F4619B90024204607B096
S2140325E0F0BD002AF9D00028F7D001A9E5F7C0F915
S2140325F00028F2D0BDF80630BDF80850A2199A425A
S214032600C4BF9B1B9CB2B54212D90399AD1BADB296
S2140326103144A5420391ADF808500DD22A463846F8
S21403262003F038F90499621B781903F033F9D5E7F8
S2140326300499761B3144049122463846F5E708464A
S214032640E1F76EBC0220E0F7ABBFD0F894304BB195
S2140326501A68022A06D993F8250028B11B6AB3FB29
S214032660F0F0704700F0D1B9704708B50146D0F8CE
S2140326709400FFF799FF20B9BDE80840084600F02C
S214032680C8B908BD10B590F8D0300E2B04462BD031
S2140326900175D0F8900020B3D4F8A0304BB994F865
S2140326A0D9308B420BD320460022BDE81040E3F717
S2140326B0D7BDB4F92420B0F912309A42F3DD94F86A
S2140326C0D91000222046E3F7CBFD60B9C4F890008A
S2140326D0204600F0EEF901462046BDE81040E4F738
S2140326E0F1BEFF23637510BD0220FCE70346D0F856
S2140326F0D0000860B3F8D4308B800020704790F881
S214032700D0300E2B14BF407DFF20704738B50546EA
S2140327100C46E4F749FC88B10CB1002038BD4FF4F1
S21403272000612846E3F768F800224FF480712846D4
S214032730E3F74EF8003818BF0120EFE74FF40061C7
S2140327402846E3F759F840B1002CEDD095F8CA3087
S214032750002BE2D14FF48072E7E72202E5E74FF45D
S2140327608071E3F749B84A024FF40071E3F730B8D3
S2140327708A024FF48061E3F72BB84FF40071E3F756
S2140327803BB83F2B084610B5114619D9B3FA83F365
S214032790C3F11902D2B2062A01D8192B0ED0062A83
S2140327A028BF0622931DDBB201249C40A4B2A1429B
S2140327B028BF2146E4F7F4FE204610BD0022F1E7C9
S2140327C00024F9E713883F2B10B5084616D9B3FA49
S2140327D083F3C3F11901C9B2062901D8192B0BD00B
S2140327E0062928BF06218C1DE4B20123A3401380CB
S2140327F0E4F7F4FE002010BD0021F4E70120FAE719
S214032800E3F740B810B5084614460121E1F73AFA53
S21403281020460121BDE81040E1F734BAF8B5044676
S2140328200E461746FAF7D4FE3A4605463146204684
S21403283000F02CFA04462846FAF7CEFE2046F8BDEA
S2140328400220704703207047E0F7A2BE10B5E4F7F6
S2140328500FF9044608B9E2F7A9F9204610BD7047F8
S21403286070B505460E461446FFF7BCFD31462846AE
S21403287000F0EAF8FFF7B6FD04F00903082B04D1CD
S2140328800C2C1CBF24F00804A4B221462846E3F708
S21403289011FA00224FF400312846E2F799FF002090
S2140328A070BD8021E2F7A8BF7FB5531C05AAADF81B
S2140328B01410029202210022CDE90021DBB2114658
S2140328C0E2F7A4FF07B05DF804FB7FB5531C05AA27
S2140328D0ADF81410029204210222CDE90021DBB2E6
S2140328E000220121E2F792FF07B05DF804FB1FB553
S2140328F0531C029100220821CDE900210122DBB2FC
S2140329001146E2F783FF05B05DF804FB07B591F8BF
S2140329102830009391F82B3091F8292091F82A104B
S214032920E4F720FB03B05DF804FB38B50546E3F790
S214032930BBF904462846E3F795F9072811D1D5F8DD
S2140329409030DB6924F47F4121F0080103B15B7802
S21403295041EA032141F020012846BDE83840E3F769
S214032960A9B924F02001F7E7081E18BF0120704715
S21403297000207047022070470020704701207047F0
S21403298000207047002070470120704700207047E2
S214032990E4F756BA08461146E4F742BC70B5054656
S2140329A00C4611461A46E4F75DFB06682B4620469E
S2140329B0B446BDE87040604710B5E4F753FBBDE886
S2140329C0104083681847E1F749BA4942FFF7FBBF4F
S2140329D07047431E012B03D9031F584258417047C3
S2140329E001207047FFF7FABC4FF4A472002103F0EE
S2140329F017B810B500210446FFF72AFC2046BDE8A9
S214032A001040E3F7FBBEE3F735B9E3F755BBFFF733
S214032A101CBEE3F757BBFFF728BED0F88C0070B593
S214032A20C468002324259C4201D1012070BD82681E
S214032A3005FB0322D6898E4202D8128A8A4201D225
S214032A400133F0E70020F1E7F8B505460E46E4F754
S214032A50A9FBD5F88C307BB15B696BB1E1F704F960
S214032A60D5F88C305B691B1A584240F26B124FF054
S214032A7042015841E4F75EFDF76800224FF6FF7304
S214032A804FF0240CD0B2B84208D31C462146284641
S214032A90E4F718FDFFF7A5FC2046F8BDB1680CFB6C
S214032AA00011CC899C4202D2002CEFD0234601327F
S214032AB0E8E7008B70470A7838B505461046FFF7F7
S214032AC088FF60B14C782046FFF783FF38B1224376
S214032AD0530704D42846BDE83840E3F7F9BA012083
S214032AE038BD10B504460878FFF773FF58B14A7827
S214032AF01046FFF76EFF30B1042A04D02046BDE827
S214032B001040E3F71DBB012010BDE3F759B8E3F708
S214032B10BFBD73B50D7806460C4635B304238DF852
S214032B20043023798DF8053001A93046FFF7D9FF25
S214032B300546B8B92278A37952BB8DF80430E379F9
S214032B408DF8053001A93046FFF7B5FF054648B9AD
S214032B5023783BB161883046E3F72AFC01213046EF
S214032B60FFF7D4FD284602B070BD2946FFF7CEFD19
S214032B7029463046FFF7F7FD29463046FFF7F8FDAE
S214032B802378002BCAD123798DF804306379C9E7FB
S214032B9002228DF80420D3E7FFF7E5BDFFF7EDBD6E
S214032BA0FFF7EFBDFFF70EBE08461146E4F7E0BE9B
S214032BB0C0F89C1000207047E3F738BC70B5144685
S214032BC086B005460E46122200210DF1060002F0DD
S214032BD027FF2368009369462846ADF80460E3F7A9
S214032BE01FFD009B236006B070BD38B5044615462E
S214032BF009B1FFF705FE25B12046BDE83840E3F7E7
S214032C002BBD38BD084611461A46BDF80030FFF7FF
S214032C10DEBC2DE9F74F1C469DF830300193036860
S214032C2003F00703063301259D400646174605F1C4
S214032C30FF380B46A1B1416804EA080BA5EB0B0A63
S214032C4041F00059524509EB0B0114D95246184678
S214032C5002F020FE7A1B5A444946504402F01AFEFC
S214032C60019B2BB13C4448EA050804EA0804F460D7
S214032C7003B0BDE8F08F1846F0E737B5002500959A
S214032C801446FFF7C6FF204603B030BDF7B505462A
S214032C900F4668461146E4F739FF064698B197B1E2
S214032CA0DDE900311B0A43EA0163A5FB0343090A76
S214032CB005FB0135E0F7D8FF0023024629462046E8
S214032CC0F8F7C6FF3860304603B0F0BD38B14FF4AE
S214032CD07A735843A0F6AC50401AE4F7D3BF4CF2CD
S214032CE05030FAE700228A4202D14FF0FF30704795
S214032CF050F8223093FAA3F30BB90132F3E7B3FA91
S214032D0083F000EB4210704710B50446E5F77AF9F6
S214032D1021460020E7F732F8BDE81040002000F017
S214032D20C8B9704708B5E7F781FF80F00100C0B265
S214032D3008BDFFF716BB704700207047704770B595
S214032D40144681F0010519B90D2A07D1FF2018E0B2
S214032D500D2A03D100780538C0B212E0084400F00B
S214032D6047F8C5F1040110F440660246C9B209D11A
S214032D70042C084605D0052C16D112F0400F18BFB8
S214032D80084670BDC5F10603042CD8B2F9D0B6F5D3
S214032D90006F03D1C5F10805E8B2ECE7B6F5406F5E
S214032DA0E9D1C5F10E05F7E712F4404107D1062C29
S214032DB0E7D0072CE5D0082C13D10130CCE7550615
S214032DC05CBF831CD8B2062CDBD0B1F5004F02D112
S214032DD0831CD8B2EDE7B1F5404FEAD100F1080302
S214032DE0F7E7130744BF0530C0B20C2CC9D9ADE7CB
S214032DF0008870470170090A4170704710B50024B7
S214032E00E3B210B9C3F10303DBB20134042CCA5492
S214032E104FEA1222F4D110BD10B50B784C788A789D
S214032E20C97828B91046224604460846194603467A
S214032E3042EA012043EA042343EA004010BD10B5EA
S214032E400C46E7F7AFFD048010BD38B50C461546B3
S214032E50E7F7A8FD03881DB11C43A1B2018038BD66
S214032E6023EA040189B2F9E708B5E7F79BFD008872
S214032E7008BD08B5E7F796FDC07808BD08B5E7F7BF
S214032E8091FD008800F00C0008BD08B5E7F78AFD41
S214032E90008800F00C00031F5842584108BD38B59F
S214032EA00546E7F77FFD04462846FFF7EEFF30B9F1
S214032EB004F11000FFF79CFF00F4406038BD4FF4A8
S214032EC00060FBE738B50546E7F76CFD0446284681
S214032ED0FFF7DBFF014648B9103420460422E6F725
S214032EE0FBF92044BDE83840FFF782BFA08838BD11
S214032EF010B50C46E7F756FD848010BD38B5054679
S214032F00E7F750FD04462846FFF7BFFF014608B122
S214032F10201D38BD103404222046E6F7DDF9204490
S214032F20F7E738B50546E7F73DFD04462846FFF7BD
S214032F30ACFF30B904F11000FFF75AFF00F440402D
S214032F4038BD4FF40060FBE738B50546E7F72AFDC2
S214032F5004462846FFF799FF014648B91034204631
S214032F600622E6F7B9F92044BDE83840FFF740BF2C
S214032F70A08838BD38B50546E7F714FD044628464D
S214032F80FFF783FF014608B1201D38BD1034062223
S214032F902046E6F7A1F92044F7E708B5E7F702FD70
S214032FA0007A08BD08B5E7F7FDFC90F9090008BDEF
S214032FB008B5E7F7F7FC807A08BD08B5E7F7F2FC33
S214032FC0C06808BD10B50C46E7F7ECFC047210BDEC
S214032FD010B50C46E7F7E6FC447210BD10B50C4678
S214032FE0E7F7E0FCC46010BD2DE9F8430F468046C2
S214032FF0002107F1100016469946E7F799FD0446A7
S214033000D0B1E7F7CFFC05462046E7F7E7FC0021FB
S2140330100246284602F004FD0023AB7049F0040183
S2140330202046FFF70CFFA5F804802EB13A4631463A
S21403303005F1100002F02EFC2046BDE8F883F8B533
S21403304005460F4610200021E7F772FD0446B0B18F
S214033050E7F7A8FC06462046E7F7C0FC0021024631
S214033060304602F0DDFC0023B37039462046FFF7F6
S214033070E6FE25B12A4601212046E7F731FD204624
S214033080F8BD08B5E7F78EFC103008BD08B5E7F7BE
S214033090A5FC1038C0B208BD10B50C46098821B986
S2140330A00846F7F73BF8208008B1012010BD022040
S2140330B0FCE70020E6F78EBD08B5E7F713F8002017
S2140330C008BD4088C0F30C0003308008400004307D
S2140330D0704708B520B1E7F779FA00F0010008BD9C
S2140330E00120FAE708B5E7F7A9F9BDE80840FFF7B6
S2140330F0F0BF70B50E46054611463046E7F718FD95
S214033100044635B128B1E7F74DFC3246294602F0AE
S2140331106DFC204670BD0088B0FA80F04009704709
S214033120008810B1C9B2E7F7C7BC70472DE9F04174
S214033130B0F8008006460C46D5B2B8F1000F11D0A1
S21403314029464046E7F7B8FC224607462946404646
S214033150E7F7C6FC3A4629462046E7F7C1FC348023
S214033160BDE8F0810F46F5E738B50588002204462A
S214033170FFF7DCFF05B1258038BDF8B507460D46D9
S214033180008800211646E7F797FCB042044605D1AF
S21403319029463846BDE8F840FFF7E6BF002120463B
S2140331A0E7F78AFCB04205D020460021E7F784FC07
S2140331B00446F3E72A4620460021E7F791FC324609
S2140331C028460021BDE8F840E7F78ABC03460846D0
S2140331D01B888B4202D00021E7F76EBC00207047A5
S2140331E038B5044638B10021FFF79AFF002301469D
S2140331F05D1C09B998B238BD2046FFF7E7FF2B469A
S2140332000146F5E7F8B5058807467DB1CCB22146F9
S2140332102846E7F751FC8542064609D100233B8042
S214033220002221463046E7F75BFC35462846F8BDC4
S2140332302146E7F741FC214602462846E7F750FCBD
S214033240EEE72DE9F04707888246884614465FB3C3
S2140332503846E7F7C3FB3D460646E4B22146284612
S214033260E7F72AFC4045814616D12146E7F724FCBA
S214033270214602462846E7F733FC474504D1454531
S21403328008BF0025AAF80050002221464046E7F76B
S21403329027FC3046BDE8F0878742FAD0E7F79EFB67
S2140332A0304486B24D46D9E73E46F2E72DE9F0476D
S2140332B080460F4602F1FF3906460024BC4202D27E
S2140332C019F8015F25B9A6EB0800C0B2BDE8F08780
S2140332D09A46A5F13102012A5AF8041B10D8324641
S2140332E0322D02F8011B06D10134E4B2A74232D3D1
S2140332F00912B21C71700134E4B253461646DDE778
S214033300342D0CD10334BC42DDDA0B0A31707370F2
S2140333100B0C090EB370321DF170E4B2EBE7A5F1A6
S2140333203302062A0DD8303DEDB22B19BB42CADA5A
S2140333302A463046013C02F059FB55FA84F47219CA
S214033340EBE7A5F14102062A01D8373DECE71D79E4
S21403335003F1080AE9E71646B5E770B5054600889F
S2140333600C46E7F73BFB844228880AD9E7F736FB87
S2140333700023221AD2B228461946BDE87040E7F762
S2140333805DBC2146E7F746FB002070BD2DE9F843F8
S2140333900746084616469DF8209088461C46E7F7DB
S2140333A001FB8519CCB1C5B14046E7F717FB2644A8
S2140333B0864214DC2246B9F1000F06D12946384668
S2140333C002F014FB0020BDE8F883B9F1010F39467B
S2140333D02846F5D002F05EFAF4E72120F3E71D2035
S2140333E0F1E738B50546E7F7DDFA04462846E7F77A
S2140333F0F5FA002201462046BDE83840FFF779BEBD
S214033400F8B516460C461D46BDF81870E7F7CAFA17
S21403341004443046E7F7C6FA3A4641192046BDE863
S214033420F84002F0E3BA70B50C460131C9B206465D
S214033430E7F7A8FC214605463046E7F7A3FC00EB72
S214033440052080B270BD1FB50123ADF80C20009394
S2140334500A460223014603A8FFF798FF05B05DF866
S21403346004FB73B504460D46402000211646E7F7D5
S2140334705FFBADF80600E7F795FABDF8063013B91B
S214033480002002B070BD402133462A462044FFF791
S2140334900DFF2118C9B20DF10600FFF75EFF0028E5
S2140334A0EED1BDF80600ECE70EB403B503AA52F856
S2140334B0041B0192FFF7D5FF02B05DF804EB03B0DF
S2140334C0704700220123C0E900237047F8B504467D
S2140334D001270026FAF787F823683BB9FAF789F835
S2140334E063680022012B0ED16360F8BD1D691F615E
S2140334F02660FAF77EF8012DF2D02B462D691E6161
S214033500012DFAD1E6E719691A610B46EAE7006965
S214033510003818BF01207047036823B940680128A4
S21403352003D0E7F75DBC002070474FF0FF307047CD
S214033530F8B50546FBF797FB01230646A8602B73F1
S2140335400027FAF750F82B6802467BB11C692169FD
S214033550A1420CBF2F60196127611046FAF749F89C
S214033560012C08D0636820469847EAE76C68012C6C
S21403357004D1FAF73EF800232B73F8BD6169711A7C
S214033580B1F1004FF5D8216969602361E5E7702042
S214033590704770207047002070470144884201D16D
S2140335A00120704710F8013B9342F7D00020704784
S2140335B00821FDF709BB30B5014693B00546002048
S2140335C0E5F712FB10F0FF040BD16A4621462046AE
S2140335D0E6F7F6FA6A46214620468DF80250E6F7E5
S2140335E0CFFD204613B030BD00B5002193B06A4628
S2140335F00846E6F7E5FA9DF9020013B05DF804FB0A
S21403360000B5002193B06A460846E6F7D9FA9DF856
S214033610000013B05DF804FB08B5E5F739FE003883
S21403362018BF012008BD012070470020704770476F
S214033630704770477047704770477047704700B5CC
S214033640002193B06A460846E6F7BAFABDF80600C4
S21403365013B05DF804FB10B5002192B004466A4629
S2140336600846E6F7ADFA00216A460846ADF8064076
S214033670E6F786FD12B010BD00B5002193B06A468A
S2140336800846E6F79DFABDF8040013B05DF804FBA0
S21403369010B5002192B004466A460846E6F790FA4B
S2140336A000216A460846ADF80440E6F769FD12B005
S2140336B010BD70472DE9F04F85B00C469146804605
S2140336C0FFF7DCFB671C05463846FFF791FB042D26
S2140336D040F08B804046FFF7D4FC037803F00303E7
S2140336E0012B4FF009024FF00101204614BF4FF0A3
S2140336F0020B4FF0030BE5F7EFFD09220021054609
S2140337002046E5F7E9FD21788DF80F000139002200
S21403371089B22046FFF7EDFC04EB090A0646D0B152
S2140337202A4601460DF10F035846FBF773FD0228A0
S214033730054626D13046E7F751F9C0B2207000237C
S214033740013800930122C3B231463846FFF71EFE06
S2140337502378013323704046FFF786FB020424D404
S2140337609AF8013021789B071FD50139A1EB09018F
S2140337704246C9B25046ECF7FFFC23781844207043
S21403378013E020B92070284605B0BDE8F08F032863
S21403379009D15046FFF72CFB20F4007189B250463E
S2140337A0FFF728FBD7E70428D5D101252178002287
S2140337B02046FFF79EFC06460028E4D00023014679
S2140337C001221846FBF726FD022819D13046E7F7F3
S2140337D005F9C0B220700023013800930122C3B25A
S2140337E031463846FFF7D2FDCDE780F0800520F05E
S2140337F0800081B23846C5F3C015FFF7FBFAD5E75C
S2140338000028C0D12070BEE708B50020FFF78AFA6B
S21403381080F00100C0B208BD0A4608B50146002084
S214033820E7F72AFFB0FA80F0400908BD0020E6F764
S214033830D9BD00210846E6F751BA0020E5F7B2B92C
S21403384008B5E7F781FF003818BF012008BD01203F
S2140338507047E8F79DB810B50C46098821B90846A5
S214033860F6F740FC208008B1012010BD0220FCE7DB
S21403387010B50446FDF776FE08B9FDF775FE030599
S2140338800FD40C231B2B01D1002009E020FA03F1EF
S214033890C90703F1010206D5DBB2E31A58425841C1
S2140338A010BD0B23F9E71346ECE710B50C46098861
S2140338B019B90846F6F732FC2080012010BD4029CE
S2140338C008B5104604D009D811B13F290CD0C9B2A7
S2140338D000F02AFBBDE80840FBF7E8BE412905D007
S2140338E04C29F4D18D21F3E73121F1E74221EFE7AB
S2140338F070B592B004460D4616466A46E6F760F97A
S2140339006A46294620468DF81F60E6F739FC12B052
S21403391070BD07B50DF10701E8F76AFA20B19DF807
S214033920070003B05DF804FBFF20FAE710B50C466A
S214033930E8F764FB2046BDE81040E8F775BA0129AE
S214033940F8B505460C461DD003291ED0052920D000
S214033950072922D00026002400270120E5F718FCBB
S214033960304485421DDA0320E5F712FC20448542E5
S21403397019DA0520E5F70CFC38448542B4BF072066
S2140339800520F8BD6FF00406E5E76FF0040405268E
S214033990E2E700266FF00407DFE700242646052744
S2140339A0DBE70120EDE70320EBE738B50546002407
S2140339B02046E5F7EDFB0134A842E4B202D9062C13
S2140339C0F6D10724204638BD38B14379490023F0A1
S2140339D00C0301F00C010B434371704710B504460A
S2140339E078B141794088490801F006010131000A9F
S2140339F0FFF7A5FF024601462046FFF7E5FF104600
S214033A0010BD0722FBE738B50D46E8F7E5FA04468E
S214033A1008B9002038BDFFF7E1FF002DFAD123795E
S214033A2013F00703F5D0984238BF1846C0B2F1E743
S214033A30037923F00703194301717047037903F0F1
S214033A400F0343EA0113037170470022E8F76ABEC7
S214033A50002108B50122E8F765FE401A18BF0120C9
S214033A6008BD38B51546FFF7F0FF04462846FFF7AE
S214033A7050FF84B1FF2804D0626822FA00F3DB0704
S214033A8001D5012038BD0123834013436360E378E7
S214033A900133E370F5E72046F4E7E9F7B1B80146EA
S214033AA0102307220120E7F7C5BA10B5E6F77AFF19
S214033AB000F110042046FFF79BF920F4007189B249
S214033AC02046BDE81040FFF795B92DE9FF418DF874
S214033AD00D301B0A15468DF80E3001919DF82C30DB
S214033AE08DF80C0001218DF80F300091042303AAF2
S214033AF028469DF828809DF830709DF8346001F0C4
S214033B009EFC044670B12946FFF7F2F9B8F1000FA0
S214033B1002D12046FFF7C9FF2FB146B931462046EA
S214033B20F3F7B0FF0024204604B0BDE8F08100237D
S214033B301A4619462046E8F7E5FFF3E74FF47A708E
S214033B40E9F73AB9F0B5064687B010461C460F4665
S214033B501546FFF796FA9DF8303018444378A4B11B
S214033B60617811F0020F4FF001020CBF0321002110
S214033B700020CDE90310CDE901420095072239461E
S214033B803046E9F7B5F907B0F0BD22462146EFE720
S214033B9008B5E7F7D5F9BDE808400020E9F7DABB32
S214033BA01FB504466846FFF77AFF54B100238DF825
S214033BB005301023072269460020E7F73BFA04B0D6
S214033BC010BDFFF73CFDADF80600FFF755FDADF859
S214033BD00000EEE700B58BB06846FFF760FF009B7A
S214033BE0BDF80600069304A9E9F78CF80BB05DF858
S214033BF004FB1FB504466846FFF751FF02AB03CB31
S214033C002060616004B010BDFF22E9F7BDBC38B583
S214033C10D31E012B04460D46104607D8E9F7C8FB0A
S214033C2029462046BDE83840FFF7EEBF022038BDE0
S214033C301FB5062304468DF80C30E9F705FD00236F
S214033C40CDE900338DF80D00022303AA0121204697
S214033C5001F0F5FB04B010BD70B50C460546012017
S214033C60EAF7E0FB237B4BB1FFF7E9FC014623466B
S214033C702A460120BDE87040E9F774BE4FF6FE7190
S214033C80F5E7F8B50E460746FFF7FBF90546FFF7D7
S214033C90AFF800F44040B0F5404F14BF00220622B0
S214033CA002F10A030B32EB5C5C0004F00E045B08C3
S214033CB0144403F0380338461C44FFF7E7F98442FC
S214033CC008D2001BC2B20F2A28BF0F22291930467A
S214033CD001F0E0FD2046F8BDD020EBF7C9BA13B5D6
S214033CE0F4F772F96946044601F020F858B1FFF775
S214033CF0A6FC40B1E7F73AFA28B100230222694648
S214033D002046F1F7A9FC02B010BDFF224FF6FF7163
S214033D10EBF7F6BC0020FFF7F8BF37B508230546D8
S214033D200C46092269460120E7F784F915B19DF888
S214033D3006302B700CB1009B2360BDF8040003B063
S214033D4030BD07B500210DF10700FFF7E6FF9DF82C
S214033D50070003B05DF804FB07B508238DF80600DB
S214033D60ADF804100092694609220020E7F762F9CD
S214033D7003B05DF804FB13B5044601A90020FFF762
S214033D80CCFF019A01462046FFF7E6FF204602B025
S214033D9010BDF0B50F46002187B004460846164608
S214033DA0FFF7BBFF012305460DF10A008DF8084017
S214033DB08DF80930FFF71DFF092C1DD131460DF193
S214033DC01200FFF717F805AB02AA9B1A0021CDE9EC
S214033DD000112846DBB2642101F031FB0546E0B151
S214033DE0092C15D1EBF750FE044688B12846EBF7AD
S214033DF05FFE204607B0F0BD31460DF113008DF887
S214033E0012704FF6FF75FEF7F5FF0DF11503DBE7AE
S214033E10284600F02EF80446EBE70446E9E77FB5AC
S214033E200D461646ADF80E00E6F7D8FD841BE4B241
S214033E30BDF80E20631B9BB21046009329467319E8
S214033E40FFF7DEFA21460DF10E00FFF786FA04B0FF
S214033E5070BD38B504460D4600F0A3FF40B1AC4232
S214033E6006D02046F4F732F9BDE8384000F0F3BF39
S214033E7038BD10B50446FFF704F90230FEF7B8FF65
S214033E804FF6F7739842204603D9BDE81040EBF788
S214033E9095BFEBF7DFFFB0FA80F0400910BD0022B4
S214033EA0EBF7AEBE70B50546FFF7EBF806462846B9
S214033EB001F0E9FA01462846E6F764FF0446284679
S214033EC0FFF700F84FF6F773984208D8337803F0F5
S214033ED00303012B05D1A31E5842584170BD012090
S214033EE0FCE70020FAE730B585B041F203330D4610
S214033EF0ADF808300446FFF7A2FB8DF80A00FFF77B
S214033F009EFB0021000A8DF80B00CDE90011052366
S214033F1002AA20468DF80C5001F091FA10B1214602
S214033F20FFF7BDFF05B030BD70B504460D4691B131
S214033F3031294FF0000600D135462046FEF79EFF96
S214033F4008280AD101212046E6F7B6FD2946BDE832
S214033F507040FBF7B0BA0126EFE72046FEF78EFF68
S214033F60024630B9BDE870404FF6FF710120FCF7FA
S214033F70F3BD2046FEF793FFB0F5006F0ED1204643
S214033F80FEF7A0FF4FF6FF739842014617D0002DA9
S214033F900CBF032005200022FCF7DEFD2946204641
S214033FA0E8F76EFE68B929462046EDF7D1FB40B91F
S214033FB0324629462046BDE87040ECF70FBA01208A
S214033FC0E9E770BD37B54FF6F675D3F7F5FA431E36
S214033FD09BB2AB420446F8D8E7F7FEFF0028F4D1BD
S214033FE069462046E7F7C2FA0028EED0204601F0DD
S214033FF000F80028E9D12046FFF72AFD0028E4D17F
S2140340002046EDF717FC0028DFD1204600F0C9FE56
S2140340100028DAD12046FCF7EAFD0028D5D1204651
S21403402003B030BD73B504460E46EDF703FC0546F4
S21403403088B92046EDF758FC214600952B460D22FD
S2140340404FF6FD7000F053F83146204602B0BDE847
S2140340507040EDF70BBC02B070BD37B5054614468D
S2140340600C2914D8DFE801F02913291313130713B7
S2140340701313132424006946E7F778FA18B90121C5
S2140340806846F1F7AFFE42202946F6F709FFBCB1B2
S2140340902046FEF7F6FF0230FEF7AAFE4FF6F7734A
S2140340A098420DD9204603B0BDE83040ECF79CB8E3
S2140340B00B2914BFAA20A920E6E7F5F7B1FBE6E72C
S2140340C003B030BD1FB50346084603218DF80C1018
S2140340D08DF80D3000210123CDE90031ADF80E2017
S2140340E0042303AA01F0ABF905B05DF804FB2DE940
S2140340F0F34106469DF820800F4614461D46FFF7FB
S2140341009EFAB04207D100222146384602B0BDE8E7
S214034110F041FFF7A2BF3A4631462046FFF7D2FFEB
S214034120ADF8060060B10D2C05D100224FF6FF71E5
S2140341302820FCF711FD35B9BDF80600FFF799FEF8
S21403414002B0BDE8F0810123424629460DF1060080
S214034150E6F774FDBDF80630002BEDD1F0E7F7B5B2
S2140341600C460546FEF78DFF611CC9B20646284677
S214034170E6F708FEA11C0746C9B22846FFF753F91F
S214034180014604463846FBF766F90D2F34D1204620
S214034190EDF750FB78B1301DFEF72AFE044628469D
S2140341A0F679FEF7D1FE31460246204603B0BDE857
S2140341B0F040FFF756BCB01CFEF71AFE4FF6F77337
S2140341C0984202D92846ECF70FF82046EDF78CFB09
S2140341D0FFF735FAA04205D1002003B0BDE8F04052
S2140341E0EDF7C6BBB068F1686B4603C36946204665
S2140341F0EDF73CFB03B0F0BD2A463946204603B034
S214034200BDE8F040FFF729BF1422002101F008BCE7
S2140342102DE9F0470B078EB004460E4615465CD1D3
S2140342200120DCF78FF909A8FCF713FD092309A879
S2140342308DF82430FCF711FD09A8DCF755F901A920
S21403424009A8FCF76DFF26F00F072F4404F11008AA
S21403425004F10F09BD4211D123693344236101A937
S21403426009A8FCF742FF0020DCF76CF9B6F1005F03
S2140342702CBFB12000200EB0BDE8F08705AA234668
S2140342809646186859689446ACE8030008334345D5
S2140342906246F6D12B46224605F1100A53F8041B54
S2140342A042F8041B5345F9D1714609A8FCF71DFFD4
S2140342B009A8DCF719F9224621460120DCF7D4F8D1
S2140342C0013D631E13F8012F15F8011F4B4582EAC3
S2140342D001021A70F6D15546BCE77020CBE7F0B55D
S2140342E085B0174605460C4610220021684601F0A5
S2140342F097FBBFB3C4B30F2C04F00F0608D924F002
S2140343000F043A4621462846FFF782FF40BB274460
S21403431032463946684601F0BDFA2F6906F11003A6
S21403432037446B448022B7F5005F03F8102C2F61E7
S214034330C6F110061AD3062E1FDDFB001A0E8DF8E3
S2140343400A201A0C5BBA8DF80B20ADF80C306A46BF
S21403435010212846FFF75CFF2B69103B2B610020DA
S21403436005B0F0BD3E46D8E72646D6E7022E04DD66
S214034370FB005BBAADF80E30E9E76A461021284623
S214034380FFF746FF2B69A3F110042C6110220021CE
S214034390684601F045FBB7F5005F4FEAC403CDD28C
S2140343A0E7E770B586B00E46054601A81446FFF744
S2140343B02BFF3246294601A8FFF791FF05AE0546B7
S2140343C001AB22461C4603CCB44210605160234620
S2140343D002F10802F6D1284606B070BDEDF76ABBB7
S2140343E00A460021EDF766BBF0B58BB00C4601A973
S2140343F0EDF760FB054688B325220021E01C01F09B
S2140344000FFBBDF810700123A370FA054FF00E03DF
S214034410238010D523464FF4877223F8042B06AE69
S2140344200DF1280C324603CA6245186059601646D9
S21403443003F10803F6D13B0605D5238843F0800332
S2140344402380069B636001AB03CB039BC4F81D006C
S214034450C4F82110A361EEF783FD606128460BB014
S214034460F0BD30B5054687B001A80C46FCF7F1FB56
S2140344702868696802AB03C39DF8113043F0020253
S2140344808DF8112074B12288510644BF43F0060309
S2140344908DF81130530542BF9DF8113043F00803E1
S2140344A08DF8113001A8FCF77AFDB0FA80F04009C8
S2140344B007B030BD70B58AB00D46002201A9044688
S2140344C0EDF7F8FA88B104A92046FFF7CAFF60B1F2
S2140344D0BDF81060FFF7B3F838B9720601D5730557
S2140344E003D529462046FBF707F80AB070BD2DE929
S2140344F0F3410F4605461646E6F770FAC41BE4B2C8
S2140345004FF000082946CDF8008023463A46304649
S214034510FEF73CFF01212846E6F7CEFA88B10121D3
S2140345202846E6F7C9FA0746E6F758FAC5B22B4611
S2140345303019CDF8008042463946FEF727FF25445A
S214034540ECB2204602B0BDE8F0812DE9F74F0C9E91
S2140345509DF834808946054693461C46E6F73EFAA0
S214034560012723464A462946824600975846FEF7C1
S2140345700DFF39462846E6F79FFA4C4428B33946DA
S2140345802846E6F799FA5FFA8AFA5445814611DA1D
S214034590E4B2AAEB040B5FFA8BFB22463046009785
S2140345A05B4629464444FEF7F1FEA4EB0A045E4448
S2140345B004F0FF0801230C93002243464946304685
S2140345C003B0BDE8F04FFEF7E1BE0C974346E2B2F8
S2140345D02946F4E72DE9F04186B00026074608464B
S2140345E00C4615469846CDE9026604968DF8146087
S2140345F0E6F7F4F9411BCBB20D2B28BF0D2300962B
S2140346002A46214602A8FEF7C1FE424602A93846BC
S214034610EDF7BAFC9DF80820064629462046E6F73D
S214034620C5FB304606B0BDE8F0812DE9F04F0E46D7
S214034630CBB00121054617461C46E6F73DFA23464E
S2140346403A462946814606A8FFF7C4FF0DF1280A15
S21403465000EB070B5FFA8BFB524631462846FFF703
S21403466046FFB34503D200204BB0BDE8F08FABEB5B
S21403467006085FFA88F808F104039842F3DB331F51
S2140346801844C4B204230193A31BDBB20093CDF8F2
S21403469008A043465246002106A8DBF76BFEC0B2CD
S2140346A00028E0D1A4EB0B040AEB0803E4B252465D
S2140346B028460093314643460194FFF746FF3946A2
S2140346C02846E6F75FFB394600F0F8022846E6F789
S2140346D06DFB01212846E6F7EFF9002818BF4D4683
S2140346E02846ADF81650E6F779F9011FC9B20DF161
S2140346F01600FEF732FE0120B6E72DE9F041044628
S21403470000F0C1FE411C074689B2204600F08EFE2B
S21403471098B397B339462046E6F734FB00F00C030C
S214034720042B054629D000F00308B8F1020F00D188
S2140347301BBB284600F030FF2B060744BEB216D537
S214034740711C89B2204600F071FEB0B1F9B2204662
S214034750E6F718FBB8F1010F014600F003030CD08F
S214034760032B0AD0284600F026FF304486B2314693
S2140347702046BDE8F04100F059BE0020BDE8F081B8
S214034780F8B5064600F041FE054604463046FEF7F9
S21403479078FC43785B0718D5AC1CA4B22146304698
S2140347A000F044FEB8B129463046E6F7EBFA691C3A
S2140347B00746C9B23046E6F7E5FA1FB1874201D885
S2140347C0FF2808D104EB4704A4B221463046BDE8CF
S2140347D0F84000F02BBE0020F8BD13B5044601A830
S2140347E0EDF712FEBDF80430DA0710D49B0707D4A2
S2140347F010220021204602B0BDE8104001F010B997
S214034800224621461020FFF7CCFD0028F0D102B047
S21403481010BD13B50024CDE9003413460A460146FD
S2140348200620EDF71DFE02B010BD08B50246EDF7F3
S2140348300DFE510544BF0838C0B2130544BF0838FF
S214034840C0B208BDF0B5D3078BB005460C4649D5B4
S214034850008800F018FE00230646029314B9CDE93B
S214034860034403AC002208212046FEF796FEA0B1BF
S2140348702888FEF706FC0230FEF7BAFA21460746FA
S214034880E6F774FE48B1002240231146384600F08E
S2140348902AFABE2528460BB0F0BD31462888E6F72F
S2140348A071FA10F0030F0CBF01260026EDF746F948
S2140348B046EA4000C0B2009002AB05AA002120469B
S2140348C0EEF78AFF0546EDF739F90028E2D0002D0A
S2140348D0E0D0009602AB05AA00212046EEF77CFF47
S2140348E00546D7E7A625D5E701461A230822012061
S2140348F0E6F7A0BB00231A46EEF7CABE30B58BB068
S21403490005AD04462846FCF7A4F9022301A9284668
S2140349108DF81430FCF704FC01AA2346144603CC96
S214034920AC4218605960224603F10803F6D10BB077
S21403493030BD08B50023024619461846EEF7A8FE12
S214034940012008BD37B504466846EEF717FF05464F
S21403495048B108222146684601F038F8B0FA80F0DC
S214034960400903B030BDFF2208212046FEF715FE9E
S214034970034628B106212846FFF7BCFF0120F0E7CF
S21403498022460146EEF784FEF8E707B56846EEF7DB
S214034990F5FE10B16846FCF786FD00F0010003B093
S2140349A05DF804FB0120EFF739BC704737B50446C2
S2140349B00846FEF7A3FA0546FEF741FE0023014626
S2140349C0009322462B460120F5F74EF803B030BD80
S2140349D030B589B0054603A8FCF73BF9012401A8C6
S2140349E08DF80C40FCF74BFB9DF806209DF807302E
S2140349F0AA4209D0AB4209D103A88DF80D40DBF7D4
S214034A0073FD012009B030BD0024F5E70020F9E767
S214034A1008B5002211461046EFF746FFBDE80840EA
S214034A2000214FF6FF70FFF765BF00221021FEF747
S214034A30B4BD7FB502460D460D2317216846FAF727
S214034A4041F902AE6B462A461C4603CCB4421060BC
S214034A505160234602F10802F6D1206810602379DC
S214034A60137100236B7304B070BDF0B585B06C464C
S214034A7006460B4601F1080722461868596825467C
S214034A8003C50833BB422C46F7D1186828601B7948
S214034A902B7131460D231720FAF71DF905B0F0BD2B
S214034AA038B504460D46DBF779FAA04205D9204609
S214034AB02946FFF7BEFF002038BD6920FCE730B566
S214034AC085B000248DF80040DBF768FAE5B2A8420B
S214034AD004D8F0F7E9FF002005B030BD6946284644
S214034AE0FFF7C3FF0134EFE738B504460020F3F7BA
S214034AF0BDFAFF2805460FD0F3F778FB10F0010048
S214034B0009D02846F3F772FB400840EAC17080F0EC
S214034B10010000F0010038BD04F00100FBE7F8B522
S214034B20014606460020F0F7F9FEFF2801D00120D3
S214034B30F8BDDBF723FA00240546871CDBF722FAC9
S214034B40E3B2984201D80020F2E735F82430B342A6
S214034B5003D117F82430002BE9D10134EEE738B53A
S214034B600D4601210446E5F7A7FF30B10121204693
S214034B70E5F7A2FF2880012038BD2C80204600F0F0
S214034B8079FD0130C0B2F7E72DE9F04788B0074654
S214034B90894610460DF10A011D469046FFF7DFFFD2
S214034BA0BDF80A6004464FF0000A3046CDE905AA70
S214034BB0CDF81BA0E5F712FF031BDBB20B2B28BFB8
S214034BC00B23CDF800A02246314605A8FEF7DEFBF0
S214034BD048F21F039D4243D00BD885F40043012BB4
S214034BE015D900972346424649462846FCF773FCE8
S214034BF033E048F23A039D42F3D1FEF720FDB84274
S214034C002BD02246414605A8FCF798FC25E09DF8E4
S214034C10143013BBBDF81D40DDF81500DDF8191080
S214034C2003AB03C303A92046DBF722F9012203A93A
S214034C302046ECF7D1FEA74206460ED0012103A874
S214034C40F1F7D0F848F201039D4206D12EB9334658
S214034C5032463946204600F0FDFD08B0BDE8F08731
S214034C609DF81450002DF8D102349DF81570E4B267
S214034C70A846EBB2BB42F0D2224608233146CDF813
S214034C80008003A8CDE90388FEF780FB03A8F3F7AB
S214034C90CBF9F3F71BFA083400F0DDF80135E4B27C
S214034CA0E7E708B5E6F74CF9BDE80840F1F7C6BBF9
S214034CB010B50024848041800480C280038110BD27
S214034CC013B5BDF81040CDE900340023F1F70CFD11
S214034CD002B010BD13B5BDF8104001900094F1F773
S214034CE003FD02B010BD07B500930123FFF7F2FFE3
S214034CF003B05DF804FB0123F1F78CBD0121F2F745
S214034D00C1BE08B500F00EF8FF2804D0F3F76EFA1C
S214034D10C0F3C00008BD0120FCE701464FF6FF7054
S214034D20F2F7D8BD01460020F3F7A0B910B50C463C
S214034D30F3F7CCF9FF2808D0F3F75EF920B1036840
S214034D40236043686360012010BD0020FCE710B5B4
S214034D500446FEF7A4F8B0F5006F204605D1FEF72B
S214034D60B1F8BDE81040F3F7B1B9FEF7C7F8BDE8F0
S214034D701040FFF7D7BF08B5F3F7A8F9FF280CD004
S214034D80F3F734FA10F0010309D0400840EAC17083
S214034D9080F0010000F0010008BD0020FCE7184683
S214034DA0FAE708B5F3F792F9FF3818BF012008BDF4
S214034DB01FB502460B2301A81821F9F783FF9DF8B8
S214034DC00E0005B05DF804FB30B511F0010587B0A1
S214034DD0044616D001A9F3F7D1FD90B92046F3F7A0
S214034DE005FA10F0010109D02046F3F7FFF943084E
S214034DF043EAC17383F0010303F0010101A8F0F74E
S214034E00F1FF2046F4F752FD2946204607B0BDE8D9
S214034E103040FAF79EBA30B585B00C460546F3F730
S214034E20D3F8A04215D04FF6F7739C4211D80B2344
S214034E302A46182101A8F9F745FF294618200B230F
S214034E4001AAADF80C40F9F746FF21462846F3F7CA
S214034E5057F905B030BD10B50446DBF7A5F8A042F8
S214034E600FD92046F3F7B0F84FF6FF73984208D0F1
S214034E7020460021FFF7A8FF2046BDE81040F3F7C1
S214034E80D5BD10BD10B50446FEF7D9FB002102467A
S214034E902046BDE81040F3F721BF2DE9F041144644
S214034EA00F4605469846FEF7ECF806460430FDF72F
S214034EB09FFF20802846FEF747F86080B379E372A9
S214034EC0791CC9B22846E5F75DFFB91CA072C9B2C2
S214034ED02846E5F757FFFE1C2072F6B2B8F1000F1E
S214034EE018D031462846FEF79EFA0537FEB2A08054
S214034EF031462846FEF797FAB11CE080C9B2284629
S214034F00E5F740FF6072217AA0880122BDE8F041F0
S214034F10F4F706BC2088EAE72DE9F04186B0904610
S214034F201E4604460D46FEF78AFB4FF6F773984572
S214034F30074632D8A0424FF005038DF80C304FF0E9
S214034F40010214BF012300234FF00001CDE9002125
S214034F501ABF8DF80D30ADF80E008DF80D302846CB
S214034F6014BF0423022303AA00F069FA0546A0B17E
S214034F70A7421AD0FEF785F8074621460430803E3E
S214034F80FDF738FFFE7104A92046FFF7CFFE40B9B0
S214034F9004A92046F5F71AFA18B9002006B0BDE8AA
S214034FA0F08104A9284600F0D9FA41462846FEF7C0
S214034FB076FFF3E7037923F00303194301F03F0178
S214034FC00171704707B50DF10701F4F74FFA03B007
S214034FD05DF804FB08B5FFF7F5FF18B1BDE8084018
S214034FE0F4F794BA08BD002211464FF6FF70F4F7A3
S214034FF097BB10B50446FFF7E5FF024638B90146EE
S2140350002046F4F78DFB003818BF012010BD0120A1
S214035010FCE7F8B5174604460E46FFF7D3FF0546EA
S214035020386068B1037903F00303337023B93A6831
S214035030137903F03F0313713B685C882046F8BD81
S21403504001462046FEF7DFFC074628B1E7F7D4F90A
S214035050874201D83570F1E731462046FCF735FA2A
S2140350600028EBD0032333704FF6FF74E6E707B54B
S21403507001AA0DF10301FFF7CCFF9DF8033053B9E6
S214035080019828B1037913F0300F14BF01200020D4
S21403509003B05DF804FB0020FAE72DE9FF4106465E
S2140350A0104688461546F2F7BFFF0746FEF7C7FACF
S2140350B0044648BB4FF6FF739E4225D09F4206D058
S2140350C00146384604B0BDE8F041EAF729BC072399
S2140350D08DF804302B68CDF8053002466B68CDF8A2
S2140350E00930092101A8FEF704F8024618B918206A
S2140350F004B0BDE8F081012341463046EFF768FD72
S2140351000028F4D02046F3E77020F1E72DE9F043BA
S21403511091B0064603AD0BA890460F464FF0010923
S214035120FBF797FD29460BA8ADF82C90FBF7F8FF85
S21403513095E80F0007AC84E80F00CDE900484B461E
S214035140002239463046EFF75BFE11B0BDE8F08328
S2140351502DE9F04F002785B081460C467E20394660
S214035160BDF83CB09DF844A0BDF84C50019298465B
S214035170ADF80E70E5F7DCFC0646002800F0AA80C2
S214035180E5F710FC39467E2200F04AFC3046E5F788
S21403519009FC00903046E5F705FCB9F1FF0F14BF94
S2140351A044F0030727463B0A14F440620770437033
S2140351B05FD1C31C4FF0080818460199424600F019
S2140351C015FC04F440440346434484B1790606D4EC
S2140351D019464FEA1B2201F802BB5A700B46B4F578
S2140351E0004F56D0A4F5404254425441E4002246B0
S2140351F018460E9900F0FAFB009A03462044A0EBEB
S21403520002085FFA88F89DB14FF47C521A53841C47
S2140352102846E5F7C7FB83462846E5F7DFFBC5B216
S2140352202A465946204600F035FB60190235EDB292
S214035230B9F1FF0F2FD0109900F8019B524600F0EA
S21403524029FB08F101015AFA81F129443046E5F7B2
S214035250E1FB0C21FF00002207F0800739431046CC
S214035260FDF7EDFEADF80E00E8B9002005B0BDE889
S214035270F08FB2F5006F80F803804FEA182880F8A5
S214035280048000F1050314BF4FF008084FF002082E
S21403529092E70224ABE708EB0A0129443046E5F718
S2140352A0B9FB0821D6E73046E5F77CFB04463046D3
S2140352B0E5F794FB0123C2B221460DF10E00E5F794
S2140352C0BDFC0028D1D1BDF84820BDF80E00012151
S2140352D0E5F706FCBDF80E00C8E77047F8B50646C6
S2140352E00D46F4F7E7FF0328044621D02846F4F7D3
S2140352F0E1FF032807461BD010F0020318D1A007CE
S2140353000DD5F90716D401233C43E20704D43189AB
S2140353102A89914218BF002303F00100F8BD082232
S2140353202946304600F052FBB0FA80F35B09EBE700
S2140353300020F3E71846F1E770B50D460021064650
S214035340FDF7EEFE044630B1E5F72CFB0146284692
S214035350FFF7C4FF08B1204670BD21463046FDF76F
S21403536035FFEFE77FB54FF6FF7101AAF5F78EF825
S21403537020B1BDF80C0007B05DF804FB4FF6FF70D4
S214035380F9E708B5FFF7D8FF003818BF012008BDB6
S21403539008B51046E6F75EFFBDE80840E7F718B81D
S2140353A02DE9F7430F46012181461646E5F784FBB0
S2140353B0054658B1FEF715F8308088B92846E5F754
S2140353C00DFB68B1182003B0BDE8F0834846E5F747
S2140353D005FBFF2FA0EB0704E4B214D014B9348006
S2140353E00020F0E72A4621462846FDF782FE80463F
S2140353F00028E7D000943B464A462946FEF700F8C5
S214035400A6F80080ECE70120DDE708B5FDF739FED6
S214035410437803F001001A074CBF10300830DB0650
S21403542044BF0830C0B21030C0B208BD10B50C4639
S214035430E5F7D4FAA04234BF0020012010BD7FB5A3
S2140354409DF820600091144641F20921024641F678
S2140354500920002E18BF01461D460020099BF5F7BC
S21403546061F9ADF80E0010B9002004B070BD012339
S2140354702A4621460DF10E00E5F7E0FB0028F3D19E
S214035480BDF80E00F1E738B50546FFF7BEFF044644
S2140354902846E5F7A3FA631C9BB283420FD8284637
S2140354A0FDF7EFFD43785B0707D521462846E5F76A
S2140354B069FC013004EB4004E4B2204638BD002406
S2140354C0FBE730B585B0ADF80E00E5F787FA04467E
S2140354D0BDF80E00FFF7D7FF00F10E03DBB2E5B20F
S2140354E0BDF80E20ED1AADB2014600951046FDF745
S2140354F087FFA4F10E01C9B20DF10E00FDF72DFFD3
S21403550005B030BD4278034612F0080006D0D20735
S21403551002D403F10800704703F10900704737B55A
S21403552005460C46FDF7ADFD437813F0100211D087
S21403553094B103F001021B074FF00003009354BF1E
S21403554018322032082329462046FDF71FFF012084
S21403555003B030BD1046FBE72046F9E773B50546B2
S2140355600C46FDF78EFD437813F0100210D08CB175
S21403557003F0010201261B0754BF1832203200969F
S214035580082329462046FDF701FF304602B070BDCA
S2140355901046FBE72046F9E700F00303012B08D08B
S2140355A0C30606D400F00C000C2814BF08200920FC
S2140355B0704702207047034611F0030005D003F03E
S2140355C00303022B14BF0220032070472DE9F0418A
S2140355D04E1C07460D46E5F701FA864203D900241A
S2140355E02046BDE8F08129463846E5F7CBFB8046E2
S2140355F0FFF7D2FF18F0800F0446F1D00644384672
S214035600E5F7ECF9B6B28642E9D82919C9B23846A5
S214035610E5F7B8FB01464046FFF7CDFF2044C4B28A
S214035620DEE7F8B506460D46FFF7D0FF044610B989
S21403563000242046F8BD29463046E5F7A3FB82063C
S214035640F7D53046E5F7CAF96F1C2744BFB2874241
S214035650EED82919C9B23046E5F794FB00F01803D3
S214035660082B14BF05340634E4B2830644BF08345B
S214035670E4B2DEE738B50546FFF705FF044608B98A
S214035680002038BD01462846FFF7CBFF0028F7D099
S2140356902044C0B2F5E72DE9F04387B005460C4633
S2140356A0FDF7EFFC8046FDF7A3FB07462846FFF70A
S2140356B0EAFE064601462846FFF788FF0022034611
S2140356C000922946324602A8FDF760FE9DF8086060
S2140356D006F00C030C2B06F003090BD0B9F1010FEF
S2140356E059D0F10657D49DF809300DF10A056371B8
S2140356F0002007E0FF2363710DF10900FDF778FB37
S2140357000DF10B05208198F80130DA0704D508F16E
S2140357100200FDF76DFB2081B9F1010F5FFA89F8EE
S2140357203DD0F3063BD42846FDF762FB6080A81CF9
S214035730FDF75EFB053515F8013C208023712B78B9
S214035740A372B00606F0400348BF43F020033906B1
S21403575027D543F40073F80448BF43F48063390540
S21403576048BF43F400633206E38011D56A7812F02B
S21403577003020DD0A9786FEA43436FEA5343B8F1A7
S214035780020FE3800B4611D1EB7841EA0321218116
S21403579007B0BDE8F083FF230DF10905A7E7FF2354
S2140357A0CCE77A0648BF43F48073D4E7012A04BFE4
S2140357B00B029BB22381EBE770B50646F5F704F9B7
S2140357C004463046E8F7F0FE2246034600213046FC
S2140357D0F4F7EAFC0546C0B1FDF753FC0446284639
S2140357E0E5F7E0F8E21D121A0023D2B22946082094
S2140357F0F9F710FD0138C0B2012806D8294630460D
S2140358000122BDE87040E5F737BF70BD10B51346FB
S2140358100A4600210446F4F7A1FC014628B10222F9
S2140358202046E5F729FFC0B210BD0120FCE707B507
S214035830009313460A460021F4F7ECFB30B100212F
S214035840F2F720F9C0B203B05DF804FB0120FAE7D3
S214035850F5F784BB0BB1F5F7EDBB0AB9F5F766BCF4
S214035860FF21F5F78FBB10F8012B11F8013B012A36
S21403587028BF9A42F7D0D01A7047C9B203461846D3
S21403588013F8012B12B18A42F9D17047002918BFC9
S214035890002070470A44914200F1FF3300D170475D
S2140358A010B511F8014B03F8014F9142F9D110BD21
S2140358B010B56AB10139841810F8012B11F8013FAD
S2140358C09A4203D1A04201D0002AF5D1D01A10BDC6
S2140358D01046FCE710B50139034632B111F8014F03
S2140358E003F8014B013A002CF7D11A4400219342E6
S2140358F000D110BD03F8011BF9E7034613F8012B8B
S214035900002AFBD1181A0138704710B50C46B1F9B6
S2140359100E10F7F79DF90028ABBF636DA3891B181C
S21403592023F48053ACBF6365A38110BD2DE9F0411A
S2140359301F468B89DB0505460C46164605D5B1F989
S2140359400E1002230022F7F771F9A389B4F90E109B
S21403595023F48053A38132463B462846BDE8F041F4
S214035960F6F758BE10B50C46B1F90E10F7F75EF908
S214035970431CA38915BF606523F4805343F4805307
S214035980A38118BFA38110BDB1F90E10F7F73EB976
S2140359902DE9F8430746884614460026D4E90195C0
S2140359A0B9F1010905D52468002CF7D13046BDE8C6
S2140359B0F883AB89012B07D9B5F90E30013303D031
S2140359C029463846C04706436835E9E710B5013926
S2140359D00244904201D1002005E0037811F8014FFC
S2140359E0A34201D0181B10BD0130F2E7884210B560
S2140359F001EB020402D98442234607D8431EA14280
S214035A0008D011F8012B03F8012FF8E702440146EA
S214035A108A4200D110BD13F8014D02F8014DF7E795
S214035A2002440346934200D1704703F8011BF9E78B
S214035A307047704770479368013B002B10B4936020
S214035A4008DA9469A34201DB0A2903D15DF8044B03
S214035A5000F01AB81368581C1060197008465DF8F1
S214035A60044B7047F8B506460F461446D518AC42A5
S214035A7001D1002007E014F8011B3A463046FFF731
S214035A80DAFF431CF3D1F8BDF8B50E4614460546B7
S214035A9018B1036A0BB9F6F777FDA369A360A38968
S214035AA01A0701D5236943B921462846F6F72CFF82
S214035AB018B14FF0FF373846F8BD23682269981AA5
S214035AC06369F6B28342374605DC2146284600F072
S214035AD00AF90028EDD1A368013BA36023685A1C8A
S214035AE022601E706269431C9A4204D0A389DB07B6
S214035AF0E1D50A2EDFD12146284600F0F4F8002827
S214035B00D9D0D6E72DE9F047164698468A680B693A
S214035B10DDF820909342B8BF1346336091F84320D4
S214035B2007460C460AB1013333602368990642BF21
S214035B30336802333360256815F0060506D104F191
S214035B40190AE36832689B1AAB4226DC94F84330A2
S214035B502268003B18BF012392062BD404F14302AC
S214035B6041463846C84701301ED02368226903F0F1
S214035B700603042B02BFE5683368ED1AA3680CBF5F
S214035B8025EAE57500259342C4BF9B1AED18002647
S214035B901A34B5421AD1002008E001235246414682
S214035BA03846C847013003D14FF0FF30BDE8F087D1
S214035BB00135C6E7E1185A1C302081F84300224419
S214035BC094F8451082F843100233C7E701232246B0
S214035BD041463846C8470130E6D00136D9E7B1F921
S214035BE00C202DE9F041170705460C4656D44B68A2
S214035BF0002B02DC0B6C002B3DDDE66A002E3AD050
S214035C00002312F480522F68216A2B6025D0626D20
S214035C10A389580705D56368D21A636B0BB1236C47
S214035C20D21A216AE66A00232846B047411C24D0CC
S214035C300023636023692360A389DA0400D56065C3
S214035C40616B2F60B9B104F14403994202D0284630
S214035C50F6F7F8FC002363630DE001232846B047FC
S214035C60461C0246D4D12B68002BD1D01D2B01D065
S214035C70162B2BD12F6000202FE02A68B4F90C30A6
S214035C8042B11D2A01D0162A22D10023636023695C
S214035C902360D5E7626022692260CEE70F69002F92
S214035CA0E9D093070E6808BF4B690F6018BF00233F
S214035CB0A6EB07088B60B8F1000FDCDD216AA66A45
S214035CC043463A462846B047002808DCB4F90C3069
S214035CD043F04003A3814FF0FF30BDE8F081074453
S214035CE0A8EB0008E7E738B50B6905460C4613B979
S214035CF00025284638BD18B1036A0BB9F6F744FCED
S214035D00B4F90C30002BF3D0626ED00704D4990597
S214035D1002D4A06DFFF78DFE28462146FFF75FFFEE
S214035D20636EDA070546E4D4A3899B05E1D4A06D28
S214035D30FFF780FEDDE708B50620F6F79BFF012098
S214035D40F7F7FDFA70B50C46B1F90E10002996B0B8
S214035D5015461E460DDAA38913F0800F4FF0000197
S214035D6014BF40234FF48063002031602B6016B0CD
S214035D7070BD6A46F6F786FF0028ECDB019901F44E
S214035D807041A1F50053594259414FF48063EBE744
S214035D908B89F7B59D0706460C4607D504F14703DE
S214035DA0236023610123636103B0F0BD01AB6A4640
S214035DB0FFF7C8FF009F054639463046F6F7C2FA96
S214035DC048B9B4F90C309A05EED423F0030343F034
S214035DD00203A381E2E7A389206043F08003A38143
S214035DE0019BC4E904075BB1B4F90E103046F6F71D
S214035DF05BFF28B1A38923F0030343F00103A381C8
S214035E00A3891D43A581CFE71F2938B505460C4650
S214035E1004D9162303604FF0FF3038BDC26B12B1AE
S214035E2052F821304BB9284600F016F822460146B0
S214035E302846BDE83840F6F747BF012B0AD0591C61
S214035E4003D1162303600120E7E7002142F824105C
S214035E50204698470020E0E7F7F774BA431C08BFCC
S214035E600020DFF7F5BF0000000000000000000080
S214035E70000000000000000000000000000000001A
S214035E80F8B500BFF8BC08BC9E467047F8B500BF1F
S214035E90F8BC08BC9E4670475FF800F0D915002092
S214035EA000000000000000000000000000000000EA
S214035EB000000000000000000000000000000000DA
S214035EC044455649434520424F4F5400696E697412
S214035ED02E2E2E00444556494345005363616E20DB
S214035EE0746F2070726F766973696F6E00515220FB
S214035EF0454E434F4445204641494C45440044459E
S214035F004D4F205363616E20746F2062696E640088
S214035F104555493A203F3F3F3F002E2E2E252E342F
S214035F2073005B51525D20656E636F64655F6F6BD4
S214035F303D25642073697A653D2564004E45543AD1
S214035F40207374656572696E67207374617274205A
S214035F5073743D307825303258004E45543A2050FD
S214035F604230206C65617665207265717565737461
S214035F7065642073743D307825303258004E45549E
S214035F803A20504230207374656572696E672072DA
S214035F906571756573746564004E45543A206A6F7F
S214035FA0696E6564004E45543A206C6566742C2011
S214035FB07374656572696E6720696E202575206D3A
S214035FC073005049523A206F63637570616E63794C
S214035FD020617474723D30782530325820777269A8
S214035FE074655F7374617475733D30782530325809
S214035FF00062005049523A207265706F72742074C2
S2140360007820636C75737465723D3078303430363F
S21403601020617474723D3078303030302076616C95
S2140360203D3078253032582074785F737461747508
S214036030733D307825303258005049523A20776104
S214036040726D2D757020646F6E652C20706F6C6C8E
S214036050696E672073746172746564005049523ABE
S214036060207469636B2070696E3D2575206C6173BF
S214036070743D2575005049523A204D4F54494F4EB2
S214036080204445544543544544202870696E3D25B5
S2140360907529005049523A20434C454152202870F6
S2140360A0696E3D257529005049523A20696E697418
S2140360B0204F4B2028706F72743D442070696E3DEC
S2140360C0382C206465746563745F6C6576656C3D17
S2140360D025642C20706F6C6C3D25756D732C2077B2
S2140360E061726D75703D25756D73290030303131E1
S2140360F03232333334343535363637373838393940
S2140361004141424243434444454546463131323297
S2140361103030303043414645007B227665727369E2
S2140361206F6E223A25642C226575693634223A222C
S2140361302573222C22696E7374616C6C5F636F64C3
S21403614065223A222573222C226465766963655F8D
S21403615074797065223A222573222C226D6F64654A
S2140361606C223A222573227D0045465233324D4730
S21403617031325F4D4F54494F4E5F4B4954006D6F5C
S21403618074696F6E003031323334353637383941FF
S21403619042434445460066616C7365002F686F6D25
S2140361A0652F7068752F73735F76352F76355F7737
S2140361B06F726B73706163652F5A335F4F636375DA
S2140361C070616E63795F53656E736F722F61707063
S2140361D02F7172636F646567656E2E630030203CB3
S2140361E03D206E756D42697473202626206E756D8C
S2140361F042697473203C3D203136202626202875BC
S2140362006E7369676E6564206C6F6E672976616C62
S214036210203E3E206E756D42697473203D3D2030EE
S214036220007172636F646567656E5F5645525349C6
S2140362304F4E5F4D494E203C3D2076657220262604
S21403624020766572203C3D207172636F64656765D6
S2140362506E5F56455253494F4E5F4D41580032309C
S21403626038203C3D20726573756C74202626207298
S2140362706573756C74203C3D2032393634380032F1
S21403628031203C3D20717273697A65202626207181
S2140362907273697A65203C3D2031373720262620E5
S2140362A030203C3D20782026262078203C20717222
S2140362B073697A652026262030203C3D20792026E7
S2140362C0262079203C20717273697A65006E203C23
S2140362D03D20717273697A65202A20330030203C92
S2140362E03D20652026262065203C203400717263FD
S2140362F06F646520213D204E554C4C002871726317
S2140363006F646567656E5F56455253494F4E5F4DE2
S214036310494E202A2034202B20313729203C3D208B
S214036320726573756C7420262620726573756C749B
S214036330203C3D20287172636F646567656E5F5607
S214036340455253494F4E5F4D4158202A2034202B47
S214036350203137290030203C3D2028696E74296D92
S21403636061736B2026262028696E74296D61736B12
S214036370203C3D20370062697473203E3E20313551
S214036380203D3D2030007365677320213D204E5528
S2140363904C4C207C7C206C656E203D3D203000718B
S2140363A072636F646567656E5F56455253494F4E19
S2140363B05F4D494E203C3D206D696E56657273698C
S2140363C06F6E202626206D696E56657273696F6E32
S2140363D0203C3D206D617856657273696F6E20268A
S2140363E026206D617856657273696F6E203C3D207A
S2140363F07172636F646567656E5F56455253494FA6
S2140364004E5F4D41580030203C3D2028696E74296C
S21403641065636C2026262028696E742965636C20C4
S2140364203C3D2033202626202D31203C3D20286964
S2140364306E74296D61736B2026262028696E742975
S2140364406D61736B203C3D20370030203C3D206E51
S214036450756D4368617273202626206E756D4368DA
S214036460617273203C3D20494E5431365F4D41588E
S2140364700030203C3D206269744C656E677468206A
S2140364802626206269744C656E677468203C3D203E
S214036490494E5431365F4D41580030203C3D206311
S2140364A063626974732026262063636269747320AB
S2140364B03C3D203136006269744C656E203D3D20BC
S2140364C064617461557365644269747300626974C8
S2140364D04C656E203C3D206461746143617061636A
S2140364E069747942697473006269744C656E202519
S2140364F02038203D3D20300030203C3D2028696E6A
S214036500742965636C2026262028696E74296563C2
S2140365106C203C2034202626207172636F646567E6
S214036520656E5F56455253494F4E5F4D494E203C6C
S2140365303D2076657273696F6E2026262076657217
S21403654073696F6E203C3D207172636F6465676587
S2140365506E5F56455253494F4E5F4D4158003120AA
S2140365603C3D206465677265652026262064656762
S214036570726565203C3D207172636F646567656E66
S2140365805F524545445F534F4C4F4D4F4E5F444516
S214036590475245455F4D41580069203D3D206461A3
S2140365A074614C656E202A20380062697473203E3D
S2140365B03E203138203D3D20300030203C3D206BCE
S2140365C0202626206B203C3D20390030203C3D20F1
S2140365D0726573756C7420262620726573756C74E9
S2140365E0203C3D20323536383838384C00746578D0
S2140365F07420213D204E554C4C0030313233343517
S214036600363738394142434445464748494A4B4C56
S2140366104D4E4F505152535455565758595A20249D
S214036620252A2B2D2E2F3A0030203C3D2074656DF5
S214036630702026262074656D70203C3D20494E54FC
S21403664031365F4D41580064696769747320213D94
S214036650204E554C4C006269744C656E20213D20DB
S2140366604C454E4754485F4F564552464C4F57008D
S214036670273027203C3D20632026262063203C3DF0
S2140366802027392700726573756C742E6269744C03
S214036690656E677468203D3D206269744C656E00C4
S2140366A074656D7020213D204E554C4C007172630D
S2140366B06F646567656E5F6D616B65416C7068617D
S2140366C06E756D65726963007172636F6465676585
S2140366D06E5F6D616B654E756D6572696300717291
S2140366E0636F646567656E5F63616C635365676D4F
S2140366F0656E7442756666657253697A6500717273
S214036700636F646567656E5F6973416C7068616E1D
S214036710756D65726963007172636F646567656E34
S2140367205F69734E756D65726963007172636F643A
S2140367306567656E5F6765744D6F64756C6500713C
S21403674072636F646567656E5F67657453697A65C0
S214036750000000000100000000000000030000002D
S2140367600200000064726177466F726D617442695D
S2140367707473006170706C794D61736B0066696E3B
S21403678064657250656E616C7479436F756E745090
S21403679061747465726E730067657450656E616CC0
S2140367A0747953636F726500647261774C696768C6
S2140367B07446756E6374696F6E4D6F64756C65733E
S2140367C0007365744D6F64756C65426F756E6465B2
S2140367D064006765744D6F64756C65426F756E64AF
S2140367E065640064726177436F6465776F72647380
S2140367F0006765744E756D526177446174614D6FC1
S21403680064756C65730072656564536F6C6F6D6F4A
S2140368106E436F6D7075746544697669736F720045
S214036820616464456363416E64496E7465726C6546
S21403683061766500617070656E6442697473546F47
S214036840427566666572006765744E756D4461745D
S21403685061436F6465776F7264730000080000001D
S2140368600A0000000C0000000800000010000000F2
S21403687010000000090000000B0000000D000000DF
S2140368800A0000000C0000000E0000006E756D4349
S214036890686172436F756E744269747300676574DA
S2140368A0546F74616C42697473007172636F6465CC
S2140368B067656E5F656E636F64655365676D656E6A
S2140368C07473416476616E6365640063616C6353DD
S2140368D065676D656E744269744C656E67746800AF
S2140368E0FF0101010101020202020404040404067A
S2140368F006060607080809090A0C0C0C0D0E0F10ED
S214036900111213131415161819FF010101020204BC
S21403691004040505050809090A0A0B0D0E101111D2
S21403692012141517191A1C1D1F21232526282B2D73
S2140369302F31FF01010202040406060808080A0CA8
S214036940100C11101215141717191B1D22222326BB
S214036950282B2D303335383B3E4144FF01010204DA
S2140369600404050608080B0B10101210131519194A
S21403697019221E202325282A2D303336393C3F4240
S214036980464A4D51FF070A0F141A1214181E121402
S214036990181A1E16181C1E1C1C1C1C1E1E1A1C1E37
S2140369A01E1E1E1E1E1E1E1E1E1E1E1E1EFF0A1040
S2140369B01A1218101216161A1E161618181C1C1A57
S2140369C01A1A1A1C1C1C1C1C1C1C1C1C1C1C1C1C05
S2140369D01C1C1C1C1C1CFF0D16121A121812161453
S2140369E0181C1A18141E181C1C1A1E1C1E1E1E1EEB
S2140369F01C1E1E1E1E1E1E1E1E1E1E1E1E1E1EFFD0
S214036A00111C1610161C1A1A181C181C1618181EF9
S214036A101C1C1A1C1E181E1E1E1E1E1E1E1E1E1E9E
S214036A201E1E1E1E1E1E1E1E4A6F696E0025732026
S214036A306E6574776F726B2025733A203078253035
S214036A403258005049523A206E6574776F726B2045
S214036A5075702C206F63637570616E637920726541
S214036A60706F7274696E672063616E20626520635F
S214036A706F6E6669677572656420627920676174F4
S214036A8065776179004D4F54494F4E204B4954006A
S214036A90696E666F006C696273006273656E64008C
S214036AA07265736574007261770073656E645F6DFB
S214036AB0756C7469636173740073656E642D7573A6
S214036AC0696E672D6D756C7469636173742D626985
S214036AD06E64696E670074696D6573796E630067CB
S214036AE065742D7074692D726164696F2D636F6EA2
S214036AF066696700636F6E6669672D6363612D6DF4
S214036B006F64650076657273696F6E006576656E91
S214036B107473007365637572697479007A69676262
S214036B2065655F7072696E7400706C7567696E0078
S214036B306E6574006B657973006F7074696F6E00B1
S214036B40706C7567006368616E67656B6579006373
S214036B5068616E67656B007A646F007072696E7445
S214036B602072656C6174656420636F6D6D616E641D
S214036B70732E0061747472005A646F2072656C61C0
S214036B8074656420636F6D6D616E64732E00726F3F
S214036B9075746500706F776572006D676D742D6C24
S214036BA07169006D676D742D62696E64006C656152
S214036BB07665006E6F64650073696D706C65006959
S214036BC0656565006E776B00756E62696E64006E50
S214036BD0776B2D757064006F75742D636C2D6C69FF
S214036BE0737400696E2D636C2D6C697374005A643C
S214036BF06F20696E2D636C2D6C6973742072656CDF
S214036C006174656420636F6D6D616E64732E0061DD
S214036C106464005A646F206F75742D636C2D6C6901
S214036C2073742072656C6174656420636F6D6D6147
S214036C306E64732E005A646F206E776B2D757064C6
S214036C402072656C6174656420636F6D6D616E643C
S214036C50732E007363616E2D6368616E2D6D6173B1
S214036C606B007363616E006368616E5067006368F0
S214036C70616E005A646F20756E62696E6420726579
S214036C806C6174656420636F6D6D616E64732E0052
S214036C9067726F757000756E6963617374006368FD
S214036CA0616E67656B65792072656C6174656420D7
S214036CB0636F6D6D616E64732E006C696E6B004F4F
S214036CC07074696F6E2072656C6174656420636F9F
S214036CD06D6D616E64732E00726567697374657299
S214036CE000746172676574006469736300696E7328
S214036CF074616C6C2D636F64650062696E64696EA3
S214036D00672D7461626C65007072696E742D72789B
S214036D102D6D7367730061707372657472790041C9
S214036D20505320726574727920666C616720666FB3
S214036D3072636520636F6D6D616E64730064656670
S214036D4061756C7400456E61626C65732F4469737C
S214036D5061626C6573207072696E74696E67206F0A
S214036D6066205278206D657373616765732E0065C0
S214036D706E61626C650064697361626C650042698A
S214036D806E64696E67207461626C652072656C61FF
S214036D9074656420636F6D6D616E64732E00536556
S214036DA0637572697479206B6579732072656C619B
S214036DB074656420636F6D6D616E64732E00646525
S214036DC06C657465004E6574776F726B2072656CC4
S214036DD06174656420636F6D6D616E64732E006607
S214036DE06F726D0072656A6F696E2D646966662DD3
S214036DF06465766963652D7479706500657874706B
S214036E00616E69640069736F70656E0062726F61AC
S214036E10642D706A6F696E006368616E67652D63C3
S214036E2068616E6E656C00696E6974006368616E96
S214036E3067652D6B6565702D616C6976652D6D6F65
S214036E4064650074696D656F75742D6F7074696F12
S214036E506E2D6D61736B006D756C74692D7068793A
S214036E602D7374617274006D756C74692D70687916
S214036E702D73746F700066696E64006E6574776F49
S214036E80726B2066696E6420636F6D6D616E6473EA
S214036E902E006A6F696E61626C6500756E75736548
S214036EA0640069646C652D736C65657000636F754B
S214036EB06E74657273006E6574776F726B2D737480
S214036EC0656572696E67007570646174652D7463B9
S214036ED02D6C696E6B2D6B657900757064617465D6
S214036EE02D74632D6C696E6B2D6B65792072656CE2
S214036EF06174656420636F6D6D616E64730074699D
S214036F006D6572007265706F7274696E6720726564
S214036F106C6174656420636F6D6D616E64732E00BF
S214036F2072656D6F766500636C6561722D6C617357
S214036F30742D7265706F72742D74696D6500746557
S214036F4073742D74696D696E67006E6574776F72FE
S214036F506B2D7374656572696E672072656C6174F8
S214036F60656420636F6D6D616E64732E0070726569
S214036F702D636F6E666967757265642D6B65792D13
S214036F80736574006D61736B2072656C6174656400
S214036F9020636F6D6D616E642E007375627472612B
S214036FA0637400656E61626C655F74797065007307
S214036FB07461636B00617070007A636C006C656764
S214036FC06163795F61665F646562756700636F75A9
S214036FD06E746572732072656C6174656420636F8A
S214036FE06D6D616E64732E007072696E742D636FBF
S214036FF0756E7465722D747970650073696D706C47
S214037000652D7072696E74007072696E742D746883
S214037010726573686F6C6473007365742D7468723D
S2140370206573686F6C640072657365742D7468723B
S2140370306573686F6C64730073656E642D72657137
S2140370407565737400736563757269747920726508
S2140370506C6174656420636F6D6D616E6473007339
S21403706065742D616C6C6F772D74727573742D63F4
S214037070656E7465722D72656A6F696E2D757369B8
S2140370806E672D77656C6C2D6B6E6F776E2D6B65EB
S21403709079007365742D616C6C6F772D74727573DC
S2140370A0742D63656E7465722D72656A6F696E2DD5
S2140370B07573696E672D77656C6C2D6B6E6F776E67
S2140370C02D6B65792D74696D656F757400736574C2
S2140370D02D6B65792D726571756573742D706F6C84
S2140370E0696379006D66672D746F6B656E006170FA
S2140370F073005365637572697479206170732072C7
S214037100656C6174656420636F6D6D616E64732E68
S214037110004765742F736574204D464720746F6B64
S214037120656E2E00656E64706F696E742072656C92
S2140371306174656420636F6D6D616E64732E0043C6
S2140371406F6D6D616E647320746F20636F6E7472FF
S2140371506F6C2069646C696E672F736C6565706904
S2140371606E67206F6620746865206465766963655C
S21403717000666F7263652D6177616B650061776189
S2140371806B652D7768656E2D6E6F742D6A6F696EED
S2140371906564005072696E74732074696D652E00A1
S2140371A05072696E74732061747472696275746563
S2140371B02E00436C6561727320746865205A444FD1
S2140371C0206C697374206F6620636C69656E742027
S2140371D028696E2920636C7573746572732E00417B
S2140371E064647320636C75737465727320746F20A4
S2140371F0746865206B6E6F776E20636C69656E745A
S2140372002028696E2920636C757374657273206F0A
S2140372106E2074686973206465766963652E00431F
S2140372206C6561727320746865205A444F206C69DC
S2140372307374206F6620636C69656E7420286F759F
S214037240742920636C7573746572732E00416464CD
S2140372507320636C75737465727320746F2074681F
S21403726065206B6E6F776E20636C69656E7420287D
S2140372706F75742920636C757374657273206F6EF3
S2140372802074686973206465766963652E005365A8
S2140372906E647320616E2075706461746520636824
S2140372A0616E6E656C20726571756573742E00630E
S2140372B068616E6E656C1F0053656E647320616E45
S2140372C020757064617465206368616E6E656C20FA
S2140372D070616765207265712E205468652073742B
S2140372E061636B2073656E6473206E776B20656EC7
S2140372F068616E6365642075706461746520726589
S2140373007120666F72206E6F6E2D7A65726F2070B5
S2140373106167652E006368616E6E656C1F706167DA
S214037320651F00506572666F726D7320616E20650F
S2140373306E65726779207363616E2E00746172677F
S21403734065744E6F646549641F7363616E4475723A
S2140373506174696F6E1F7363616E436F756E741F1E
S2140373600042726F6164636173747320746865208E
S2140373704944206F6620746865206E6577206E65C5
S21403738074776F726B206D616E6167657220616ED4
S2140373906420616374697665206368616E6E656CEC
S2140373A0732E006E776B4D676549641F6368616E65
S2140373B06E656C4D61736B1F00506572666F726D00
S2140373C07320616E20656E65726779207363616EE4
S2140373D0206F6E20676976656E206368616E6E65E2
S2140373E06C206D61736B2E007461726765744E6FEB
S2140373F0646549641F7363616E4475726174696F73
S2140374006E1F7363616E436F756E741F6368616E80
S2140374106E656C4D61736B1F0053656E64732061FC
S214037420206E6574776F726B206164647265737324
S214037430207265717565737420666F722074686553
S21403744020676976656E2049454545206164647208
S2140374506573732E00696565651F005265717565F2
S21403746073747320616E20494545452061646472D8
S214037470657373206261736564206F6E2061206795
S2140374806976656E206E6F64652049442E006E6FC4
S214037490646549641F0053656E64732061207369D5
S2140374A06D706C652064657363726970746F7220A7
S2140374B07265717565737420666F722074686520D3
S2140374C073686F7274206164647265737320616E8F
S2140374D06420656E64706F696E742073706563698B
S2140374E0666965642E00646573741F7461726765EC
S2140374F074456E64706F696E741F0053656E6473B3
S2140375002061206D61746368446573637269707487
S2140375106F72735265717565737420746F20746827
S2140375206520676976656E2064657374696E617439
S214037530696F6E207769746820746865206769765A
S214037540656E2070726F66696C652E006E6F64657B
S21403755049641F70726F66696C651F0053656E64BD
S214037560732061206E6F646520646573637269704F
S214037570746F72207265717565737420746F206101
S21403758020676976656E207461726765742064652A
S214037590766963652E007461726765741F005365B0
S2140375A06E64732061205A444F2042696E642063E0
S2140375B06F6D6D616E6420746F20612064657669FB
S2140375C063652073706563696669656420696E2008
S2140375D074686520636F6D6D616E64206172677594
S2140375E06D656E74732E0044657374696E61746999
S2140375F06F6E1F536F7572636520656E64706F6977
S2140376006E741F44657374696E6174696F6E20656A
S2140376106E64706F696E741F636C757374657249FC
S214037620441F72656D6F746545554936341F64652E
S214037630737445554936341F0053656E6473206171
S2140376406E2061637469766520656E64706F696E1B
S21403765074207265717565737420746F2074686521
S2140376602064657669636520776974682074686545
S21403767020676976656E2073686F72742049442E9E
S2140376800053656E647320616E20756E62696E6466
S214037690207265717565737420666F72206120753C
S2140376A06E69636173742062696E64696E672074C1
S2140376B06F207468652074617267657420646576EC
S2140376C06963652E007461726765741F736F7572E4
S2140376D063652065756936341F736F75726365203D
S2140376E0656E64706F696E741F636C757374657210
S2140376F049441F64657374696E6174696F6E45559A
S2140377004936341F64657374696E6174696F6E20DD
S214037710656E64706F696E741F0053656E647320C4
S214037720616E20756E62696E64207265717565732D
S2140377307420666F722061206D756C746963617363
S214037740742062696E64696E6720746F207468655E
S21403775020746172676574206465766963652E00BC
S2140377607461726765741F736F75726365206575E0
S2140377706936341F736F7572636520656E64706F48
S214037780696E741F636C757374657249441F677200
S2140377906F7570416464726573731F0053656E641E
S2140377A0732061205A444F204D616E6167656D6595
S2140377B06E74204C6561766520636F6D6D616E64D3
S2140377C020746F2074686520746172676574206422
S2140377D065766963652E007461726765741F7265EA
S2140377E06D6F76654368696C6472656E1F72656A51
S2140377F06F696E1F0053656E64732061205A444F91
S214037800204D474D542D42696E64202842696E64AC
S214037810696E67205461626C6529205265717565CF
S214037820737420746F20746865207461726765745E
S214037830206465766963652E007461726765741FDC
S2140378407374617274496E6465781F0053656E6461
S214037850732061205A444F204D474D542D4C5149B7
S21403786020284C5149205461626C65292052657169
S2140378707565737420746F2074686520746172670D
S2140378806574206465766963652E0053656E64735C
S2140378902061205A444F20506F77657220446573E9
S2140378A063726970746F72205265717565737420A4
S2140378B0746F2074686520746172676574206465EC
S2140378C0766963652E0053656E64732061205A449F
S2140378D04F20726F757465207265717565737420B9
S2140378E0636F6D6D616E6420746F207468652074B9
S2140378F061726765742E007461726765741F696EC2
S2140379006465781F00696E6465781F65756936342B
S2140379101F696E7374616C6C436F64651F00696ED8
S2140379206465781F65756936341F6B65791F005467
S21403793043206C696E6B206B657920726571756583
S214037940737420706F6C6963791F417070206C6963
S2140379506E6B206B65792072657175657374207024
S2140379606F6C6963791F00426F6F6C3A20616C6CB1
S2140379706F772074727573742063656E74657220F6
S21403798072656A6F696E207573696E672077656CBA
S2140379906C2D6B6E6F776E206B65791F0070726F40
S2140379A066696C6549641F636C75737465724964B4
S2140379B01F0074617267657449641F00456E6162D7
S2140379C06C6573207072696E74696E67206F6620CB
S2140379D05278206D657373616765732E0053657403
S2140379E073207468652062696E64696E67207461CB
S2140379F0626C6500696E6465781F636C7573746585
S214037A00721F6C6F63616C45701F72656D6F746572
S214037A1045701F65756936341F00436C6561727364
S214037A20207468652062696E64696E67207461629B
S214037A306C652E005072696E7473207468652062DC
S214037A40696E64696E67207461626C6520746F206A
S214037A5074686520636F6D6D616E64206C696E6516
S214037A602E00436C6561727320616C6C20736563D2
S214037A707572697479206B6579732E0044656C653D
S214037A8074652074686520737065636966696564E8
S214037A90206C696E6B206B657920696E6465782E41
S214037AA0005072696E747320616C6C207365637525
S214037AB072697479206B6579732E005465726D69EB
S214037AC06E6174657320746865206D756C74692DBA
S214037AD050485920696E7465726661636500557314
S214037AE0656420746F207374617274206D756C7492
S214037AF0692D50485920696E746572666163652006
S214037B006F74686572207468616E206E617469763E
S214037B106520616E6420666F726D20746865206EE2
S214037B206574776F726B2E20546865207374616377
S214037B306B20757365732073616D652050616E49A4
S214037B4064206173206E617469766520726164696E
S214037B506F206E6574776F726B2E00706167651F9A
S214037B606368616E6E656C1F706F7765721F6F70EA
S214037B7074696F6E734D61736B202842697420308D
S214037B80203D20526F757465727320616C6C6F773D
S214037B9065642C204269742031203D2042726F6157
S214037BA0646361737420616C6C6F776564291F006E
S214037BB0417474656D70747320746F206368616EAE
S214037BC0676520746865206368696C642074696DF2
S214037BD0656F7574206F7074696F6E206D61736B5B
S214037BE020746F2066696C746572206F75742075D7
S214037BF06E646573697261626C652076616C756527
S214037C00732028652E672E206E6F206D6F72652099
S214037C107468616E20332064617973292E00746959
S214037C206D656F7574206F7074696F6E206D617308
S214037C306B1F005377697463686573206265747796
S214037C4065656E20646966666572656E74206B652D
S214037C50657020616C697665206D6F64657320734B
S214037C607570706F72746564206279206120726F1C
S214037C70757465722E004B65657020616C69766558
S214037C80206D6F64651F005072696E74732074688C
S214037C90652063757272656E74204E6F6465204945
S214037CA0442C2045554936342C20616E642050619F
S214037CB06E2049442E00496E697469616C697A6561
S214037CC0732061206E6574776F726B3B20746869EE
S214037CD0732069732061207465737420636F6D6D00
S214037CE0616E64207573656420666F722074632DFD
S214037CF0737761702D6F75742074657374696E671E
S214037D002E005365747320746865206E6574776FF0
S214037D10726B20696E64657820757365642062797A
S214037D2020616C6C2066757475726520434C49201F
S214037D30636F6D6D616E64732E20204265666F728D
S214037D406520657865637574696E67206120434CAA
S214037D504920636F6D6D616E642C207468652066C0
S214037D6072616D65776F726B20737769746368658C
S214037D707320746F2074686973206E6574776F72EE
S214037D806B2E202041667465722074686520636FCD
S214037D906D6D616E642066696E69736865732065D0
S214037DA07865637574696E672C20746865206672DF
S214037DB0616D65776F726B2073776974636865733B
S214037DC0206261636B20746F20746865207072652F
S214037DD076696F7573206E6574776F726B2E2020CD
S214037DE054686520434C4920757365732074686531
S214037DF02073616D65206E6574776F726B20696E94
S214037E0064657820756E74696C2074686520646593
S214037E107669636520726573657473206F72206973
S214037E2074206973206368616E6765642074687282
S214037E306F756768207468697320636F6D6D616E14
S214037E40642E00417474656D70747320746F2063C0
S214037E5068616E676520646576696365206F76651D
S214037E607220746F206120646966666572656E743D
S214037E70206368616E6E656C20676976656E20693F
S214037E806E20746865206368616E6E656C2061722F
S214037E9067756D656E742E00546865206368616E41
S214037EA06E656C20746F206368616E676520746FFF
S214037EB01F0066696E64556E7573656450616E491E
S214037EC0640066696E644A6F696E61626C654E65CE
S214037ED074776F726B005065726D697473206A6F86
S214037EE0696E696E67206F6E20746865206E6574B0
S214037EF0776F726B20666F72206120676976656E96
S214037F00206E756D626572206F66207365636F6E93
S214037F10647320414E442062726F616463617374BC
S214037F20732061205A444F204D676D74205065724C
S214037F306D6974204A6F696E696E67207265717524
S214037F4065737420746F20616C6C20726F75746532
S214037F5072732E00412073696E676C6520627974B4
S214037F606520696E6469636174696E6720686F77FC
S214037F70206C6F6E67207468652064657669636538
S214037F802073686F756C642068617665207065720F
S214037F906D6974206A6F696E696E67207475726E98
S214037FA06564206F6E20666F722E20412076616CAA
S214037FB07565206F662030786666207475726E73FA
S214037FC0206F6E207065726D6974206A6F696E200B
S214037FD0696E646566696E6974656C792E1F004305
S214037FE06865636B73206E6574776F726B20706A57
S214037FF06F696E207374617475732E00577269749B
S21403800065732074686520657874656E646564209E
S21403801070616E20494420666F7220746865206420
S21403802065766963652E0065787470616E69641F92
S2140380300052656A6F696E7320616E206578697396
S21403804074696E67206E6574776F726B20696E2035
S2140380506120736563757265206F7220696E736540
S21403806063757265206D616E6E65722077697468DC
S214038070206120646966666572656E742064657641
S21403808069636520747970652E00426F6F6C656155
S2140380906E206E6574776F726B206B6579206176E0
S2140380A061696C6162696C6974791F4368616E6E9D
S2140380B0656C206D61736B1F416E20656E756D6513
S2140380C0726174696F6E20696E6469636174696E48
S2140380D067207468652064657669636520747970C3
S2140380E06520746F2072656A6F696E2061732E5403
S2140380F0686520737461636B206F6E6C79206163AF
S214038100636570747320454D4245525F454E445F28
S21403811044455649434520616E6420454D424552C9
S2140381205F534C454550595F454E445F4445564959
S21403813043452E1F0052654A6F696E732061206E99
S2140381406574776F726B2E00426F6F6C65616E207D
S2140381506E6574776F726B206B65792061766169E3
S2140381606C6162696C6974791F4368616E6E656CD5
S214038170206D61736B1F004C65617665732061200B
S2140381806E6574776F726B2E005475726E73207003
S21403819065726D6974206A6F696E696E67206F6EAB
S2140381A020666F722074686520616D6F756E74202B
S2140381B06F662074696D6520696E646963617465B2
S2140381C0642E00412073696E676C6520627974655E
S2140381D020696E6469636174696E6720686F7720CF
S2140381E06C6F6E67207468652064657669636520C6
S2140381F073686F756C642068617665207065726D50
S2140382006974206A6F696E696E67207475726E2072
S2140382106F6E20666F722E20412076616C75652026
S2140382206F662030786666207475726E732070658C
S214038230726D6974206A6F696E20696E646566691B
S2140382406E6974656C792E1F004A6F696E732061C0
S214038250206E6574776F726B206F6E20612067697E
S21403826076656E206368616E6E656C2C2077697424
S21403827068206120676976656E20545820506F77B2
S214038280657220616E642050414E2049442E00548E
S2140382906865206368616E6E656C206F6E20776814
S2140382A069636820746F206A6F696E20746865203E
S2140382B06E6574776F726B1F4F6E652D627974658A
S2140382C0207369676E65642076616C756520696ED8
S2140382D06469636174696E67207468652054582006
S2140382E0506F7765722074686174207468652072B5
S2140382F06164696F2073686F756C642062652073B0
S214038300657420746F1F5468652050414E2049449D
S214038310206F6E20776869636820746F206A6F69C0
S2140383206E20746865206E6574776F726B1F0046E7
S2140383306F726D732061206E6574776F726B206F3A
S2140383406E206120676976656E206368616E6E6570
S2140383506C2C2077697468206120676976656E20C7
S214038360545820506F77657220616E642050414EDA
S2140383702049442E00546865206368616E6E656C00
S214038380206F6E20776869636820746F20666F724B
S2140383906D20746865206E6574776F726B1F4F6E01
S2140383A0652D62797465207369676E6564207661EE
S2140383B06C756520696E6469636174696E672074A1
S2140383C0686520545820506F77657220746861740E
S2140383D02074686520726164696F2073686F756CBA
S2140383E0642062652073657420746F1F546865206B
S2140383F050414E204944206F6E2077686963682099
S214038400746F20666F726D20746865206E6574776E
S2140384106F726B1F005468697320736574732074DE
S21403842068652074686520616D6F756E74206F666D
S2140384302074696D65206265747765656E20737553
S2140384406273657175656E742074727573742063D8
S214038450656E746572206C696E6B206B657920752A
S21403846070646174657320696E206D696C6C6973E2
S21403847065636F6E64732E0054686520616D6F7557
S2140384806E74206F662074696D6520626574776507
S214038490656E2073756273657175656E742074728C
S2140384A07573742063656E746572206C696E6B20D9
S2140384B06B6579207570646174657320696E206DD1
S2140384C0696C6C697365636F6E64731F00464F5205
S2140384D02054455354494E4720505552504F534508
S2140384E053202D206761746865722074696D696E08
S2140384F067206D65747269637320666F7220726598
S214038500706F7274696E67207461626C65206F7039
S21403851065726174696F6E732E00436C6561727366
S21403852020746865206C617374207265706F727452
S2140385302074696D65206F66206174747269627554
S2140385407465732E00416464732061206E65772022
S214038550656E74727920746F207468652072657016
S2140385606F7274207461626C652E00546865206CAB
S2140385706F63616C20656E64706F696E74206672DB
S2140385806F6D20776869636820746865206174740A
S214038590726962757465206973207265706F727490
S2140385A065641F54686520636C7573746572207701
S2140385B06865726520746865206174747269627593
S2140385C07465206973206C6F63617465641F5468F7
S2140385D065204944206F6620746865206174747250
S2140385E06962757465206265696E67207265706F6F
S2140385F0727465641F3020666F7220636C69656EE3
S214038600742D736964652061747472696275746528
S21403861073206F72203120666F72207365727665E1
S214038620722D73696465206174747269627574650A
S214038630731F546865206D696E696D756D2072656C
S214038640706F7274696E6720696E74657276616C9A
S2140386502C206D6561737572656420696E20736581
S214038660636F6E64732E1F546865206D6178696D41
S214038670756D207265706F7274696E6720696E74AB
S214038680657276616C2C206D656173757265642006
S214038690696E207365636F6E64732E1F546865205E
S2140386A06D696E696D756D206368616E67652074AC
S2140386B06F207468652061747472696275746520CE
S2140386C0746861742077696C6C20726573756C745A
S2140386D020696E2061207265706F7274206265690E
S2140386E06E672073656E742E1F0052656D6F766518
S2140386F07320616E20656E7472792066726F6D20CA
S214038700746865207265706F7274207461626C653C
S2140387102E0054686520696E646578206F66207441
S2140387206865207265706F727420746F20626520AE
S21403873072656D6F7665641F00436C6561727320A6
S214038740616C6C20656E74726965732066726F6DFA
S21403875020746865207265706F7274207461626C31
S214038760652E005072696E74732074686520726596
S214038770706F7274207461626C652E005375627438
S21403878072616374732061206368616E6E656C202A
S21403879066726F6D206569746865722074686520FB
S2140387A07072696D617279206F72207365636F6E84
S2140387B064617279206368616E6E656C206D6173A7
S2140387C06B206F6620746865206E6574776F726BB6
S2140387D02D7374656572696E6720636F6D706F6E57
S2140387E0656E742E00546865206368616E6E656CF2
S2140387F0206D61736B20746F20737562747261638E
S2140388007420746865206368616E6E656C2066729A
S2140388106F6D1F546865206368616E6E656C2074A7
S2140388206F20737562747261637420746865206D5B
S21403883061736B2066726F6D1F0041646473206101
S214038840206368616E6E656C20746F20656974685A
S214038850657220746865207072696D617279206F25
S21403886072207365636F6E64617279206368616EEC
S2140388706E656C206D61736B206F6620746865206F
S2140388806E6574776F726B2D7374656572696E6748
S21403889020636F6D706F6E656E742E00546865206E
S2140388A06368616E6E656C206D61736B20746F20F8
S2140388B06164642061206368616E6E656C20746F0A
S2140388C01F546865206368616E6E656C20746F2044
S2140388D061646420746F20746865206D61736B1F18
S2140388E000536574732065697468657220746865DF
S2140388F0207072696D617279206F72207365636F81
S2140389006E64617279206368616E6E656C206D615A
S214038910736B2E00546865206368616E6E656C2009
S2140389206D61736B20746F20737562747261637408
S21403893020746865206368616E6E656C2066726F6E
S2140389406D1F5468652076616C756520746F20739F
S214038950657420746865206368616E6E656C206D4F
S21403896061736B20746F2E1F0053657473207468D5
S21403897065207072652D636F6E66696775726564D0
S214038980206B657920736F20746861742074686542
S214038990206A6F696E696E67206465766963652011
S2140389A063616E20656E74657220746865206E65FB
S2140389B074776F726B2E005365747320746865202A
S2140389C0707265636F6E66696775726564206B6542
S2140389D0791F0053746F707320746865206E657416
S2140389E0776F726B207374656572696E6720707239
S2140389F06F636573732E00537461727473207468A7
S214038A0065206E6574776F726B2073746565726923
S214038A106E672070726F636573732E0041206D61FD
S214038A20736B206F66206F7074696F6E7320666F4A
S214038A307220696E6469636174696E67207370651A
S214038A406369666963206265686176696F72207719
S214038A50697468696E20746865206E6574776F72D2
S214038A606B2D7374656572696E672070726F6365CC
S214038A7073732E1F00446973706C61797320746876
S214038A80652063757272656E742073746174757392
S214038A90206F6620746865206E6574776F726B202E
S214038AA07374656572696E672070726F636573733E
S214038AB02E00456E61626C652F64697361626C6536
S214038AC020646562756720606C6567616379206101
S214038AD07070206672616D65776F726B2064656275
S214038AE0756760207072696E7420747970652E00E5
S214038AF0456E61626C652F64697361626C651F0005
S214038B00456E61626C652F64697361626C6520648F
S214038B106562756720607A636C60207072696E7434
S214038B2020747970652E00456E61626C652F6469EA
S214038B307361626C6520646562756720606170703E
S214038B4060207072696E7420747970652E00456EAD
S214038B5061626C652F64697361626C65206465622B
S214038B6075672060636F726560207072696E74202B
S214038B70747970652E00456E61626C652F64697347
S214038B8061626C65206465627567206073746163F7
S214038B906B60207072696E7420747970652E005352
S214038BA0656E6473206120726571756573742066E3
S214038BB06F72204F544120636F756E746572732E07
S214038BC00052657365747320616C6C2074687265FB
S214038BD073686F6C64732076616C75657320746F4D
S214038BE0203078464646462E00536574732061202F
S214038BF07468726573686F6C642076616C75652043
S214038C00666F72206120706172746963756C61723D
S214038C102074797065206F6620636F756E74657255
S214038C202E0054797065206F6620636F756E7465C9
S214038C30721F5468726573686F6C642056616C7536
S214038C40651F005072696E747320746865207468BB
S214038C50726573686F6C6473206F6620616C6C203A
S214038C6074686520636F756E746572732E00436C4B
S214038C706561727320616C6C20636F756E746572C8
S214038C802076616C7565732E005072696E7473205E
S214038C90616C6C20636F756E7465722076616C759B
S214038CA065732E005072696E74732074686520763F
S214038CB0616C7565206F66207468697320706172D5
S214038CC0746963756C617220636F756E7465722E5A
S214038CD00054686520636F756E74657220747970CE
S214038CE06520746F207072696E741F005072696E0F
S214038CF0747320616C6C20636F756E746572207676
S214038D00616C75657320616E6420636C6561727354
S214038D10207468656D2E00536574204D4647207495
S214038D206F6B656E2C2043414E4E4F5420424520B8
S214038D30554E53455420425920434C492E005072F9
S214038D40696E74204D464720746F6B656E2E005017
S214038D5072696E7420616374697665206576656EE4
S214038D6074732E0044697361626C652074686520B1
S214038D70656E64706F696E7420666F72205A434C1A
S214038D80206D657373616765732E00456E64706F3F
S214038D90696E7420696E6465781F00456E61626C47
S214038DA065732074686520656E64706F696E7420E1
S214038DB0666F72205A434C206D65737361676573E3
S214038DC02E005072696E7420737461747573206F0D
S214038DD06620656E64706F696E74732E0053686FD9
S214038DE07773207468652076657273696F6E206F7B
S214038DF0662074686520736F6674776172652E00EB
S214038E005365742074686520636F6E666967757250
S214038E106564203830322E31352E342043434120CA
S214038E206D6F646520696E2074686520726164697D
S214038E306F2E2053656520646F63756D656E746170
S214038E4074696F6E20726567617264696E6720521B
S214038E5041494C5F494545453830323135345F43E7
S214038E6063614D6F64655F742E0041205241494C27
S214038E705F494545453830323135345F4363614D8C
S214038E806F64655F742076616C75651F0052657448
S214038E9075726E732050544920726164696F206343
S214038EA06F6E66696720696E666F726D6174696F4F
S214038EB06E20746F2064657465726D696E652074C8
S214038EC06865205048592074797065206265696E1C
S214038ED0672075736564206279205241494C2E20C1
S214038EE072657475726E2076616C75652069732081
S214038EF0656E756D205241494C5F4945454538308E
S214038F00323135345F507469526164696F436F6EF2
S214038F106669675F7420652E6720205241494C5F5F
S214038F20494545453830323135345F5054495F52F0
S214038F304144494F5F434F4E4649475F325034479B
S214038F40485A203D203078303055205241494C5FF6
S214038F50494545453830323135345F5054495F52C0
S214038F604144494F5F434F4E4649475F325034476B
S214038F70485A5F414E54444956203D20307830319C
S214038F8055205241494C5F494545453830323135C5
S214038F90345F5054495F524144494F5F434F4E46F6
S214038FA049475F32503447485A5F434F4558203D40
S214038FB0203078303255205241494C5F494545456B
S214038FC03830323135345F5054495F524144494F4B
S214038FD05F434F4E4649475F32503447485A5F41D6
S214038FE04E544449565F434F4558203D2030783011
S214038FF033550053656E6473206120726561642087
S2140390006174747220666F72207468652074696D6B
S21403901065206F66207468652064657669636520DD
S2140390207370656369666965642E20497420736589
S2140390307473206120666C616720736F20776865A0
S2140390406E20697420676574732074686520726582
S21403905073706F6E736520697420777269746573B5
S214039060207468652074696D6520746F2069747355
S214039070206F776E2074696D6520617474722E009C
S21403908049641F737263456E64706F696E741F6400
S214039090657374456E64706F696E741F00576865F8
S2140390A06E2073656E64696E67207573696E6720DC
S2140390B0612062696E64696E672C207370656369EC
S2140390C06669657320776865746865722061206DCC
S2140390D0756C7469636173742062696E64696E6724
S2140390E02073686F756C6420626520757365642EE3
S2140390F0007573654D756C74696361737442696E4C
S21403910064696E671F0053656E6473206120707216
S214039110652D6275666665726564206D756C746927
S21403912063617374206D65737361676520746F2064
S2140391306120676976656E2067726F757020494493
S2140391402066726F6D206120676976656E20656E96
S21403915064706F696E742E0067726F757049641F52
S2140391607372632D656E64706F696E741F0043724D
S21403917065617465732061206D657373616765202F
S21403918062792073706563696679696E67207468AF
S21403919065207261772062797465732E2055736536
S2140391A0207468652073656E6420636F6D6D616EF1
S2140391B06420746F2073656E6420746865206D6523
S2140391C07373616765206F6E6365206974206861D9
S2140391D073206265656E20637265617465642E2014
S2140391E045783A2072617720307830303046207BDD
S2140391F0303020304120303020313120323220339D
S214039200332034342035357D2073656E64732061D6
S214039210206D65737361676520746F20636C757367
S2140392207465722031352028307830303046292056
S2140392306F66206C656E677468203820776869638C
S2140392406820696E636C7564657320746865205A5C
S214039250434C206865616465722E00436C757374B5
S214039260657249641F446174611F005265736574B7
S2140392707320746865206E6F64652E005772697478
S21403928065732061206D6573736167652E00456E97
S21403929064706F696E741F436C75737465722049CE
S2140392A0441F4174747269627574652049441F4D86
S2140392B061736B1F4461746120747970651F446128
S2140392C0746120627974651F00526561647320615E
S2140392D0206D6573736167652E00456E64706F69F4
S2140392E06E741F436C75737465722049441F417412
S2140392F0747269627574652049441F31206966205B
S21403930073657276657220646972656374696F6EDD
S2140393102C203020696620636C69656E742064694E
S21403932072656374696F6E1F0053656E64732061A4
S214039330206D6573736167652E0044657374696E8B
S2140393406174696F6E1F536F7572636520656E6413
S214039350706F696E741F44657374696E6174696FA8
S2140393606E20656E64706F696E741F00536F75723E
S214039370636520656E64706F696E741F004C697355
S2140393807473207768696368206F7074696F6E61A1
S2140393906C206C6962726172696573206F662074F3
S2140393A0686520737461636B2061726520696D70F4
S2140393B06C656D656E746564206F6E207468697382
S2140393C0206465766963652E005072696E74732037
S2140393D0696E666F726D6174696F6E2061626F7518
S2140393E07420746865206E6574776F726B2073746F
S2140393F06174652C20636C7573746572732C2061BD
S2140394006E6420656E64706F696E74732E005365A8
S21403941074206F7220636C656172207374617920A7
S2140394206177616B65207768656E206E6F74206A5E
S2140394306F696E656400536574206F7220636C6594
S214039440617220666F726365206177616B650044A5
S2140394506973706C61792074686520736C656570D8
S2140394602073746174757300906A0300A4A50300E7
S21403947000000000956A030094A5030000000000A6
S2140394809A6A030084A50300000000009B6A030099
S21403949074A5030000000000CAE2030060A50300F1
S2140394A000000000BDE203004CA50300000000001E
S2140394B0A06A03003CA5030000000000A66A0300A0
S2140394C02CA5030000000000AA6A03001CA50300E5
S2140394D000000000B96A03000CA5030000000000AA
S2140394E0D66A0300FCA4030000000000DF6A030042
S2140394F0ECA4030000000000F46A0300DCA40300ED
S21403950000000000046B0300CCA40300000000006E
S2140395100C6B03008CA4030000000000FFF40300A0
S214039520F09D030000000000136B0300309D030052
S214039530000000001C6B0300349C030000000000C6
S214039540296B0300B89A030000000000CCD903007F
S2140395509099030000000000306B0300909903000D
S21403956001000000346B0300509903000000000064
S214039570396B03001498030000000000B1B2030027
S2140395801498030001000000296B0300B89A030037
S21403959000000000406B0300B89A030001000000BF
S2140395A0456B0300E0970300000000004F6B0300C9
S2140395B0E097030001000000576B030010960300BA
S2140395C00000000053CA0300DC95030000000000FF
S2140395D0000000000000000000000000EC950300FF
S2140395E05B6B0300F3B20300FE000000736B030023
S2140395F0809E030000000000396F0300709E030086
S2140396000000000000000000000000000000000052
S21403961020960300786B0300F3B20300FE000000FD
S2140396208E6B030000A0030000000000946B030091
S214039630F09F0300000000009A6B0300E09F030006
S21403964000000000A36B0300D09F0300000000008F
S214039650AD6B0300C09F030000000000A5C5030018
S214039660889F0300000000000B5F0300749F030045
S21403967000000000B36B0300649F030000000000BB
S21403968092CA0300549F030000000000B86B030057
S214039690449F030000000000BF6B0300349F0300D9
S2140396A000000000C46B0300249F030000000000BA
S2140396B0C86B0300AC97030000000000CF6B0300E9
S2140396C05497030000000000D76B030020970300A5
S2140396D000000000E36B0300EC96030000000000AC
S2140396E0000000000000000000000000FC960300DD
S2140396F0EE6B0300F3B20300FE0000000F6C0300E2
S214039700A09E030000000000D2EB0300909E03001F
S2140397100000000000000000000000000000000041
S21403972030970300136C0300F3B20300FE0000003F
S2140397300F6C0300C09E030000000000D2EB030082
S214039740B09E0300000000000000000000000000C0
S2140397500000000064970300356C0300F3B20300B7
S214039760FE000000536C0300109F0300000000007F
S214039770806F0300009F030000000000626C03007C
S214039780F09E030000000000676C0300E09E0300E9
S214039790000000006E6C0300D09E03000000000073
S2140397A0000000000000000000000000BC9703005B
S2140397B0736C0300F3B20300FE000000906C03001A
S2140397C0AC9F030000000000966C0300989F030004
S2140397D00000000000000000000000000000000081
S2140397E0F09703009E6C0300F3B20300FE00000034
S2140397F0BA6C030040A0030000000000CCD90300AD
S21403980030A003000000000000000000000000007D
S2140398100000000024980300BF6C0300F3B20300AB
S214039820FE000000D86C0300F0A003000000000058
S214039830E16C0300E0A0030000000000E86C0300F6
S214039840D0A0030000000000BA6C030020A00300B1
S21403985000000000ED6C030010A0030000000000F1
S214039860FA6C03001099030000000000086D030063
S214039870DC98030000000000166D03009C980300AC
S21403988000000000136B0300309D0300000000007F
S214039890000000000000000000000000AC98030079
S2140398A01F6D0300F3B20300FE000000B6A603001C
S2140398B0C0A0030000000000C7A60300B0A003007A
S2140398C0000000003D6D0300A0A0030000000000A0
S2140398D0000000000000000000000000EC980300F9
S2140398E0456D0300F3B20300FE0000006F6D030036
S2140398F010A1030000000000766D030000A1030022
S214039900000000000000000000000000000000004F
S214039910209903007E6D0300F3B20300FE000000EF
S21403992053CA030044A1030000000000D2EB030067
S21403993034A1030000000000806F030020A1030091
S214039940000000000000000000000000000000000F
S214039950609903009E6D0300F3B20300FE0000004F
S21403996053CA030074A1030000000000BE6D030089
S21403997064A1030000000000D2EB030054A103001F
S21403998000000000000000000000000000000000CF
S214039990A0990300C56D0300F3B20300FE000000A8
S2140399A0DF6D0300A8A20300000000008AEB03009B
S2140399B098A2030000000000126E030088A20300B2
S2140399C000000000AD6B030078A203000000000057
S2140399D0A5EB030068A2030000000000E46D03008B
S2140399E058A2030000000000FC6D030048A2030019
S2140399F000000000056E030038A20300000000000C
S214039A000C6E030028A2030000000000186E03007B
S214039A10F8A1030000000000806F0300E8A1030024
S214039A2000000000276E0300D8A10300000000001A
S214039A30026E0300C8A10300000000002C6E0300A2
S214039A40B8A1030000000000436E0300A8A10300B2
S214039A5000000000576E030094A1030000000000FE
S214039A60676E030084A1030000000000766E030007
S214039A70849A0300000000000000000000000000BD
S214039A8000000000949A03007B6E0300F3B2030009
S214039A90FE000000926E030018A203000000000000
S214039AA09B6E030008A203000000000000000000F5
S214039AB00000000000000000C89A0300F3B2030091
S214039AC0F3B20300FE000000A26E0300309E030004
S214039AD000000000AD6E0300B49C0300000000000D
S214039AE0B66E03009C9B030000000000ECE103003D
S214039AF0389B030000000000C76E0300109B0300A2
S214039B00000000000000000000000000000000004D
S214039B10209B0300DA6E0300F3B20300FE0000008E
S214039B20FE6E0300B8A20300000000000000000061
S214039B300000000000000000489B0300046F0300C1
S214039B40F3B20300FE00000053CA03001CA3030085
S214039B5000000000D2EB03000CA30300000000008B
S214039B60206F0300FCA20300000000000F6C03003C
S214039B70E8A2030000000000276F0300D8A203003A
S214039B80000000003E6F0300C8A2030000000000B0
S214039B90000000000000000000000000AC9B030073
S214039BA04A6F0300F3B20300FE0000001EDA030050
S214039BB08CA3030000000000616E03007CA3030077
S214039BC000000000716E03006CA303000000000099
S214039BD06D6F03005CA30300000000005D6C0300D0
S214039BE0F49B0300000000000000000000000000DB
S214039BF000000000049C0300846F0300F3B203001C
S214039C00FE000000806F03004CA30300000000006A
S214039C100F6C03003CA30300000000009A6F0300D0
S214039C202CA303000000000000000000000000005A
S214039C3000000000449C0300F3B20300F3B20300E9
S214039C40FE000000A36F03005C9C030000000000FE
S214039C500000000000000000000000006C9C0300F1
S214039C60F3B20300F3B20300FE000000AF6F03007D
S214039C70DCA3030000000000B9F70300CCA3030035
S214039C8000000000B56F0300BCA303000000000043
S214039C90B96F0300ACA3030000000000BD6F030010
S214039CA09CA303000000000000000000000000006A
S214039CB000000000C49C0300CD6F0300F3B2030052
S214039CC0FE00000053CA03005CA40300000000006B
S214039CD0E86F03004CA4030000000000FB6F0300C2
S214039CE03CA4030000000000D2EB03002CA40300F6
S214039CF000000000087003001CA40300000000001E
S214039D00197003000CA40300000000002770030072
S214039D10FCA303000000000038700300ECA303005C
S214039D20000000000000000000000000000000002B
S214039D30409D030045700300F3B20300FE000000DD
S214039D405F70030070A00300000000009270030021
S214039D5060A0030000000000CD70030050A00300C5
S214039D6000000000E4700300BC9D03000000000038
S214039D70EE700300889D0300000000000000000052
S214039D800000000000000000989D0300F27003002E
S214039D90F3B20300FE000000B6A6030090A0030083
S214039DA000000000C7A6030080A003000000000018
S214039DB0000000000000000000000000CC9D03002F
S214039DC011710300F3B20300FE000000E46C03000D
S214039DD07CA4030000000000806F03006CA4030053
S214039DE0000000000000000000000000000000006B
S214039DF0009E030024710300F3B20300FE0000007C
S214039E0053CA0300BCA40300000000006F6D0300E8
S214039E10ACA4030000000000766D03009CA40300BE
S214039E20000000000000000000000000000000002A
S214039E30409E03003F710300F3B20300FE000000E0
S214039E401EDA0300D4A503000000000071710300AE
S214039E50C4A50300000000007D710300B4A5030041
S214039E6000000000000000000000000000000000EA
S214039E7099EF020093710300F3B20300FF000000A2
S214039E8095EF0200A0710300F3B20300FF00000089
S214039E9011AB0000B2710300F3B20300FF00000031
S214039EA0ADAA0000DF710300A779030001FF0000DD
S214039EB011AB00001F720300F3B20300FF000000A3
S214039EC0ADAA00004D720300A779030001FF00004E
S214039ED045AB00008E720300AF72030000FF000064
S214039EE045AB0000B8720300157303000000FF00C3
S214039EF0D1AB0000237303003C730300010001FF92
S214039F003DAC000061730300A37303000102FF006E
S214039F10D1AB0000B9730300E8730300010001022C
S214039F20FF00000091A90000197403005574030094
S214039F3007FF0000B1A900005B7403008E740300E2
S214039F4001FF0000C5A9000096740300E674030031
S214039F500100FF00EDAD0000FB7403004C75030029
S214039F600101FF00F5A900005C7503009675030068
S214039F7001FF000021AA00009E750300E775030099
S214039F80010000010707FF006DAC000039760300EF
S214039F908E74030001FF000075AD00008176030098
S214039FA0C5760300010700010700FF00F7EF020074
S214039FB01A770300607703000107000101FF000022
S214039FC0F5AC00009C770300D7770300010000FF81
S214039FD0C5AC0000F5770300397803000100FF00E5
S214039FE095AC00004C780300397803000100FF00AD
S214039FF045AD00008B7803009675030001FF000053
S21403A000B5AD0000C6780300F77803000100FF0033
S21403A01089970000F3B2030005790300000707FFE2
S21403A02021970000F3B203001E790300000707FF21
S21403A030799C0000F3B203002A79030007FF0000AF
S21403A040799C0000F3B203002A79030007FF00009F
S21403A050559C0000F3B203002F7903000000FF00B5
S21403A060359C0000F3B20300DEE5030001FF0000A9
S21403A070FD9B0000F3B203006779030000FF0000B6
S21403A08001970000F3B20300F3B20300FF000000E1
S21403A09001970000F3B20300F3B20300FF000000D1
S21403A0A047EF0200F3B20300F3B20300FF00000021
S21403A0B047EF0200F3B20300F3B20300FF00000011
S21403A0C047EF0200F3B20300F3B20300FF00000001
S21403A0D0D1960000F3B203009D7903000101FF004F
S21403A0E0BD960000F3B20300B279030001FF00003F
S21403A0F043EF0200F3B20300F3B20300FF000000D5
S21403A100859600004D6D0300F3B20300FF000000C8
S21403A11085960000BC790300F3B20300FF0000003D
S21403A12019980000DD790300F479030000010000AC
S21403A13007FF00003FEF02001A7A0300F3B20300A2
S21403A140FF00000081950000347A0300F3B2030099
S21403A150FF00000093EF0200627A0300F3B20300ED
S21403A160FF00000085EF02007C7A0300FE78030000
S21403A17000FF0000519F0000A17A0300F3B2030022
S21403A180FF00000055940000BB7A0300F3B20300FF
S21403A190FF000000E9930000DE7A03005B7B030008
S21403A1A000000310FF000000C5940000B07B03000E
S21403A1B01E7C030001FF000099940000337C03001B
S21403A1C0767C030000FF0000AD930000877C03004D
S21403A1D0F3B20300FF0000003DEF0200B67C03006D
S21403A1E0F3B20300FF00000089930000027D030022
S21403A1F0FE78030000FF000055930000437E030033
S21403A200987E030000FF000039930000B27E03002F
S21403A210F3B20300FF0000001D930000C27E03009C
S21403A220F3B20300FF0000002DEF0200D67E03000A
S21403A230547F030000FF0000ED920000DF7F030061
S21403A240F3B20300FF000000A9920000FC7F0300A6
S21403A2502780030007FF00006D9200003180030093
S21403A2608A800300000500FF259200003581030065
S21403A270488103000002FF0001920000778103007B
S21403A280F3B20300FF0000002DEF020089810300F4
S21403A290C381030000FF000095910000498203007C
S21403A2A08F820300000301FF859100002F830300C4
S21403A2B075830300000301FFF1F702001584030012
S21403A2C07884030002FF000061C10000CD84030010
S21403A2D0F3B20300FF00000039C100001A85030033
S21403A2E0F3B20300FF000000C5C00000458503006D
S21403A2F06B85030000010100010102FF9DC0000001
S21403A300EA8603001287030000FF00007DC00000FA
S21403A31039870300F3B20300FF000000C5BF000047
S21403A32063870300F3B20300FF00000011B60000CA
S21403A3307C870300E58703000000FF0011B60000DA
S21403A3403A8803009C8803000000FF00B1B60000B3
S21403A350E1880300148903000002FF000DB8000023
S21403A36069890300B789030007FF0000E5B700000B
S21403A370D3890300F3B20300FF000000F9B5000021
S21403A380F78903001C8A030000FF000005B70000DE
S21403A390758A0300F3B20300FF00000017F70200FC
S21403A3A0B28A0300F08A030000FF000011F70200E0
S21403A3B0008B0300F08A030000FF00000BF7020087
S21403A3C0278B0300F08A030000FF000005F7020056
S21403A3D04E8B0300F08A030000FF0000FFF6020026
S21403A3E0768B0300F08A030000FF0000E7F6020006
S21403A3F09F8B0300F3B20300FF000000EDF602009C
S21403A400C18B0300F3B20300FF00000041B300005A
S21403A410E98B0300228C03000001FF006DB30000EC
S21403A420438C0300F3B20300FF000000E9F60200CA
S21403A4306E8C0300F3B20300FF000000E3F6020095
S21403A440898C0300F3B20300FF000000FDB2000096
S21403A450A48C0300D18C030000FF0000D5F6020095
S21403A460EC8C0300F3B20300FF000000CD9C000059
S21403A470178D0300F3B20300FF000000CD9C00001D
S21403A4803E8D0300F3B20300FF0000007591000049
S21403A4904F8D0300F3B20300FF000000419100005C
S21403A4A0648D03008B8D030000FF000041910000C4
S21403A4B09B8D03008B8D030000FF0000D9900000E6
S21403A4C0C28D0300F3B20300FF00000025EF020075
S21403A4D0DD8D0300F3B20300FF000000398D00009A
S21403A4E0008E03006A8E030000FF0000198D000033
S21403A4F08D8E0300F3B20300FF0000009DA800004A
S21403A500F38F030080900300010000FF8DA7000077
S21403A5109D900300F190030000FF0000C1A7000018
S21403A52006910300589103000100FF002DA70000C9
S21403A5306E9103005B9203000107FF0029EF020000
S21403A5406B920300F3B20300FF00000035A1000086
S21403A5507C9203008E920300000101000007FF00B7
S21403A56025A00000C9920300DA920300000101004F
S21403A570FF000000C1A70000299303003A930300DD
S21403A580010000FF9D9F0000299303006C930300C6
S21403A59000FF000095FD00007D930300F3B2030067
S21403A5A0FF0000006D8D0000C9930300F3B20300A3
S21403A5B0FF00000099B200000E940300AE7B030078
S21403A5C000FF000061B2000036940300AE7B030078
S21403A5D000FF000011B200004F940300F3B2030023
S21403A5E0FF434C4920696E7374616E63652065781A
S21403A5F0616D706C65000000010000001C1A0020ED
S21403A600050000000000000000C201000005000075
S21403A61000100000000000000000000010150020DD
S21403A620952C0000BBD302000DD402001FD40200F9
S21403A630B5D3020056150020012E000095D4020063
S21403A640C1D40200EDD4020005D50200591500203E
S21403A650012E000095D40200C1D40200EDD40200FE
S21403A66005D502005A434C20636F6D6D616E6473AB
S21403A67000626173696300676C6F62616C006D668C
S21403A680672D636F6465007573652D6E6578742D2D
S21403A69073657175656E636500782D6465666175AF
S21403A6A06C742D7265737000746573742D726573A4
S21403A6B0706F6E73652D6F6E00746573742D72659F
S21403A6C073706F6E73652D6F6666005A434C206217
S21403A6D06173696320636C757374657220636F6D51
S21403A6E06D616E6473007274666400436F6D6D61B2
S21403A6F06E64207468617420726573657473206178
S21403A7006C6C206174747269627574652076616C12
S21403A71075657320746F20666163746F7279206445
S21403A720656661756C742E00B96F0300C010002057
S21403A7300000000000000000000000000000000011
S21403A74071A60300ACA703000000000077A6030071
S21403A75058E90300000000007EA6030028EB030070
S21403A76000000000396F030018EB03000000000030
S21403A77087A6030008EB03000000000099A6030069
S21403A780F8EA030000000000A8A60300E8EA0300B6
S21403A79000000000B9A60300D8EA0300000000008A
S21403A7A0000000000000000000000000BCA703003B
S21403A7B0CBA60300F3B20300FE000000E6A60300E8
S21403A7C0D4A7030000000000000000000000000003
S21403A7D000000000AFD00200EBA60300F3B20300B4
S21403A7E0FF000000050000000000000040420F00CC
S21403A7F0050100000000000000000000000000004B
S21403A8008000800001010000E0C810003C06020042
S21403A81000000000050000000000000040420F009A
S21403A820050100000000000000000000000000001A
S21403A83013B779FAC925DDB7ADF3CFE0F1B614B88F
S21403A8400102000000000000FFFFFFFF0100000000
S21403A85001000000000000000000000000000000EF
S21403A86000000000000000000000000000000000E0
S21403A87000000000000000000000000000000000D0
S21403A880070000038DD5020089D5020067D50200B4
S21403A89065D502004534000097D502000934000050
S21403A8A02C000000020000028000080002002000C6
S21403A8B0000140000400010010000806020004091D
S21403A8C00703010540787D0100000000005A62027C
S21403A8D000010000C0CF6A0002000000809FD50080
S21403A8E002010000002D31010202000001000000F9
S21403A8F00000000004000000010000000800000043
S21403A900010000001000000001000000000100002C
S21403A91001000000000800001D0000000002000007
S21403A9201D000000000400001D00000000000100E0
S21403A9301D00000044A9030020030164060802006A
S21403A9400100000000040A0A0403060608020000C9
S21403A950000000000E040E1F081F0C1F0E0E000042
S21403A9601000010E0E0E0F0E071F1F0E110E1C11E8
S21403A9700111110E0F0E0F1E1F11111111111F0EB3
S21403A980000E04000200010010000C000104080180
S21403A9900600000000000000020000000000000C9B
S21403A9A0040600000000000000040A0A1E1309043F
S21403A9B00404040400000000110611080C01021030
S21403A9C011110606080002111011111109010111D7
S21403A9D011040809011B11111111110104111111A0
S21403A9E01111100200080A00040001001000121ED4
S21403A9F00100000104000000000000000200000047
S21403AA0000000002040802000000000000040A1F01
S21403AA1001080502020815040000001019041004BA
S21403AA200A0F010811110606041F04101011110164
S21403AA30110101011104080501151311111111016A
S21403AA40041111110A11080201081100080E0D0E57
S21403AA50160E02110D060C09040B0D0E0F160D0E25
S21403AA600711111111111F02040815000000000040
S21403AA700004000A0E04020002080E1F001F00084E
S21403AA801504080809100F040E1E0000020008082B
S21403AA9016110F01110F0F1D1F04080301151511C1
S21403AAA00F110F0E04111115040A04020208000008
S21403AAB000101301191107111304080504151311C7
S21403AAC011191301021111110A11080104100800CB
S21403AAD0000000000000001F100215000208150405
S21403AAE006000004130404101F10110211100606BA
S21403AAF0041F0404151F1101110101111104080597
S21403AB000111191101150510041111150A04020289
S21403AB1004080000001E1101111F021E1104080381
S21403AB20041511110F1E010E02111115041E040245
S21403AB3004080000000000000000000A0F190900C6
S21403AB40040404040400060211040211081111028D
S21403AB50110806040800020015111111090101115C
S21403AB6011040909011111110109091004110A152B
S21403AB70110401020808000000111111110102104E
S21403AB8011040905041111110110011012190A15F7
S21403AB900A10020204080000000000000004000A75
S21403ABA00418160008020000020006010E0E1F0E0F
S21403ABB0080E0E020E060002100001040E110F0E00
S21403ABC0071F010E110E06111F11110E0116110F8C
S21403ABD0040E040A11041F0E100E001F001E0F0E93
S21403ABE01E0E020E110E06090E11110E0110010F94
S21403ABF00C16040A110E1F0C0406000000000000C9
S21403AC00000000000000000000000000000000003C
S21403AC10000000000000000000000000000000002C
S21403AC20000000000000000000000000000000001C
S21403AC30000000000000000000000000000000000C
S21403AC4000000000000000000000000000000000FC
S21403AC5000000000000000000000000000000000EC
S21403AC600000000074AC030020030164080802001F
S21403AC700100000000186C6C10CE3808600C000051
S21403AC80000000007C307C7CC6FE7CFE7C7C0000E2
S21403AC9070001C7C7C7C7E7C7EFEFE7CC63C78C67C
S21403ACA006C6C67C7E7C7E7C7EC6C6C6C6C6FE7CC4
S21403ACB0007C10000C00060060003800060000064A
S21403ACC00C00000000000000000000000000003040
S21403ACD018188C000000000000186CFEFC6A2C1884
S21403ACE030186C18000000C0C638C6C6C606C6C0F4
S21403ACF0C6C61818387C38C6C6C6C6C6C60606C62E
S21403AD00C618306606EECEC6C6C6C6C618C6C6C6BD
S21403AD10C6C6C00C066038000C00060060000C00B7
S21403AD20061830060C0000000000000018000000A3
S21403AD30000000181830D60000000000001848FE77
S21403AD40162E2C181830381800000060C63060C065
S21403AD50C6060660C6C618181C7C70C6F6C6C606A7
S21403AD60C6060606C618303606FEDEC6C6C6C606BF
S21403AD7018C6C6C66CC6600C0C606C00043C3E3C31
S21403AD807C3C3C3C3E0000660C6E3E3C3E3C363C07
S21403AD90186666C666667E181830620000000000F5
S21403ADA00018006C7C10DC001830FE7E1C7E003021
S21403ADB0C6303070FE7E7E307CFC00000E00E070F5
S21403ADC0F6FE7E06C61E1EF6FE18301E06D6F6C60F
S21403ADD07EC67E7C18C6C6D638FC300C1860C60005
S21403ADE00060660666660C66661830360CD66666BF
S21403ADF066666E067C6666C63C66300C00600000BF
S21403AE0000000000000000FED0E866001830387E20
S21403AE101C7E1C18C63018C0C0C0C618C6C018187A
S21403AE201C7C703076C6C606C60606C6C6183036FE
S21403AE3006C6E6C606B6C6C018C6C6FE6CC0180C5E
S21403AE4030600000007C6606667E0C7C6618301E4A
S21403AE500CD666663E56063C186666D6187C1818E8
S21403AE601830000000000000001800FE7EAC6600EC
S21403AE7030186C1818001C0CC6300CC6C0C6C60C9E
S21403AE80C6C61818387C380006C6C6C6C60606C622
S21403AE90C618366606C6C6C60666C6C618C66CEEA8
S21403AEA0C6C00C0C606000FE0066660666060C6094
S21403AEB0661836360CC666660626066018663CD6E0
S21403AEC03C600C1818300000000000000018006CEE
S21403AED010E6DC00600C00180C001C067C78FE7C78
S21403AEE0C07C7C067C7C000C70001C307CC67E7CA0
S21403AEF07EFE06FCC63C1CC6FEC6C67C06DCC67CBE
S21403AF00187C38C6C67EFE7CC07C00FE007C3E3CB9
S21403AF107C3C0C3E66701C6638C6663C065C063E89
S21403AF20707C18FC663E7E30181800000000000097
S21403AF300000000000000000000000000000000009
S21403AF4000000000000000000000000000000000F9
S21403AF5000000000000000000000000000000000E9
S21403AF6000000000000000000000000000000000D9
S21403AF7000000000000000000000000000000000C9
S21403AF8000000000000000000000000000000000B9
S21403AF90000000000003010303030200000800FC96
S21403AFA010B0030001000107BCAF0300000800F85F
S21403AFB0CCAF0300000000000000000083FFBFFFCB
S21403AFC0E2FFF1FFF9FFFEFF000000009600FCFE23
S21403AFD0F8006D23441FEEFFC700F20E8E37FAFF0C
S21403AFE05C00A40324A7FFFF3200D601AD340000A3
S21403AFF01F003001004D00001200C000CA4A0000C6
S21403B0000B006E00F73C000005001F002F20000019
S21403B0108C00FCFEFFFF000000000000FC00D210C6
S21403B0204C06FAFF75009B05F132FFFF3E006202F5
S21403B0300B35000025004B01885F00001700E00079
S21403B0405E5D00000E008C006A4F000007002500BE
S21403B05083280000000800FCC8B0030001000107B5
S21403B06074B00300000800F884B00300000000007A
S21403B0700000000083FFBFFFE2FFF1FFF9FFFEFFC2
S21403B08000000000C800FCFEF800C50A571EFBFFC0
S21403B0907B0095047C02FFFF4A00B60246DFFFFFF3
S21403B0A02D00AD01412F00001C000701854700005D
S21403B0B01200A700974600000B0067001A3C00002A
S21403B0C00600220068230000C800FCFEFC00D80A25
S21403B0D0066CFBFF8800370518E2FEFF53000403E7
S21403B0E0F5E3FFFF3200B9019D4300002900570135
S21403B0F0F85700001600D100585700000E007C00D9
S21403B100D0490000070028001729000000000F4060
S21403B1100000000000040F40010000003E20005520
S21403B1206E6B6E6F776E206572726F72004D61780C
S21403B130696D756D206E756D626572206F66206130
S21403B1407267756D656E747320657863656564658F
S21403B150640054686520617267756D656E74206956
S21403B16073206E6F7420666F726D617474656420ED
S21403B170636F72726563746C7900496E636F727283
S21403B18065637420617267756D656E74207479707B
S21403B1906500496E636F7272656374206E756D62C7
S21403B1A06572206F6620617267756D656E747300D5
S21403B1B04E6F20636F6D6D616E6420666F756E648F
S21403B1C000000000F3B203001FB103001FB1030029
S21403B1D01FB103001FB103001FB103001FB103001B
S21403B1E01FB103001FB103001FB103001FB103000B
S21403B1F01FB103001FB103001FB103001FB10300FB
S21403B2001FB103001FB103001FB103001FB10300EA
S21403B2101FB103001FB103001FB103001FB10300DA
S21403B2201FB103001FB103001FB103001FB10300CA
S21403B2301FB103001FB103001FB103002DB10300AC
S21403B2401FB103001FB1030052B103001FB1030077
S21403B2501FB103001FB103001FB103007AB103003F
S21403B2601FB103001FB103001FB103001FB103008A
S21403B27092B103001FB10300B0B1030075696E7489
S21403B28031360075696E743800756E6B6E6F776E47
S21403B2900077696C6463617264006865786F7074C4
S21403B2A000737472696E676F70740075696E7433B9
S21403B2B0326F70740075696E7431366F7074007512
S21403B2C0696E74386F707400686578007374726999
S21403B2D06E670075696E743332002A002E2E2E2098
S21403B2E00068656C70000A25730A257325730025AC
S21403B2F073200800000108070F000A00C80020009A
S21403B300A000010000000000A00068010A20070654
S21403B310020A04070000000207002F686F6D652FFE
S21403B3207068752F53696D706C69636974795374AB
S21403B3307564696F2F53444B732F6765636B6F5F39
S21403B34073646B2F706C6174666F726D2F736572A6
S21403B350766963652F6C65676163795F68616C2FD7
S21403B3607372632F626173652D7265706C616365BA
S21403B3706D656E742E63002573203D2025346C782E
S21403B3800052657365742063617573653A2057616F
S21403B390746368646F6720657870697265642C20CF
S21403B3A06E6F2072656C6961626C65206578747275
S21403B3B06120696E666F726D6174696F6E0A005202
S21403B3C0657365742063617573653A2057617463AA
S21403B3D068646F672063617567687420776974684B
S21403B3E020656E68616E63656420696E666F0A0029
S21403B3F0496E737472756374696F6E2061646472E8
S21403B4006573733A2025346C780A00526573657445
S21403B4102063617573653A204173736572742025E2
S21403B420733A256C640A005265736574206361750C
S21403B43073653A2048617264204661756C740A002D
S21403B440484653522E5645435454424C3A2065724E
S21403B450726F722072656164696E672076656374C5
S21403B4606F72207461626C6520666F7220616E2055
S21403B470657863657074696F6E0A00484653522E8A
S21403B480464F524345443A20636F6E66696775724A
S21403B49061626C65206661756C7420636F756C649D
S21403B4A0206E6F742061637469766174650A004860
S21403B4B04653522E44454255474556543A206661F4
S21403B4C0756C742072656C6174656420746F206497
S21403B4D065627567202D20652E672E2C206578659E
S21403B4E0637574656420424B50540A005265736555
S21403B4F0742063617573653A204D656D6F727920AC
S21403B5004D616E6167656D656E74204661756C741A
S21403B5100A00496C6C6567616C20616363657373CD
S21403B52020616464726573733A2025346C780A006C
S21403B530434653522E25730A00526573657420637F
S21403B540617573653A20427573204661756C740A9B
S21403B5500041646472657373206973206F662061AB
S21403B5606E20696E737472756374696F6E2061669C
S21403B57074657220627573206661756C74206F63E0
S21403B5806375727265642C206E6F74207468652010
S21403B59063617573652E0A00434653522E286E6FF9
S21403B5A06E6529206C6F6164206F722073746F72EE
S21403B5B06520617420616E20696C6C6567616C2020
S21403B5C0616464726573730A0052657365742063FD
S21403B5D0617573653A205573616765204661756CBE
S21403B5E0740A0052657365742063617573653A2047
S21403B5F04465627567204D6F6E69746F722046618D
S21403B600756C740A006D61696E00546872656164D6
S21403B6100048616E646C6572002573206D6F646507
S21403B620207573696E6720257320737461636B20BE
S21403B6302825346C7820746F2025346C78292C20C8
S21403B6405350203D2025346C780A002575206279F6
S21403B6507465732075736564202825752525292050
S21403B660696E20257320737461636B20286F75746D
S21403B670206F6620257520627974657320746F7455
S21403B680616C290A005350206973206F75747369BF
S21403B690646520257320737461636B2072616E6723
S21403B6A065210A00496E7465727275707473206141
S21403B6B0637469766520286F72207072652D656DD8
S21403B6C07074656420616E6420737461636B656473
S21403B6D0293A0A004E6F20696E746572727570742B
S21403B6E073206163746976650A000D0A5B415353E0
S21403B6F04552543A25733A25645D0D0A00554E4B60
S21403B70000474F200042544C00474F3200474F3308
S21403B71000474F3400474F3500474F3600474F37F3
S21403B72000474F3800474F3900474F4100474F42C5
S21403B73000474F4300474F4400474F4500474F4697
S21403B740004A4D5000424452005550520042544D58
S21403B750004D534D0046544C00554E4B00474F206A
S21403B7600042544C004241440046544C0046524367
S21403B770004F54410044534C00554E4B0050494E25
S21403B78000454D3400554E4B0048562000554E4B51
S21403B79000455850004C574D00554E4B00524254EE
S21403B7A00044534C00454D3400554E4B0041535412
S21403B7B000554E4B0056465900494E4800554E4BD1
S21403B7C0004C434B0058544C004F424600554E4BDA
S21403B7D000485244004D454D0042555300555347CB
S21403B7E00044424700444D410056435400554E4BD7
S21403B7F00055502000525020004150300041503137
S21403B80000415020004450200044454300000000FF
S21403B810FDB6030001B7030059B7030079B7030069
S21403B82085B703008DB7030099B70300A9B70300D4
S21403B830B1B70300BDB70300CDB70300EDB70300F0
S21403B840554E4B004649420042544C00455854005E
S21403B8505057520057444700205357004352530053
S21403B8604653480042414400464C540042524F005F
S21403B87001040000050B060B070B00000000000088
S21403B8800103010906000105000000000000000096
S21403B8900306523000523100523200523300523403
S21403B8A000523500523600523700523800523900E3
S21403B8B05231300052313100523132005231332886
S21403B8C04C5229004D5350005053500050430078BB
S21403B8D0505352004D5350207573656400505350B7
S21403B8E020757365640043535441434B20626F7461
S21403B8F0746F6D00494353520053484353520049F3
S21403B9004E545F4143544956453000494E545F41B7
S21403B9104354495645310043465352004846535212
S21403B9200044465352004D4D41522F424641520069
S21403B93041465352005265743000526574310052CA
S21403B9406574320052657433005265743400526570
S21403B9507435004461743000446174310000454D11
S21403B960555F4952516E004652435F5052495F49F4
S21403B97052516E0057444F47305F4952516E00573D
S21403B980444F47315F4952516E004652435F495216
S21403B990516E004D4F44454D5F4952516E00524122
S21403B9A0435F5345515F4952516E005241435F52C4
S21403B9B0534D5F4952516E00425546435F495251BB
S21403B9C06E004C444D415F4952516E004750494FFB
S21403B9D05F4556454E5F4952516E0055534152548A
S21403B9E0305F52585F4952516E005553415254309E
S21403B9F05F54585F4952516E0041434D50305F4982
S21403BA0052516E00414443305F4952516E004944DF
S21403BA104143305F4952516E00493243305F4952C9
S21403BA20516E004750494F5F4F44445F4952516E31
S21403BA30005553415254315F52585F4952516E007C
S21403BA405553415254315F54585F4952516E004C1E
S21403BA504555415254305F4952516E0050434E543F
S21403BA60305F4952516E00434D555F4952516E0047
S21403BA704D53435F4952516E0043525950544F3011
S21403BA805F4952516E004C4554494D4552305F490B
S21403BA9052516E004147435F4952516E0050524F18
S21403BAA054494D45525F4952516E00525443435FC9
S21403BAB04952516E0053594E54485F4952516E00D5
S21403BAC04352594F54494D45525F4952516E0052A5
S21403BAD04653454E53455F4952516E0046505545B1
S21403BAE0485F4952516E00534D555F4952516E009F
S21403BAF05754494D4552305F4952516E0057544989
S21403BB004D4552315F4952516E0050434E54315F9A
S21403BB104952516E0050434E54325F4952516E00A3
S21403BB205553415254325F52585F4952516E005535
S21403BB3053415254325F54585F4952516E00493252
S21403BB4043315F4952516E005553415254335F524D
S21403BB50585F4952516E005553415254335F5458FF
S21403BB605F4952516E0056444143305F4952516E0D
S21403BB70004353454E5F4952516E004C4553454E64
S21403BB8053455F4952516E0043525950544F315FEB
S21403BB904952516E0054524E47305F4952516E001F
S21403BBA04941434356494F4C3A20617474656D705E
S21403BBB074656420696E737472756374696F6E203E
S21403BBC066657463682066726F6D2061206E6F2DE4
S21403BBD06578656375746520616464726573730064
S21403BBE04441434356494F4C3A20617474656D7023
S21403BBF0746564206C6F6164206F722073746F7257
S21403BC006520617420616E20696C6C6567616C20C9
S21403BC1061646472657373004D554E53544B4552BD
S21403BC20523A20756E737461636B2066726F6D2073
S21403BC30657863657074696F6E2072657475726E6D
S21403BC40206361757365642061636365737320762F
S21403BC50696F6C6174696F6E004D53544B45525255
S21403BC603A20737461636B696E672066726F6D202A
S21403BC70657863657074696F6E2063617573656458
S21403BC80206163636573732076696F6C6174696F93
S21403BC906E004D4D415256414C49443A204D4D415C
S21403BCA05220636F6E7461696E732076616C69648B
S21403BCB0206661756C7420616464726573730049F1
S21403BCC04255534552523A20696E737472756374C3
S21403BCD0696F6E207072656665746368206361754C
S21403BCE073656420627573206661756C74005052C8
S21403BCF0454349534552523A2070726563697365EA
S21403BD00206461746120627573206661756C7400CB
S21403BD10494D5052454349534552523A20696D7036
S21403BD20726563697365206461746120627573204C
S21403BD306661756C7400554E53544B4552523A2007
S21403BD40756E737461636B696E67206F6E206578BA
S21403BD5063657074696F6E2072657475726E2063A6
S21403BD60617573656420646174612062757320660F
S21403BD7061756C740053544B4552523A2073746188
S21403BD80636B696E67206F6E206578636570746990
S21403BD906F6E20656E7472792063617573656420B7
S21403BDA06461746120627573206661756C74004209
S21403BDB046415256414C49443A204246415220633A
S21403BDC06F6E7461696E732076616C696420666158
S21403BDD0756C74206164647265737300554E4445D4
S21403BDE046494E5354523A20747269656420746F00
S21403BDF0206578656375746520616E20756E64656D
S21403BE0066696E656420696E737472756374696FB0
S21403BE106E00494E5653544154453A20696E766136
S21403BE206C69642045505352202D20652E672E2CB6
S21403BE3020747269656420746F207377697463680D
S21403BE4020746F2041524D206D6F646500494E5635
S21403BE5050433A20657863657074696F6E20726527
S21403BE607475726E20696E7465677269747920637F
S21403BE706865636B73206661696C6564004E4F4347
S21403BE80503A20617474656D7074656420746F2015
S21403BE9065786563757465206120636F70726F6380
S21403BEA06573736F7220696E737472756374696FEA
S21403BEB06E00554E414C49474E45443A20617474D2
S21403BEC0656D7074656420616E20756E616C69675C
S21403BED06E6564206D656D6F72792061636365734B
S21403BEE0730044495642595A45524F3A2061747476
S21403BEF0656D7074656420746F206578656375740A
S21403BF00652053444956206F72205544495620777E
S21403BF106974682064697669736F72206F6620306F
S21403BF20000000005EB9030067B9030074B903009C
S21403BF307FB903008AB9030093B903009EB90300CF
S21403BF40ABB90300B8B90300C2B90300CCB9030008
S21403BF5088BA0300DBB90300EAB90300F9B90300A2
S21403BF6004BA03000EBA030019BA030023BA030087
S21403BF70FEBA030031BA030040BA03004FBA030007
S21403BF805CBA030067BA030070BA030079BA030009
S21403BF9086BA030094BA03009DBA0300ABBA030043
S21403BFA0B5BA0300C0BA0300CFBA0300DCBA030075
S21403BFB0E7BA0300F0BA0300FDBA03000ABB0300A6
S21403BFC015BB030020BB03002FBB03003EBB0300CF
S21403BFD048BB030057BB030066BB030071BB0300EB
S21403BFE07BBB030088BB030095BB0300A0BB030019
S21403BFF0E0BB0300F3B2030018BC030059BC030004
S21403C000F3B20300F3B2030092BC0300BFBC030009
S21403C010EEBC030010BD030036BD030075BD030070
S21403C020F3B20300F3B20300AFBD0300DCBD0300AD
S21403C03012BE03004DBE03007DBE0300F3B2030031
S21403C040F3B20300F3B20300F3B20300B2BE03007D
S21403C050E2BE0300000008070A00000000CA9A3B7D
S21403C06000E1F5058096980040420F00A086010087
S21403C07010270000E8030000640000000A00000028
S21403C080010410400100000005000000000200004B
S21403C09003000000FCC20300F8C20300E4C203006E
S21403C0A0E0C20300DCC20300D8C20300C6C203001A
S21403C0B0B6C203009CC2030094C203008AC20300F4
S21403C0C088C2030070C203006DC2030065C203008A
S21403C0D054C2030044C2030032C2030018C2030062
S21403C0E010C2030004C2030000C20300FEC1030023
S21403C0F0F1C10300E6C10300CDC1030071C1030013
S21403C10070C1030060C1030038C103002DC10300E2
S21403C1102CC1030018C1030000000000000000004B
S21403C1200000000000000000000000000F000000F8
S21403C13000000000000000000000000000000000F7
S21403C14000000000000000000000000000000000E7
S21403C15000000000000000000000000000000000D7
S21403C16001000000000000000000000000000000C6
S21403C1700F000000000000000000000000000000A8
S21403C18000000000000000000000000000000000A7
S21403C1900000000000000000000000000000000097
S21403C1A00000000000000000000000000000000087
S21403C1B00000000000000000000000000000000077
S21403C1C00000000000000000000000000000000067
S21403C1D00000000000000000000000000000000057
S21403C1E00000000000000000000000000000000047
S21403C1F00000000000000000000000000000000037
S21403C20000000000FFFFFFFFFFFFFFFFFFFF000030
S21403C2100000000000000000000000000000000016
S21403C2200000000000000000000000000000000006
S21403C23000000000000000000000000000000000F6
S21403C24000000000000000000000000000000000E6
S21403C25000000000000000000000000000000000D6
S21403C2600000000000FFFFFFFFFFFFFFFF9C000032
S21403C270FF000000000000000000000000000000B7
S21403C28000000000800000000000FFFFFFFFFFFF2C
S21403C290FFFFFFFF00000000FFFF0000000000009C
S21403C2A00000000000000000000000000000000086
S21403C2B0000000000000FFFFFF0000000000000079
S21403C2C00000000000000000000000000000000066
S21403C2D00000000000000000000000000000000056
S21403C2E00000000000000000000000000000000046
S21403C2F0000000000000000000000000FC03010135
S21403C3000101010101010101010101010100000018
S21403C31000000001000A06000006010100000602F4
S21403C320041104040211101A080A02180108111055
S21403C330111A080A04020D0B195C0110280B0114CC
S21403C34000000000000000000000000000000001E4
S21403C35001010101010001010101010100000101C8
S21403C36001000100010100000000000000000000C1
S21403C37000000000000001000000000000000000B4
S21403C3800000000001FF010023E1010075E4010045
S21403C39063E2010063E5010062E1010079EB01005D
S21403C3A064EE010024E1010025E1010026E101001D
S21403C3B027E1010028E1010029E101002AE101004B
S21403C3C0000001008000010000010100800101005F
S21403C3D0000201008002010020E2010000030100C8
S21403C3E0000501008005010000060100800601002B
S21403C3F00007010001E5010002E501000008010055
S21403C40080080100004001002F686F6D652F70687B
S21403C410752F53696D706C696369747953747564A9
S21403C420696F2F53444B732F6765636B6F5F73643A
S21403C4306B2F706C6174666F726D2F73657276699D
S21403C44063652F746F6B656E5F6D616E6167657292
S21403C4502F7372632F736C5F746F6B656E5F6D61A2
S21403C4606E616765722E63002F686F6D652F706847
S21403C470752F53696D706C69636974795374756449
S21403C480696F2F53444B732F6765636B6F5F7364DA
S21403C4906B2F706C6174666F726D2F73657276693D
S21403C4A063652F746F6B656E5F6D616E6167657232
S21403C4B02F7372632F736C5F746F6B656E5F6D6142
S21403C4C06E75666163747572696E672E6300FFFF2F
S21403C4D0FFFFFFFFFFFF34B684327032F6101A10E8
S21403C4E043757272656E7420436F6E6669673A2091
S21403C4F02530780053657420434341206D6F64658F
S21403C50020746F2025643A2025307800656E6162BA
S21403C5106C65640064697361626C6564006F75744E
S21403C52028636C69656E742900696E2028736572CA
S21403C53076657229004D464720537472696E673AD2
S21403C540202573004170704275696C646572204DD6
S21403C550464720436F64653A2030782530345800C8
S21403C5606E6F6465205B004164646974696F6E6115
S21403C5706C20696E7465726661636573002020259E
S21403C580643A200070616765205B25645D206368FC
S21403C590616E205B25645D20707772205B25645D89
S21403C5A0006E6F7420616374697665006572726FDE
S21403C5B0722030782532580070616E4944205B3013
S21403C5C078253034585D206E6F64654944205B30AF
S21403C5D078253034585D20007870616E205B3078A3
S21403C5E000706172656E744944205B307825303480
S21403C5F0585D20706172656E7452737369205B2593
S21403C600645D006E6F646554797065205B005365E6
S21403C610637572697479206C6576656C205B257822
S21403C6205D006E6574776F726B207374617465203A
S21403C6305B253032585D200042756666733A2025C6
S21403C64064202F20256400457020636E743A2025ED
S21403C65064006570202564205B656E64706F696E88
S21403C660742025732C206465766963652025735DC5
S21403C67020006E776B205B25645D2070726F6669A1
S21403C6806C65205B3078253034585D2064657649C8
S21403C69064205B3078253034585D20766572205BE5
S21403C6A0307825785D0020202020257320636C7564
S21403C6B0737465723A2030782530345820004E77EC
S21403C6C06B20636E743A202564006E776B202564B6
S21403C6D0205B25735D005072696D61727920287046
S21403C6E0726F290020206E6F646554797065205B35
S21403C6F03078253032585D00202073656375726983
S21403C700747950726F66696C65205B3078253032B9
S21403C710585D0045502025643A2025732000457255
S21403C720726F723A2020556E6B6E6F776E20656E51
S21403C73064706F696E742E00456E61626C65206569
S21403C74076656E7420646562756720696E666F2011
S21403C750696E20436F726520434C4920636F6D708A
S21403C7606F6E656E74006F6E6C7920636F6F7264A4
S21403C770696E61746F72732063616E20666F726D8B
S21403C7800A006A6F696E203078253032580A002511
S21403C79073203078253032580A00257320307825E8
S21403C7A03032780072656A6F696E446966664465FE
S21403C7B0766963655479706500257320307825782B
S21403C7C0006578742E2050414E2049443A20004E8E
S21403C7D0574B206F70656E3A20257520736563008E
S21403C7E04E574B20636C6F7365640066696E6420F6
S21403C7F06A6F696E61626C653A203078253032580C
S21403C8000066696E6420756E757365643A203078C9
S21403C81025303258004368616E67696E6720746F0F
S21403C820206368616E6E656C2025643A2030782537
S21403C83030325800696E76616C6964206E65747771
S21403C8406F726B20696E6465780053686F7274202C
S21403C85049443A203078253034582C2045554936FB
S21403C860343A20002C2050616E2049443A20307818
S21403C870253034580053746172746564206D756C8A
S21403C88074692D70687920696E7465726661636574
S21403C890004661696C656420746F202573202573D8
S21403C8A020307825303258005465726D696E617495
S21403C8B0656420257320307825303258004B656533
S21403C8C07020616C69766520737570706F72742062
S21403C8D0656E61626C65642E006661696C656420D2
S21403C8E0746F20736574206B65657020616C697660
S21403C8F065206D6F64652E00737563636573736679
S21403C900756C6C7920736574207468652063686938
S21403C9106C642074696D656F7574206F7074696FCD
S21403C9206E206D61736B2E006661696C656420749E
S21403C9306F2073657420746865206368696C64206F
S21403C94074696D656F7574206F7074696F6E206D92
S21403C95061736B2E00646973636F766572004D6155
S21403C960746368202570792066726F6D2030782591
S21403C9703034582C206570202564004E574B2041D8
S21403C98064647265737320726573706F6E73653A51
S21403C99020307825303458004945454520416464A5
S21403C9A07265737320726573706F6E73653A2000D9
S21403C9B0536572766963652025737920646F6E65A7
S21403C9C02E00232020747970652020206E776B203C
S21403C9D0206C6F6320202072656D202020636C75A9
S21403C9E0732020206E6F6465202020657569002003
S21403C9F0202564202020203078253034582020300D
S21403CA007825303458202030782530345820307834
S21403CA10253034582000656D626572476574426937
S21403CA206E64696E67204572726F723A203078259D
S21403CA3032580A002564206F662025642062696EDA
S21403CA4064696E6773207573656400656E61626CF6
S21403CA506564207072696E740064697361626C65E4
S21403CA6064207072696E7400616464206C696E6B16
S21403CA70206B6579004552523A2043616C63756CAE
S21403CA80617465642043524320646F6573206E6F40
S21403CA9074206D61746368004552523A20496E7380
S21403CAA074616C6C20436F6465206D7573742062CB
S21403CAB06520382C2031302C2031342C206F722006
S21403CAC0313820627974657320696E206C656E67F1
S21403CAD07468004552523A204145532D4D4D4F2020
S21403CAE068617368206661696C65643A20307825EE
S21403CAF07800536574206A6F696E696E67206C6987
S21403CB006E6B206B6579007365742062696E6420B2
S21403CB1025643A2030782530327800454D505459F4
S21403CB2000554E494341004D324F4E45004D554C3E
S21403CB305449003F20202020000000001BCB0300A8
S21403CB4021CB030027CB03002DCB030033CB0300FD
S21403CB50496E64657820494545452041646472659D
S21403CB6073732020202020202020204E574B496E10
S21403CB706465782020496E204643202020202054D8
S21403CB80544C28732920466C6167202020204B656F
S21403CB90792020202000256420202020200020202B
S21403CBA025642020202020202000202025303858EF
S21403CBB020200020307825303458202000496E6429
S21403CBC06578204945454520416464726573732042
S21403CBD02020202020202020496E2046432020208D
S21403CBE020205479706520204175746820204B6599
S21403CBF079002D20202020200025632020202020BF
S21403CC002563202020202000696573005741524E7B
S21403CC10494E473A202052454144494E47204F4605
S21403CC20204B45592056414C5545532044495341C2
S21403CC30424C4544204259204D464720544F4B45CD
S21403CC404E004E574B204B6579002573206F757445
S21403CC502046433A202530385800257320736571E3
S21403CC60206E756D3A20307825780025733A2000BB
S21403CC702573206F75742046433A20253038780094
S21403CC80544320257320002573205461626C65008D
S21403CC9025642F256420656E747269657320757329
S21403CCA065642E005472616E7369656E74204B65FD
S21403CCB07900256420656E7472257320636F6E7326
S21403CCC0756D696E67202564207061636B657420DB
S21403CCD062756666657225732E0057494C4C00577D
S21403CCE0494C4C204E4F5400547275737420436560
S21403CCF06E74657220257020616C6C6F7720747279
S21403CD007573742063656E7465722072656A6F69E5
S21403CD106E73207573696E672077656C6C2D6B6E0A
S21403CD206F776E206B65792E005365742074696D7A
S21403CD30656F757420666F72205472757374204322
S21403CD40656E7465722072656A6F696E732075739B
S21403CD50696E672077656C6C2D6B6E6F776E206CD3
S21403CD60696E6B206B657920746F2025642073656C
S21403CD70636F6E64732E004552524F523A2000255D
S21403CD8070737461636B206D7573742062652064C1
S21403CD906F776E2E004E4F4E450052656164696E86
S21403CDA06720416C6C6F7765640048617368696ED1
S21403CDB067206F6E6C7900456D6265724B657953BB
S21403CDC0657474696E67733A20307825303458007A
S21403CDD020205065726D697373696F6E733A2025F0
S21403CDE073004572726F723A204661696C656420FF
S21403CDF0746F2067657420636F6E6669672C207393
S21403CE0074617475733A2030782530325800466161
S21403CE10696C65643A20307825303258004D736764
S21403CE203A20636C7573203078253034582C206391
S21403CE306D64203078253032582C206C656E2025A2
S21403CE4064006275666665723A2000454D42455237
S21403CE505F00257353454355524954595F4C455615
S21403CE60454C3A2025303258002573657261736548
S21403CE70206B65792025643A2030782530325800B7
S21403CE80636D64206E6F74206275696C74007372D0
S21403CE906320657020253032782C20636C757320F0
S21403CEA0253034780073656E64696E6720746F206E
S21403CEB06D756C7469636173742062696E640025B2
S21403CEC0733A2065703A2025642C20636C3A203030
S21403CED078253034582C20617474723A20307825C3
S21403CEE0303458002C207376723A2025630025735D
S21403CEF03A20726561643A20307825303278002C07
S21403CF00207376723A2025632C2064747970653A10
S21403CF102030782530325800417267756D656E741F
S21403CF2020617420696E6465783A202564206973ED
S21403CF30206F7574206F662072616E676500436F9D
S21403CF406D6D616E6420616C7265616479206275D3
S21403CF50696C742E202043616E6E6F742073657443
S21403CF60204D464720737065636966696320636F67
S21403CF70646520666F7220636F6D6D616E642E004C
S21403CF804D464720436F64652053657420666F7271
S21403CF90206E65787420636F6D6D616E643A203021
S21403CFA0782530345800557365204E6578742053C1
S21403CFB0657175656E63652053657420666F7220B0
S21403CFC06E65787420636F6D6D616E643A20307899
S21403CFD0253032580044697361626C652044656687
S21403CFE061756C7420526573706F6E73652053653C
S21403CFF07420666F72206E65787420636F6D6D6142
S21403D0006E643A20307825303258004552523A2022
S21403D01072656164696E672061747472696275749F
S21403D020652025303278004552523A206174747276
S21403D03069627574652073697A6520256420746F48
S21403D0406F206C6172676520666F72206275666614
S21403D0506572004572726F723A2061747472696207
S21403D060757465204944203078253034582072651D
S21403D070706F727461626C65206368616E676520A9
S21403D08069732073697A65202564422C206275745F
S21403D0902025644220656E74657265640A006E6FAF
S21403D0A020636D64004572726F723A20434C4920C8
S21403D0B053656E64206661696C65642C20737461C5
S21403D0C07475733A20307825303258004572726F83
S21403D0D0723A2020455549363420617267756D656E
S21403D0E06E7420697320656D70747920616E642098
S21403D0F06C6F6F6B7570206279206E6F6465204964
S21403D10044206661696C65642E0047726F75700013
S21403D110556E696361737400556E62696E6420258B
S21403D12070202570307825580052657175657374C4
S21403D1303A20005A444F2073696D706C652064650D
S21403D1407363207265712025303278005A444F206D
S21403D1506E6F646520646573632072657120253085
S21403D1603278005573696E67206D79206C6F636142
S21403D1706C20455549363420666F72206465737497
S21403D18020455549363420696E2062696E64696E9F
S21403D19067005A444F2062696E64207265712025C9
S21403D1A030327800636C7573746572206C696D69D0
S21403D1B074207265616368656400696E76616C6984
S21403D1C06420706167653A202564206F7220636867
S21403D1D0616E6E656C3A202564004368616E676510
S21403D1E0206368616E6E656C207374617475733A40
S21403D1F020307825303278006475726174696F6EFA
S21403D200206D75737420626520696E2072616E6787
S21403D210652030202D203500636F756E74206D7584
S21403D220737420626520696E2072616E67652031B3
S21403D230202D2038007363616E20737461747573D8
S21403D2402030782578006E6574776F726B20757062
S21403D25064617465207365742073746174757320D8
S21403D26030782578004163746976652045502072CE
S21403D270657175657374207374617475733A2030C1
S21403D280782558004C5149205461626C65207265BC
S21403D29071756573743A20307825580042696E6458
S21403D2A0696E67205461626C65207265717565737B
S21403D2B0743A2030782558004C65617665202570D1
S21403D2C03078255800506F77657220446573637213
S21403D2D06970746F7220257030782558005573690D
S21403D2E06E67206D79206C6F63616C2045554936F7
S21403D2F03420666F7220646573742045554936344E
S21403D30020696E20756E62696E64696E6700526F7F
S21403D310757465205461626C6520257030782558D5
S21403D320005A444F206D61746368206465736320FC
S21403D3307265712025780000000000000000002FB1
S21403D340686F6D652F7068752F53696D706C6963B0
S21403D35069747953747564696F2F53444B732F67DD
S21403D36065636B6F5F73646B2F70726F746F636F3D
S21403D3706C2F7A69676265652F6170702F667261BC
S21403D3806D65776F726B2F636F6D6D6F6E2F7A6936
S21403D390676265655F6170705F6672616D65776F02
S21403D3A0726B5F636F6D6D6F6E2E63004578746589
S21403D3B06E64656420526573657420696E666F3AA1
S21403D3C02030782532582028257329002F686F6D62
S21403D3D0652F7068752F53696D706C69636974790E
S21403D3E053747564696F2F53444B732F6765636B70
S21403D3F06F5F73646B2F70726F746F636F6C2F7ACB
S21403D40069676265652F6170702F6672616D6577F7
S21403D4106F726B2F636F6D6D6F6E2F7A69676265C0
S21403D420655F6170705F6672616D65776F726B5F63
S21403D430736C6565702E6300796573006E6F0053B9
S21403D440746179206177616B65207768656E206EFD
S21403D4506F74206A6F696E65643A20257300466FA1
S21403D460726365642073746179206177616B653AD2
S21403D47020202020202020202020257300466F72A5
S21403D48063696E672064657669636520746F2073CD
S21403D490746179206177616B6500416C6C6F7769A5
S21403D4A06E672064657669636520746F20676F20F6
S21403D4B0746F20736C656570002575292025703A96
S21403D4C02025750053657474696E67205468726509
S21403D4D073686F6C6420636F6D6D616E64004D617D
S21403D4E063205278204263617374004D6163205455
S21403D4F078204263617374004D616320527820552F
S21403D50063617374004D61632054782055636173BF
S21403D51074004D6163205478205563617374205200
S21403D52065747279004D6163205478205563617386
S21403D53074204661696C0041505320527820426340
S21403D54061737400415053205478204263617374AE
S21403D5500041505320527820556361737400415044
S21403D5605320547820556361737420537563636541
S21403D57073730041505320547820556361737420AD
S21403D5805265747279004150532054782055636174
S21403D5907374204661696C00526F75746520446924
S21403D5A0736320496E69746961746564004E6569C6
S21403D5B06768626F72204164646564004E656967DC
S21403D5C068626F722052656D6F766564004E65699A
S21403D5D06768626F72205374616C65004A6F696E88
S21403D5E020496E6469636174696F6E004368696C91
S21403D5F064204D6F76656400415348204F7665720C
S21403D600666C6F7700415348204672616D6520450E
S21403D61072726F7200415348204F76657272756E50
S21403D620204572726F72004E574B20464320466168
S21403D630696C757265004150532046432046616904
S21403D6406C7572650041534820584F66660041501A
S21403D6505320556E617574686F72697A6564204BE2
S21403D6606579004E574B2044656372797074204683
S21403D67061696C757265730041505320446563722B
S21403D680797074204661696C7572657300506163C6
S21403D6906B65742042756666657220416C6C6F63B9
S21403D6A0617465204661696C757265730052656CBA
S21403D6B061796564205563617374005068792074DA
S21403D6C06F204D4143207175657565206C696D69E2
S21403D6D0742072656163686564005061636B65748A
S21403D6E02056616C69646174652064726F70206390
S21403D6F06F756E74004E574B207265747279206F87
S21403D700766572666C6F7700434341204661696CA9
S21403D710757265730042726F61646361737420741B
S21403D72061626C652066756C6C00505441204C6FCA
S21403D7302050726920526571005054412048692078
S21403D7405072692052657100505441204C6F20502E
S21403D75072692044656E69656400505441204869C7
S21403D760205072692044656E6965640050544120F8
S21403D7704C6F2050726920547820416272740050B6
S21403D78054412048692050726920547820416272BF
S21403D79074004164647265737320436F6E666C69CC
S21403D7A063742053656E74000D00446562756720CC
S21403D7B07072696E742067726F75702025730A0025
S21403D7C057726F6E6720706172616D657465720A59
S21403D7D0004368616E6E656C206E6F742076616CB4
S21403D7E069643A202564005072696D617279002578
S21403D7F070206D61736B206E6F77203078253458F8
S21403D800005365636F6E64617279004D61736B20BC
S21403D8106E6F742076616C69643A202564007072BA
S21403D820696D617279007365636F6E646172790006
S21403D83025703A20536574202570206D61736B2024
S21403D840746F2030782534580053746174757300F0
S21403D85025703A2025703A004368616E6E656C2029
S21403D8606D61736B3A002020202028312920307800
S21403D870253458205B0020202020283229203078A9
S21403D880253458205B0053746174653A203078253C
S21403D8905820282573290043757272656E742063B9
S21403D8A068616E6E656C3A20256400546F74616C13
S21403D8B020626561636F6E733A202564004A6F6960
S21403D8C06E20617474656D7074733A202564004E1F
S21403D8D06574776F726B2073746174653A20307861
S21403D8E025580053746F700025733A2025733A2029
S21403D8F03078255800556E737570706F7274656452
S21403D9002066656174757265207768656E20757329
S21403D910696E67206F7074696D697A6564207363D6
S21403D920616E732E20546F20757365206120636FBC
S21403D9306E66696775726564206B657920776865BE
S21403D9406E206A6F696E696E672C2061646420744A
S21403D9506865206B657920746F207468652074721F
S21403D960616E7369656E74206B6579207461626C91
S21403D97065207573696E67207468652077696C64C3
S21403D98063617264204555492028616C6C204646C5
S21403D99073292E0025702053746F702E2020436C3D
S21403D9A065616E696E672075702E004B657920760B
S21403D9B06572696669636174696F6E206661696C16
S21403D9C065642E204C656176696E67206E65747794
S21403D9D06F726B0025703A2025700042726F616487
S21403D9E063617374696E67207065726D6974206A0B
S21403D9F06F696E0025703A2025703A2030782558D6
S21403DA000054727573742063656E746572206C6956
S21403DA106E6B206B65792075706461746520737412
S21403DA20617475730025733A205741524E494E4729
S21403DA303A20656D626572536574496E69746961EF
S21403DA406C53656375726974795374617465206683
S21403DA5061696C65642E20436F6E74696E75696EBA
S21403DA606720776974686F757420696E7374616C68
S21403DA706C20636F64652E004572726F723A20697C
S21403DA806E7374616C6C20636F6465207365747564
S21403DA9070206661696C65642E20497320616E2070
S21403DAA0696E7374616C6C20636F646520666C6169
S21403DAB073686564206F6E746F2074686520646590
S21403DAC0766963653F00D0D1D2D3D4D5D6D7D8D91B
S21403DAD0DADBDCDDDEDF005A6967426565416C6CC4
S21403DAE069616E6365303900FFFFFFFFFFFFFFFFCD
S21403DAF00025733A2069737375696E6720736361D3
S21403DB006E206F6E202573206368616E6E656C737E
S21403DB1020286D61736B20307825345829002573CF
S21403DB2020697320616C726561647920696E207068
S21403DB30726F67726573730053746172740045780D
S21403DB40616D696E696E6720626561636F6E206FD3
S21403DB506E206368616E6E656C2025642077697439
S21403DB60682070616E496420307825325800546806
S21403DB70697320626561636F6E206973206E6F74CC
S21403DB802070617274206F662074686520637572F6
S21403DB9072656E74206368616E6E656C206D61736A
S21403DBA06B20283078253458292E204765747469ED
S21403DBB06E67206E65787420626561636F6E20778A
S21403DBC0686F7365206368616E6E656C2062697446
S21403DBD06D61736B206973207365742E00457272D2
S21403DBE06F723A20257020636F756C64206E6F74B5
S21403DBF020617474656D7074206A6F696E3A2030A4
S21403DC00782558004E6F20626561636F6E73206CD3
S21403DC10656674206F6E2063757272656E74206D10
S21403DC2061736B2E204D6F76696E6720746F206E5E
S21403DC30657874207374617465002570206A6F6953
S21403DC406E696E67203078253278206F6E206368A1
S21403DC50616E6E656C2025640025702053746174B4
S21403DC60653A202570004572726F723A202570203F
S21403DC70636F756C64206E6F7420736574757020A3
S21403DC8073656375726974793A2030782558004550
S21403DC9072726F723A205363616E20636F6D706C9D
S21403DCA06574652068616E646C6572207265747550
S21403DCB0726E65642030782558002573207363617F
S21403DCC06E20636F6D706C6574652E2042656163AC
S21403DCD06F6E732068656172643A2025640025734D
S21403DCE020737461636B207374617475732030786A
S21403DCF02558002570206E6574776F726B206A6FE7
S21403DD00696E65642E00257020747279696E6720CB
S21403DD106E657874206E6574776F726B2E005A6921
S21403DD2067426565416C6C69616E636530394E5751
S21403DD304B205374656572696E67004E6F6E65009F
S21403DD405363616E205072696D6172792043686116
S21403DD506E6E656C7320616E642075736520496E04
S21403DD607374616C6C20436F6465005363616E204B
S21403DD705072696D617279204368616E6E656C736B
S21403DD8020616E64205573652043656E7472616C02
S21403DD90697A6564204B6579005363616E2050721F
S21403DDA0696D617279204368616E6E656C7320617C
S21403DDB06E64205573652044697374726962757462
S21403DDC06564204B6579005363616E205365636F0A
S21403DDD06E64617279204368616E6E656C73206150
S21403DDE06E642075736520496E7374616C6C204392
S21403DDF06F6465005363616E205365636F6E646181
S21403DE007279204368616E6E656C7320616E642060
S21403DE105573652043656E7472616C697A65642018
S21403DE204B6579005363616E205365636F6E64615F
S21403DE307279204368616E6E656C7320616E642030
S21403DE4055736520446973747269627574656420DA
S21403DE504B6579005363616E205072696D61727908
S21403DE60204368616E6E656C7320616E6420557323
S21403DE706520416C6C204B6579732028696E73743A
S21403DE80616C6C20636F64652C2063656E747261CD
S21403DE906C697A65642C206469737472696275743C
S21403DEA0656429005363616E205365636F6E646116
S21403DEB07279204368616E6E656C7320616E6420B0
S21403DEC055736520416C6C204B6579732028696E09
S21403DED07374616C6C20636F64652C2063656E7469
S21403DEE072616C697A65642C206469737472696202
S21403DEF075746564290025783A00657020257820B6
S21403DF00636C757320253278206174747220253211
S21403DF10782073767220256300206D666720257847
S21403DF2000207265706F7274206D696E20253278DA
S21403DF30206D617820253278207270742D636867AF
S21403DF4020253478002072656365697665206672DD
S21403DF506F6D202532782065702025782074696DD2
S21403DF60656F757420253278002570203078257803
S21403DF7000636C656172696E67206C6173742072EE
S21403DF8065706F72742074696D65206F6620616CAE
S21403DF906C2061747472696275746573007465735A
S21403DFA074696E672074696D696E67206F66207684
S21403DFB06172696F7573207265706F7274696E67CC
S21403DFC0206F7065726174696F6E73002D2D2D2D31
S21403DFD02D2D2D2D2D2D2D2D2D2D2D2D2D2D2D2D69
S21403DFE02D2D2D2D2D2D2D2D2D2D2D2D2D2D2D2D59
S21403DFF02D2D2D2D2D2D2D2D2D2D2D002D2D7461FB
S21403E000626C65207265616473202D2066756C6C86
S21403E010207461626C652D2D00726573756C7420B7
S21403E0203D202564206D73002D2D696E6974202FA5
S21403E030207363686564756C65207469636B2D2D46
S21403E0402D002D2D6C6F616420636F6E6669677596
S21403E050726174696F6E2064656661756C74732D86
S21403E0602D00000000010604000040000000000030
S21403E0700100FEFF00000000524541445F52505429
S21403E0805F4346470025703A2000726561645F72FD
S21403E09065706F7274696E675F636F6E66696775C6
S21403E0A0726174696F6E005265706F7274696E6721
S21403E0B03A206661696C656420746F2073656E64CC
S21403E0C020257320726573706F6E73653A203078FF
S21403E0D02578004552523A2072656164696E67205E
S21403E0E0636C75737465722030782532782061749A
S21403E0F0747269627574652030782532783A2030F8
S21403E100782578004552523A207265706F727469AA
S21403E1106E67206F66204C4F4E4720737472696E8D
S21403E12067206174747269627574652074797065AA
S21403E130206E6F7420737570706F727465643A2006
S21403E140636C757374657220307825327820617439
S21403E150747269627574652030782532780052656A
S21403E160706F7274696E6720456E74727920467597
S21403E1706C6C202D206372656174696E67206E6512
S21403E18077207265706F7274004346475F5250542F
S21403E19000202D20646972656374696F6E3A257872
S21403E1A02C20617474723A2532780020202074790A
S21403E1B070653A25782C206D696E3A2532782C20C6
S21403E1C06D61783A253278002020206368616E6797
S21403E1D0653A0020202074696D656F75743A2532A0
S21403E1E07800636F6E6669677572655F7265706FD8
S21403E1F07274696E67005374617274696E67207512
S21403E20070646174652074727573742063656E74CC
S21403E2106572206C696E6B206B65792070726F6314
S21403E22065737300557064617465205443204C69AC
S21403E2306E6B204B657900204E6577206B657920E1
S21403E24065737461626C69736865643A002045722D
S21403E250726F723A00506172746E65723A20005A99
S21403E260434C20676C6F62616C20636C75737465D6
S21403E2707220636F6D6D616E6473006469726563AB
S21403E28074696F6E00646973632D636F6D2D6765C4
S21403E2906E00646973632D636F6D2D72656300652D
S21403E2A078706563742D7265706F72742D66726F05
S21403E2B06D2D6D6500757772697465006E7772698A
S21403E2C07465007265706F72742D72656164007395
S21403E2D0656E642D6D652D612D7265706F727400A9
S21403E2E043726561746573206120676C6F62616C4D
S21403E2F020646973636F76657220636F6D6D616EFC
S21403E3006420666F7220746865206173736F636937
S21403E310617465642076616C7565732E00636C7535
S21403E3207374657249641F61747472696275746587
S21403E33049641F6D61784E756D626572546F5265E0
S21403E340706F72741F004372656174657320612079
S21403E350676C6F62616C2073656E64206D65206107
S21403E360207265706F727420636F6D6D616E6420CA
S21403E370666F7220746865206173736F6369617476
S21403E38065642076616C7565732E00636C757374B3
S21403E390657249641F617474726962757465496451
S21403E3A01F64617461547970651F6D696E52657080
S21403E3B06F727454696D651F6D61785265706F7204
S21403E3C07454696D651F7265706F727461626C65F3
S21403E3D04368616E67651F004372656174657320E9
S21403E3E06120676C6F62616C207265616420726580
S21403E3F0706F7274696E6720636F6D6D616E6420F3
S21403E400666F7220746865206173736F63696174E5
S21403E410656420636C75737465722C206174747202
S21403E420696275746520616E6420736572766572C1
S21403E4302F636C69656E7420646972656374696FB3
S21403E4406E2E00636C757374657249641F61747411
S21403E45072696275746549641F6469726563746979
S21403E4606F6E1F00476C6F62616C207265706F720F
S21403E47074696E6720636F6D6D616E6400656E64AC
S21403E480706F696E741F636C757374657249641F6D
S21403E49061747472696275746549641F6D61736B28
S21403E4A01F0043726561746573206120676C6F6239
S21403E4B0616C207265616420636F6D6D616E6420AC
S21403E4C06D65737361676520746F20726561642080
S21403E4D066726F6D2074686520636C7573746572FD
S21403E4E020616E642061747472696275746520734A
S21403E4F070656369666965642E00636C757374651D
S21403E5007249641F61747472696275746549641F25
S21403E5100043726561746573206120676C6F626186
S21403E5206C20777269746520636F6D6D616E64200D
S21403E5306D65737361676520746F207772697465A0
S21403E54020746F2074686520636C7573746572201D
S21403E550616E642061747472696275746520737089
S21403E5606563696669656400636C7573746572498F
S21403E570641F61747472696275746549641F747983
S21403E58070651F646174611F004372656174652062
S21403E59061206578706563742D7265706F72742D73
S21403E5A066726F6D2D6D65206D657373616765208B
S21403E5B077697468206173736F6369617465642037
S21403E5C076616C7565732E00636C7573746572493A
S21403E5D0641F61747472696275746549641F746933
S21403E5E06D656F75741F00437265617465206120E5
S21403E5F0446973636F76657220436F6D6D616E64F5
S21403E600732047656E65726174656420636F6D6D14
S21403E610616E642077697468206173736F636961E0
S21403E6207465642076616C7565732E00636C757310
S21403E63074657249641F7374617274436F6D6D61A0
S21403E6406E6449641F6D6178436F6D6D616E6449D6
S21403E650641F00536574732074686520646972656B
S21403E6606374696F6E20666F7220676C6F62616C8D
S21403E67020636F6D6D616E64732C206569746865C5
S21403E6807220636C69656E7420746F20736572768E
S21403E6906572206F722073657276657220746F20C0
S21403E6A0636C69656E742E0053657473206120660F
S21403E6B06C616720736F20746861742074686520CA
S21403E6C06170706C69636174696F6E206672616DE8
S21403E6D065776F726B2057494C4C204E4F5420720F
S21403E6E06573706F6E6420746F20746865206E6542
S21403E6F07874205A434C206D657373616765207484
S21403E70068617420636F6D657320696E206F76652C
S21403E7107220746865206169722E005365747320D5
S21403E7206120666C616720736F207468617420745F
S21403E7306865206170706C69636174696F6E2066CA
S21403E74072616D65776F726B2057494C4C2072650A
S21403E75073706F6E6420746F20746865206E6578BE
S21403E76074205A434C206D65737361676520746823
S21403E770617420636F6D657320696E206F766572B2
S21403E78020746865206169722E0053657473207463
S21403E79068652044697361626C65204465666175CB
S21403E7A06C7420526573706F6E7365204672616D6C
S21403E7B06520436F6E74726F6C2062697420746F89
S21403E7C02075736520666F7220746865206E6578A1
S21403E7D07420636F6D6D616E64206966207468656E
S21403E7E020636F6D6D616E64206973206E6F742095
S21403E7F0616C7265616479206275696C742E00645D
S21403E800697361626C6544656661756C74526573A1
S21403E810706F6E73651F005365747320746865208C
S21403E820666C616720746F20757365207468652055
S21403E830696E6372656D656E746564207365717564
S21403E840656E6365206E756D6265722066726F6DA8
S21403E85020746865206672616D65776F726B2066DB
S21403E8606F7220746865206E6578742072617720F5
S21403E870636F6D6D616E642E007573654E65787497
S21403E88053657175656E63651F00436C6920636F1E
S21403E8906D6D616E6420746F2063616C6C20656DB2
S21403E8A0626572416653657454696D652066756E5C
S21403E8B06374696F6E20646F63756D656E746564EB
S21403E8C020696E2061662E680075746354696D65F1
S21403E8D01F0053657473207468652074776F206215
S21403E8E0797465206D616E756661637475726572A1
S21403E8F0207370656369666963206964656E74690D
S21403E9006669657220746F2075736520666F722062
S21403E910746865206E65787420636F6D6D616E64D0
S21403E9202069662074686520636F6D6D616E642070
S21403E9306973206E6F7420616C72656164792062FE
S21403E94075696C742E006D666753706563696669D6
S21403E9506349641F0000000068E903005FE20300E8
S21403E960F3B20300FE0000007BE20300C8EA0300E4
S21403E9700000000085E20300B8EA03000000000080
S21403E98092E20300A8EA0300000000009FE20300EF
S21403E99098EA030000000000BDE2030084EA0300D7
S21403E9A000000000B5E2030070EA03000000000068
S21403E9B0BCE203005CEA030000000000CAE20300B6
S21403E9C04CEA03000000000082E1030038EA03007B
S21403E9D000000000C3E2030028EA03000000000072
S21403E9E0CFE2030014EA03000000000055C9030049
S21403E9F004EA03000000000000000000000000001E
S21403EA0000000000D3EF0200E0E203001DE3030072
S21403EA10010100FF71A6000046E303008BE3030039
S21403EA20010100010107FF002DA60000D8E3030043
S21403EA3043E40300010100FF6DA5000064E4030046
S21403EA407DE4030000010100FF000000E5EF020083
S21403EA50A2E40300FAE403000101FF00CDEF020085
S21403EA6011E5030068E5030001010207FF0000004B
S21403EA70C7EF020011E5030068E503000101020782
S21403EA80FF000000C1EF020011E5030068E5030084
S21403EA9001010207FF00000021A5000089E503002D
S21403EAA0C8E50300010101FFC1A40000E7E5030078
S21403EAB02CE60300010000FF7DA40000E7E5030049
S21403EAC02CE60300010000FF05A5000053E6030043
S21403EAD059E4030000FF0000BBEF0200A8E60300B2
S21403EAE0AE7B0300FF000000B5EF02001BE7030048
S21403EAF0AE7B0300FF0000005DA400008AE703006E
S21403EB00FFE7030000FF000035A4000017E803003A
S21403EB1079E8030000FF0000A7EF02008AE803007D
S21403EB20C9E8030002FF0000FDA30000D2E80300CB
S21403EB3046E9030001FF54727573742043656E74CF
S21403EB406572204A6F696E2048616E646C65723A1E
S21403EB5020737461747573203D2025702C206465C2
S21403EB60636973696F6E203D2025702028257829F8
S21403EB702C2073686F7274696420307825327800AD
S21403EB80554E73656375726564206A6F696E0064BB
S21403EB906576696365206C65667400554E736563B8
S21403EBA0757265642072656A6F696E007573652099
S21403EBB0707265636F6E66696775726564206B65F0
S21403EBC0790073656E64206B657920696E207468BE
S21403EBD06520636C6561720064656E79206A6F698F
S21403EBE06E006E6F20616374696F6E00616C6C6F8C
S21403EBF0772072656A6F696E73206F6E6C7900009A
S21403EC009DEB030080EB03008FEB03009BEB0300FD
S21403EC10ACEB0300C2EB0300D8EB0300E2EB03000C
S21403EC20ECEB03006E6F7420004E4554574F524B67
S21403EC305F002570257055502030782532580054D3
S21403EC40727573742043656E74657220455549204A
S21403EC506861732025736368616E6765642E00259B
S21403EC60702570444F574E005F4641494C4544005B
S21403EC7025704A4F494E257000454D4245525F4E1A
S21403EC804554574F524B5F4F50454E45443A202507
S21403EC90642073656300454D4245525F4E455457A5
S21403ECA04F524B5F434C4F5345440025703A202543
S21403ECB0703A2030782578006469737472696275D7
S21403ECC07465640063656E7472616C697A6564006A
S21403ECD0466F726D002570696E67206F6E206368DD
S21403ECE02025642C2070616E4964203078253258C4
S21403ECF0004572726F723A204465766963652064D4
S21403ED006F6573206E6F7420737570706F727420E6
S21403ED102573206E6574776F726B20666F726D61F4
S21403ED2074696F6E00496E76616C6964205365631F
S21403ED3075726974792050726F66696C653A203013
S21403ED4078255800704A6F696E20666F72202564B6
S21403ED50207365633A2030782578004C696D6974B2
S21403ED60696E67206475726174696F6E206F6620C2
S21403ED707065726D6974206A6F696E2066726F6D56
S21403ED8020666F72657665722028323535292074C1
S21403ED906F203235340052583A205A444F2C2063A1
S21403EDA06F6D6D616E642030782532782C20737415
S21403EDB0617475733A20307825580053696D706C0A
S21403EDC0650052583A2025702044657363205265C7
S21403EDD07370004D61746368002C204D6174636822
S21403EDE065733A2025640044657669636520416E41
S21403EDF06E6F756E63653A20307825327800525808
S21403EE003A20494545452041646472657373205230
S21403EE106573706F6E73650052583A204163746968
S21403EE20766520455020526573706F6E73652C208F
S21403EE30436F756E743A202564004E6F6465002C2C
S21403EE40204D6174636865733A2030782532780004
S21403EE50737461636B207665722E205B25642E25A2
S21403EE60642E256400202570206275696C64202555
S21403EE70645D005A444F00534500484100436C7597
S21403EE807374657200476C6F62616C0025707478EA
S21403EE902025782C200050726F66696C653A202511
S21403EEA07020283078253258292C20436C757374CB
S21403EEB065723A2030782532582C202564206279F2
S21403EEC07465732C00205A434C20257020436D64D0
S21403EED02049443A202564005072652D52656C65BE
S21403EEE061736500416C706861203100416C706825
S21403EEF061203200416C70686120330042657461A2
S21403EF00203100426574612032004265746120330B
S21403EF100047410000000000D8EE03001100000087
S21403EF20E4EE030012000000ECEE03001300000002
S21403EF30F4EE030021000000FCEE030022000000B4
S21403EF4003EF0300230000000AEF0300AA000000FB
S21403EF5011EF0300FF000000000000000000015254
S21403EF606573657420696E666F3A2030782578205D
S21403EF70282570290064656C6574652062696E6473
S21403EF80696E673A20257820257800080109020A69
S21403EF90030B040C050D060E070F081001180119C4
S21403EFA0021A031B041C051D061E071F0820012149
S21403EFB002220323042405250626072708280129F9
S21403EFC0022A032B042C052D062E072F08300131A9
S21403EFD002380239043A08E004E104E204E802E9EC
S21403EFE002EA04F008F11000000000000000020529
S21403EFF0F8EF0300020005000000000020F0030005
S21403F00003000000400000000000000006040000AB
S21403F01044F0030004000500400000000000000068
S21403F0200000200120000000080000000700300157
S21403F0302000000000000000FDFF21022000000069
S21403F040030000000000180100000000000000009C
S21403F0500100300100000000030000000200180158
S21403F0600000000004000000FDFF21020000000075
S21403F070010000005752495445204552523A200099
S21403F0802570657020257820636C7573202532788B
S21403F090206174747220253278206E6F7420737525
S21403F0A070706F72746564002570696E76616C6942
S21403F0B064206461746120747970650025706174DE
S21403F0C07472206E6F74207772697461626C650067
S21403F0D057524954453A206E6F2077726974652CEF
S21403F0E0206A7573742061207465737400524541F9
S21403F0F0443A206174747269627574652073697A20
S21403F1006520746F6F206C6172676520666F72206E
S21403F11063616C6C657200636C6E740073727672F6
S21403F12000525700524F00202052414D202000200D
S21403F130746F6B656E200065787465726E2000458B
S21403F1404E44504F494E5420257800636C75732007
S21403F1502F2073696465202F2061747472202F201A
S21403F1606D666720202F74797065286C656E292F6D
S21403F170207277202F2073746F72616765202F20AB
S21403F1806461746120287261772900253278202F04
S21403F190202570202F20253278202F2000202F2096
S21403F1A025782028257829202F202570202F202514
S21403F1B070202F2000556E737570706F72746564BF
S21403F1C0004F544120524541443A2065703A257811
S21403F1D0206369643A2532782061747469643A2539
S21403F1E03278206D736B3A2578206D66636F64659D
S21403F1F03A25327800524541443A20636C757320B1
S21403F2002532782C2061747472202532782066614A
S21403F210696C656420257800524541443A20636C46
S21403F2207573202532782C20617474722025327809
S21403F2302C20646174614C656E3A2025782C204F2F
S21403F2404B0025782000282563292558255825585E
S21403F25025582558255825582558002570642C20F0
S21403F26064726F7070696E672065702030782578D9
S21403F27020636C757320307825327820636D6420A4
S21403F280307825780047656E657261746564005250
S21403F2906563656976656400446973636F76657252
S21403F2A020436F6D6D616E647320726573706F6E4D
S21403F2B073652028636F6D706C6574653A202563EB
S21403F2C0292C202573204944733A2000307825588A
S21403F2D02000524541445F4154545200575249540A
S21403F2E0453A20636C7573202532782061747472F6
S21403F2F02025327820004641494C20257800575275
S21403F3004954453A20746F6F2073686F72740044D3
S21403F3104953435F4154545200257025703A206385
S21403F3206C757320253278005F4558540053766316
S21403F33020446973633A2000257057616974696EC7
S21403F340672025642073656320666F722064697383
S21403F350636F7665727920746F20636F6D706C656A
S21403F360746500537461746520636F72726573709D
S21403F3706F6E64696E6720746F20746865207468A6
S21403F380652072657175657374206E6F7420666F81
S21403F390756E640A002570636F6D706C6574652EF8
S21403F3A00A00257053657276696365204469736342
S21403F3B06F76657279205374617465206C696D6924
S21403F3C0747320726561636865640A002570496C0E
S21403F3D06C6567616C2062726F616463617374202D
S21403F3E0616464726573732C2072656D61707069F5
S21403F3F06E6720746F2076616C6964206F6E652E6D
S21403F4000025704661696C656420746F2073656EB1
S21403F41064206D6174636820646973636F766572D4
S21403F420793A2030782578002570537461727469B0
S21403F4306E6720646973636F7665727920666F7290
S21403F44020636C75737465722030782532780025D6
S21403F450704661696C656420746F2073656E642002
S21403F460494545452061646472657373207265710E
S21403F470756573743A20307825780025704661697F
S21403F4806C656420746F2073656E64204E574B2042
S21403F4906164647265737320726571756573743A1B
S21403F4A02030782578004572726F723A20257020D6
S21403F4B06261642073696D706C6520646573637242
S21403F4C06970746F72206C656E6774682E002570A1
S21403F4D04D65737361676520746F6F2073686F7211
S21403F4E0740025704D65737361676520746F6F20B4
S21403F4F073686F727420666F72206E756D2E20654A
S21403F5006E64706F696E74730025704D6174636802
S21403F510257020666F756E642066726F6D20307876
S21403F5202532782E004572726F723A202570206954
S21403F5306E76616C6964206C656E67746820282536
S21403F5406420213D2025642920666F722041637460
S21403F55069766520456E64706F696E742072657394
S21403F560706F6E7365002570676F742061637469CE
S21403F570766520455020726573706F6E736500550F
S21403F58054432074696D653A2025642F25642F251E
S21403F590642025643A25643A25642028253478298E
S21403F5A0001F1C1F1E1F1E1F1F1E1F1E1F28556EFB
S21403F5B06B6E6F776E20636C75732E205B307825C9
S21403F5C032785D29000D0A542534783A00525820C3
S21403F5D06C656E2025642C2065702025782C2063AE
S21403F5E06C75732030782532782000206D66674965
S21403F5F064202532780020464320257820736571E1
S21403F60020257820636D64202578207061796C6FDF
S21403F61061645B0007021F012F0037013F0057019B
S21403F620DF02E700FF020000000000000000000009
S21403F63000000000000000000000000000000000C2
S21403F64000000000000000004261736963004F631E
S21403F650637570616E63792053656E73696E6700B8
S21403F6600000000048F60300060400004EF6030000
S21403F670FFFF0000000000002570525820706B74D6
S21403F68020746F6F2073686F72743A202564203C71
S21403F690202564002570525820706B74206D616CB1
S21403F6A0666F726D65643A202564203C20256400ED
S21403F6B02020456E61626C65640020204469736196
S21403F6C0626C6564004572726F722072657472694B
S21403F6D06576696E6720696E666F20666F72206C4A
S21403F6E0696272617279204944202564002573207B
S21403F6F06C69627261727925732070726573656EC8
S21403F700740020204861766520526F7574657220F8
S21403F710537570706F7274002020456E64204465C4
S21403F72076696365204F6E6C79005A696762656512
S21403F7302050726F0042696E64696E67005365639A
S21403F740757269747920436F7265005365637572C9
S21403F750697479204C696E6B204B6579730043425C
S21403F7604B45203136334B310043424B45204453FF
S21403F77041205369676E004543430043424B45208F
S21403F78044534120566572696679005061636B6520
S21403F790742056616C6964617465005A4C4C00436E
S21403F7A0424B45203238334B3100454343203238F1
S21403F7B0334B310043424B4520636F7265004E4323
S21403F7C050004D756C7469206E6574776F726B00AC
S21403F7D0456E68616E63656420426561636F6E2083
S21403F7E05265710043424B45203238334B31204437
S21403F7F0534120566572696679004D756C74692DA0
S21403F80050414E002AF7030035F70300F3B2030016
S21403F8103DF703004BF70300F3B203005EF7030064
S21403F82069F7030077F703007BF703008BF7030002
S21403F830E7DD03009BF703009FF70300AAF7030027
S21403F840B4F70300BEF70300C2F70300D0F70300C4
S21403F850E4F70300FAF703006009000000800000E5
S21403F860000000000000002F686F6D652F7068753C
S21403F8702F53696D706C6963697479537475646921
S21403F8806F2F53444B732F6765636B6F5F73646BA4
S21403F8902F70726F746F636F6C2F7A69676265651A
S21403F8A02F737461636B2F73656375726974792F35
S21403F8B07A69676265652D73656375726974792DF8
S21403F8C06D616E616765722D6E6F2D7661756C74F2
S21403F8D02E63000000666E692B00666E69006E611B
S21403F8E06E00666E692D0000000000000000F03F09
S21403F8F00000000000002440000000000000594003
S21403F9000000000000408F40000000000088C34055
S21403F91000000000006AF8400000000080842E41CA
S21403F92000000000D01263410000000084D7974116
S21403F9300000000065CDCD41020203000000000078
S21403F9400000020800000000FFFFFFFFFFFFFFFFAD
S21403F950FFFFFFFF000000000000000000000000A3
S21403F9600000000000000000000000005241494C67
S21403F97000000000A0000000E52701005000000082
S21403F980C5280100FA04FA000033330A0A0A0304FE
S21403F99004080808080808400021000000010000C9
S21403F9A0010100010101000000000000000000004A
S21403F9B0A806000048704C0D4470D80C30706412D2
S21403F9C03C70AE163870340D34705A0D30700A0F12
S21403F9D02C700A0F2870DC102470F41020703E0D73
S21403F9E01C7080111870F21114703A0DB110076074
S21403F9F001D80A7108B87F78020C7E78641000C6B6
S21403FA00A01F00218CB8707801B007680F305CB374
S21403FA100F330111C04806984A022FB006D80C715E
S21403FA2009DD087100B853A809BB111007680168FF
S21403FA302148076004100112FF3221500760514825
S21403FA40076000880698441300C4401F002103DDA6
S21403FA50087214BA281400A000BA03DF107109DF75
S21403FA600672029860058CB8507800A044132814D8
S21403FA7041158110076002D81471108806982E1855
S21403FA8000C00C70084006987C1A00910698600225
S21403FA900060B83020D8067190BC637C784D541251
S21403FAA0F03240DE0472404804DB08720DDD0C724F
S21403FAB0044BEF3014480698FC0600C4E0100840D8
S21403FAC04412076201322140084C287C811140D938
S21403FAD01C72B1123032CF4A013AB1DA107208D82A
S21403FAE0067104D80871B04C237C4070684C4412ED
S21403FAF0FF328722047580B8D84C81D8327140D93A
S21403FB000472237C084B0698FC0604BA88B97679F7
S21403FB1000C1186008403579E049007906B904A9A0
S21403FB2001D86E72227CBC4C307C0298320208D814
S21403FB303C7100C14C000840141110D93071104CB0
S21403FB4000C11400084014111814076100C5206092
S21403FB5008405415FF35047110491814A84C441274
S21403FB6007620132067102981201B84C08D80C716C
S21403FB7007BA24D8047106BA187004D80C7101BAEF
S21403FB8040D80E7102BA0A7005BA20D8047203BAB6
S21403FB90227C604C4411404C1814076118149111D0
S21403FBA0383111429111076910D90472EF3200C13E
S21403FBB00060084014111031016911422814A11184
S21403FBC0076118140698621A181400C100600840EA
S21403FBD014110769FF31181400C13C300840141192
S21403FBE0181407611814308802480698C005009355
S21403FBF008DB047101F800A05CB00F3000A0108889
S21403FC00B111076980D90A7100C180000840081144
S21403FC10009100A000C400010840441000A000C0EA
S21403FC2020300E40041104101050F47200A0541536
S21403FC3050451271069806070698960618B8707807
S21403FC4000B841780698400390BA5B7A5C7A5D7A8E
S21403FC5000C218500840241200C1501F002128116A
S21403FC60069838182088008800C5441F00215415BC
S21403FC705112FF350762FF3206986A02015951296D
S21403FC800475115900902129207506988604069854
S21403FC90A2040698FA02009203D80C728111076137
S21403FCA002D90472FF0FBA7018B8727800F804D835
S21403FCB042710088308800C0FC1F0021041000C178
S21403FCC0501F00211412012A215A00C3185008405D
S21403FCD03413312A1A7500C0006008400410073038
S21403FCE0FE200C76381108B87F78020C7E780093D5
S21403FCF0009000A000C0F41F0021041000BB1DB438
S21403FD0000A000C1DC1F002114111088FF3100C5BC
S21403FD10FFFF0000311207620762513A513B0E7231
S21403FD200698720C1159011201131E7031140088C3
S21403FD3031100698720C1159415C41280698740CD0
S21403FD40513801130090012B00902088076001149E
S21403FD500760FF30215D411207620762312D087686
S21403FD60FF34415C4128015D31100698740CFF3066
S21403FD703088011300C0E01F00210410512B0C76BD
S21403FD80076801150768FF356070315BFF32212B6A
S21403FD900C75076001150760FF354E7000C5E41F3C
S21403FDA000215415076507655112FF35FF30012BF7
S21403FDB0087521100760327021100768FF30012B89
S21403FDC00A75211007600760207000C2E81F002133
S21403FDD02412211007600760FF30012B08752110DD
S21403FDE00768067021100760FF300093009200C179
S21403FDF00060084014142C490734FE242A76141590
S21403FE00F0BC076C513C076803680154107100C4CA
S21403FE10FF0FFFFF513C01444811311200C5E81F94
S21403FE2000215415FF350762076221435449141213
S21403FE302155FF355152281100A001D818710088AA
S21403FE4000C00470084004108020FF300671069836
S21403FE504E03009000A002D8047200A00088069803
S21403FE6096061DB428B9112C408800C3EC1F002148
S21403FE70341440445A71441306982005411500C0B3
S21403FE800060084004100730FD20447500C2087067
S21403FE90084024100760FF3080DC34710698AE0CEF
S21403FEA001591C4A241007600260FF300698AE0C06
S21403FEB00158B2200129541331100698AE0C1128AC
S21403FEC00A75042554155045EE72069820050094CD
S21403FED0009000A07FB9066100C01C600840069829
S21403FEE04A1304155153113B3155581002984413C5
S21403FEF0EBBD00C0401F00210411113D10D9127143
S21403FF00FF33076B00C190400846381118B974795F
S21403FF10581000A0069860028024E4240D30047272
S21403FF20044800C11C510840141100C3DC1E002104
S21403FF30911504351A72181388BB08D804716C7BA4
S21403FF4004D804716A7B8CBB2F7C5B7B16703C4B9E
S21403FF50181388BB08D804716F7B04D804716D7BB3
S21403FF60217C0C300160069882060698680B06987A
S21403FF70320700B8B111076940D9067202986606BF
S21403FF8001BC00C20060084000DC0A71241501654C
S21403FF90604A0A701C4A241507657C4A043508D94A
S21403FFA020712024512A241200C180000840320CFC
S21403FFB02811076228110762281107622811500CBE
S21403FFC000C1381F0021141200DC1A7120D80671F4
S21403FFD001B80C70F0DA0C720CDB087102B80698E4
S21403FFE08A0648240449141100C380000840FFB859
S21403FFF0012011410871014118130824014200C170
S2140400002000084014110141036D5141911520351B
S214040010016D514118132813481300C37C0008408F
S214040020341003D80C71073005DC0671084B227BAC
S2140400308CB8507800B800C1381F00211412036829
S2140400402150F0300152281100A04024066400C05C
S214040050FFFF0100013C1DB0022001584028067530
S2140400601EAC01EC00A0208800C018500840041202
S2140400701DB4211304123052F871066C402400C3D8
S214040080741F0021341014110698C00C06690092DF
S21404009011592129067600BB11590698960C80B88A
S2140400A00158013A0662313B0472215A412A00A0E3
S2140400B000C200010840317A00A0308880B9076980
S2140400C000C30000C0FF3110312800BC002D0C75A1
S2140400D011541EAC01EC312DF470066C51134155CD
S2140400E0312C009300A000C028400E400413315168
S2140400F007610C3107691153381000A006984A08A6
S21404010000C0F41F0021041106983207217A237ACE
S21404011000C3000010000698720700C0581F002194
S2140401201DB1181000A000C0541F00211DB11810E6
S21404013000C09C1F00210410002D067500B826A8D8
S2140401400698060700C09C1F00210410012C0675A3
S2140401500698960628B010B9115911380EB91140F0
S21404016028A880B800C144300840081100C1F01F18
S21404017000211410303B06710760076000C4083085
S214040180084044111150FF30015118146FB8076825
S21404019026A8217A050C21102048267800C063EF93
S2140401A00000314026A8050C20ECB11140D9087295
S2140401B0247A20EC217A184826A828B00AB90151D6
S2140401C00F31115028A8050C207A20EC0F0C98B893
S2140401D04678417806986A0200C2441F002124101B
S2140401E00151FF311150081200A006984A0800B8C1
S2140401F026A800C05C1F00211DB1181000A030B84E
S21404020040780DB101D9FC72427800C074300E40BB
S21404021004114CBA407A1810144804115C7A181069
S214040220A4BB707B4E7B4F7B00C20430084000A00A
S21404023006984A08217A227A00BB0698720700C0FC
S214040240681F00211DB11810A4BB00C040300E402A
S2140402500411033101492872B1120762076230485B
S214040260041121510F3118726E7B6F7B10480411F4
S2140402704CBA7C7A181014480411607A1810B1101D
S21404028002D81071707B30B8627860780DB001D8EF
S214040290FC7100C0F8600840041101D90C7100C05C
S2140402A01800084002B9181008B86E780EB84EB197
S2140402B010D90C723EA8140C0FB83EA8107044A8AF
S2140402C0140C01B800C1B0300E40081100C077808D
S2140402D01F003DB201423DAA00C0FFFFFFFC013AE9
S2140402E03DAA140C00C077E01F0001423DAAFFB8E7
S2140402F045207D7808B87E7800C124600840141133
S21404030007610631087100B906985A1006984A1310
S214040310B11101D90E710698881A02D90672069888
S214040320AE0B06984413511406989606F4B845780E
S2140403300A0C00C0641F00211DB118100298341066
S214040340FFB845205D7803B8076044A83EA800C1FE
S214040350B0300E40081110B807683DB101393DA908
S21404036008B86F7800A046A800C0FFFF0000013B55
S214040370076356AB94BA437A01D91471013C47B368
S21404038000C0FE20FFFF013B314447AC637AFFB850
S2140403902120407802D90471607800A0C8BC066C9D
S2140403A0415C512C06750698960606986E0DB1109B
S2140403B0076805D8347140BA06981A1308B86578E1
S2140403C0911004D8187188B86E78577800C0640005
S2140403D0084021780698821001400A728CB8427848
S2140403E0069856130298400B08B86C7820B85978CB
S2140403F05B7800C0F44008407878797800C1C81F5C
S2140404000021141040A818491413044940881414F1
S2140404100C4914118112076A006A01DA187188B847
S214040420577800C0CC1F00210410016107630763DE
S214040430076407640698B20900944EB010D8427256
S2140404404DB161B80158113840B102D90A726048FA
S21404045004BB41540870204802BB02BC4DA8F8B83F
S2140404607078190C3EB141413EA9F4B9737973789A
S214040470717800C4F840084000C200410840227069
S21404048000C20000010044AA230C00C200000B00B6
S21404049044AA00C41041084000C21841084004BBE6
S2140404A0587C050C597C0C240F0C2FAB050CB11092
S2140404B008D81471647A657A1CB879787B7820B881
S2140404C079787B78607CF42441130698FC065114F2
S2140404D04044067506989606727BFFB84D20050CB8
S2140404E0687840EC00C0601F00211DB11810911000
S2140404F004D8147100C0BC1E0021041080D80671F4
S2140405001CB8737800F818B800C1D81E002100C2C1
S2140405101850084024122811767800F800C0B860F5
S214040520084004110761076180D9047240EC00C4D6
S214040530F84008404EB010D80471182441130C2318
S214040540527C407B11512FA9050C797C0A0C00C003
S214040550000001020814787C050C507C08B86D78FD
S21404056000A000C0287008400411108800C10018BC
S2140405700040181044480411108878480411108864
S21404058000884CBA757A18103DB11088F4B84278D1
S2140405904420727828487378F8B873784FB200C449
S2140405A0FFFF8080413A4FAA01BC016441130763F0
S2140405B000C06C70084003B918100110011001B98E
S2140405C01810011001100110011068480411076189
S2140405D001B80160003A0471044904D90472415216
S2140405E00760003A0471084908D90472315204605D
S2140405F0003B0E7200630064314241424FAAB2705F
S2140406004FAAF8B85378182053782848527800919F
S2140406103DA9009000911810009178481810009198
S2140406204448181000A0115910D9067107600760D5
S21404063008D90471076004D90471036002D90471EF
S214040640016001D90471006000A000BA01D80671E7
S2140406500148112A0069006001D8F6720138F67262
S21404066000A08020FF30FF48812000A000C2185060
S2140406700840241211592129127300210E7100C258
S2140406803050084024120121212900A006984A0867
S21404069088B8577800C57C1F00215088044D88BC54
S2140406A000C0C81E0021811101D91E71407C00952E
S2140406B00115044D50881C4DFFBB076B315B0411BC
S2140406C00698B80C3129F8750698761954150698C4
S2140406D0881A01D9087206987C0806700698DE08FF
S2140406E088BB547B009500F806988C090E70069813
S2140406F0680B06988C0906986011069836089112BD
S214040700211900C0246008400A78097800F810B956
S21404071001BA069810130698341000C57C1F0021F1
S21404072000F89112033288B900C3BC1E00213413AA
S21404073000C4A81008408CB84278707903DE0671AD
S21404074044786E707179A11020D806710298160F3D
S21404075080DB507102D84C7205B830880763076393
S21404076002DB2A7100C3AC0008403413066380DB46
S2140407700472804800C3102008403413315B0472AE
S214040780404831283128026008140768009308148A
S214040790A11010300248081400B80814911007601D
S2140407A008148CB86278A11000DC0676517900BA79
S2140407B080DB587100C000000200003B4E71508878
S2140407C04110344803DE04719048041508200411CF
S2140407D0F82058101C2021780698AE0E00C0A400FD
S2140407E008400E7810D91C7151451A7100C53400A2
S2140407F0084407B8081500C53400084604B80815A8
S21404080004702E78069874160095911120310269AA
S214040810911004D80E7200C14C1F0021141101D986
S2140408200A71208806985A10009200C118000840E1
S2140408300533054B1872184C03DE0471904C4414AF
S21404084000C3FF1F0000413BFF233811B849076A65
S2140408500698A20E04490879097914102140081153
S21404086000A000C554000840541551455071108826
S21404087000C13400084407B8081101B83088076B73
S21404088040DB247100C0370C00000811364800C550
S214040890D01E0021541102D90E72104801D90871D5
S2140408A000C01104000000C134000846081100C14D
S2140408B034000840141530350093009100A000BDA4
S2140408C00698440210B903DC047100B901BA06980C
S2140408D0101302D9067100404E7201B107690F3138
S2140408E006988210FFD82872811008D8187106DD81
S2140408F00A710698440203DC0C720698C81006981F
S21404090056130C7006DD10710698CE10487020B889
S21404091002A806DD107206988C090698360801F8B7
S21404092040B802A800F800C0BC1E002104130763E8
S21404093001DB227191100111076911388CB910D8A6
S214040940087144790298160F02DBFA72A11328DBA9
S214040950F47203BD0698281006988C098CBA7F7A20
S2140409600698FC0600C5801F00210698440200BABB
S21404097003DC3272044DA11002D804710C4D00C081
S214040980140008400410026800C3701F00213411CC
S2140409901128FC2334110698960C00C10C5108400B
S2140409A00698B2065415212D00C0F86008400411BC
S2140409B001D9227100C03C1F00210410033001DC61
S2140409C0147200C0140008400411FD21087602BA0F
S2140409D0076A212D069848070298E80991100155E0
S2140409E003355150011900A000C1481F00211410FE
S2140409F001D8427101480760FE200E75811020D888
S214040A00087100C14C1F0021141101D9287100C0BF
S214040A10246008400412215107610F3107691152FE
S214040A20281000C0006008400411911221512031A2
S214040A301152211900A0811380DB067201B800A0B0
S214040A4000C30C5008403410063030727C4B34120D
S214040A502C4B34100760076040302072811080D819
S214040A60DC713410014A07620360803021508C48E0
S214040A700A717F2355233410013000A000BD069868
S214040A80281088B847784578437800B8447800A09A
S214040A9006988C090698C81000C58C1F00215415AA
S214040AA0069848070298E80900C374000840027BC9
S214040AB006984A1350BA06981A1306988210FFD856
S214040AC04A71911004D84872811007601CD840728D
S214040AD020D938721112FF322151347180218021BD
S214040AE0111400C0E41E00210413FFBA3151113A58
S214040AF0215111538CB938107B7940440E7200B9D9
S214040B0000C2C41E00211812067008B86078069841
S214040B10441300F800B900C29C1008401812244A76
S214040B200AB9181288BA507A517A577A8CB9427927
S214040B305F7900A00698440207DC1072911000202A
S214040B400A75069860110298660D0698360801B96B
S214040B50911004D8047100B910BA0698101300BA9C
S214040B6000402A7100C0BC1E00210411076101D98F
S214040B70127104D9E2728110076001D8DA718CB858
S214040B80647800C11C5108400698B20606986011A5
S214040B9000C5901F00215415212D06987C0800C519
S214040BA0941F002100F800BC811108D9167280D960
S214040BB0207201B910BA0698101300400E7101BCD9
S214040BC010700698C8100698561320B802A800F8A5
S214040BD00698601181110231127100B900C20C101E
S214040BE008401812244A02B918120698C81000C5FC
S214040BF0981F002154150698001A0298E809041153
S214040C000121147188BA737A04200412281104206E
S214040C1004110121F47200A00698FC0601F8911054
S214040C2010D8347106984003069886040698A204E1
S214040C3000C51C51084054110698B80C00C5D41EB3
S214040C40002154155129E27518B875788CB8447883
S214040C5001B802A800F8B110076810D82E7100C0B9
S214040C604810084000C3000008403114884C441162
S214040C703411076101D9FA7144122810076228104A
S214040C800762281007622810E87000C1BC1E002105
S214040C90141080D82C7100C154000840141111415E
S214040CA0207100C1000002401038167100C03400E4
S214040CB0084407B9181000C03400084601B91810D3
S214040CC002987A020698600211380472016A00BB20
S214040CD000C1E41E0021141120390C72911210DA9E
S214040CE00672417B00A006984A1300C2BC1E00216F
S214040CF0241220DA0472617B88BA527A00A088BA79
S214040D00727A811204DAFC7200A088B86B7857787D
S214040D1000C0640008402F7800A006986E10076391
S214040D20076390B9637900B902DB36713112076242
S214040D3040DA2E7200C25400084024100140227289
S214040D4002EC00C909B801D9507200C2AC000840D0
S214040D500E7A10D904722E7A06987416E03107615A
S214040D6002EC00CD114502EC00CC01DB087100BB9F
S214040D700298CA1703B841110731FA211C760621D6
S214040D80911210DA087102DD10721E7020B80698EF
S214040D90720C3038147208B80698820600C0240014
S214040DA008402978207800F8046020D80671029854
S214040DB02C1502EC00CA05B823DA187104DBDA71C4
S214040DC020DAD67110DAD27290B8617800B801DAF7
S214040DD0067202EC00C8911110D9267100C1CC1E0F
S214040DE0002114111150FF300C720661A11011502D
S214040DF002300A7180DB0A720AB89E708CB97C795C
S214040E000768911111402111C0311140011990B8A1
S214040E10411108D90471667820D904726578A11046
S214040E2002D80672C0DA1E7190B8273123DD087224
S214040E3010DB1072607825DD0A7121DD087208DB8C
S214040E400471627803B8411107310872A115203580
S214040E50AA7102DD3272A11120D9A07102D92872BA
S214040E60CCDA9872411140D9927206B802DB10713E
S214040E70046500C1102008401411112D112D054DD4
S214040E805C720298BA1321114049C0D94E71A03140
S214040E9041154035016551410361076308DA1E7246
S214040EA004DA38721049A1150235067110DB0E7289
S214040EB001340A7108DB247190B86778CC321110BB
S214040EC01A300ADC0872CCDE0471FD3100C00D0F46
S214040ED00C0D0698740C01D8607207B80298E413D7
S214040EE000BA411108D90C7102EC00CA05B830DA10
S214040EF0EC720734F031026101DA0471014900C072
S214040F00F300A3E30698740C01D8D07100C09814BB
S214040F1040680698740C4030014440DA0471204C52
S214040F2004320162204A111006300068014218316A
S214040F300269114202980214204A00C0051708509C
S214040F400698740C113001422088FFBB0DDA5071EC
S214040F5000C1DE1B250180BC04DA107208DA0A72AE
S214040F6000C120841000E024A024076341430164E8
S214040F7001DA06711E49024B00C02C1F00210763CC
S214040F803810BC2002DA127101B91159A11380DBA2
S214040F90087100C100FCFF0118100298561700C41F
S214040FA0BC1E0021441080D87C710092D0DA0671F1
S214040FB00DDA0C7190BD437DEFBD06983E050362C5
S214040FC00DDA8672A11105D95C7100C2381008408A
S214040FD024120C24281401D9067202D9327140D97D
S214040FE01E7102EC00CA211018320471FA2220D8AD
S214040FF004720822FE22087502EC00C8F87001D9B3
S2140410000E7102EC00C802D9067204DC187200C025
S214041010BC1E00210410026801D8067190B86478DA
S21404102018B873780298CA1700C50020084000C094
S2140410300417000008D904720A480815104D00B8B1
S21404104008D90472FF200815084D00C00884000063
S21404105008D9087200C02083B8ED0815104D207D0D
S21404106000A000B8011A00C074000840027891106D
S2140410701030011905BA06981A1302D9067101B878
S21404108002A800C0BC1E0021041380DB067102986F
S21404109066138CBA7C7A01DB6C7100C2301F0021A7
S2140410A024111114FF3402EC00C8FF24FA760761F9
S2140410B00698820C036111380F3003611114011174
S2140410C041100698820C01D8087203B80298E413FB
S2140410D0044A02DB24712410112811280412023059
S2140410E006710762076200C0FFFF0000213800C2D5
S2140410F018000840FF200812411007600698820C6A
S21404110001D87C7120BC1033767100BB00C12C1F43
S21404111000211415C021112C5112076A0F320E71CA
S214041120408851140698FA174143009451120765F3
S214041130036A0F320E71411151140698FA17036CA4
S21404114041430765513B00C1E81E002114111112EA
S21404115031100F30127100BA046101D804711142C3
S21404116000600FD8F472311002601E30047201B8A9
S214041170003A087204B80298E4130298EA1500C00C
S214041180381F002104110F3103DD1A7200C00060FD
S2140411900840041007D80E7200C01040084004B976
S2140411A0181000F806986E1006983C0500F830886B
S2140411B05088FF34087102ECFF24F87002EC00CD6E
S2140411C0141001BB5150FFD8047131440760006B02
S2140411D010DBF2710421FF22E4720F4C0095009399
S2140411E000A000C1C01E0021141100A0308806987B
S2140411F0381A8111076102D906720298141988BB3D
S214041200557B076120D90671029804190088A1103D
S214041210076806982E1808211415FC2590BB5C7BDD
S2140412205D7B00C10060084014110731FE21307652
S21404123008D82A725113FC23341304DB2071076B7D
S214041240FF33315B00C10870084014110761804900
S2140412500C71FF313029547590BB7B7B10707B7BFF
S2140412607C7B00DD04717D7B01BB3815EC255413B3
S21404127000DF5471042505DF5471541521112088AC
S2140412800698B80C009251293E7500C100600840CB
S214041290141102DB0C710731315B31292A760C708C
S2140412A004DF0872006180D91E7206982E1800C0EA
S2140412B00870084006987C1A06982E181411FFD950
S2140412C0607202985A190090009300A05415A11158
S2140412D0076910D9A672082508D8A071082510D861
S2140412E09A71208821110698B80CFC255412112AEC
S2140412F0F82554110C2520D80871F0255411102512
S214041300202904762159181500920298C61818B98F
S2140413107179811010D80A7188B8447800B8417879
S21404132088B9747908B9677900F88110A0D808716B
S21404133088B9497900A0076002D8FA7106982E1871
S214041340108806984A130762076210DA08710821A3
S2140413501415F025541100C20020FEFF2029127532
S2140413600698881A01D90A7206988C0906983608CF
S21404137000941CBB41100C2006984A124111082107
S214041380141006984A123128441111120761FF31CD
S214041390FF320122105210720769181404244413F1
S2140413A0042438140C7007692141181408240814FE
S2140413B0029844134044147100C1C41E002114153D
S2140413C05113036B0FDB0C72066D06980607411566
S2140413D000A00698360806984A1308BB51140698C7
S2140413E0C0194415FC2554150298480788B900C34B
S2140413F0BC1E00213413076308DB1A718113A0DBBB
S2140414000671497910706979076302DB087208B9B6
S214041410677900F800A08111076102D9107188B9B4
S214041420757906982E181411FF3100A0FFB900A094
S214041430041008211411F421081100A08111076179
S214041440076110310E7106982E1808211411F82120
S214041450141100A005600100BD5F0100C95F010012
S2140414609D600100452603007529030079290300C1
S214041470852903007D29030081290300000000005C
S214041480480100009817002094140400000000008F
S214041490000000005015040000000000AC14040016
S2140414A0010000000000000000000000D01404004A
S2140414B04063598F404B4C000B000B001A00FF7F13
S2140414C0441200200000000000000000000000009D
S2140414D0F81F0101F4160400DC1F04010200620672
S2140414E009C805780704DC0678070607F41F010117
S2140414F001000000FC1F010100000000380002008B
S21404150000000000000000002C6002000050010FE4
S21404151040B80040786001005063820BE860010028
S214041520590B00001470011000F807001470013005
S214041530F500000018700100001800007070030029
S214041540030101000F9C030006E04900FFFFFFFFB4
S214041550F01F01013F003700040002000180140060
S2140415607F000000180002000000000000000000D9
S2140415702800040000000000000000000000000036
S2140415800000000040000100A00700004800010021
S21404159000000000540002000000000000000000EC
S2140415A0A000040000400000FF4C000000410000C2
S2140415B0FF4D000000200100040700001020010079
S2140415C00000000018200100088400000830010014
S2140415D013AC000130300200244910000100000062
S2140415E04030010000000000A04001007A27000FF0
S2140415F0B840010000C0A300F44001002010000021
S2140416003441020080080000E687000040410200E2
S2140416106D008800C0E6524D6041040000000000E2
S214041620000000000600000006000000146006002B
S2140416301000000020F913040B0072006070000014
S214041640008000000000000350600600FC006900F3
S2140416504108000001000000B0070700700A0000FF
S214041660000000007C600B009BC34A74F00300007B
S21404167003800000BE0A00000101103050707F7F16
S2140416800000000000000000000000000000000051
S21404169000000000E46001008000D78BEC600500C9
S2140416A0640483078813C83A9C200600006120005F
S2140416B0B756852004610300383E1200203000002F
S2140416C088BB000020610100001E00001C7005009D
S2140416D060000505030050AB820000000000800196
S2140416E0D5000000487002003C3D0000BC19000014
S2140416F0FFFFFFFF0D000000D754030000000000AA
S214041700481704004017040000000000001A9A005E
S214041710005A620280841E0004200000244900024D
S21404172000000000000000000000000000000000B0
S21404173000000000D1841E0000000000000000002D
S214041740ED17000000000000193F01060410010018
S2140417500001010600102700000900000000000038
S21404176000006C6F7765722D6D61632D7261696C14
S2140417702D3830322E31352E342E63006C69627269
S21404178061696C2E610000010304756E636C616907
S2140417906D6564006275666665722D6D616E61675F
S2140417A0656D656E742E63006C65676163792D7074
S2140417B061636B65742D6275666665722E6300657B
S2140417C076656E742D71756575652E630000070069
S2140417D0100008001A0006001100020011000400A0
S2140417E0040001000400090008000A000A000B00B7
S2140417F00200000000000000EE1904008519040031
S21404180000000000EF190400D3F8030000000000F5
S21404181061F8030063F803000000000065F80300A5
S2140418205D190400041A0400D4F8030062F80300E7
S2140418300000000066F803004C1804005EF803007D
S21404184060F8030064F803005FF803000002030472
S2140418500508090A0B0001020304051D2000000008
S21404186007050100AA000000697A0200919B0100A6
S214041870D1CA010061AB0200E1CD0100333603009A
S21404188035360300393603003B360300373603008B
S214041890B9430200A91A0200196202004D99010018
S2140418A089BA01002F360300151F02001D99020095
S2140418B029B00100313603006D150300DDA60200D1
S2140418C0C3F10200000000007A69676265652D7541
S2140418D0707065722D6D61632E63006E656967684E
S2140418E0626F722E63006173736F63696174696FEC
S2140418F06E2E6300001300000000000000000000CD
S2140419000000000001000000ED22020002000000BA
S2140419108147030003000000452202000400000083
S214041920FB46030005000000E5210200000000005D
S214041930000000000023001B2200FF00000000003F
S2140419400C090202000000001C1A0B0303FF060821
S2140419500402020204020A0B030302030480FF02C9
S21404196004FF01010101080000000000000000312E
S21404197038323173005A6967426565416C6C696137
S2140419806E63653039803131313100313432323171
S21404199000313231003273003132323131320031AB
S2140419A03232313100323831003831310031383298
S2140419B03131003132313131323132323231730029
S2140419C03132320031323131323231003232380083
S2140419D00000183810300000000000008F8E8C8045
S2140419E0726F7574652D7461626C652E63008181F7
S2140419F05A6967426565416C6C69616E6365303926
S214041A0006080C10806D61632D6D756C74692D6EFF
S214041A106574776F726B2E630000FFFFFFFFFFFF96
S214041A20FFFFFFFF2C2066756E6374696F6E3A20A5
S214041A3000617373657274696F6E202225732220A9
S214041A406661696C65643A2066696C652022257354
S214041A50222C206C696E65202564257325730A0084
S214041A600020202020202020202028282828282065
S214041A70202020202020202020202020202020205D
S214041A8020881010101010101010101010101010C5
S214041A9010040404040404040404041010101010B5
S214041AA0101041414141414101010101010101017F
S214041AB001010101010101010101010110101010D1
S214041AC01010424242424242020202020202020251
S214041AD002020202020202020202020210101010A5
S214041AE020000000000000000000000000000000CD
S214041AF000000000000000000000000000000000DD
S214041B0000000000000000000000000000000000CC
S214041B1000000000000000000000000000000000BC
S214041B2000000000000000000000000000000000AC
S214041B30000000000000000000000000000000009C
S214041B40000000000000000000000000000000008C
S214041B50000000000000000000000000000000007C
S214041B6000232D302B2000686C4C006566674546C4
S214041B7047003031323334353637383941424344FE
S214041B80454600303132333435363738396162638E
S208041B906465660019
S20C041B945CF0FB7F0100000079
S210041B9CA81B040098100020580100004C
S214041BA80000000000000000689403001C1A0020CF
S214041BB82C1D002002000000612600000000000022
S214041BC80000000028A7030040A7030064A603003B
S214041BD8F3B20300FE0000000004014000520400B3
S214041BE80206FFFF02080BFF0B000000C0EA2101F3
S214041BF8C0EA21010080000000F049027850002065
S214041C08FC10002000700F00009000000C2100203B
S214041C18C8000000FE0000000000000084A80300BE
S214041C28F8150020C0EA210154C003003300000060
S214041C3879B00000165F0300DED40300EBD403007B
S214041C48F8D4030005D5030012D5030025D50300F0
S214041C5837D5030044D5030051D503005ED50300E9
S214041C6873D5030086D5030098D50300ADD50300C5
S214041C78BCD50300CDD50300DCD50300ECD50300A2
S214041C88F8D5030005D6030015D6030027D60300A7
S214041C9836D6030045D603004ED6030063D60300A3
S214041CA878D603008DD60300ADD60300BBD6030052
S214041CB8DAD60300F5D6030008D7030015D70300C1
S214041CC82AD7030039D7030048D703005AD7030096
S214041CD86CD703007FD7030092D7030000000000E8
S214041CE80F0000000030E70400C818033BDD0300BB
S214041CF840DD03006BDD030099DD0300C7DD030048
S214041D08F4DD030024DE030054DE0300A4DE03002F
S214041D18005C2605AD230300A9230300FFFFFFFF8D
S214041D28D53A0100FFFFFFFFFFFFFFFFFFFFFFFF9E
S214041D38FFFFFFFF694F0100FFFFFFFF7725030042
S214041D48D12903007C140400FFFFFFFFFFFFFFFFF9
S214041D58000000006400000020A107000000000046
S214041D6831840100000000000D500020000000002F
S214041D78B43B0020AD810100D5AD0100F3B20300E9
S214041D880000000000000000000000000000000042
S214041D98B43B0020098F010000000000F3B20300E2
S214041DA80000000000000000000000000000000022
S214041DB899300300B43B0020B5990100D5AD010065
S214041DC8F3B203000000000000000000000000005A
S214041DD800000000B43B00209DA20100D5AD010020
S214041DE8F3B203000000000000000000000000003A
S214041DF8000000008A170400B43B002011C4010048
S214041E0800000000F3B20300000000000000000019
S214041E180000000000000000B43B002085C9010053
S214041E2800000000F3B203000000000000000000F9
S214041E380000000000000000B43B0020E5DD0100BF
S214041E4800000000F3B203000000000000000000D9
S214041E580000000000000000B80B0000B43B00209F
S214041E6859E3010000000000F3B20300000000007C
S214041E78000000000000000000000000B43B002042
S214041E88F9EE010000000000F3B2030000000000B1
S214041E98000000000000000000000000B43B002022
S214041EA8B1F0010000000000F3B2030000000000D7
S214041EB8000000000000000000000000B43B002002
S214041EC8D93C030000000000F3B203000000000041
S214041ED8000000000000000000000000B43B0020E2
S214041EE8CDF6010000000000F3B203000000000075
S214041EF8000000000000000000000000B43B0020C2
S214041F08F1FC010000000000F3B20300000000002A
S214041F18000000000000000000000000B43B0020A1
S214041F28A549030000000000F3B203000000000007
S214041F38000000000000000000000000B43B002081
S214041F48C961020000000000F3B2030000000000AC
S214041F58000000000000000000000000B43B002061
S214041F688D79020000000000F3B2030000000000B0
S214041F78000000000000000000000000B43B002041
S214041F883DA3020000000000F3B2030000000000B6
S214041F98000000000000000000000000B43B002021
S214041FA831AC020000000000F3B203000000000099
S214041FB8000000000000000000000000B814002024
S214041FC800000000083C0020703C0020D83C00209C
S214041FD800000000000000000000000000000000F0
S214041FE800000000000000000000000000000000E0
S214041FF800000000000000000000000000000000D0
S21404200800000000000000000000000000000000BF
S21404201803000000083C002000000000050602003B
S214042028FFFFFFFFCEFAEFBEFDFF2C01001E2C01BA
S21404203840061027FFFF0E000000000004F8FFFF0C
S214042048FDFF2C019C000000FFFFFDFFFFFFFFFFC4
S21404205860EA8000800010C1CDAB00004000050592
S214042068010504010101FFFFFFFFFFFFFFFFFFFF5C
S214042078FFFFFFFFFFFFFFFFFFFFFFFFFFFFFFFF5F
S214042088FFFFFFFFFFFF0101FFFF0201FF0F010231
S21404209808031E0605021601010A0C050A070510A0
S2140420A810010F08041001060101040301FF0EFEC7
S2140420B801FF7F0150403000FFFFFF0B03FF64FF62
S2140420C801FF050B0101FF03010305020201FFFFDF
S2140420D8FFFFFFFFFFFF010102FFFFFF40FF0100B4
S2140420E830BF4223013BFDD1024A5368DB00FCD4CF
S2140420F8704700BF00300E40CD0B0000A50B000053
S804002AB120
